{"type":"FeatureCollection","features":[{"type":"Feature","properties":{"name":"Oba Adeyinka Oyekan Primary Health Clinic","kind":"clinic","ownership":"Public","level":"Primary","kind_detail":"Primary Health Center","lga":"Lagos Island","ward":"Idumoyinbo"},"geometry":{"type":"Point","coordinates":[3.3924,6.46326]}},{"type":"Feature","properties":{"name":"Okunmopo Primary Health Center","kind":"clinic","ownership":"Public","level":"Primary","kind_detail":"Primary Health Clinic","lga":"Eti-Osa","ward":"Okunmopo - Ogombo"},"geometry":{"type":"Point","coordinates":[3.61937,6.42761]}},{"type":"Feature","properties":{"name":"Araromi Primary Health Clinic","kind":"clinic","ownership":"Public","level":"Primary","kind_detail":"Primary Health Center","lga":"Lagos Island","ward":"Araromi Odo"},"geometry":{"type":"Point","coordinates":[3.4066,6.44753]}},{"type":"Feature","properties":{"name":"Phase 3 Primary Health Clinic","kind":"clinic","ownership":"Public","level":"Primary","kind_detail":"Primary Health Center","lga":"Lagos Island","ward":"Epetedo West"},"geometry":{"type":"Point","coordinates":[3.39844,6.4566]}},{"type":"Feature","properties":{"name":"Olowogbowo Primary Health Center","kind":"clinic","ownership":"Public","level":"Primary","kind_detail":"Primary Health Center","lga":"Lagos Island","ward":"Oke Olowogbowo"},"geometry":{"type":"Point","coordinates":[3.38219,6.45926]}},{"type":"Feature","properties":{"name":"Iwaya Primary Health Center","kind":"clinic","ownership":"Public","level":"Primary","kind_detail":"Primary Health Center","lga":"Lagos Mainland","ward":"Salami / Bayewunmi"},"geometry":{"type":"Point","coordinates":[3.39144,6.50683]}},{"type":"Feature","properties":{"name":"Sangotedo Primary Health Center","kind":"clinic","ownership":"Public","level":"Primary","kind_detail":"Primary Health Clinic","lga":"Eti-Osa","ward":"Sangotedo"},"geometry":{"type":"Point","coordinates":[3.63254,6.47245]}},{"type":"Feature","properties":{"name":"Alhaji Kola Osho Primary Health Center","kind":"clinic","ownership":"Public","level":"Primary","kind_detail":"Primary Health Center","lga":"Lagos Mainland","ward":"Abule-Oja"},"geometry":{"type":"Point","coordinates":[3.38165,6.52087]}},{"type":"Feature","properties":{"name":"Itire Ijesha Primary Health Center","kind":"clinic","ownership":"Public","level":"Primary","kind_detail":"Primary Health Clinic","lga":"Mushin","ward":"Odo Eran  /  Ogunlana"},"geometry":{"type":"Point","coordinates":[3.33723,6.50992]}},{"type":"Feature","properties":{"name":"Ogombo Primary Health Center","kind":"clinic","ownership":"Public","level":"Primary","kind_detail":"Health Post","lga":"Eti-Osa","ward":"Okunmopo - Ogombo"},"geometry":{"type":"Point","coordinates":[3.61207,6.44926]}},{"type":"Feature","properties":{"name":"Ikate Primary Health Center","kind":"clinic","ownership":"Public","level":"Primary","kind_detail":"Primary Health Center","lga":"Eti-Osa","ward":"Ikate Lekki"},"geometry":{"type":"Point","coordinates":[3.48614,6.43448]}},{"type":"Feature","properties":{"name":"Sari Primary Health Center","kind":"clinic","ownership":"Public","level":"Primary","kind_detail":"Primary Health Center","lga":"Apapa","ward":"Alafia (Apapa)"},"geometry":{"type":"Point","coordinates":[3.34167,6.47556]}},{"type":"Feature","properties":{"name":"Ikota Primary Health Center","kind":"clinic","ownership":"Public","level":"Primary","kind_detail":"Primary Health Clinic","lga":"Eti-Osa","ward":"Maroko Okun Alfa"},"geometry":{"type":"Point","coordinates":[3.55585,6.45446]}},{"type":"Feature","properties":{"name":"Igbo Efon Primary Health Clinic","kind":"clinic","ownership":"Public","level":"Primary","kind_detail":"Primary Health Clinic","lga":"Eti-Osa","ward":"Igbo Efon"},"geometry":{"type":"Point","coordinates":[3.52254,6.43685]}},{"type":"Feature","properties":{"name":"Oba Salami Primary Health Center","kind":"clinic","ownership":"Public","level":"Primary","kind_detail":"Primary Health Center","lga":"Lagos Mainland","ward":"Harvey"},"geometry":{"type":"Point","coordinates":[3.36855,6.52239]}},{"type":"Feature","properties":{"name":"Akerele Primary Health Center","kind":"clinic","ownership":"Public","level":"Primary","kind_detail":"Primary Health Center","lga":"Surulere","ward":"Babatunde Ayilara"},"geometry":{"type":"Point","coordinates":[3.35475,6.50561]}},{"type":"Feature","properties":{"name":"Isolo Road Primary Health Center","kind":"clinic","ownership":"Public","level":"Primary","kind_detail":"Primary Health Center","lga":"Mushin","ward":"Alafia Adeoyo"},"geometry":{"type":"Point","coordinates":[3.34885,6.5272]}},{"type":"Feature","properties":{"name":"Coker Aguda Primary Health Center","kind":"clinic","ownership":"Public","level":"Primary","kind_detail":"Primary Health Center","lga":"Surulere","ward":"Jinadu Aiyetoro"},"geometry":{"type":"Point","coordinates":[3.33821,6.48845]}},{"type":"Feature","properties":{"name":"Palm Avenue Primary Health Center","kind":"clinic","ownership":"Public","level":"Primary","kind_detail":"Primary Health Center","lga":"Mushin","ward":"Papa Ajao"},"geometry":{"type":"Point","coordinates":[3.34984,6.53654]}},{"type":"Feature","properties":{"name":"Alli Daodu Primary Health Center","kind":"clinic","ownership":"Public","level":"Primary","kind_detail":"Primary Health Center","lga":"Lagos Mainland","ward":"Abule-Ijesha"},"geometry":{"type":"Point","coordinates":[3.37661,6.52416]}},{"type":"Feature","properties":{"name":"Ayantuga Primary Health Center","kind":"clinic","ownership":"Public","level":"Secondary","kind_detail":"Primary Health Center","lga":"Mushin","ward":"Ojuwoye"},"geometry":{"type":"Point","coordinates":[3.35515,6.53317]}},{"type":"Feature","properties":{"name":"Badore Primary Health Center","kind":"clinic","ownership":"Public","level":"Primary","kind_detail":"Primary Health Center","lga":"Eti-Osa","ward":"Badore"},"geometry":{"type":"Point","coordinates":[3.61146,6.50916]}},{"type":"Feature","properties":{"name":"Ijora Primary Health Center","kind":"clinic","ownership":"Public","level":"Primary","kind_detail":"Primary Health Center","lga":"Apapa","ward":"Ijora"},"geometry":{"type":"Point","coordinates":[3.36788,6.46784]}},{"type":"Feature","properties":{"name":"Nanti Health Post","kind":"clinic","ownership":"Public","level":"Primary","kind_detail":"Health Post","lga":"Apapa","ward":"Abraham Adesanya"},"geometry":{"type":"Point","coordinates":[3.34643,6.4267]}},{"type":"Feature","properties":{"name":"Ashogbon Primary Health Center","kind":"clinic","ownership":"Public","level":"Primary","kind_detail":"Primary Health Center","lga":"Shomolu","ward":"Ilaje 7"},"geometry":{"type":"Point","coordinates":[3.39603,6.535]}},{"type":"Feature","properties":{"name":"Olojowon Primary Health Center","kind":"clinic","ownership":"Public","level":"Primary","kind_detail":"Primary Health Center","lga":"Apapa","ward":"Gaskiya"},"geometry":{"type":"Point","coordinates":[3.35219,6.47023]}},{"type":"Feature","properties":{"name":"Aiyetoro Primary Health Center","kind":"clinic","ownership":"Public","level":"Primary","kind_detail":"Primary Health Center","lga":"Lagos Mainland","ward":"Adekunle"},"geometry":{"type":"Point","coordinates":[3.38708,6.49273]}},{"type":"Feature","properties":{"name":"Akoka Primary Health Center","kind":"clinic","ownership":"Public","level":"Primary","kind_detail":"Primary Health Center","lga":"Shomolu","ward":"Igbari"},"geometry":{"type":"Point","coordinates":[3.38484,6.52727]}},{"type":"Feature","properties":{"name":"Best Care Hospital","kind":"clinic","ownership":"Private","level":"Secondary","kind_detail":"Primary Health Center","lga":"Eti-Osa","ward":"Obalende"},"geometry":{"type":"Point","coordinates":[3.41491,6.4477]}},{"type":"Feature","properties":{"name":"Mike Bethel Clinic","kind":"clinic","ownership":"Private","level":"Primary","kind_detail":"Primary Health Clinic","lga":"Shomolu","ward":"Ilaje 7"},"geometry":{"type":"Point","coordinates":[3.39225,6.5361]}},{"type":"Feature","properties":{"name":"Caremax Hospital","kind":"clinic","ownership":"Private","level":"Secondary","kind_detail":"Primary Health Center","lga":"Eti-Osa","ward":"Sangotedo"},"geometry":{"type":"Point","coordinates":[3.63085,6.47326]}},{"type":"Feature","properties":{"name":"Day Spring Hospital","kind":"clinic","ownership":"Private","level":"Secondary","kind_detail":"General Hospital","lga":"Eti-Osa","ward":"Maroko Okun Alfa"},"geometry":{"type":"Point","coordinates":[3.59796,6.50088]}},{"type":"Feature","properties":{"name":"Odus Maternity Home","kind":"clinic","ownership":"Private","level":"Primary","kind_detail":"Primary Health Clinic","lga":"Mushin","ward":"Igbehinadun"},"geometry":{"type":"Point","coordinates":[3.34514,6.52087]}},{"type":"Feature","properties":{"name":"Primrose Hospital Specialist","kind":"clinic","ownership":"Private","level":"Secondary","kind_detail":"General Hospital","lga":"Shomolu","ward":"Pedro / Gbagada"},"geometry":{"type":"Point","coordinates":[3.38544,6.54725]}},{"type":"Feature","properties":{"name":"Naval Hospital","kind":"clinic","ownership":"Public","level":"Secondary","kind_detail":"Unknown","lga":"Eti-Osa","ward":"V/Island 2"},"geometry":{"type":"Point","coordinates":[3.40939,6.42361]}},{"type":"Feature","properties":{"name":"Ebenezer Specialist Clinic","kind":"clinic","ownership":"Private","level":"Primary","kind_detail":"Primary Health Clinic","lga":"Mushin","ward":"Alafia Adeoyo"},"geometry":{"type":"Point","coordinates":[3.35475,6.53904]}},{"type":"Feature","properties":{"name":"Police Falomo Hospital","kind":"clinic","ownership":"Private","level":"Secondary","kind_detail":"Unknown","lga":"Eti-Osa","ward":"Falomo Oyinkan"},"geometry":{"type":"Point","coordinates":[3.42884,6.4439]}},{"type":"Feature","properties":{"name":"Parklande Hospital Specialist","kind":"clinic","ownership":"Private","level":"Secondary","kind_detail":"General Hospital","lga":"Surulere","ward":"Adeniran Ogunsanya"},"geometry":{"type":"Point","coordinates":[3.3611,6.49635]}},{"type":"Feature","properties":{"name":"Optimal Hospital Specialist","kind":"clinic","ownership":"Private","level":"Secondary","kind_detail":"General Hospital","lga":"Surulere","ward":"Gbaja"},"geometry":{"type":"Point","coordinates":[3.3599,6.5039]}},{"type":"Feature","properties":{"name":"Havana Hospital Specialist","kind":"clinic","ownership":"Private","level":"Secondary","kind_detail":"General Hospital","lga":"Surulere","ward":"Gbaja"},"geometry":{"type":"Point","coordinates":[3.3592,6.50278]}},{"type":"Feature","properties":{"name":"Princess Sekinah Hospital Specialist","kind":"clinic","ownership":"Private","level":"Secondary","kind_detail":"General Hospital","lga":"Eti-Osa","ward":"V/Island 2"},"geometry":{"type":"Point","coordinates":[3.54267,6.44036]}},{"type":"Feature","properties":{"name":"The American Hospital","kind":"clinic","ownership":"Public","level":"Primary","kind_detail":"General Hospital","lga":"Surulere","ward":"Adeniran Ogunsanya"},"geometry":{"type":"Point","coordinates":[3.35312,6.50575]}},{"type":"Feature","properties":{"name":"Jalupon Specialist Clinic","kind":"clinic","ownership":"Public","level":"Primary","kind_detail":"General Hospital","lga":"Surulere","ward":"Adeniran Ogunsanya"},"geometry":{"type":"Point","coordinates":[3.35501,6.49017]}},{"type":"Feature","properties":{"name":"Baefem Hospital Specialist","kind":"clinic","ownership":"Private","level":"Secondary","kind_detail":"General Hospital","lga":"Eti-Osa","ward":"Ajiran Osapa"},"geometry":{"type":"Point","coordinates":[3.55416,6.45992]}},{"type":"Feature","properties":{"name":"De Bajo Hospital","kind":"clinic","ownership":"Private","level":"Secondary","kind_detail":"Primary Health Center","lga":"Shomolu","ward":"Okesuna"},"geometry":{"type":"Point","coordinates":[3.37688,6.52938]}},{"type":"Feature","properties":{"name":"Ansar Ud Deen Society Of Nigeria","kind":"clinic","ownership":"Private","level":"Primary","kind_detail":"Unknown","lga":"Surulere","ward":"Babatunde Ayilara"},"geometry":{"type":"Point","coordinates":[3.35129,6.50525]}},{"type":"Feature","properties":{"name":"International Medical Clinic","kind":"clinic","ownership":"Public","level":"Primary","kind_detail":"Primary Health Center","lga":"Eti-Osa","ward":"V/Island 2"},"geometry":{"type":"Point","coordinates":[3.55408,6.46228]}},{"type":"Feature","properties":{"name":"Harvey Road General Hospital","kind":"clinic","ownership":"Public","level":"Secondary","kind_detail":"Primary Health Center","lga":"Lagos Mainland","ward":"Harvey"},"geometry":{"type":"Point","coordinates":[3.37476,6.51033]}},{"type":"Feature","properties":{"name":"Apapa General Hospital","kind":"clinic","ownership":"Public","level":"Secondary","kind_detail":"General Hospital","lga":"Apapa","ward":"Anjorin"},"geometry":{"type":"Point","coordinates":[3.36843,6.44233]}},{"type":"Feature","properties":{"name":"Onikan Health Center","kind":"clinic","ownership":"Public","level":"Secondary","kind_detail":"Primary Health Center","lga":"Lagos Island","ward":"Araromi Odo"},"geometry":{"type":"Point","coordinates":[3.40514,6.4449]}},{"type":"Feature","properties":{"name":"Southern Shore Sangotedo Hospital","kind":"clinic","ownership":"Private","level":"Primary","kind_detail":"Primary Health Clinic","lga":"Eti-Osa","ward":"Sangotedo"},"geometry":{"type":"Point","coordinates":[3.62875,6.47265]}},{"type":"Feature","properties":{"name":"Nestle Staff Clinic","kind":"clinic","ownership":"Private","level":"Primary","kind_detail":"Primary Health Clinic","lga":"Mushin","ward":"Ilupeju Industrial"},"geometry":{"type":"Point","coordinates":[3.35441,6.55065]}},{"type":"Feature","properties":{"name":"Hilstar Hospital","kind":"clinic","ownership":"Private","level":"Primary","kind_detail":"Primary Health Clinic","lga":"Mushin","ward":"Papa Ajao"},"geometry":{"type":"Point","coordinates":[3.34487,6.53435]}},{"type":"Feature","properties":{"name":"Tolajide Nursing Home","kind":"clinic","ownership":"Private","level":"Primary","kind_detail":"Primary Health Clinic","lga":"Mushin","ward":"Babalosa 1"},"geometry":{"type":"Point","coordinates":[3.35667,6.52897]}},{"type":"Feature","properties":{"name":"May Ilupeju Clinic","kind":"clinic","ownership":"Private","level":"Primary","kind_detail":"Primary Health Clinic","lga":"Mushin","ward":"Ilupeju"},"geometry":{"type":"Point","coordinates":[3.35939,6.54834]}},{"type":"Feature","properties":{"name":"The Pediatric Centre","kind":"clinic","ownership":"Private","level":"Primary","kind_detail":"Primary Health Clinic","lga":"Eti-Osa","ward":"Ajiran Osapa"},"geometry":{"type":"Point","coordinates":[3.51667,6.44521]}},{"type":"Feature","properties":{"name":"Awesome Grace Hospital","kind":"clinic","ownership":"Private","level":"Secondary","kind_detail":"Primary Health Center","lga":"Mushin","ward":"Igbehinadun"},"geometry":{"type":"Point","coordinates":[3.3448,6.52092]}},{"type":"Feature","properties":{"name":"Olukayode Convalescent Home","kind":"clinic","ownership":"Private","level":"Primary","kind_detail":"Primary Health Center","lga":"Apapa","ward":"Sari"},"geometry":{"type":"Point","coordinates":[3.35044,6.47329]}},{"type":"Feature","properties":{"name":"Sanctuary Hospital","kind":"clinic","ownership":"Private","level":"Secondary","kind_detail":"Primary Health Center","lga":"Shomolu","ward":"Okesuna"},"geometry":{"type":"Point","coordinates":[3.38025,6.5304]}},{"type":"Feature","properties":{"name":"Dans Medicare Clinic","kind":"clinic","ownership":"Private","level":"Primary","kind_detail":"Primary Health Clinic","lga":"Mushin","ward":"Onitire"},"geometry":{"type":"Point","coordinates":[3.33471,6.5125]}},{"type":"Feature","properties":{"name":"Bimtom Hospital","kind":"clinic","ownership":"Private","level":"Secondary","kind_detail":"Primary Health Center","lga":"Surulere","ward":"Odoolowu"},"geometry":{"type":"Point","coordinates":[3.32733,6.49957]}},{"type":"Feature","properties":{"name":"Adetutu Ltd Clinic","kind":"clinic","ownership":"Private","level":"Primary","kind_detail":"Primary Health Clinic","lga":"Mushin","ward":"Odo Eran  /  Ogunlana"},"geometry":{"type":"Point","coordinates":[3.329,6.50329]}},{"type":"Feature","properties":{"name":"Tunrayo Hospital","kind":"clinic","ownership":"Private","level":"Secondary","kind_detail":"Primary Health Center","lga":"Lagos Mainland","ward":"Oyingbo"},"geometry":{"type":"Point","coordinates":[3.38608,6.48588]}},{"type":"Feature","properties":{"name":"Angel Hospital","kind":"clinic","ownership":"Private","level":"Secondary","kind_detail":"Primary Health Center","lga":"Surulere","ward":"Coker (Surulere)"},"geometry":{"type":"Point","coordinates":[3.33797,6.4748]}},{"type":"Feature","properties":{"name":"His Glory Hospital","kind":"clinic","ownership":"Private","level":"Secondary","kind_detail":"Primary Health Center","lga":"Surulere","ward":"Coker (Surulere)"},"geometry":{"type":"Point","coordinates":[3.33233,6.47645]}},{"type":"Feature","properties":{"name":"El Shaddai Clinic","kind":"clinic","ownership":"Private","level":"Secondary","kind_detail":"Primary Health Center","lga":"Surulere","ward":"Coker (Surulere)"},"geometry":{"type":"Point","coordinates":[3.32775,6.47545]}},{"type":"Feature","properties":{"name":"Unique Eye Centre","kind":"clinic","ownership":"Private","level":"Primary","kind_detail":"Primary Health Center","lga":"Shomolu","ward":"Ijebutedo"},"geometry":{"type":"Point","coordinates":[3.3685,6.5379]}},{"type":"Feature","properties":{"name":"Bee Hive Convalescent Home","kind":"clinic","ownership":"Private","level":"Primary","kind_detail":"Primary Health Center","lga":"Surulere","ward":"Irone"},"geometry":{"type":"Point","coordinates":[3.33735,6.49114]}},{"type":"Feature","properties":{"name":"May Central Health Care Centre","kind":"clinic","ownership":"Private","level":"Primary","kind_detail":"Primary Health Clinic","lga":"Shomolu","ward":"Igbari"},"geometry":{"type":"Point","coordinates":[3.38631,6.5263]}},{"type":"Feature","properties":{"name":"Gcem Hospital","kind":"clinic","ownership":"Private","level":"Primary","kind_detail":"Primary Health Center","lga":"Lagos Mainland","ward":"Alagomeji"},"geometry":{"type":"Point","coordinates":[3.38179,6.50184]}},{"type":"Feature","properties":{"name":"Paelon Memorial Clinic","kind":"clinic","ownership":"Private","level":"Primary","kind_detail":"Primary Health Center","lga":"Eti-Osa","ward":"V/Island 2"},"geometry":{"type":"Point","coordinates":[3.55977,6.42498]}},{"type":"Feature","properties":{"name":"Kuba Hospital","kind":"clinic","ownership":"Private","level":"Primary","kind_detail":"Primary Health Clinic","lga":"Lagos Mainland","ward":"Okobaba"},"geometry":{"type":"Point","coordinates":[3.38689,6.48341]}},{"type":"Feature","properties":{"name":"Good Tidings Hospital","kind":"clinic","ownership":"Private","level":"Secondary","kind_detail":"Primary Health Center","lga":"Surulere","ward":"Akinhunmi Cole"},"geometry":{"type":"Point","coordinates":[3.36145,6.51647]}},{"type":"Feature","properties":{"name":"Ak Oyekan Hospital","kind":"clinic","ownership":"Private","level":"Primary","kind_detail":"Primary Health Clinic","lga":"Mushin","ward":"Moshalashi / Agoro"},"geometry":{"type":"Point","coordinates":[3.36448,6.52002]}},{"type":"Feature","properties":{"name":"St'Kizito Hospital","kind":"clinic","ownership":"Private","level":"Primary","kind_detail":"Primary Health Clinic","lga":"Mushin","ward":"Idi Araba"},"geometry":{"type":"Point","coordinates":[3.35168,6.52073]}},{"type":"Feature","properties":{"name":"Primus Limited Hospital","kind":"clinic","ownership":"Private","level":"Secondary","kind_detail":"Primary Health Center","lga":"Surulere","ward":"Odoolowu"},"geometry":{"type":"Point","coordinates":[3.32566,6.49457]}},{"type":"Feature","properties":{"name":"De Balm Hospital","kind":"clinic","ownership":"Private","level":"Secondary","kind_detail":"Primary Health Center","lga":"Shomolu","ward":"Pedro / Gbagada"},"geometry":{"type":"Point","coordinates":[3.36817,6.5519]}},{"type":"Feature","properties":{"name":"Tay Clinic","kind":"clinic","ownership":"Private","level":"Primary","kind_detail":"Primary Health Clinic","lga":"Shomolu","ward":"Pedro / Gbagada"},"geometry":{"type":"Point","coordinates":[3.37541,6.54459]}},{"type":"Feature","properties":{"name":"Dfo Clinic","kind":"clinic","ownership":"Private","level":"Secondary","kind_detail":"Primary Health Center","lga":"Shomolu","ward":"Igbari"},"geometry":{"type":"Point","coordinates":[3.38433,6.52463]}},{"type":"Feature","properties":{"name":"Alexander Hospital","kind":"clinic","ownership":"Private","level":"Primary","kind_detail":"Primary Health Center","lga":"Surulere","ward":"Jinadu Aiyetoro"},"geometry":{"type":"Point","coordinates":[3.34346,6.49902]}},{"type":"Feature","properties":{"name":"Life Link Clinic","kind":"clinic","ownership":"Private","level":"Secondary","kind_detail":"Primary Health Center","lga":"Surulere","ward":"Iponri / Eric Moore"},"geometry":{"type":"Point","coordinates":[3.35,6.4886]}},{"type":"Feature","properties":{"name":"Ifeoluwa Hospital","kind":"clinic","ownership":"Private","level":"Secondary","kind_detail":"Primary Health Center","lga":"Eti-Osa","ward":"Orile - Ilasan"},"geometry":{"type":"Point","coordinates":[3.50457,6.43498]}},{"type":"Feature","properties":{"name":"Healthy Living Specialist Hospital","kind":"clinic","ownership":"Private","level":"Secondary","kind_detail":"General Hospital","lga":"Surulere","ward":"Irone"},"geometry":{"type":"Point","coordinates":[3.33619,6.48831]}},{"type":"Feature","properties":{"name":"Mary Anne Medical Clinic","kind":"clinic","ownership":"Private","level":"Primary","kind_detail":"Primary Health Clinic","lga":"Mushin","ward":"Igbehinadun"},"geometry":{"type":"Point","coordinates":[3.33929,6.52112]}},{"type":"Feature","properties":{"name":"Salvation Hospital Clinic","kind":"clinic","ownership":"Private","level":"Primary","kind_detail":"Primary Health Clinic","lga":"Mushin","ward":"Alafia Adeoyo"},"geometry":{"type":"Point","coordinates":[3.33948,6.52448]}},{"type":"Feature","properties":{"name":"Doren Hospital Specialist","kind":"clinic","ownership":"Private","level":"Secondary","kind_detail":"General Hospital","lga":"Eti-Osa","ward":"Ajah"},"geometry":{"type":"Point","coordinates":[3.57452,6.46991]}},{"type":"Feature","properties":{"name":"Chironna Medical Center","kind":"clinic","ownership":"Private","level":"Secondary","kind_detail":"Primary Health Clinic","lga":"Surulere","ward":"Adeniran Ogunsanya"},"geometry":{"type":"Point","coordinates":[3.35968,6.49768]}},{"type":"Feature","properties":{"name":"Anikantamo Health Post","kind":"clinic","ownership":"Public","level":"Primary","kind_detail":"Health Post","lga":"Lagos Island","ward":"Anikantanmo"},"geometry":{"type":"Point","coordinates":[3.39429,6.45789]}},{"type":"Feature","properties":{"name":"Otumara Primary Health Care Center","kind":"clinic","ownership":"Public","level":"Primary","kind_detail":"Primary Health Center","lga":"Lagos Mainland","ward":"Botanical Gardens"},"geometry":{"type":"Point","coordinates":[3.37458,6.47768]}},{"type":"Feature","properties":{"name":"Ohekenu Primary Health Center","kind":"clinic","ownership":"Public","level":"Primary","kind_detail":"Primary Health Center","lga":"Shomolu","ward":"Igbobi /  Fadeyi"},"geometry":{"type":"Point","coordinates":[3.36836,6.52657]}},{"type":"Feature","properties":{"name":"Akinwunmi Ambode Primary Health Center","kind":"clinic","ownership":"Public","level":"Primary","kind_detail":"Primary Health Center","lga":"Shomolu","ward":"Orile Shomolu"},"geometry":{"type":"Point","coordinates":[3.37656,6.53507]}},{"type":"Feature","properties":{"name":"Oloja Primary Health Center","kind":"clinic","ownership":"Public","level":"Primary","kind_detail":"Primary Health Center","lga":"Shomolu","ward":"Owode Orile"},"geometry":{"type":"Point","coordinates":[3.38519,6.53565]}},{"type":"Feature","properties":{"name":"Airways Primary Health Center","kind":"clinic","ownership":"Public","level":"Primary","kind_detail":"Primary Health Center","lga":"Surulere","ward":"Airways"},"geometry":{"type":"Point","coordinates":[3.33036,6.48875]}},{"type":"Feature","properties":{"name":"Life Line Hospital","kind":"clinic","ownership":"Private","level":"Secondary","kind_detail":"Primary Health Center","lga":"Surulere","ward":"Shitta/Bankolemoh"},"geometry":{"type":"Point","coordinates":[3.35155,6.50356]}},{"type":"Feature","properties":{"name":"Tajudeen Oluyole Olusi Health Post","kind":"clinic","ownership":"Public","level":"Primary","kind_detail":"Health Post","lga":"Lagos Island","ward":"Oke Olowogbowo"},"geometry":{"type":"Point","coordinates":[3.3849,6.46261]}},{"type":"Feature","properties":{"name":"Good Faith Clinic","kind":"clinic","ownership":"Private","level":"Primary","kind_detail":"Primary Health Clinic","lga":"Lagos Island","ward":"Oko Awo Agarawu"},"geometry":{"type":"Point","coordinates":[3.39066,6.45844]}},{"type":"Feature","properties":{"name":"Olive Multi Hospital Specialist","kind":"clinic","ownership":"Private","level":"Secondary","kind_detail":"General Hospital","lga":"Eti-Osa","ward":"Ikate Lekki"},"geometry":{"type":"Point","coordinates":[3.4698,6.43967]}},{"type":"Feature","properties":{"name":"St Sixtus Clinic","kind":"clinic","ownership":"Private","level":"Primary","kind_detail":"Primary Health Clinic","lga":"Shomolu","ward":"Akoka /  Anuoluwapo"},"geometry":{"type":"Point","coordinates":[3.38851,6.5321]}},{"type":"Feature","properties":{"name":"First Faith (Surulere) Medical Center","kind":"clinic","ownership":"Private","level":"Secondary","kind_detail":"Primary Health Clinic","lga":"Surulere","ward":"Osho"},"geometry":{"type":"Point","coordinates":[3.33367,6.47976]}},{"type":"Feature","properties":{"name":"Runsewe Hospital Specialist","kind":"clinic","ownership":"Private","level":"Secondary","kind_detail":"Primary Health Center","lga":"Lagos Island","ward":"Odan"},"geometry":{"type":"Point","coordinates":[3.39954,6.45055]}},{"type":"Feature","properties":{"name":"Eko (Annex) Hospital","kind":"clinic","ownership":"Public","level":"Primary","kind_detail":"Primary Health Center","lga":"Eti-Osa","ward":"Ikoyi 2"},"geometry":{"type":"Point","coordinates":[3.41475,6.44512]}},{"type":"Feature","properties":{"name":"Ambassador Ventures Medical Clinic","kind":"clinic","ownership":"Private","level":"Secondary","kind_detail":"Primary Health Center","lga":"Eti-Osa","ward":"Obalende"},"geometry":{"type":"Point","coordinates":[3.41264,6.44813]}},{"type":"Feature","properties":{"name":"Oluwani Sikmo Clinic","kind":"clinic","ownership":"Private","level":"Primary","kind_detail":"Primary Health Center","lga":"Surulere","ward":"Mosafejo / Ojuelegba"},"geometry":{"type":"Point","coordinates":[3.3671,6.50946]}},{"type":"Feature","properties":{"name":"Holy Cross Cathedral Clinic","kind":"clinic","ownership":"Private","level":"Primary","kind_detail":"Primary Health Clinic","lga":"Lagos Island","ward":"Odan"},"geometry":{"type":"Point","coordinates":[3.39672,6.44977]}},{"type":"Feature","properties":{"name":"Ladkem Eye Clinic","kind":"clinic","ownership":"Public","level":"Primary","kind_detail":"Primary Health Center","lga":"Surulere","ward":"Nuru Oniwo"},"geometry":{"type":"Point","coordinates":[3.34687,6.497]}},{"type":"Feature","properties":{"name":"Ajike Sandal Memorial Medical Center","kind":"clinic","ownership":"Private","level":"Primary","kind_detail":"Primary Health Clinic","lga":"Lagos Island","ward":"Anikantanmo"},"geometry":{"type":"Point","coordinates":[3.39491,6.45771]}},{"type":"Feature","properties":{"name":"Hero Medical Center","kind":"clinic","ownership":"Private","level":"Secondary","kind_detail":"Primary Health Clinic","lga":"Surulere","ward":"Osho"},"geometry":{"type":"Point","coordinates":[3.33721,6.48079]}},{"type":"Feature","properties":{"name":"May Ilasa Clinic","kind":"clinic","ownership":"Private","level":"Primary","kind_detail":"Primary Health Clinic","lga":"Mushin","ward":"Alafia Adeoyo"},"geometry":{"type":"Point","coordinates":[3.33743,6.52284]}},{"type":"Feature","properties":{"name":"Dero Medical Clinic","kind":"clinic","ownership":"Private","level":"Primary","kind_detail":"Primary Health Clinic","lga":"Lagos Island","ward":"Ilupesi Ebute Awo"},"geometry":{"type":"Point","coordinates":[3.39235,6.46234]}},{"type":"Feature","properties":{"name":"Fuja Medical Center","kind":"clinic","ownership":"Private","level":"Secondary","kind_detail":"Primary Health Clinic","lga":"Lagos Island","ward":"Oke Olowogbowo"},"geometry":{"type":"Point","coordinates":[3.38195,6.4585]}},{"type":"Feature","properties":{"name":"Iga Idunganran Primary Health Center","kind":"clinic","ownership":"Public","level":"Primary","kind_detail":"Primary Health Center","lga":"Lagos Island","ward":"Idugunran/Idumagbo"},"geometry":{"type":"Point","coordinates":[3.38963,6.46558]}},{"type":"Feature","properties":{"name":"Oniru Primary Health Center","kind":"clinic","ownership":"Public","level":"Primary","kind_detail":"Primary Health Center","lga":"Eti-Osa","ward":"Apese"},"geometry":{"type":"Point","coordinates":[3.45266,6.42467]}},{"type":"Feature","properties":{"name":"Surulere General Hospital","kind":"clinic","ownership":"Public","level":"Secondary","kind_detail":"General Hospital","lga":"Surulere","ward":"Gbaja"},"geometry":{"type":"Point","coordinates":[3.35894,6.50938]}},{"type":"Feature","properties":{"name":"Regina Mundi Clinic","kind":"clinic","ownership":"Private","level":"Secondary","kind_detail":"Primary Health Center","lga":"Mushin","ward":"Babalosa 1"},"geometry":{"type":"Point","coordinates":[3.35561,6.52735]}},{"type":"Feature","properties":{"name":"Redemption Medical Clinic","kind":"clinic","ownership":"Private","level":"Primary","kind_detail":"Primary Health Clinic","lga":"Mushin","ward":"Alakara"},"geometry":{"type":"Point","coordinates":[3.35857,6.52879]}},{"type":"Feature","properties":{"name":"Salus Infirmorum Catholic Hospital","kind":"clinic","ownership":"Private","level":"Secondary","kind_detail":"Primary Health Center","lga":"Surulere","ward":"Babatunde Ayilara"},"geometry":{"type":"Point","coordinates":[3.35174,6.5059]}},{"type":"Feature","properties":{"name":"Iyalode Bisoye Tejuoso Hospital","kind":"clinic","ownership":"Private","level":"Primary","kind_detail":"Primary Health Clinic","lga":"Mushin","ward":"Ilupeju"},"geometry":{"type":"Point","coordinates":[3.35959,6.54543]}},{"type":"Feature","properties":{"name":"National Orthopaedic (Lagos) Hospital","kind":"clinic","ownership":"Public","level":"Tertiary","kind_detail":"Specialized Hospital","lga":"Shomolu","ward":"Igbobi /  Fadeyi"},"geometry":{"type":"Point","coordinates":[3.37295,6.53054]}},{"type":"Feature","properties":{"name":"Federal Medical Center","kind":"clinic","ownership":"Public","level":"Tertiary","kind_detail":"Teaching/Tertiary\u00a0Hospita","lga":"Lagos Mainland","ward":"Ojo Oniyun"},"geometry":{"type":"Point","coordinates":[3.38033,6.48425]}},{"type":"Feature","properties":{"name":"Orile Primary Health Center","kind":"clinic","ownership":"Public","level":"Primary","kind_detail":"Primary Health Clinic","lga":"Surulere","ward":"Osho"},"geometry":{"type":"Point","coordinates":[3.33687,6.48025]}},{"type":"Feature","properties":{"name":"Ebute Metta General Hospital","kind":"clinic","ownership":"Public","level":"Secondary","kind_detail":"Primary Health Center","lga":"Lagos Mainland","ward":"Okobaba"},"geometry":{"type":"Point","coordinates":[3.38459,6.48821]}},{"type":"Feature","properties":{"name":"Iponri Primary Health Center","kind":"clinic","ownership":"Public","level":"Primary","kind_detail":"Primary Health Center","lga":"Surulere","ward":"Iponri / Eric Moore"},"geometry":{"type":"Point","coordinates":[3.36242,6.48648]}},{"type":"Feature","properties":{"name":"Lagos Island Hospital Maternity","kind":"clinic","ownership":"Public","level":"Secondary","kind_detail":"Primary Health Clinic","lga":"Lagos Island","ward":"Odan"},"geometry":{"type":"Point","coordinates":[3.39761,6.44882]}},{"type":"Feature","properties":{"name":"Unilag Medical Center","kind":"clinic","ownership":"Public","level":"Secondary","kind_detail":"Unknown","lga":"Lagos Mainland","ward":"Abule-Oja"},"geometry":{"type":"Point","coordinates":[3.39653,6.51437]}},{"type":"Feature","properties":{"name":"Continental Hospital","kind":"clinic","ownership":"Private","level":"Secondary","kind_detail":"Primary Health Clinic","lga":"Mushin","ward":"Alakara"},"geometry":{"type":"Point","coordinates":[3.35869,6.52811]}},{"type":"Feature","properties":{"name":"D 3 Convalescent Hospital","kind":"clinic","ownership":"Private","level":"Secondary","kind_detail":"Primary Health Center","lga":"Mushin","ward":"Papa Ajao"},"geometry":{"type":"Point","coordinates":[3.34474,6.53407]}},{"type":"Feature","properties":{"name":"Safe Way Hospital","kind":"clinic","ownership":"Private","level":"Secondary","kind_detail":"Primary Health Center","lga":"Eti-Osa","ward":"Sangotedo"},"geometry":{"type":"Point","coordinates":[3.62954,6.47308]}},{"type":"Feature","properties":{"name":"Rally Hospital","kind":"clinic","ownership":"Private","level":"Primary","kind_detail":"Primary Health Clinic","lga":"Mushin","ward":"Ilupeju"},"geometry":{"type":"Point","coordinates":[3.36243,6.54145]}},{"type":"Feature","properties":{"name":"Smith Medical Center","kind":"clinic","ownership":"Private","level":"Primary","kind_detail":"Primary Health Center","lga":"Lagos Mainland","ward":"Iponri Olaleye"},"geometry":{"type":"Point","coordinates":[3.36863,6.4859]}},{"type":"Feature","properties":{"name":"Labake Maternity Home","kind":"clinic","ownership":"Private","level":"Primary","kind_detail":"Primary Health Clinic","lga":"Mushin","ward":"Alafia Adeoyo"},"geometry":{"type":"Point","coordinates":[3.34431,6.52144]}},{"type":"Feature","properties":{"name":"J Rapha Hospital","kind":"clinic","ownership":"Private","level":"Secondary","kind_detail":"Primary Health Center","lga":"Eti-Osa","ward":"Addo"},"geometry":{"type":"Point","coordinates":[3.58296,6.5026]}},{"type":"Feature","properties":{"name":"Fafolu Medical Center","kind":"clinic","ownership":"Private","level":"Primary","kind_detail":"Primary Health Clinic","lga":"Mushin","ward":"Ojuwoye"},"geometry":{"type":"Point","coordinates":[3.35537,6.5346]}},{"type":"Feature","properties":{"name":"Rosana Clinic","kind":"clinic","ownership":"Private","level":"Primary","kind_detail":"Primary Health Clinic","lga":"Mushin","ward":"Ilupeju"},"geometry":{"type":"Point","coordinates":[3.36211,6.55669]}},{"type":"Feature","properties":{"name":"Merit General Hospital","kind":"clinic","ownership":"Public","level":"Primary","kind_detail":"Primary Health Clinic","lga":"Mushin","ward":"Ojuwoye"},"geometry":{"type":"Point","coordinates":[3.35275,6.5329]}},{"type":"Feature","properties":{"name":"Binzao Convalescent Home","kind":"clinic","ownership":"Private","level":"Primary","kind_detail":"Primary Health Clinic","lga":"Shomolu","ward":"Onipanu (Shomolu)"},"geometry":{"type":"Point","coordinates":[3.37088,6.53522]}},{"type":"Feature","properties":{"name":"T S Hospital","kind":"clinic","ownership":"Private","level":"Primary","kind_detail":"Primary Health Clinic","lga":"Mushin","ward":"Babalosa 2"},"geometry":{"type":"Point","coordinates":[3.35717,6.52644]}},{"type":"Feature","properties":{"name":"Broadgate Medical Services","kind":"clinic","ownership":"Private","level":"Primary","kind_detail":"Primary Health Clinic","lga":"Eti-Osa","ward":"Addo"},"geometry":{"type":"Point","coordinates":[3.58846,6.49839]}},{"type":"Feature","properties":{"name":"Able God Clinic","kind":"clinic","ownership":"Private","level":"Primary","kind_detail":"Primary Health Clinic","lga":"Mushin","ward":"Odo Eran  /  Ogunlana"},"geometry":{"type":"Point","coordinates":[3.33525,6.50802]}},{"type":"Feature","properties":{"name":"First Royal Medical Center","kind":"clinic","ownership":"Private","level":"Primary","kind_detail":"Primary Health Clinic","lga":"Shomolu","ward":"Seriki"},"geometry":{"type":"Point","coordinates":[3.38732,6.52403]}},{"type":"Feature","properties":{"name":"Victoria Island Consultant and Services Hospital","kind":"clinic","ownership":"Private","level":"Secondary","kind_detail":"Primary Health Center","lga":"Eti-Osa","ward":"Kuramo"},"geometry":{"type":"Point","coordinates":[3.43926,6.4344]}},{"type":"Feature","properties":{"name":"Ovansa Hospital","kind":"clinic","ownership":"Private","level":"Primary","kind_detail":"Primary Health Clinic","lga":"Surulere","ward":"Agunbiade"},"geometry":{"type":"Point","coordinates":[3.32749,6.49598]}},{"type":"Feature","properties":{"name":"De Ever Green Hospital","kind":"clinic","ownership":"Public","level":"Primary","kind_detail":"Primary Health Center","lga":"Surulere","ward":"Baale"},"geometry":{"type":"Point","coordinates":[3.34731,6.48012]}},{"type":"Feature","properties":{"name":"Familycare Medical Centre","kind":"clinic","ownership":"Private","level":"Secondary","kind_detail":"Primary Health Clinic","lga":"Eti-Osa","ward":"Maroko Okun Alfa"},"geometry":{"type":"Point","coordinates":[3.5485,6.44948]}},{"type":"Feature","properties":{"name":"The Family Clinic","kind":"clinic","ownership":"Private","level":"Primary","kind_detail":"Primary Health Center","lga":"Surulere","ward":"Ogunsami / Karounmi"},"geometry":{"type":"Point","coordinates":[3.3369,6.50925]}},{"type":"Feature","properties":{"name":"Nevada Maternity Home","kind":"clinic","ownership":"Private","level":"Primary","kind_detail":"Primary Health Clinic","lga":"Shomolu","ward":"Owotutu"},"geometry":{"type":"Point","coordinates":[3.39026,6.53913]}},{"type":"Feature","properties":{"name":"Peculiar Hospital","kind":"clinic","ownership":"Private","level":"Secondary","kind_detail":"Primary Health Center","lga":"Surulere","ward":"Coker (Surulere)"},"geometry":{"type":"Point","coordinates":[3.332,6.47617]}},{"type":"Feature","properties":{"name":"Imperial Hospital","kind":"clinic","ownership":"Private","level":"Primary","kind_detail":"Primary Health Center","lga":"Lagos Mainland","ward":"Botanical Gardens"},"geometry":{"type":"Point","coordinates":[3.37439,6.48092]}},{"type":"Feature","properties":{"name":"Merit General Clinic","kind":"clinic","ownership":"Private","level":"Primary","kind_detail":"Primary Health Clinic","lga":"Mushin","ward":"Mushin Atewolara"},"geometry":{"type":"Point","coordinates":[3.3535,6.53672]}},{"type":"Feature","properties":{"name":"Didero Medical Center","kind":"clinic","ownership":"Private","level":"Primary","kind_detail":"Primary Health Clinic","lga":"Shomolu","ward":"Ijebutedo"},"geometry":{"type":"Point","coordinates":[3.3702,6.53936]}},{"type":"Feature","properties":{"name":"Osuntuyi Medical Center","kind":"clinic","ownership":"Private","level":"Secondary","kind_detail":"Primary Health Clinic","lga":"Shomolu","ward":"Pedro / Gbagada"},"geometry":{"type":"Point","coordinates":[3.36967,6.54974]}},{"type":"Feature","properties":{"name":"We Care Hospital","kind":"clinic","ownership":"Private","level":"Secondary","kind_detail":"Primary Health Clinic","lga":"Shomolu","ward":"Pedro / Gbagada"},"geometry":{"type":"Point","coordinates":[3.37604,6.54805]}},{"type":"Feature","properties":{"name":"Brickfield Medical Center","kind":"clinic","ownership":"Private","level":"Primary","kind_detail":"Primary Health Clinic","lga":"Lagos Mainland","ward":"Botanical Gardens"},"geometry":{"type":"Point","coordinates":[3.37189,6.48316]}},{"type":"Feature","properties":{"name":"Fidelity Medical Center","kind":"clinic","ownership":"Private","level":"Secondary","kind_detail":"Primary Health Clinic","lga":"Shomolu","ward":"Igbari"},"geometry":{"type":"Point","coordinates":[3.38457,6.52541]}},{"type":"Feature","properties":{"name":"St Claire Hospital Specialist","kind":"clinic","ownership":"Private","level":"Secondary","kind_detail":"Primary Health Center","lga":"Surulere","ward":"Akinhunmi Cole"},"geometry":{"type":"Point","coordinates":[3.36646,6.50604]}},{"type":"Feature","properties":{"name":"St Nicholas Hospital","kind":"clinic","ownership":"Private","level":"Secondary","kind_detail":"Primary Health Center","lga":"Lagos Island","ward":"Odan"},"geometry":{"type":"Point","coordinates":[3.39758,6.44928]}},{"type":"Feature","properties":{"name":"Caring Trust Medical Clinic","kind":"clinic","ownership":"Private","level":"Secondary","kind_detail":"Primary Health Clinic","lga":"Surulere","ward":"Ogunsami / Karounmi"},"geometry":{"type":"Point","coordinates":[3.33622,6.49978]}},{"type":"Feature","properties":{"name":"Adonai Medical Center","kind":"clinic","ownership":"Private","level":"Secondary","kind_detail":"Primary Health Clinic","lga":"Surulere","ward":"Coker (Surulere)"},"geometry":{"type":"Point","coordinates":[3.34521,6.49833]}},{"type":"Feature","properties":{"name":"Charis Medical Center","kind":"clinic","ownership":"Private","level":"Secondary","kind_detail":"Primary Health Clinic","lga":"Shomolu","ward":"Owotutu"},"geometry":{"type":"Point","coordinates":[3.38085,6.5386]}},{"type":"Feature","properties":{"name":"Ladi Lak Medical Center","kind":"clinic","ownership":"Private","level":"Secondary","kind_detail":"Primary Health Clinic","lga":"Shomolu","ward":"Owode Orile"},"geometry":{"type":"Point","coordinates":[3.38499,6.53897]}},{"type":"Feature","properties":{"name":"St Kizito Lekki Hospital","kind":"clinic","ownership":"Private","level":"Secondary","kind_detail":"Primary Health Clinic","lga":"Eti-Osa","ward":"Maroko Okun Alfa"},"geometry":{"type":"Point","coordinates":[3.50511,6.43487]}},{"type":"Feature","properties":{"name":"Obalende Primary Health Center","kind":"clinic","ownership":"Public","level":"Primary","kind_detail":"Primary Health Clinic","lga":"Eti-Osa","ward":"Obalende"},"geometry":{"type":"Point","coordinates":[3.41231,6.44972]}},{"type":"Feature","properties":{"name":"Sikeoye Hope Clinic","kind":"clinic","ownership":"Private","level":"Secondary","kind_detail":"Primary Health Center","lga":"Surulere","ward":"Babatunde Ayilara"},"geometry":{"type":"Point","coordinates":[3.35929,6.50774]}},{"type":"Feature","properties":{"name":"Femi Gbajabiamila Clinic","kind":"clinic","ownership":"Public","level":"Primary","kind_detail":"Unknown","lga":"Surulere","ward":"Ararile"},"geometry":{"type":"Point","coordinates":[3.36598,6.50121]}},{"type":"Feature","properties":{"name":"Aishat Hospital Specialist","kind":"clinic","ownership":"Private","level":"Secondary","kind_detail":"General Hospital","lga":"Mushin","ward":"Idi Araba"},"geometry":{"type":"Point","coordinates":[3.35132,6.51922]}},{"type":"Feature","properties":{"name":"St Maria Hospital","kind":"clinic","ownership":"Private","level":"Secondary","kind_detail":"Unknown","lga":"Surulere","ward":"Muniru Baruwa"},"geometry":{"type":"Point","coordinates":[3.34821,6.49731]}},{"type":"Feature","properties":{"name":"Ola Iya Memorial Hospital","kind":"clinic","ownership":"Private","level":"Secondary","kind_detail":"General Hospital","lga":"Surulere","ward":"Akinhunmi Cole"},"geometry":{"type":"Point","coordinates":[3.36188,6.51691]}},{"type":"Feature","properties":{"name":"St Luke Medical Center","kind":"clinic","ownership":"Private","level":"Secondary","kind_detail":"Primary Health Clinic","lga":"Surulere","ward":"Agunbiade"},"geometry":{"type":"Point","coordinates":[3.33032,6.49792]}},{"type":"Feature","properties":{"name":"The Peak Mark Clinic","kind":"clinic","ownership":"Private","level":"Secondary","kind_detail":"Primary Health Center","lga":"Shomolu","ward":"Igbari"},"geometry":{"type":"Point","coordinates":[3.3855,6.52551]}},{"type":"Feature","properties":{"name":"Mushin General Hospital","kind":"clinic","ownership":"Public","level":"Secondary","kind_detail":"General Hospital","lga":"Mushin","ward":"Mushin Atewolara"},"geometry":{"type":"Point","coordinates":[3.34631,6.53149]}},{"type":"Feature","properties":{"name":"Divine Nursing Home","kind":"clinic","ownership":"Private","level":"Primary","kind_detail":"Primary Health Clinic","lga":"Mushin","ward":"Alafia Adeoyo"},"geometry":{"type":"Point","coordinates":[3.3443,6.52893]}},{"type":"Feature","properties":{"name":"Healthylife Nursing Home","kind":"clinic","ownership":"Private","level":"Primary","kind_detail":"Primary Health Clinic","lga":"Mushin","ward":"Papa Ajao"},"geometry":{"type":"Point","coordinates":[3.35117,6.52769]}},{"type":"Feature","properties":{"name":"The Heritage Specialist Clinic","kind":"clinic","ownership":"Private","level":"Secondary","kind_detail":"General Hospital","lga":"Eti-Osa","ward":"Badore"},"geometry":{"type":"Point","coordinates":[3.60327,6.50732]}},{"type":"Feature","properties":{"name":"Crusaint Hospital","kind":"clinic","ownership":"Private","level":"Primary","kind_detail":"Primary Health Center","lga":"Mushin","ward":"Ilupeju"},"geometry":{"type":"Point","coordinates":[3.35992,6.54248]}},{"type":"Feature","properties":{"name":"Oke Arin Health Post","kind":"clinic","ownership":"Public","level":"Primary","kind_detail":"Health Post","lga":"Lagos Island","ward":"Oke Arin Idumota"},"geometry":{"type":"Point","coordinates":[3.38507,6.46008]}},{"type":"Feature","properties":{"name":"Fame Nursing Home","kind":"clinic","ownership":"Private","level":"Primary","kind_detail":"Primary Health Center","lga":"Lagos Island","ward":"Idugunran/Idumagbo"},"geometry":{"type":"Point","coordinates":[3.3905,6.46552]}},{"type":"Feature","properties":{"name":"Labib Medical Center","kind":"clinic","ownership":"Private","level":"Primary","kind_detail":"Primary Health Clinic","lga":"Lagos Island","ward":"Idugunran/Idumagbo"},"geometry":{"type":"Point","coordinates":[3.38989,6.46411]}},{"type":"Feature","properties":{"name":"Winax Clinic and Maternity Home","kind":"clinic","ownership":"Private","level":"Primary","kind_detail":"Primary Health Center","lga":"Apapa","ward":"Sari"},"geometry":{"type":"Point","coordinates":[3.34711,6.47748]}},{"type":"Feature","properties":{"name":"Ajiran Primary Health Center","kind":"clinic","ownership":"Public","level":"Primary","kind_detail":"Health Post","lga":"Eti-Osa","ward":"Ajiran Osapa"},"geometry":{"type":"Point","coordinates":[3.52032,6.45367]}},{"type":"Feature","properties":{"name":"Havilah Clinic","kind":"clinic","ownership":"Private","level":"Primary","kind_detail":"Primary Health Center","lga":"Eti-Osa","ward":"Badore"},"geometry":{"type":"Point","coordinates":[3.57532,6.48492]}},{"type":"Feature","properties":{"name":"Zion Primary Health Care Center","kind":"clinic","ownership":"Public","level":"Primary","kind_detail":"Primary Health Center","lga":"Apapa","ward":"Sari"},"geometry":{"type":"Point","coordinates":[3.35211,6.47729]}},{"type":"Feature","properties":{"name":"Kids Care Paediatric Hospital","kind":"clinic","ownership":"Private","level":"Primary","kind_detail":"Primary Health Clinic","lga":"Eti-Osa","ward":"Ajiran Osapa"},"geometry":{"type":"Point","coordinates":[3.55389,6.46271]}},{"type":"Feature","properties":{"name":"Topaz Hospital","kind":"clinic","ownership":"Private","level":"Secondary","kind_detail":"Primary Health Clinic","lga":"Surulere","ward":"Obele Oniwala"},"geometry":{"type":"Point","coordinates":[3.35651,6.51367]}},{"type":"Feature","properties":{"name":"Iwalewa Nursing and Maternity Home","kind":"clinic","ownership":"Private","level":"Primary","kind_detail":"Primary Health Clinic","lga":"Surulere","ward":"Airways"},"geometry":{"type":"Point","coordinates":[3.3277,6.49109]}},{"type":"Feature","properties":{"name":"Niez Maternity Clinic","kind":"clinic","ownership":"Private","level":"Primary","kind_detail":"Primary Health Clinic","lga":"Surulere","ward":"Osho"},"geometry":{"type":"Point","coordinates":[3.3399,6.48273]}},{"type":"Feature","properties":{"name":"Baruwa (Surulere) Primary Health Center","kind":"clinic","ownership":"Public","level":"Primary","kind_detail":"Primary Health Center","lga":"Surulere","ward":"Sanusi"},"geometry":{"type":"Point","coordinates":[3.33289,6.50049]}},{"type":"Feature","properties":{"name":"Olayemi Convalescent Home","kind":"clinic","ownership":"Private","level":"Primary","kind_detail":"Primary Health Clinic","lga":"Lagos Mainland","ward":"Makoko"},"geometry":{"type":"Point","coordinates":[3.38708,6.50153]}},{"type":"Feature","properties":{"name":"M O Oni Maternity Home","kind":"clinic","ownership":"Private","level":"Secondary","kind_detail":"Primary Health Clinic","lga":"Lagos Mainland","ward":"Ojo Oniyun"},"geometry":{"type":"Point","coordinates":[3.37567,6.48651]}},{"type":"Feature","properties":{"name":"Ajah Primary Health Center","kind":"clinic","ownership":"Public","level":"Primary","kind_detail":"Primary Health Center","lga":"Eti-Osa","ward":"Ajah"},"geometry":{"type":"Point","coordinates":[3.56348,6.46832]}},{"type":"Feature","properties":{"name":"Budo Hospital Specialist","kind":"clinic","ownership":"Private","level":"Secondary","kind_detail":"General Hospital","lga":"Eti-Osa","ward":"Addo"},"geometry":{"type":"Point","coordinates":[3.58087,6.47009]}},{"type":"Feature","properties":{"name":"The Almighty Hospital Specialist","kind":"clinic","ownership":"Private","level":"Secondary","kind_detail":"General Hospital","lga":"Eti-Osa","ward":"Sangotedo"},"geometry":{"type":"Point","coordinates":[3.58612,6.46869]}},{"type":"Feature","properties":{"name":"Frank Mushin Clinic","kind":"clinic","ownership":"Private","level":"Primary","kind_detail":"Primary Health Clinic","lga":"Mushin","ward":"Oduseluola"},"geometry":{"type":"Point","coordinates":[3.34808,6.5127]}},{"type":"Feature","properties":{"name":"Sherpherdhill Hospital","kind":"clinic","ownership":"Private","level":"Primary","kind_detail":"Primary Health Clinic","lga":"Mushin","ward":"Onitire"},"geometry":{"type":"Point","coordinates":[3.3595,6.5191]}},{"type":"Feature","properties":{"name":"Aguda Hospital","kind":"clinic","ownership":"Private","level":"Secondary","kind_detail":"Primary Health Center","lga":"Surulere","ward":"Nuru Oniwo"},"geometry":{"type":"Point","coordinates":[3.33807,6.48828]}},{"type":"Feature","properties":{"name":"Uwemedimo Hospital","kind":"clinic","ownership":"Private","level":"Secondary","kind_detail":"Primary Health Center","lga":"Surulere","ward":"Agunbiade"},"geometry":{"type":"Point","coordinates":[3.32648,6.4967]}},{"type":"Feature","properties":{"name":"Ultima Medicare Hospital","kind":"clinic","ownership":"Private","level":"Primary","kind_detail":"Primary Health Clinic","lga":"Mushin","ward":"Ilupeju"},"geometry":{"type":"Point","coordinates":[3.36652,6.54053]}},{"type":"Feature","properties":{"name":"Jlt Specialist Clinic","kind":"clinic","ownership":"Private","level":"Primary","kind_detail":"Primary Health Center","lga":"Lagos Island","ward":"Ajele"},"geometry":{"type":"Point","coordinates":[3.39209,6.45288]}},{"type":"Feature","properties":{"name":"Isioma Hospital","kind":"clinic","ownership":"Private","level":"Secondary","kind_detail":"Primary Health Center","lga":"Surulere","ward":"Shitta/Bankolemoh"},"geometry":{"type":"Point","coordinates":[3.34613,6.50769]}},{"type":"Feature","properties":{"name":"Nigerian Breweries Clinic","kind":"clinic","ownership":"Private","level":"Secondary","kind_detail":"Primary Health Clinic","lga":"Surulere","ward":"Iponri / Eric Moore"},"geometry":{"type":"Point","coordinates":[3.3631,6.48187]}},{"type":"Feature","properties":{"name":"Ikoyi Primary Health Center","kind":"clinic","ownership":"Public","level":"Primary","kind_detail":"Primary Health Center","lga":"Eti-Osa","ward":"Ijeh / Dolphin"},"geometry":{"type":"Point","coordinates":[3.41071,6.45093]}},{"type":"Feature","properties":{"name":"Oriyanrin (Eti Osa) Primary Health Center","kind":"clinic","ownership":"Public","level":"Primary","kind_detail":"Primary Health Center","lga":"Eti-Osa","ward":"Aboyade 1004"},"geometry":{"type":"Point","coordinates":[3.44031,6.43347]}},{"type":"Feature","properties":{"name":"The Comforter Hospital","kind":"clinic","ownership":"Private","level":"Secondary","kind_detail":"Primary Health Center","lga":"Surulere","ward":"Sanusi"},"geometry":{"type":"Point","coordinates":[3.33411,6.49829]}},{"type":"Feature","properties":{"name":"Oko Awo Youth Friendly","kind":"clinic","ownership":"Public","level":"Primary","kind_detail":"Primary Health Center","lga":"Lagos Island","ward":"Oko Awo Agarawu"},"geometry":{"type":"Point","coordinates":[3.38928,6.4577]}},{"type":"Feature","properties":{"name":"Massey Street Children Hospital","kind":"clinic","ownership":"Public","level":"Secondary","kind_detail":"Health Post","lga":"Lagos Island","ward":"Okepopo East"},"geometry":{"type":"Point","coordinates":[3.39331,6.45367]}},{"type":"Feature","properties":{"name":"Omni Medical Center","kind":"clinic","ownership":"Private","level":"Primary","kind_detail":"Primary Health Clinic","lga":"Lagos Island","ward":"Araromi Odo"},"geometry":{"type":"Point","coordinates":[3.4043,6.44592]}},{"type":"Feature","properties":{"name":"First Bank Of Nigeria Staff Clinic","kind":"clinic","ownership":"Private","level":"Primary","kind_detail":"Primary Health Clinic","lga":"Lagos Island","ward":"Ajele"},"geometry":{"type":"Point","coordinates":[3.40051,6.45709]}},{"type":"Feature","properties":{"name":"First Consultant Medical Center","kind":"clinic","ownership":"Private","level":"Secondary","kind_detail":"Primary Health Clinic","lga":"Eti-Osa","ward":"Obalende"},"geometry":{"type":"Point","coordinates":[3.40948,6.44952]}},{"type":"Feature","properties":{"name":"Arise Mobile Clinic","kind":"clinic","ownership":"Private","level":"Primary","kind_detail":"Health Post","lga":"Eti-Osa","ward":"Aboyade 1004"},"geometry":{"type":"Point","coordinates":[3.43951,6.43689]}},{"type":"Feature","properties":{"name":"Ekemode Memorial Hospital","kind":"clinic","ownership":"Private","level":"Secondary","kind_detail":"Primary Health Center","lga":"Surulere","ward":"Adeniran Ogunsanya"},"geometry":{"type":"Point","coordinates":[3.34888,6.48889]}},{"type":"Feature","properties":{"name":"Ejire Primary Health Center","kind":"clinic","ownership":"Private","level":"Primary","kind_detail":"Primary Health Center","lga":"Surulere","ward":"Ogunsami / Karounmi"},"geometry":{"type":"Point","coordinates":[3.33728,6.50269]}},{"type":"Feature","properties":{"name":"Royal Pinnacle Clinic","kind":"clinic","ownership":"Private","level":"Secondary","kind_detail":"Primary Health Center","lga":"Surulere","ward":"Muniru Baruwa"},"geometry":{"type":"Point","coordinates":[3.34448,6.50848]}},{"type":"Feature","properties":{"name":"Ayo Classical Health Care Centre","kind":"clinic","ownership":"Private","level":"Primary","kind_detail":"Primary Health Center","lga":"Surulere","ward":"Ogunsami / Karounmi"},"geometry":{"type":"Point","coordinates":[3.33533,6.50671]}},{"type":"Feature","properties":{"name":"First Dominican Hospital","kind":"clinic","ownership":"Private","level":"Secondary","kind_detail":"Primary Health Center","lga":"Surulere","ward":"Adeniran Ogunsanya"},"geometry":{"type":"Point","coordinates":[3.3515,6.50128]}},{"type":"Feature","properties":{"name":"Olaniba Memorial Hospital Specialist","kind":"clinic","ownership":"Private","level":"Secondary","kind_detail":"Primary Health Center","lga":"Surulere","ward":"Jinadu Aiyetoro"},"geometry":{"type":"Point","coordinates":[3.34692,6.49268]}},{"type":"Feature","properties":{"name":"Our Lady Of Fatimo Clinic","kind":"clinic","ownership":"Private","level":"Secondary","kind_detail":"Unknown","lga":"Surulere","ward":"Jinadu Aiyetoro"},"geometry":{"type":"Point","coordinates":[3.34491,6.49512]}},{"type":"Feature","properties":{"name":"Lagos State Mainland Hospital","kind":"clinic","ownership":"Public","level":"Secondary","kind_detail":"General Hospital","lga":"Lagos Mainland","ward":"Abule-Ijesha"},"geometry":{"type":"Point","coordinates":[3.3775,6.52271]}},{"type":"Feature","properties":{"name":"Fehintola Royal Consulting Medical","kind":"clinic","ownership":"Private","level":"Primary","kind_detail":"Primary Health Center","lga":"Lagos Island","ward":"Ajele"},"geometry":{"type":"Point","coordinates":[3.39728,6.45288]}},{"type":"Feature","properties":{"name":"Abimbola Awoniyi Hospital","kind":"clinic","ownership":"Private","level":"Secondary","kind_detail":"Primary Health Center","lga":"Lagos Island","ward":"Odan"},"geometry":{"type":"Point","coordinates":[3.39868,6.4519]}},{"type":"Feature","properties":{"name":"Taan Medico Hospital","kind":"clinic","ownership":"Private","level":"Primary","kind_detail":"Primary Health Center","lga":"Apapa","ward":"Anjorin"},"geometry":{"type":"Point","coordinates":[3.36932,6.44751]}},{"type":"Feature","properties":{"name":"Ahmadiyya Muslim Hospital","kind":"clinic","ownership":"Private","level":"Secondary","kind_detail":"Unknown","lga":"Apapa","ward":"Anjorin"},"geometry":{"type":"Point","coordinates":[3.37189,6.44208]}},{"type":"Feature","properties":{"name":"Cathedral Church Of Christ Clinic","kind":"clinic","ownership":"Public","level":"Primary","kind_detail":"Unknown","lga":"Lagos Island","ward":"Ajele"},"geometry":{"type":"Point","coordinates":[3.39069,6.45172]}},{"type":"Feature","properties":{"name":"Ita Faji Health Post","kind":"clinic","ownership":"Public","level":"Primary","kind_detail":"Health Post","lga":"Lagos Island","ward":"Alagba"},"geometry":{"type":"Point","coordinates":[3.39069,6.45569]}},{"type":"Feature","properties":{"name":"Capes Hospital","kind":"clinic","ownership":"Private","level":"Secondary","kind_detail":"Primary Health Center","lga":"Shomolu","ward":"Seriki"},"geometry":{"type":"Point","coordinates":[3.39111,6.54053]}},{"type":"Feature","properties":{"name":"Gbara Mayegun Health Post","kind":"clinic","ownership":"Public","level":"Primary","kind_detail":"Health Post","lga":"Eti-Osa","ward":"Igbo Efon"},"geometry":{"type":"Point","coordinates":[3.51068,6.43292]}},{"type":"Feature","properties":{"name":"Anikulapo Primary Health Clinic","kind":"clinic","ownership":"Public","level":"Primary","kind_detail":"Primary Health Clinic","lga":"Mushin","ward":"Moshalashi / Agoro"},"geometry":{"type":"Point","coordinates":[3.36731,6.51672]}},{"type":"Feature","properties":{"name":"Baptist Medical Center","kind":"clinic","ownership":"Private","level":"Secondary","kind_detail":"Primary Health Clinic","lga":"Shomolu","ward":"Pedro / Gbagada"},"geometry":{"type":"Point","coordinates":[3.36932,6.54651]}},{"type":"Feature","properties":{"name":"Mary Ade Hospital Specialist","kind":"clinic","ownership":"Private","level":"Secondary","kind_detail":"General Hospital","lga":"Shomolu","ward":"Ilaje 7"},"geometry":{"type":"Point","coordinates":[3.38945,6.53591]}},{"type":"Feature","properties":{"name":"Theo Lad Hospital and Maternity","kind":"clinic","ownership":"Private","level":"Secondary","kind_detail":"Primary Health Clinic","lga":"Shomolu","ward":"Seriki"},"geometry":{"type":"Point","coordinates":[3.39288,6.54134]}},{"type":"Feature","properties":{"name":"Obanle Aje Hospital","kind":"clinic","ownership":"Private","level":"Secondary","kind_detail":"Primary Health Center","lga":"Shomolu","ward":"Pedro / Gbagada"},"geometry":{"type":"Point","coordinates":[3.37085,6.54889]}},{"type":"Feature","properties":{"name":"Kajola Primary Health Center","kind":"clinic","ownership":"Public","level":"Primary","kind_detail":"Primary Health Center","lga":"Mushin","ward":"Alakara"},"geometry":{"type":"Point","coordinates":[3.36584,6.52712]}},{"type":"Feature","properties":{"name":"Modupe Oluwa Clinic and Maternity","kind":"clinic","ownership":"Private","level":"Primary","kind_detail":"Primary Health Clinic","lga":"Mushin","ward":"Papa Ajao"},"geometry":{"type":"Point","coordinates":[3.34279,6.52427]}},{"type":"Feature","properties":{"name":"St Andrew Hospital","kind":"clinic","ownership":"Private","level":"Primary","kind_detail":"Primary Health Clinic","lga":"Mushin","ward":"Papa Ajao"},"geometry":{"type":"Point","coordinates":[3.34277,6.53164]}},{"type":"Feature","properties":{"name":"Grace Cottage Clinic","kind":"clinic","ownership":"Private","level":"Primary","kind_detail":"Primary Health Clinic","lga":"Mushin","ward":"Ilupeju"},"geometry":{"type":"Point","coordinates":[3.3613,6.54661]}},{"type":"Feature","properties":{"name":"John Vic Clinic","kind":"clinic","ownership":"Private","level":"Primary","kind_detail":"Primary Health Center","lga":"Mushin","ward":"Mushin Atewolara"},"geometry":{"type":"Point","coordinates":[3.34607,6.5319]}},{"type":"Feature","properties":{"name":"Cedar Clinic","kind":"clinic","ownership":"Private","level":"Primary","kind_detail":"Primary Health Clinic","lga":"Mushin","ward":"Mushin Atewolara"},"geometry":{"type":"Point","coordinates":[3.34766,6.53264]}},{"type":"Feature","properties":{"name":"Sentinel Mushin Hospital","kind":"clinic","ownership":"Private","level":"Primary","kind_detail":"Primary Health Center","lga":"Mushin","ward":"Papa Ajao"},"geometry":{"type":"Point","coordinates":[3.34187,6.53285]}},{"type":"Feature","properties":{"name":"Best Hope Hospital","kind":"clinic","ownership":"Private","level":"Primary","kind_detail":"Primary Health Clinic","lga":"Mushin","ward":"Alafia Adeoyo"},"geometry":{"type":"Point","coordinates":[3.34422,6.52846]}},{"type":"Feature","properties":{"name":"A Model Specialist Hospital","kind":"clinic","ownership":"Private","level":"Secondary","kind_detail":"General Hospital","lga":"Surulere","ward":"Adeniran Ogunsanya"},"geometry":{"type":"Point","coordinates":[3.35662,6.49509]}},{"type":"Feature","properties":{"name":"Paras Medicare","kind":"clinic","ownership":"Private","level":"Primary","kind_detail":"Primary Health Clinic","lga":"Apapa","ward":"Oduduwa"},"geometry":{"type":"Point","coordinates":[3.35771,6.44282]}},{"type":"Feature","properties":{"name":"Hammed Convalescent Centre","kind":"clinic","ownership":"Private","level":"Primary","kind_detail":"Primary Health Clinic","lga":"Mushin","ward":"Alafia Adeoyo"},"geometry":{"type":"Point","coordinates":[3.3445,6.52781]}},{"type":"Feature","properties":{"name":"First Heritage Hospital","kind":"clinic","ownership":"Private","level":"Secondary","kind_detail":"Primary Health Center","lga":"Mushin","ward":"Ojuwoye"},"geometry":{"type":"Point","coordinates":[3.35629,6.53357]}},{"type":"Feature","properties":{"name":"Patmos Clinic","kind":"clinic","ownership":"Private","level":"Primary","kind_detail":"Primary Health Clinic","lga":"Lagos Mainland","ward":"Harvey"},"geometry":{"type":"Point","coordinates":[3.37762,6.51167]}},{"type":"Feature","properties":{"name":"Saint Rafelis Medical Clinic","kind":"clinic","ownership":"Private","level":"Primary","kind_detail":"Primary Health Clinic","lga":"Shomolu","ward":"Akoka /  Anuoluwapo"},"geometry":{"type":"Point","coordinates":[3.39159,6.53231]}},{"type":"Feature","properties":{"name":"The Word Medical Center","kind":"clinic","ownership":"Public","level":"Primary","kind_detail":"Primary Health Clinic","lga":"Surulere","ward":"Akinhunmi Cole"},"geometry":{"type":"Point","coordinates":[3.35769,6.51213]}},{"type":"Feature","properties":{"name":"Peniel Specialist Clinic","kind":"clinic","ownership":"Private","level":"Primary","kind_detail":"Primary Health Clinic","lga":"Mushin","ward":"Alakara"},"geometry":{"type":"Point","coordinates":[3.36788,6.51814]}},{"type":"Feature","properties":{"name":"Zolace Clinic","kind":"clinic","ownership":"Private","level":"Secondary","kind_detail":"General Hospital","lga":"Surulere","ward":"Babatunde Ayilara"},"geometry":{"type":"Point","coordinates":[3.35107,6.50468]}},{"type":"Feature","properties":{"name":"Trustee Hospital Specialist","kind":"clinic","ownership":"Private","level":"Secondary","kind_detail":"General Hospital","lga":"Shomolu","ward":"Bajulaiye"},"geometry":{"type":"Point","coordinates":[3.37725,6.5295]}},{"type":"Feature","properties":{"name":"Bmm Hospital","kind":"clinic","ownership":"Private","level":"Primary","kind_detail":"Primary Health Clinic","lga":"Mushin","ward":"Idioro"},"geometry":{"type":"Point","coordinates":[3.3649,6.52118]}},{"type":"Feature","properties":{"name":"Bethlehem Hospital","kind":"clinic","ownership":"Private","level":"Primary","kind_detail":"Primary Health Clinic","lga":"Mushin","ward":"Oduseluola"},"geometry":{"type":"Point","coordinates":[3.33918,6.51811]}},{"type":"Feature","properties":{"name":"Saint Charles Hospital","kind":"clinic","ownership":"Private","level":"Secondary","kind_detail":"Primary Health Center","lga":"Surulere","ward":"Akinhunmi Cole"},"geometry":{"type":"Point","coordinates":[3.36207,6.51229]}},{"type":"Feature","properties":{"name":"Fountain Of Grace Hospital","kind":"clinic","ownership":"Private","level":"Primary","kind_detail":"Primary Health Clinic","lga":"Mushin","ward":"Mushin Atewolara"},"geometry":{"type":"Point","coordinates":[3.35034,6.53747]}},{"type":"Feature","properties":{"name":"Hatreg Clinic","kind":"clinic","ownership":"Private","level":"Secondary","kind_detail":"Primary Health Center","lga":"Surulere","ward":"Gbaja"},"geometry":{"type":"Point","coordinates":[3.36084,6.50237]}},{"type":"Feature","properties":{"name":"Eternal Life Hospital","kind":"clinic","ownership":"Private","level":"Secondary","kind_detail":"Primary Health Center","lga":"Apapa","ward":"Alafia (Apapa)"},"geometry":{"type":"Point","coordinates":[3.34399,6.47429]}},{"type":"Feature","properties":{"name":"Syban Medical Center","kind":"clinic","ownership":"Private","level":"Secondary","kind_detail":"Primary Health Center","lga":"Apapa","ward":"Alafia (Apapa)"},"geometry":{"type":"Point","coordinates":[3.34971,6.47392]}},{"type":"Feature","properties":{"name":"Quality Medicare","kind":"clinic","ownership":"Private","level":"Secondary","kind_detail":"Primary Health Clinic","lga":"Surulere","ward":"Babatunde Ayilara"},"geometry":{"type":"Point","coordinates":[3.3451,6.50104]}},{"type":"Feature","properties":{"name":"Lagos Clinic","kind":"clinic","ownership":"Private","level":"Primary","kind_detail":"Primary Health Center","lga":"Apapa","ward":"Abraham Adesanya"},"geometry":{"type":"Point","coordinates":[3.36651,6.4419]}},{"type":"Feature","properties":{"name":"Majoroh Anjorin Medical Center","kind":"clinic","ownership":"Private","level":"Primary","kind_detail":"Primary Health Center","lga":"Apapa","ward":"Anjorin"},"geometry":{"type":"Point","coordinates":[3.36914,6.44635]}},{"type":"Feature","properties":{"name":"Gold Cross Keffi Hospital","kind":"clinic","ownership":"Private","level":"Secondary","kind_detail":"Primary Health Center","lga":"Eti-Osa","ward":"Falomo Oyinkan"},"geometry":{"type":"Point","coordinates":[3.41507,6.44729]}},{"type":"Feature","properties":{"name":"St Ken Medical Center","kind":"clinic","ownership":"Private","level":"Secondary","kind_detail":"Primary Health Clinic","lga":"Lagos Mainland","ward":"Freeman / Glover"},"geometry":{"type":"Point","coordinates":[3.38123,6.48708]}},{"type":"Feature","properties":{"name":"Pat Toria Clinic","kind":"clinic","ownership":"Private","level":"Primary","kind_detail":"Primary Health Center","lga":"Lagos Mainland","ward":"Aderupoko"},"geometry":{"type":"Point","coordinates":[3.38712,6.50537]}},{"type":"Feature","properties":{"name":"Almat Medical Center","kind":"clinic","ownership":"Private","level":"Primary","kind_detail":"Primary Health Clinic","lga":"Lagos Mainland","ward":"Freeman / Glover"},"geometry":{"type":"Point","coordinates":[3.38092,6.48898]}},{"type":"Feature","properties":{"name":"Adeolu Hospital","kind":"clinic","ownership":"Private","level":"Secondary","kind_detail":"Primary Health Center","lga":"Shomolu","ward":"Igbari"},"geometry":{"type":"Point","coordinates":[3.384,6.52405]}},{"type":"Feature","properties":{"name":"Fogas Clinic","kind":"clinic","ownership":"Private","level":"Primary","kind_detail":"Primary Health Center","lga":"Surulere","ward":"Muniru Baruwa"},"geometry":{"type":"Point","coordinates":[3.34691,6.51089]}},{"type":"Feature","properties":{"name":"Serenity and Remileku Memorial Hospital","kind":"clinic","ownership":"Private","level":"Secondary","kind_detail":"Primary Health Clinic","lga":"Surulere","ward":"Babatunde Ayilara"},"geometry":{"type":"Point","coordinates":[3.35658,6.51226]}},{"type":"Feature","properties":{"name":"Surgical Associate Clinic","kind":"clinic","ownership":"Private","level":"Secondary","kind_detail":"Primary Health Center","lga":"Surulere","ward":"Adeniran Ogunsanya"},"geometry":{"type":"Point","coordinates":[3.36269,6.50533]}},{"type":"Feature","properties":{"name":"Toki Medical Center","kind":"clinic","ownership":"Private","level":"Secondary","kind_detail":"Primary Health Clinic","lga":"Surulere","ward":"Adeniran Ogunsanya"},"geometry":{"type":"Point","coordinates":[3.35803,6.4911]}},{"type":"Feature","properties":{"name":"Raheem Memorial Clinic","kind":"clinic","ownership":"Private","level":"Secondary","kind_detail":"Primary Health Center","lga":"Surulere","ward":"Muniru Baruwa"},"geometry":{"type":"Point","coordinates":[3.34762,6.50872]}},{"type":"Feature","properties":{"name":"Ss Mulumba David Catholic Clinic","kind":"clinic","ownership":"Private","level":"Secondary","kind_detail":"Unknown","lga":"Surulere","ward":"Muniru Baruwa"},"geometry":{"type":"Point","coordinates":[3.34762,6.51146]}},{"type":"Feature","properties":{"name":"R Jolad Hospital","kind":"clinic","ownership":"Private","level":"Secondary","kind_detail":"Primary Health Center","lga":"Shomolu","ward":"Apelehin"},"geometry":{"type":"Point","coordinates":[3.39296,6.54915]}},{"type":"Feature","properties":{"name":"Christana Hospital","kind":"clinic","ownership":"Private","level":"Secondary","kind_detail":"Unknown","lga":"Shomolu","ward":"Pedro / Gbagada"},"geometry":{"type":"Point","coordinates":[3.37635,6.54386]}},{"type":"Feature","properties":{"name":"Adesola Hospital","kind":"clinic","ownership":"Private","level":"Secondary","kind_detail":"Primary Health Center","lga":"Shomolu","ward":"Owotutu"},"geometry":{"type":"Point","coordinates":[3.3804,6.54131]}},{"type":"Feature","properties":{"name":"St Paul Catholic Church Maternity","kind":"clinic","ownership":"Private","level":"Secondary","kind_detail":"Unknown","lga":"Lagos Mainland","ward":"Alagomeji"},"geometry":{"type":"Point","coordinates":[3.37446,6.51268]}},{"type":"Feature","properties":{"name":"Wright Primary Health Center","kind":"clinic","ownership":"Public","level":"Primary","kind_detail":"Primary Health Clinic","lga":"Shomolu","ward":"Ijebutedo"},"geometry":{"type":"Point","coordinates":[3.3717,6.53992]}},{"type":"Feature","properties":{"name":"Sura Primary Health Center","kind":"clinic","ownership":"Public","level":"Primary","kind_detail":"Primary Health Center","lga":"Lagos Island","ward":"Epetedo East"},"geometry":{"type":"Point","coordinates":[3.40325,6.45489]}},{"type":"Feature","properties":{"name":"The Royal Infirmary","kind":"clinic","ownership":"Private","level":"Secondary","kind_detail":"Primary Health Center","lga":"Eti-Osa","ward":"Badore"},"geometry":{"type":"Point","coordinates":[3.60291,6.5047]}},{"type":"Feature","properties":{"name":"Baptist Church Clinic","kind":"clinic","ownership":"Private","level":"Primary","kind_detail":"Unknown","lga":"Lagos Mainland","ward":"Onike Oyadiran"},"geometry":{"type":"Point","coordinates":[3.37735,6.50374]}},{"type":"Feature","properties":{"name":"Otto Primary Health Center","kind":"clinic","ownership":"Public","level":"Primary","kind_detail":"Primary Health Center","lga":"Lagos Mainland","ward":"Otto"},"geometry":{"type":"Point","coordinates":[3.37923,6.47529]}},{"type":"Feature","properties":{"name":"Abule Nla Primary Health Center","kind":"clinic","ownership":"Public","level":"Primary","kind_detail":"Primary Health Center","lga":"Lagos Mainland","ward":"Alobal Desalu"},"geometry":{"type":"Point","coordinates":[3.37197,6.4844]}},{"type":"Feature","properties":{"name":"Ingress Health Partners","kind":"clinic","ownership":"Private","level":"Primary","kind_detail":"Primary Health Clinic","lga":"Lagos Mainland","ward":"Freeman / Glover"},"geometry":{"type":"Point","coordinates":[3.3822,6.48875]}},{"type":"Feature","properties":{"name":"Federal Neuro Psychiatry Hospital","kind":"clinic","ownership":"Public","level":"Secondary","kind_detail":"Unknown","lga":"Lagos Mainland","ward":"Abule-Ijesha"},"geometry":{"type":"Point","coordinates":[3.37169,6.51039]}},{"type":"Feature","properties":{"name":"Somolu General Hospital","kind":"clinic","ownership":"Public","level":"Secondary","kind_detail":"General Hospital","lga":"Shomolu","ward":"Onipanu (Shomolu)"},"geometry":{"type":"Point","coordinates":[3.37195,6.53649]}},{"type":"Feature","properties":{"name":"Apapa Annex Staff Clinic","kind":"clinic","ownership":"Public","level":"Primary","kind_detail":"Unknown","lga":"Apapa","ward":"Anjorin"},"geometry":{"type":"Point","coordinates":[3.36678,6.43727]}},{"type":"Feature","properties":{"name":"Abisat Convalescent Center","kind":"clinic","ownership":"Private","level":"Primary","kind_detail":"Primary Health Clinic","lga":"Mushin","ward":"Babalosa 2"},"geometry":{"type":"Point","coordinates":[3.35763,6.52117]}},{"type":"Feature","properties":{"name":"Total Victory Convalescent Home","kind":"clinic","ownership":"Private","level":"Primary","kind_detail":"Primary Health Clinic","lga":"Lagos Mainland","ward":"Aderupoko"},"geometry":{"type":"Point","coordinates":[3.38913,6.50125]}},{"type":"Feature","properties":{"name":"Germaine Health Center","kind":"clinic","ownership":"Private","level":"Primary","kind_detail":"Primary Health Center","lga":"Eti-Osa","ward":"Orile - Ilasan"},"geometry":{"type":"Point","coordinates":[3.49401,6.4349]}},{"type":"Feature","properties":{"name":"Coker Mushin Primary Health Clinic","kind":"clinic","ownership":"Public","level":"Primary","kind_detail":"Primary Health Clinic","lga":"Mushin","ward":"Ilupeju"},"geometry":{"type":"Point","coordinates":[3.36169,6.54858]}},{"type":"Feature","properties":{"name":"Abizak Convalescent Home","kind":"clinic","ownership":"Private","level":"Primary","kind_detail":"Primary Health Center","lga":"Apapa","ward":"Ijora"},"geometry":{"type":"Point","coordinates":[3.36545,6.46669]}},{"type":"Feature","properties":{"name":"Seven Up Company Staff Clinic","kind":"clinic","ownership":"Private","level":"Primary","kind_detail":"Primary Health Center","lga":"Apapa","ward":"Ijora"},"geometry":{"type":"Point","coordinates":[3.36408,6.46751]}},{"type":"Feature","properties":{"name":"11 Plc Staff Clinic","kind":"clinic","ownership":"Private","level":"Primary","kind_detail":"Primary Health Clinic","lga":"Apapa","ward":"Marine Beach"},"geometry":{"type":"Point","coordinates":[3.36831,6.45744]}},{"type":"Feature","properties":{"name":"Anjorin Primary Health Center","kind":"clinic","ownership":"Public","level":"Primary","kind_detail":"Primary Health Center","lga":"Surulere","ward":"Muniru Baruwa"},"geometry":{"type":"Point","coordinates":[3.34633,6.51065]}},{"type":"Feature","properties":{"name":"Cms Primary Health Center","kind":"clinic","ownership":"Public","level":"Primary","kind_detail":"Primary Health Center","lga":"Shomolu","ward":"Owode Orile"},"geometry":{"type":"Point","coordinates":[3.3899,6.53591]}},{"type":"Feature","properties":{"name":"Mafowoku Primary Health Center","kind":"clinic","ownership":"Public","level":"Primary","kind_detail":"Primary Health Center","lga":"Shomolu","ward":"Ayetoro Mafowokun"},"geometry":{"type":"Point","coordinates":[3.38401,6.54307]}},{"type":"Feature","properties":{"name":"Addo Primary Health Center","kind":"clinic","ownership":"Public","level":"Primary","kind_detail":"Primary Health Clinic","lga":"Eti-Osa","ward":"Addo"},"geometry":{"type":"Point","coordinates":[3.58134,6.50112]}},{"type":"Feature","properties":{"name":"Cedarcrest Hospital","kind":"clinic","ownership":"Private","level":"Secondary","kind_detail":"Unknown","lga":"Eti-Osa","ward":"V/Island 2"},"geometry":{"type":"Point","coordinates":[3.41839,6.43552]}},{"type":"Feature","properties":{"name":"St Francois Hospital","kind":"clinic","ownership":"Private","level":"Primary","kind_detail":"Primary Health Clinic","lga":"Eti-Osa","ward":"Obalende"},"geometry":{"type":"Point","coordinates":[3.41485,6.44465]}},{"type":"Feature","properties":{"name":"Sheriff Clinic","kind":"clinic","ownership":"Private","level":"Primary","kind_detail":"Primary Health Clinic","lga":"Eti-Osa","ward":"Addo"},"geometry":{"type":"Point","coordinates":[3.58808,6.49792]}},{"type":"Feature","properties":{"name":"Tai Oworu Memorial Hospital","kind":"clinic","ownership":"Private","level":"Secondary","kind_detail":"Primary Health Center","lga":"Shomolu","ward":"Ijebutedo"},"geometry":{"type":"Point","coordinates":[3.37097,6.53988]}},{"type":"Feature","properties":{"name":"Nigerian Air Force Medical","kind":"clinic","ownership":"Public","level":"Secondary","kind_detail":"Unknown","lga":"Lagos Island","ward":"Araromi Odo"},"geometry":{"type":"Point","coordinates":[3.40579,6.44536]}},{"type":"Feature","properties":{"name":"Yashua Maternity Home","kind":"clinic","ownership":"Private","level":"Primary","kind_detail":"Primary Health Clinic","lga":"Shomolu","ward":"Apelehin"},"geometry":{"type":"Point","coordinates":[3.39281,6.54324]}},{"type":"Feature","properties":{"name":"Apapa Hospital Specialist","kind":"clinic","ownership":"Private","level":"Secondary","kind_detail":"Primary Health Center","lga":"Apapa","ward":"Abraham Adesanya"},"geometry":{"type":"Point","coordinates":[3.36484,6.43934]}},{"type":"Feature","properties":{"name":"Mezonel Hospital","kind":"clinic","ownership":"Private","level":"Secondary","kind_detail":"Unknown","lga":"Surulere","ward":"Irone"},"geometry":{"type":"Point","coordinates":[3.33978,6.4954]}},{"type":"Feature","properties":{"name":"New Covenant Hospital and Maternity","kind":"clinic","ownership":"Private","level":"Secondary","kind_detail":"Unknown","lga":"Surulere","ward":"Irone"},"geometry":{"type":"Point","coordinates":[3.33951,6.49578]}},{"type":"Feature","properties":{"name":"His Mercy Hospital","kind":"clinic","ownership":"Private","level":"Secondary","kind_detail":"Primary Health Center","lga":"Surulere","ward":"Osho"},"geometry":{"type":"Point","coordinates":[3.34451,6.47886]}},{"type":"Feature","properties":{"name":"Tarkwa Bay Health Post","kind":"clinic","ownership":"Public","level":"Primary","kind_detail":"Primary Health Clinic","lga":"Eti-Osa","ward":"Tarkwa Bay"},"geometry":{"type":"Point","coordinates":[3.39376,6.40676]}},{"type":"Feature","properties":{"name":"A.O.M Specialist","kind":"clinic","ownership":"Private","level":"Secondary","kind_detail":"General Hospital","lga":"Shomolu","ward":"Igbobi /  Fadeyi"},"geometry":{"type":"Point","coordinates":[3.38368,6.51074]}},{"type":"Feature","properties":{"name":"St Doris Memorial Hospital","kind":"clinic","ownership":"Private","level":"Primary","kind_detail":"Primary Health Clinic","lga":"Mushin","ward":"Idioro"},"geometry":{"type":"Point","coordinates":[3.37032,6.52314]}},{"type":"Feature","properties":{"name":"Lagos (Shell) Medical Center","kind":"clinic","ownership":"Private","level":"Primary","kind_detail":"Primary Health Clinic","lga":"Lagos Island","ward":"Ajele"},"geometry":{"type":"Point","coordinates":[3.3972,6.44794]}},{"type":"Feature","properties":{"name":"Olan Medical Center","kind":"clinic","ownership":"Private","level":"Secondary","kind_detail":"Primary Health Center","lga":"Ikeja","ward":"Seriki Aro"},"geometry":{"type":"Point","coordinates":[3.39181,6.54084]}},{"type":"Feature","properties":{"name":"Syban Medical Center","kind":"clinic","ownership":"Private","level":"Primary","kind_detail":"Primary Health Clinic","lga":"Apapa","ward":"Sari"},"geometry":{"type":"Point","coordinates":[3.34462,6.47241]}},{"type":"Feature","properties":{"name":"St Edward Hospital Specialist","kind":"clinic","ownership":"Private","level":"Secondary","kind_detail":"General Hospital","lga":"Eti-Osa","ward":"Badore"},"geometry":{"type":"Point","coordinates":[3.56467,6.47105]}},{"type":"Feature","properties":{"name":"Alves Primary Health Clinic","kind":"clinic","ownership":"Public","level":"Primary","kind_detail":"Primary Health Clinic","lga":"Mushin","ward":"Oduseluola"},"geometry":{"type":"Point","coordinates":[3.34477,6.51455]}},{"type":"Feature","properties":{"name":"Iponri Primary Health Care Center","kind":"clinic","ownership":"Public","level":"Primary","kind_detail":"Primary Health Center","lga":"Surulere","ward":"Iponri / Eric Moore"},"geometry":{"type":"Point","coordinates":[3.36295,6.48816]}},{"type":"Feature","properties":{"name":"Sagbokoji Primary Health Center","kind":"clinic","ownership":"Public","level":"Primary","kind_detail":"Primary Health Center","lga":"Apapa","ward":"Abraham Adesanya"},"geometry":{"type":"Point","coordinates":[3.37591,6.43189]}},{"type":"Feature","properties":{"name":"Ilasa Health Center","kind":"clinic","ownership":"Unknown","level":"Primary","kind_detail":"Primary Health Center","lga":"Mushin","ward":"Igbehinadun"},"geometry":{"type":"Point","coordinates":[3.33742,6.52009]}},{"type":"Feature","properties":{"name":"Newton Diagnostics","kind":"clinic","ownership":"Private","level":"Primary","kind_detail":"Unknown","lga":"Shomolu","ward":"Onipanu (Shomolu)"},"geometry":{"type":"Point","coordinates":[3.37287,6.53667]}},{"type":"Feature","properties":{"name":"Hephzibah Eyes Care","kind":"clinic","ownership":"Private","level":"Primary","kind_detail":"Primary Health Center","lga":"Eti-Osa","ward":"Aboyade 1004"},"geometry":{"type":"Point","coordinates":[3.43061,6.43468]}},{"type":"Feature","properties":{"name":"Optical Cancer Care Foundation","kind":"clinic","ownership":"Private","level":"Primary","kind_detail":"Primary Health Center","lga":"Surulere","ward":"Iponri / Eric Moore"},"geometry":{"type":"Point","coordinates":[3.35862,6.48907]}},{"type":"Feature","properties":{"name":"Diphillab Vision Care and Opticals","kind":"clinic","ownership":"Unknown","level":"Primary","kind_detail":"Unknown","lga":"Lagos Mainland","ward":"Abule-Oja"},"geometry":{"type":"Point","coordinates":[3.38061,6.52185]}},{"type":"Feature","properties":{"name":"Tender Care","kind":"clinic","ownership":"Public","level":"Primary","kind_detail":"Primary Health Center","lga":"Shomolu","ward":"Owode Orile"},"geometry":{"type":"Point","coordinates":[3.38966,6.53492]}},{"type":"Feature","properties":{"name":"Betterlife","kind":"clinic","ownership":"Private","level":"Primary","kind_detail":"Primary Health Center","lga":"Eti-Osa","ward":"Okun Ajah / Okunmopo"},"geometry":{"type":"Point","coordinates":[3.61493,6.44928]}},{"type":"Feature","properties":{"name":"Saint Marys Hospital","kind":"clinic","ownership":"Unknown","level":"Primary","kind_detail":"Unknown","lga":"Surulere","ward":"Savage"},"geometry":{"type":"Point","coordinates":[3.34733,6.48984]}},{"type":"Feature","properties":{"name":"Chisom Clinic","kind":"clinic","ownership":"Private","level":"Primary","kind_detail":"Primary Health Center","lga":"Surulere","ward":"Coker (Surulere)"},"geometry":{"type":"Point","coordinates":[3.33275,6.47595]}},{"type":"Feature","properties":{"name":"Peju Diagnostic Centre","kind":"clinic","ownership":"Private","level":"Primary","kind_detail":"Unknown","lga":"Lagos Mainland","ward":"Okobaba"},"geometry":{"type":"Point","coordinates":[3.38597,6.48757]}},{"type":"Feature","properties":{"name":"Tabade Diagnostic Centre","kind":"clinic","ownership":"Unknown","level":"Primary","kind_detail":"Unknown","lga":"Lagos Mainland","ward":"Onike Oyadiran"},"geometry":{"type":"Point","coordinates":[3.38379,6.51036]}},{"type":"Feature","properties":{"name":"Akaka Diagnostic Centre","kind":"clinic","ownership":"Private","level":"Primary","kind_detail":"Unknown","lga":"Shomolu","ward":"Igbari"},"geometry":{"type":"Point","coordinates":[3.38683,6.52838]}},{"type":"Feature","properties":{"name":"The Premier Specialist Hospital","kind":"clinic","ownership":"Private","level":"Tertiary","kind_detail":"General Hospital","lga":"Eti-Osa","ward":"Ikate Lekki"},"geometry":{"type":"Point","coordinates":[3.47315,6.44269]}},{"type":"Feature","properties":{"name":"Skipper Eye Q Specialist Hospital","kind":"clinic","ownership":"Private","level":"Tertiary","kind_detail":"General Hospital","lga":"Eti-Osa","ward":"Kuramo"},"geometry":{"type":"Point","coordinates":[3.42713,6.4312]}},{"type":"Feature","properties":{"name":"Amethyst and Diagnostics Health Care Centre","kind":"clinic","ownership":"Private","level":"Secondary","kind_detail":"Unknown","lga":"Eti-Osa","ward":"Orile - Ilasan"},"geometry":{"type":"Point","coordinates":[3.46795,6.42834]}},{"type":"Feature","properties":{"name":"68 Nigerian Army Refence Hospital","kind":"clinic","ownership":"Unknown","level":"Secondary","kind_detail":"Unknown","lga":"Lagos Mainland","ward":"Harvey"},"geometry":{"type":"Point","coordinates":[3.37418,6.52043]}},{"type":"Feature","properties":{"name":"The Premier Specialist Hospital","kind":"clinic","ownership":"Private","level":"Tertiary","kind_detail":"General Hospital","lga":"Eti-Osa","ward":"Aboyade 1004"},"geometry":{"type":"Point","coordinates":[3.45731,6.43803]}},{"type":"Feature","properties":{"name":"Vrd Centre Fadeyi","kind":"clinic","ownership":"Unknown","level":"Primary","kind_detail":"Primary Health Center","lga":"Mushin","ward":"Alakara"},"geometry":{"type":"Point","coordinates":[3.36549,6.52692]}},{"type":"Feature","properties":{"name":"Tare Hospital","kind":"clinic","ownership":"Private","level":"Primary","kind_detail":"Primary Health Center","lga":"Lagos Mainland","ward":"Harvey"},"geometry":{"type":"Point","coordinates":[3.3693,6.52402]}},{"type":"Feature","properties":{"name":"Bmh Clinic","kind":"clinic","ownership":"Unknown","level":"Primary","kind_detail":"Primary Health Center","lga":"Lagos Island","ward":"Epetedo East"},"geometry":{"type":"Point","coordinates":[3.39948,6.45612]}},{"type":"Feature","properties":{"name":"Kinade Conv Centre","kind":"clinic","ownership":"Private","level":"Primary","kind_detail":"Primary Health Center","lga":"Surulere","ward":"Adeniran Ogunsanya"},"geometry":{"type":"Point","coordinates":[3.34987,6.49032]}},{"type":"Feature","properties":{"name":"St Martins Forres Clinic","kind":"clinic","ownership":"Unknown","level":"Primary","kind_detail":"Unknown","lga":"Lagos Mainland","ward":"Makoko"},"geometry":{"type":"Point","coordinates":[3.38776,6.49583]}},{"type":"Feature","properties":{"name":"Ikate Diagnostic Centre","kind":"clinic","ownership":"Private","level":"Secondary","kind_detail":"Unknown","lga":"Surulere","ward":"Muniru Baruwa"},"geometry":{"type":"Point","coordinates":[3.34388,6.50409]}},{"type":"Feature","properties":{"name":"Nordica Fertility Centre","kind":"clinic","ownership":"Unknown","level":"Tertiary","kind_detail":"General Hospital","lga":"Lagos Mainland","ward":"Harvey"},"geometry":{"type":"Point","coordinates":[3.37433,6.5069]}},{"type":"Feature","properties":{"name":"Christ Apostolic Church Hospital","kind":"clinic","ownership":"Private","level":"Primary","kind_detail":"Unknown","lga":"Surulere","ward":"Akinhunmi Cole"},"geometry":{"type":"Point","coordinates":[3.36216,6.51863]}},{"type":"Feature","properties":{"name":"Fafolu Mga Centre","kind":"clinic","ownership":"Public","level":"Primary","kind_detail":"Primary Health Center","lga":"Mushin","ward":"Ojuwoye"},"geometry":{"type":"Point","coordinates":[3.35468,6.53749]}},{"type":"Feature","properties":{"name":"Ogombo Off Abraham Adesanya Estate Ajah Health Center","kind":"clinic","ownership":"Public","level":"Primary","kind_detail":"Primary Health Center","lga":"Eti-Osa","ward":"Sangotedo"},"geometry":{"type":"Point","coordinates":[3.58523,6.46873]}},{"type":"Feature","properties":{"name":"Igbala Health Center","kind":"clinic","ownership":"Public","level":"Primary","kind_detail":"Primary Health Center","lga":"Mushin","ward":"Igbehinadun"},"geometry":{"type":"Point","coordinates":[3.34569,6.5195]}},{"type":"Feature","properties":{"name":"Nigerian Railway Hospital","kind":"clinic","ownership":"Public","level":"Secondary","kind_detail":"Unknown","lga":"Lagos Mainland","ward":"Iponri Olaleye"},"geometry":{"type":"Point","coordinates":[3.37285,6.50202]}},{"type":"Feature","properties":{"name":"Kayode Onipanu Health Center","kind":"clinic","ownership":"Public","level":"Primary","kind_detail":"Primary Health Center","lga":"Mushin","ward":"Kayode Fadeyi"},"geometry":{"type":"Point","coordinates":[3.36471,6.53261]}},{"type":"Feature","properties":{"name":"Sari Iganmu Primary Health Center","kind":"clinic","ownership":"Public","level":"Primary","kind_detail":"Primary Health Center","lga":"Apapa","ward":"Alafia (Apapa)"},"geometry":{"type":"Point","coordinates":[3.34179,6.47632]}},{"type":"Feature","properties":{"name":"D 2 Staff Clinic","kind":"clinic","ownership":"Private","level":"Primary","kind_detail":"Primary Health Center","lga":"Mushin","ward":"Ilupeju Industrial"},"geometry":{"type":"Point","coordinates":[3.35623,6.55617]}},{"type":"Feature","properties":{"name":"Glasmithkline Company Clinic","kind":"clinic","ownership":"Private","level":"Primary","kind_detail":"Primary Health Center","lga":"Mushin","ward":"Ilupeju Industrial"},"geometry":{"type":"Point","coordinates":[3.35435,6.5547]}},{"type":"Feature","properties":{"name":"Diamond Clinic","kind":"clinic","ownership":"Private","level":"Primary","kind_detail":"Primary Health Center","lga":"Mushin","ward":"Papa Ajao"},"geometry":{"type":"Point","coordinates":[3.34514,6.53577]}},{"type":"Feature","properties":{"name":"Ayatuga Health Care","kind":"clinic","ownership":"Unknown","level":"Primary","kind_detail":"Primary Health Center","lga":"Mushin","ward":"Ojuwoye"},"geometry":{"type":"Point","coordinates":[3.35384,6.53314]}},{"type":"Feature","properties":{"name":"Galili Eye","kind":"clinic","ownership":"Private","level":"Primary","kind_detail":"Primary Health Center","lga":"Surulere","ward":"Coker (Surulere)"},"geometry":{"type":"Point","coordinates":[3.33196,6.47589]}},{"type":"Feature","properties":{"name":"Mayfield Dental Clinic","kind":"clinic","ownership":"Private","level":"Primary","kind_detail":"Primary Health Center","lga":"Lagos Mainland","ward":"Alagomeji"},"geometry":{"type":"Point","coordinates":[3.37777,6.49716]}},{"type":"Feature","properties":{"name":"Global Abudu Hospital","kind":"clinic","ownership":"Private","level":"Primary","kind_detail":"Primary Health Center","lga":"Lagos Mainland","ward":"Alagomeji"},"geometry":{"type":"Point","coordinates":[3.37892,6.49989]}},{"type":"Feature","properties":{"name":"Ageless Physiotherapy Clinic","kind":"clinic","ownership":"Private","level":"Primary","kind_detail":"Primary Health Center","lga":"Eti-Osa","ward":"Addo"},"geometry":{"type":"Point","coordinates":[3.58878,6.49846]}},{"type":"Feature","properties":{"name":"Agbomola Tradomedical Clinic","kind":"clinic","ownership":"Private","level":"Primary","kind_detail":"Primary Health Center","lga":"Lagos Mainland","ward":"Ojo Oniyun"},"geometry":{"type":"Point","coordinates":[3.37793,6.48171]}},{"type":"Feature","properties":{"name":"Oluwalase Clinic","kind":"clinic","ownership":"Private","level":"Primary","kind_detail":"Primary Health Center","lga":"Mushin","ward":"Papa Ajao"},"geometry":{"type":"Point","coordinates":[3.3437,6.53893]}},{"type":"Feature","properties":{"name":"Ajoke Clinic","kind":"clinic","ownership":"Private","level":"Primary","kind_detail":"Primary Health Center","lga":"Mushin","ward":"Igbehinadun"},"geometry":{"type":"Point","coordinates":[3.34568,6.52172]}},{"type":"Feature","properties":{"name":"Am Hospital","kind":"clinic","ownership":"Private","level":"Primary","kind_detail":"Primary Health Center","lga":"Mushin","ward":"Odo Eran  /  Ogunlana"},"geometry":{"type":"Point","coordinates":[3.32782,6.50185]}},{"type":"Feature","properties":{"name":"Abulenla Clinic","kind":"clinic","ownership":"Private","level":"Primary","kind_detail":"Primary Health Center","lga":"Lagos Mainland","ward":"Alobal Desalu"},"geometry":{"type":"Point","coordinates":[3.37008,6.48471]}},{"type":"Feature","properties":{"name":"Based Community Primary Health Centre","kind":"clinic","ownership":"Unknown","level":"Primary","kind_detail":"Primary Health Center","lga":"Lagos Mainland","ward":"Adekunle"},"geometry":{"type":"Point","coordinates":[3.38206,6.4934]}},{"type":"Feature","properties":{"name":"Utibe Abasi Hospital","kind":"clinic","ownership":"Private","level":"Primary","kind_detail":"Primary Health Center","lga":"Surulere","ward":"Irone"},"geometry":{"type":"Point","coordinates":[3.33686,6.49095]}},{"type":"Feature","properties":{"name":"Family Health Hospital","kind":"clinic","ownership":"Private","level":"Primary","kind_detail":"Primary Health Center","lga":"Mushin","ward":"Idi Araba"},"geometry":{"type":"Point","coordinates":[3.36102,6.5172]}},{"type":"Feature","properties":{"name":"Providence Hospital","kind":"clinic","ownership":"Private","level":"Primary","kind_detail":"Primary Health Center","lga":"Eti-Osa","ward":"Ikoyi 2"},"geometry":{"type":"Point","coordinates":[3.42013,6.44101]}},{"type":"Feature","properties":{"name":"Cabinet Saintalbert Guy Saint Albert Hospital","kind":"clinic","ownership":"Private","level":"Primary","kind_detail":"Primary Health Center","lga":"Eti-Osa","ward":"Igbo Efon"},"geometry":{"type":"Point","coordinates":[3.55766,6.42499]}},{"type":"Feature","properties":{"name":"Kemta Clinic","kind":"clinic","ownership":"Private","level":"Primary","kind_detail":"Primary Health Center","lga":"Surulere","ward":"Mosafejo / Ojuelegba"},"geometry":{"type":"Point","coordinates":[3.36623,6.50685]}},{"type":"Feature","properties":{"name":"Aguda Limited Hospital","kind":"clinic","ownership":"Private","level":"Primary","kind_detail":"Primary Health Center","lga":"Surulere","ward":"Nuru Oniwo"},"geometry":{"type":"Point","coordinates":[3.33991,6.49613]}},{"type":"Feature","properties":{"name":"Prime Health Care","kind":"clinic","ownership":"Private","level":"Primary","kind_detail":"Primary Health Center","lga":"Surulere","ward":"Nuru Oniwo"},"geometry":{"type":"Point","coordinates":[3.34743,6.49866]}},{"type":"Feature","properties":{"name":"Q Med Clinic","kind":"clinic","ownership":"Private","level":"Primary","kind_detail":"Primary Health Center","lga":"Surulere","ward":"Adeniran Ogunsanya"},"geometry":{"type":"Point","coordinates":[3.35787,6.49684]}},{"type":"Feature","properties":{"name":"Dela Nursing Home","kind":"clinic","ownership":"Private","level":"Primary","kind_detail":"Primary Health Center","lga":"Mushin","ward":"Moshalashi / Agoro"},"geometry":{"type":"Point","coordinates":[3.34659,6.51695]}},{"type":"Feature","properties":{"name":"Massy Popo Aguda Children Hospital","kind":"clinic","ownership":"Unknown","level":"Primary","kind_detail":"Primary Health Center","lga":"Lagos Island","ward":"Okepopo West"},"geometry":{"type":"Point","coordinates":[3.39207,6.45498]}},{"type":"Feature","properties":{"name":"Divine Nursin Hme","kind":"clinic","ownership":"Private","level":"Primary","kind_detail":"Primary Health Center","lga":"Mushin","ward":"Alafia Adeoyo"},"geometry":{"type":"Point","coordinates":[3.34177,6.52655]}},{"type":"Feature","properties":{"name":"Noble Hospital and Maternity Home","kind":"clinic","ownership":"Unknown","level":"Primary","kind_detail":"Primary Health Clinic","lga":"Lagos Mainland","ward":"Harvey"},"geometry":{"type":"Point","coordinates":[3.37671,6.50031]}},{"type":"Feature","properties":{"name":"Vera Convalescent Center","kind":"clinic","ownership":"Unknown","level":"Primary","kind_detail":"Primary Health Center","lga":"Eti-Osa","ward":"Ajah"},"geometry":{"type":"Point","coordinates":[3.56549,6.46887]}},{"type":"Feature","properties":{"name":"New Hopefield Health Clinic and Maternity","kind":"clinic","ownership":"Unknown","level":"Primary","kind_detail":"Primary Health Clinic","lga":"Surulere","ward":"Osho"},"geometry":{"type":"Point","coordinates":[3.34229,6.4801]}},{"type":"Feature","properties":{"name":"Ijeshatedo","kind":"clinic","ownership":"Private","level":"Primary","kind_detail":"Primary Health Center","lga":"Surulere","ward":"Agunbiade"},"geometry":{"type":"Point","coordinates":[3.33173,6.49432]}},{"type":"Feature","properties":{"name":"Abagbo Health Center","kind":"clinic","ownership":"Public","level":"Primary","kind_detail":"Primary Health Center","lga":"Eti-Osa","ward":"Tarkwa Bay"},"geometry":{"type":"Point","coordinates":[3.38139,6.40698]}},{"type":"Feature","properties":{"name":"New Life Hospital","kind":"clinic","ownership":"Private","level":"Primary","kind_detail":"Primary Health Center","lga":"Eti-Osa","ward":"Tarkwa Bay"},"geometry":{"type":"Point","coordinates":[3.38929,6.40223]}},{"type":"Feature","properties":{"name":"Godson Clinic","kind":"clinic","ownership":"Private","level":"Primary","kind_detail":"Primary Health Center","lga":"Surulere","ward":"Savage"},"geometry":{"type":"Point","coordinates":[3.34636,6.48024]}},{"type":"Feature","properties":{"name":"Al Ameen Convalescent Home","kind":"clinic","ownership":"Private","level":"Primary","kind_detail":"Primary Health Center","lga":"Lagos Mainland","ward":"Makoko"},"geometry":{"type":"Point","coordinates":[3.38788,6.49652]}},{"type":"Feature","properties":{"name":"Hope Clinic Centre","kind":"clinic","ownership":"Private","level":"Primary","kind_detail":"Primary Health Center","lga":"Mushin","ward":"Ilupeju"},"geometry":{"type":"Point","coordinates":[3.36703,6.54499]}},{"type":"Feature","properties":{"name":"Under Construction Hospital","kind":"clinic","ownership":"Private","level":"Primary","kind_detail":"Primary Health Center","lga":"Eti-Osa","ward":"Okun Ajah / Okunmopo"},"geometry":{"type":"Point","coordinates":[3.60633,6.44474]}},{"type":"Feature","properties":{"name":"Arafat Clinic","kind":"clinic","ownership":"Private","level":"Primary","kind_detail":"Primary Health Center","lga":"Lagos Island","ward":"Oke Arin Idumota"},"geometry":{"type":"Point","coordinates":[3.38684,6.46228]}},{"type":"Feature","properties":{"name":"Vallian Hospital","kind":"clinic","ownership":"Private","level":"Primary","kind_detail":"Primary Health Center","lga":"Lagos Mainland","ward":"Onike Oyadiran"},"geometry":{"type":"Point","coordinates":[3.3836,6.50342]}},{"type":"Feature","properties":{"name":"Vip Clinic","kind":"clinic","ownership":"Private","level":"Primary","kind_detail":"Primary Health Center","lga":"Eti-Osa","ward":"Ikate Lekki"},"geometry":{"type":"Point","coordinates":[3.47582,6.45244]}},{"type":"Feature","properties":{"name":"Bimade Diagnostics Services","kind":"clinic","ownership":"Private","level":"Primary","kind_detail":"Unknown","lga":"Apapa","ward":"Ijora"},"geometry":{"type":"Point","coordinates":[3.36448,6.46818]}},{"type":"Feature","properties":{"name":"Patgelina Clinic","kind":"clinic","ownership":"Private","level":"Primary","kind_detail":"Primary Health Center","lga":"Lagos Mainland","ward":"Alobal Desalu"},"geometry":{"type":"Point","coordinates":[3.3726,6.48328]}},{"type":"Feature","properties":{"name":"Runsewe Hospital","kind":"clinic","ownership":"Private","level":"Primary","kind_detail":"Primary Health Center","lga":"Lagos Island","ward":"Idugunran / Idumagbo"},"geometry":{"type":"Point","coordinates":[3.39025,6.46264]}},{"type":"Feature","properties":{"name":"Our Lady Of Lords Catholic Clinic","kind":"clinic","ownership":"Private","level":"Primary","kind_detail":"Primary Health Center","lga":"Surulere","ward":"Coker (Surulere)"},"geometry":{"type":"Point","coordinates":[3.33181,6.47681]}},{"type":"Feature","properties":{"name":"Korea Acupuncture Hospital","kind":"clinic","ownership":"Private","level":"Primary","kind_detail":"Primary Health Center","lga":"Lagos Mainland","ward":"Freeman / Glover"},"geometry":{"type":"Point","coordinates":[3.38643,6.48605]}},{"type":"Feature","properties":{"name":"Rabonni Specialist Hospital","kind":"clinic","ownership":"Private","level":"Tertiary","kind_detail":"General Hospital","lga":"Shomolu","ward":"Pedro / Gbagada"},"geometry":{"type":"Point","coordinates":[3.37406,6.54479]}},{"type":"Feature","properties":{"name":"Physiotherapy Dental Clinic","kind":"clinic","ownership":"Private","level":"Primary","kind_detail":"Primary Health Center","lga":"Eti-Osa","ward":"Ajah"},"geometry":{"type":"Point","coordinates":[3.56205,6.46639]}},{"type":"Feature","properties":{"name":"Nusamin Annex Hospital","kind":"clinic","ownership":"Private","level":"Primary","kind_detail":"Primary Health Center","lga":"Surulere","ward":"Iponri / Eric Moore"},"geometry":{"type":"Point","coordinates":[3.35275,6.48721]}},{"type":"Feature","properties":{"name":"New Health Clinic","kind":"clinic","ownership":"Private","level":"Primary","kind_detail":"Primary Health Center","lga":"Surulere","ward":"Osho"},"geometry":{"type":"Point","coordinates":[3.34364,6.47935]}},{"type":"Feature","properties":{"name":"Foundation Laboratory","kind":"clinic","ownership":"Private","level":"Primary","kind_detail":"Unknown","lga":"Surulere","ward":"Baale"},"geometry":{"type":"Point","coordinates":[3.34288,6.4797]}},{"type":"Feature","properties":{"name":"Rapha Eye Clinic","kind":"clinic","ownership":"Private","level":"Primary","kind_detail":"Primary Health Center","lga":"Surulere","ward":"Ararile"},"geometry":{"type":"Point","coordinates":[3.36558,6.50565]}},{"type":"Feature","properties":{"name":"Xserve S Children Hospital","kind":"clinic","ownership":"Private","level":"Primary","kind_detail":"Primary Health Center","lga":"Surulere","ward":"Adeniran Ogunsanya"},"geometry":{"type":"Point","coordinates":[3.34926,6.50259]}},{"type":"Feature","properties":{"name":"Ear Nose and Throat Clinic","kind":"clinic","ownership":"Private","level":"Primary","kind_detail":"Primary Health Center","lga":"Surulere","ward":"Shitta/Bankolemoh"},"geometry":{"type":"Point","coordinates":[3.35219,6.5039]}},{"type":"Feature","properties":{"name":"Akitrungra Korea Hospital","kind":"clinic","ownership":"Private","level":"Primary","kind_detail":"Primary Health Center","lga":"Surulere","ward":"Babatunde Ayilara"},"geometry":{"type":"Point","coordinates":[3.35179,6.50522]}},{"type":"Feature","properties":{"name":"Supreme Health Clinic","kind":"clinic","ownership":"Unknown","level":"Primary","kind_detail":"Primary Health Center","lga":"Surulere","ward":"Babatunde Ayilara"},"geometry":{"type":"Point","coordinates":[3.35986,6.51068]}},{"type":"Feature","properties":{"name":"St Edmund Clinic","kind":"clinic","ownership":"Private","level":"Primary","kind_detail":"Primary Health Center","lga":"Surulere","ward":"Babatunde Ayilara"},"geometry":{"type":"Point","coordinates":[3.35911,6.5099]}},{"type":"Feature","properties":{"name":"Kate Medical Clinic","kind":"clinic","ownership":"Private","level":"Primary","kind_detail":"Primary Health Center","lga":"Lagos Island","ward":"Olosun Oju Oto"},"geometry":{"type":"Point","coordinates":[3.39112,6.45357]}},{"type":"Feature","properties":{"name":"Mabadeje Specialist Hospital","kind":"clinic","ownership":"Public","level":"Tertiary","kind_detail":"General Hospital","lga":"Shomolu","ward":"Apelehin"},"geometry":{"type":"Point","coordinates":[3.38713,6.54767]}},{"type":"Feature","properties":{"name":"Glory Hospital and Maternity","kind":"clinic","ownership":"Private","level":"Primary","kind_detail":"Primary Health Clinic","lga":"Surulere","ward":"Coker (Surulere)"},"geometry":{"type":"Point","coordinates":[3.33115,6.47856]}},{"type":"Feature","properties":{"name":"Ore Ofe Hospital","kind":"clinic","ownership":"Private","level":"Primary","kind_detail":"Primary Health Center","lga":"Lagos Mainland","ward":"Botanical Gardens"},"geometry":{"type":"Point","coordinates":[3.37199,6.4822]}},{"type":"Feature","properties":{"name":"Onala Health Post","kind":"clinic","ownership":"Public","level":"Primary","kind_detail":"Health Post","lga":"Lagos Island","ward":"Anikantanmo"},"geometry":{"type":"Point","coordinates":[3.39234,6.4574]}},{"type":"Feature","properties":{"name":"Mountain Of Fire Hospital","kind":"clinic","ownership":"Private","level":"Primary","kind_detail":"Unknown","lga":"Mushin","ward":"Oduseluola"},"geometry":{"type":"Point","coordinates":[3.32915,6.50853]}},{"type":"Feature","properties":{"name":"Durooyedoyin Health Post","kind":"clinic","ownership":"Public","level":"Primary","kind_detail":"Health Post","lga":"Surulere","ward":"Airways"},"geometry":{"type":"Point","coordinates":[3.32865,6.49201]}},{"type":"Feature","properties":{"name":"Ogungbaiye Primary Health Center","kind":"clinic","ownership":"Public","level":"Primary","kind_detail":"Primary Health Center","lga":"Mushin","ward":"Babalosa 2"},"geometry":{"type":"Point","coordinates":[3.3533,6.52528]}},{"type":"Feature","properties":{"name":"Mushin Health Center","kind":"clinic","ownership":"Unknown","level":"Primary","kind_detail":"Primary Health Center","lga":"Mushin","ward":"Babalosa 2"},"geometry":{"type":"Point","coordinates":[3.3547,6.52491]}},{"type":"Feature","properties":{"name":"Jimi Bami","kind":"clinic","ownership":"Private","level":"Primary","kind_detail":"Primary Health Center","lga":"Apapa","ward":"Badia"},"geometry":{"type":"Point","coordinates":[3.36122,6.46636]}},{"type":"Feature","properties":{"name":"Mercy Maternity Centre","kind":"clinic","ownership":"Private","level":"Primary","kind_detail":"Primary Health Clinic","lga":"Mushin","ward":"Papa Ajao"},"geometry":{"type":"Point","coordinates":[3.34598,6.5342]}},{"type":"Feature","properties":{"name":"Idera Hospital and Maternity Home","kind":"clinic","ownership":"Private","level":"Primary","kind_detail":"Primary Health Clinic","lga":"Lagos Mainland","ward":"Ojo Oniyun"},"geometry":{"type":"Point","coordinates":[3.37713,6.4829]}},{"type":"Feature","properties":{"name":"Olutoba Clinic","kind":"clinic","ownership":"Private","level":"Primary","kind_detail":"Primary Health Center","lga":"Mushin","ward":"Babalosa 1"},"geometry":{"type":"Point","coordinates":[3.35441,6.52984]}},{"type":"Feature","properties":{"name":"Dove Langbasa Hospital","kind":"clinic","ownership":"Private","level":"Primary","kind_detail":"Primary Health Center","lga":"Eti-Osa","ward":"Addo"},"geometry":{"type":"Point","coordinates":[3.58936,6.49858]}},{"type":"Feature","properties":{"name":"Divine Favour Maternity Home","kind":"clinic","ownership":"Private","level":"Primary","kind_detail":"Primary Health Clinic","lga":"Mushin","ward":"Ojuwoye"},"geometry":{"type":"Point","coordinates":[3.35256,6.53411]}},{"type":"Feature","properties":{"name":"Oluwaseun King Maternity","kind":"clinic","ownership":"Private","level":"Primary","kind_detail":"Primary Health Clinic","lga":"Shomolu","ward":"Akoka /  Anuoluwapo"},"geometry":{"type":"Point","coordinates":[3.39001,6.53144]}},{"type":"Feature","properties":{"name":"Bethelzar Shallom Health Care","kind":"clinic","ownership":"Private","level":"Primary","kind_detail":"Primary Health Center","lga":"Lagos Mainland","ward":"Abule-Ijesha"},"geometry":{"type":"Point","coordinates":[3.3781,6.52475]}},{"type":"Feature","properties":{"name":"The Pmarks Maternity Home","kind":"clinic","ownership":"Private","level":"Primary","kind_detail":"Primary Health Clinic","lga":"Shomolu","ward":"Akoka /  Anuoluwapo"},"geometry":{"type":"Point","coordinates":[3.39452,6.53034]}},{"type":"Feature","properties":{"name":"Alhameed Convalescent Hospital","kind":"clinic","ownership":"Private","level":"Primary","kind_detail":"Primary Health Center","lga":"Mushin","ward":"Babalosa 2"},"geometry":{"type":"Point","coordinates":[3.35486,6.52555]}},{"type":"Feature","properties":{"name":"Blu Ray Hospital","kind":"clinic","ownership":"Private","level":"Primary","kind_detail":"Primary Health Center","lga":"Eti-Osa","ward":"Addo"},"geometry":{"type":"Point","coordinates":[3.58453,6.49685]}},{"type":"Feature","properties":{"name":"Goshen Care Hospital","kind":"clinic","ownership":"Private","level":"Primary","kind_detail":"Primary Health Center","lga":"Eti-Osa","ward":"Ajiran Osapa"},"geometry":{"type":"Point","coordinates":[3.5154,6.44264]}},{"type":"Feature","properties":{"name":"Bares Hospital","kind":"clinic","ownership":"Private","level":"Primary","kind_detail":"Primary Health Center","lga":"Eti-Osa","ward":"Apese"},"geometry":{"type":"Point","coordinates":[3.4447,6.42703]}},{"type":"Feature","properties":{"name":"Folad Clinic and Maternity Centre","kind":"clinic","ownership":"Private","level":"Primary","kind_detail":"Primary Health Clinic","lga":"Surulere","ward":"Airways"},"geometry":{"type":"Point","coordinates":[3.32624,6.49284]}},{"type":"Feature","properties":{"name":"Lebanese Hospital and Maternity Home","kind":"clinic","ownership":"Private","level":"Primary","kind_detail":"Primary Health Clinic","lga":"Shomolu","ward":"Pedro / Gbagada"},"geometry":{"type":"Point","coordinates":[3.37084,6.5488]}},{"type":"Feature","properties":{"name":"Aburimekorea Acupuncture Hospital","kind":"clinic","ownership":"Private","level":"Primary","kind_detail":"Primary Health Center","lga":"Shomolu","ward":"Pedro / Gbagada"},"geometry":{"type":"Point","coordinates":[3.36982,6.54468]}},{"type":"Feature","properties":{"name":"Mazaf Medical Center","kind":"clinic","ownership":"Private","level":"Secondary","kind_detail":"Primary Health Clinic","lga":"Eti-Osa","ward":"Sangotedo"},"geometry":{"type":"Point","coordinates":[3.63247,6.46667]}},{"type":"Feature","properties":{"name":"Providence Hospital","kind":"clinic","ownership":"Private","level":"Primary","kind_detail":"Primary Health Center","lga":"Surulere","ward":"Ararile"},"geometry":{"type":"Point","coordinates":[3.36199,6.49506]}},{"type":"Feature","properties":{"name":"Beulah Medical Center","kind":"clinic","ownership":"Private","level":"Primary","kind_detail":"Primary Health Clinic","lga":"Shomolu","ward":"Akoka /  Anuoluwapo"},"geometry":{"type":"Point","coordinates":[3.38608,6.5257]}},{"type":"Feature","properties":{"name":"Williams Memorial Methodist Church Clinic","kind":"clinic","ownership":"Private","level":"Primary","kind_detail":"Primary Health Center","lga":"Lagos Mainland","ward":"Iponri Olaleye"},"geometry":{"type":"Point","coordinates":[3.3806,6.48317]}},{"type":"Feature","properties":{"name":"Omo Medical Health Centre","kind":"clinic","ownership":"Private","level":"Primary","kind_detail":"Primary Health Center","lga":"Mushin","ward":"Ilupeju"},"geometry":{"type":"Point","coordinates":[3.36362,6.53885]}},{"type":"Feature","properties":{"name":"Kaaf Medical Center","kind":"clinic","ownership":"Private","level":"Primary","kind_detail":"Primary Health Clinic","lga":"Lagos Mainland","ward":"Abule-Oja"},"geometry":{"type":"Point","coordinates":[3.3974,6.51432]}},{"type":"Feature","properties":{"name":"Hamaab Medical Center","kind":"clinic","ownership":"Private","level":"Primary","kind_detail":"Primary Health Clinic","lga":"Surulere","ward":"Babatunde Ayilara"},"geometry":{"type":"Point","coordinates":[3.34873,6.50935]}},{"type":"Feature","properties":{"name":"Gloryland Hospital","kind":"clinic","ownership":"Private","level":"Primary","kind_detail":"Primary Health Center","lga":"Surulere","ward":"Ramoni"},"geometry":{"type":"Point","coordinates":[3.34857,6.50718]}},{"type":"Feature","properties":{"name":"Prisms Health Care","kind":"clinic","ownership":"Private","level":"Primary","kind_detail":"Primary Health Center","lga":"Surulere","ward":"Iponri / Eric Moore"},"geometry":{"type":"Point","coordinates":[3.35266,6.48856]}},{"type":"Feature","properties":{"name":"Mandot Calcuttaapapa Hospital","kind":"clinic","ownership":"Private","level":"Primary","kind_detail":"Primary Health Center","lga":"Apapa","ward":"Abraham Adesanya"},"geometry":{"type":"Point","coordinates":[3.36465,6.43985]}},{"type":"Feature","properties":{"name":"Risaaj and Medicure Hospital","kind":"clinic","ownership":"Private","level":"Primary","kind_detail":"Primary Health Center","lga":"Mushin","ward":"Onitire"},"geometry":{"type":"Point","coordinates":[3.34405,6.5163]}},{"type":"Feature","properties":{"name":"Tree Of Life Maternity Clinic","kind":"clinic","ownership":"Private","level":"Primary","kind_detail":"Primary Health Clinic","lga":"Surulere","ward":"Airways"},"geometry":{"type":"Point","coordinates":[3.32774,6.48711]}},{"type":"Feature","properties":{"name":"Peck Mark Clinic","kind":"clinic","ownership":"Private","level":"Primary","kind_detail":"Primary Health Center","lga":"Shomolu","ward":"Akoka /  Anuoluwapo"},"geometry":{"type":"Point","coordinates":[3.38631,6.52641]}},{"type":"Feature","properties":{"name":"Unity Surulere Branch Hospital","kind":"clinic","ownership":"Private","level":"Primary","kind_detail":"Primary Health Center","lga":"Surulere","ward":"Mosafejo / Ojuelegba"},"geometry":{"type":"Point","coordinates":[3.36422,6.50992]}},{"type":"Feature","properties":{"name":"Crown Hospital","kind":"clinic","ownership":"Private","level":"Primary","kind_detail":"Primary Health Center","lga":"Shomolu","ward":"Seriki"},"geometry":{"type":"Point","coordinates":[3.39804,6.53938]}},{"type":"Feature","properties":{"name":"T and S Bombay Apapa Hospital","kind":"clinic","ownership":"Private","level":"Primary","kind_detail":"Primary Health Center","lga":"Apapa","ward":"Abraham Adesanya"},"geometry":{"type":"Point","coordinates":[3.36554,6.44152]}},{"type":"Feature","properties":{"name":"Oshodi Federal Medical Center","kind":"clinic","ownership":"Unknown","level":"Secondary","kind_detail":"Unknown","lga":"Mushin","ward":"Papa Ajao"},"geometry":{"type":"Point","coordinates":[3.35016,6.55068]}},{"type":"Feature","properties":{"name":"Oshodi Federal Neuro Psychiatric Hospital","kind":"clinic","ownership":"Unknown","level":"Secondary","kind_detail":"Unknown","lga":"Mushin","ward":"Papa Ajao"},"geometry":{"type":"Point","coordinates":[3.34879,6.54862]}},{"type":"Feature","properties":{"name":"Legus Specialist Hospital","kind":"clinic","ownership":"Private","level":"Tertiary","kind_detail":"General Hospital","lga":"Mushin","ward":"Babalosa 1"},"geometry":{"type":"Point","coordinates":[3.3587,6.53195]}},{"type":"Feature","properties":{"name":"Nigeria Institute Of Health Center","kind":"clinic","ownership":"Unknown","level":"Primary","kind_detail":"Primary Health Center","lga":"Lagos Mainland","ward":"Harvey"},"geometry":{"type":"Point","coordinates":[3.3707,6.51394]}},{"type":"Feature","properties":{"name":"German Friendship Specialist Hospital","kind":"clinic","ownership":"Private","level":"Tertiary","kind_detail":"General Hospital","lga":"Surulere","ward":"Ararile"},"geometry":{"type":"Point","coordinates":[3.3625,6.49784]}},{"type":"Feature","properties":{"name":"Safco Mage Healthcare Hospital Off Abraham Adesanya Estate","kind":"clinic","ownership":"Private","level":"Primary","kind_detail":"Primary Health Center","lga":"Eti-Osa","ward":"Sangotedo"},"geometry":{"type":"Point","coordinates":[3.58533,6.46489]}},{"type":"Feature","properties":{"name":"Cornell Health Services","kind":"clinic","ownership":"Private","level":"Primary","kind_detail":"Primary Health Center","lga":"Surulere","ward":"Nuru Oniwo"},"geometry":{"type":"Point","coordinates":[3.34914,6.49969]}},{"type":"Feature","properties":{"name":"Lifeline Hospital","kind":"clinic","ownership":"Unknown","level":"Primary","kind_detail":"Unknown","lga":"Surulere","ward":"Sanusi"},"geometry":{"type":"Point","coordinates":[3.33282,6.50185]}},{"type":"Feature","properties":{"name":"Osanic Homeopaedic Clinic","kind":"clinic","ownership":"Unknown","level":"Primary","kind_detail":"Unknown","lga":"Lagos Mainland","ward":"Abule-Oja"},"geometry":{"type":"Point","coordinates":[3.38029,6.52284]}},{"type":"Feature","properties":{"name":"The Legal Clinic","kind":"clinic","ownership":"Unknown","level":"Primary","kind_detail":"Unknown","lga":"Lagos Mainland","ward":"Alagomeji"},"geometry":{"type":"Point","coordinates":[3.37693,6.49707]}},{"type":"Feature","properties":{"name":"Gold Cross Hospital","kind":"clinic","ownership":"Unknown","level":"Primary","kind_detail":"Unknown","lga":"Lagos Mainland","ward":"Salami / Bayewunmi"},"geometry":{"type":"Point","coordinates":[3.38683,6.50851]}},{"type":"Feature","properties":{"name":"Osteopathic Clinic","kind":"clinic","ownership":"Unknown","level":"Primary","kind_detail":"Unknown","lga":"Lagos Mainland","ward":"Alagomeji"},"geometry":{"type":"Point","coordinates":[3.38033,6.49821]}},{"type":"Feature","properties":{"name":"Ultra Care Hospital","kind":"clinic","ownership":"Private","level":"Primary","kind_detail":"Primary Health Center","lga":"Eti-Osa","ward":"Kuramo"},"geometry":{"type":"Point","coordinates":[3.42675,6.43105]}},{"type":"Feature","properties":{"name":"Itire Laboratory","kind":"clinic","ownership":"Private","level":"Secondary","kind_detail":"Unknown","lga":"Surulere","ward":"Akinhunmi Cole"},"geometry":{"type":"Point","coordinates":[3.36217,6.51054]}},{"type":"Feature","properties":{"name":"Ebenezeri Hospital","kind":"clinic","ownership":"Unknown","level":"Primary","kind_detail":"Unknown","lga":"Lagos Mainland","ward":"Salami / Bayewunmi"},"geometry":{"type":"Point","coordinates":[3.38672,6.51041]}},{"type":"Feature","properties":{"name":"Victoria Medical Clinic Tomaro","kind":"clinic","ownership":"Public","level":"Primary","kind_detail":"Unknown","lga":"Apapa","ward":"Abraham Adesanya"},"geometry":{"type":"Point","coordinates":[3.36304,6.41859]}},{"type":"Feature","properties":{"name":"Classic Pharmacy","kind":"clinic","ownership":"Private","level":"Primary","kind_detail":"Unknown","lga":"Surulere","ward":"Babatunde Ayilara"},"geometry":{"type":"Point","coordinates":[3.36204,6.5102]}},{"type":"Feature","properties":{"name":"Stripes Pharmacy","kind":"clinic","ownership":"Private","level":"Primary","kind_detail":"Unknown","lga":"Shomolu","ward":"Onipanu (Shomolu)"},"geometry":{"type":"Point","coordinates":[3.36826,6.53551]}},{"type":"Feature","properties":{"name":"Yaba Eye Clinic","kind":"clinic","ownership":"Unknown","level":"Primary","kind_detail":"Unknown","lga":"Lagos Mainland","ward":"Harvey"},"geometry":{"type":"Point","coordinates":[3.37319,6.50853]}},{"type":"Feature","properties":{"name":"Stevmik Beauty Institute Clinic","kind":"clinic","ownership":"Unknown","level":"Primary","kind_detail":"Unknown","lga":"Lagos Mainland","ward":"Harvey"},"geometry":{"type":"Point","coordinates":[3.37636,6.51382]}},{"type":"Feature","properties":{"name":"National Cervical and Cancer Hospital","kind":"clinic","ownership":"Unknown","level":"Primary","kind_detail":"Unknown","lga":"Surulere","ward":"Muniru Baruwa"},"geometry":{"type":"Point","coordinates":[3.34466,6.50205]}},{"type":"Feature","properties":{"name":"Victory and Metality Clinic","kind":"clinic","ownership":"Unknown","level":"Primary","kind_detail":"Unknown","lga":"Shomolu","ward":"Akoka /  Anuoluwapo"},"geometry":{"type":"Point","coordinates":[3.38678,6.52422]}},{"type":"Feature","properties":{"name":"Jag Bon Medical Center","kind":"clinic","ownership":"Unknown","level":"Primary","kind_detail":"Primary Health Clinic","lga":"Mushin","ward":"Alakara"},"geometry":{"type":"Point","coordinates":[3.36713,6.52032]}},{"type":"Feature","properties":{"name":"Dr Kehinde Ajayis Clinic","kind":"clinic","ownership":"Unknown","level":"Primary","kind_detail":"Primary Health Center","lga":"Lagos Island","ward":"Ajele"},"geometry":{"type":"Point","coordinates":[3.3905,6.45068]}},{"type":"Feature","properties":{"name":"Healthpro Medical Hospital","kind":"clinic","ownership":"Private","level":"Primary","kind_detail":"Primary Health Center","lga":"Eti-Osa","ward":"Sangotedo"},"geometry":{"type":"Point","coordinates":[3.58826,6.4688]}},{"type":"Feature","properties":{"name":"Nature Hospital","kind":"clinic","ownership":"Unknown","level":"Primary","kind_detail":"Primary Health Center","lga":"Mushin","ward":"Mushin Atewolara"},"geometry":{"type":"Point","coordinates":[3.34772,6.53131]}},{"type":"Feature","properties":{"name":"Elyon Eye Clinic","kind":"clinic","ownership":"Unknown","level":"Tertiary","kind_detail":"General Hospital","lga":"Mushin","ward":"Ilupeju"},"geometry":{"type":"Point","coordinates":[3.36407,6.5473]}},{"type":"Feature","properties":{"name":"St Dans Convalescent Home","kind":"clinic","ownership":"Private","level":"Primary","kind_detail":"Primary Health Center","lga":"Lagos Mainland","ward":"Makoko"},"geometry":{"type":"Point","coordinates":[3.38802,6.50018]}},{"type":"Feature","properties":{"name":"Belan Consultant Home","kind":"clinic","ownership":"Public","level":"Primary","kind_detail":"Primary Health Center","lga":"Mushin","ward":"Onitire"},"geometry":{"type":"Point","coordinates":[3.34158,6.51435]}},{"type":"Feature","properties":{"name":"Stars Clinic","kind":"clinic","ownership":"Unknown","level":"Primary","kind_detail":"Primary Health Center","lga":"Lagos Mainland","ward":"Ojo Oniyun"},"geometry":{"type":"Point","coordinates":[3.37732,6.48169]}},{"type":"Feature","properties":{"name":"Grace and Georgee Clinic and Maternity","kind":"clinic","ownership":"Unknown","level":"Primary","kind_detail":"Primary Health Clinic","lga":"Apapa","ward":"Badia"},"geometry":{"type":"Point","coordinates":[3.35992,6.46729]}},{"type":"Feature","properties":{"name":"Femtab Hospital","kind":"clinic","ownership":"Unknown","level":"Primary","kind_detail":"Primary Health Center","lga":"Mushin","ward":"Alafia Adeoyo"},"geometry":{"type":"Point","coordinates":[3.34271,6.53052]}},{"type":"Feature","properties":{"name":"Magdalene Hospital","kind":"clinic","ownership":"Unknown","level":"Primary","kind_detail":"Primary Health Center","lga":"Lagos Mainland","ward":"Harvey"},"geometry":{"type":"Point","coordinates":[3.37372,6.50812]}},{"type":"Feature","properties":{"name":"St Femos Conual Home","kind":"clinic","ownership":"Private","level":"Primary","kind_detail":"Primary Health Center","lga":"Mushin","ward":"Oduseluola"},"geometry":{"type":"Point","coordinates":[3.32937,6.509]}},{"type":"Feature","properties":{"name":"Media Clinic","kind":"clinic","ownership":"Unknown","level":"Primary","kind_detail":"Primary Health Center","lga":"Lagos Island","ward":"Idugunran / Idumagbo"},"geometry":{"type":"Point","coordinates":[3.3913,6.46393]}},{"type":"Feature","properties":{"name":"Adeniji Adele Primary Health Center","kind":"clinic","ownership":"Unknown","level":"Primary","kind_detail":"Primary Health Center","lga":"Lagos Island","ward":"Idugunran / Idumagbo"},"geometry":{"type":"Point","coordinates":[3.3927,6.4635]}},{"type":"Feature","properties":{"name":"Hamdallah Clinic","kind":"clinic","ownership":"Unknown","level":"Primary","kind_detail":"Primary Health Center","lga":"Eti-Osa","ward":"Addo"},"geometry":{"type":"Point","coordinates":[3.58429,6.48828]}},{"type":"Feature","properties":{"name":"Betlem Hospital","kind":"clinic","ownership":"Unknown","level":"Primary","kind_detail":"Primary Health Center","lga":"Mushin","ward":"Onitire"},"geometry":{"type":"Point","coordinates":[3.3443,6.51648]}},{"type":"Feature","properties":{"name":"St Claire Specialist Clinic","kind":"clinic","ownership":"Unknown","level":"Tertiary","kind_detail":"General Hospital","lga":"Mushin","ward":"Idi Araba"},"geometry":{"type":"Point","coordinates":[3.35968,6.51569]}},{"type":"Feature","properties":{"name":"Anibech Nursing and Maternity Home","kind":"clinic","ownership":"Unknown","level":"Primary","kind_detail":"Primary Health Clinic","lga":"Surulere","ward":"Irone"},"geometry":{"type":"Point","coordinates":[3.33313,6.48907]}},{"type":"Feature","properties":{"name":"Kamson Maternity Home","kind":"clinic","ownership":"Unknown","level":"Primary","kind_detail":"Primary Health Clinic","lga":"Surulere","ward":"Sanusi"},"geometry":{"type":"Point","coordinates":[3.32892,6.49969]}},{"type":"Feature","properties":{"name":"Able God Hospital Maternity","kind":"clinic","ownership":"Unknown","level":"Primary","kind_detail":"Primary Health Clinic","lga":"Mushin","ward":"Oduseluola"},"geometry":{"type":"Point","coordinates":[3.33173,6.50409]}},{"type":"Feature","properties":{"name":"A and A Diagnostic Medical Center","kind":"clinic","ownership":"Unknown","level":"Primary","kind_detail":"Primary Health Center","lga":"Mushin","ward":"Idi Araba"},"geometry":{"type":"Point","coordinates":[3.35608,6.51471]}},{"type":"Feature","properties":{"name":"Mount Sinai Specialist Hospital","kind":"clinic","ownership":"Unknown","level":"Tertiary","kind_detail":"General Hospital","lga":"Lagos Island","ward":"Araromi Odo"},"geometry":{"type":"Point","coordinates":[3.4043,6.4447]}},{"type":"Feature","properties":{"name":"Pat Thomas Specialist Hospital","kind":"clinic","ownership":"Unknown","level":"Tertiary","kind_detail":"Unknown","lga":"Surulere","ward":"Irone"},"geometry":{"type":"Point","coordinates":[3.33893,6.49548]}},{"type":"Feature","properties":{"name":"Oko Awo Public Health Care","kind":"clinic","ownership":"Unknown","level":"Primary","kind_detail":"Primary Health Center","lga":"Lagos Island","ward":"Ilupesi Ebute Awo"},"geometry":{"type":"Point","coordinates":[3.3913,6.45972]}},{"type":"Feature","properties":{"name":"Omodunni Maternity Home","kind":"clinic","ownership":"Unknown","level":"Primary","kind_detail":"Primary Health Clinic","lga":"Surulere","ward":"Savage"},"geometry":{"type":"Point","coordinates":[3.34528,6.47931]}},{"type":"Feature","properties":{"name":"Fountain Medical Center","kind":"clinic","ownership":"Unknown","level":"Primary","kind_detail":"Primary Health Clinic","lga":"Surulere","ward":"Agunbiade"},"geometry":{"type":"Point","coordinates":[3.32709,6.49408]}},{"type":"Feature","properties":{"name":"Tim Shalom Medical Center","kind":"clinic","ownership":"Unknown","level":"Primary","kind_detail":"Primary Health Clinic","lga":"Surulere","ward":"Irone"},"geometry":{"type":"Point","coordinates":[3.33691,6.49152]}},{"type":"Feature","properties":{"name":"Ota Medical Hospital","kind":"clinic","ownership":"Unknown","level":"Primary","kind_detail":"Primary Health Center","lga":"Surulere","ward":"Obele Oniwala"},"geometry":{"type":"Point","coordinates":[3.35608,6.51312]}},{"type":"Feature","properties":{"name":"Crownwell Hospital","kind":"clinic","ownership":"Unknown","level":"Primary","kind_detail":"Primary Health Center","lga":"Surulere","ward":"Irone"},"geometry":{"type":"Point","coordinates":[3.33588,6.48749]}},{"type":"Feature","properties":{"name":"Odonton Ville Dental Clinic","kind":"clinic","ownership":"Unknown","level":"Tertiary","kind_detail":"General Hospital","lga":"Mushin","ward":"Ilupeju Industrial"},"geometry":{"type":"Point","coordinates":[3.36407,6.55731]}},{"type":"Feature","properties":{"name":"Babs Medical Center","kind":"clinic","ownership":"Unknown","level":"Primary","kind_detail":"Primary Health Clinic","lga":"Lagos Island","ward":"Oko Awo Agarawu"},"geometry":{"type":"Point","coordinates":[3.39008,6.45813]}},{"type":"Feature","properties":{"name":"Standard Medical Center","kind":"clinic","ownership":"Unknown","level":"Primary","kind_detail":"Primary Health Clinic","lga":"Surulere","ward":"Nuru Oniwo"},"geometry":{"type":"Point","coordinates":[3.34711,6.49792]}},{"type":"Feature","properties":{"name":"Schubbs Dental Clinic","kind":"clinic","ownership":"Unknown","level":"Tertiary","kind_detail":"General Hospital","lga":"Apapa","ward":"Abraham Adesanya"},"geometry":{"type":"Point","coordinates":[3.36908,6.4411]}},{"type":"Feature","properties":{"name":"Hefman Clinic","kind":"clinic","ownership":"Unknown","level":"Primary","kind_detail":"Primary Health Center","lga":"Surulere","ward":"Osho"},"geometry":{"type":"Point","coordinates":[3.34448,6.47968]}},{"type":"Feature","properties":{"name":"B 1 G Medical Hospital","kind":"clinic","ownership":"Unknown","level":"Primary","kind_detail":"Primary Health Center","lga":"Apapa","ward":"Alafia (Apapa)"},"geometry":{"type":"Point","coordinates":[3.34631,6.47229]}},{"type":"Feature","properties":{"name":"Parklande Specialist Hospital","kind":"clinic","ownership":"Unknown","level":"Primary","kind_detail":"Primary Health Center","lga":"Surulere","ward":"Ararile"},"geometry":{"type":"Point","coordinates":[3.36188,6.4953]}},{"type":"Feature","properties":{"name":"Moria Hospital","kind":"clinic","ownership":"Unknown","level":"Primary","kind_detail":"Primary Health Center","lga":"Surulere","ward":"Ramoni"},"geometry":{"type":"Point","coordinates":[3.34589,6.50232]}},{"type":"Feature","properties":{"name":"Lapic Medical Center","kind":"clinic","ownership":"Unknown","level":"Primary","kind_detail":"Primary Health Clinic","lga":"Lagos Island","ward":"Oko Awo Agarawu"},"geometry":{"type":"Point","coordinates":[3.39032,6.45752]}},{"type":"Feature","properties":{"name":"T B S Federal Dental Clinic","kind":"clinic","ownership":"Unknown","level":"Tertiary","kind_detail":"General Hospital","lga":"Lagos Island","ward":"Ajele"},"geometry":{"type":"Point","coordinates":[3.39807,6.44672]}},{"type":"Feature","properties":{"name":"City Angels Medicare Clinic","kind":"clinic","ownership":"Unknown","level":"Primary","kind_detail":"Primary Health Center","lga":"Lagos Island","ward":"Epetedo West"},"geometry":{"type":"Point","coordinates":[3.39832,6.45172]}},{"type":"Feature","properties":{"name":"Al Ameen Nursing Home","kind":"clinic","ownership":"Unknown","level":"Primary","kind_detail":"Primary Health Center","lga":"Lagos Island","ward":"Idumoyinbo"},"geometry":{"type":"Point","coordinates":[3.38733,6.46368]}},{"type":"Feature","properties":{"name":"Busayo Clinic","kind":"clinic","ownership":"Unknown","level":"Primary","kind_detail":"Primary Health Center","lga":"Lagos Island","ward":"Epetedo East"},"geometry":{"type":"Point","coordinates":[3.39929,6.45349]}},{"type":"Feature","properties":{"name":"Dr A A Fatai Williams Medical Clinic","kind":"clinic","ownership":"Unknown","level":"Primary","kind_detail":"Primary Health Center","lga":"Lagos Island","ward":"Oke Olowogbowo"},"geometry":{"type":"Point","coordinates":[3.38092,6.45813]}},{"type":"Feature","properties":{"name":"Mount Sinai Hospital","kind":"clinic","ownership":"Unknown","level":"Primary","kind_detail":"Primary Health Center","lga":"Lagos Mainland","ward":"Freeman / Glover"},"geometry":{"type":"Point","coordinates":[3.38068,6.48993]}},{"type":"Feature","properties":{"name":"Grace and George Clinic","kind":"clinic","ownership":"Unknown","level":"Primary","kind_detail":"Primary Health Center","lga":"Apapa","ward":"Marine Beach"},"geometry":{"type":"Point","coordinates":[3.35889,6.45752]}},{"type":"Feature","properties":{"name":"Tms Clinic","kind":"clinic","ownership":"Unknown","level":"Primary","kind_detail":"Primary Health Center","lga":"Lagos Island","ward":"Balogun"},"geometry":{"type":"Point","coordinates":[3.3847,6.4585]}},{"type":"Feature","properties":{"name":"Olivet Hospital","kind":"clinic","ownership":"Unknown","level":"Primary","kind_detail":"Primary Health Center","lga":"Surulere","ward":"Nuru Oniwo"},"geometry":{"type":"Point","coordinates":[3.3443,6.49768]}},{"type":"Feature","properties":{"name":"Atlantic Medical Center","kind":"clinic","ownership":"Unknown","level":"Primary","kind_detail":"Primary Health Clinic","lga":"Apapa","ward":"Oduduwa"},"geometry":{"type":"Point","coordinates":[3.35571,6.44952]}},{"type":"Feature","properties":{"name":"Sonedis Clinic","kind":"clinic","ownership":"Unknown","level":"Primary","kind_detail":"Primary Health Center","lga":"Shomolu","ward":"Apelehin"},"geometry":{"type":"Point","coordinates":[3.38989,6.54547]}},{"type":"Feature","properties":{"name":"Ijaye Foundation Health Clinic","kind":"clinic","ownership":"Unknown","level":"Primary","kind_detail":"Primary Health Center","lga":"Shomolu","ward":"Ilaje 7"},"geometry":{"type":"Point","coordinates":[3.39209,6.53387]}},{"type":"Feature","properties":{"name":"Charity Hospital","kind":"clinic","ownership":"Unknown","level":"Primary","kind_detail":"Primary Health Center","lga":"Surulere","ward":"Baale"},"geometry":{"type":"Point","coordinates":[3.33972,6.47693]}},{"type":"Feature","properties":{"name":"Kadol Medical Center","kind":"clinic","ownership":"Unknown","level":"Primary","kind_detail":"Primary Health Clinic","lga":"Apapa","ward":"Apapa"},"geometry":{"type":"Point","coordinates":[3.3595,6.44373]}},{"type":"Feature","properties":{"name":"Physiofit","kind":"clinic","ownership":"Private","level":"Primary","kind_detail":"Primary Health Center","lga":"Eti-Osa","ward":"Ajah"},"geometry":{"type":"Point","coordinates":[3.56568,6.46976]}},{"type":"Feature","properties":{"name":"Danegerton Hospital Maternity Clinic Surgery","kind":"clinic","ownership":"Private","level":"Primary","kind_detail":"Primary Health Clinic","lga":"Surulere","ward":"Sanusi"},"geometry":{"type":"Point","coordinates":[3.33589,6.49933]}},{"type":"Feature","properties":{"name":"Rock Of Ages","kind":"clinic","ownership":"Private","level":"Primary","kind_detail":"Primary Health Center","lga":"Surulere","ward":"Obele Oniwala"},"geometry":{"type":"Point","coordinates":[3.35651,6.51288]}},{"type":"Feature","properties":{"name":"J Shammah Clinic","kind":"clinic","ownership":"Public","level":"Primary","kind_detail":"Primary Health Center","lga":"Shomolu","ward":"Akoka /  Anuoluwapo"},"geometry":{"type":"Point","coordinates":[3.39093,6.53388]}},{"type":"Feature","properties":{"name":"St Richards Clinic","kind":"clinic","ownership":"Public","level":"Primary","kind_detail":"Primary Health Center","lga":"Eti-Osa","ward":"Victoria Island"},"geometry":{"type":"Point","coordinates":[3.41928,6.42291]}},{"type":"Feature","properties":{"name":"K Express Clinic","kind":"clinic","ownership":"Public","level":"Primary","kind_detail":"Primary Health Center","lga":"Eti-Osa","ward":"Obalende"},"geometry":{"type":"Point","coordinates":[3.41234,6.44521]}},{"type":"Feature","properties":{"name":"Ufoma Specialist Hospital","kind":"clinic","ownership":"Public","level":"Tertiary","kind_detail":"General Hospital","lga":"Mushin","ward":"Ilupeju Industrial"},"geometry":{"type":"Point","coordinates":[3.36036,6.55068]}},{"type":"Feature","properties":{"name":"Huse Of Peace Specialist Clinic","kind":"clinic","ownership":"Public","level":"Tertiary","kind_detail":"General Hospital","lga":"Mushin","ward":"Papa Ajao"},"geometry":{"type":"Point","coordinates":[3.34074,6.53142]}},{"type":"Feature","properties":{"name":"Legus Specialist Hospital","kind":"clinic","ownership":"Public","level":"Tertiary","kind_detail":"General Hospital","lga":"Mushin","ward":"Kayode Fadeyi"},"geometry":{"type":"Point","coordinates":[3.36579,6.53083]}},{"type":"Feature","properties":{"name":"Good Hope Hospital","kind":"clinic","ownership":"Public","level":"Primary","kind_detail":"Primary Health Center","lga":"Mushin","ward":"Alafia Adeoyo"},"geometry":{"type":"Point","coordinates":[3.34115,6.52428]}},{"type":"Feature","properties":{"name":"Phonex Clinic","kind":"clinic","ownership":"Public","level":"Primary","kind_detail":"Primary Health Center","lga":"Mushin","ward":"Alafia Adeoyo"},"geometry":{"type":"Point","coordinates":[3.33919,6.52402]}},{"type":"Feature","properties":{"name":"Rembo Hospital","kind":"clinic","ownership":"Public","level":"Primary","kind_detail":"Primary Health Center","lga":"Mushin","ward":"Papa Ajao"},"geometry":{"type":"Point","coordinates":[3.34374,6.53189]}},{"type":"Feature","properties":{"name":"Mary Anne Medical Clinic","kind":"clinic","ownership":"Public","level":"Primary","kind_detail":"Primary Health Center","lga":"Mushin","ward":"Ilupeju Industrial"},"geometry":{"type":"Point","coordinates":[3.35979,6.54884]}},{"type":"Feature","properties":{"name":"Saint Claire Ltd Hospital","kind":"clinic","ownership":"Public","level":"Primary","kind_detail":"Primary Health Center","lga":"Mushin","ward":"Papa Ajao"},"geometry":{"type":"Point","coordinates":[3.33959,6.53656]}},{"type":"Feature","properties":{"name":"Acme Medical Center","kind":"clinic","ownership":"Public","level":"Primary","kind_detail":"Primary Health Clinic","lga":"Lagos Mainland","ward":"Alagomeji"},"geometry":{"type":"Point","coordinates":[3.38097,6.49882]}},{"type":"Feature","properties":{"name":"Ejiwunmi Clinic","kind":"clinic","ownership":"Public","level":"Primary","kind_detail":"Primary Health Center","lga":"Lagos Mainland","ward":"Alagomeji"},"geometry":{"type":"Point","coordinates":[3.3767,6.49919]}},{"type":"Feature","properties":{"name":"Watershed Hospital","kind":"clinic","ownership":"Public","level":"Primary","kind_detail":"Primary Health Center","lga":"Lagos Mainland","ward":"Ojo Oniyun"},"geometry":{"type":"Point","coordinates":[3.37805,6.48221]}},{"type":"Feature","properties":{"name":"Diamond Clinic","kind":"clinic","ownership":"Public","level":"Primary","kind_detail":"Primary Health Center","lga":"Mushin","ward":"Mushin Atewolara"},"geometry":{"type":"Point","coordinates":[3.34658,6.53406]}},{"type":"Feature","properties":{"name":"Charging Cross Clinic","kind":"clinic","ownership":"Public","level":"Primary","kind_detail":"Primary Health Center","lga":"Mushin","ward":"Alafia Adeoyo"},"geometry":{"type":"Point","coordinates":[3.33764,6.52476]}},{"type":"Feature","properties":{"name":"Mount Camel Hospital","kind":"clinic","ownership":"Public","level":"Primary","kind_detail":"Primary Health Center","lga":"Mushin","ward":"Onitire"},"geometry":{"type":"Point","coordinates":[3.34283,6.51507]}},{"type":"Feature","properties":{"name":"Calvaty Medical Center","kind":"clinic","ownership":"Public","level":"Primary","kind_detail":"Primary Health Center","lga":"Mushin","ward":"Mushin Atewolara"},"geometry":{"type":"Point","coordinates":[3.35189,6.53562]}},{"type":"Feature","properties":{"name":"Oluwadamilare Maternity Home","kind":"clinic","ownership":"Public","level":"Primary","kind_detail":"Primary Health Clinic","lga":"Mushin","ward":"Papa Ajao"},"geometry":{"type":"Point","coordinates":[3.33906,6.53491]}},{"type":"Feature","properties":{"name":"Goodhope Clinic and Maternity","kind":"clinic","ownership":"Public","level":"Primary","kind_detail":"Primary Health Clinic","lga":"Mushin","ward":"Papa Ajao"},"geometry":{"type":"Point","coordinates":[3.34423,6.54452]}},{"type":"Feature","properties":{"name":"Barry International Hospital","kind":"clinic","ownership":"Public","level":"Primary","kind_detail":"Primary Health Center","lga":"Lagos Mainland","ward":"Makoko"},"geometry":{"type":"Point","coordinates":[3.38612,6.49574]}},{"type":"Feature","properties":{"name":"Adekute Clinic","kind":"clinic","ownership":"Public","level":"Primary","kind_detail":"Primary Health Center","lga":"Eti-Osa","ward":"Victoria Island"},"geometry":{"type":"Point","coordinates":[3.42321,6.42342]}},{"type":"Feature","properties":{"name":"St Marys Children Hospital","kind":"clinic","ownership":"Public","level":"Primary","kind_detail":"Primary Health Center","lga":"Lagos Mainland","ward":"Harvey"},"geometry":{"type":"Point","coordinates":[3.37586,6.50959]}},{"type":"Feature","properties":{"name":"Taiye Lolu Nursing Home","kind":"clinic","ownership":"Public","level":"Primary","kind_detail":"Primary Health Center","lga":"Apapa","ward":"Badia"},"geometry":{"type":"Point","coordinates":[3.35903,6.4667]}},{"type":"Feature","properties":{"name":"Mojide Specialist Hospital","kind":"clinic","ownership":"Public","level":"Tertiary","kind_detail":"General Hospital","lga":"Mushin","ward":"Ilupeju"},"geometry":{"type":"Point","coordinates":[3.36396,6.53922]}},{"type":"Feature","properties":{"name":"The Redeemded Christian Church Of God Maternity Centre","kind":"clinic","ownership":"Unknown","level":"Primary","kind_detail":"Primary Health Clinic","lga":"Lagos Mainland","ward":"Oyingbo"},"geometry":{"type":"Point","coordinates":[3.38838,6.47946]}},{"type":"Feature","properties":{"name":"Faari Specialist Hospital","kind":"clinic","ownership":"Public","level":"Tertiary","kind_detail":"General Hospital","lga":"Lagos Mainland","ward":"Adekunle"},"geometry":{"type":"Point","coordinates":[3.37971,6.494]}},{"type":"Feature","properties":{"name":"Exelt Diagnostic Medical Laboratory","kind":"clinic","ownership":"Private","level":"Primary","kind_detail":"Unknown","lga":"Shomolu","ward":"Owotutu"},"geometry":{"type":"Point","coordinates":[3.3798,6.54216]}},{"type":"Feature","properties":{"name":"Ola Omoyenji Maternity Home","kind":"clinic","ownership":"Public","level":"Primary","kind_detail":"Primary Health Clinic","lga":"Mushin","ward":"Moshalashi / Agoro"},"geometry":{"type":"Point","coordinates":[3.34739,6.51742]}},{"type":"Feature","properties":{"name":"Zephaniah Maternity Centre","kind":"clinic","ownership":"Public","level":"Primary","kind_detail":"Primary Health Clinic","lga":"Mushin","ward":"Oduseluola"},"geometry":{"type":"Point","coordinates":[3.33356,6.51211]}},{"type":"Feature","properties":{"name":"Orisegun Medical Center","kind":"clinic","ownership":"Public","level":"Primary","kind_detail":"Primary Health Center","lga":"Mushin","ward":"Moshalashi / Agoro"},"geometry":{"type":"Point","coordinates":[3.34964,6.5249]}},{"type":"Feature","properties":{"name":"Nusamin Clinic","kind":"clinic","ownership":"Public","level":"Primary","kind_detail":"Primary Health Center","lga":"Mushin","ward":"Idi Araba"},"geometry":{"type":"Point","coordinates":[3.36017,6.51531]}},{"type":"Feature","properties":{"name":"Supreme Medical Laboratory","kind":"clinic","ownership":"Unknown","level":"Primary","kind_detail":"Unknown","lga":"Surulere","ward":"Jinadu Aiyetoro"},"geometry":{"type":"Point","coordinates":[3.34418,6.4918]}},{"type":"Feature","properties":{"name":"Fravin Clinic","kind":"clinic","ownership":"Public","level":"Primary","kind_detail":"Primary Health Center","lga":"Eti-Osa","ward":"Kuramo"},"geometry":{"type":"Point","coordinates":[3.42411,6.42423]}},{"type":"Feature","properties":{"name":"Afolabi Sari Igan Convalescent Home","kind":"clinic","ownership":"Public","level":"Primary","kind_detail":"Primary Health Center","lga":"Apapa","ward":"Alafia (Apapa)"},"geometry":{"type":"Point","coordinates":[3.34466,6.4751]}},{"type":"Feature","properties":{"name":"Grace and George Hospital Maternity","kind":"clinic","ownership":"Public","level":"Primary","kind_detail":"Primary Health Clinic","lga":"Apapa","ward":"Marine Beach"},"geometry":{"type":"Point","coordinates":[3.35998,6.46215]}},{"type":"Feature","properties":{"name":"St Luke Hospital","kind":"clinic","ownership":"Public","level":"Primary","kind_detail":"Primary Health Center","lga":"Lagos Mainland","ward":"Onike Oyadiran"},"geometry":{"type":"Point","coordinates":[3.38388,6.51345]}},{"type":"Feature","properties":{"name":"St Jude Cathedral Clinic","kind":"clinic","ownership":"Public","level":"Primary","kind_detail":"Primary Health Center","lga":"Lagos Mainland","ward":"Freeman / Glover"},"geometry":{"type":"Point","coordinates":[3.38396,6.48461]}},{"type":"Feature","properties":{"name":"St Pauls Clinic and Maternity","kind":"clinic","ownership":"Public","level":"Primary","kind_detail":"Primary Health Clinic","lga":"Lagos Mainland","ward":"Freeman / Glover"},"geometry":{"type":"Point","coordinates":[3.38219,6.48439]}},{"type":"Feature","properties":{"name":"Jenetta Clinic","kind":"clinic","ownership":"Public","level":"Primary","kind_detail":"Primary Health Center","lga":"Lagos Mainland","ward":"Aderupoko"},"geometry":{"type":"Point","coordinates":[3.38746,6.50441]}},{"type":"Feature","properties":{"name":"Anglican Hospital","kind":"clinic","ownership":"Public","level":"Primary","kind_detail":"Unknown","lga":"Lagos Mainland","ward":"Oyingbo"},"geometry":{"type":"Point","coordinates":[3.38494,6.47819]}},{"type":"Feature","properties":{"name":"Rotfol Medical Center","kind":"clinic","ownership":"Public","level":"Primary","kind_detail":"Primary Health Clinic","lga":"Surulere","ward":"Gbaja"},"geometry":{"type":"Point","coordinates":[3.35936,6.50364]}},{"type":"Feature","properties":{"name":"Mercy Grace Medical Diagnostic","kind":"clinic","ownership":"Private","level":"Primary","kind_detail":"Primary Health Center","lga":"Shomolu","ward":"Seriki"},"geometry":{"type":"Point","coordinates":[3.39482,6.54593]}},{"type":"Feature","properties":{"name":"Dejumo Hospital","kind":"clinic","ownership":"Public","level":"Primary","kind_detail":"Primary Health Center","lga":"Shomolu","ward":"Ilaje 7"},"geometry":{"type":"Point","coordinates":[3.39483,6.53822]}},{"type":"Feature","properties":{"name":"Tender Convalescent Home","kind":"clinic","ownership":"Public","level":"Primary","kind_detail":"Primary Health Center","lga":"Shomolu","ward":"Owotutu"},"geometry":{"type":"Point","coordinates":[3.38222,6.54135]}},{"type":"Feature","properties":{"name":"Meridian Cardiac Clinic","kind":"clinic","ownership":"Public","level":"Primary","kind_detail":"Primary Health Center","lga":"Eti-Osa","ward":"Orile - Ilasan"},"geometry":{"type":"Point","coordinates":[3.4928,6.42112]}},{"type":"Feature","properties":{"name":"Hopeland Hospital","kind":"clinic","ownership":"Public","level":"Primary","kind_detail":"Primary Health Center","lga":"Eti-Osa","ward":"Orile - Ilasan"},"geometry":{"type":"Point","coordinates":[3.49284,6.42412]}},{"type":"Feature","properties":{"name":"Green Fountain Medical Services","kind":"clinic","ownership":"Unknown","level":"Primary","kind_detail":"Primary Health Center","lga":"Surulere","ward":"Iponri / Eric Moore"},"geometry":{"type":"Point","coordinates":[3.35828,6.48608]}},{"type":"Feature","properties":{"name":"Top Medical Laboratory","kind":"clinic","ownership":"Private","level":"Primary","kind_detail":"Unknown","lga":"Eti-Osa","ward":"Obalende"},"geometry":{"type":"Point","coordinates":[3.41431,6.44811]}},{"type":"Feature","properties":{"name":"Randle General Hospital","kind":"clinic","ownership":"Public","level":"Secondary","kind_detail":"General Hospital","lga":"Surulere","ward":"Gbaja"},"geometry":{"type":"Point","coordinates":[3.35952,6.50421]}},{"type":"Feature","properties":{"name":"Oke Ira Nla Health Center","kind":"clinic","ownership":"Public","level":"Primary","kind_detail":"Primary Health Center","lga":"Eti-Osa","ward":"Addo"},"geometry":{"type":"Point","coordinates":[3.57966,6.48838]}},{"type":"Feature","properties":{"name":"First Health Specialist Clinic","kind":"clinic","ownership":"Private","level":"Tertiary","kind_detail":"General Hospital","lga":"Lagos Mainland","ward":"Botanical Gardens"},"geometry":{"type":"Point","coordinates":[3.37265,6.48317]}},{"type":"Feature","properties":{"name":"First Health Specialist Clinic","kind":"clinic","ownership":"Unknown","level":"Tertiary","kind_detail":"General Hospital","lga":"Lagos Mainland","ward":"Ojo Oniyun"},"geometry":{"type":"Point","coordinates":[3.37769,6.48248]}},{"type":"Feature","properties":{"name":"Eseem Medical Services","kind":"clinic","ownership":"Unknown","level":"Primary","kind_detail":"Primary Health Center","lga":"Lagos Island","ward":"Anikantanmo"},"geometry":{"type":"Point","coordinates":[3.39288,6.45868]}},{"type":"Feature","properties":{"name":"Lafiaji Health Center","kind":"clinic","ownership":"Public","level":"Primary","kind_detail":"Primary Health Center","lga":"Lagos Island","ward":"Lafiaji"},"geometry":{"type":"Point","coordinates":[3.40259,6.45227]}},{"type":"Feature","properties":{"name":"Awoetann Health Post","kind":"clinic","ownership":"Public","level":"Primary","kind_detail":"Health Post","lga":"Apapa","ward":"Badia"},"geometry":{"type":"Point","coordinates":[3.36199,6.47315]}},{"type":"Feature","properties":{"name":"Ikoyi Primary Health Clinic","kind":"clinic","ownership":"Public","level":"Primary","kind_detail":"Primary Health Center","lga":"Eti-Osa","ward":"Obalende"},"geometry":{"type":"Point","coordinates":[3.41706,6.44827]}},{"type":"Feature","properties":{"name":"Solu Alade Primary Health Center","kind":"clinic","ownership":"Public","level":"Primary","kind_detail":"Primary Health Center","lga":"Surulere","ward":"Adeniran Ogunsanya"},"geometry":{"type":"Point","coordinates":[3.3495,6.49138]}},{"type":"Feature","properties":{"name":"Aboreji Health Post","kind":"clinic","ownership":"Public","level":"Primary","kind_detail":"Health Post","lga":"Surulere","ward":"Adeniran Ogunsanya"},"geometry":{"type":"Point","coordinates":[3.34964,6.49065]}},{"type":"Feature","properties":{"name":"Shalom Convalescent Health Center","kind":"clinic","ownership":"Public","level":"Primary","kind_detail":"Primary Health Center","lga":"Shomolu","ward":"Ilaje 7"},"geometry":{"type":"Point","coordinates":[3.39627,6.53175]}},{"type":"Feature","properties":{"name":"Okun Alfa Health Center","kind":"clinic","ownership":"Public","level":"Primary","kind_detail":"Primary Health Center","lga":"Eti-Osa","ward":"Igbo Efon"},"geometry":{"type":"Point","coordinates":[3.52659,6.42274]}},{"type":"Feature","properties":{"name":"African Petroleum Staff Clinic","kind":"clinic","ownership":"Public","level":"Primary","kind_detail":"Primary Health Center","lga":"Apapa","ward":"Marine Beach"},"geometry":{"type":"Point","coordinates":[3.36466,6.46309]}},{"type":"Feature","properties":{"name":"Stanthonys Clinic and Maternity","kind":"clinic","ownership":"Private","level":"Primary","kind_detail":"Primary Health Clinic","lga":"Shomolu","ward":"Owotutu"},"geometry":{"type":"Point","coordinates":[3.3818,6.53961]}},{"type":"Feature","properties":{"name":"De Best Medical","kind":"clinic","ownership":"Public","level":"Primary","kind_detail":"Primary Health Center","lga":"Lagos Mainland","ward":"Harvey"},"geometry":{"type":"Point","coordinates":[3.36872,6.52108]}},{"type":"Feature","properties":{"name":"Union Diagnosis","kind":"clinic","ownership":"Private","level":"Primary","kind_detail":"Unknown","lga":"Lagos Mainland","ward":"Ojo Oniyun"},"geometry":{"type":"Point","coordinates":[3.37473,6.48811]}},{"type":"Feature","properties":{"name":"Sharon Clinic","kind":"clinic","ownership":"Private","level":"Primary","kind_detail":"Primary Health Center","lga":"Mushin","ward":"Ilupeju Industrial"},"geometry":{"type":"Point","coordinates":[3.36033,6.55358]}},{"type":"Feature","properties":{"name":"Unicare Clinic","kind":"clinic","ownership":"Private","level":"Primary","kind_detail":"Primary Health Center","lga":"Apapa","ward":"Abraham Adesanya"},"geometry":{"type":"Point","coordinates":[3.36811,6.44171]}},{"type":"Feature","properties":{"name":"Barclays Primary Health Center","kind":"clinic","ownership":"Private","level":"Primary","kind_detail":"Primary Health Center","lga":"Shomolu","ward":"Okesuna"},"geometry":{"type":"Point","coordinates":[3.38168,6.53247]}},{"type":"Feature","properties":{"name":"Olu Mayowa Hospital","kind":"clinic","ownership":"Private","level":"Primary","kind_detail":"Primary Health Center","lga":"Surulere","ward":"Baale"},"geometry":{"type":"Point","coordinates":[3.34416,6.47861]}},{"type":"Feature","properties":{"name":"Joedan Hospital","kind":"clinic","ownership":"Private","level":"Primary","kind_detail":"Primary Health Center","lga":"Surulere","ward":"Baale"},"geometry":{"type":"Point","coordinates":[3.34379,6.47883]}},{"type":"Feature","properties":{"name":"St Geogery Pharmacy","kind":"clinic","ownership":"Private","level":"Primary","kind_detail":"Unknown","lga":"Surulere","ward":"Savage"},"geometry":{"type":"Point","coordinates":[3.34596,6.48176]}},{"type":"Feature","properties":{"name":"Andrew Pharmacy","kind":"clinic","ownership":"Private","level":"Primary","kind_detail":"Unknown","lga":"Surulere","ward":"Iponri / Eric Moore"},"geometry":{"type":"Point","coordinates":[3.34921,6.4885]}},{"type":"Feature","properties":{"name":"Tails Convalescent Home","kind":"clinic","ownership":"Private","level":"Primary","kind_detail":"Primary Health Center","lga":"Shomolu","ward":"Seriki"},"geometry":{"type":"Point","coordinates":[3.3937,6.54045]}},{"type":"Feature","properties":{"name":"Vita Chemist","kind":"clinic","ownership":"Private","level":"Primary","kind_detail":"Primary Health Center","lga":"Surulere","ward":"Mosafejo / Ojuelegba"},"geometry":{"type":"Point","coordinates":[3.36565,6.5058]}},{"type":"Feature","properties":{"name":"Newday Specialist Clinic Hospital","kind":"clinic","ownership":"Unknown","level":"Tertiary","kind_detail":"General Hospital","lga":"Surulere","ward":"Muniru Baruwa"},"geometry":{"type":"Point","coordinates":[3.34351,6.50391]}},{"type":"Feature","properties":{"name":"The Specialist Laboratory","kind":"clinic","ownership":"Private","level":"Primary","kind_detail":"Unknown","lga":"Mushin","ward":"Idi Araba"},"geometry":{"type":"Point","coordinates":[3.36111,6.51674]}},{"type":"Feature","properties":{"name":"Boundary Specialist Homeopaedic Clinic","kind":"clinic","ownership":"Private","level":"Tertiary","kind_detail":"General Hospital","lga":"Surulere","ward":"Mosafejo / Ojuelegba"},"geometry":{"type":"Point","coordinates":[3.36759,6.5088]}},{"type":"Feature","properties":{"name":"St Lukes Hospital","kind":"clinic","ownership":"Private","level":"Primary","kind_detail":"Primary Health Clinic","lga":"Lagos Mainland","ward":"Harvey"},"geometry":{"type":"Point","coordinates":[3.37586,6.50629]}},{"type":"Feature","properties":{"name":"Avon Medical Practice Limited","kind":"clinic","ownership":"Private","level":"Secondary","kind_detail":"Unknown","lga":"Surulere","ward":"Iponri / Eric Moore"},"geometry":{"type":"Point","coordinates":[3.35179,6.49011]}},{"type":"Feature","properties":{"name":"Supreme Royal Hospital","kind":"clinic","ownership":"Private","level":"Primary","kind_detail":"Unknown","lga":"Mushin","ward":"Olateju"},"geometry":{"type":"Point","coordinates":[3.36029,6.5323]}},{"type":"Feature","properties":{"name":"Medicare Medical Center","kind":"clinic","ownership":"Private","level":"Primary","kind_detail":"Unknown","lga":"Apapa","ward":"Anjorin"},"geometry":{"type":"Point","coordinates":[3.3689,6.4433]}},{"type":"Feature","properties":{"name":"Queensway Hospital","kind":"clinic","ownership":"Private","level":"Secondary","kind_detail":"Unknown","lga":"Eti-Osa","ward":"Maroko Okun Alfa"},"geometry":{"type":"Point","coordinates":[3.55026,6.44965]}},{"type":"Feature","properties":{"name":"De Goodland Hospital","kind":"clinic","ownership":"Private","level":"Secondary","kind_detail":"Unknown","lga":"Surulere","ward":"Odoolowu"},"geometry":{"type":"Point","coordinates":[3.32761,6.49839]}},{"type":"Feature","properties":{"name":"Waterfall Hospital","kind":"clinic","ownership":"Private","level":"Secondary","kind_detail":"Unknown","lga":"Surulere","ward":"Ogunsami / Karounmi"},"geometry":{"type":"Point","coordinates":[3.34898,6.50275]}},{"type":"Feature","properties":{"name":"St Louis Clinic","kind":"clinic","ownership":"Private","level":"Primary","kind_detail":"Unknown","lga":"Apapa","ward":"Anjorin"},"geometry":{"type":"Point","coordinates":[3.37028,6.44333]}},{"type":"Feature","properties":{"name":"Dr Ibijoke Sanwo Olu Primary Health Center","kind":"clinic","ownership":"Public","level":"Primary","kind_detail":"Primary Health Center","lga":"Shomolu","ward":"Bashua"},"geometry":{"type":"Point","coordinates":[3.377,6.52719]}},{"type":"Feature","properties":{"name":"Nigeria Security Printing Minting Staff Hospital","kind":"clinic","ownership":"Public","level":"Primary","kind_detail":"Primary Health Clinic","lga":"Lagos Mainland","ward":"Onike Oyadiran"},"geometry":{"type":"Point","coordinates":[3.38127,6.50718]}},{"type":"Feature","properties":{"name":"Dunamis Eye Centre","kind":"clinic","ownership":"Private","level":"Primary","kind_detail":"Unknown","lga":"Lagos Island","ward":"Epetedo East"},"geometry":{"type":"Point","coordinates":[3.40233,6.45271]}},{"type":"Feature","properties":{"name":"Star Clinic","kind":"clinic","ownership":"Private","level":"Primary","kind_detail":"Unknown","lga":"Surulere","ward":"Ramoni"},"geometry":{"type":"Point","coordinates":[3.34018,6.51052]}},{"type":"Feature","properties":{"name":"Hoarse'S Memorial Methodist Cathedral Hospital","kind":"clinic","ownership":"Private","level":"Primary","kind_detail":"Primary Health Center","lga":"Lagos Mainland","ward":"Harvey"},"geometry":{"type":"Point","coordinates":[3.37723,6.50366]}},{"type":"Feature","properties":{"name":"Salus Health Consultant","kind":"clinic","ownership":"Private","level":"Primary","kind_detail":"Primary Health Center","lga":"Lagos Mainland","ward":"Freeman / Glover"},"geometry":{"type":"Point","coordinates":[3.38335,6.48786]}},{"type":"Feature","properties":{"name":"Royal Medical Clinic","kind":"clinic","ownership":"Private","level":"Secondary","kind_detail":"Unknown","lga":"Surulere","ward":"Muniru Baruwa"},"geometry":{"type":"Point","coordinates":[3.35936,6.50364]}},{"type":"Feature","properties":{"name":"P and J Clinic and Maternity","kind":"clinic","ownership":"Private","level":"Primary","kind_detail":"Primary Health Clinic","lga":"Mushin","ward":"Papa Ajao"},"geometry":{"type":"Point","coordinates":[3.34381,6.53192]}},{"type":"Feature","properties":{"name":"Honeywell Flourmills Clinic","kind":"clinic","ownership":"Private","level":"Primary","kind_detail":"Unknown","lga":"Apapa","ward":"Abraham Adesanya"},"geometry":{"type":"Point","coordinates":[3.35911,6.43998]}},{"type":"Feature","properties":{"name":"Lagoon Hospital","kind":"clinic","ownership":"Private","level":"Secondary","kind_detail":"Unknown","lga":"Apapa","ward":"Oduduwa"},"geometry":{"type":"Point","coordinates":[3.35893,6.44082]}},{"type":"Feature","properties":{"name":"Agarawu Primary Health Center","kind":"clinic","ownership":"Public","level":"Primary","kind_detail":"Primary Health Center","lga":"Lagos Island","ward":"Oko Awo Agarawu"},"geometry":{"type":"Point","coordinates":[3.38924,6.45766]}},{"type":"Feature","properties":{"name":"Mustapha Hakeem Aramide Clinic","kind":"clinic","ownership":"Private","level":"Primary","kind_detail":"Primary Health Clinic","lga":"Lagos Island","ward":"Epetedo West"},"geometry":{"type":"Point","coordinates":[3.39771,6.45262]}},{"type":"Feature","properties":{"name":"Osagie Dental Clinic","kind":"clinic","ownership":"Private","level":"Secondary","kind_detail":"Unknown","lga":"Lagos Island","ward":"Araromi Odo"},"geometry":{"type":"Point","coordinates":[3.40443,6.44568]}},{"type":"Feature","properties":{"name":"El Elyon Ltd Hospital","kind":"clinic","ownership":"Private","level":"Primary","kind_detail":"Primary Health Clinic","lga":"Lagos Mainland","ward":"Onike Oyadiran"},"geometry":{"type":"Point","coordinates":[3.38419,6.50759]}},{"type":"Feature","properties":{"name":"New Bambo Hospital","kind":"clinic","ownership":"Private","level":"Primary","kind_detail":"Primary Health Center","lga":"Lagos Mainland","ward":"Oyingbo"},"geometry":{"type":"Point","coordinates":[3.3849,6.47816]}},{"type":"Feature","properties":{"name":"Tfk Hospital","kind":"clinic","ownership":"Private","level":"Primary","kind_detail":"Primary Health Clinic","lga":"Lagos Mainland","ward":"Oyingbo"},"geometry":{"type":"Point","coordinates":[3.38633,6.48048]}},{"type":"Feature","properties":{"name":"De Olanrewanju Hospital","kind":"clinic","ownership":"Private","level":"Primary","kind_detail":"Primary Health Clinic","lga":"Mushin","ward":"Onitire"},"geometry":{"type":"Point","coordinates":[3.33975,6.50934]}},{"type":"Feature","properties":{"name":"Dr Express Walk In Clinic","kind":"clinic","ownership":"Private","level":"Primary","kind_detail":"Primary Health Clinic","lga":"Mushin","ward":"Babalosa 1"},"geometry":{"type":"Point","coordinates":[3.35339,6.52898]}},{"type":"Feature","properties":{"name":"Lagos University Teaching Luth Hospital","kind":"clinic","ownership":"Public","level":"Tertiary","kind_detail":"Teaching/Tertiary\u00a0Hospita","lga":"Mushin","ward":"Idi Araba"},"geometry":{"type":"Point","coordinates":[3.35392,6.51758]}},{"type":"Feature","properties":{"name":"Mazaf Medical Center","kind":"clinic","ownership":"Private","level":"Primary","kind_detail":"Primary Health Clinic","lga":"Mushin","ward":"Ojuwoye"},"geometry":{"type":"Point","coordinates":[3.3545,6.53411]}},{"type":"Feature","properties":{"name":"Sparklight Hospital","kind":"clinic","ownership":"Private","level":"Secondary","kind_detail":"Unknown","lga":"Mushin","ward":"Mushin Atewolara"},"geometry":{"type":"Point","coordinates":[3.34421,6.53266]}},{"type":"Feature","properties":{"name":"Victoria Abayomi Clinic","kind":"clinic","ownership":"Private","level":"Primary","kind_detail":"Primary Health Clinic","lga":"Mushin","ward":"Babalosa 2"},"geometry":{"type":"Point","coordinates":[3.35519,6.5231]}},{"type":"Feature","properties":{"name":"Chisomaga Maternity Home","kind":"clinic","ownership":"Private","level":"Primary","kind_detail":"Primary Health Clinic","lga":"Shomolu","ward":"Pedro / Gbagada"},"geometry":{"type":"Point","coordinates":[3.37955,6.54401]}},{"type":"Feature","properties":{"name":"Fountain Health Hospital","kind":"clinic","ownership":"Private","level":"Secondary","kind_detail":"Unknown","lga":"Shomolu","ward":"Ilaje 7"},"geometry":{"type":"Point","coordinates":[3.39193,6.5337]}},{"type":"Feature","properties":{"name":"Medol Consultant Clinic","kind":"clinic","ownership":"Private","level":"Secondary","kind_detail":"Unknown","lga":"Shomolu","ward":"Pedro / Gbagada"},"geometry":{"type":"Point","coordinates":[3.37628,6.54353]}},{"type":"Feature","properties":{"name":"Oneness Hospital","kind":"clinic","ownership":"Private","level":"Secondary","kind_detail":"Unknown","lga":"Shomolu","ward":"Okesuna"},"geometry":{"type":"Point","coordinates":[3.37586,6.54192]}},{"type":"Feature","properties":{"name":"Redeemed Christian Church Of God Maternity","kind":"clinic","ownership":"Private","level":"Primary","kind_detail":"Primary Health Clinic","lga":"Shomolu","ward":"Okesuna"},"geometry":{"type":"Point","coordinates":[3.3799,6.53588]}},{"type":"Feature","properties":{"name":"Contemporary Dental Clinic","kind":"clinic","ownership":"Private","level":"Primary","kind_detail":"Unknown","lga":"Surulere","ward":"Coker (Surulere)"},"geometry":{"type":"Point","coordinates":[3.3507,6.4887]}},{"type":"Feature","properties":{"name":"Smac Hospital","kind":"clinic","ownership":"Private","level":"Secondary","kind_detail":"Unknown","lga":"Surulere","ward":"Osho"},"geometry":{"type":"Point","coordinates":[3.33181,6.47251]}},{"type":"Feature","properties":{"name":"Our Saviour Church Clinic","kind":"clinic","ownership":"Private","level":"Primary","kind_detail":"Primary Health Center","lga":"Lagos Island","ward":"Odan"},"geometry":{"type":"Point","coordinates":[3.39901,6.44683]}},{"type":"Feature","properties":{"name":"Rainbow Specialist Medical Centre","kind":"clinic","ownership":"Private","level":"Secondary","kind_detail":"Unknown","lga":"Eti-Osa","ward":"Ikate Lekki"},"geometry":{"type":"Point","coordinates":[3.47763,6.45185]}},{"type":"Feature","properties":{"name":"Blajeh Mustapha Hospital","kind":"clinic","ownership":"Private","level":"Secondary","kind_detail":"Unknown","lga":"Lagos Island","ward":"Lafiaji"},"geometry":{"type":"Point","coordinates":[3.40562,6.4518]}},{"type":"Feature","properties":{"name":"Toya Maternity and Clinic Home","kind":"clinic","ownership":"Private","level":"Primary","kind_detail":"Primary Health Clinic","lga":"Lagos Island","ward":"Epetedo East"},"geometry":{"type":"Point","coordinates":[3.39912,6.45283]}},{"type":"Feature","properties":{"name":"Action Incorporated Health Clinic","kind":"clinic","ownership":"Private","level":"Primary","kind_detail":"Health Post","lga":"Lagos Mainland","ward":"Harvey"},"geometry":{"type":"Point","coordinates":[3.37006,6.52277]}},{"type":"Feature","properties":{"name":"Ak Oyekan Hospital","kind":"clinic","ownership":"Private","level":"Secondary","kind_detail":"Unknown","lga":"Mushin","ward":"Mushin"},"geometry":{"type":"Point","coordinates":[3.36423,6.52011]}},{"type":"Feature","properties":{"name":"Greenlife Hospital","kind":"clinic","ownership":"Private","level":"Secondary","kind_detail":"Unknown","lga":"Mushin","ward":"Ilupeju"},"geometry":{"type":"Point","coordinates":[3.3632,6.54804]}},{"type":"Feature","properties":{"name":"Royal Hospital","kind":"clinic","ownership":"Private","level":"Secondary","kind_detail":"Unknown","lga":"Shomolu","ward":"Owotutu"},"geometry":{"type":"Point","coordinates":[3.37969,6.5381]}},{"type":"Feature","properties":{"name":"Amazing Limited Health Care","kind":"clinic","ownership":"Private","level":"Secondary","kind_detail":"Unknown","lga":"Shomolu","ward":"Owode Orile"},"geometry":{"type":"Point","coordinates":[3.38339,6.53622]}},{"type":"Feature","properties":{"name":"Peculiar Clinic","kind":"clinic","ownership":"Private","level":"Secondary","kind_detail":"Unknown","lga":"Surulere","ward":"Coker (Surulere)"},"geometry":{"type":"Point","coordinates":[3.33244,6.47666]}},{"type":"Feature","properties":{"name":"Life Support Medical Center","kind":"clinic","ownership":"Private","level":"Primary","kind_detail":"Unknown","lga":"Mushin","ward":"Ilupeju"},"geometry":{"type":"Point","coordinates":[3.35903,6.55163]}},{"type":"Feature","properties":{"name":"S A Ayeyemi (Ilasan) Primary Health Clinic","kind":"clinic","ownership":"Public","level":"Primary","kind_detail":"Primary Health Clinic","lga":"Eti-Osa","ward":"Orile - Ilasan"},"geometry":{"type":"Point","coordinates":[3.50364,6.43339]}},{"type":"Feature","properties":{"name":"New Vigour Hospital","kind":"clinic","ownership":"Private","level":"Secondary","kind_detail":"Unknown","lga":"Ibeju/Lekki","ward":"Iwerekun 1"},"geometry":{"type":"Point","coordinates":[3.66363,6.46861]}},{"type":"Feature","properties":{"name":"Adejimi Hospital","kind":"clinic","ownership":"Private","level":"Primary","kind_detail":"Primary Health Clinic","lga":"Mushin","ward":"Oduseluola"},"geometry":{"type":"Point","coordinates":[3.34172,6.51292]}},{"type":"Feature","properties":{"name":"Dan Egerton Hospital","kind":"clinic","ownership":"Private","level":"Primary","kind_detail":"Primary Health Center","lga":"Mushin","ward":"Onitire"},"geometry":{"type":"Point","coordinates":[3.33126,6.50766]}},{"type":"Feature","properties":{"name":"Iduna Hospital Specialist","kind":"clinic","ownership":"Private","level":"Secondary","kind_detail":"Unknown","lga":"Apapa","ward":"Apapa"},"geometry":{"type":"Point","coordinates":[3.35272,6.44383]}},{"type":"Feature","properties":{"name":"St Milla Apapa Hospital","kind":"clinic","ownership":"Private","level":"Secondary","kind_detail":"Unknown","lga":"Apapa","ward":"Apapa"},"geometry":{"type":"Point","coordinates":[3.35135,6.44255]}},{"type":"Feature","properties":{"name":"St Mulumba Hospital","kind":"clinic","ownership":"Private","level":"Secondary","kind_detail":"Unknown","lga":"Surulere","ward":"Airways"},"geometry":{"type":"Point","coordinates":[3.34735,6.5119]}},{"type":"Feature","properties":{"name":"Anthonio Memorial Hospital","kind":"clinic","ownership":"Private","level":"Primary","kind_detail":"Primary Health Clinic","lga":"Shomolu","ward":"Owotutu"},"geometry":{"type":"Point","coordinates":[3.38176,6.53949]}},{"type":"Feature","properties":{"name":"Kesington Adebukunola Adebutu Foundation","kind":"clinic","ownership":"Private","level":"Primary","kind_detail":"Primary Health Clinic","lga":"Lagos Mainland","ward":"Abule-Oja"},"geometry":{"type":"Point","coordinates":[3.39624,6.5144]}},{"type":"Feature","properties":{"name":"Flour Mills Of Nigeria Clinic","kind":"clinic","ownership":"Private","level":"Primary","kind_detail":"Unknown","lga":"Apapa","ward":"Anjorin"},"geometry":{"type":"Point","coordinates":[3.36791,6.4664]}},{"type":"Feature","properties":{"name":"Dormanlong Engineering Staff Clinic","kind":"clinic","ownership":"Private","level":"Primary","kind_detail":"Primary Health Clinic","lga":"Mushin","ward":"Moshalashi / Agoro"},"geometry":{"type":"Point","coordinates":[3.36575,6.51733]}},{"type":"Feature","properties":{"name":"Tares Clinic","kind":"clinic","ownership":"Private","level":"Primary","kind_detail":"Primary Health Clinic","lga":"Shomolu","ward":"Igbobi /  Fadeyi"},"geometry":{"type":"Point","coordinates":[3.36933,6.52394]}},{"type":"Feature","properties":{"name":"Medicare Cottage Hospital","kind":"clinic","ownership":"Private","level":"Primary","kind_detail":"Primary Health Center","lga":"Lagos Mainland","ward":"Salami / Bayewunmi"},"geometry":{"type":"Point","coordinates":[3.38685,6.50851]}},{"type":"Feature","properties":{"name":"D Lawrence Clinic","kind":"clinic","ownership":"Private","level":"Primary","kind_detail":"Primary Health Clinic","lga":"Lagos Mainland","ward":"Harvey"},"geometry":{"type":"Point","coordinates":[3.36775,6.52341]}},{"type":"Feature","properties":{"name":"Marien Hospital","kind":"clinic","ownership":"Private","level":"Primary","kind_detail":"Primary Health Center","lga":"Lagos Mainland","ward":"Harvey"},"geometry":{"type":"Point","coordinates":[3.37358,6.50867]}},{"type":"Feature","properties":{"name":"First City Hospital","kind":"clinic","ownership":"Private","level":"Secondary","kind_detail":"Unknown","lga":"Eti-Osa","ward":"Ajiran Osapa"},"geometry":{"type":"Point","coordinates":[3.51187,6.43959]}},{"type":"Feature","properties":{"name":"Lexanaa Hospital","kind":"clinic","ownership":"Private","level":"Secondary","kind_detail":"Unknown","lga":"Eti-Osa","ward":"Igbo Efon"},"geometry":{"type":"Point","coordinates":[3.52158,6.44027]}},{"type":"Feature","properties":{"name":"Dofa Clinic","kind":"clinic","ownership":"Private","level":"Secondary","kind_detail":"Unknown","lga":"Shomolu","ward":"Igbobi /  Fadeyi"},"geometry":{"type":"Point","coordinates":[3.37506,6.53315]}},{"type":"Feature","properties":{"name":"Adeeh Davies Convalescent Home","kind":"clinic","ownership":"Private","level":"Primary","kind_detail":"Primary Health Clinic","lga":"Shomolu","ward":"Seriki"},"geometry":{"type":"Point","coordinates":[3.3933,6.5447]}},{"type":"Feature","properties":{"name":"Adeyipe Clinic","kind":"clinic","ownership":"Private","level":"Primary","kind_detail":"Unknown","lga":"Shomolu","ward":"Owotutu"},"geometry":{"type":"Point","coordinates":[3.3815,6.54]}},{"type":"Feature","properties":{"name":"Akinbode Clinic","kind":"clinic","ownership":"Private","level":"Primary","kind_detail":"Primary Health Clinic","lga":"Shomolu","ward":"Seriki"},"geometry":{"type":"Point","coordinates":[3.39365,6.54042]}},{"type":"Feature","properties":{"name":"Surulere Medical and Dental Clinic","kind":"clinic","ownership":"Private","level":"Secondary","kind_detail":"Unknown","lga":"Surulere","ward":"Nuru Oniwo"},"geometry":{"type":"Point","coordinates":[3.35746,6.50857]}},{"type":"Feature","properties":{"name":"Adekunle Staff Clinic","kind":"clinic","ownership":"Public","level":"Primary","kind_detail":"Primary Health Clinic","lga":"Lagos Mainland","ward":"Adekunle"},"geometry":{"type":"Point","coordinates":[3.38108,6.49475]}},{"type":"Feature","properties":{"name":"Euracare","kind":"clinic","ownership":"Private","level":"Primary","kind_detail":"Primary Health Center","lga":"Eti-Osa","ward":"V/Island 2"},"geometry":{"type":"Point","coordinates":[3.43702,6.42646]}},{"type":"Feature","properties":{"name":"The Living Spring Hospital and Maternity Home","kind":"clinic","ownership":"Private","level":"Primary","kind_detail":"Unknown","lga":"Oshodi/Isolo","ward":"Ifoshin"},"geometry":{"type":"Point","coordinates":[3.33214,6.50367]}},{"type":"Feature","properties":{"name":"St Peter'S Church Clinic","kind":"clinic","ownership":"Private","level":"Primary","kind_detail":"Primary Health Clinic","lga":"Lagos Island","ward":"Ajele"},"geometry":{"type":"Point","coordinates":[3.39239,6.45115]}},{"type":"Feature","properties":{"name":"Eti Osa Maternity Centre","kind":"clinic","ownership":"Public","level":"Secondary","kind_detail":"Unknown","lga":"Eti-Osa","ward":"Okunmopo - Ogombo"},"geometry":{"type":"Point","coordinates":[3.58518,6.46308]}},{"type":"Feature","properties":{"name":"Sacred Heart Clinic","kind":"clinic","ownership":"Private","level":"Primary","kind_detail":"Unknown","lga":"Apapa","ward":"Anjorin"},"geometry":{"type":"Point","coordinates":[3.36794,6.44541]}},{"type":"Feature","properties":{"name":"Ojora Olugbode Primary Health Center","kind":"clinic","ownership":"Public","level":"Primary","kind_detail":"Unknown","lga":"Apapa","ward":"Badia"},"geometry":{"type":"Point","coordinates":[3.3597,6.46785]}},{"type":"Feature","properties":{"name":"Fajip (Annex) Hospital","kind":"clinic","ownership":"Private","level":"Primary","kind_detail":"Unknown","lga":"Surulere","ward":"Nuru Oniwo"},"geometry":{"type":"Point","coordinates":[3.34493,6.49747]}},{"type":"Feature","properties":{"name":"Verdic Life Care Hospital","kind":"clinic","ownership":"Private","level":"Secondary","kind_detail":"Unknown","lga":"Eti-Osa","ward":"Ikate Lekki"},"geometry":{"type":"Point","coordinates":[3.47228,6.43207]}},{"type":"Feature","properties":{"name":"Fortune Health Care Convalescent Home","kind":"clinic","ownership":"Private","level":"Primary","kind_detail":"Primary Health Clinic","lga":"Shomolu","ward":"Orile Shomolu"},"geometry":{"type":"Point","coordinates":[3.37496,6.53836]}},{"type":"Feature","properties":{"name":"Healing Stripes Hospital","kind":"clinic","ownership":"Private","level":"Secondary","kind_detail":"Unknown","lga":"Eti-Osa","ward":"Maroko Okun Alfa"},"geometry":{"type":"Point","coordinates":[3.44307,6.43286]}},{"type":"Feature","properties":{"name":"Arubah Family Medical Centre","kind":"clinic","ownership":"Private","level":"Secondary","kind_detail":"Unknown","lga":"Eti-Osa","ward":"Obalende"},"geometry":{"type":"Point","coordinates":[3.51541,6.44134]}},{"type":"Feature","properties":{"name":"Premier Specialist Medical Centre","kind":"clinic","ownership":"Private","level":"Secondary","kind_detail":"Unknown","lga":"Eti-Osa","ward":"Ikate Lekki"},"geometry":{"type":"Point","coordinates":[3.47299,6.44218]}},{"type":"Feature","properties":{"name":"Outreach Medical","kind":"clinic","ownership":"Private","level":"Secondary","kind_detail":"Unknown","lga":"Eti-Osa","ward":"Ajiran Osapa"},"geometry":{"type":"Point","coordinates":[3.51051,6.43777]}},{"type":"Feature","properties":{"name":"Galaxy Clinic","kind":"clinic","ownership":"Private","level":"Primary","kind_detail":"Unknown","lga":"Apapa","ward":"Sari"},"geometry":{"type":"Point","coordinates":[3.35211,6.47729]}},{"type":"Feature","properties":{"name":"Cedacare","kind":"clinic","ownership":"Private","level":"Secondary","kind_detail":"Unknown","lga":"Eti-Osa","ward":"Okunmopo - Ogombo"},"geometry":{"type":"Point","coordinates":[3.57589,6.46143]}},{"type":"Feature","properties":{"name":"Upillon Care Hospital","kind":"clinic","ownership":"Private","level":"Secondary","kind_detail":"Unknown","lga":"Eti-Osa","ward":"Ajiran Osapa"},"geometry":{"type":"Point","coordinates":[3.51249,6.44134]}},{"type":"Feature","properties":{"name":"Ifesowapo Primary Health Center","kind":"clinic","ownership":"Public","level":"Primary","kind_detail":"Unknown","lga":"Eti-Osa","ward":"Okunmopo - Ogombo"},"geometry":{"type":"Point","coordinates":[3.56672,6.45534]}},{"type":"Feature","properties":{"name":"Isale Gangan Onola Health","kind":"clinic","ownership":"Public","level":"Primary","kind_detail":"Unknown","lga":"Lagos Island","ward":"Isale Gangan"},"geometry":{"type":"Point","coordinates":[3.39251,6.45732]}},{"type":"Feature","properties":{"name":"Faratori Eye Centre","kind":"clinic","ownership":"Private","level":"Secondary","kind_detail":"Unknown","lga":"Lagos Island","ward":"Odan"},"geometry":{"type":"Point","coordinates":[3.40198,6.45008]}},{"type":"Feature","properties":{"name":"Alephs Eyeland Eye Clinic","kind":"clinic","ownership":"Private","level":"Primary","kind_detail":"Primary Health Clinic","lga":"Lagos Island","ward":"Lafiaji"},"geometry":{"type":"Point","coordinates":[3.40304,6.45005]}},{"type":"Feature","properties":{"name":"Daniel Daniella Clinic","kind":"clinic","ownership":"Private","level":"Primary","kind_detail":"Primary Health Clinic","lga":"Lagos Island","ward":"Ajele"},"geometry":{"type":"Point","coordinates":[3.40446,6.44481]}},{"type":"Feature","properties":{"name":"Tabernacle Clinic","kind":"clinic","ownership":"Private","level":"Primary","kind_detail":"Primary Health Clinic","lga":"Oshodi/Isolo","ward":"Ilasa"},"geometry":{"type":"Point","coordinates":[3.33489,6.51501]}},{"type":"Feature","properties":{"name":"Dove Hospital and Diagnostic Centre","kind":"clinic","ownership":"Private","level":"Secondary","kind_detail":"Unknown","lga":"Eti-Osa","ward":"Badore"},"geometry":{"type":"Point","coordinates":[3.59048,6.49939]}},{"type":"Feature","properties":{"name":"Nigerian Red Cross Community Primary Health Centre","kind":"clinic","ownership":"Private","level":"Primary","kind_detail":"Primary Health Clinic","lga":"Lagos Mainland","ward":"Adekunle"},"geometry":{"type":"Point","coordinates":[3.38087,6.49413]}},{"type":"Feature","properties":{"name":"The Peninsula Hospital","kind":"clinic","ownership":"Private","level":"Secondary","kind_detail":"Unknown","lga":"Eti-Osa","ward":"Maroko Okun Alfa"},"geometry":{"type":"Point","coordinates":[3.55482,6.45018]}},{"type":"Feature","properties":{"name":"Clear View Hospital","kind":"clinic","ownership":"Private","level":"Secondary","kind_detail":"Unknown","lga":"Eti-Osa","ward":"Ikate Lekki"},"geometry":{"type":"Point","coordinates":[3.47509,6.44502]}},{"type":"Feature","properties":{"name":"South Shore Women Clinic","kind":"clinic","ownership":"Private","level":"Secondary","kind_detail":"Unknown","lga":"Eti-Osa","ward":"V/Island 2"},"geometry":{"type":"Point","coordinates":[3.41348,6.42941]}},{"type":"Feature","properties":{"name":"Southern Shore Addo Hospital","kind":"clinic","ownership":"Private","level":"Secondary","kind_detail":"Unknown","lga":"Eti-Osa","ward":"Addo"},"geometry":{"type":"Point","coordinates":[3.58332,6.49525]}},{"type":"Feature","properties":{"name":"Grover Hospital","kind":"clinic","ownership":"Private","level":"Secondary","kind_detail":"Unknown","lga":"Eti-Osa","ward":"V/Island 2"},"geometry":{"type":"Point","coordinates":[3.43701,6.42968]}},{"type":"Feature","properties":{"name":"Ever Care Hospital","kind":"clinic","ownership":"Private","level":"Secondary","kind_detail":"Unknown","lga":"Eti-Osa","ward":"Ikate Lekki"},"geometry":{"type":"Point","coordinates":[3.45688,6.4377]}},{"type":"Feature","properties":{"name":"Marine Beach Health Post","kind":"clinic","ownership":"Public","level":"Primary","kind_detail":"Unknown","lga":"Apapa","ward":"Marine Beach"},"geometry":{"type":"Point","coordinates":[3.36328,6.45709]}},{"type":"Feature","properties":{"name":"Fafty Clinic","kind":"clinic","ownership":"Private","level":"Primary","kind_detail":"Primary Health Clinic","lga":"Mushin","ward":"Owodunni"},"geometry":{"type":"Point","coordinates":[3.3638,6.53878]}},{"type":"Feature","properties":{"name":"Halifat Hospital","kind":"clinic","ownership":"Private","level":"Primary","kind_detail":"Primary Health Clinic","lga":"Mushin","ward":"Mushin Atewolara"},"geometry":{"type":"Point","coordinates":[3.34714,6.52936]}},{"type":"Feature","properties":{"name":"Mount Sinai Mushin Hospital","kind":"clinic","ownership":"Private","level":"Primary","kind_detail":"Primary Health Clinic","lga":"Mushin","ward":"Papa Ajao"},"geometry":{"type":"Point","coordinates":[3.33996,6.53582]}},{"type":"Feature","properties":{"name":"Specialist Hospital","kind":"clinic","ownership":"Private","level":"Secondary","kind_detail":"Unknown","lga":"Surulere","ward":"Babatunde Ayilara"},"geometry":{"type":"Point","coordinates":[3.35707,6.50707]}},{"type":"Feature","properties":{"name":"Jehovah Jireh Hospital","kind":"clinic","ownership":"Private","level":"Secondary","kind_detail":"Unknown","lga":"Shomolu","ward":"Okesuna"},"geometry":{"type":"Point","coordinates":[3.39752,6.53416]}},{"type":"Feature","properties":{"name":"Barnes Cardiac Diagnostics Laboratories Limited Hospital","kind":"clinic","ownership":"Private","level":"Secondary","kind_detail":"Unknown","lga":"Eti-Osa","ward":"Apese"},"geometry":{"type":"Point","coordinates":[3.44517,6.4271]}},{"type":"Feature","properties":{"name":"Ss Simeon Galdinus Medical Center","kind":"clinic","ownership":"Private","level":"Secondary","kind_detail":"Unknown","lga":"Surulere","ward":"Irone"},"geometry":{"type":"Point","coordinates":[3.33168,6.48707]}},{"type":"Feature","properties":{"name":"Divine Medical Hospital","kind":"clinic","ownership":"Private","level":"Secondary","kind_detail":"Unknown","lga":"Eti-Osa","ward":"Falomo Oyinkan"},"geometry":{"type":"Point","coordinates":[3.41648,6.44411]}},{"type":"Feature","properties":{"name":"Citizen Medical Center","kind":"clinic","ownership":"Private","level":"Secondary","kind_detail":"Unknown","lga":"Eti-Osa","ward":"Ikoyi 2"},"geometry":{"type":"Point","coordinates":[3.41734,6.44413]}},{"type":"Feature","properties":{"name":"Divine Dental Home","kind":"clinic","ownership":"Private","level":"Primary","kind_detail":"Unknown","lga":"Eti-Osa","ward":"Aboyade 1004"},"geometry":{"type":"Point","coordinates":[3.43883,6.43411]}},{"type":"Feature","properties":{"name":"Encee Medical Center","kind":"clinic","ownership":"Private","level":"Primary","kind_detail":"Primary Health Clinic","lga":"Eti-Osa","ward":"Aboyade 1004"},"geometry":{"type":"Point","coordinates":[3.44008,6.42757]}},{"type":"Feature","properties":{"name":"Renaissance Medical Center","kind":"clinic","ownership":"Private","level":"Tertiary","kind_detail":"Specialized Hospital","lga":"Eti-Osa","ward":"V/Island 2"},"geometry":{"type":"Point","coordinates":[3.41151,6.43219]}},{"type":"Feature","properties":{"name":"Udeco Medical Center","kind":"clinic","ownership":"Private","level":"Secondary","kind_detail":"Unknown","lga":"Eti-Osa","ward":"Ajiran Osapa"},"geometry":{"type":"Point","coordinates":[3.52643,6.44373]}},{"type":"Feature","properties":{"name":"United Hearth Hospital","kind":"clinic","ownership":"Private","level":"Secondary","kind_detail":"Unknown","lga":"Eti-Osa","ward":"V/Island 2"},"geometry":{"type":"Point","coordinates":[3.44058,6.42543]}},{"type":"Feature","properties":{"name":"Blanche Dental Clinic","kind":"clinic","ownership":"Private","level":"Primary","kind_detail":"Primary Health Clinic","lga":"Eti-Osa","ward":"Ikate Lekki"},"geometry":{"type":"Point","coordinates":[3.47289,6.44445]}},{"type":"Feature","properties":{"name":"Lilly Hospital","kind":"clinic","ownership":"Private","level":"Secondary","kind_detail":"Unknown","lga":"Eti-Osa","ward":"Ikate Lekki"},"geometry":{"type":"Point","coordinates":[3.47971,6.43432]}},{"type":"Feature","properties":{"name":"Dr Charles Hammond Clinic","kind":"clinic","ownership":"Private","level":"Primary","kind_detail":"Primary Health Clinic","lga":"Eti-Osa","ward":"Aboyade 1004"},"geometry":{"type":"Point","coordinates":[3.43132,6.43312]}},{"type":"Feature","properties":{"name":"Lafiaji Primary Health Clinic","kind":"clinic","ownership":"Public","level":"Primary","kind_detail":"Primary Health Clinic","lga":"Eti-Osa","ward":"Maroko Okun Alfa"},"geometry":{"type":"Point","coordinates":[3.56578,6.42808]}},{"type":"Feature","properties":{"name":"Macjoy Hospital","kind":"clinic","ownership":"Private","level":"Secondary","kind_detail":"Unknown","lga":"Eti-Osa","ward":"Igbo Efon"},"geometry":{"type":"Point","coordinates":[3.52237,6.43435]}},{"type":"Feature","properties":{"name":"Max Care Hospital","kind":"clinic","ownership":"Private","level":"Secondary","kind_detail":"Unknown","lga":"Eti-Osa","ward":"Ajiran Osapa"},"geometry":{"type":"Point","coordinates":[3.63092,6.47369]}},{"type":"Feature","properties":{"name":"Marigold Hospital","kind":"clinic","ownership":"Private","level":"Secondary","kind_detail":"Unknown","lga":"Surulere","ward":"Muniru Baruwa"},"geometry":{"type":"Point","coordinates":[3.34703,6.50191]}},{"type":"Feature","properties":{"name":"Omol Medical Clinic","kind":"clinic","ownership":"Private","level":"Primary","kind_detail":"Unknown","lga":"Mushin","ward":"Ilupeju"},"geometry":{"type":"Point","coordinates":[3.3631,6.5387]}},{"type":"Feature","properties":{"name":"Tripoint Hospital","kind":"clinic","ownership":"Private","level":"Primary","kind_detail":"Unknown","lga":"Mushin","ward":"Alafia Adeoyo"},"geometry":{"type":"Point","coordinates":[3.34231,6.52251]}},{"type":"Feature","properties":{"name":"Lobel Hospital and Maternity","kind":"clinic","ownership":"Private","level":"Primary","kind_detail":"Primary Health Center","lga":"Lagos Mainland","ward":"Alagomeji"},"geometry":{"type":"Point","coordinates":[3.37908,6.50008]}},{"type":"Feature","properties":{"name":"Ondo West Primary Health Center","kind":"clinic","ownership":"Public","level":"Primary","kind_detail":"Primary Health Center","lga":"Lagos Mainland","ward":"Ojo Oniyun"},"geometry":{"type":"Point","coordinates":[3.38037,6.4837]}},{"type":"Feature","properties":{"name":"Niyot Medical Center","kind":"clinic","ownership":"Private","level":"Secondary","kind_detail":"Unknown","lga":"Eti-Osa","ward":"Ikate Lekki"},"geometry":{"type":"Point","coordinates":[3.45676,6.43962]}},{"type":"Feature","properties":{"name":"Sheriff 2 Clinic","kind":"clinic","ownership":"Private","level":"Primary","kind_detail":"Primary Health Clinic","lga":"Eti-Osa","ward":"Ajiran Osapa"},"geometry":{"type":"Point","coordinates":[3.51163,6.44077]}},{"type":"Feature","properties":{"name":"Reddot Medical Center","kind":"clinic","ownership":"Private","level":"Secondary","kind_detail":"Unknown","lga":"Eti-Osa","ward":"Ajiran Osapa"},"geometry":{"type":"Point","coordinates":[3.47971,6.43432]}},{"type":"Feature","properties":{"name":"Igbo Owu Primary Health Center","kind":"clinic","ownership":"Public","level":"Primary","kind_detail":"Primary Health Center","lga":"Mushin","ward":"Alafia Adeoyo"},"geometry":{"type":"Point","coordinates":[3.34082,6.53017]}},{"type":"Feature","properties":{"name":"Vital Hospital","kind":"clinic","ownership":"Private","level":"Primary","kind_detail":"Primary Health Clinic","lga":"Mushin","ward":"Kayode Fadeyi"},"geometry":{"type":"Point","coordinates":[3.36277,6.53129]}},{"type":"Feature","properties":{"name":"Olidec Hospital","kind":"clinic","ownership":"Private","level":"Primary","kind_detail":"Primary Health Clinic","lga":"Mushin","ward":"Alafia Adeoyo"},"geometry":{"type":"Point","coordinates":[3.34245,6.5306]}},{"type":"Feature","properties":{"name":"Lindabel Medical Center","kind":"clinic","ownership":"Private","level":"Secondary","kind_detail":"Unknown","lga":"Surulere","ward":"Muniru Baruwa"},"geometry":{"type":"Point","coordinates":[3.35111,6.48807]}},{"type":"Feature","properties":{"name":"Ajax Maternity","kind":"clinic","ownership":"Private","level":"Primary","kind_detail":"Primary Health Clinic","lga":"Mushin","ward":"Igbehinadun"},"geometry":{"type":"Point","coordinates":[3.3399,6.51925]}},{"type":"Feature","properties":{"name":"Andromeda Hospital","kind":"clinic","ownership":"Private","level":"Primary","kind_detail":"Primary Health Clinic","lga":"Mushin","ward":"Ilupeju"},"geometry":{"type":"Point","coordinates":[3.36126,6.55765]}},{"type":"Feature","properties":{"name":"Bajulaye Primary Health Center","kind":"clinic","ownership":"Public","level":"Primary","kind_detail":"Primary Health Center","lga":"Shomolu","ward":"Okesuna"},"geometry":{"type":"Point","coordinates":[3.38171,6.53247]}},{"type":"Feature","properties":{"name":"Bimcare Medical Center","kind":"clinic","ownership":"Private","level":"Secondary","kind_detail":"Unknown","lga":"Shomolu","ward":"Apelehin"},"geometry":{"type":"Point","coordinates":[3.39373,6.54594]}},{"type":"Feature","properties":{"name":"Bolaid Hospital","kind":"clinic","ownership":"Private","level":"Secondary","kind_detail":"Unknown","lga":"Shomolu","ward":"Owotutu"},"geometry":{"type":"Point","coordinates":[3.37878,6.54027]}},{"type":"Feature","properties":{"name":"Jjaned Hospital Specialist","kind":"clinic","ownership":"Private","level":"Secondary","kind_detail":"Unknown","lga":"Eti-Osa","ward":"Sangotedo"},"geometry":{"type":"Point","coordinates":[3.59012,6.47808]}},{"type":"Feature","properties":{"name":"Gidado Clinic and Maternity Home","kind":"clinic","ownership":"Private","level":"Primary","kind_detail":"Unknown","lga":"Apapa","ward":"Marine Beach"},"geometry":{"type":"Point","coordinates":[3.36256,6.45776]}},{"type":"Feature","properties":{"name":"Naval Medical Center","kind":"clinic","ownership":"Public","level":"Primary","kind_detail":"Primary Health Center","lga":"Apapa","ward":"Marine Beach"},"geometry":{"type":"Point","coordinates":[3.36831,6.45744]}},{"type":"Feature","properties":{"name":"Oluwole Primary Health Center","kind":"clinic","ownership":"Public","level":"Primary","kind_detail":"Unknown","lga":"Apapa","ward":"Apapa"},"geometry":{"type":"Point","coordinates":[3.35248,6.45111]}},{"type":"Feature","properties":{"name":"First Cardiology Consultants","kind":"clinic","ownership":"Private","level":"Secondary","kind_detail":"Unknown","lga":"Eti-Osa","ward":"Ikoyi 2"},"geometry":{"type":"Point","coordinates":[3.43443,6.45279]}},{"type":"Feature","properties":{"name":"My Private Consultant","kind":"clinic","ownership":"Private","level":"Secondary","kind_detail":"Unknown","lga":"Eti-Osa","ward":"Ikate Lekki"},"geometry":{"type":"Point","coordinates":[3.46166,6.44772]}},{"type":"Feature","properties":{"name":"Kenfield Consulting Clinic","kind":"clinic","ownership":"Private","level":"Primary","kind_detail":"Unknown","lga":"Lagos Island","ward":"Odan"},"geometry":{"type":"Point","coordinates":[3.39768,6.45087]}},{"type":"Feature","properties":{"name":"Optimum View Eye Care","kind":"clinic","ownership":"Private","level":"Primary","kind_detail":"Unknown","lga":"Lagos Island","ward":"Araromi Odo"},"geometry":{"type":"Point","coordinates":[3.40468,6.44783]}},{"type":"Feature","properties":{"name":"Eko Electricity Distribution Clinic","kind":"clinic","ownership":"Private","level":"Primary","kind_detail":"Unknown","lga":"Lagos Island","ward":"Ajele"},"geometry":{"type":"Point","coordinates":[3.38458,6.46177]}},{"type":"Feature","properties":{"name":"City Hall Health Post","kind":"clinic","ownership":"Public","level":"Primary","kind_detail":"Health Post","lga":"Lagos Island","ward":"Olosun Oju Oto"},"geometry":{"type":"Point","coordinates":[3.39322,6.45364]}},{"type":"Feature","properties":{"name":"Yakeem Kayode Clinic","kind":"clinic","ownership":"Private","level":"Primary","kind_detail":"Unknown","lga":"Lagos Island","ward":"Epetedo West"},"geometry":{"type":"Point","coordinates":[3.3984,6.4564]}},{"type":"Feature","properties":{"name":"King Edward Medical Clinic","kind":"clinic","ownership":"Private","level":"Primary","kind_detail":"Primary Health Clinic","lga":"Lagos Island","ward":"Epetedo West"},"geometry":{"type":"Point","coordinates":[3.39829,6.45395]}},{"type":"Feature","properties":{"name":"Femi Pedro (Dumare) Primary Health Center","kind":"clinic","ownership":"Public","level":"Primary","kind_detail":"Unknown","lga":"Lagos Island","ward":"Epetedo East"},"geometry":{"type":"Point","coordinates":[3.40003,6.45377]}},{"type":"Feature","properties":{"name":"Ths Medical Center","kind":"clinic","ownership":"Private","level":"Primary","kind_detail":"Primary Health Clinic","lga":"Mushin","ward":"Papa Ajao"},"geometry":{"type":"Point","coordinates":[3.34238,6.53594]}},{"type":"Feature","properties":{"name":"Idi Araba Health Post","kind":"clinic","ownership":"Public","level":"Primary","kind_detail":"Health Post","lga":"Mushin","ward":"Idi Araba"},"geometry":{"type":"Point","coordinates":[3.34478,6.51759]}},{"type":"Feature","properties":{"name":"Salamah Maternity Home","kind":"clinic","ownership":"Private","level":"Primary","kind_detail":"Primary Health Clinic","lga":"Mushin","ward":"Idi Araba"},"geometry":{"type":"Point","coordinates":[3.34728,6.51697]}},{"type":"Feature","properties":{"name":"Hosanna Grace Hospital","kind":"clinic","ownership":"Private","level":"Primary","kind_detail":"Primary Health Clinic","lga":"Mushin","ward":"Papa Ajao"},"geometry":{"type":"Point","coordinates":[3.34254,6.53544]}},{"type":"Feature","properties":{"name":"R Jolard Plus","kind":"clinic","ownership":"Private","level":"Secondary","kind_detail":"Unknown","lga":"Shomolu","ward":"Apelehin"},"geometry":{"type":"Point","coordinates":[3.39222,6.54846]}},{"type":"Feature","properties":{"name":"Chronicare Nigeria Limited","kind":"clinic","ownership":"Private","level":"Primary","kind_detail":"Primary Health Clinic","lga":"Shomolu","ward":"Pedro / Gbagada"},"geometry":{"type":"Point","coordinates":[3.37041,6.55691]}},{"type":"Feature","properties":{"name":"Clinique De Mercy Hospital","kind":"clinic","ownership":"Private","level":"Secondary","kind_detail":"Unknown","lga":"Shomolu","ward":"Apelehin"},"geometry":{"type":"Point","coordinates":[3.38227,6.54711]}},{"type":"Feature","properties":{"name":"Rev. Fmp Maculary Memorial Home","kind":"clinic","ownership":"Private","level":"Secondary","kind_detail":"Unknown","lga":"Shomolu","ward":"Onipanu (Shomolu)"},"geometry":{"type":"Point","coordinates":[3.37079,6.5476]}},{"type":"Feature","properties":{"name":"His Stripes Hospital Specialist","kind":"clinic","ownership":"Private","level":"Secondary","kind_detail":"Unknown","lga":"Surulere","ward":"Savage"},"geometry":{"type":"Point","coordinates":[3.34384,6.48028]}},{"type":"Feature","properties":{"name":"Boots Hospital Specialist","kind":"clinic","ownership":"Private","level":"Secondary","kind_detail":"Unknown","lga":"Surulere","ward":"Shitta/Bankolemoh"},"geometry":{"type":"Point","coordinates":[3.35423,6.50187]}},{"type":"Feature","properties":{"name":"Forte Oil Staff Clinic","kind":"clinic","ownership":"Private","level":"Primary","kind_detail":"Primary Health Clinic","lga":"Apapa","ward":"Ijora"},"geometry":{"type":"Point","coordinates":[3.35652,6.47395]}},{"type":"Feature","properties":{"name":"Gods Vessel Clinic","kind":"clinic","ownership":"Private","level":"Secondary","kind_detail":"Unknown","lga":"Shomolu","ward":"Seriki"},"geometry":{"type":"Point","coordinates":[3.3969,6.5403]}},{"type":"Feature","properties":{"name":"Reliance Family Clinic","kind":"clinic","ownership":"Private","level":"Primary","kind_detail":"Primary Health Clinic","lga":"Shomolu","ward":"Pedro / Gbagada"},"geometry":{"type":"Point","coordinates":[3.33859,6.54532]}},{"type":"Feature","properties":{"name":"Tola Crescent Medical Center","kind":"clinic","ownership":"Private","level":"Primary","kind_detail":"Primary Health Clinic","lga":"Shomolu","ward":"Akoka /  Anuoluwapo"},"geometry":{"type":"Point","coordinates":[3.37171,6.53587]}},{"type":"Feature","properties":{"name":"Ausvic Hospital","kind":"clinic","ownership":"Private","level":"Primary","kind_detail":"Primary Health Clinic","lga":"Mushin","ward":"Igbehinadun"},"geometry":{"type":"Point","coordinates":[3.33905,6.52257]}},{"type":"Feature","properties":{"name":"Mukaz Clinic","kind":"clinic","ownership":"Private","level":"Primary","kind_detail":"Primary Health Clinic","lga":"Mushin","ward":"Papa Ajao"},"geometry":{"type":"Point","coordinates":[3.34303,6.5394]}},{"type":"Feature","properties":{"name":"Emobile Hospital Specialist","kind":"clinic","ownership":"Private","level":"Secondary","kind_detail":"Unknown","lga":"Eti-Osa","ward":"Ikate Lekki"},"geometry":{"type":"Point","coordinates":[3.46223,6.43451]}},{"type":"Feature","properties":{"name":"Lennox Limited Hospital","kind":"clinic","ownership":"Private","level":"Secondary","kind_detail":"Unknown","lga":"Eti-Osa","ward":"Sangotedo"},"geometry":{"type":"Point","coordinates":[3.60571,6.47351]}},{"type":"Feature","properties":{"name":"Nuklius Hospital Specialist","kind":"clinic","ownership":"Private","level":"Secondary","kind_detail":"Unknown","lga":"Eti-Osa","ward":"Orile - Ilasan"},"geometry":{"type":"Point","coordinates":[3.50574,6.43511]}},{"type":"Feature","properties":{"name":"Magna Carta Health","kind":"clinic","ownership":"Private","level":"Primary","kind_detail":"Primary Health Center","lga":"Eti-Osa","ward":"Ikoyi 2"},"geometry":{"type":"Point","coordinates":[3.415,6.44429]}},{"type":"Feature","properties":{"name":"Primeforth Hospital","kind":"clinic","ownership":"Private","level":"Secondary","kind_detail":"Unknown","lga":"Eti-Osa","ward":"Ajiran Osapa"},"geometry":{"type":"Point","coordinates":[3.51609,6.44368]}},{"type":"Feature","properties":{"name":"Zenith Kidney Medical Center","kind":"clinic","ownership":"Private","level":"Secondary","kind_detail":"Unknown","lga":"Lagos Mainland","ward":"Onike Oyadiran"},"geometry":{"type":"Point","coordinates":[3.38376,6.51073]}},{"type":"Feature","properties":{"name":"Ajeabo Primary Health Center","kind":"clinic","ownership":"Public","level":"Primary","kind_detail":"Primary Health Center","lga":"Mushin","ward":"Igbehinadun"},"geometry":{"type":"Point","coordinates":[3.33762,6.52005]}},{"type":"Feature","properties":{"name":"Vantage Medical Center","kind":"clinic","ownership":"Private","level":"Secondary","kind_detail":"Unknown","lga":"Eti-Osa","ward":"Aboyade 1004"},"geometry":{"type":"Point","coordinates":[3.43931,6.43397]}},{"type":"Feature","properties":{"name":"Ave Maria Hospital","kind":"clinic","ownership":"Private","level":"Secondary","kind_detail":"Unknown","lga":"Eti-Osa","ward":"Aboyade 1004"},"geometry":{"type":"Point","coordinates":[3.44706,6.43129]}},{"type":"Feature","properties":{"name":"Trust Health Clinic","kind":"clinic","ownership":"Private","level":"Primary","kind_detail":"Primary Health Clinic","lga":"Lagos Island","ward":"Epetedo West"},"geometry":{"type":"Point","coordinates":[3.39948,6.45596]}},{"type":"Feature","properties":{"name":"Tbs Dental Clinic","kind":"clinic","ownership":"Private","level":"Secondary","kind_detail":"Unknown","lga":"Lagos Island","ward":"Araromi Odo"},"geometry":{"type":"Point","coordinates":[3.40301,6.44756]}},{"type":"Feature","properties":{"name":"Pearl Eye Clinic","kind":"clinic","ownership":"Private","level":"Secondary","kind_detail":"Unknown","lga":"Shomolu","ward":"Pedro / Gbagada"},"geometry":{"type":"Point","coordinates":[3.39387,6.54794]}},{"type":"Feature","properties":{"name":"Goodness Mercy Maternity Home and  Clinic","kind":"clinic","ownership":"Private","level":"Secondary","kind_detail":"Unknown","lga":"Shomolu","ward":"Ilaje 7"},"geometry":{"type":"Point","coordinates":[3.39532,6.53997]}},{"type":"Feature","properties":{"name":"Taiwo Convalescent Home","kind":"clinic","ownership":"Private","level":"Primary","kind_detail":"Primary Health Clinic","lga":"Shomolu","ward":"Seriki"},"geometry":{"type":"Point","coordinates":[3.3937,6.54045]}},{"type":"Feature","properties":{"name":"Tamec Hospital","kind":"clinic","ownership":"Private","level":"Primary","kind_detail":"Primary Health Clinic","lga":"Shomolu","ward":"Pedro / Gbagada"},"geometry":{"type":"Point","coordinates":[3.37669,6.54619]}},{"type":"Feature","properties":{"name":"De Matt Clinic","kind":"clinic","ownership":"Public","level":"Secondary","kind_detail":"Unknown","lga":"Surulere","ward":"Muniru Baruwa"},"geometry":{"type":"Point","coordinates":[3.3487,6.50982]}},{"type":"Feature","properties":{"name":"Simeon Hospital","kind":"clinic","ownership":"Private","level":"Secondary","kind_detail":"Unknown","lga":"Surulere","ward":"Airways"},"geometry":{"type":"Point","coordinates":[3.33331,6.48864]}}]}