{"type":"FeatureCollection","features":[{"type":"Feature","properties":{"minutes":9.64,"people":49,"clinic_min":19.28,"school_min":0.0,"k_clinic":5,"k_school":5,"within_15":1,"off_street":1,"ward":"Tarkwa Bay","lga":"Eti Osa","place":"Oko Agbo","place_m":451},"geometry":{"type":"Polygon","coordinates":[[[3.38257,6.40098],[3.38101,6.40188],[3.37944,6.40098],[3.37944,6.39917],[3.381,6.39827],[3.38257,6.39917],[3.38257,6.40098]]]}},{"type":"Feature","properties":{"minutes":9.64,"people":53,"clinic_min":19.28,"school_min":0.0,"k_clinic":5,"k_school":5,"within_15":1,"off_street":1,"ward":"Tarkwa Bay","lga":"Eti Osa","place":"Light House Abagbo 2","place_m":472},"geometry":{"type":"Polygon","coordinates":[[[3.3857,6.40098],[3.38414,6.40188],[3.38257,6.40098],[3.38257,6.39917],[3.38414,6.39826],[3.3857,6.39917],[3.3857,6.40098]]]}},{"type":"Feature","properties":{"minutes":9.64,"people":72,"clinic_min":19.28,"school_min":0.0,"k_clinic":5,"k_school":5,"within_15":1,"off_street":1,"ward":"Tarkwa Bay","lga":"Eti Osa","place":"Light House Abagbo 2","place_m":583},"geometry":{"type":"Polygon","coordinates":[[[3.38884,6.40097],[3.38727,6.40188],[3.3857,6.40098],[3.3857,6.39917],[3.38727,6.39826],[3.38884,6.39916],[3.38884,6.40097]]]}},{"type":"Feature","properties":{"minutes":9.64,"people":221,"clinic_min":19.28,"school_min":0.0,"k_clinic":5,"k_school":5,"within_15":1,"off_street":1,"ward":"Tarkwa Bay","lga":"Eti Osa","place":"Light House Abagbo 1","place_m":437},"geometry":{"type":"Polygon","coordinates":[[[3.39197,6.40097],[3.3904,6.40188],[3.38884,6.40097],[3.38884,6.39916],[3.3904,6.39826],[3.39197,6.39916],[3.39197,6.40097]]]}},{"type":"Feature","properties":{"minutes":11.46,"people":548,"clinic_min":20.99,"school_min":1.93,"k_clinic":5,"k_school":5,"within_15":1,"off_street":1,"ward":"Tarkwa Bay","lga":"Eti Osa","place":"Light House Abagbo 1","place_m":507},"geometry":{"type":"Polygon","coordinates":[[[3.3951,6.40097],[3.39354,6.40187],[3.39197,6.40097],[3.39197,6.39916],[3.39353,6.39826],[3.3951,6.39916],[3.3951,6.40097]]]}},{"type":"Feature","properties":{"minutes":11.46,"people":24,"clinic_min":20.99,"school_min":1.93,"k_clinic":5,"k_school":5,"within_15":1,"off_street":1,"ward":"Tarkwa Bay","lga":"Eti Osa","place":"Light House Abagbo 1","place_m":750},"geometry":{"type":"Polygon","coordinates":[[[3.39823,6.40097],[3.39667,6.40187],[3.3951,6.40097],[3.3951,6.39916],[3.39667,6.39825],[3.39823,6.39916],[3.39823,6.40097]]]}},{"type":"Feature","properties":{"minutes":9.4,"people":32,"clinic_min":18.79,"school_min":0.0,"k_clinic":5,"k_school":5,"within_15":1,"off_street":1,"ward":"Abraham Adesanya","lga":"Apapa","place":"Gbelejo","place_m":1414},"geometry":{"type":"Polygon","coordinates":[[[3.36535,6.4037],[3.36378,6.40461],[3.36221,6.40371],[3.36221,6.4019],[3.36378,6.40099],[3.36534,6.4019],[3.36535,6.4037]]]}},{"type":"Feature","properties":{"minutes":9.4,"people":9,"clinic_min":18.79,"school_min":0.0,"k_clinic":5,"k_school":5,"within_15":1,"off_street":1,"ward":"Abraham Adesanya","lga":"Apapa","place":"Agala","place_m":1408},"geometry":{"type":"Polygon","coordinates":[[[3.36848,6.4037],[3.36691,6.40461],[3.36535,6.4037],[3.36534,6.4019],[3.36691,6.40099],[3.36848,6.40189],[3.36848,6.4037]]]}},{"type":"Feature","properties":{"minutes":17.5,"people":47,"clinic_min":22.42,"school_min":12.58,"k_clinic":5,"k_school":5,"within_15":0,"off_street":1,"ward":"Abraham Adesanya","lga":"Apapa","place":"Oko Agbo","place_m":1352},"geometry":{"type":"Polygon","coordinates":[[[3.37161,6.4037],[3.37004,6.40461],[3.36848,6.4037],[3.36848,6.40189],[3.37004,6.40099],[3.37161,6.40189],[3.37161,6.4037]]]}},{"type":"Feature","properties":{"minutes":9.64,"people":36,"clinic_min":19.28,"school_min":0.0,"k_clinic":5,"k_school":5,"within_15":1,"off_street":1,"ward":"Abraham Adesanya","lga":"Apapa","place":"Oko Agbo","place_m":1008},"geometry":{"type":"Polygon","coordinates":[[[3.37474,6.4037],[3.37318,6.4046],[3.37161,6.4037],[3.37161,6.40189],[3.37317,6.40099],[3.37474,6.40189],[3.37474,6.4037]]]}},{"type":"Feature","properties":{"minutes":9.64,"people":14,"clinic_min":19.28,"school_min":0.0,"k_clinic":5,"k_school":5,"within_15":1,"off_street":1,"ward":"Tarkwa Bay","lga":"Eti Osa","place":"Oko Agbo","place_m":333},"geometry":{"type":"Polygon","coordinates":[[[3.38101,6.40369],[3.37944,6.4046],[3.37788,6.4037],[3.37787,6.40189],[3.37944,6.40098],[3.38101,6.40188],[3.38101,6.40369]]]}},{"type":"Feature","properties":{"minutes":9.64,"people":31,"clinic_min":19.28,"school_min":0.0,"k_clinic":5,"k_school":5,"within_15":1,"off_street":1,"ward":"Tarkwa Bay","lga":"Eti Osa","place":"Oko Agbo","place_m":137},"geometry":{"type":"Polygon","coordinates":[[[3.38414,6.40369],[3.38257,6.4046],[3.38101,6.40369],[3.38101,6.40188],[3.38257,6.40098],[3.38414,6.40188],[3.38414,6.40369]]]}},{"type":"Feature","properties":{"minutes":9.64,"people":147,"clinic_min":19.28,"school_min":0.0,"k_clinic":5,"k_school":5,"within_15":1,"off_street":1,"ward":"Tarkwa Bay","lga":"Eti Osa","place":"Light House Abagbo 2","place_m":242},"geometry":{"type":"Polygon","coordinates":[[[3.38727,6.40369],[3.38571,6.40459],[3.38414,6.40369],[3.38414,6.40188],[3.3857,6.40098],[3.38727,6.40188],[3.38727,6.40369]]]}},{"type":"Feature","properties":{"minutes":9.64,"people":132,"clinic_min":19.28,"school_min":0.0,"k_clinic":5,"k_school":5,"within_15":1,"off_street":1,"ward":"Tarkwa Bay","lga":"Eti Osa","place":"Light House Abagbo 1","place_m":283},"geometry":{"type":"Polygon","coordinates":[[[3.39041,6.40369],[3.38884,6.40459],[3.38727,6.40369],[3.38727,6.40188],[3.38884,6.40097],[3.3904,6.40188],[3.39041,6.40369]]]}},{"type":"Feature","properties":{"minutes":9.64,"people":429,"clinic_min":19.28,"school_min":0.0,"k_clinic":5,"k_school":5,"within_15":1,"off_street":1,"ward":"Tarkwa Bay","lga":"Eti Osa","place":"Light House Abagbo 1","place_m":161},"geometry":{"type":"Polygon","coordinates":[[[3.39354,6.40368],[3.39197,6.40459],[3.39041,6.40369],[3.3904,6.40188],[3.39197,6.40097],[3.39354,6.40187],[3.39354,6.40368]]]}},{"type":"Feature","properties":{"minutes":9.64,"people":868,"clinic_min":19.28,"school_min":0.0,"k_clinic":5,"k_school":5,"within_15":1,"off_street":1,"ward":"Tarkwa Bay","lga":"Eti Osa","place":"Light House Abagbo 1","place_m":460},"geometry":{"type":"Polygon","coordinates":[[[3.39667,6.40368],[3.3951,6.40459],[3.39354,6.40368],[3.39354,6.40187],[3.3951,6.40097],[3.39667,6.40187],[3.39667,6.40368]]]}},{"type":"Feature","properties":{"minutes":9.64,"people":8,"clinic_min":19.28,"school_min":0.0,"k_clinic":5,"k_school":5,"within_15":1,"off_street":1,"ward":"Tarkwa Bay","lga":"Eti Osa","place":"Light House Abagbo 1","place_m":799},"geometry":{"type":"Polygon","coordinates":[[[3.3998,6.40368],[3.39824,6.40458],[3.39667,6.40368],[3.39667,6.40187],[3.39823,6.40097],[3.3998,6.40187],[3.3998,6.40368]]]}},{"type":"Feature","properties":{"minutes":13.82,"people":9,"clinic_min":15.66,"school_min":11.98,"k_clinic":5,"k_school":5,"within_15":1,"off_street":1,"ward":"Abraham Adesanya","lga":"Apapa","place":"Agala","place_m":1106},"geometry":{"type":"Polygon","coordinates":[[[3.37318,6.40641],[3.37161,6.40732],[3.37005,6.40642],[3.37004,6.40461],[3.37161,6.4037],[3.37318,6.4046],[3.37318,6.40641]]]}},{"type":"Feature","properties":{"minutes":9.64,"people":9,"clinic_min":19.28,"school_min":0.0,"k_clinic":5,"k_school":5,"within_15":1,"off_street":1,"ward":"Abraham Adesanya","lga":"Apapa","place":"Abagbo","place_m":791},"geometry":{"type":"Polygon","coordinates":[[[3.37631,6.40641],[3.37475,6.40732],[3.37318,6.40641],[3.37318,6.4046],[3.37474,6.4037],[3.37631,6.4046],[3.37631,6.40641]]]}},{"type":"Feature","properties":{"minutes":9.64,"people":120,"clinic_min":19.28,"school_min":0.0,"k_clinic":5,"k_school":5,"within_15":1,"off_street":1,"ward":"Tarkwa Bay","lga":"Eti Osa","place":"Oko Agbo","place_m":215},"geometry":{"type":"Polygon","coordinates":[[[3.38258,6.40641],[3.38101,6.40731],[3.37944,6.40641],[3.37944,6.4046],[3.38101,6.40369],[3.38257,6.4046],[3.38258,6.40641]]]}},{"type":"Feature","properties":{"minutes":9.64,"people":27,"clinic_min":19.28,"school_min":0.0,"k_clinic":5,"k_school":5,"within_15":1,"off_street":1,"ward":"Tarkwa Bay","lga":"Eti Osa","place":"Light House Abagbo 2","place_m":128},"geometry":{"type":"Polygon","coordinates":[[[3.38571,6.4064],[3.38414,6.40731],[3.38258,6.40641],[3.38257,6.4046],[3.38414,6.40369],[3.38571,6.40459],[3.38571,6.4064]]]}},{"type":"Feature","properties":{"minutes":9.64,"people":52,"clinic_min":19.28,"school_min":0.0,"k_clinic":5,"k_school":5,"within_15":1,"off_street":1,"ward":"Tarkwa Bay","lga":"Eti Osa","place":"Light House Abagbo 2","place_m":366},"geometry":{"type":"Polygon","coordinates":[[[3.38884,6.4064],[3.38728,6.40731],[3.38571,6.4064],[3.38571,6.40459],[3.38727,6.40369],[3.38884,6.40459],[3.38884,6.4064]]]}},{"type":"Feature","properties":{"minutes":9.64,"people":91,"clinic_min":19.28,"school_min":0.0,"k_clinic":5,"k_school":5,"within_15":1,"off_street":1,"ward":"Tarkwa Bay","lga":"Eti Osa","place":"Light House Abagbo 1","place_m":187},"geometry":{"type":"Polygon","coordinates":[[[3.39197,6.4064],[3.39041,6.4073],[3.38884,6.4064],[3.38884,6.40459],[3.39041,6.40369],[3.39197,6.40459],[3.39197,6.4064]]]}},{"type":"Feature","properties":{"minutes":9.64,"people":580,"clinic_min":19.28,"school_min":0.0,"k_clinic":5,"k_school":5,"within_15":1,"off_street":1,"ward":"Tarkwa Bay","lga":"Eti Osa","place":"Light House Abagbo 1","place_m":318},"geometry":{"type":"Polygon","coordinates":[[[3.39511,6.4064],[3.39354,6.4073],[3.39197,6.4064],[3.39197,6.40459],[3.39354,6.40368],[3.3951,6.40459],[3.39511,6.4064]]]}},{"type":"Feature","properties":{"minutes":9.64,"people":196,"clinic_min":19.28,"school_min":0.0,"k_clinic":5,"k_school":5,"within_15":1,"off_street":1,"ward":"Tarkwa Bay","lga":"Eti Osa","place":"Light House Abagbo 1","place_m":638},"geometry":{"type":"Polygon","coordinates":[[[3.39824,6.40639],[3.39667,6.4073],[3.39511,6.4064],[3.3951,6.40459],[3.39667,6.40368],[3.39824,6.40458],[3.39824,6.40639]]]}},{"type":"Feature","properties":{"minutes":13.36,"people":54,"clinic_min":19.24,"school_min":7.48,"k_clinic":5,"k_school":5,"within_15":1,"off_street":1,"ward":"Abraham Adesanya","lga":"Apapa","place":"Abagbo","place_m":193},"geometry":{"type":"Polygon","coordinates":[[[3.38101,6.40912],[3.37945,6.41003],[3.37788,6.40912],[3.37788,6.40731],[3.37944,6.40641],[3.38101,6.40731],[3.38101,6.40912]]]}},{"type":"Feature","properties":{"minutes":13.36,"people":30,"clinic_min":19.24,"school_min":7.48,"k_clinic":5,"k_school":5,"within_15":1,"off_street":1,"ward":"Tarkwa Bay","lga":"Eti Osa","place":"Abagbo","place_m":178},"geometry":{"type":"Polygon","coordinates":[[[3.38414,6.40912],[3.38258,6.41002],[3.38101,6.40912],[3.38101,6.40731],[3.38258,6.40641],[3.38414,6.40731],[3.38414,6.40912]]]}},{"type":"Feature","properties":{"minutes":13.36,"people":31,"clinic_min":19.24,"school_min":7.48,"k_clinic":5,"k_school":5,"within_15":1,"off_street":1,"ward":"Tarkwa Bay","lga":"Eti Osa","place":"Light House Abagbo 1","place_m":533},"geometry":{"type":"Polygon","coordinates":[[[3.39041,6.40911],[3.38884,6.41002],[3.38728,6.40912],[3.38728,6.40731],[3.38884,6.4064],[3.39041,6.4073],[3.39041,6.40911]]]}},{"type":"Feature","properties":{"minutes":13.36,"people":599,"clinic_min":19.24,"school_min":7.48,"k_clinic":5,"k_school":5,"within_15":1,"off_street":1,"ward":"Tarkwa Bay","lga":"Eti Osa","place":"Light House Abagbo 1","place_m":480},"geometry":{"type":"Polygon","coordinates":[[[3.39354,6.40911],[3.39198,6.41002],[3.39041,6.40911],[3.39041,6.4073],[3.39197,6.4064],[3.39354,6.4073],[3.39354,6.40911]]]}},{"type":"Feature","properties":{"minutes":13.36,"people":39,"clinic_min":19.24,"school_min":7.48,"k_clinic":5,"k_school":5,"within_15":1,"off_street":1,"ward":"Tarkwa Bay","lga":"Eti Osa","place":"Takway Bay","place_m":518},"geometry":{"type":"Polygon","coordinates":[[[3.39667,6.40911],[3.39511,6.41001],[3.39354,6.40911],[3.39354,6.4073],[3.39511,6.4064],[3.39667,6.4073],[3.39667,6.40911]]]}},{"type":"Feature","properties":{"minutes":9.4,"people":58,"clinic_min":18.79,"school_min":0.0,"k_clinic":5,"k_school":5,"within_15":1,"off_street":1,"ward":"Abraham Adesanya","lga":"Apapa","place":"Gbelejo","place_m":522},"geometry":{"type":"Polygon","coordinates":[[[3.36379,6.41185],[3.36222,6.41275],[3.36065,6.41185],[3.36065,6.41004],[3.36222,6.40913],[3.36378,6.41004],[3.36379,6.41185]]]}},{"type":"Feature","properties":{"minutes":9.4,"people":203,"clinic_min":18.79,"school_min":0.0,"k_clinic":5,"k_school":5,"within_15":1,"off_street":1,"ward":"Abraham Adesanya","lga":"Apapa","place":"Gbelejo","place_m":569},"geometry":{"type":"Polygon","coordinates":[[[3.36692,6.41185],[3.36535,6.41275],[3.36379,6.41185],[3.36378,6.41004],[3.36535,6.40913],[3.36692,6.41004],[3.36692,6.41185]]]}},{"type":"Feature","properties":{"minutes":14.04,"people":34,"clinic_min":18.76,"school_min":9.32,"k_clinic":5,"k_school":5,"within_15":1,"off_street":1,"ward":"Abraham Adesanya","lga":"Apapa","place":"Abagbo","place_m":234},"geometry":{"type":"Polygon","coordinates":[[[3.38258,6.41183],[3.38101,6.41274],[3.37945,6.41184],[3.37945,6.41003],[3.38101,6.40912],[3.38258,6.41002],[3.38258,6.41183]]]}},{"type":"Feature","properties":{"minutes":14.04,"people":57,"clinic_min":18.76,"school_min":9.32,"k_clinic":5,"k_school":5,"within_15":1,"off_street":1,"ward":"Abraham Adesanya","lga":"Apapa","place":"Abagbo","place_m":411},"geometry":{"type":"Polygon","coordinates":[[[3.38571,6.41183],[3.38415,6.41274],[3.38258,6.41183],[3.38258,6.41002],[3.38414,6.40912],[3.38571,6.41002],[3.38571,6.41183]]]}},{"type":"Feature","properties":{"minutes":14.04,"people":61,"clinic_min":18.76,"school_min":9.32,"k_clinic":5,"k_school":5,"within_15":1,"off_street":1,"ward":"Abraham Adesanya","lga":"Apapa","place":"Takway Bay","place_m":690},"geometry":{"type":"Polygon","coordinates":[[[3.38885,6.41183],[3.38728,6.41273],[3.38571,6.41183],[3.38571,6.41002],[3.38728,6.40912],[3.38884,6.41002],[3.38885,6.41183]]]}},{"type":"Feature","properties":{"minutes":14.04,"people":119,"clinic_min":18.76,"school_min":9.32,"k_clinic":5,"k_school":5,"within_15":1,"off_street":1,"ward":"Abraham Adesanya","lga":"Apapa","place":"Takway Bay","place_m":367},"geometry":{"type":"Polygon","coordinates":[[[3.39198,6.41183],[3.39041,6.41273],[3.38885,6.41183],[3.38884,6.41002],[3.39041,6.40911],[3.39198,6.41002],[3.39198,6.41183]]]}},{"type":"Feature","properties":{"minutes":14.04,"people":330,"clinic_min":18.76,"school_min":9.32,"k_clinic":5,"k_school":5,"within_15":1,"off_street":1,"ward":"Abraham Adesanya","lga":"Apapa","place":"Takway Bay","place_m":180},"geometry":{"type":"Polygon","coordinates":[[[3.39511,6.41182],[3.39354,6.41273],[3.39198,6.41183],[3.39198,6.41002],[3.39354,6.40911],[3.39511,6.41001],[3.39511,6.41182]]]}},{"type":"Feature","properties":{"minutes":15.12,"people":20,"clinic_min":19.12,"school_min":11.13,"k_clinic":5,"k_school":5,"within_15":0,"off_street":0,"ward":"Tarkwa Bay","lga":"Eti Osa","place":"Takway Bay","place_m":1080},"geometry":{"type":"Polygon","coordinates":[[[3.40451,6.41182],[3.40294,6.41272],[3.40138,6.41182],[3.40137,6.41001],[3.40294,6.4091],[3.40451,6.41001],[3.40451,6.41182]]]}},{"type":"Feature","properties":{"minutes":11.96,"people":111,"clinic_min":17.14,"school_min":6.78,"k_clinic":5,"k_school":5,"within_15":1,"off_street":1,"ward":"Abraham Adesanya","lga":"Apapa","place":"Gbelejo","place_m":655},"geometry":{"type":"Polygon","coordinates":[[[3.35909,6.41456],[3.35752,6.41547],[3.35596,6.41457],[3.35595,6.41276],[3.35752,6.41185],[3.35909,6.41276],[3.35909,6.41456]]]}},{"type":"Feature","properties":{"minutes":9.4,"people":270,"clinic_min":18.79,"school_min":0.0,"k_clinic":5,"k_school":5,"within_15":1,"off_street":1,"ward":"Abraham Adesanya","lga":"Apapa","place":"Gbelejo","place_m":346},"geometry":{"type":"Polygon","coordinates":[[[3.36222,6.41456],[3.36066,6.41547],[3.35909,6.41456],[3.35909,6.41276],[3.36065,6.41185],[3.36222,6.41275],[3.36222,6.41456]]]}},{"type":"Feature","properties":{"minutes":9.4,"people":379,"clinic_min":18.79,"school_min":0.0,"k_clinic":5,"k_school":5,"within_15":1,"off_street":1,"ward":"Abraham Adesanya","lga":"Apapa","place":"Gbelejo","place_m":225},"geometry":{"type":"Polygon","coordinates":[[[3.36535,6.41456],[3.36379,6.41547],[3.36222,6.41456],[3.36222,6.41275],[3.36379,6.41185],[3.36535,6.41275],[3.36535,6.41456]]]}},{"type":"Feature","properties":{"minutes":13.82,"people":56,"clinic_min":15.66,"school_min":11.98,"k_clinic":5,"k_school":5,"within_15":1,"off_street":1,"ward":"Abraham Adesanya","lga":"Apapa","place":"Agala","place_m":451},"geometry":{"type":"Polygon","coordinates":[[[3.37475,6.41455],[3.37319,6.41546],[3.37162,6.41456],[3.37162,6.41275],[3.37318,6.41184],[3.37475,6.41274],[3.37475,6.41455]]]}},{"type":"Feature","properties":{"minutes":13.82,"people":106,"clinic_min":15.66,"school_min":11.98,"k_clinic":5,"k_school":5,"within_15":1,"off_street":1,"ward":"Abraham Adesanya","lga":"Apapa","place":"Abagbo","place_m":751},"geometry":{"type":"Polygon","coordinates":[[[3.37788,6.41455],[3.37632,6.41546],[3.37475,6.41455],[3.37475,6.41274],[3.37632,6.41184],[3.37788,6.41274],[3.37788,6.41455]]]}},{"type":"Feature","properties":{"minutes":14.04,"people":161,"clinic_min":18.76,"school_min":9.32,"k_clinic":5,"k_school":5,"within_15":1,"off_street":1,"ward":"Abraham Adesanya","lga":"Apapa","place":"Abagbo","place_m":558},"geometry":{"type":"Polygon","coordinates":[[[3.38415,6.41455],[3.38258,6.41545],[3.38102,6.41455],[3.38101,6.41274],[3.38258,6.41183],[3.38415,6.41274],[3.38415,6.41455]]]}},{"type":"Feature","properties":{"minutes":14.04,"people":9,"clinic_min":18.76,"school_min":9.32,"k_clinic":5,"k_school":5,"within_15":1,"off_street":1,"ward":"Abraham Adesanya","lga":"Apapa","place":"Abagbo","place_m":739},"geometry":{"type":"Polygon","coordinates":[[[3.38728,6.41454],[3.38572,6.41545],[3.38415,6.41455],[3.38415,6.41274],[3.38571,6.41183],[3.38728,6.41273],[3.38728,6.41454]]]}},{"type":"Feature","properties":{"minutes":14.04,"people":173,"clinic_min":18.76,"school_min":9.32,"k_clinic":5,"k_school":5,"within_15":1,"off_street":1,"ward":"Abraham Adesanya","lga":"Apapa","place":"Takway Bay","place_m":508},"geometry":{"type":"Polygon","coordinates":[[[3.39041,6.41454],[3.38885,6.41545],[3.38728,6.41454],[3.38728,6.41273],[3.38885,6.41183],[3.39041,6.41273],[3.39041,6.41454]]]}},{"type":"Feature","properties":{"minutes":14.04,"people":118,"clinic_min":18.76,"school_min":9.32,"k_clinic":5,"k_school":5,"within_15":1,"off_street":1,"ward":"Abraham Adesanya","lga":"Apapa","place":"Takway Bay","place_m":191},"geometry":{"type":"Polygon","coordinates":[[[3.39355,6.41454],[3.39198,6.41544],[3.39041,6.41454],[3.39041,6.41273],[3.39198,6.41183],[3.39354,6.41273],[3.39355,6.41454]]]}},{"type":"Feature","properties":{"minutes":15.12,"people":231,"clinic_min":19.12,"school_min":11.13,"k_clinic":5,"k_school":5,"within_15":0,"off_street":1,"ward":"Abraham Adesanya","lga":"Apapa","place":"Takway Bay","place_m":233},"geometry":{"type":"Polygon","coordinates":[[[3.39668,6.41454],[3.39511,6.41544],[3.39355,6.41454],[3.39354,6.41273],[3.39511,6.41182],[3.39668,6.41273],[3.39668,6.41454]]]}},{"type":"Feature","properties":{"minutes":18.77,"people":42,"clinic_min":21.11,"school_min":16.42,"k_clinic":5,"k_school":5,"within_15":0,"off_street":0,"ward":"Tarkwa Bay","lga":"Eti Osa","place":"Ahmadu Bello Way","place_m":1140},"geometry":{"type":"Polygon","coordinates":[[[3.40608,6.41453],[3.40451,6.41544],[3.40294,6.41453],[3.40294,6.41272],[3.40451,6.41182],[3.40607,6.41272],[3.40608,6.41453]]]}},{"type":"Feature","properties":{"minutes":9.4,"people":1735,"clinic_min":18.79,"school_min":0.0,"k_clinic":5,"k_school":5,"within_15":1,"off_street":1,"ward":"Abraham Adesanya","lga":"Apapa","place":"Tomaro","place_m":404},"geometry":{"type":"Polygon","coordinates":[[[3.36066,6.41728],[3.35909,6.41818],[3.35752,6.41728],[3.35752,6.41547],[3.35909,6.41456],[3.36066,6.41547],[3.36066,6.41728]]]}},{"type":"Feature","properties":{"minutes":9.4,"people":1777,"clinic_min":18.79,"school_min":0.0,"k_clinic":5,"k_school":5,"within_15":1,"off_street":1,"ward":"Abraham Adesanya","lga":"Apapa","place":"Gbelejo","place_m":133},"geometry":{"type":"Polygon","coordinates":[[[3.36379,6.41727],[3.36222,6.41818],[3.36066,6.41728],[3.36066,6.41547],[3.36222,6.41456],[3.36379,6.41547],[3.36379,6.41727]]]}},{"type":"Feature","properties":{"minutes":17.5,"people":865,"clinic_min":22.42,"school_min":12.58,"k_clinic":5,"k_school":5,"within_15":0,"off_street":1,"ward":"Abraham Adesanya","lga":"Apapa","place":"Gbelejo","place_m":261},"geometry":{"type":"Polygon","coordinates":[[[3.36692,6.41727],[3.36536,6.41818],[3.36379,6.41727],[3.36379,6.41547],[3.36535,6.41456],[3.36692,6.41546],[3.36692,6.41727]]]}},{"type":"Feature","properties":{"minutes":13.55,"people":76,"clinic_min":12.41,"school_min":14.69,"k_clinic":5,"k_school":5,"within_15":1,"off_street":1,"ward":"Abraham Adesanya","lga":"Apapa","place":"Agala","place_m":160},"geometry":{"type":"Polygon","coordinates":[[[3.37005,6.41727],[3.36849,6.41818],[3.36692,6.41727],[3.36692,6.41546],[3.36849,6.41456],[3.37005,6.41546],[3.37005,6.41727]]]}},{"type":"Feature","properties":{"minutes":13.82,"people":36,"clinic_min":15.66,"school_min":11.98,"k_clinic":5,"k_school":5,"within_15":1,"off_street":1,"ward":"Abraham Adesanya","lga":"Apapa","place":"Agala","place_m":599},"geometry":{"type":"Polygon","coordinates":[[[3.37632,6.41727],[3.37475,6.41817],[3.37319,6.41727],[3.37319,6.41546],[3.37475,6.41455],[3.37632,6.41546],[3.37632,6.41727]]]}},{"type":"Feature","properties":{"minutes":13.82,"people":261,"clinic_min":15.66,"school_min":11.98,"k_clinic":5,"k_school":5,"within_15":1,"off_street":1,"ward":"Abraham Adesanya","lga":"Apapa","place":"Abagbo","place_m":906},"geometry":{"type":"Polygon","coordinates":[[[3.37945,6.41726],[3.37789,6.41817],[3.37632,6.41727],[3.37632,6.41546],[3.37788,6.41455],[3.37945,6.41545],[3.37945,6.41726]]]}},{"type":"Feature","properties":{"minutes":9.56,"people":224,"clinic_min":11.11,"school_min":8.0,"k_clinic":5,"k_school":5,"within_15":1,"off_street":1,"ward":"Abraham Adesanya","lga":"Apapa","place":"Abagbo","place_m":833},"geometry":{"type":"Polygon","coordinates":[[[3.38258,6.41726],[3.38102,6.41817],[3.37945,6.41726],[3.37945,6.41545],[3.38102,6.41455],[3.38258,6.41545],[3.38258,6.41726]]]}},{"type":"Feature","properties":{"minutes":16.25,"people":14,"clinic_min":19.61,"school_min":12.89,"k_clinic":5,"k_school":5,"within_15":0,"off_street":1,"ward":"Abraham Adesanya","lga":"Apapa","place":"Takway Bay","place_m":530},"geometry":{"type":"Polygon","coordinates":[[[3.39198,6.41725],[3.39042,6.41816],[3.38885,6.41726],[3.38885,6.41545],[3.39041,6.41454],[3.39198,6.41544],[3.39198,6.41725]]]}},{"type":"Feature","properties":{"minutes":16.74,"people":12,"clinic_min":19.87,"school_min":13.62,"k_clinic":5,"k_school":5,"within_15":0,"off_street":1,"ward":"Abraham Adesanya","lga":"Apapa","place":"Takway Bay","place_m":422},"geometry":{"type":"Polygon","coordinates":[[[3.39511,6.41725],[3.39355,6.41816],[3.39198,6.41725],[3.39198,6.41544],[3.39355,6.41454],[3.39511,6.41544],[3.39511,6.41725]]]}},{"type":"Feature","properties":{"minutes":17.54,"people":10,"clinic_min":20.01,"school_min":15.07,"k_clinic":5,"k_school":5,"within_15":0,"off_street":1,"ward":"Abraham Adesanya","lga":"Apapa","place":"Takway Bay","place_m":562},"geometry":{"type":"Polygon","coordinates":[[[3.39825,6.41725],[3.39668,6.41816],[3.39511,6.41725],[3.39511,6.41544],[3.39668,6.41454],[3.39825,6.41544],[3.39825,6.41725]]]}},{"type":"Feature","properties":{"minutes":33.12,"people":65,"clinic_min":32.62,"school_min":33.61,"k_clinic":5,"k_school":5,"within_15":0,"off_street":0,"ward":"Tarkwa Bay","lga":"Eti Osa","place":"Ahmadu Bello Way","place_m":794},"geometry":{"type":"Polygon","coordinates":[[[3.40764,6.41724],[3.40608,6.41815],[3.40451,6.41724],[3.40451,6.41544],[3.40608,6.41453],[3.40764,6.41543],[3.40764,6.41724]]]}},{"type":"Feature","properties":{"minutes":21.51,"people":17,"clinic_min":22.58,"school_min":20.44,"k_clinic":5,"k_school":5,"within_15":0,"off_street":1,"ward":"Tarkwa Bay","lga":"Eti Osa","place":"Ahmadu Bello Way","place_m":705},"geometry":{"type":"Polygon","coordinates":[[[3.41078,6.41724],[3.40921,6.41815],[3.40764,6.41724],[3.40764,6.41543],[3.40921,6.41453],[3.41078,6.41543],[3.41078,6.41724]]]}},{"type":"Feature","properties":{"minutes":9.64,"people":398,"clinic_min":17.35,"school_min":1.92,"k_clinic":5,"k_school":5,"within_15":1,"off_street":1,"ward":"Abraham Adesanya","lga":"Apapa","place":"Tomaro","place_m":546},"geometry":{"type":"Polygon","coordinates":[[[3.35909,6.41999],[3.35753,6.4209],[3.35596,6.41999],[3.35596,6.41818],[3.35752,6.41728],[3.35909,6.41818],[3.35909,6.41999]]]}},{"type":"Feature","properties":{"minutes":9.4,"people":170,"clinic_min":18.79,"school_min":0.0,"k_clinic":5,"k_school":5,"within_15":1,"off_street":1,"ward":"Abraham Adesanya","lga":"Apapa","place":"Tomaro","place_m":221},"geometry":{"type":"Polygon","coordinates":[[[3.36222,6.41999],[3.36066,6.4209],[3.35909,6.41999],[3.35909,6.41818],[3.36066,6.41728],[3.36222,6.41818],[3.36222,6.41999]]]}},{"type":"Feature","properties":{"minutes":9.4,"people":998,"clinic_min":18.79,"school_min":0.0,"k_clinic":5,"k_school":5,"within_15":1,"off_street":1,"ward":"Abraham Adesanya","lga":"Apapa","place":"Tomaro","place_m":198},"geometry":{"type":"Polygon","coordinates":[[[3.36536,6.41999],[3.36379,6.42089],[3.36222,6.41999],[3.36222,6.41818],[3.36379,6.41727],[3.36536,6.41818],[3.36536,6.41999]]]}},{"type":"Feature","properties":{"minutes":17.5,"people":494,"clinic_min":22.42,"school_min":12.58,"k_clinic":5,"k_school":5,"within_15":0,"off_street":1,"ward":"Abraham Adesanya","lga":"Apapa","place":"Agala","place_m":505},"geometry":{"type":"Polygon","coordinates":[[[3.36849,6.41999],[3.36692,6.42089],[3.36536,6.41999],[3.36536,6.41818],[3.36692,6.41727],[3.36849,6.41818],[3.36849,6.41999]]]}},{"type":"Feature","properties":{"minutes":9.56,"people":314,"clinic_min":11.11,"school_min":8.0,"k_clinic":5,"k_school":5,"within_15":1,"off_street":1,"ward":"Abraham Adesanya","lga":"Apapa","place":"Abagbo","place_m":1148},"geometry":{"type":"Polygon","coordinates":[[[3.38102,6.41998],[3.37945,6.42088],[3.37789,6.41998],[3.37789,6.41817],[3.37945,6.41726],[3.38102,6.41817],[3.38102,6.41998]]]}},{"type":"Feature","properties":{"minutes":28.9,"people":46,"clinic_min":30.54,"school_min":27.26,"k_clinic":5,"k_school":5,"within_15":0,"off_street":1,"ward":"Abraham Adesanya","lga":"Apapa","place":"Abagbo","place_m":1145},"geometry":{"type":"Polygon","coordinates":[[[3.38415,6.41997],[3.38259,6.42088],[3.38102,6.41998],[3.38102,6.41817],[3.38258,6.41726],[3.38415,6.41816],[3.38415,6.41997]]]}},{"type":"Feature","properties":{"minutes":19.03,"people":66,"clinic_min":21.2,"school_min":16.87,"k_clinic":5,"k_school":5,"within_15":0,"off_street":1,"ward":"Abraham Adesanya","lga":"Apapa","place":"Ogogoro","place_m":730},"geometry":{"type":"Polygon","coordinates":[[[3.39668,6.41996],[3.39512,6.42087],[3.39355,6.41997],[3.39355,6.41816],[3.39511,6.41725],[3.39668,6.41816],[3.39668,6.41996]]]}},{"type":"Feature","properties":{"minutes":21.01,"people":267,"clinic_min":22.19,"school_min":19.83,"k_clinic":5,"k_school":5,"within_15":0,"off_street":0,"ward":"Tarkwa Bay","lga":"Eti Osa","place":"Ahmadu Bello Way","place_m":448},"geometry":{"type":"Polygon","coordinates":[[[3.40921,6.41995],[3.40765,6.42086],[3.40608,6.41996],[3.40608,6.41815],[3.40764,6.41724],[3.40921,6.41815],[3.40921,6.41995]]]}},{"type":"Feature","properties":{"minutes":17.87,"people":230,"clinic_min":18.19,"school_min":17.54,"k_clinic":5,"k_school":5,"within_15":0,"off_street":0,"ward":"Tarkwa Bay","lga":"Eti Osa","place":"Ahmadu Bello Way","place_m":433},"geometry":{"type":"Polygon","coordinates":[[[3.41235,6.41995],[3.41078,6.42086],[3.40921,6.41995],[3.40921,6.41815],[3.41078,6.41724],[3.41234,6.41814],[3.41235,6.41995]]]}},{"type":"Feature","properties":{"minutes":16.63,"people":22,"clinic_min":15.91,"school_min":17.35,"k_clinic":5,"k_school":5,"within_15":0,"off_street":0,"ward":"Victoria Island","lga":"Eti Osa","place":"Ahmadu Bello Way","place_m":644},"geometry":{"type":"Polygon","coordinates":[[[3.41548,6.41995],[3.41391,6.42086],[3.41235,6.41995],[3.41234,6.41814],[3.41391,6.41724],[3.41548,6.41814],[3.41548,6.41995]]]}},{"type":"Feature","properties":{"minutes":11.96,"people":15,"clinic_min":17.14,"school_min":6.78,"k_clinic":5,"k_school":5,"within_15":1,"off_street":1,"ward":"Abraham Adesanya","lga":"Apapa","place":"Ilu Tutun","place_m":663},"geometry":{"type":"Polygon","coordinates":[[[3.35753,6.42271],[3.35596,6.42361],[3.3544,6.42271],[3.35439,6.4209],[3.35596,6.41999],[3.35753,6.4209],[3.35753,6.42271]]]}},{"type":"Feature","properties":{"minutes":9.4,"people":389,"clinic_min":18.79,"school_min":0.0,"k_clinic":5,"k_school":5,"within_15":1,"off_street":1,"ward":"Abraham Adesanya","lga":"Apapa","place":"Itun Agan","place_m":487},"geometry":{"type":"Polygon","coordinates":[[[3.36066,6.4227],[3.35909,6.42361],[3.35753,6.42271],[3.35753,6.4209],[3.35909,6.41999],[3.36066,6.4209],[3.36066,6.4227]]]}},{"type":"Feature","properties":{"minutes":9.4,"people":758,"clinic_min":18.79,"school_min":0.0,"k_clinic":5,"k_school":5,"within_15":1,"off_street":1,"ward":"Abraham Adesanya","lga":"Apapa","place":"Tomaro","place_m":418},"geometry":{"type":"Polygon","coordinates":[[[3.36379,6.4227],[3.36223,6.42361],[3.36066,6.4227],[3.36066,6.4209],[3.36222,6.41999],[3.36379,6.42089],[3.36379,6.4227]]]}},{"type":"Feature","properties":{"minutes":17.5,"people":177,"clinic_min":22.42,"school_min":12.58,"k_clinic":5,"k_school":5,"within_15":0,"off_street":1,"ward":"Abraham Adesanya","lga":"Apapa","place":"Tomaro","place_m":534},"geometry":{"type":"Polygon","coordinates":[[[3.36693,6.4227],[3.36536,6.42361],[3.36379,6.4227],[3.36379,6.42089],[3.36536,6.41999],[3.36692,6.42089],[3.36693,6.4227]]]}},{"type":"Feature","properties":{"minutes":13.55,"people":24,"clinic_min":12.41,"school_min":14.69,"k_clinic":5,"k_school":5,"within_15":1,"off_street":1,"ward":"Abraham Adesanya","lga":"Apapa","place":"Agala","place_m":728},"geometry":{"type":"Polygon","coordinates":[[[3.37006,6.4227],[3.36849,6.4236],[3.36693,6.4227],[3.36692,6.42089],[3.36849,6.41999],[3.37006,6.42089],[3.37006,6.4227]]]}},{"type":"Feature","properties":{"minutes":13.82,"people":118,"clinic_min":15.66,"school_min":11.98,"k_clinic":5,"k_school":5,"within_15":1,"off_street":1,"ward":"Abraham Adesanya","lga":"Apapa","place":"Agala","place_m":929},"geometry":{"type":"Polygon","coordinates":[[[3.37632,6.42269],[3.37476,6.4236],[3.37319,6.4227],[3.37319,6.42089],[3.37475,6.41998],[3.37632,6.42088],[3.37632,6.42269]]]}},{"type":"Feature","properties":{"minutes":16.68,"people":93,"clinic_min":17.96,"school_min":15.39,"k_clinic":5,"k_school":5,"within_15":0,"off_street":1,"ward":"Abraham Adesanya","lga":"Apapa","place":"Ogogoro","place_m":581},"geometry":{"type":"Polygon","coordinates":[[[3.39825,6.42268],[3.39669,6.42358],[3.39512,6.42268],[3.39512,6.42087],[3.39668,6.41996],[3.39825,6.42087],[3.39825,6.42268]]]}},{"type":"Feature","properties":{"minutes":16.68,"people":89,"clinic_min":17.96,"school_min":15.39,"k_clinic":5,"k_school":5,"within_15":0,"off_street":0,"ward":"Tarkwa Bay","lga":"Eti Osa","place":"Ahmadu Bello Way","place_m":380},"geometry":{"type":"Polygon","coordinates":[[[3.40765,6.42267],[3.40608,6.42358],[3.40452,6.42267],[3.40451,6.42086],[3.40608,6.41996],[3.40765,6.42086],[3.40765,6.42267]]]}},{"type":"Feature","properties":{"minutes":16.41,"people":689,"clinic_min":17.59,"school_min":15.23,"k_clinic":5,"k_school":5,"within_15":0,"off_street":0,"ward":"Tarkwa Bay","lga":"Eti Osa","place":"Ahmadu Bello Way","place_m":107},"geometry":{"type":"Polygon","coordinates":[[[3.41078,6.42267],[3.40922,6.42357],[3.40765,6.42267],[3.40765,6.42086],[3.40921,6.41995],[3.41078,6.42086],[3.41078,6.42267]]]}},{"type":"Feature","properties":{"minutes":12.89,"people":495,"clinic_min":13.03,"school_min":12.74,"k_clinic":5,"k_school":5,"within_15":1,"off_street":0,"ward":"Victoria Island","lga":"Eti Osa","place":"Ahmadu Bello Way","place_m":344},"geometry":{"type":"Polygon","coordinates":[[[3.41391,6.42266],[3.41235,6.42357],[3.41078,6.42267],[3.41078,6.42086],[3.41235,6.41995],[3.41391,6.42086],[3.41391,6.42266]]]}},{"type":"Feature","properties":{"minutes":13.85,"people":96,"clinic_min":12.39,"school_min":15.32,"k_clinic":5,"k_school":5,"within_15":1,"off_street":0,"ward":"Victoria Island","lga":"Eti Osa","place":"Ahmadu Bello Way","place_m":682},"geometry":{"type":"Polygon","coordinates":[[[3.41705,6.42266],[3.41548,6.42357],[3.41391,6.42266],[3.41391,6.42086],[3.41548,6.41995],[3.41704,6.42085],[3.41705,6.42266]]]}},{"type":"Feature","properties":{"minutes":13.47,"people":185,"clinic_min":10.97,"school_min":15.97,"k_clinic":5,"k_school":5,"within_15":1,"off_street":0,"ward":"Victoria Island","lga":"Eti Osa","place":"Akin Adeshola","place_m":630},"geometry":{"type":"Polygon","coordinates":[[[3.42018,6.42266],[3.41861,6.42357],[3.41705,6.42266],[3.41704,6.42085],[3.41861,6.41995],[3.42018,6.42085],[3.42018,6.42266]]]}},{"type":"Feature","properties":{"minutes":12.67,"people":262,"clinic_min":9.95,"school_min":15.39,"k_clinic":5,"k_school":5,"within_15":1,"off_street":0,"ward":"Victoria Island","lga":"Eti Osa","place":"Akin Adeshola","place_m":337},"geometry":{"type":"Polygon","coordinates":[[[3.42331,6.42266],[3.42175,6.42356],[3.42018,6.42266],[3.42018,6.42085],[3.42174,6.41994],[3.42331,6.42085],[3.42331,6.42266]]]}},{"type":"Feature","properties":{"minutes":11.51,"people":125,"clinic_min":8.55,"school_min":14.48,"k_clinic":5,"k_school":5,"within_15":1,"off_street":0,"ward":"Kuramo School\u2013Lekki","lga":"Eti Osa","place":"Akin Adeshola","place_m":266},"geometry":{"type":"Polygon","coordinates":[[[3.42644,6.42265],[3.42488,6.42356],[3.42331,6.42266],[3.42331,6.42085],[3.42488,6.41994],[3.42644,6.42084],[3.42644,6.42265]]]}},{"type":"Feature","properties":{"minutes":12.12,"people":278,"clinic_min":11.37,"school_min":12.88,"k_clinic":5,"k_school":5,"within_15":1,"off_street":0,"ward":"Kuramo School\u2013Lekki","lga":"Eti Osa","place":"Akin Adeshola","place_m":518},"geometry":{"type":"Polygon","coordinates":[[[3.42958,6.42265],[3.42801,6.42356],[3.42644,6.42265],[3.42644,6.42084],[3.42801,6.41994],[3.42957,6.42084],[3.42958,6.42265]]]}},{"type":"Feature","properties":{"minutes":29.05,"people":99,"clinic_min":29.26,"school_min":28.84,"k_clinic":5,"k_school":5,"within_15":0,"off_street":0,"ward":"Apese\u20136 Extension","lga":"Eti Osa","place":"Dideolu Estate","place_m":572},"geometry":{"type":"Polygon","coordinates":[[[3.44211,6.42264],[3.44054,6.42355],[3.43897,6.42264],[3.43897,6.42083],[3.44054,6.41993],[3.44211,6.42083],[3.44211,6.42264]]]}},{"type":"Feature","properties":{"minutes":16.99,"people":442,"clinic_min":11.9,"school_min":22.09,"k_clinic":5,"k_school":5,"within_15":0,"off_street":0,"ward":"Apese\u20136 Extension","lga":"Eti Osa","place":"Dideolu Estate","place_m":562},"geometry":{"type":"Polygon","coordinates":[[[3.44524,6.42264],[3.44367,6.42354],[3.44211,6.42264],[3.44211,6.42083],[3.44367,6.41993],[3.44524,6.42083],[3.44524,6.42264]]]}},{"type":"Feature","properties":{"minutes":15.94,"people":391,"clinic_min":10.02,"school_min":21.85,"k_clinic":5,"k_school":5,"within_15":0,"off_street":0,"ward":"Apese\u20136 Extension","lga":"Eti Osa","place":"Dideolu Estate","place_m":737},"geometry":{"type":"Polygon","coordinates":[[[3.44837,6.42264],[3.44681,6.42354],[3.44524,6.42264],[3.44524,6.42083],[3.4468,6.41992],[3.44837,6.42083],[3.44837,6.42264]]]}},{"type":"Feature","properties":{"minutes":18.87,"people":417,"clinic_min":13.0,"school_min":24.74,"k_clinic":5,"k_school":5,"within_15":0,"off_street":0,"ward":"Apese\u20136 Extension","lga":"Eti Osa","place":"Oniru Palace","place_m":916},"geometry":{"type":"Polygon","coordinates":[[[3.4515,6.42263],[3.44994,6.42354],[3.44837,6.42264],[3.44837,6.42083],[3.44994,6.41992],[3.4515,6.42082],[3.4515,6.42263]]]}},{"type":"Feature","properties":{"minutes":23.41,"people":865,"clinic_min":22.21,"school_min":24.61,"k_clinic":5,"k_school":5,"within_15":0,"off_street":0,"ward":"Apese\u20136 Extension","lga":"Eti Osa","place":"Oniru Palace","place_m":974},"geometry":{"type":"Polygon","coordinates":[[[3.45464,6.42263],[3.45307,6.42354],[3.4515,6.42263],[3.4515,6.42082],[3.45307,6.41992],[3.45464,6.42082],[3.45464,6.42263]]]}},{"type":"Feature","properties":{"minutes":22.31,"people":24,"clinic_min":23.08,"school_min":21.53,"k_clinic":5,"k_school":5,"within_15":0,"off_street":0,"ward":"Apese\u20136 Extension","lga":"Eti Osa","place":"Oniru Palace","place_m":1139},"geometry":{"type":"Polygon","coordinates":[[[3.45777,6.42263],[3.4562,6.42353],[3.45464,6.42263],[3.45464,6.42082],[3.4562,6.41991],[3.45777,6.42082],[3.45777,6.42263]]]}},{"type":"Feature","properties":{"minutes":20.19,"people":6,"clinic_min":24.72,"school_min":15.65,"k_clinic":5,"k_school":5,"within_15":0,"off_street":0,"ward":"Ilasan\u2013Orile","lga":"Eti Osa","place":"Ilado","place_m":760},"geometry":{"type":"Polygon","coordinates":[[[3.46717,6.42262],[3.4656,6.42352],[3.46403,6.42262],[3.46403,6.42081],[3.4656,6.41991],[3.46717,6.42081],[3.46717,6.42262]]]}},{"type":"Feature","properties":{"minutes":46.21,"people":89,"clinic_min":42.32,"school_min":50.11,"k_clinic":5,"k_school":5,"within_15":0,"off_street":0,"ward":"Ilasan\u2013Orile","lga":"Eti Osa","place":"Ilado","place_m":940},"geometry":{"type":"Polygon","coordinates":[[[3.47343,6.42261],[3.47187,6.42352],[3.4703,6.42262],[3.4703,6.42081],[3.47186,6.4199],[3.47343,6.4208],[3.47343,6.42261]]]}},{"type":"Feature","properties":{"minutes":47.97,"people":103,"clinic_min":43.81,"school_min":52.14,"k_clinic":5,"k_school":5,"within_15":0,"off_street":1,"ward":"Ilasan\u2013Orile","lga":"Eti Osa","place":"Elegushin","place_m":1122},"geometry":{"type":"Polygon","coordinates":[[[3.47656,6.42261],[3.475,6.42352],[3.47343,6.42261],[3.47343,6.4208],[3.475,6.4199],[3.47656,6.4208],[3.47656,6.42261]]]}},{"type":"Feature","properties":{"minutes":44.49,"people":348,"clinic_min":39.9,"school_min":49.09,"k_clinic":5,"k_school":5,"within_15":0,"off_street":1,"ward":"Ilasan\u2013Orile","lga":"Eti Osa","place":"Elegushin","place_m":936},"geometry":{"type":"Polygon","coordinates":[[[3.4797,6.42261],[3.47813,6.42351],[3.47656,6.42261],[3.47656,6.4208],[3.47813,6.41989],[3.4797,6.4208],[3.4797,6.42261]]]}},{"type":"Feature","properties":{"minutes":47.93,"people":85,"clinic_min":40.44,"school_min":55.43,"k_clinic":5,"k_school":5,"within_15":0,"off_street":0,"ward":"Ilasan\u2013Orile","lga":"Eti Osa","place":"Elegushin","place_m":856},"geometry":{"type":"Polygon","coordinates":[[[3.48283,6.4226],[3.48126,6.42351],[3.4797,6.42261],[3.4797,6.4208],[3.48126,6.41989],[3.48283,6.42079],[3.48283,6.4226]]]}},{"type":"Feature","properties":{"minutes":49.2,"people":170,"clinic_min":40.86,"school_min":57.53,"k_clinic":5,"k_school":5,"within_15":0,"off_street":0,"ward":"Ilasan\u2013Orile","lga":"Eti Osa","place":"Alaguntan","place_m":870},"geometry":{"type":"Polygon","coordinates":[[[3.48596,6.4226],[3.4844,6.42351],[3.48283,6.4226],[3.48283,6.42079],[3.48439,6.41989],[3.48596,6.42079],[3.48596,6.4226]]]}},{"type":"Feature","properties":{"minutes":50.41,"people":502,"clinic_min":40.96,"school_min":59.87,"k_clinic":5,"k_school":5,"within_15":0,"off_street":0,"ward":"Ilasan\u2013Orile","lga":"Eti Osa","place":"Alaguntan","place_m":570},"geometry":{"type":"Polygon","coordinates":[[[3.48909,6.4226],[3.48753,6.4235],[3.48596,6.4226],[3.48596,6.42079],[3.48753,6.41989],[3.48909,6.42079],[3.48909,6.4226]]]}},{"type":"Feature","properties":{"minutes":44.49,"people":293,"clinic_min":35.04,"school_min":53.95,"k_clinic":5,"k_school":5,"within_15":0,"off_street":0,"ward":"Ilasan\u2013Orile","lga":"Eti Osa","place":"Alaguntan","place_m":366},"geometry":{"type":"Polygon","coordinates":[[[3.49223,6.4226],[3.49066,6.4235],[3.48909,6.4226],[3.48909,6.42079],[3.49066,6.41988],[3.49223,6.42079],[3.49223,6.4226]]]}},{"type":"Feature","properties":{"minutes":41.74,"people":5,"clinic_min":32.29,"school_min":51.2,"k_clinic":5,"k_school":5,"within_15":0,"off_street":0,"ward":"Ilasan\u2013Orile","lga":"Eti Osa","place":"Alaguntan","place_m":427},"geometry":{"type":"Polygon","coordinates":[[[3.49536,6.42259],[3.49379,6.4235],[3.49223,6.4226],[3.49223,6.42079],[3.49379,6.41988],[3.49536,6.42078],[3.49536,6.42259]]]}},{"type":"Feature","properties":{"minutes":38.82,"people":30,"clinic_min":31.18,"school_min":46.46,"k_clinic":5,"k_school":5,"within_15":0,"off_street":0,"ward":"Ilasan\u2013Orile","lga":"Eti Osa","place":"Alaguntan","place_m":687},"geometry":{"type":"Polygon","coordinates":[[[3.49849,6.42259],[3.49693,6.4235],[3.49536,6.42259],[3.49536,6.42078],[3.49692,6.41988],[3.49849,6.42078],[3.49849,6.42259]]]}},{"type":"Feature","properties":{"minutes":41.59,"people":21,"clinic_min":34.4,"school_min":48.78,"k_clinic":5,"k_school":5,"within_15":0,"off_street":0,"ward":"Ilasan\u2013Orile","lga":"Eti Osa","place":"Iroko Awe","place_m":860},"geometry":{"type":"Polygon","coordinates":[[[3.50162,6.42259],[3.50006,6.42349],[3.49849,6.42259],[3.49849,6.42078],[3.50006,6.41987],[3.50162,6.42078],[3.50162,6.42259]]]}},{"type":"Feature","properties":{"minutes":27.3,"people":73,"clinic_min":31.7,"school_min":22.9,"k_clinic":5,"k_school":5,"within_15":0,"off_street":0,"ward":"Maroko\u2013Okun Alfa","lga":"Eti Osa","place":"Aro Town","place_m":992},"geometry":{"type":"Polygon","coordinates":[[[3.52042,6.42257],[3.51885,6.42347],[3.51729,6.42257],[3.51729,6.42076],[3.51885,6.41986],[3.52042,6.42076],[3.52042,6.42257]]]}},{"type":"Feature","properties":{"minutes":19.73,"people":260,"clinic_min":24.1,"school_min":15.36,"k_clinic":5,"k_school":5,"within_15":0,"off_street":0,"ward":"Maroko\u2013Okun Alfa","lga":"Eti Osa","place":"Okun Alfa","place_m":813},"geometry":{"type":"Polygon","coordinates":[[[3.52355,6.42256],[3.52199,6.42347],[3.52042,6.42257],[3.52042,6.42076],[3.52198,6.41985],[3.52355,6.42075],[3.52355,6.42256]]]}},{"type":"Feature","properties":{"minutes":18.34,"people":475,"clinic_min":22.6,"school_min":14.08,"k_clinic":5,"k_school":5,"within_15":0,"off_street":0,"ward":"Igbo-Efon\u2013Maiyegun","lga":"Eti Osa","place":"Okun Alfa","place_m":508},"geometry":{"type":"Polygon","coordinates":[[[3.52668,6.42256],[3.52512,6.42347],[3.52355,6.42256],[3.52355,6.42075],[3.52512,6.41985],[3.52668,6.42075],[3.52668,6.42256]]]}},{"type":"Feature","properties":{"minutes":19.21,"people":69,"clinic_min":24.27,"school_min":14.14,"k_clinic":5,"k_school":5,"within_15":0,"off_street":0,"ward":"Igbo-Efon\u2013Maiyegun","lga":"Eti Osa","place":"Okun Alfa","place_m":310},"geometry":{"type":"Polygon","coordinates":[[[3.52982,6.42256],[3.52825,6.42346],[3.52668,6.42256],[3.52668,6.42075],[3.52825,6.41985],[3.52982,6.42075],[3.52982,6.42256]]]}},{"type":"Feature","properties":{"minutes":22.83,"people":9,"clinic_min":28.86,"school_min":16.79,"k_clinic":5,"k_school":5,"within_15":0,"off_street":0,"ward":"Igbo-Efon\u2013Maiyegun","lga":"Eti Osa","place":"Okun Alfa","place_m":417},"geometry":{"type":"Polygon","coordinates":[[[3.53295,6.42255],[3.53138,6.42346],[3.52982,6.42256],[3.52982,6.42075],[3.53138,6.41984],[3.53295,6.42075],[3.53295,6.42255]]]}},{"type":"Feature","properties":{"minutes":9.64,"people":373,"clinic_min":17.35,"school_min":1.92,"k_clinic":5,"k_school":5,"within_15":1,"off_street":1,"ward":"Abraham Adesanya","lga":"Apapa","place":"Itun Agan","place_m":397},"geometry":{"type":"Polygon","coordinates":[[[3.3591,6.42542],[3.35753,6.42633],[3.35596,6.42542],[3.35596,6.42361],[3.35753,6.42271],[3.35909,6.42361],[3.3591,6.42542]]]}},{"type":"Feature","properties":{"minutes":9.4,"people":1697,"clinic_min":18.79,"school_min":0.0,"k_clinic":5,"k_school":5,"within_15":1,"off_street":1,"ward":"Abraham Adesanya","lga":"Apapa","place":"Itun Agan","place_m":148},"geometry":{"type":"Polygon","coordinates":[[[3.36223,6.42542],[3.36066,6.42632],[3.3591,6.42542],[3.35909,6.42361],[3.36066,6.4227],[3.36223,6.42361],[3.36223,6.42542]]]}},{"type":"Feature","properties":{"minutes":17.5,"people":68,"clinic_min":22.42,"school_min":12.58,"k_clinic":5,"k_school":5,"within_15":0,"off_street":1,"ward":"Abraham Adesanya","lga":"Apapa","place":"Itun Agan","place_m":355},"geometry":{"type":"Polygon","coordinates":[[[3.36536,6.42542],[3.3638,6.42632],[3.36223,6.42542],[3.36223,6.42361],[3.36379,6.4227],[3.36536,6.42361],[3.36536,6.42542]]]}},{"type":"Feature","properties":{"minutes":13.82,"people":19,"clinic_min":15.66,"school_min":11.98,"k_clinic":5,"k_school":5,"within_15":1,"off_street":1,"ward":"Abraham Adesanya","lga":"Apapa","place":"Irede","place_m":672},"geometry":{"type":"Polygon","coordinates":[[[3.37163,6.42541],[3.37006,6.42632],[3.36849,6.42541],[3.36849,6.4236],[3.37006,6.4227],[3.37162,6.4236],[3.37163,6.42541]]]}},{"type":"Feature","properties":{"minutes":13.82,"people":469,"clinic_min":15.66,"school_min":11.98,"k_clinic":5,"k_school":5,"within_15":1,"off_street":1,"ward":"Abraham Adesanya","lga":"Apapa","place":"Irede","place_m":609},"geometry":{"type":"Polygon","coordinates":[[[3.37476,6.42541],[3.37319,6.42631],[3.37163,6.42541],[3.37162,6.4236],[3.37319,6.4227],[3.37476,6.4236],[3.37476,6.42541]]]}},{"type":"Feature","properties":{"minutes":9.56,"people":124,"clinic_min":11.11,"school_min":8.0,"k_clinic":5,"k_school":5,"within_15":1,"off_street":1,"ward":"Abraham Adesanya","lga":"Apapa","place":"Irede","place_m":727},"geometry":{"type":"Polygon","coordinates":[[[3.37789,6.42541],[3.37633,6.42631],[3.37476,6.42541],[3.37476,6.4236],[3.37632,6.42269],[3.37789,6.4236],[3.37789,6.42541]]]}},{"type":"Feature","properties":{"minutes":32.11,"people":44,"clinic_min":33.75,"school_min":30.47,"k_clinic":5,"k_school":5,"within_15":0,"off_street":1,"ward":"Abraham Adesanya","lga":"Apapa","place":"Ogogoro","place_m":434},"geometry":{"type":"Polygon","coordinates":[[[3.39042,6.4254],[3.38886,6.4263],[3.38729,6.4254],[3.38729,6.42359],[3.38885,6.42268],[3.39042,6.42359],[3.39042,6.4254]]]}},{"type":"Feature","properties":{"minutes":34.43,"people":642,"clinic_min":36.07,"school_min":32.8,"k_clinic":5,"k_school":5,"within_15":0,"off_street":1,"ward":"Abraham Adesanya","lga":"Apapa","place":"Ogogoro","place_m":112},"geometry":{"type":"Polygon","coordinates":[[[3.39355,6.42539],[3.39199,6.4263],[3.39042,6.4254],[3.39042,6.42359],[3.39199,6.42268],[3.39355,6.42359],[3.39355,6.42539]]]}},{"type":"Feature","properties":{"minutes":34.43,"people":341,"clinic_min":36.07,"school_min":32.8,"k_clinic":5,"k_school":5,"within_15":0,"off_street":1,"ward":"Abraham Adesanya","lga":"Apapa","place":"Ogogoro","place_m":278},"geometry":{"type":"Polygon","coordinates":[[[3.39669,6.42539],[3.39512,6.4263],[3.39355,6.42539],[3.39355,6.42359],[3.39512,6.42268],[3.39669,6.42358],[3.39669,6.42539]]]}},{"type":"Feature","properties":{"minutes":16.68,"people":10,"clinic_min":17.96,"school_min":15.39,"k_clinic":5,"k_school":5,"within_15":0,"off_street":1,"ward":"Abraham Adesanya","lga":"Apapa","place":"Ogogoro","place_m":618},"geometry":{"type":"Polygon","coordinates":[[[3.39982,6.42539],[3.39825,6.4263],[3.39669,6.42539],[3.39669,6.42358],[3.39825,6.42268],[3.39982,6.42358],[3.39982,6.42539]]]}},{"type":"Feature","properties":{"minutes":14.84,"people":453,"clinic_min":16.17,"school_min":13.51,"k_clinic":5,"k_school":5,"within_15":1,"off_street":0,"ward":"Tarkwa Bay","lga":"Eti Osa","place":"Ahmadu Bello Way","place_m":274},"geometry":{"type":"Polygon","coordinates":[[[3.40922,6.42538],[3.40765,6.42629],[3.40608,6.42538],[3.40608,6.42358],[3.40765,6.42267],[3.40922,6.42357],[3.40922,6.42538]]]}},{"type":"Feature","properties":{"minutes":13.23,"people":742,"clinic_min":14.59,"school_min":11.86,"k_clinic":5,"k_school":5,"within_15":1,"off_street":0,"ward":"Victoria Island","lga":"Eti Osa","place":"Ahmadu Bello Way","place_m":248},"geometry":{"type":"Polygon","coordinates":[[[3.41235,6.42538],[3.41078,6.42629],[3.40922,6.42538],[3.40922,6.42357],[3.41078,6.42267],[3.41235,6.42357],[3.41235,6.42538]]]}},{"type":"Feature","properties":{"minutes":15.21,"people":1224,"clinic_min":13.5,"school_min":16.91,"k_clinic":5,"k_school":5,"within_15":0,"off_street":0,"ward":"Victoria Island","lga":"Eti Osa","place":"Ahmadu Bello Way","place_m":537},"geometry":{"type":"Polygon","coordinates":[[[3.41548,6.42538],[3.41392,6.42628],[3.41235,6.42538],[3.41235,6.42357],[3.41391,6.42266],[3.41548,6.42357],[3.41548,6.42538]]]}},{"type":"Feature","properties":{"minutes":15.2,"people":821,"clinic_min":12.06,"school_min":18.33,"k_clinic":5,"k_school":5,"within_15":0,"off_street":0,"ward":"Victoria Island","lga":"Eti Osa","place":"Akin Adeshola","place_m":757},"geometry":{"type":"Polygon","coordinates":[[[3.41861,6.42537],[3.41705,6.42628],[3.41548,6.42538],[3.41548,6.42357],[3.41705,6.42266],[3.41861,6.42357],[3.41861,6.42537]]]}},{"type":"Feature","properties":{"minutes":15.37,"people":1299,"clinic_min":11.49,"school_min":19.26,"k_clinic":5,"k_school":5,"within_15":0,"off_street":0,"ward":"Victoria Island","lga":"Eti Osa","place":"Akin Adeshola","place_m":412},"geometry":{"type":"Polygon","coordinates":[[[3.42175,6.42537],[3.42018,6.42628],[3.41861,6.42537],[3.41861,6.42357],[3.42018,6.42266],[3.42175,6.42356],[3.42175,6.42537]]]}},{"type":"Feature","properties":{"minutes":11.2,"people":727,"clinic_min":7.18,"school_min":15.22,"k_clinic":5,"k_school":5,"within_15":1,"off_street":0,"ward":"Victoria Island","lga":"Eti Osa","place":"Akin Adeshola","place_m":85},"geometry":{"type":"Polygon","coordinates":[[[3.42488,6.42537],[3.42331,6.42628],[3.42175,6.42537],[3.42175,6.42356],[3.42331,6.42266],[3.42488,6.42356],[3.42488,6.42537]]]}},{"type":"Feature","properties":{"minutes":11.34,"people":1241,"clinic_min":10.99,"school_min":11.69,"k_clinic":5,"k_school":5,"within_15":1,"off_street":0,"ward":"Kuramo School\u2013Lekki","lga":"Eti Osa","place":"Akin Adeshola","place_m":290},"geometry":{"type":"Polygon","coordinates":[[[3.42801,6.42537],[3.42645,6.42627],[3.42488,6.42537],[3.42488,6.42356],[3.42644,6.42265],[3.42801,6.42356],[3.42801,6.42537]]]}},{"type":"Feature","properties":{"minutes":11.94,"people":157,"clinic_min":12.0,"school_min":11.88,"k_clinic":5,"k_school":5,"within_15":1,"off_street":0,"ward":"Kuramo School\u2013Lekki","lga":"Eti Osa","place":"Olosa","place_m":356},"geometry":{"type":"Polygon","coordinates":[[[3.43114,6.42536],[3.42958,6.42627],[3.42801,6.42537],[3.42801,6.42356],[3.42958,6.42265],[3.43114,6.42355],[3.43114,6.42536]]]}},{"type":"Feature","properties":{"minutes":20.03,"people":29,"clinic_min":19.27,"school_min":20.78,"k_clinic":5,"k_school":5,"within_15":0,"off_street":0,"ward":"Apese\u20136 Extension","lga":"Eti Osa","place":"Olosa","place_m":512},"geometry":{"type":"Polygon","coordinates":[[[3.43428,6.42536],[3.43271,6.42627],[3.43114,6.42536],[3.43114,6.42355],[3.43271,6.42265],[3.43428,6.42355],[3.43428,6.42536]]]}},{"type":"Feature","properties":{"minutes":12.78,"people":244,"clinic_min":7.61,"school_min":17.95,"k_clinic":5,"k_school":5,"within_15":1,"off_street":0,"ward":"Apese\u20136 Extension","lga":"Eti Osa","place":"Dideolu Estate","place_m":749},"geometry":{"type":"Polygon","coordinates":[[[3.43741,6.42536],[3.43584,6.42626],[3.43428,6.42536],[3.43428,6.42355],[3.43584,6.42265],[3.43741,6.42355],[3.43741,6.42536]]]}},{"type":"Feature","properties":{"minutes":13.31,"people":1163,"clinic_min":8.19,"school_min":18.42,"k_clinic":5,"k_school":5,"within_15":1,"off_street":0,"ward":"Apese\u20136 Extension","lga":"Eti Osa","place":"Dideolu Estate","place_m":435},"geometry":{"type":"Polygon","coordinates":[[[3.44054,6.42536],[3.43898,6.42626],[3.43741,6.42536],[3.43741,6.42355],[3.43897,6.42264],[3.44054,6.42355],[3.44054,6.42536]]]}},{"type":"Feature","properties":{"minutes":13.75,"people":521,"clinic_min":8.61,"school_min":18.9,"k_clinic":5,"k_school":5,"within_15":1,"off_street":0,"ward":"Apese\u20136 Extension","lga":"Eti Osa","place":"Dideolu Estate","place_m":240},"geometry":{"type":"Polygon","coordinates":[[[3.44368,6.42535],[3.44211,6.42626],[3.44054,6.42536],[3.44054,6.42355],[3.44211,6.42264],[3.44367,6.42354],[3.44368,6.42535]]]}},{"type":"Feature","properties":{"minutes":13.98,"people":873,"clinic_min":7.95,"school_min":20.0,"k_clinic":5,"k_school":5,"within_15":1,"off_street":0,"ward":"Apese\u20136 Extension","lga":"Eti Osa","place":"Dideolu Estate","place_m":407},"geometry":{"type":"Polygon","coordinates":[[[3.44681,6.42535],[3.44524,6.42626],[3.44368,6.42535],[3.44367,6.42354],[3.44524,6.42264],[3.44681,6.42354],[3.44681,6.42535]]]}},{"type":"Feature","properties":{"minutes":15.11,"people":1093,"clinic_min":9.24,"school_min":20.98,"k_clinic":5,"k_school":5,"within_15":0,"off_street":0,"ward":"Apese\u20136 Extension","lga":"Eti Osa","place":"Oniru Palace","place_m":644},"geometry":{"type":"Polygon","coordinates":[[[3.44994,6.42535],[3.44837,6.42625],[3.44681,6.42535],[3.44681,6.42354],[3.44837,6.42264],[3.44994,6.42354],[3.44994,6.42535]]]}},{"type":"Feature","properties":{"minutes":17.25,"people":980,"clinic_min":11.65,"school_min":22.84,"k_clinic":5,"k_school":5,"within_15":0,"off_street":0,"ward":"Apese\u20136 Extension","lga":"Eti Osa","place":"Oniru Palace","place_m":636},"geometry":{"type":"Polygon","coordinates":[[[3.45307,6.42535],[3.45151,6.42625],[3.44994,6.42535],[3.44994,6.42354],[3.4515,6.42263],[3.45307,6.42354],[3.45307,6.42535]]]}},{"type":"Feature","properties":{"minutes":20.53,"people":746,"clinic_min":15.04,"school_min":26.03,"k_clinic":5,"k_school":5,"within_15":0,"off_street":0,"ward":"Apese\u20136 Extension","lga":"Eti Osa","place":"Oniru Palace","place_m":796},"geometry":{"type":"Polygon","coordinates":[[[3.45621,6.42534],[3.45464,6.42625],[3.45307,6.42535],[3.45307,6.42354],[3.45464,6.42263],[3.4562,6.42353],[3.45621,6.42534]]]}},{"type":"Feature","properties":{"minutes":18.73,"people":928,"clinic_min":19.5,"school_min":17.95,"k_clinic":5,"k_school":5,"within_15":0,"off_street":0,"ward":"Ilasan\u2013Orile","lga":"Eti Osa","place":"Oniru Palace","place_m":1050},"geometry":{"type":"Polygon","coordinates":[[[3.45934,6.42534],[3.45777,6.42625],[3.45621,6.42534],[3.4562,6.42353],[3.45777,6.42263],[3.45934,6.42353],[3.45934,6.42534]]]}},{"type":"Feature","properties":{"minutes":19.48,"people":1816,"clinic_min":21.08,"school_min":17.88,"k_clinic":5,"k_school":5,"within_15":0,"off_street":0,"ward":"Ilasan\u2013Orile","lga":"Eti Osa","place":"Ilado","place_m":787},"geometry":{"type":"Polygon","coordinates":[[[3.46247,6.42534],[3.46091,6.42624],[3.45934,6.42534],[3.45934,6.42353],[3.4609,6.42262],[3.46247,6.42353],[3.46247,6.42534]]]}},{"type":"Feature","properties":{"minutes":19.26,"people":1304,"clinic_min":23.31,"school_min":15.21,"k_clinic":5,"k_school":5,"within_15":0,"off_street":0,"ward":"Ilasan\u2013Orile","lga":"Eti Osa","place":"Ilado","place_m":540},"geometry":{"type":"Polygon","coordinates":[[[3.4656,6.42533],[3.46404,6.42624],[3.46247,6.42534],[3.46247,6.42353],[3.46403,6.42262],[3.4656,6.42352],[3.4656,6.42533]]]}},{"type":"Feature","properties":{"minutes":16.17,"people":1357,"clinic_min":21.46,"school_min":10.88,"k_clinic":5,"k_school":5,"within_15":0,"off_street":0,"ward":"Ilasan\u2013Orile","lga":"Eti Osa","place":"Ilado","place_m":452},"geometry":{"type":"Polygon","coordinates":[[[3.46874,6.42533],[3.46717,6.42624],[3.4656,6.42533],[3.4656,6.42352],[3.46717,6.42262],[3.46873,6.42352],[3.46874,6.42533]]]}},{"type":"Feature","properties":{"minutes":18.7,"people":328,"clinic_min":24.11,"school_min":13.3,"k_clinic":5,"k_school":5,"within_15":0,"off_street":0,"ward":"Ilasan\u2013Orile","lga":"Eti Osa","place":"Ilado","place_m":598},"geometry":{"type":"Polygon","coordinates":[[[3.47187,6.42533],[3.4703,6.42623],[3.46874,6.42533],[3.46873,6.42352],[3.4703,6.42262],[3.47187,6.42352],[3.47187,6.42533]]]}},{"type":"Feature","properties":{"minutes":48.02,"people":431,"clinic_min":43.89,"school_min":52.15,"k_clinic":5,"k_school":5,"within_15":0,"off_street":0,"ward":"Ilasan\u2013Orile","lga":"Eti Osa","place":"Ilado","place_m":866},"geometry":{"type":"Polygon","coordinates":[[[3.475,6.42533],[3.47344,6.42623],[3.47187,6.42533],[3.47187,6.42352],[3.47343,6.42261],[3.475,6.42352],[3.475,6.42533]]]}},{"type":"Feature","properties":{"minutes":42.35,"people":1536,"clinic_min":38.58,"school_min":46.12,"k_clinic":5,"k_school":5,"within_15":0,"off_street":0,"ward":"Ilasan\u2013Orile","lga":"Eti Osa","place":"Elegushin","place_m":784},"geometry":{"type":"Polygon","coordinates":[[[3.47813,6.42532],[3.47657,6.42623],[3.475,6.42533],[3.475,6.42352],[3.47656,6.42261],[3.47813,6.42351],[3.47813,6.42532]]]}},{"type":"Feature","properties":{"minutes":44.49,"people":330,"clinic_min":39.9,"school_min":49.09,"k_clinic":5,"k_school":5,"within_15":0,"off_street":0,"ward":"Ilasan\u2013Orile","lga":"Eti Osa","place":"Elegushin","place_m":592},"geometry":{"type":"Polygon","coordinates":[[[3.48127,6.42532],[3.4797,6.42623],[3.47813,6.42532],[3.47813,6.42351],[3.4797,6.42261],[3.48126,6.42351],[3.48127,6.42532]]]}},{"type":"Feature","properties":{"minutes":48.73,"people":1020,"clinic_min":41.91,"school_min":55.56,"k_clinic":5,"k_school":5,"within_15":0,"off_street":0,"ward":"Ilasan\u2013Orile","lga":"Eti Osa","place":"Elegushin","place_m":572},"geometry":{"type":"Polygon","coordinates":[[[3.4844,6.42532],[3.48283,6.42622],[3.48127,6.42532],[3.48126,6.42351],[3.48283,6.4226],[3.4844,6.42351],[3.4844,6.42532]]]}},{"type":"Feature","properties":{"minutes":51.32,"people":2786,"clinic_min":42.19,"school_min":60.46,"k_clinic":5,"k_school":5,"within_15":0,"off_street":0,"ward":"Ilasan\u2013Orile","lga":"Eti Osa","place":"Alaguntan","place_m":624},"geometry":{"type":"Polygon","coordinates":[[[3.48753,6.42531],[3.48597,6.42622],[3.4844,6.42532],[3.4844,6.42351],[3.48596,6.4226],[3.48753,6.4235],[3.48753,6.42531]]]}},{"type":"Feature","properties":{"minutes":49.99,"people":1066,"clinic_min":40.54,"school_min":59.44,"k_clinic":5,"k_school":5,"within_15":0,"off_street":0,"ward":"Ilasan\u2013Orile","lga":"Eti Osa","place":"Alaguntan","place_m":281},"geometry":{"type":"Polygon","coordinates":[[[3.49066,6.42531],[3.4891,6.42622],[3.48753,6.42531],[3.48753,6.4235],[3.48909,6.4226],[3.49066,6.4235],[3.49066,6.42531]]]}},{"type":"Feature","properties":{"minutes":45.58,"people":217,"clinic_min":36.13,"school_min":55.04,"k_clinic":5,"k_school":5,"within_15":0,"off_street":0,"ward":"Ilasan\u2013Orile","lga":"Eti Osa","place":"Alaguntan","place_m":87},"geometry":{"type":"Polygon","coordinates":[[[3.4938,6.42531],[3.49223,6.42621],[3.49066,6.42531],[3.49066,6.4235],[3.49223,6.4226],[3.49379,6.4235],[3.4938,6.42531]]]}},{"type":"Feature","properties":{"minutes":39.36,"people":319,"clinic_min":31.28,"school_min":47.44,"k_clinic":5,"k_school":5,"within_15":0,"off_street":0,"ward":"Ilasan\u2013Orile","lga":"Eti Osa","place":"Alaguntan","place_m":420},"geometry":{"type":"Polygon","coordinates":[[[3.49693,6.4253],[3.49536,6.42621],[3.4938,6.42531],[3.49379,6.4235],[3.49536,6.42259],[3.49693,6.4235],[3.49693,6.4253]]]}},{"type":"Feature","properties":{"minutes":37.17,"people":238,"clinic_min":29.98,"school_min":44.36,"k_clinic":5,"k_school":5,"within_15":0,"off_street":0,"ward":"Ilasan\u2013Orile","lga":"Eti Osa","place":"Iroko Awe","place_m":525},"geometry":{"type":"Polygon","coordinates":[[[3.50006,6.4253],[3.4985,6.42621],[3.49693,6.4253],[3.49693,6.4235],[3.49849,6.42259],[3.50006,6.42349],[3.50006,6.4253]]]}},{"type":"Feature","properties":{"minutes":36.52,"people":298,"clinic_min":33.27,"school_min":39.76,"k_clinic":5,"k_school":5,"within_15":0,"off_street":0,"ward":"Ilasan\u2013Orile","lga":"Eti Osa","place":"Iroko Awe","place_m":681},"geometry":{"type":"Polygon","coordinates":[[[3.50319,6.4253],[3.50163,6.4262],[3.50006,6.4253],[3.50006,6.42349],[3.50162,6.42259],[3.50319,6.42349],[3.50319,6.4253]]]}},{"type":"Feature","properties":{"minutes":33.38,"people":752,"clinic_min":30.13,"school_min":36.62,"k_clinic":5,"k_school":5,"within_15":0,"off_street":0,"ward":"Ilasan\u2013Orile","lga":"Eti Osa","place":"Aro Town","place_m":753},"geometry":{"type":"Polygon","coordinates":[[[3.50633,6.4253],[3.50476,6.4262],[3.50319,6.4253],[3.50319,6.42349],[3.50476,6.42258],[3.50632,6.42349],[3.50633,6.4253]]]}},{"type":"Feature","properties":{"minutes":29.74,"people":484,"clinic_min":29.75,"school_min":29.73,"k_clinic":5,"k_school":5,"within_15":0,"off_street":0,"ward":"Ilasan\u2013Orile","lga":"Eti Osa","place":"Aro Town","place_m":435},"geometry":{"type":"Polygon","coordinates":[[[3.50946,6.42529],[3.50789,6.4262],[3.50633,6.4253],[3.50632,6.42349],[3.50789,6.42258],[3.50946,6.42348],[3.50946,6.42529]]]}},{"type":"Feature","properties":{"minutes":29.66,"people":15,"clinic_min":29.73,"school_min":29.59,"k_clinic":5,"k_school":5,"within_15":0,"off_street":0,"ward":"Maroko\u2013Okun Alfa","lga":"Eti Osa","place":"Aro Town","place_m":228},"geometry":{"type":"Polygon","coordinates":[[[3.51259,6.42529],[3.51103,6.4262],[3.50946,6.42529],[3.50946,6.42348],[3.51102,6.42258],[3.51259,6.42348],[3.51259,6.42529]]]}},{"type":"Feature","properties":{"minutes":31.77,"people":453,"clinic_min":31.85,"school_min":31.7,"k_clinic":5,"k_school":5,"within_15":0,"off_street":0,"ward":"Maroko\u2013Okun Alfa","lga":"Eti Osa","place":"Aro Town","place_m":393},"geometry":{"type":"Polygon","coordinates":[[[3.51572,6.42529],[3.51416,6.42619],[3.51259,6.42529],[3.51259,6.42348],[3.51415,6.42257],[3.51572,6.42348],[3.51572,6.42529]]]}},{"type":"Feature","properties":{"minutes":27.24,"people":363,"clinic_min":31.23,"school_min":23.25,"k_clinic":5,"k_school":5,"within_15":0,"off_street":0,"ward":"Maroko\u2013Okun Alfa","lga":"Eti Osa","place":"Aro Town","place_m":705},"geometry":{"type":"Polygon","coordinates":[[[3.51886,6.42528],[3.51729,6.42619],[3.51572,6.42529],[3.51572,6.42348],[3.51729,6.42257],[3.51885,6.42347],[3.51886,6.42528]]]}},{"type":"Feature","properties":{"minutes":24.42,"people":812,"clinic_min":28.9,"school_min":19.94,"k_clinic":5,"k_school":5,"within_15":0,"off_street":0,"ward":"Maroko\u2013Okun Alfa","lga":"Eti Osa","place":"Okun Alfa","place_m":927},"geometry":{"type":"Polygon","coordinates":[[[3.52199,6.42528],[3.52042,6.42619],[3.51886,6.42528],[3.51885,6.42347],[3.52042,6.42257],[3.52199,6.42347],[3.52199,6.42528]]]}},{"type":"Feature","properties":{"minutes":15.67,"people":1192,"clinic_min":20.03,"school_min":11.3,"k_clinic":5,"k_school":5,"within_15":0,"off_street":0,"ward":"Maroko\u2013Okun Alfa","lga":"Eti Osa","place":"Okun Alfa","place_m":580},"geometry":{"type":"Polygon","coordinates":[[[3.52512,6.42528],[3.52356,6.42618],[3.52199,6.42528],[3.52199,6.42347],[3.52355,6.42256],[3.52512,6.42347],[3.52512,6.42528]]]}},{"type":"Feature","properties":{"minutes":18.32,"people":1905,"clinic_min":23.16,"school_min":13.47,"k_clinic":5,"k_school":5,"within_15":0,"off_street":0,"ward":"Igbo-Efon\u2013Maiyegun","lga":"Eti Osa","place":"Okun Alfa","place_m":234},"geometry":{"type":"Polygon","coordinates":[[[3.52825,6.42527],[3.52669,6.42618],[3.52512,6.42528],[3.52512,6.42347],[3.52668,6.42256],[3.52825,6.42346],[3.52825,6.42527]]]}},{"type":"Feature","properties":{"minutes":22.28,"people":1240,"clinic_min":28.18,"school_min":16.38,"k_clinic":5,"k_school":5,"within_15":0,"off_street":0,"ward":"Igbo-Efon\u2013Maiyegun","lga":"Eti Osa","place":"Okun Alfa","place_m":113},"geometry":{"type":"Polygon","coordinates":[[[3.53139,6.42527],[3.52982,6.42618],[3.52825,6.42527],[3.52825,6.42346],[3.52982,6.42256],[3.53138,6.42346],[3.53139,6.42527]]]}},{"type":"Feature","properties":{"minutes":26.46,"people":2188,"clinic_min":32.5,"school_min":20.43,"k_clinic":5,"k_school":5,"within_15":0,"off_street":0,"ward":"Igbo-Efon\u2013Maiyegun","lga":"Eti Osa","place":"Okun Alfa","place_m":459},"geometry":{"type":"Polygon","coordinates":[[[3.53452,6.42527],[3.53295,6.42617],[3.53139,6.42527],[3.53138,6.42346],[3.53295,6.42255],[3.53452,6.42346],[3.53452,6.42527]]]}},{"type":"Feature","properties":{"minutes":28.28,"people":2252,"clinic_min":34.32,"school_min":22.25,"k_clinic":5,"k_school":5,"within_15":0,"off_street":0,"ward":"Igbo-Efon\u2013Maiyegun","lga":"Eti Osa","place":"Okun Alfa","place_m":805},"geometry":{"type":"Polygon","coordinates":[[[3.53765,6.42526],[3.53609,6.42617],[3.53452,6.42527],[3.53452,6.42346],[3.53608,6.42255],[3.53765,6.42345],[3.53765,6.42526]]]}},{"type":"Feature","properties":{"minutes":30.94,"people":1354,"clinic_min":36.98,"school_min":24.91,"k_clinic":5,"k_school":5,"within_15":0,"off_street":0,"ward":"Igbo-Efon\u2013Maiyegun","lga":"Eti Osa","place":"Barbwire","place_m":693},"geometry":{"type":"Polygon","coordinates":[[[3.54078,6.42526],[3.53922,6.42617],[3.53765,6.42526],[3.53765,6.42345],[3.53921,6.42255],[3.54078,6.42345],[3.54078,6.42526]]]}},{"type":"Feature","properties":{"minutes":33.06,"people":1998,"clinic_min":36.43,"school_min":29.68,"k_clinic":5,"k_school":5,"within_15":0,"off_street":1,"ward":"Igbo-Efon\u2013Maiyegun","lga":"Eti Osa","place":"Barbwire","place_m":348},"geometry":{"type":"Polygon","coordinates":[[[3.54392,6.42526],[3.54235,6.42616],[3.54078,6.42526],[3.54078,6.42345],[3.54235,6.42254],[3.54391,6.42345],[3.54392,6.42526]]]}},{"type":"Feature","properties":{"minutes":34.01,"people":2265,"clinic_min":35.45,"school_min":32.57,"k_clinic":5,"k_school":5,"within_15":0,"off_street":1,"ward":"Igbo-Efon\u2013Maiyegun","lga":"Eti Osa","place":"Barbwire","place_m":45},"geometry":{"type":"Polygon","coordinates":[[[3.54705,6.42525],[3.54548,6.42616],[3.54392,6.42526],[3.54391,6.42345],[3.54548,6.42254],[3.54705,6.42344],[3.54705,6.42525]]]}},{"type":"Feature","properties":{"minutes":33.85,"people":1100,"clinic_min":35.29,"school_min":32.41,"k_clinic":5,"k_school":5,"within_15":0,"off_street":0,"ward":"Igbo-Efon\u2013Maiyegun","lga":"Eti Osa","place":"Barbwire","place_m":351},"geometry":{"type":"Polygon","coordinates":[[[3.55018,6.42525],[3.54862,6.42616],[3.54705,6.42525],[3.54705,6.42344],[3.54861,6.42254],[3.55018,6.42344],[3.55018,6.42525]]]}},{"type":"Feature","properties":{"minutes":41.71,"people":1178,"clinic_min":33.98,"school_min":49.44,"k_clinic":5,"k_school":5,"within_15":0,"off_street":0,"ward":"Igbo-Efon\u2013Maiyegun","lga":"Eti Osa","place":"Light House Estate","place_m":644},"geometry":{"type":"Polygon","coordinates":[[[3.55331,6.42525],[3.55175,6.42615],[3.55018,6.42525],[3.55018,6.42344],[3.55174,6.42253],[3.55331,6.42344],[3.55331,6.42525]]]}},{"type":"Feature","properties":{"minutes":36.12,"people":604,"clinic_min":28.38,"school_min":43.85,"k_clinic":5,"k_school":5,"within_15":0,"off_street":0,"ward":"Igbo-Efon\u2013Maiyegun","lga":"Eti Osa","place":"Okun Ajah","place_m":477},"geometry":{"type":"Polygon","coordinates":[[[3.55645,6.42524],[3.55488,6.42615],[3.55331,6.42525],[3.55331,6.42344],[3.55488,6.42253],[3.55644,6.42343],[3.55645,6.42524]]]}},{"type":"Feature","properties":{"minutes":32.71,"people":1397,"clinic_min":24.98,"school_min":40.44,"k_clinic":5,"k_school":5,"within_15":0,"off_street":0,"ward":"Igbo-Efon\u2013Maiyegun","lga":"Eti Osa","place":"Okun Ajah","place_m":252},"geometry":{"type":"Polygon","coordinates":[[[3.55958,6.42524],[3.55801,6.42615],[3.55645,6.42524],[3.55644,6.42343],[3.55801,6.42253],[3.55958,6.42343],[3.55958,6.42524]]]}},{"type":"Feature","properties":{"minutes":33.77,"people":1645,"clinic_min":26.27,"school_min":41.28,"k_clinic":5,"k_school":5,"within_15":0,"off_street":0,"ward":"Okun Ajah\u2013Okunmopo","lga":"Eti Osa","place":"Okun Ajah","place_m":373},"geometry":{"type":"Polygon","coordinates":[[[3.56271,6.42524],[3.56115,6.42614],[3.55958,6.42524],[3.55958,6.42343],[3.56114,6.42252],[3.56271,6.42343],[3.56271,6.42524]]]}},{"type":"Feature","properties":{"minutes":35.67,"people":131,"clinic_min":28.21,"school_min":43.13,"k_clinic":5,"k_school":5,"within_15":0,"off_street":0,"ward":"Okun Ajah\u2013Okunmopo","lga":"Eti Osa","place":"Okun Ajah","place_m":675},"geometry":{"type":"Polygon","coordinates":[[[3.56584,6.42523],[3.56428,6.42614],[3.56271,6.42524],[3.56271,6.42343],[3.56427,6.42252],[3.56584,6.42342],[3.56584,6.42523]]]}},{"type":"Feature","properties":{"minutes":37.57,"people":233,"clinic_min":30.4,"school_min":44.75,"k_clinic":5,"k_school":5,"within_15":0,"off_street":1,"ward":"Okun Ajah\u2013Okunmopo","lga":"Eti Osa","place":"Okun Ajah","place_m":1005},"geometry":{"type":"Polygon","coordinates":[[[3.56898,6.42523],[3.56741,6.42614],[3.56584,6.42523],[3.56584,6.42342],[3.56741,6.42252],[3.56897,6.42342],[3.56898,6.42523]]]}},{"type":"Feature","properties":{"minutes":51.3,"people":236,"clinic_min":50.66,"school_min":51.95,"k_clinic":5,"k_school":5,"within_15":0,"off_street":0,"ward":"Okun Ajah\u2013Okunmopo","lga":"Eti Osa","place":"Okunaja","place_m":1325},"geometry":{"type":"Polygon","coordinates":[[[3.57211,6.42523],[3.57054,6.42613],[3.56898,6.42523],[3.56897,6.42342],[3.57054,6.42251],[3.57211,6.42342],[3.57211,6.42523]]]}},{"type":"Feature","properties":{"minutes":51.29,"people":253,"clinic_min":51.28,"school_min":51.3,"k_clinic":5,"k_school":5,"within_15":0,"off_street":0,"ward":"Okun Ajah\u2013Okunmopo","lga":"Eti Osa","place":"Okunaja","place_m":978},"geometry":{"type":"Polygon","coordinates":[[[3.57524,6.42522],[3.57368,6.42613],[3.57211,6.42523],[3.57211,6.42342],[3.57367,6.42251],[3.57524,6.42341],[3.57524,6.42522]]]}},{"type":"Feature","properties":{"minutes":53.31,"people":1058,"clinic_min":54.1,"school_min":52.52,"k_clinic":5,"k_school":5,"within_15":0,"off_street":0,"ward":"Okun Ajah\u2013Okunmopo","lga":"Eti Osa","place":"Okunaja","place_m":632},"geometry":{"type":"Polygon","coordinates":[[[3.57837,6.42522],[3.57681,6.42613],[3.57524,6.42522],[3.57524,6.42341],[3.5768,6.42251],[3.57837,6.42341],[3.57837,6.42522]]]}},{"type":"Feature","properties":{"minutes":54.3,"people":337,"clinic_min":55.54,"school_min":53.07,"k_clinic":5,"k_school":5,"within_15":0,"off_street":0,"ward":"Okun Ajah\u2013Okunmopo","lga":"Eti Osa","place":"Okunaja","place_m":286},"geometry":{"type":"Polygon","coordinates":[[[3.58151,6.42522],[3.57994,6.42612],[3.57837,6.42522],[3.57837,6.42341],[3.57994,6.4225],[3.5815,6.42341],[3.58151,6.42522]]]}},{"type":"Feature","properties":{"minutes":57.05,"people":437,"clinic_min":59.57,"school_min":54.53,"k_clinic":5,"k_school":5,"within_15":0,"off_street":0,"ward":"Okun Ajah\u2013Okunmopo","lga":"Eti Osa","place":"Okunaja","place_m":61},"geometry":{"type":"Polygon","coordinates":[[[3.58464,6.42521],[3.58307,6.42612],[3.58151,6.42522],[3.5815,6.42341],[3.58307,6.4225],[3.58464,6.4234],[3.58464,6.42521]]]}},{"type":"Feature","properties":{"minutes":58.58,"people":537,"clinic_min":61.16,"school_min":55.99,"k_clinic":5,"k_school":5,"within_15":0,"off_street":0,"ward":"Okun Ajah\u2013Okunmopo","lga":"Eti Osa","place":"Okun Ajah","place_m":270},"geometry":{"type":"Polygon","coordinates":[[[3.58777,6.42521],[3.58621,6.42611],[3.58464,6.42521],[3.58464,6.4234],[3.5862,6.4225],[3.58777,6.4234],[3.58777,6.42521]]]}},{"type":"Feature","properties":{"minutes":60.18,"people":280,"clinic_min":62.92,"school_min":57.43,"k_clinic":5,"k_school":5,"within_15":0,"off_street":0,"ward":"Okun Ajah\u2013Okunmopo","lga":"Eti Osa","place":"Okun Ajah","place_m":518},"geometry":{"type":"Polygon","coordinates":[[[3.5909,6.4252],[3.58934,6.42611],[3.58777,6.42521],[3.58777,6.4234],[3.58933,6.42249],[3.5909,6.4234],[3.5909,6.4252]]]}},{"type":"Feature","properties":{"minutes":61.6,"people":477,"clinic_min":63.45,"school_min":59.75,"k_clinic":5,"k_school":5,"within_15":0,"off_street":0,"ward":"Okun Ajah\u2013Okunmopo","lga":"Eti Osa","place":"Okun Ajah","place_m":839},"geometry":{"type":"Polygon","coordinates":[[[3.59404,6.4252],[3.59247,6.42611],[3.5909,6.4252],[3.5909,6.4234],[3.59247,6.42249],[3.59403,6.42339],[3.59404,6.4252]]]}},{"type":"Feature","properties":{"minutes":64.09,"people":218,"clinic_min":65.92,"school_min":62.26,"k_clinic":5,"k_school":5,"within_15":0,"off_street":0,"ward":"Okun Ajah\u2013Okunmopo","lga":"Eti Osa","place":"Okun Ajah Baales Palace","place_m":632},"geometry":{"type":"Polygon","coordinates":[[[3.59717,6.4252],[3.5956,6.4261],[3.59404,6.4252],[3.59403,6.42339],[3.5956,6.42249],[3.59717,6.42339],[3.59717,6.4252]]]}},{"type":"Feature","properties":{"minutes":66.64,"people":249,"clinic_min":68.47,"school_min":64.81,"k_clinic":5,"k_school":5,"within_15":0,"off_street":0,"ward":"Okun Ajah\u2013Okunmopo","lga":"Eti Osa","place":"Okun Ajah Baales Palace","place_m":528},"geometry":{"type":"Polygon","coordinates":[[[3.6003,6.42519],[3.59874,6.4261],[3.59717,6.4252],[3.59717,6.42339],[3.59873,6.42248],[3.6003,6.42338],[3.6003,6.42519]]]}},{"type":"Feature","properties":{"minutes":68.24,"people":302,"clinic_min":70.07,"school_min":66.41,"k_clinic":5,"k_school":5,"within_15":0,"off_street":0,"ward":"Okun Ajah\u2013Okunmopo","lga":"Eti Osa","place":"Okun Ajah Baales Palace","place_m":630},"geometry":{"type":"Polygon","coordinates":[[[3.60343,6.42519],[3.60187,6.4261],[3.6003,6.42519],[3.6003,6.42338],[3.60186,6.42248],[3.60343,6.42338],[3.60343,6.42519]]]}},{"type":"Feature","properties":{"minutes":71.34,"people":120,"clinic_min":73.17,"school_min":69.51,"k_clinic":5,"k_school":5,"within_15":0,"off_street":0,"ward":"Okun Ajah\u2013Okunmopo","lga":"Eti Osa","place":"Okun Ajah Baales Palace","place_m":870},"geometry":{"type":"Polygon","coordinates":[[[3.60657,6.42519],[3.605,6.42609],[3.60343,6.42519],[3.60343,6.42338],[3.605,6.42247],[3.60656,6.42338],[3.60657,6.42519]]]}},{"type":"Feature","properties":{"minutes":73.53,"people":188,"clinic_min":75.97,"school_min":71.09,"k_clinic":5,"k_school":5,"within_15":0,"off_street":0,"ward":"Okun Ajah\u2013Okunmopo","lga":"Eti Osa","place":"Okun Ajah Baales Palace","place_m":1164},"geometry":{"type":"Polygon","coordinates":[[[3.6097,6.42518],[3.60813,6.42609],[3.60657,6.42519],[3.60656,6.42338],[3.60813,6.42247],[3.6097,6.42337],[3.6097,6.42518]]]}},{"type":"Feature","properties":{"minutes":74.2,"people":191,"clinic_min":78.05,"school_min":70.34,"k_clinic":5,"k_school":5,"within_15":0,"off_street":0,"ward":"Okun Ajah\u2013Okunmopo","lga":"Eti Osa","place":"Shakiru Akinlade","place_m":895},"geometry":{"type":"Polygon","coordinates":[[[3.61283,6.42518],[3.61127,6.42609],[3.6097,6.42518],[3.6097,6.42337],[3.61126,6.42247],[3.61283,6.42337],[3.61283,6.42518]]]}},{"type":"Feature","properties":{"minutes":72.49,"people":10,"clinic_min":77.47,"school_min":67.5,"k_clinic":5,"k_school":5,"within_15":0,"off_street":1,"ward":"Okun Ajah\u2013Okunmopo","lga":"Eti Osa","place":"Shakiru Akinlade","place_m":577},"geometry":{"type":"Polygon","coordinates":[[[3.61596,6.42517],[3.6144,6.42608],[3.61283,6.42518],[3.61283,6.42337],[3.61439,6.42246],[3.61596,6.42337],[3.61596,6.42517]]]}},{"type":"Feature","properties":{"minutes":72.46,"people":62,"clinic_min":79.18,"school_min":65.74,"k_clinic":5,"k_school":5,"within_15":0,"off_street":1,"ward":"Okun Ajah\u2013Okunmopo","lga":"Eti Osa","place":"Shakiru Akinlade","place_m":325},"geometry":{"type":"Polygon","coordinates":[[[3.6191,6.42517],[3.61753,6.42608],[3.61596,6.42517],[3.61596,6.42337],[3.61753,6.42246],[3.61909,6.42336],[3.6191,6.42517]]]}},{"type":"Feature","properties":{"minutes":73.9,"people":78,"clinic_min":81.9,"school_min":65.91,"k_clinic":5,"k_school":5,"within_15":0,"off_street":0,"ward":"Okun Ajah\u2013Okunmopo","lga":"Eti Osa","place":"Mopo-Akinlade","place_m":252},"geometry":{"type":"Polygon","coordinates":[[[3.62223,6.42517],[3.62066,6.42607],[3.6191,6.42517],[3.61909,6.42336],[3.62066,6.42246],[3.62223,6.42336],[3.62223,6.42517]]]}},{"type":"Feature","properties":{"minutes":77.49,"people":20,"clinic_min":87.44,"school_min":67.53,"k_clinic":5,"k_school":5,"within_15":0,"off_street":0,"ward":"Okun Ajah\u2013Okunmopo","lga":"Eti Osa","place":"Mopo-Akinlade","place_m":367},"geometry":{"type":"Polygon","coordinates":[[[3.62536,6.42516],[3.6238,6.42607],[3.62223,6.42517],[3.62223,6.42336],[3.62379,6.42245],[3.62536,6.42335],[3.62536,6.42516]]]}},{"type":"Feature","properties":{"minutes":74.18,"people":61,"clinic_min":84.52,"school_min":63.84,"k_clinic":5,"k_school":5,"within_15":0,"off_street":1,"ward":"Okun Ajah\u2013Okunmopo","lga":"Eti Osa","place":"Mopo-Akinlade","place_m":667},"geometry":{"type":"Polygon","coordinates":[[[3.62849,6.42516],[3.62693,6.42607],[3.62536,6.42516],[3.62536,6.42335],[3.62692,6.42245],[3.62849,6.42335],[3.62849,6.42516]]]}},{"type":"Feature","properties":{"minutes":12.69,"people":435,"clinic_min":16.33,"school_min":9.06,"k_clinic":5,"k_school":5,"within_15":1,"off_street":1,"ward":"Abraham Adesanya","lga":"Apapa","place":"Tomaro","place_m":691},"geometry":{"type":"Polygon","coordinates":[[[3.34813,6.42814],[3.34657,6.42905],[3.345,6.42814],[3.345,6.42633],[3.34657,6.42543],[3.34813,6.42633],[3.34813,6.42814]]]}},{"type":"Feature","properties":{"minutes":12.52,"people":333,"clinic_min":19.48,"school_min":5.57,"k_clinic":5,"k_school":5,"within_15":1,"off_street":1,"ward":"Abraham Adesanya","lga":"Apapa","place":"Tomaro","place_m":580},"geometry":{"type":"Polygon","coordinates":[[[3.35127,6.42814],[3.3497,6.42904],[3.34813,6.42814],[3.34813,6.42633],[3.3497,6.42543],[3.35126,6.42633],[3.35127,6.42814]]]}},{"type":"Feature","properties":{"minutes":11.96,"people":290,"clinic_min":17.14,"school_min":6.78,"k_clinic":5,"k_school":5,"within_15":1,"off_street":1,"ward":"Abraham Adesanya","lga":"Apapa","place":"Itun Agan","place_m":564},"geometry":{"type":"Polygon","coordinates":[[[3.35753,6.42813],[3.35597,6.42904],[3.3544,6.42814],[3.3544,6.42633],[3.35596,6.42542],[3.35753,6.42633],[3.35753,6.42813]]]}},{"type":"Feature","properties":{"minutes":9.4,"people":1995,"clinic_min":18.79,"school_min":0.0,"k_clinic":5,"k_school":5,"within_15":1,"off_street":1,"ward":"Abraham Adesanya","lga":"Apapa","place":"Itun Agan","place_m":249},"geometry":{"type":"Polygon","coordinates":[[[3.36066,6.42813],[3.3591,6.42904],[3.35753,6.42813],[3.35753,6.42633],[3.3591,6.42542],[3.36066,6.42632],[3.36066,6.42813]]]}},{"type":"Feature","properties":{"minutes":9.4,"people":999,"clinic_min":18.79,"school_min":0.0,"k_clinic":5,"k_school":5,"within_15":1,"off_street":1,"ward":"Abraham Adesanya","lga":"Apapa","place":"Itun Agan","place_m":215},"geometry":{"type":"Polygon","coordinates":[[[3.3638,6.42813],[3.36223,6.42904],[3.36066,6.42813],[3.36066,6.42632],[3.36223,6.42542],[3.3638,6.42632],[3.3638,6.42813]]]}},{"type":"Feature","properties":{"minutes":13.55,"people":19,"clinic_min":12.41,"school_min":14.69,"k_clinic":5,"k_school":5,"within_15":1,"off_street":1,"ward":"Abraham Adesanya","lga":"Apapa","place":"Irede","place_m":556},"geometry":{"type":"Polygon","coordinates":[[[3.37006,6.42813],[3.3685,6.42903],[3.36693,6.42813],[3.36693,6.42632],[3.36849,6.42541],[3.37006,6.42632],[3.37006,6.42813]]]}},{"type":"Feature","properties":{"minutes":13.82,"people":922,"clinic_min":15.66,"school_min":11.98,"k_clinic":5,"k_school":5,"within_15":1,"off_street":1,"ward":"Abraham Adesanya","lga":"Apapa","place":"Irede","place_m":328},"geometry":{"type":"Polygon","coordinates":[[[3.37319,6.42812],[3.37163,6.42903],[3.37006,6.42813],[3.37006,6.42632],[3.37163,6.42541],[3.37319,6.42631],[3.37319,6.42812]]]}},{"type":"Feature","properties":{"minutes":11.7,"people":871,"clinic_min":12.45,"school_min":10.96,"k_clinic":5,"k_school":5,"within_15":1,"off_street":1,"ward":"Abraham Adesanya","lga":"Apapa","place":"Irede","place_m":382},"geometry":{"type":"Polygon","coordinates":[[[3.37633,6.42812],[3.37476,6.42903],[3.37319,6.42812],[3.37319,6.42631],[3.37476,6.42541],[3.37633,6.42631],[3.37633,6.42812]]]}},{"type":"Feature","properties":{"minutes":9.56,"people":739,"clinic_min":11.11,"school_min":8.0,"k_clinic":5,"k_school":5,"within_15":1,"off_street":1,"ward":"Abraham Adesanya","lga":"Apapa","place":"Ilado","place_m":595},"geometry":{"type":"Polygon","coordinates":[[[3.37946,6.42812],[3.37789,6.42902],[3.37633,6.42812],[3.37633,6.42631],[3.37789,6.42541],[3.37946,6.42631],[3.37946,6.42812]]]}},{"type":"Feature","properties":{"minutes":9.56,"people":18,"clinic_min":11.11,"school_min":8.0,"k_clinic":5,"k_school":5,"within_15":1,"off_street":1,"ward":"Abraham Adesanya","lga":"Apapa","place":"Ilado","place_m":588},"geometry":{"type":"Polygon","coordinates":[[[3.38259,6.42812],[3.38103,6.42902],[3.37946,6.42812],[3.37946,6.42631],[3.38102,6.4254],[3.38259,6.42631],[3.38259,6.42812]]]}},{"type":"Feature","properties":{"minutes":28.9,"people":37,"clinic_min":30.54,"school_min":27.26,"k_clinic":5,"k_school":5,"within_15":0,"off_street":1,"ward":"Abraham Adesanya","lga":"Apapa","place":"Ilado","place_m":759},"geometry":{"type":"Polygon","coordinates":[[[3.38572,6.42811],[3.38416,6.42902],[3.38259,6.42812],[3.38259,6.42631],[3.38416,6.4254],[3.38572,6.4263],[3.38572,6.42811]]]}},{"type":"Feature","properties":{"minutes":32.11,"people":182,"clinic_min":33.75,"school_min":30.47,"k_clinic":5,"k_school":5,"within_15":0,"off_street":1,"ward":"Abraham Adesanya","lga":"Apapa","place":"Ogogoro","place_m":639},"geometry":{"type":"Polygon","coordinates":[[[3.38886,6.42811],[3.38729,6.42902],[3.38572,6.42811],[3.38572,6.4263],[3.38729,6.4254],[3.38886,6.4263],[3.38886,6.42811]]]}},{"type":"Feature","properties":{"minutes":34.43,"people":119,"clinic_min":36.07,"school_min":32.8,"k_clinic":5,"k_school":5,"within_15":0,"off_street":1,"ward":"Abraham Adesanya","lga":"Apapa","place":"Ogogoro","place_m":336},"geometry":{"type":"Polygon","coordinates":[[[3.39199,6.42811],[3.39042,6.42902],[3.38886,6.42811],[3.38886,6.4263],[3.39042,6.4254],[3.39199,6.4263],[3.39199,6.42811]]]}},{"type":"Feature","properties":{"minutes":34.43,"people":422,"clinic_min":36.07,"school_min":32.8,"k_clinic":5,"k_school":5,"within_15":0,"off_street":1,"ward":"Abraham Adesanya","lga":"Apapa","place":"Ogogoro","place_m":240},"geometry":{"type":"Polygon","coordinates":[[[3.39512,6.42811],[3.39356,6.42901],[3.39199,6.42811],[3.39199,6.4263],[3.39355,6.42539],[3.39512,6.4263],[3.39512,6.42811]]]}},{"type":"Feature","properties":{"minutes":13.35,"people":187,"clinic_min":16.09,"school_min":10.61,"k_clinic":5,"k_school":5,"within_15":1,"off_street":0,"ward":"Tarkwa Bay","lga":"Eti Osa","place":"Ahmadu Bello Way","place_m":615},"geometry":{"type":"Polygon","coordinates":[[[3.40765,6.4281],[3.40609,6.429],[3.40452,6.4281],[3.40452,6.42629],[3.40608,6.42538],[3.40765,6.42629],[3.40765,6.4281]]]}},{"type":"Feature","properties":{"minutes":10.63,"people":693,"clinic_min":13.34,"school_min":7.92,"k_clinic":5,"k_school":5,"within_15":1,"off_street":0,"ward":"Victoria Island","lga":"Eti Osa","place":"Ahmadu Bello Way","place_m":495},"geometry":{"type":"Polygon","coordinates":[[[3.41079,6.42809],[3.40922,6.429],[3.40765,6.4281],[3.40765,6.42629],[3.40922,6.42538],[3.41078,6.42629],[3.41079,6.42809]]]}},{"type":"Feature","properties":{"minutes":13.36,"people":1022,"clinic_min":13.5,"school_min":13.22,"k_clinic":5,"k_school":5,"within_15":1,"off_street":0,"ward":"Victoria Island","lga":"Eti Osa","place":"Ahmadu Bello Way","place_m":593},"geometry":{"type":"Polygon","coordinates":[[[3.41392,6.42809],[3.41235,6.429],[3.41079,6.42809],[3.41078,6.42629],[3.41235,6.42538],[3.41392,6.42628],[3.41392,6.42809]]]}},{"type":"Feature","properties":{"minutes":14.93,"people":760,"clinic_min":14.08,"school_min":15.79,"k_clinic":5,"k_school":5,"within_15":1,"off_street":0,"ward":"Victoria Island","lga":"Eti Osa","place":"Ahmadu Bello Way","place_m":836},"geometry":{"type":"Polygon","coordinates":[[[3.41705,6.42809],[3.41549,6.429],[3.41392,6.42809],[3.41392,6.42628],[3.41548,6.42538],[3.41705,6.42628],[3.41705,6.42809]]]}},{"type":"Feature","properties":{"minutes":14.97,"people":1004,"clinic_min":12.02,"school_min":17.91,"k_clinic":5,"k_school":5,"within_15":1,"off_street":0,"ward":"Victoria Island","lga":"Eti Osa","place":"Akin Adeshola","place_m":683},"geometry":{"type":"Polygon","coordinates":[[[3.42018,6.42809],[3.41862,6.42899],[3.41705,6.42809],[3.41705,6.42628],[3.41861,6.42537],[3.42018,6.42628],[3.42018,6.42809]]]}},{"type":"Feature","properties":{"minutes":14.03,"people":927,"clinic_min":10.48,"school_min":17.57,"k_clinic":5,"k_school":5,"within_15":1,"off_street":0,"ward":"Victoria Island","lga":"Eti Osa","place":"Akin Adeshola","place_m":428},"geometry":{"type":"Polygon","coordinates":[[[3.42332,6.42808],[3.42175,6.42899],[3.42018,6.42809],[3.42018,6.42628],[3.42175,6.42537],[3.42331,6.42628],[3.42332,6.42808]]]}},{"type":"Feature","properties":{"minutes":12.5,"people":1086,"clinic_min":8.84,"school_min":16.17,"k_clinic":5,"k_school":5,"within_15":1,"off_street":0,"ward":"Kuramo School\u2013Lekki","lga":"Eti Osa","place":"Victoria Island","place_m":338},"geometry":{"type":"Polygon","coordinates":[[[3.42645,6.42808],[3.42488,6.42899],[3.42332,6.42808],[3.42331,6.42628],[3.42488,6.42537],[3.42645,6.42627],[3.42645,6.42808]]]}},{"type":"Feature","properties":{"minutes":9.3,"people":1005,"clinic_min":10.0,"school_min":8.6,"k_clinic":5,"k_school":5,"within_15":1,"off_street":0,"ward":"Kuramo School\u2013Lekki","lga":"Eti Osa","place":"Olosa","place_m":161},"geometry":{"type":"Polygon","coordinates":[[[3.42958,6.42808],[3.42802,6.42898],[3.42645,6.42808],[3.42645,6.42627],[3.42801,6.42537],[3.42958,6.42627],[3.42958,6.42808]]]}},{"type":"Feature","properties":{"minutes":11.93,"people":607,"clinic_min":10.54,"school_min":13.31,"k_clinic":5,"k_school":5,"within_15":1,"off_street":0,"ward":"Apese\u20136 Extension","lga":"Eti Osa","place":"Olosa","place_m":203},"geometry":{"type":"Polygon","coordinates":[[[3.43271,6.42808],[3.43115,6.42898],[3.42958,6.42808],[3.42958,6.42627],[3.43114,6.42536],[3.43271,6.42627],[3.43271,6.42808]]]}},{"type":"Feature","properties":{"minutes":13.74,"people":1099,"clinic_min":11.62,"school_min":15.85,"k_clinic":5,"k_school":5,"within_15":1,"off_street":0,"ward":"Apese\u20136 Extension","lga":"Eti Osa","place":"Olosa","place_m":544},"geometry":{"type":"Polygon","coordinates":[[[3.43585,6.42807],[3.43428,6.42898],[3.43271,6.42808],[3.43271,6.42627],[3.43428,6.42536],[3.43584,6.42626],[3.43585,6.42807]]]}},{"type":"Feature","properties":{"minutes":10.81,"people":1312,"clinic_min":6.49,"school_min":15.13,"k_clinic":5,"k_school":5,"within_15":1,"off_street":0,"ward":"Apese\u20136 Extension","lga":"Eti Osa","place":"Dideolu Estate","place_m":540},"geometry":{"type":"Polygon","coordinates":[[[3.43898,6.42807],[3.43741,6.42898],[3.43585,6.42807],[3.43584,6.42626],[3.43741,6.42536],[3.43898,6.42626],[3.43898,6.42807]]]}},{"type":"Feature","properties":{"minutes":9.43,"people":1153,"clinic_min":5.81,"school_min":13.05,"k_clinic":5,"k_school":5,"within_15":1,"off_street":0,"ward":"Apese\u20136 Extension","lga":"Eti Osa","place":"Dideolu Estate","place_m":200},"geometry":{"type":"Polygon","coordinates":[[[3.44211,6.42807],[3.44055,6.42897],[3.43898,6.42807],[3.43898,6.42626],[3.44054,6.42536],[3.44211,6.42626],[3.44211,6.42807]]]}},{"type":"Feature","properties":{"minutes":11.47,"people":612,"clinic_min":6.35,"school_min":16.58,"k_clinic":5,"k_school":5,"within_15":1,"off_street":0,"ward":"Apese\u20136 Extension","lga":"Eti Osa","place":"Dideolu Estate","place_m":168},"geometry":{"type":"Polygon","coordinates":[[[3.44524,6.42807],[3.44368,6.42897],[3.44211,6.42807],[3.44211,6.42626],[3.44368,6.42535],[3.44524,6.42626],[3.44524,6.42807]]]}},{"type":"Feature","properties":{"minutes":14.02,"people":1094,"clinic_min":9.35,"school_min":18.68,"k_clinic":5,"k_school":5,"within_15":1,"off_street":0,"ward":"Apese\u20136 Extension","lga":"Eti Osa","place":"Oniru Palace","place_m":480},"geometry":{"type":"Polygon","coordinates":[[[3.44838,6.42806],[3.44681,6.42897],[3.44524,6.42807],[3.44524,6.42626],[3.44681,6.42535],[3.44837,6.42625],[3.44838,6.42806]]]}},{"type":"Feature","properties":{"minutes":17.78,"people":1050,"clinic_min":16.19,"school_min":19.38,"k_clinic":5,"k_school":5,"within_15":0,"off_street":0,"ward":"Apese\u20136 Extension","lga":"Eti Osa","place":"Oniru Palace","place_m":316},"geometry":{"type":"Polygon","coordinates":[[[3.45151,6.42806],[3.44994,6.42897],[3.44838,6.42806],[3.44837,6.42625],[3.44994,6.42535],[3.45151,6.42625],[3.45151,6.42806]]]}},{"type":"Feature","properties":{"minutes":18.31,"people":1328,"clinic_min":18.3,"school_min":18.31,"k_clinic":5,"k_school":5,"within_15":0,"off_street":0,"ward":"Apese\u20136 Extension","lga":"Eti Osa","place":"Oniru Palace","place_m":458},"geometry":{"type":"Polygon","coordinates":[[[3.45464,6.42806],[3.45308,6.42896],[3.45151,6.42806],[3.45151,6.42625],[3.45307,6.42535],[3.45464,6.42625],[3.45464,6.42806]]]}},{"type":"Feature","properties":{"minutes":16.94,"people":775,"clinic_min":17.42,"school_min":16.47,"k_clinic":5,"k_school":5,"within_15":0,"off_street":0,"ward":"Apese\u20136 Extension","lga":"Eti Osa","place":"Oniru Palace","place_m":748},"geometry":{"type":"Polygon","coordinates":[[[3.45777,6.42805],[3.45621,6.42896],[3.45464,6.42806],[3.45464,6.42625],[3.45621,6.42534],[3.45777,6.42625],[3.45777,6.42805]]]}},{"type":"Feature","properties":{"minutes":16.45,"people":1407,"clinic_min":17.8,"school_min":15.11,"k_clinic":5,"k_school":5,"within_15":0,"off_street":0,"ward":"Ilasan\u2013Orile","lga":"Eti Osa","place":"Ilado","place_m":832},"geometry":{"type":"Polygon","coordinates":[[[3.46091,6.42805],[3.45934,6.42896],[3.45777,6.42805],[3.45777,6.42625],[3.45934,6.42534],[3.46091,6.42624],[3.46091,6.42805]]]}},{"type":"Feature","properties":{"minutes":18.42,"people":1723,"clinic_min":21.59,"school_min":15.24,"k_clinic":5,"k_school":5,"within_15":0,"off_street":0,"ward":"Ilasan\u2013Orile","lga":"Eti Osa","place":"Ilado","place_m":495},"geometry":{"type":"Polygon","coordinates":[[[3.46404,6.42805],[3.46247,6.42895],[3.46091,6.42805],[3.46091,6.42624],[3.46247,6.42534],[3.46404,6.42624],[3.46404,6.42805]]]}},{"type":"Feature","properties":{"minutes":13.79,"people":1342,"clinic_min":18.81,"school_min":8.78,"k_clinic":5,"k_school":5,"within_15":1,"off_street":0,"ward":"Ilasan\u2013Orile","lga":"Eti Osa","place":"Ilado","place_m":195},"geometry":{"type":"Polygon","coordinates":[[[3.46717,6.42805],[3.46561,6.42895],[3.46404,6.42805],[3.46404,6.42624],[3.4656,6.42533],[3.46717,6.42624],[3.46717,6.42805]]]}},{"type":"Feature","properties":{"minutes":12.38,"people":1161,"clinic_min":18.05,"school_min":6.72,"k_clinic":5,"k_school":5,"within_15":1,"off_street":0,"ward":"Ilasan\u2013Orile","lga":"Eti Osa","place":"Ilado","place_m":267},"geometry":{"type":"Polygon","coordinates":[[[3.4703,6.42804],[3.46874,6.42895],[3.46717,6.42805],[3.46717,6.42624],[3.46874,6.42533],[3.4703,6.42623],[3.4703,6.42804]]]}},{"type":"Feature","properties":{"minutes":15.02,"people":1411,"clinic_min":20.51,"school_min":9.52,"k_clinic":5,"k_school":5,"within_15":0,"off_street":0,"ward":"Ilasan\u2013Orile","lga":"Eti Osa","place":"Ilado","place_m":586},"geometry":{"type":"Polygon","coordinates":[[[3.47344,6.42804],[3.47187,6.42895],[3.4703,6.42804],[3.4703,6.42623],[3.47187,6.42533],[3.47344,6.42623],[3.47344,6.42804]]]}},{"type":"Feature","properties":{"minutes":16.9,"people":1606,"clinic_min":22.09,"school_min":11.71,"k_clinic":5,"k_school":5,"within_15":0,"off_street":0,"ward":"Ilasan\u2013Orile","lga":"Eti Osa","place":"Elegushin","place_m":770},"geometry":{"type":"Polygon","coordinates":[[[3.47657,6.42804],[3.475,6.42894],[3.47344,6.42804],[3.47344,6.42623],[3.475,6.42533],[3.47657,6.42623],[3.47657,6.42804]]]}},{"type":"Feature","properties":{"minutes":19.94,"people":1381,"clinic_min":22.75,"school_min":17.12,"k_clinic":5,"k_school":5,"within_15":0,"off_street":0,"ward":"Ilasan\u2013Orile","lga":"Eti Osa","place":"Elegushin","place_m":458},"geometry":{"type":"Polygon","coordinates":[[[3.4797,6.42803],[3.47814,6.42894],[3.47657,6.42804],[3.47657,6.42623],[3.47813,6.42532],[3.4797,6.42623],[3.4797,6.42803]]]}},{"type":"Feature","properties":{"minutes":19.22,"people":1124,"clinic_min":21.22,"school_min":17.21,"k_clinic":5,"k_school":5,"within_15":0,"off_street":0,"ward":"Ilasan\u2013Orile","lga":"Eti Osa","place":"Elegushin","place_m":257},"geometry":{"type":"Polygon","coordinates":[[[3.48283,6.42803],[3.48127,6.42894],[3.4797,6.42803],[3.4797,6.42623],[3.48127,6.42532],[3.48283,6.42622],[3.48283,6.42803]]]}},{"type":"Feature","properties":{"minutes":25.91,"people":896,"clinic_min":25.22,"school_min":26.6,"k_clinic":5,"k_school":5,"within_15":0,"off_street":0,"ward":"Ilasan\u2013Orile","lga":"Eti Osa","place":"Elegushin","place_m":403},"geometry":{"type":"Polygon","coordinates":[[[3.48597,6.42803],[3.4844,6.42893],[3.48283,6.42803],[3.48283,6.42622],[3.4844,6.42532],[3.48597,6.42622],[3.48597,6.42803]]]}},{"type":"Feature","properties":{"minutes":22.09,"people":1398,"clinic_min":22.42,"school_min":21.75,"k_clinic":5,"k_school":5,"within_15":0,"off_street":0,"ward":"Ilasan\u2013Orile","lga":"Eti Osa","place":"Alaguntan","place_m":514},"geometry":{"type":"Polygon","coordinates":[[[3.4891,6.42803],[3.48753,6.42893],[3.48597,6.42803],[3.48597,6.42622],[3.48753,6.42531],[3.4891,6.42622],[3.4891,6.42803]]]}},{"type":"Feature","properties":{"minutes":22.35,"people":612,"clinic_min":23.66,"school_min":21.05,"k_clinic":5,"k_school":5,"within_15":0,"off_street":0,"ward":"Ilasan\u2013Orile","lga":"Eti Osa","place":"Alaguntan","place_m":269},"geometry":{"type":"Polygon","coordinates":[[[3.49223,6.42802],[3.49067,6.42893],[3.4891,6.42803],[3.4891,6.42622],[3.49066,6.42531],[3.49223,6.42621],[3.49223,6.42802]]]}},{"type":"Feature","properties":{"minutes":22.95,"people":827,"clinic_min":23.62,"school_min":22.29,"k_clinic":5,"k_school":5,"within_15":0,"off_street":0,"ward":"Ilasan\u2013Orile","lga":"Eti Osa","place":"Orile Ilasan","place_m":310},"geometry":{"type":"Polygon","coordinates":[[[3.49536,6.42802],[3.4938,6.42893],[3.49223,6.42802],[3.49223,6.42621],[3.4938,6.42531],[3.49536,6.42621],[3.49536,6.42802]]]}},{"type":"Feature","properties":{"minutes":19.55,"people":1508,"clinic_min":20.39,"school_min":18.72,"k_clinic":5,"k_school":5,"within_15":0,"off_street":0,"ward":"Ilasan\u2013Orile","lga":"Eti Osa","place":"Iroko Awe","place_m":229},"geometry":{"type":"Polygon","coordinates":[[[3.4985,6.42802],[3.49693,6.42892],[3.49536,6.42802],[3.49536,6.42621],[3.49693,6.4253],[3.4985,6.42621],[3.4985,6.42802]]]}},{"type":"Feature","properties":{"minutes":16.14,"people":880,"clinic_min":17.39,"school_min":14.88,"k_clinic":5,"k_school":5,"within_15":0,"off_street":0,"ward":"Ilasan\u2013Orile","lga":"Eti Osa","place":"Iroko Awe","place_m":347},"geometry":{"type":"Polygon","coordinates":[[[3.50163,6.42801],[3.50006,6.42892],[3.4985,6.42802],[3.4985,6.42621],[3.50006,6.4253],[3.50163,6.4262],[3.50163,6.42801]]]}},{"type":"Feature","properties":{"minutes":13.35,"people":2413,"clinic_min":14.8,"school_min":11.89,"k_clinic":5,"k_school":5,"within_15":1,"off_street":0,"ward":"Ilasan\u2013Orile","lga":"Eti Osa","place":"Iroko Awe","place_m":655},"geometry":{"type":"Polygon","coordinates":[[[3.50476,6.42801],[3.5032,6.42892],[3.50163,6.42801],[3.50163,6.4262],[3.50319,6.4253],[3.50476,6.4262],[3.50476,6.42801]]]}},{"type":"Feature","properties":{"minutes":13.29,"people":3369,"clinic_min":14.34,"school_min":12.24,"k_clinic":5,"k_school":5,"within_15":1,"off_street":0,"ward":"Ilasan\u2013Orile","lga":"Eti Osa","place":"Aro Town","place_m":550},"geometry":{"type":"Polygon","coordinates":[[[3.50789,6.42801],[3.50633,6.42891],[3.50476,6.42801],[3.50476,6.4262],[3.50633,6.4253],[3.50789,6.4262],[3.50789,6.42801]]]}},{"type":"Feature","properties":{"minutes":14.79,"people":871,"clinic_min":16.72,"school_min":12.86,"k_clinic":5,"k_school":5,"within_15":1,"off_street":0,"ward":"Maroko\u2013Okun Alfa","lga":"Eti Osa","place":"Aro Town","place_m":211},"geometry":{"type":"Polygon","coordinates":[[[3.51103,6.428],[3.50946,6.42891],[3.50789,6.42801],[3.50789,6.4262],[3.50946,6.42529],[3.51103,6.4262],[3.51103,6.428]]]}},{"type":"Feature","properties":{"minutes":18.01,"people":1035,"clinic_min":21.04,"school_min":14.98,"k_clinic":5,"k_school":5,"within_15":0,"off_street":0,"ward":"Maroko\u2013Okun Alfa","lga":"Eti Osa","place":"Aro Town","place_m":166},"geometry":{"type":"Polygon","coordinates":[[[3.51416,6.428],[3.51259,6.42891],[3.51103,6.428],[3.51103,6.4262],[3.51259,6.42529],[3.51416,6.42619],[3.51416,6.428]]]}},{"type":"Feature","properties":{"minutes":25.76,"people":630,"clinic_min":29.0,"school_min":22.53,"k_clinic":5,"k_school":5,"within_15":0,"off_street":0,"ward":"Maroko\u2013Okun Alfa","lga":"Eti Osa","place":"Aro Town","place_m":500},"geometry":{"type":"Polygon","coordinates":[[[3.51729,6.428],[3.51573,6.4289],[3.51416,6.428],[3.51416,6.42619],[3.51572,6.42529],[3.51729,6.42619],[3.51729,6.428]]]}},{"type":"Feature","properties":{"minutes":22.41,"people":496,"clinic_min":26.81,"school_min":18.02,"k_clinic":5,"k_school":5,"within_15":0,"off_street":0,"ward":"Maroko\u2013Okun Alfa","lga":"Eti Osa","place":"Aro Town","place_m":844},"geometry":{"type":"Polygon","coordinates":[[[3.52043,6.42799],[3.51886,6.4289],[3.51729,6.428],[3.51729,6.42619],[3.51886,6.42528],[3.52042,6.42619],[3.52043,6.42799]]]}},{"type":"Feature","properties":{"minutes":18.46,"people":984,"clinic_min":22.94,"school_min":13.97,"k_clinic":5,"k_school":5,"within_15":0,"off_street":0,"ward":"Maroko\u2013Okun Alfa","lga":"Eti Osa","place":"Alpha Beach","place_m":766},"geometry":{"type":"Polygon","coordinates":[[[3.52356,6.42799],[3.52199,6.4289],[3.52043,6.42799],[3.52042,6.42619],[3.52199,6.42528],[3.52356,6.42618],[3.52356,6.42799]]]}},{"type":"Feature","properties":{"minutes":12.64,"people":1215,"clinic_min":17.55,"school_min":7.74,"k_clinic":5,"k_school":5,"within_15":1,"off_street":0,"ward":"Igbo-Efon\u2013Maiyegun","lga":"Eti Osa","place":"Okun Alfa","place_m":503},"geometry":{"type":"Polygon","coordinates":[[[3.52669,6.42799],[3.52512,6.42889],[3.52356,6.42799],[3.52356,6.42618],[3.52512,6.42528],[3.52669,6.42618],[3.52669,6.42799]]]}},{"type":"Feature","properties":{"minutes":16.98,"people":944,"clinic_min":22.2,"school_min":11.75,"k_clinic":5,"k_school":5,"within_15":0,"off_street":0,"ward":"Igbo-Efon\u2013Maiyegun","lga":"Eti Osa","place":"Okun Alfa","place_m":302},"geometry":{"type":"Polygon","coordinates":[[[3.52982,6.42799],[3.52826,6.42889],[3.52669,6.42799],[3.52669,6.42618],[3.52825,6.42527],[3.52982,6.42618],[3.52982,6.42799]]]}},{"type":"Feature","properties":{"minutes":26.2,"people":756,"clinic_min":32.1,"school_min":20.3,"k_clinic":5,"k_school":5,"within_15":0,"off_street":0,"ward":"Igbo-Efon\u2013Maiyegun","lga":"Eti Osa","place":"Okun Alfa","place_m":411},"geometry":{"type":"Polygon","coordinates":[[[3.53296,6.42798],[3.53139,6.42889],[3.52982,6.42799],[3.52982,6.42618],[3.53139,6.42527],[3.53295,6.42617],[3.53296,6.42798]]]}},{"type":"Feature","properties":{"minutes":26.22,"people":371,"clinic_min":32.12,"school_min":20.32,"k_clinic":5,"k_school":5,"within_15":0,"off_street":0,"ward":"Igbo-Efon\u2013Maiyegun","lga":"Eti Osa","place":"Okun Alfa","place_m":698},"geometry":{"type":"Polygon","coordinates":[[[3.53609,6.42798],[3.53452,6.42888],[3.53296,6.42798],[3.53295,6.42617],[3.53452,6.42527],[3.53609,6.42617],[3.53609,6.42798]]]}},{"type":"Feature","properties":{"minutes":30.37,"people":1277,"clinic_min":36.4,"school_min":24.33,"k_clinic":5,"k_school":5,"within_15":0,"off_street":0,"ward":"Igbo-Efon\u2013Maiyegun","lga":"Eti Osa","place":"Barbwire","place_m":931},"geometry":{"type":"Polygon","coordinates":[[[3.53922,6.42798],[3.53765,6.42888],[3.53609,6.42798],[3.53609,6.42617],[3.53765,6.42526],[3.53922,6.42617],[3.53922,6.42798]]]}},{"type":"Feature","properties":{"minutes":31.64,"people":2053,"clinic_min":35.01,"school_min":28.26,"k_clinic":5,"k_school":5,"within_15":0,"off_street":0,"ward":"Igbo-Efon\u2013Maiyegun","lga":"Eti Osa","place":"Barbwire","place_m":623},"geometry":{"type":"Polygon","coordinates":[[[3.54235,6.42797],[3.54079,6.42888],[3.53922,6.42798],[3.53922,6.42617],[3.54078,6.42526],[3.54235,6.42616],[3.54235,6.42797]]]}},{"type":"Feature","properties":{"minutes":34.62,"people":2803,"clinic_min":38.0,"school_min":31.25,"k_clinic":5,"k_school":5,"within_15":0,"off_street":0,"ward":"Igbo-Efon\u2013Maiyegun","lga":"Eti Osa","place":"Barbwire","place_m":386},"geometry":{"type":"Polygon","coordinates":[[[3.54549,6.42797],[3.54392,6.42887],[3.54235,6.42797],[3.54235,6.42616],[3.54392,6.42526],[3.54548,6.42616],[3.54549,6.42797]]]}},{"type":"Feature","properties":{"minutes":34.01,"people":1365,"clinic_min":35.45,"school_min":32.57,"k_clinic":5,"k_school":5,"within_15":0,"off_street":0,"ward":"Igbo-Efon\u2013Maiyegun","lga":"Eti Osa","place":"Barbwire","place_m":387},"geometry":{"type":"Polygon","coordinates":[[[3.54862,6.42797],[3.54705,6.42887],[3.54549,6.42797],[3.54548,6.42616],[3.54705,6.42525],[3.54862,6.42616],[3.54862,6.42797]]]}},{"type":"Feature","properties":{"minutes":41.71,"people":582,"clinic_min":33.98,"school_min":49.44,"k_clinic":5,"k_school":5,"within_15":0,"off_street":0,"ward":"Igbo-Efon\u2013Maiyegun","lga":"Eti Osa","place":"Light House Estate","place_m":304},"geometry":{"type":"Polygon","coordinates":[[[3.55175,6.42796],[3.55019,6.42887],[3.54862,6.42797],[3.54862,6.42616],[3.55018,6.42525],[3.55175,6.42615],[3.55175,6.42796]]]}},{"type":"Feature","properties":{"minutes":36.77,"people":834,"clinic_min":29.04,"school_min":44.51,"k_clinic":5,"k_school":5,"within_15":0,"off_street":1,"ward":"Igbo-Efon\u2013Maiyegun","lga":"Eti Osa","place":"Light House Estate","place_m":510},"geometry":{"type":"Polygon","coordinates":[[[3.55488,6.42796],[3.55332,6.42886],[3.55175,6.42796],[3.55175,6.42615],[3.55331,6.42525],[3.55488,6.42615],[3.55488,6.42796]]]}},{"type":"Feature","properties":{"minutes":37.03,"people":424,"clinic_min":29.3,"school_min":44.77,"k_clinic":5,"k_school":5,"within_15":0,"off_street":0,"ward":"Igbo-Efon\u2013Maiyegun","lga":"Eti Osa","place":"Okun Ajah","place_m":244},"geometry":{"type":"Polygon","coordinates":[[[3.55802,6.42796],[3.55645,6.42886],[3.55488,6.42796],[3.55488,6.42615],[3.55645,6.42524],[3.55801,6.42615],[3.55802,6.42796]]]}},{"type":"Feature","properties":{"minutes":31.55,"people":1362,"clinic_min":24.56,"school_min":38.54,"k_clinic":5,"k_school":5,"within_15":0,"off_street":0,"ward":"Igbo-Efon\u2013Maiyegun","lga":"Eti Osa","place":"Okun Ajah","place_m":123},"geometry":{"type":"Polygon","coordinates":[[[3.56115,6.42795],[3.55958,6.42886],[3.55802,6.42796],[3.55801,6.42615],[3.55958,6.42524],[3.56115,6.42614],[3.56115,6.42795]]]}},{"type":"Feature","properties":{"minutes":34.93,"people":478,"clinic_min":28.11,"school_min":41.75,"k_clinic":5,"k_school":5,"within_15":0,"off_street":0,"ward":"Igbo-Efon\u2013Maiyegun","lga":"Eti Osa","place":"Okun Ajah","place_m":459},"geometry":{"type":"Polygon","coordinates":[[[3.56428,6.42795],[3.56272,6.42885],[3.56115,6.42795],[3.56115,6.42614],[3.56271,6.42524],[3.56428,6.42614],[3.56428,6.42795]]]}},{"type":"Feature","properties":{"minutes":35.75,"people":1232,"clinic_min":28.71,"school_min":42.8,"k_clinic":5,"k_school":5,"within_15":0,"off_street":0,"ward":"Okun Ajah\u2013Okunmopo","lga":"Eti Osa","place":"Okun Ajah","place_m":804},"geometry":{"type":"Polygon","coordinates":[[[3.56741,6.42794],[3.56585,6.42885],[3.56428,6.42795],[3.56428,6.42614],[3.56584,6.42523],[3.56741,6.42614],[3.56741,6.42794]]]}},{"type":"Feature","properties":{"minutes":46.86,"people":1311,"clinic_min":43.4,"school_min":50.32,"k_clinic":5,"k_school":5,"within_15":0,"off_street":0,"ward":"Okun Ajah\u2013Okunmopo","lga":"Eti Osa","place":"Okun Ajah","place_m":1150},"geometry":{"type":"Polygon","coordinates":[[[3.57055,6.42794],[3.56898,6.42885],[3.56741,6.42794],[3.56741,6.42614],[3.56898,6.42523],[3.57054,6.42613],[3.57055,6.42794]]]}},{"type":"Feature","properties":{"minutes":48.63,"people":970,"clinic_min":47.99,"school_min":49.27,"k_clinic":5,"k_school":5,"within_15":0,"off_street":0,"ward":"Okun Ajah\u2013Okunmopo","lga":"Eti Osa","place":"Okunaja","place_m":1190},"geometry":{"type":"Polygon","coordinates":[[[3.57368,6.42794],[3.57211,6.42884],[3.57055,6.42794],[3.57054,6.42613],[3.57211,6.42523],[3.57368,6.42613],[3.57368,6.42794]]]}},{"type":"Feature","properties":{"minutes":52.61,"people":1604,"clinic_min":52.93,"school_min":52.29,"k_clinic":5,"k_school":5,"within_15":0,"off_street":0,"ward":"Okun Ajah\u2013Okunmopo","lga":"Eti Osa","place":"Okunaja","place_m":860},"geometry":{"type":"Polygon","coordinates":[[[3.57681,6.42793],[3.57525,6.42884],[3.57368,6.42794],[3.57368,6.42613],[3.57524,6.42522],[3.57681,6.42613],[3.57681,6.42793]]]}},{"type":"Feature","properties":{"minutes":53.0,"people":1240,"clinic_min":54.23,"school_min":51.76,"k_clinic":5,"k_school":5,"within_15":0,"off_street":0,"ward":"Okun Ajah\u2013Okunmopo","lga":"Eti Osa","place":"Okunaja","place_m":549},"geometry":{"type":"Polygon","coordinates":[[[3.57994,6.42793],[3.57838,6.42884],[3.57681,6.42793],[3.57681,6.42613],[3.57837,6.42522],[3.57994,6.42612],[3.57994,6.42793]]]}},{"type":"Feature","properties":{"minutes":54.01,"people":1300,"clinic_min":55.93,"school_min":52.1,"k_clinic":5,"k_school":5,"within_15":0,"off_street":0,"ward":"Okun Ajah\u2013Okunmopo","lga":"Eti Osa","place":"Okunaja","place_m":322},"geometry":{"type":"Polygon","coordinates":[[[3.58308,6.42793],[3.58151,6.42883],[3.57994,6.42793],[3.57994,6.42612],[3.58151,6.42522],[3.58307,6.42612],[3.58308,6.42793]]]}},{"type":"Feature","properties":{"minutes":56.39,"people":1554,"clinic_min":59.28,"school_min":53.5,"k_clinic":5,"k_school":5,"within_15":0,"off_street":0,"ward":"Okun Ajah\u2013Okunmopo","lga":"Eti Osa","place":"Okun Ajah","place_m":83},"geometry":{"type":"Polygon","coordinates":[[[3.58621,6.42792],[3.58464,6.42883],[3.58308,6.42793],[3.58307,6.42612],[3.58464,6.42521],[3.58621,6.42611],[3.58621,6.42792]]]}},{"type":"Feature","properties":{"minutes":60.91,"people":1329,"clinic_min":63.84,"school_min":57.98,"k_clinic":5,"k_school":5,"within_15":0,"off_street":0,"ward":"Okun Ajah\u2013Okunmopo","lga":"Eti Osa","place":"Okun Ajah","place_m":287},"geometry":{"type":"Polygon","coordinates":[[[3.58934,6.42792],[3.58778,6.42883],[3.58621,6.42792],[3.58621,6.42611],[3.58777,6.42521],[3.58934,6.42611],[3.58934,6.42792]]]}},{"type":"Feature","properties":{"minutes":60.45,"people":1108,"clinic_min":63.19,"school_min":57.7,"k_clinic":5,"k_school":5,"within_15":0,"off_street":0,"ward":"Okun Ajah\u2013Okunmopo","lga":"Eti Osa","place":"Okun Ajah","place_m":631},"geometry":{"type":"Polygon","coordinates":[[[3.59247,6.42792],[3.59091,6.42882],[3.58934,6.42792],[3.58934,6.42611],[3.5909,6.4252],[3.59247,6.42611],[3.59247,6.42792]]]}},{"type":"Feature","properties":{"minutes":60.1,"people":1074,"clinic_min":61.93,"school_min":58.26,"k_clinic":5,"k_school":5,"within_15":0,"off_street":0,"ward":"Okun Ajah\u2013Okunmopo","lga":"Eti Osa","place":"Okun Ajah Baales Palace","place_m":569},"geometry":{"type":"Polygon","coordinates":[[[3.59561,6.42791],[3.59404,6.42882],[3.59247,6.42792],[3.59247,6.42611],[3.59404,6.4252],[3.5956,6.4261],[3.59561,6.42791]]]}},{"type":"Feature","properties":{"minutes":62.5,"people":1023,"clinic_min":64.33,"school_min":60.67,"k_clinic":5,"k_school":5,"within_15":0,"off_street":0,"ward":"Okun Ajah\u2013Okunmopo","lga":"Eti Osa","place":"Okun Ajah Baales Palace","place_m":287},"geometry":{"type":"Polygon","coordinates":[[[3.59874,6.42791],[3.59717,6.42882],[3.59561,6.42791],[3.5956,6.4261],[3.59717,6.4252],[3.59874,6.4261],[3.59874,6.42791]]]}},{"type":"Feature","properties":{"minutes":65.13,"people":1090,"clinic_min":66.96,"school_min":63.3,"k_clinic":5,"k_school":5,"within_15":0,"off_street":0,"ward":"Okun Ajah\u2013Okunmopo","lga":"Eti Osa","place":"Okun Ajah Baales Palace","place_m":285},"geometry":{"type":"Polygon","coordinates":[[[3.60187,6.42791],[3.60031,6.42881],[3.59874,6.42791],[3.59874,6.4261],[3.6003,6.42519],[3.60187,6.4261],[3.60187,6.42791]]]}},{"type":"Feature","properties":{"minutes":67.73,"people":912,"clinic_min":69.56,"school_min":65.9,"k_clinic":5,"k_school":5,"within_15":0,"off_street":0,"ward":"Okun Ajah\u2013Okunmopo","lga":"Eti Osa","place":"Okun Ajah Baales Palace","place_m":566},"geometry":{"type":"Polygon","coordinates":[[[3.605,6.4279],[3.60344,6.42881],[3.60187,6.42791],[3.60187,6.4261],[3.60343,6.42519],[3.605,6.42609],[3.605,6.4279]]]}},{"type":"Feature","properties":{"minutes":69.59,"people":549,"clinic_min":71.42,"school_min":67.76,"k_clinic":5,"k_school":5,"within_15":0,"off_street":0,"ward":"Okun Ajah\u2013Okunmopo","lga":"Eti Osa","place":"Okun Ajah Baales Palace","place_m":894},"geometry":{"type":"Polygon","coordinates":[[[3.60814,6.4279],[3.60657,6.4288],[3.605,6.4279],[3.605,6.42609],[3.60657,6.42519],[3.60813,6.42609],[3.60814,6.4279]]]}},{"type":"Feature","properties":{"minutes":71.46,"people":415,"clinic_min":74.39,"school_min":68.53,"k_clinic":5,"k_school":5,"within_15":0,"off_street":0,"ward":"Okun Ajah\u2013Okunmopo","lga":"Eti Osa","place":"Shakiru Akinlade","place_m":1022},"geometry":{"type":"Polygon","coordinates":[[[3.61127,6.42789],[3.6097,6.4288],[3.60814,6.4279],[3.60813,6.42609],[3.6097,6.42518],[3.61127,6.42609],[3.61127,6.42789]]]}},{"type":"Feature","properties":{"minutes":72.29,"people":480,"clinic_min":76.88,"school_min":67.7,"k_clinic":5,"k_school":5,"within_15":0,"off_street":0,"ward":"Okun Ajah\u2013Okunmopo","lga":"Eti Osa","place":"Shakiru Akinlade","place_m":675},"geometry":{"type":"Polygon","coordinates":[[[3.6144,6.42789],[3.61284,6.4288],[3.61127,6.42789],[3.61127,6.42609],[3.61283,6.42518],[3.6144,6.42608],[3.6144,6.42789]]]}},{"type":"Feature","properties":{"minutes":75.49,"people":386,"clinic_min":82.42,"school_min":68.57,"k_clinic":5,"k_school":5,"within_15":0,"off_street":0,"ward":"Okun Ajah\u2013Okunmopo","lga":"Eti Osa","place":"Shakiru Akinlade","place_m":329},"geometry":{"type":"Polygon","coordinates":[[[3.61753,6.42789],[3.61597,6.42879],[3.6144,6.42789],[3.6144,6.42608],[3.61596,6.42517],[3.61753,6.42608],[3.61753,6.42789]]]}},{"type":"Feature","properties":{"minutes":72.46,"people":1522,"clinic_min":79.36,"school_min":65.56,"k_clinic":5,"k_school":5,"within_15":0,"off_street":0,"ward":"Okun Ajah\u2013Okunmopo","lga":"Eti Osa","place":"Shakiru Akinlade","place_m":23},"geometry":{"type":"Polygon","coordinates":[[[3.62067,6.42788],[3.6191,6.42879],[3.61753,6.42789],[3.61753,6.42608],[3.6191,6.42517],[3.62066,6.42607],[3.62067,6.42788]]]}},{"type":"Feature","properties":{"minutes":73.22,"people":1469,"clinic_min":81.66,"school_min":64.79,"k_clinic":5,"k_school":5,"within_15":0,"off_street":0,"ward":"Okun Ajah\u2013Okunmopo","lga":"Eti Osa","place":"Mopo-Akinlade","place_m":118},"geometry":{"type":"Polygon","coordinates":[[[3.6238,6.42788],[3.62223,6.42879],[3.62067,6.42788],[3.62066,6.42607],[3.62223,6.42517],[3.6238,6.42607],[3.6238,6.42788]]]}},{"type":"Feature","properties":{"minutes":74.18,"people":613,"clinic_min":84.52,"school_min":63.84,"k_clinic":5,"k_school":5,"within_15":0,"off_street":0,"ward":"Okun Ajah\u2013Okunmopo","lga":"Eti Osa","place":"Mopo-Akinlade","place_m":453},"geometry":{"type":"Polygon","coordinates":[[[3.62693,6.42788],[3.62537,6.42878],[3.6238,6.42788],[3.6238,6.42607],[3.62536,6.42516],[3.62693,6.42607],[3.62693,6.42788]]]}},{"type":"Feature","properties":{"minutes":78.84,"people":625,"clinic_min":89.03,"school_min":68.64,"k_clinic":5,"k_school":5,"within_15":0,"off_street":0,"ward":"Okun Ajah\u2013Okunmopo","lga":"Eti Osa","place":"Mopo-Akinlade","place_m":797},"geometry":{"type":"Polygon","coordinates":[[[3.63006,6.42787],[3.6285,6.42878],[3.62693,6.42788],[3.62693,6.42607],[3.62849,6.42516],[3.63006,6.42606],[3.63006,6.42787]]]}},{"type":"Feature","properties":{"minutes":8.7,"people":6,"clinic_min":17.4,"school_min":0.0,"k_clinic":5,"k_school":5,"within_15":1,"off_street":1,"ward":"Abraham Adesanya","lga":"Apapa","place":"Kirikiri Depot Sea","place_m":621},"geometry":{"type":"Polygon","coordinates":[[[3.33717,6.43086],[3.33561,6.43177],[3.33404,6.43086],[3.33404,6.42905],[3.3356,6.42815],[3.33717,6.42905],[3.33717,6.43086]]]}},{"type":"Feature","properties":{"minutes":8.7,"people":307,"clinic_min":17.4,"school_min":0.0,"k_clinic":5,"k_school":5,"within_15":1,"off_street":0,"ward":"Abraham Adesanya","lga":"Apapa","place":"Kirikiri Depot Sea","place_m":801},"geometry":{"type":"Polygon","coordinates":[[[3.3403,6.43086],[3.33874,6.43177],[3.33717,6.43086],[3.33717,6.42905],[3.33874,6.42815],[3.3403,6.42905],[3.3403,6.43086]]]}},{"type":"Feature","properties":{"minutes":13.01,"people":153,"clinic_min":16.65,"school_min":9.38,"k_clinic":5,"k_school":5,"within_15":1,"off_street":0,"ward":"Abraham Adesanya","lga":"Apapa","place":"Kirikiri Depot Sea","place_m":1067},"geometry":{"type":"Polygon","coordinates":[[[3.34344,6.43086],[3.34187,6.43176],[3.3403,6.43086],[3.3403,6.42905],[3.34187,6.42815],[3.34344,6.42905],[3.34344,6.43086]]]}},{"type":"Feature","properties":{"minutes":12.69,"people":193,"clinic_min":16.33,"school_min":9.06,"k_clinic":5,"k_school":5,"within_15":1,"off_street":1,"ward":"Abraham Adesanya","lga":"Apapa","place":"Tomaro","place_m":1037},"geometry":{"type":"Polygon","coordinates":[[[3.34657,6.43086],[3.345,6.43176],[3.34344,6.43086],[3.34344,6.42905],[3.345,6.42814],[3.34657,6.42905],[3.34657,6.43086]]]}},{"type":"Feature","properties":{"minutes":13.67,"people":154,"clinic_min":19.47,"school_min":7.87,"k_clinic":5,"k_school":5,"within_15":1,"off_street":1,"ward":"Abraham Adesanya","lga":"Apapa","place":"Tomaro","place_m":902},"geometry":{"type":"Polygon","coordinates":[[[3.3497,6.43085],[3.34814,6.43176],[3.34657,6.43086],[3.34657,6.42905],[3.34813,6.42814],[3.3497,6.42904],[3.3497,6.43085]]]}},{"type":"Feature","properties":{"minutes":12.52,"people":66,"clinic_min":19.48,"school_min":5.57,"k_clinic":5,"k_school":5,"within_15":1,"off_street":1,"ward":"Abraham Adesanya","lga":"Apapa","place":"Tomaro","place_m":891},"geometry":{"type":"Polygon","coordinates":[[[3.35283,6.43085],[3.35127,6.43176],[3.3497,6.43085],[3.3497,6.42904],[3.35127,6.42814],[3.35283,6.42904],[3.35283,6.43085]]]}},{"type":"Feature","properties":{"minutes":9.64,"people":15,"clinic_min":17.35,"school_min":1.92,"k_clinic":5,"k_school":5,"within_15":1,"off_street":1,"ward":"Abraham Adesanya","lga":"Apapa","place":"Itun Agan","place_m":585},"geometry":{"type":"Polygon","coordinates":[[[3.3591,6.43085],[3.35753,6.43175],[3.35597,6.43085],[3.35597,6.42904],[3.35753,6.42813],[3.3591,6.42904],[3.3591,6.43085]]]}},{"type":"Feature","properties":{"minutes":9.4,"people":40,"clinic_min":18.79,"school_min":0.0,"k_clinic":5,"k_school":5,"within_15":1,"off_street":1,"ward":"Abraham Adesanya","lga":"Apapa","place":"Itun Agan","place_m":455},"geometry":{"type":"Polygon","coordinates":[[[3.36223,6.43084],[3.36067,6.43175],[3.3591,6.43085],[3.3591,6.42904],[3.36066,6.42813],[3.36223,6.42904],[3.36223,6.43084]]]}},{"type":"Feature","properties":{"minutes":13.82,"people":314,"clinic_min":15.66,"school_min":11.98,"k_clinic":5,"k_school":5,"within_15":1,"off_street":1,"ward":"Abraham Adesanya","lga":"Apapa","place":"Irede","place_m":291},"geometry":{"type":"Polygon","coordinates":[[[3.37163,6.43084],[3.37006,6.43174],[3.3685,6.43084],[3.3685,6.42903],[3.37006,6.42813],[3.37163,6.42903],[3.37163,6.43084]]]}},{"type":"Feature","properties":{"minutes":13.82,"people":2339,"clinic_min":15.66,"school_min":11.98,"k_clinic":5,"k_school":5,"within_15":1,"off_street":1,"ward":"Abraham Adesanya","lga":"Apapa","place":"Irede","place_m":56},"geometry":{"type":"Polygon","coordinates":[[[3.37476,6.43084],[3.3732,6.43174],[3.37163,6.43084],[3.37163,6.42903],[3.37319,6.42812],[3.37476,6.42903],[3.37476,6.43084]]]}},{"type":"Feature","properties":{"minutes":9.56,"people":2184,"clinic_min":11.11,"school_min":8.0,"k_clinic":5,"k_school":5,"within_15":1,"off_street":1,"ward":"Abraham Adesanya","lga":"Apapa","place":"Irede","place_m":402},"geometry":{"type":"Polygon","coordinates":[[[3.3779,6.43083],[3.37633,6.43174],[3.37476,6.43084],[3.37476,6.42903],[3.37633,6.42812],[3.37789,6.42902],[3.3779,6.43083]]]}},{"type":"Feature","properties":{"minutes":9.56,"people":3761,"clinic_min":11.11,"school_min":8.0,"k_clinic":5,"k_school":5,"within_15":1,"off_street":1,"ward":"Abraham Adesanya","lga":"Apapa","place":"Ilado","place_m":266},"geometry":{"type":"Polygon","coordinates":[[[3.38103,6.43083],[3.37946,6.43174],[3.3779,6.43083],[3.37789,6.42902],[3.37946,6.42812],[3.38103,6.42902],[3.38103,6.43083]]]}},{"type":"Feature","properties":{"minutes":26.04,"people":23,"clinic_min":27.68,"school_min":24.41,"k_clinic":5,"k_school":5,"within_15":0,"off_street":1,"ward":"Abraham Adesanya","lga":"Apapa","place":"Ilado","place_m":426},"geometry":{"type":"Polygon","coordinates":[[[3.38416,6.43083],[3.38259,6.43173],[3.38103,6.43083],[3.38103,6.42902],[3.38259,6.42812],[3.38416,6.42902],[3.38416,6.43083]]]}},{"type":"Feature","properties":{"minutes":28.9,"people":445,"clinic_min":30.54,"school_min":27.26,"k_clinic":5,"k_school":5,"within_15":0,"off_street":1,"ward":"Abraham Adesanya","lga":"Apapa","place":"Ilado","place_m":730},"geometry":{"type":"Polygon","coordinates":[[[3.38729,6.43083],[3.38573,6.43173],[3.38416,6.43083],[3.38416,6.42902],[3.38572,6.42811],[3.38729,6.42902],[3.38729,6.43083]]]}},{"type":"Feature","properties":{"minutes":32.11,"people":378,"clinic_min":33.75,"school_min":30.47,"k_clinic":5,"k_school":5,"within_15":0,"off_street":1,"ward":"Abraham Adesanya","lga":"Apapa","place":"Ogogoro","place_m":673},"geometry":{"type":"Polygon","coordinates":[[[3.39043,6.43082],[3.38886,6.43173],[3.38729,6.43083],[3.38729,6.42902],[3.38886,6.42811],[3.39042,6.42902],[3.39043,6.43082]]]}},{"type":"Feature","properties":{"minutes":34.43,"people":153,"clinic_min":36.07,"school_min":32.8,"k_clinic":5,"k_school":5,"within_15":0,"off_street":1,"ward":"Abraham Adesanya","lga":"Apapa","place":"Ogogoro","place_m":585},"geometry":{"type":"Polygon","coordinates":[[[3.39669,6.43082],[3.39513,6.43173],[3.39356,6.43082],[3.39356,6.42901],[3.39512,6.42811],[3.39669,6.42901],[3.39669,6.43082]]]}},{"type":"Feature","properties":{"minutes":12.28,"people":488,"clinic_min":15.45,"school_min":9.11,"k_clinic":5,"k_school":5,"within_15":1,"off_street":0,"ward":"Tarkwa Bay","lga":"Eti Osa","place":"Ahmadu Bello Way","place_m":818},"geometry":{"type":"Polygon","coordinates":[[[3.40922,6.43081],[3.40766,6.43172],[3.40609,6.43081],[3.40609,6.429],[3.40765,6.4281],[3.40922,6.429],[3.40922,6.43081]]]}},{"type":"Feature","properties":{"minutes":10.22,"people":783,"clinic_min":11.73,"school_min":8.71,"k_clinic":5,"k_school":5,"within_15":1,"off_street":0,"ward":"Victoria Island","lga":"Eti Osa","place":"Ahmadu Bello Way","place_m":810},"geometry":{"type":"Polygon","coordinates":[[[3.41235,6.43081],[3.41079,6.43171],[3.40922,6.43081],[3.40922,6.429],[3.41079,6.42809],[3.41235,6.429],[3.41235,6.43081]]]}},{"type":"Feature","properties":{"minutes":12.58,"people":821,"clinic_min":11.93,"school_min":13.23,"k_clinic":5,"k_school":5,"within_15":1,"off_street":0,"ward":"Victoria Island","lga":"Eti Osa","place":"Ahmadu Bello Way","place_m":939},"geometry":{"type":"Polygon","coordinates":[[[3.41549,6.4308],[3.41392,6.43171],[3.41235,6.43081],[3.41235,6.429],[3.41392,6.42809],[3.41549,6.429],[3.41549,6.4308]]]}},{"type":"Feature","properties":{"minutes":13.33,"people":631,"clinic_min":11.93,"school_min":14.72,"k_clinic":5,"k_school":5,"within_15":1,"off_street":0,"ward":"Victoria Island","lga":"Eti Osa","place":"Ozumba Way","place_m":913},"geometry":{"type":"Polygon","coordinates":[[[3.41862,6.4308],[3.41705,6.43171],[3.41549,6.4308],[3.41549,6.429],[3.41705,6.42809],[3.41862,6.42899],[3.41862,6.4308]]]}},{"type":"Feature","properties":{"minutes":13.83,"people":843,"clinic_min":11.35,"school_min":16.31,"k_clinic":5,"k_school":5,"within_15":1,"off_street":0,"ward":"Victoria Island","lga":"Eti Osa","place":"Victoria Island","place_m":642},"geometry":{"type":"Polygon","coordinates":[[[3.42175,6.4308],[3.42019,6.43171],[3.41862,6.4308],[3.41862,6.42899],[3.42018,6.42809],[3.42175,6.42899],[3.42175,6.4308]]]}},{"type":"Feature","properties":{"minutes":13.63,"people":565,"clinic_min":10.5,"school_min":16.76,"k_clinic":5,"k_school":5,"within_15":1,"off_street":0,"ward":"Victoria Island","lga":"Eti Osa","place":"Victoria Island","place_m":296},"geometry":{"type":"Polygon","coordinates":[[[3.42488,6.4308],[3.42332,6.4317],[3.42175,6.4308],[3.42175,6.42899],[3.42332,6.42808],[3.42488,6.42899],[3.42488,6.4308]]]}},{"type":"Feature","properties":{"minutes":9.73,"people":1139,"clinic_min":7.28,"school_min":12.17,"k_clinic":5,"k_school":5,"within_15":1,"off_street":0,"ward":"Kuramo School\u2013Lekki","lga":"Eti Osa","place":"Victoria Island","place_m":53},"geometry":{"type":"Polygon","coordinates":[[[3.42802,6.43079],[3.42645,6.4317],[3.42488,6.4308],[3.42488,6.42899],[3.42645,6.42808],[3.42802,6.42898],[3.42802,6.43079]]]}},{"type":"Feature","properties":{"minutes":7.9,"people":774,"clinic_min":7.79,"school_min":8.0,"k_clinic":5,"k_school":5,"within_15":1,"off_street":0,"ward":"Kuramo School\u2013Lekki","lga":"Eti Osa","place":"Olosa","place_m":245},"geometry":{"type":"Polygon","coordinates":[[[3.43115,6.43079],[3.42958,6.4317],[3.42802,6.43079],[3.42802,6.42898],[3.42958,6.42808],[3.43115,6.42898],[3.43115,6.43079]]]}},{"type":"Feature","properties":{"minutes":12.05,"people":1209,"clinic_min":10.64,"school_min":13.46,"k_clinic":5,"k_school":5,"within_15":1,"off_street":0,"ward":"Apese\u20136 Extension","lga":"Eti Osa","place":"Itirin","place_m":386},"geometry":{"type":"Polygon","coordinates":[[[3.43428,6.43079],[3.43272,6.43169],[3.43115,6.43079],[3.43115,6.42898],[3.43271,6.42808],[3.43428,6.42898],[3.43428,6.43079]]]}},{"type":"Feature","properties":{"minutes":10.45,"people":1354,"clinic_min":8.4,"school_min":12.51,"k_clinic":5,"k_school":5,"within_15":1,"off_street":0,"ward":"Apese\u20136 Extension","lga":"Eti Osa","place":"Iru","place_m":453},"geometry":{"type":"Polygon","coordinates":[[[3.43741,6.43079],[3.43585,6.43169],[3.43428,6.43079],[3.43428,6.42898],[3.43585,6.42807],[3.43741,6.42898],[3.43741,6.43079]]]}},{"type":"Feature","properties":{"minutes":9.28,"people":1141,"clinic_min":7.42,"school_min":11.13,"k_clinic":5,"k_school":5,"within_15":1,"off_street":0,"ward":"Apese\u20136 Extension","lga":"Eti Osa","place":"Iru","place_m":396},"geometry":{"type":"Polygon","coordinates":[[[3.44055,6.43078],[3.43898,6.43169],[3.43741,6.43079],[3.43741,6.42898],[3.43898,6.42807],[3.44055,6.42897],[3.44055,6.43078]]]}},{"type":"Feature","properties":{"minutes":9.01,"people":611,"clinic_min":7.11,"school_min":10.9,"k_clinic":5,"k_school":5,"within_15":1,"off_street":0,"ward":"Apese\u20136 Extension","lga":"Eti Osa","place":"Dideolu Estate","place_m":361},"geometry":{"type":"Polygon","coordinates":[[[3.44368,6.43078],[3.44211,6.43169],[3.44055,6.43078],[3.44055,6.42897],[3.44211,6.42807],[3.44368,6.42897],[3.44368,6.43078]]]}},{"type":"Feature","properties":{"minutes":9.81,"people":918,"clinic_min":7.13,"school_min":12.5,"k_clinic":5,"k_school":5,"within_15":1,"off_street":0,"ward":"Apese\u20136 Extension","lga":"Eti Osa","place":"Dideolu Estate","place_m":488},"geometry":{"type":"Polygon","coordinates":[[[3.44681,6.43078],[3.44525,6.43168],[3.44368,6.43078],[3.44368,6.42897],[3.44524,6.42807],[3.44681,6.42897],[3.44681,6.43078]]]}},{"type":"Feature","properties":{"minutes":13.39,"people":928,"clinic_min":10.98,"school_min":15.8,"k_clinic":5,"k_school":5,"within_15":1,"off_street":0,"ward":"Apese\u20136 Extension","lga":"Eti Osa","place":"Oniru Palace","place_m":189},"geometry":{"type":"Polygon","coordinates":[[[3.44995,6.43078],[3.44838,6.43168],[3.44681,6.43078],[3.44681,6.42897],[3.44838,6.42806],[3.44994,6.42897],[3.44995,6.43078]]]}},{"type":"Feature","properties":{"minutes":15.35,"people":1231,"clinic_min":14.28,"school_min":16.42,"k_clinic":5,"k_school":5,"within_15":0,"off_street":0,"ward":"Apese\u20136 Extension","lga":"Eti Osa","place":"Oniru Palace","place_m":159},"geometry":{"type":"Polygon","coordinates":[[[3.45308,6.43077],[3.45151,6.43168],[3.44995,6.43078],[3.44994,6.42897],[3.45151,6.42806],[3.45308,6.42896],[3.45308,6.43077]]]}},{"type":"Feature","properties":{"minutes":15.82,"people":1379,"clinic_min":16.02,"school_min":15.62,"k_clinic":5,"k_school":5,"within_15":0,"off_street":0,"ward":"Apese\u20136 Extension","lga":"Eti Osa","place":"Oniru Palace","place_m":505},"geometry":{"type":"Polygon","coordinates":[[[3.45621,6.43077],[3.45464,6.43168],[3.45308,6.43077],[3.45308,6.42896],[3.45464,6.42806],[3.45621,6.42896],[3.45621,6.43077]]]}},{"type":"Feature","properties":{"minutes":16.89,"people":1425,"clinic_min":18.2,"school_min":15.57,"k_clinic":5,"k_school":5,"within_15":0,"off_street":0,"ward":"Ilasan\u2013Orile","lga":"Eti Osa","place":"Oniru Palace","place_m":851},"geometry":{"type":"Polygon","coordinates":[[[3.45934,6.43077],[3.45778,6.43167],[3.45621,6.43077],[3.45621,6.42896],[3.45777,6.42805],[3.45934,6.42896],[3.45934,6.43077]]]}},{"type":"Feature","properties":{"minutes":15.67,"people":934,"clinic_min":18.97,"school_min":12.36,"k_clinic":5,"k_school":5,"within_15":0,"off_street":0,"ward":"Ilasan\u2013Orile","lga":"Eti Osa","place":"Ilado","place_m":663},"geometry":{"type":"Polygon","coordinates":[[[3.46248,6.43076],[3.46091,6.43167],[3.45934,6.43077],[3.45934,6.42896],[3.46091,6.42805],[3.46247,6.42895],[3.46248,6.43076]]]}},{"type":"Feature","properties":{"minutes":14.45,"people":702,"clinic_min":19.46,"school_min":9.43,"k_clinic":5,"k_school":5,"within_15":1,"off_street":0,"ward":"Ilasan\u2013Orile","lga":"Eti Osa","place":"Ilado","place_m":335},"geometry":{"type":"Polygon","coordinates":[[[3.46561,6.43076],[3.46404,6.43167],[3.46248,6.43076],[3.46247,6.42895],[3.46404,6.42805],[3.46561,6.42895],[3.46561,6.43076]]]}},{"type":"Feature","properties":{"minutes":11.89,"people":661,"clinic_min":16.94,"school_min":6.85,"k_clinic":5,"k_school":5,"within_15":1,"off_street":0,"ward":"Ilasan\u2013Orile","lga":"Eti Osa","place":"Ilado","place_m":158},"geometry":{"type":"Polygon","coordinates":[[[3.46874,6.43076],[3.46718,6.43166],[3.46561,6.43076],[3.46561,6.42895],[3.46717,6.42805],[3.46874,6.42895],[3.46874,6.43076]]]}},{"type":"Feature","properties":{"minutes":13.81,"people":761,"clinic_min":18.51,"school_min":9.12,"k_clinic":5,"k_school":5,"within_15":1,"off_street":0,"ward":"Ilasan\u2013Orile","lga":"Eti Osa","place":"Maruwa","place_m":319},"geometry":{"type":"Polygon","coordinates":[[[3.47187,6.43076],[3.47031,6.43166],[3.46874,6.43076],[3.46874,6.42895],[3.4703,6.42804],[3.47187,6.42895],[3.47187,6.43076]]]}},{"type":"Feature","properties":{"minutes":14.36,"people":1040,"clinic_min":18.12,"school_min":10.6,"k_clinic":5,"k_school":5,"within_15":1,"off_street":0,"ward":"Ilasan\u2013Orile","lga":"Eti Osa","place":"Maruwa","place_m":588},"geometry":{"type":"Polygon","coordinates":[[[3.47501,6.43075],[3.47344,6.43166],[3.47187,6.43076],[3.47187,6.42895],[3.47344,6.42804],[3.475,6.42894],[3.47501,6.43075]]]}},{"type":"Feature","properties":{"minutes":15.07,"people":1090,"clinic_min":19.26,"school_min":10.88,"k_clinic":5,"k_school":5,"within_15":0,"off_street":0,"ward":"Ilasan\u2013Orile","lga":"Eti Osa","place":"Elegushin","place_m":555},"geometry":{"type":"Polygon","coordinates":[[[3.47814,6.43075],[3.47657,6.43166],[3.47501,6.43075],[3.475,6.42894],[3.47657,6.42804],[3.47814,6.42894],[3.47814,6.43075]]]}},{"type":"Feature","properties":{"minutes":15.14,"people":1002,"clinic_min":17.5,"school_min":12.78,"k_clinic":5,"k_school":5,"within_15":0,"off_street":0,"ward":"Ilasan\u2013Orile","lga":"Eti Osa","place":"Elegushin","place_m":212},"geometry":{"type":"Polygon","coordinates":[[[3.48127,6.43075],[3.47971,6.43165],[3.47814,6.43075],[3.47814,6.42894],[3.4797,6.42803],[3.48127,6.42894],[3.48127,6.43075]]]}},{"type":"Feature","properties":{"minutes":17.52,"people":738,"clinic_min":16.83,"school_min":18.21,"k_clinic":5,"k_school":5,"within_15":0,"off_street":0,"ward":"Ilasan\u2013Orile","lga":"Eti Osa","place":"Elegushin","place_m":146},"geometry":{"type":"Polygon","coordinates":[[[3.4844,6.43074],[3.48284,6.43165],[3.48127,6.43075],[3.48127,6.42894],[3.48283,6.42803],[3.4844,6.42893],[3.4844,6.43074]]]}},{"type":"Feature","properties":{"minutes":18.73,"people":845,"clinic_min":18.27,"school_min":19.2,"k_clinic":5,"k_school":5,"within_15":0,"off_street":0,"ward":"Ilasan\u2013Orile","lga":"Eti Osa","place":"Ikate","place_m":424},"geometry":{"type":"Polygon","coordinates":[[[3.48754,6.43074],[3.48597,6.43165],[3.4844,6.43074],[3.4844,6.42893],[3.48597,6.42803],[3.48753,6.42893],[3.48754,6.43074]]]}},{"type":"Feature","properties":{"minutes":18.89,"people":1155,"clinic_min":19.23,"school_min":18.56,"k_clinic":5,"k_school":5,"within_15":0,"off_street":0,"ward":"Ilasan\u2013Orile","lga":"Eti Osa","place":"Elegusi Beach Way","place_m":358},"geometry":{"type":"Polygon","coordinates":[[[3.49067,6.43074],[3.4891,6.43164],[3.48754,6.43074],[3.48753,6.42893],[3.4891,6.42803],[3.49067,6.42893],[3.49067,6.43074]]]}},{"type":"Feature","properties":{"minutes":20.02,"people":868,"clinic_min":20.4,"school_min":19.63,"k_clinic":5,"k_school":5,"within_15":0,"off_street":0,"ward":"Ilasan\u2013Orile","lga":"Eti Osa","place":"Orile Ilasan","place_m":328},"geometry":{"type":"Polygon","coordinates":[[[3.4938,6.43073],[3.49224,6.43164],[3.49067,6.43074],[3.49067,6.42893],[3.49223,6.42802],[3.4938,6.42893],[3.4938,6.43073]]]}},{"type":"Feature","properties":{"minutes":17.62,"people":1236,"clinic_min":18.3,"school_min":16.95,"k_clinic":5,"k_school":5,"within_15":0,"off_street":0,"ward":"Ilasan\u2013Orile","lga":"Eti Osa","place":"Orile Ilasan","place_m":36},"geometry":{"type":"Polygon","coordinates":[[[3.49693,6.43073],[3.49537,6.43164],[3.4938,6.43073],[3.4938,6.42893],[3.49536,6.42802],[3.49693,6.42892],[3.49693,6.43073]]]}},{"type":"Feature","properties":{"minutes":15.73,"people":1112,"clinic_min":16.66,"school_min":14.8,"k_clinic":5,"k_school":5,"within_15":0,"off_street":0,"ward":"Ilasan\u2013Orile","lga":"Eti Osa","place":"Iroko Awe","place_m":129},"geometry":{"type":"Polygon","coordinates":[[[3.50007,6.43073],[3.4985,6.43163],[3.49693,6.43073],[3.49693,6.42892],[3.4985,6.42802],[3.50006,6.42892],[3.50007,6.43073]]]}},{"type":"Feature","properties":{"minutes":11.7,"people":1339,"clinic_min":12.72,"school_min":10.67,"k_clinic":5,"k_school":5,"within_15":1,"off_street":0,"ward":"Ilasan\u2013Orile","lga":"Eti Osa","place":"Igboefon","place_m":428},"geometry":{"type":"Polygon","coordinates":[[[3.5032,6.43073],[3.50163,6.43163],[3.50007,6.43073],[3.50006,6.42892],[3.50163,6.42801],[3.5032,6.42892],[3.5032,6.43073]]]}},{"type":"Feature","properties":{"minutes":9.88,"people":2848,"clinic_min":10.39,"school_min":9.36,"k_clinic":5,"k_school":5,"within_15":1,"off_street":0,"ward":"Ilasan\u2013Orile","lga":"Eti Osa","place":"Jakande","place_m":623},"geometry":{"type":"Polygon","coordinates":[[[3.50633,6.43072],[3.50477,6.43163],[3.5032,6.43073],[3.5032,6.42892],[3.50476,6.42801],[3.50633,6.42891],[3.50633,6.43072]]]}},{"type":"Feature","properties":{"minutes":13.24,"people":1682,"clinic_min":14.5,"school_min":11.99,"k_clinic":5,"k_school":5,"within_15":1,"off_street":0,"ward":"Ilasan\u2013Orile","lga":"Eti Osa","place":"Jakande","place_m":509},"geometry":{"type":"Polygon","coordinates":[[[3.50946,6.43072],[3.5079,6.43163],[3.50633,6.43072],[3.50633,6.42891],[3.50789,6.42801],[3.50946,6.42891],[3.50946,6.43072]]]}},{"type":"Feature","properties":{"minutes":12.86,"people":1357,"clinic_min":14.16,"school_min":11.56,"k_clinic":5,"k_school":5,"within_15":1,"off_street":0,"ward":"Maroko\u2013Okun Alfa","lga":"Eti Osa","place":"Aro Town","place_m":375},"geometry":{"type":"Polygon","coordinates":[[[3.5126,6.43072],[3.51103,6.43162],[3.50946,6.43072],[3.50946,6.42891],[3.51103,6.428],[3.51259,6.42891],[3.5126,6.43072]]]}},{"type":"Feature","properties":{"minutes":14.83,"people":1007,"clinic_min":17.85,"school_min":11.81,"k_clinic":5,"k_school":5,"within_15":1,"off_street":0,"ward":"Maroko\u2013Okun Alfa","lga":"Eti Osa","place":"Aro Town","place_m":493},"geometry":{"type":"Polygon","coordinates":[[[3.51573,6.43071],[3.51416,6.43162],[3.5126,6.43072],[3.51259,6.42891],[3.51416,6.428],[3.51573,6.4289],[3.51573,6.43071]]]}},{"type":"Feature","properties":{"minutes":12.3,"people":1260,"clinic_min":16.77,"school_min":7.83,"k_clinic":5,"k_school":5,"within_15":1,"off_street":0,"ward":"Maroko\u2013Okun Alfa","lga":"Eti Osa","place":"Olokolo","place_m":729},"geometry":{"type":"Polygon","coordinates":[[[3.51886,6.43071],[3.5173,6.43162],[3.51573,6.43071],[3.51573,6.4289],[3.51729,6.428],[3.51886,6.4289],[3.51886,6.43071]]]}},{"type":"Feature","properties":{"minutes":9.15,"people":862,"clinic_min":14.72,"school_min":3.59,"k_clinic":5,"k_school":5,"within_15":1,"off_street":0,"ward":"Maroko\u2013Okun Alfa","lga":"Eti Osa","place":"Alpha Beach","place_m":677},"geometry":{"type":"Polygon","coordinates":[[[3.52199,6.43071],[3.52043,6.43161],[3.51886,6.43071],[3.51886,6.4289],[3.52043,6.42799],[3.52199,6.4289],[3.52199,6.43071]]]}},{"type":"Feature","properties":{"minutes":12.21,"people":1117,"clinic_min":17.63,"school_min":6.78,"k_clinic":5,"k_school":5,"within_15":1,"off_street":0,"ward":"Maroko\u2013Okun Alfa","lga":"Eti Osa","place":"Alpha Beach","place_m":420},"geometry":{"type":"Polygon","coordinates":[[[3.52513,6.4307],[3.52356,6.43161],[3.52199,6.43071],[3.52199,6.4289],[3.52356,6.42799],[3.52512,6.42889],[3.52513,6.4307]]]}},{"type":"Feature","properties":{"minutes":22.38,"people":239,"clinic_min":26.56,"school_min":18.2,"k_clinic":5,"k_school":5,"within_15":0,"off_street":0,"ward":"Igbo-Efon\u2013Maiyegun","lga":"Eti Osa","place":"Alpha Beach","place_m":367},"geometry":{"type":"Polygon","coordinates":[[[3.52826,6.4307],[3.52669,6.43161],[3.52513,6.4307],[3.52512,6.42889],[3.52669,6.42799],[3.52826,6.42889],[3.52826,6.4307]]]}},{"type":"Feature","properties":{"minutes":22.06,"people":127,"clinic_min":25.92,"school_min":18.2,"k_clinic":5,"k_school":5,"within_15":0,"off_street":0,"ward":"Igbo-Efon\u2013Maiyegun","lga":"Eti Osa","place":"Alpha Beach","place_m":577},"geometry":{"type":"Polygon","coordinates":[[[3.53139,6.4307],[3.52983,6.4316],[3.52826,6.4307],[3.52826,6.42889],[3.52982,6.42799],[3.53139,6.42889],[3.53139,6.4307]]]}},{"type":"Feature","properties":{"minutes":25.77,"people":128,"clinic_min":29.08,"school_min":22.45,"k_clinic":5,"k_school":5,"within_15":0,"off_street":0,"ward":"Igbo-Efon\u2013Maiyegun","lga":"Eti Osa","place":"Okun Alfa","place_m":752},"geometry":{"type":"Polygon","coordinates":[[[3.53452,6.43069],[3.53296,6.4316],[3.53139,6.4307],[3.53139,6.42889],[3.53296,6.42798],[3.53452,6.42888],[3.53452,6.43069]]]}},{"type":"Feature","properties":{"minutes":32.02,"people":9,"clinic_min":37.13,"school_min":26.91,"k_clinic":5,"k_school":5,"within_15":0,"off_street":0,"ward":"Igbo-Efon\u2013Maiyegun","lga":"Eti Osa","place":"Okun Alfa","place_m":1002},"geometry":{"type":"Polygon","coordinates":[[[3.53766,6.43069],[3.53609,6.4316],[3.53452,6.43069],[3.53452,6.42888],[3.53609,6.42798],[3.53765,6.42888],[3.53766,6.43069]]]}},{"type":"Feature","properties":{"minutes":31.15,"people":404,"clinic_min":34.57,"school_min":27.74,"k_clinic":5,"k_school":5,"within_15":0,"off_street":0,"ward":"Igbo-Efon\u2013Maiyegun","lga":"Eti Osa","place":"Nil","place_m":861},"geometry":{"type":"Polygon","coordinates":[[[3.54079,6.43069],[3.53922,6.43159],[3.53766,6.43069],[3.53765,6.42888],[3.53922,6.42798],[3.54079,6.42888],[3.54079,6.43069]]]}},{"type":"Feature","properties":{"minutes":28.32,"people":948,"clinic_min":31.69,"school_min":24.95,"k_clinic":5,"k_school":5,"within_15":0,"off_street":0,"ward":"Igbo-Efon\u2013Maiyegun","lga":"Eti Osa","place":"Nil","place_m":524},"geometry":{"type":"Polygon","coordinates":[[[3.54392,6.43068],[3.54236,6.43159],[3.54079,6.43069],[3.54079,6.42888],[3.54235,6.42797],[3.54392,6.42887],[3.54392,6.43068]]]}},{"type":"Feature","properties":{"minutes":27.31,"people":733,"clinic_min":29.2,"school_min":25.42,"k_clinic":5,"k_school":5,"within_15":0,"off_street":0,"ward":"Igbo-Efon\u2013Maiyegun","lga":"Eti Osa","place":"Nil","place_m":217},"geometry":{"type":"Polygon","coordinates":[[[3.54705,6.43068],[3.54549,6.43159],[3.54392,6.43068],[3.54392,6.42887],[3.54549,6.42797],[3.54705,6.42887],[3.54705,6.43068]]]}},{"type":"Feature","properties":{"minutes":28.08,"people":705,"clinic_min":28.32,"school_min":27.84,"k_clinic":5,"k_school":5,"within_15":0,"off_street":0,"ward":"Igbo-Efon\u2013Maiyegun","lga":"Eti Osa","place":"Light House Estate","place_m":104},"geometry":{"type":"Polygon","coordinates":[[[3.55019,6.43068],[3.54862,6.43158],[3.54705,6.43068],[3.54705,6.42887],[3.54862,6.42797],[3.55019,6.42887],[3.55019,6.43068]]]}},{"type":"Feature","properties":{"minutes":27.7,"people":886,"clinic_min":26.5,"school_min":28.9,"k_clinic":5,"k_school":5,"within_15":0,"off_street":0,"ward":"Igbo-Efon\u2013Maiyegun","lga":"Eti Osa","place":"Light House Estate","place_m":243},"geometry":{"type":"Polygon","coordinates":[[[3.55332,6.43067],[3.55175,6.43158],[3.55019,6.43068],[3.55019,6.42887],[3.55175,6.42796],[3.55332,6.42886],[3.55332,6.43067]]]}},{"type":"Feature","properties":{"minutes":32.58,"people":624,"clinic_min":26.4,"school_min":38.75,"k_clinic":5,"k_school":5,"within_15":0,"off_street":0,"ward":"Igbo-Efon\u2013Maiyegun","lga":"Eti Osa","place":"South Point Estate","place_m":202},"geometry":{"type":"Polygon","coordinates":[[[3.55645,6.43067],[3.55489,6.43158],[3.55332,6.43067],[3.55332,6.42886],[3.55488,6.42796],[3.55645,6.42886],[3.55645,6.43067]]]}},{"type":"Feature","properties":{"minutes":30.24,"people":573,"clinic_min":24.07,"school_min":36.42,"k_clinic":5,"k_school":5,"within_15":0,"off_street":0,"ward":"Igbo-Efon\u2013Maiyegun","lga":"Eti Osa","place":"Okun Ajah","place_m":362},"geometry":{"type":"Polygon","coordinates":[[[3.55958,6.43067],[3.55802,6.43157],[3.55645,6.43067],[3.55645,6.42886],[3.55802,6.42796],[3.55958,6.42886],[3.55958,6.43067]]]}},{"type":"Feature","properties":{"minutes":41.37,"people":222,"clinic_min":36.83,"school_min":45.91,"k_clinic":5,"k_school":5,"within_15":0,"off_street":0,"ward":"Igbo-Efon\u2013Maiyegun","lga":"Eti Osa","place":"Okun Ajah","place_m":454},"geometry":{"type":"Polygon","coordinates":[[[3.56272,6.43066],[3.56115,6.43157],[3.55958,6.43067],[3.55958,6.42886],[3.56115,6.42795],[3.56272,6.42885],[3.56272,6.43066]]]}},{"type":"Feature","properties":{"minutes":37.8,"people":44,"clinic_min":33.26,"school_min":42.34,"k_clinic":5,"k_school":5,"within_15":0,"off_street":0,"ward":"Igbo-Efon\u2013Maiyegun","lga":"Eti Osa","place":"Okun Ajah","place_m":723},"geometry":{"type":"Polygon","coordinates":[[[3.56585,6.43066],[3.56428,6.43157],[3.56272,6.43066],[3.56272,6.42885],[3.56428,6.42795],[3.56585,6.42885],[3.56585,6.43066]]]}},{"type":"Feature","properties":{"minutes":42.7,"people":152,"clinic_min":39.24,"school_min":46.16,"k_clinic":5,"k_school":5,"within_15":0,"off_street":0,"ward":"Ajah","lga":"Eti Osa","place":"Okun Ajah","place_m":1038},"geometry":{"type":"Polygon","coordinates":[[[3.56898,6.43066],[3.56742,6.43156],[3.56585,6.43066],[3.56585,6.42885],[3.56741,6.42794],[3.56898,6.42885],[3.56898,6.43066]]]}},{"type":"Feature","properties":{"minutes":41.51,"people":484,"clinic_min":38.05,"school_min":44.97,"k_clinic":5,"k_school":5,"within_15":0,"off_street":0,"ward":"Ajah","lga":"Eti Osa","place":"Megamound","place_m":1221},"geometry":{"type":"Polygon","coordinates":[[[3.57211,6.43065],[3.57055,6.43156],[3.56898,6.43066],[3.56898,6.42885],[3.57055,6.42794],[3.57211,6.42884],[3.57211,6.43065]]]}},{"type":"Feature","properties":{"minutes":46.05,"people":473,"clinic_min":42.59,"school_min":49.51,"k_clinic":5,"k_school":5,"within_15":0,"off_street":0,"ward":"Okun Ajah\u2013Okunmopo","lga":"Eti Osa","place":"Okunaja","place_m":1149},"geometry":{"type":"Polygon","coordinates":[[[3.57525,6.43065],[3.57368,6.43156],[3.57211,6.43065],[3.57211,6.42884],[3.57368,6.42794],[3.57525,6.42884],[3.57525,6.43065]]]}},{"type":"Feature","properties":{"minutes":49.25,"people":402,"clinic_min":45.79,"school_min":52.71,"k_clinic":5,"k_school":5,"within_15":0,"off_street":0,"ward":"Okun Ajah\u2013Okunmopo","lga":"Eti Osa","place":"Okunaja","place_m":873},"geometry":{"type":"Polygon","coordinates":[[[3.57838,6.43065],[3.57681,6.43155],[3.57525,6.43065],[3.57525,6.42884],[3.57681,6.42793],[3.57838,6.42884],[3.57838,6.43065]]]}},{"type":"Feature","properties":{"minutes":55.68,"people":609,"clinic_min":57.67,"school_min":53.69,"k_clinic":5,"k_school":5,"within_15":0,"off_street":0,"ward":"Okun Ajah\u2013Okunmopo","lga":"Eti Osa","place":"Okunaja","place_m":666},"geometry":{"type":"Polygon","coordinates":[[[3.58151,6.43064],[3.57995,6.43155],[3.57838,6.43065],[3.57838,6.42884],[3.57994,6.42793],[3.58151,6.42883],[3.58151,6.43064]]]}},{"type":"Feature","properties":{"minutes":58.51,"people":469,"clinic_min":61.34,"school_min":55.68,"k_clinic":5,"k_school":5,"within_15":0,"off_street":0,"ward":"Okun Ajah\u2013Okunmopo","lga":"Eti Osa","place":"Okun Ajah","place_m":425},"geometry":{"type":"Polygon","coordinates":[[[3.58464,6.43064],[3.58308,6.43155],[3.58151,6.43064],[3.58151,6.42883],[3.58308,6.42793],[3.58464,6.42883],[3.58464,6.43064]]]}},{"type":"Feature","properties":{"minutes":59.06,"people":491,"clinic_min":62.21,"school_min":55.92,"k_clinic":5,"k_school":5,"within_15":0,"off_street":0,"ward":"Okun Ajah\u2013Okunmopo","lga":"Eti Osa","place":"Okun Ajah","place_m":369},"geometry":{"type":"Polygon","coordinates":[[[3.58778,6.43064],[3.58621,6.43154],[3.58464,6.43064],[3.58464,6.42883],[3.58621,6.42792],[3.58778,6.42883],[3.58778,6.43064]]]}},{"type":"Feature","properties":{"minutes":56.04,"people":562,"clinic_min":57.14,"school_min":54.94,"k_clinic":5,"k_school":5,"within_15":0,"off_street":0,"ward":"Okun Ajah\u2013Okunmopo","lga":"Eti Osa","place":"Okun Ajah","place_m":576},"geometry":{"type":"Polygon","coordinates":[[[3.59091,6.43063],[3.58934,6.43154],[3.58778,6.43064],[3.58778,6.42883],[3.58934,6.42792],[3.59091,6.42882],[3.59091,6.43063]]]}},{"type":"Feature","properties":{"minutes":60.62,"people":770,"clinic_min":62.17,"school_min":59.07,"k_clinic":5,"k_school":5,"within_15":0,"off_street":0,"ward":"Okun Ajah\u2013Okunmopo","lga":"Eti Osa","place":"Okun Ajah Baales Palace","place_m":698},"geometry":{"type":"Polygon","coordinates":[[[3.59404,6.43063],[3.59248,6.43153],[3.59091,6.43063],[3.59091,6.42882],[3.59247,6.42792],[3.59404,6.42882],[3.59404,6.43063]]]}},{"type":"Feature","properties":{"minutes":67.73,"people":348,"clinic_min":69.56,"school_min":65.9,"k_clinic":5,"k_school":5,"within_15":0,"off_street":0,"ward":"Okun Ajah\u2013Okunmopo","lga":"Eti Osa","place":"Okun Ajah Baales Palace","place_m":355},"geometry":{"type":"Polygon","coordinates":[[[3.59717,6.43062],[3.59561,6.43153],[3.59404,6.43063],[3.59404,6.42882],[3.59561,6.42791],[3.59717,6.42882],[3.59717,6.43062]]]}},{"type":"Feature","properties":{"minutes":69.91,"people":343,"clinic_min":71.74,"school_min":68.08,"k_clinic":5,"k_school":5,"within_15":0,"off_street":0,"ward":"Okun Ajah\u2013Okunmopo","lga":"Eti Osa","place":"Okun Ajah Baales Palace","place_m":72},"geometry":{"type":"Polygon","coordinates":[[[3.60031,6.43062],[3.59874,6.43153],[3.59717,6.43062],[3.59717,6.42882],[3.59874,6.42791],[3.60031,6.42881],[3.60031,6.43062]]]}},{"type":"Feature","properties":{"minutes":71.11,"people":349,"clinic_min":72.94,"school_min":69.28,"k_clinic":5,"k_school":5,"within_15":0,"off_street":0,"ward":"Okun Ajah\u2013Okunmopo","lga":"Eti Osa","place":"Okun Ajah Baales Palace","place_m":353},"geometry":{"type":"Polygon","coordinates":[[[3.60344,6.43062],[3.60187,6.43152],[3.60031,6.43062],[3.60031,6.42881],[3.60187,6.42791],[3.60344,6.42881],[3.60344,6.43062]]]}},{"type":"Feature","properties":{"minutes":73.81,"people":333,"clinic_min":75.64,"school_min":71.98,"k_clinic":5,"k_school":5,"within_15":0,"off_street":0,"ward":"Okun Ajah\u2013Okunmopo","lga":"Eti Osa","place":"Okun Ajah Baales Palace","place_m":695},"geometry":{"type":"Polygon","coordinates":[[[3.60657,6.43061],[3.60501,6.43152],[3.60344,6.43062],[3.60344,6.42881],[3.605,6.4279],[3.60657,6.4288],[3.60657,6.43061]]]}},{"type":"Feature","properties":{"minutes":75.22,"people":188,"clinic_min":77.75,"school_min":72.68,"k_clinic":5,"k_school":5,"within_15":0,"off_street":0,"ward":"Okun Ajah\u2013Okunmopo","lga":"Eti Osa","place":"Okun Ajah Baales Palace","place_m":1040},"geometry":{"type":"Polygon","coordinates":[[[3.6097,6.43061],[3.60814,6.43152],[3.60657,6.43061],[3.60657,6.4288],[3.60814,6.4279],[3.6097,6.4288],[3.6097,6.43061]]]}},{"type":"Feature","properties":{"minutes":73.81,"people":328,"clinic_min":77.19,"school_min":70.44,"k_clinic":5,"k_school":5,"within_15":0,"off_street":0,"ward":"Okun Ajah\u2013Okunmopo","lga":"Eti Osa","place":"Shakiru Akinlade","place_m":905},"geometry":{"type":"Polygon","coordinates":[[[3.61284,6.43061],[3.61127,6.43151],[3.6097,6.43061],[3.6097,6.4288],[3.61127,6.42789],[3.61284,6.4288],[3.61284,6.43061]]]}},{"type":"Feature","properties":{"minutes":75.33,"people":200,"clinic_min":80.31,"school_min":70.34,"k_clinic":5,"k_school":5,"within_15":0,"off_street":0,"ward":"Okun Ajah\u2013Okunmopo","lga":"Eti Osa","place":"Shakiru Akinlade","place_m":592},"geometry":{"type":"Polygon","coordinates":[[[3.61597,6.4306],[3.6144,6.43151],[3.61284,6.43061],[3.61284,6.4288],[3.6144,6.42789],[3.61597,6.42879],[3.61597,6.4306]]]}},{"type":"Feature","properties":{"minutes":74.92,"people":230,"clinic_min":81.84,"school_min":67.99,"k_clinic":5,"k_school":5,"within_15":0,"off_street":0,"ward":"Okun Ajah\u2013Okunmopo","lga":"Eti Osa","place":"Shakiru Akinlade","place_m":351},"geometry":{"type":"Polygon","coordinates":[[[3.6191,6.4306],[3.61754,6.4315],[3.61597,6.4306],[3.61597,6.42879],[3.61753,6.42789],[3.6191,6.42879],[3.6191,6.4306]]]}},{"type":"Feature","properties":{"minutes":75.84,"people":393,"clinic_min":84.01,"school_min":67.67,"k_clinic":5,"k_school":5,"within_15":0,"off_street":0,"ward":"Okun Ajah\u2013Okunmopo","lga":"Eti Osa","place":"Mopo-Akinlade","place_m":365},"geometry":{"type":"Polygon","coordinates":[[[3.62223,6.43059],[3.62067,6.4315],[3.6191,6.4306],[3.6191,6.42879],[3.62067,6.42788],[3.62223,6.42879],[3.62223,6.43059]]]}},{"type":"Feature","properties":{"minutes":76.73,"people":400,"clinic_min":86.18,"school_min":67.29,"k_clinic":5,"k_school":5,"within_15":0,"off_street":0,"ward":"Okun Ajah\u2013Okunmopo","lga":"Eti Osa","place":"Mopo-Akinlade","place_m":452},"geometry":{"type":"Polygon","coordinates":[[[3.62537,6.43059],[3.6238,6.4315],[3.62223,6.43059],[3.62223,6.42879],[3.6238,6.42788],[3.62537,6.42878],[3.62537,6.43059]]]}},{"type":"Feature","properties":{"minutes":80.93,"people":480,"clinic_min":90.37,"school_min":71.48,"k_clinic":5,"k_school":5,"within_15":0,"off_street":0,"ward":"Okun Ajah\u2013Okunmopo","lga":"Eti Osa","place":"Mopo-Akinlade","place_m":718},"geometry":{"type":"Polygon","coordinates":[[[3.6285,6.43059],[3.62693,6.43149],[3.62537,6.43059],[3.62537,6.42878],[3.62693,6.42788],[3.6285,6.42878],[3.6285,6.43059]]]}},{"type":"Feature","properties":{"minutes":78.79,"people":111,"clinic_min":88.99,"school_min":68.6,"k_clinic":5,"k_school":5,"within_15":0,"off_street":1,"ward":"Okun Ajah\u2013Okunmopo","lga":"Eti Osa","place":"Mopo-Akinlade","place_m":1033},"geometry":{"type":"Polygon","coordinates":[[[3.63163,6.43058],[3.63007,6.43149],[3.6285,6.43059],[3.6285,6.42878],[3.63006,6.42787],[3.63163,6.42877],[3.63163,6.43058]]]}},{"type":"Feature","properties":{"minutes":15.09,"people":71,"clinic_min":22.03,"school_min":8.14,"k_clinic":5,"k_school":5,"within_15":0,"off_street":0,"ward":"Abraham Adesanya","lga":"Apapa","place":"Kirikiri Depot Sea","place_m":289},"geometry":{"type":"Polygon","coordinates":[[[3.33561,6.43358],[3.33404,6.43448],[3.33247,6.43358],[3.33247,6.43177],[3.33404,6.43086],[3.33561,6.43177],[3.33561,6.43358]]]}},{"type":"Feature","properties":{"minutes":9.01,"people":537,"clinic_min":17.24,"school_min":0.79,"k_clinic":5,"k_school":5,"within_15":1,"off_street":0,"ward":"Abraham Adesanya","lga":"Apapa","place":"Kirikiri Depot Sea","place_m":469},"geometry":{"type":"Polygon","coordinates":[[[3.33874,6.43357],[3.33717,6.43448],[3.33561,6.43358],[3.33561,6.43177],[3.33717,6.43086],[3.33874,6.43177],[3.33874,6.43357]]]}},{"type":"Feature","properties":{"minutes":12.67,"people":188,"clinic_min":16.5,"school_min":8.84,"k_clinic":5,"k_school":5,"within_15":1,"off_street":0,"ward":"Abraham Adesanya","lga":"Apapa","place":"Kirikiri Depot Sea","place_m":773},"geometry":{"type":"Polygon","coordinates":[[[3.34187,6.43357],[3.34031,6.43448],[3.33874,6.43357],[3.33874,6.43177],[3.3403,6.43086],[3.34187,6.43176],[3.34187,6.43357]]]}},{"type":"Feature","properties":{"minutes":12.86,"people":879,"clinic_min":16.62,"school_min":9.1,"k_clinic":5,"k_school":5,"within_15":1,"off_street":0,"ward":"Abraham Adesanya","lga":"Apapa","place":"Temidire","place_m":1068},"geometry":{"type":"Polygon","coordinates":[[[3.345,6.43357],[3.34344,6.43448],[3.34187,6.43357],[3.34187,6.43176],[3.34344,6.43086],[3.345,6.43176],[3.345,6.43357]]]}},{"type":"Feature","properties":{"minutes":13.47,"people":190,"clinic_min":16.07,"school_min":10.86,"k_clinic":5,"k_school":5,"within_15":1,"off_street":0,"ward":"Abraham Adesanya","lga":"Apapa","place":"Temidire","place_m":1108},"geometry":{"type":"Polygon","coordinates":[[[3.34814,6.43357],[3.34657,6.43447],[3.345,6.43357],[3.345,6.43176],[3.34657,6.43086],[3.34814,6.43176],[3.34814,6.43357]]]}},{"type":"Feature","properties":{"minutes":13.67,"people":153,"clinic_min":19.47,"school_min":7.87,"k_clinic":5,"k_school":5,"within_15":1,"off_street":0,"ward":"Abraham Adesanya","lga":"Apapa","place":"Marine","place_m":1151},"geometry":{"type":"Polygon","coordinates":[[[3.35127,6.43357],[3.3497,6.43447],[3.34814,6.43357],[3.34814,6.43176],[3.3497,6.43085],[3.35127,6.43176],[3.35127,6.43357]]]}},{"type":"Feature","properties":{"minutes":11.02,"people":572,"clinic_min":18.22,"school_min":3.83,"k_clinic":5,"k_school":5,"within_15":1,"off_street":0,"ward":"Abraham Adesanya","lga":"Apapa","place":"Marine","place_m":989},"geometry":{"type":"Polygon","coordinates":[[[3.3544,6.43356],[3.35284,6.43447],[3.35127,6.43357],[3.35127,6.43176],[3.35283,6.43085],[3.3544,6.43176],[3.3544,6.43356]]]}},{"type":"Feature","properties":{"minutes":11.96,"people":534,"clinic_min":17.14,"school_min":6.78,"k_clinic":5,"k_school":5,"within_15":1,"off_street":0,"ward":"Abraham Adesanya","lga":"Apapa","place":"Itun Agan","place_m":929},"geometry":{"type":"Polygon","coordinates":[[[3.35754,6.43356],[3.35597,6.43447],[3.3544,6.43356],[3.3544,6.43176],[3.35597,6.43085],[3.35753,6.43175],[3.35754,6.43356]]]}},{"type":"Feature","properties":{"minutes":9.64,"people":570,"clinic_min":17.35,"school_min":1.92,"k_clinic":5,"k_school":5,"within_15":1,"off_street":0,"ward":"Abraham Adesanya","lga":"Apapa","place":"Itun Agan","place_m":779},"geometry":{"type":"Polygon","coordinates":[[[3.36067,6.43356],[3.3591,6.43447],[3.35754,6.43356],[3.35753,6.43175],[3.3591,6.43085],[3.36067,6.43175],[3.36067,6.43356]]]}},{"type":"Feature","properties":{"minutes":17.5,"people":64,"clinic_min":22.42,"school_min":12.58,"k_clinic":5,"k_school":5,"within_15":0,"off_street":0,"ward":"Abraham Adesanya","lga":"Apapa","place":"Itun Agan","place_m":769},"geometry":{"type":"Polygon","coordinates":[[[3.3638,6.43356],[3.36223,6.43446],[3.36067,6.43356],[3.36067,6.43175],[3.36223,6.43084],[3.3638,6.43175],[3.3638,6.43356]]]}},{"type":"Feature","properties":{"minutes":12.8,"people":165,"clinic_min":11.06,"school_min":14.54,"k_clinic":5,"k_school":5,"within_15":1,"off_street":0,"ward":"Abraham Adesanya","lga":"Apapa","place":"Irede","place_m":862},"geometry":{"type":"Polygon","coordinates":[[[3.36693,6.43356],[3.36537,6.43446],[3.3638,6.43356],[3.3638,6.43175],[3.36536,6.43084],[3.36693,6.43175],[3.36693,6.43356]]]}},{"type":"Feature","properties":{"minutes":13.48,"people":72,"clinic_min":13.87,"school_min":13.08,"k_clinic":5,"k_school":5,"within_15":1,"off_street":1,"ward":"Abraham Adesanya","lga":"Apapa","place":"Irede","place_m":549},"geometry":{"type":"Polygon","coordinates":[[[3.37007,6.43355],[3.3685,6.43446],[3.36693,6.43356],[3.36693,6.43175],[3.3685,6.43084],[3.37006,6.43174],[3.37007,6.43355]]]}},{"type":"Feature","properties":{"minutes":9.56,"people":710,"clinic_min":11.11,"school_min":8.0,"k_clinic":5,"k_school":5,"within_15":1,"off_street":1,"ward":"Abraham Adesanya","lga":"Apapa","place":"Irede","place_m":373},"geometry":{"type":"Polygon","coordinates":[[[3.37633,6.43355],[3.37477,6.43445],[3.3732,6.43355],[3.3732,6.43174],[3.37476,6.43084],[3.37633,6.43174],[3.37633,6.43355]]]}},{"type":"Feature","properties":{"minutes":9.56,"people":2320,"clinic_min":11.11,"school_min":8.0,"k_clinic":5,"k_school":5,"within_15":1,"off_street":1,"ward":"Abraham Adesanya","lga":"Apapa","place":"Ilado","place_m":190},"geometry":{"type":"Polygon","coordinates":[[[3.37946,6.43355],[3.3779,6.43445],[3.37633,6.43355],[3.37633,6.43174],[3.3779,6.43083],[3.37946,6.43174],[3.37946,6.43355]]]}},{"type":"Feature","properties":{"minutes":17.34,"people":5908,"clinic_min":20.45,"school_min":14.23,"k_clinic":5,"k_school":5,"within_15":0,"off_street":1,"ward":"Abraham Adesanya","lga":"Apapa","place":"Ilado","place_m":164},"geometry":{"type":"Polygon","coordinates":[[[3.3826,6.43354],[3.38103,6.43445],[3.37946,6.43355],[3.37946,6.43174],[3.38103,6.43083],[3.38259,6.43173],[3.3826,6.43354]]]}},{"type":"Feature","properties":{"minutes":26.04,"people":1786,"clinic_min":27.68,"school_min":24.41,"k_clinic":5,"k_school":5,"within_15":0,"off_street":1,"ward":"Abraham Adesanya","lga":"Apapa","place":"Ilado","place_m":508},"geometry":{"type":"Polygon","coordinates":[[[3.38573,6.43354],[3.38416,6.43445],[3.3826,6.43354],[3.38259,6.43173],[3.38416,6.43083],[3.38573,6.43173],[3.38573,6.43354]]]}},{"type":"Feature","properties":{"minutes":28.9,"people":100,"clinic_min":30.54,"school_min":27.26,"k_clinic":5,"k_school":5,"within_15":0,"off_street":1,"ward":"Abraham Adesanya","lga":"Apapa","place":"Ilado","place_m":853},"geometry":{"type":"Polygon","coordinates":[[[3.38886,6.43354],[3.3873,6.43444],[3.38573,6.43354],[3.38573,6.43173],[3.38729,6.43083],[3.38886,6.43173],[3.38886,6.43354]]]}},{"type":"Feature","properties":{"minutes":32.11,"people":100,"clinic_min":33.75,"school_min":30.47,"k_clinic":5,"k_school":5,"within_15":0,"off_street":1,"ward":"Abraham Adesanya","lga":"Apapa","place":"Ogogoro","place_m":859},"geometry":{"type":"Polygon","coordinates":[[[3.39199,6.43354],[3.39043,6.43444],[3.38886,6.43354],[3.38886,6.43173],[3.39043,6.43082],[3.39199,6.43173],[3.39199,6.43354]]]}},{"type":"Feature","properties":{"minutes":13.72,"people":169,"clinic_min":16.62,"school_min":10.82,"k_clinic":5,"k_school":5,"within_15":1,"off_street":0,"ward":"Tarkwa Bay","lga":"Eti Osa","place":"Ahmadu Bello Way","place_m":1154},"geometry":{"type":"Polygon","coordinates":[[[3.40766,6.43352],[3.40609,6.43443],[3.40452,6.43353],[3.40452,6.43172],[3.40609,6.43081],[3.40766,6.43172],[3.40766,6.43352]]]}},{"type":"Feature","properties":{"minutes":13.39,"people":789,"clinic_min":16.35,"school_min":10.42,"k_clinic":5,"k_school":5,"within_15":1,"off_street":0,"ward":"Victoria Island","lga":"Eti Osa","place":"Ahmadu Bello Way","place_m":1095},"geometry":{"type":"Polygon","coordinates":[[[3.41079,6.43352],[3.40922,6.43443],[3.40766,6.43352],[3.40766,6.43172],[3.40922,6.43081],[3.41079,6.43171],[3.41079,6.43352]]]}},{"type":"Feature","properties":{"minutes":13.07,"people":1023,"clinic_min":14.58,"school_min":11.56,"k_clinic":5,"k_school":5,"within_15":1,"off_street":0,"ward":"Victoria Island","lga":"Eti Osa","place":"Ahmadu Bello Way","place_m":1143},"geometry":{"type":"Polygon","coordinates":[[[3.41392,6.43352],[3.41236,6.43443],[3.41079,6.43352],[3.41079,6.43171],[3.41235,6.43081],[3.41392,6.43171],[3.41392,6.43352]]]}},{"type":"Feature","properties":{"minutes":13.42,"people":610,"clinic_min":12.7,"school_min":14.13,"k_clinic":5,"k_school":5,"within_15":1,"off_street":0,"ward":"Victoria Island","lga":"Eti Osa","place":"Ozumba Way","place_m":850},"geometry":{"type":"Polygon","coordinates":[[[3.41706,6.43352],[3.41549,6.43442],[3.41392,6.43352],[3.41392,6.43171],[3.41549,6.4308],[3.41705,6.43171],[3.41706,6.43352]]]}},{"type":"Feature","properties":{"minutes":16.48,"people":361,"clinic_min":14.9,"school_min":18.06,"k_clinic":5,"k_school":5,"within_15":0,"off_street":0,"ward":"Victoria Island","lga":"Eti Osa","place":"Ozumba Way","place_m":573},"geometry":{"type":"Polygon","coordinates":[[[3.42019,6.43351],[3.41862,6.43442],[3.41706,6.43352],[3.41705,6.43171],[3.41862,6.4308],[3.42019,6.43171],[3.42019,6.43351]]]}},{"type":"Feature","properties":{"minutes":18.26,"people":1340,"clinic_min":16.4,"school_min":20.12,"k_clinic":5,"k_school":5,"within_15":0,"off_street":0,"ward":"Victoria Island","lga":"Eti Osa","place":"Ozumba Way","place_m":417},"geometry":{"type":"Polygon","coordinates":[[[3.42332,6.43351],[3.42175,6.43442],[3.42019,6.43351],[3.42019,6.43171],[3.42175,6.4308],[3.42332,6.4317],[3.42332,6.43351]]]}},{"type":"Feature","properties":{"minutes":11.81,"people":847,"clinic_min":9.73,"school_min":13.9,"k_clinic":5,"k_school":5,"within_15":1,"off_street":0,"ward":"Kuramo School\u2013Lekki","lga":"Eti Osa","place":"Victoria Island","place_m":310},"geometry":{"type":"Polygon","coordinates":[[[3.42645,6.43351],[3.42489,6.43442],[3.42332,6.43351],[3.42332,6.4317],[3.42488,6.4308],[3.42645,6.4317],[3.42645,6.43351]]]}},{"type":"Feature","properties":{"minutes":11.75,"people":979,"clinic_min":9.41,"school_min":14.08,"k_clinic":5,"k_school":5,"within_15":1,"off_street":0,"ward":"Kuramo School\u2013Lekki","lga":"Eti Osa","place":"Victoria Island","place_m":362},"geometry":{"type":"Polygon","coordinates":[[[3.42959,6.43351],[3.42802,6.43441],[3.42645,6.43351],[3.42645,6.4317],[3.42802,6.43079],[3.42958,6.4317],[3.42959,6.43351]]]}},{"type":"Feature","properties":{"minutes":9.17,"people":870,"clinic_min":6.84,"school_min":11.5,"k_clinic":5,"k_school":5,"within_15":1,"off_street":0,"ward":"Kuramo School\u2013Lekki","lga":"Eti Osa","place":"Itirin","place_m":254},"geometry":{"type":"Polygon","coordinates":[[[3.43272,6.4335],[3.43115,6.43441],[3.42959,6.43351],[3.42958,6.4317],[3.43115,6.43079],[3.43272,6.43169],[3.43272,6.4335]]]}},{"type":"Feature","properties":{"minutes":11.0,"people":1464,"clinic_min":9.82,"school_min":12.19,"k_clinic":5,"k_school":5,"within_15":1,"off_street":0,"ward":"1004\u2013Aboyade","lga":"Eti Osa","place":"Itirin","place_m":132},"geometry":{"type":"Polygon","coordinates":[[[3.43585,6.4335],[3.43429,6.43441],[3.43272,6.4335],[3.43272,6.43169],[3.43428,6.43079],[3.43585,6.43169],[3.43585,6.4335]]]}},{"type":"Feature","properties":{"minutes":8.25,"people":1464,"clinic_min":6.83,"school_min":9.68,"k_clinic":5,"k_school":5,"within_15":1,"off_street":0,"ward":"1004\u2013Aboyade","lga":"Eti Osa","place":"Iru","place_m":108},"geometry":{"type":"Polygon","coordinates":[[[3.43898,6.4335],[3.43742,6.4344],[3.43585,6.4335],[3.43585,6.43169],[3.43741,6.43079],[3.43898,6.43169],[3.43898,6.4335]]]}},{"type":"Feature","properties":{"minutes":6.7,"people":660,"clinic_min":5.28,"school_min":8.13,"k_clinic":5,"k_school":5,"within_15":1,"off_street":0,"ward":"Apese\u20136 Extension","lga":"Eti Osa","place":"Iru","place_m":289},"geometry":{"type":"Polygon","coordinates":[[[3.44212,6.4335],[3.44055,6.4344],[3.43898,6.4335],[3.43898,6.43169],[3.44055,6.43078],[3.44211,6.43169],[3.44212,6.4335]]]}},{"type":"Feature","properties":{"minutes":7.96,"people":706,"clinic_min":6.42,"school_min":9.5,"k_clinic":5,"k_school":5,"within_15":1,"off_street":0,"ward":"Apese\u20136 Extension","lga":"Eti Osa","place":"Iru","place_m":628},"geometry":{"type":"Polygon","coordinates":[[[3.44525,6.43349],[3.44368,6.4344],[3.44212,6.4335],[3.44211,6.43169],[3.44368,6.43078],[3.44525,6.43168],[3.44525,6.43349]]]}},{"type":"Feature","properties":{"minutes":10.88,"people":749,"clinic_min":9.3,"school_min":12.47,"k_clinic":5,"k_school":5,"within_15":1,"off_street":0,"ward":"Apese\u20136 Extension","lga":"Eti Osa","place":"Oniru Palace","place_m":460},"geometry":{"type":"Polygon","coordinates":[[[3.44838,6.43349],[3.44682,6.4344],[3.44525,6.43349],[3.44525,6.43168],[3.44681,6.43078],[3.44838,6.43168],[3.44838,6.43349]]]}},{"type":"Feature","properties":{"minutes":15.11,"people":523,"clinic_min":13.0,"school_min":17.22,"k_clinic":5,"k_school":5,"within_15":0,"off_street":0,"ward":"Apese\u20136 Extension","lga":"Eti Osa","place":"Oniru Palace","place_m":284},"geometry":{"type":"Polygon","coordinates":[[[3.45151,6.43349],[3.44995,6.43439],[3.44838,6.43349],[3.44838,6.43168],[3.44995,6.43078],[3.45151,6.43168],[3.45151,6.43349]]]}},{"type":"Feature","properties":{"minutes":15.21,"people":1398,"clinic_min":15.24,"school_min":15.18,"k_clinic":5,"k_school":5,"within_15":0,"off_street":0,"ward":"Apese\u20136 Extension","lga":"Eti Osa","place":"Oniru","place_m":428},"geometry":{"type":"Polygon","coordinates":[[[3.45465,6.43348],[3.45308,6.43439],[3.45151,6.43349],[3.45151,6.43168],[3.45308,6.43077],[3.45464,6.43168],[3.45465,6.43348]]]}},{"type":"Feature","properties":{"minutes":14.71,"people":775,"clinic_min":14.93,"school_min":14.49,"k_clinic":5,"k_school":5,"within_15":1,"off_street":0,"ward":"Apese\u20136 Extension","lga":"Eti Osa","place":"Oniru","place_m":592},"geometry":{"type":"Polygon","coordinates":[[[3.45778,6.43348],[3.45621,6.43439],[3.45465,6.43348],[3.45464,6.43168],[3.45621,6.43077],[3.45778,6.43167],[3.45778,6.43348]]]}},{"type":"Feature","properties":{"minutes":12.29,"people":754,"clinic_min":11.88,"school_min":12.71,"k_clinic":5,"k_school":5,"within_15":1,"off_street":0,"ward":"Ikate\u2013Lekki","lga":"Eti Osa","place":"Durosinmi Etti Drive","place_m":795},"geometry":{"type":"Polygon","coordinates":[[[3.46091,6.43348],[3.45935,6.43439],[3.45778,6.43348],[3.45778,6.43167],[3.45934,6.43077],[3.46091,6.43167],[3.46091,6.43348]]]}},{"type":"Feature","properties":{"minutes":13.42,"people":1370,"clinic_min":14.15,"school_min":12.69,"k_clinic":5,"k_school":5,"within_15":1,"off_street":0,"ward":"Ikate\u2013Lekki","lga":"Eti Osa","place":"Durosinmi Etti Drive","place_m":576},"geometry":{"type":"Polygon","coordinates":[[[3.46404,6.43348],[3.46248,6.43438],[3.46091,6.43348],[3.46091,6.43167],[3.46248,6.43076],[3.46404,6.43167],[3.46404,6.43348]]]}},{"type":"Feature","properties":{"minutes":10.64,"people":1411,"clinic_min":13.76,"school_min":7.53,"k_clinic":5,"k_school":5,"within_15":1,"off_street":0,"ward":"Ikate\u2013Lekki","lga":"Eti Osa","place":"Maruwa","place_m":342},"geometry":{"type":"Polygon","coordinates":[[[3.46718,6.43347],[3.46561,6.43438],[3.46404,6.43348],[3.46404,6.43167],[3.46561,6.43076],[3.46718,6.43166],[3.46718,6.43347]]]}},{"type":"Feature","properties":{"minutes":8.17,"people":976,"clinic_min":12.44,"school_min":3.91,"k_clinic":5,"k_school":5,"within_15":1,"off_street":0,"ward":"Ikate\u2013Lekki","lga":"Eti Osa","place":"Maruwa","place_m":36},"geometry":{"type":"Polygon","coordinates":[[[3.47031,6.43347],[3.46874,6.43438],[3.46718,6.43347],[3.46718,6.43166],[3.46874,6.43076],[3.47031,6.43166],[3.47031,6.43347]]]}},{"type":"Feature","properties":{"minutes":12.68,"people":1306,"clinic_min":13.21,"school_min":12.15,"k_clinic":5,"k_school":5,"within_15":1,"off_street":0,"ward":"Ikate\u2013Lekki","lga":"Eti Osa","place":"Maruwa","place_m":354},"geometry":{"type":"Polygon","coordinates":[[[3.47344,6.43347],[3.47188,6.43437],[3.47031,6.43347],[3.47031,6.43166],[3.47187,6.43076],[3.47344,6.43166],[3.47344,6.43347]]]}},{"type":"Feature","properties":{"minutes":10.8,"people":917,"clinic_min":10.65,"school_min":10.95,"k_clinic":5,"k_school":5,"within_15":1,"off_street":0,"ward":"Ikate\u2013Lekki","lga":"Eti Osa","place":"Maruwa","place_m":700},"geometry":{"type":"Polygon","coordinates":[[[3.47657,6.43346],[3.47501,6.43437],[3.47344,6.43347],[3.47344,6.43166],[3.47501,6.43075],[3.47657,6.43166],[3.47657,6.43346]]]}},{"type":"Feature","properties":{"minutes":13.82,"people":599,"clinic_min":12.54,"school_min":15.1,"k_clinic":5,"k_school":5,"within_15":1,"off_street":0,"ward":"Ikate\u2013Lekki","lga":"Eti Osa","place":"Elegushin","place_m":514},"geometry":{"type":"Polygon","coordinates":[[[3.47971,6.43346],[3.47814,6.43437],[3.47657,6.43346],[3.47657,6.43166],[3.47814,6.43075],[3.47971,6.43165],[3.47971,6.43346]]]}},{"type":"Feature","properties":{"minutes":12.61,"people":630,"clinic_min":11.3,"school_min":13.91,"k_clinic":5,"k_school":5,"within_15":1,"off_street":0,"ward":"Ilasan\u2013Orile","lga":"Eti Osa","place":"Ikate","place_m":308},"geometry":{"type":"Polygon","coordinates":[[[3.48284,6.43346],[3.48127,6.43437],[3.47971,6.43346],[3.47971,6.43165],[3.48127,6.43075],[3.48284,6.43165],[3.48284,6.43346]]]}},{"type":"Feature","properties":{"minutes":14.85,"people":331,"clinic_min":14.12,"school_min":15.59,"k_clinic":5,"k_school":5,"within_15":1,"off_street":0,"ward":"Ilasan\u2013Orile","lga":"Eti Osa","place":"Ikate","place_m":78},"geometry":{"type":"Polygon","coordinates":[[[3.48597,6.43346],[3.48441,6.43436],[3.48284,6.43346],[3.48284,6.43165],[3.4844,6.43074],[3.48597,6.43165],[3.48597,6.43346]]]}},{"type":"Feature","properties":{"minutes":15.76,"people":781,"clinic_min":16.03,"school_min":15.48,"k_clinic":5,"k_school":5,"within_15":0,"off_street":0,"ward":"Ilasan\u2013Orile","lga":"Eti Osa","place":"Elegusi Beach Way","place_m":97},"geometry":{"type":"Polygon","coordinates":[[[3.4891,6.43345],[3.48754,6.43436],[3.48597,6.43346],[3.48597,6.43165],[3.48754,6.43074],[3.4891,6.43164],[3.4891,6.43345]]]}},{"type":"Feature","properties":{"minutes":16.02,"people":1012,"clinic_min":16.81,"school_min":15.23,"k_clinic":5,"k_school":5,"within_15":0,"off_street":0,"ward":"Ilasan\u2013Orile","lga":"Eti Osa","place":"Ikate Lekki","place_m":243},"geometry":{"type":"Polygon","coordinates":[[[3.49224,6.43345],[3.49067,6.43436],[3.4891,6.43345],[3.4891,6.43164],[3.49067,6.43074],[3.49224,6.43164],[3.49224,6.43345]]]}},{"type":"Feature","properties":{"minutes":16.94,"people":496,"clinic_min":16.39,"school_min":17.48,"k_clinic":5,"k_school":5,"within_15":0,"off_street":0,"ward":"Ilasan\u2013Orile","lga":"Eti Osa","place":"Ikate Lekki","place_m":265},"geometry":{"type":"Polygon","coordinates":[[[3.49537,6.43345],[3.4938,6.43435],[3.49224,6.43345],[3.49224,6.43164],[3.4938,6.43073],[3.49537,6.43164],[3.49537,6.43345]]]}},{"type":"Feature","properties":{"minutes":16.44,"people":827,"clinic_min":16.68,"school_min":16.19,"k_clinic":5,"k_school":5,"within_15":0,"off_street":0,"ward":"Ilasan\u2013Orile","lga":"Eti Osa","place":"Igboefon","place_m":350},"geometry":{"type":"Polygon","coordinates":[[[3.4985,6.43344],[3.49694,6.43435],[3.49537,6.43345],[3.49537,6.43164],[3.49693,6.43073],[3.4985,6.43163],[3.4985,6.43344]]]}},{"type":"Feature","properties":{"minutes":14.55,"people":839,"clinic_min":15.25,"school_min":13.84,"k_clinic":5,"k_school":5,"within_15":1,"off_street":0,"ward":"Ilasan\u2013Orile","lga":"Eti Osa","place":"Igboefon","place_m":88},"geometry":{"type":"Polygon","coordinates":[[[3.50164,6.43344],[3.50007,6.43435],[3.4985,6.43344],[3.4985,6.43163],[3.50007,6.43073],[3.50163,6.43163],[3.50164,6.43344]]]}},{"type":"Feature","properties":{"minutes":8.5,"people":3388,"clinic_min":8.27,"school_min":8.73,"k_clinic":5,"k_school":5,"within_15":1,"off_street":0,"ward":"Ilasan\u2013Orile","lga":"Eti Osa","place":"Jakande Gate","place_m":365},"geometry":{"type":"Polygon","coordinates":[[[3.50477,6.43344],[3.5032,6.43434],[3.50164,6.43344],[3.50163,6.43163],[3.5032,6.43073],[3.50477,6.43163],[3.50477,6.43344]]]}},{"type":"Feature","properties":{"minutes":6.7,"people":2253,"clinic_min":6.32,"school_min":7.09,"k_clinic":5,"k_school":5,"within_15":1,"off_street":0,"ward":"Ilasan\u2013Orile","lga":"Eti Osa","place":"Jakande","place_m":280},"geometry":{"type":"Polygon","coordinates":[[[3.5079,6.43343],[3.50633,6.43434],[3.50477,6.43344],[3.50477,6.43163],[3.50633,6.43072],[3.5079,6.43163],[3.5079,6.43343]]]}},{"type":"Feature","properties":{"minutes":8.53,"people":1641,"clinic_min":9.89,"school_min":7.17,"k_clinic":5,"k_school":5,"within_15":1,"off_street":0,"ward":"Maroko\u2013Okun Alfa","lga":"Eti Osa","place":"Igbala","place_m":229},"geometry":{"type":"Polygon","coordinates":[[[3.51103,6.43343],[3.50947,6.43434],[3.5079,6.43343],[3.5079,6.43163],[3.50946,6.43072],[3.51103,6.43162],[3.51103,6.43343]]]}},{"type":"Feature","properties":{"minutes":17.53,"people":1613,"clinic_min":18.17,"school_min":16.88,"k_clinic":5,"k_school":5,"within_15":0,"off_street":0,"ward":"Maroko\u2013Okun Alfa","lga":"Eti Osa","place":"Igbala","place_m":485},"geometry":{"type":"Polygon","coordinates":[[[3.51417,6.43343],[3.5126,6.43433],[3.51103,6.43343],[3.51103,6.43162],[3.5126,6.43072],[3.51416,6.43162],[3.51417,6.43343]]]}},{"type":"Feature","properties":{"minutes":14.11,"people":1041,"clinic_min":16.19,"school_min":12.02,"k_clinic":5,"k_school":5,"within_15":1,"off_street":0,"ward":"Maroko\u2013Okun Alfa","lga":"Eti Osa","place":"Olokolo","place_m":429},"geometry":{"type":"Polygon","coordinates":[[[3.5173,6.43343],[3.51573,6.43433],[3.51417,6.43343],[3.51416,6.43162],[3.51573,6.43071],[3.5173,6.43162],[3.5173,6.43343]]]}},{"type":"Feature","properties":{"minutes":8.57,"people":621,"clinic_min":13.35,"school_min":3.78,"k_clinic":5,"k_school":5,"within_15":1,"off_street":0,"ward":"Maroko\u2013Okun Alfa","lga":"Eti Osa","place":"Olokolo","place_m":502},"geometry":{"type":"Polygon","coordinates":[[[3.52043,6.43342],[3.51887,6.43433],[3.5173,6.43343],[3.5173,6.43162],[3.51886,6.43071],[3.52043,6.43161],[3.52043,6.43342]]]}},{"type":"Feature","properties":{"minutes":9.81,"people":1651,"clinic_min":15.03,"school_min":4.59,"k_clinic":5,"k_school":5,"within_15":1,"off_street":0,"ward":"Maroko\u2013Okun Alfa","lga":"Eti Osa","place":"Alpha Beach","place_m":409},"geometry":{"type":"Polygon","coordinates":[[[3.52356,6.43342],[3.522,6.43433],[3.52043,6.43342],[3.52043,6.43161],[3.52199,6.43071],[3.52356,6.43161],[3.52356,6.43342]]]}},{"type":"Feature","properties":{"minutes":10.29,"people":1231,"clinic_min":14.92,"school_min":5.65,"k_clinic":5,"k_school":5,"within_15":1,"off_street":0,"ward":"Maroko\u2013Okun Alfa","lga":"Eti Osa","place":"Alpha Beach","place_m":78},"geometry":{"type":"Polygon","coordinates":[[[3.5267,6.43342],[3.52513,6.43432],[3.52356,6.43342],[3.52356,6.43161],[3.52513,6.4307],[3.52669,6.43161],[3.5267,6.43342]]]}},{"type":"Feature","properties":{"minutes":16.79,"people":51,"clinic_min":20.97,"school_min":12.62,"k_clinic":5,"k_school":5,"within_15":0,"off_street":0,"ward":"Maroko\u2013Okun Alfa","lga":"Eti Osa","place":"Alpha Beach","place_m":291},"geometry":{"type":"Polygon","coordinates":[[[3.52983,6.43341],[3.52826,6.43432],[3.5267,6.43342],[3.52669,6.43161],[3.52826,6.4307],[3.52983,6.4316],[3.52983,6.43341]]]}},{"type":"Feature","properties":{"minutes":24.07,"people":54,"clinic_min":27.0,"school_min":21.13,"k_clinic":5,"k_school":5,"within_15":0,"off_street":0,"ward":"Igbo-Efon\u2013Maiyegun","lga":"Eti Osa","place":"Alpha Beach","place_m":635},"geometry":{"type":"Polygon","coordinates":[[[3.53296,6.43341],[3.5314,6.43432],[3.52983,6.43341],[3.52983,6.4316],[3.53139,6.4307],[3.53296,6.4316],[3.53296,6.43341]]]}},{"type":"Feature","properties":{"minutes":25.62,"people":129,"clinic_min":28.3,"school_min":22.93,"k_clinic":5,"k_school":5,"within_15":0,"off_street":0,"ward":"Igbo-Efon\u2013Maiyegun","lga":"Eti Osa","place":"Olugborogan Palace","place_m":828},"geometry":{"type":"Polygon","coordinates":[[[3.53609,6.43341],[3.53453,6.43431],[3.53296,6.43341],[3.53296,6.4316],[3.53452,6.43069],[3.53609,6.4316],[3.53609,6.43341]]]}},{"type":"Feature","properties":{"minutes":27.75,"people":290,"clinic_min":32.8,"school_min":22.7,"k_clinic":5,"k_school":5,"within_15":0,"off_street":0,"ward":"Igbo-Efon\u2013Maiyegun","lga":"Eti Osa","place":"Olugborogan Palace","place_m":719},"geometry":{"type":"Polygon","coordinates":[[[3.53923,6.4334],[3.53766,6.43431],[3.53609,6.43341],[3.53609,6.4316],[3.53766,6.43069],[3.53922,6.43159],[3.53923,6.4334]]]}},{"type":"Feature","properties":{"minutes":27.22,"people":724,"clinic_min":31.37,"school_min":23.07,"k_clinic":5,"k_school":5,"within_15":0,"off_street":0,"ward":"Igbo-Efon\u2013Maiyegun","lga":"Eti Osa","place":"Nil","place_m":690},"geometry":{"type":"Polygon","coordinates":[[[3.54236,6.4334],[3.54079,6.43431],[3.53923,6.4334],[3.53922,6.43159],[3.54079,6.43069],[3.54236,6.43159],[3.54236,6.4334]]]}},{"type":"Feature","properties":{"minutes":26.16,"people":947,"clinic_min":29.87,"school_min":22.46,"k_clinic":5,"k_school":5,"within_15":0,"off_street":0,"ward":"Igbo-Efon\u2013Maiyegun","lga":"Eti Osa","place":"Nil","place_m":359},"geometry":{"type":"Polygon","coordinates":[[[3.54549,6.4334],[3.54393,6.4343],[3.54236,6.4334],[3.54236,6.43159],[3.54392,6.43068],[3.54549,6.43159],[3.54549,6.4334]]]}},{"type":"Feature","properties":{"minutes":27.22,"people":374,"clinic_min":28.32,"school_min":26.12,"k_clinic":5,"k_school":5,"within_15":0,"off_street":0,"ward":"Igbo-Efon\u2013Maiyegun","lga":"Eti Osa","place":"Nil","place_m":149},"geometry":{"type":"Polygon","coordinates":[[[3.54862,6.43339],[3.54706,6.4343],[3.54549,6.4334],[3.54549,6.43159],[3.54705,6.43068],[3.54862,6.43158],[3.54862,6.43339]]]}},{"type":"Feature","properties":{"minutes":29.26,"people":499,"clinic_min":28.44,"school_min":30.07,"k_clinic":5,"k_school":5,"within_15":0,"off_street":0,"ward":"Igbo-Efon\u2013Maiyegun","lga":"Eti Osa","place":"Light House Estate","place_m":312},"geometry":{"type":"Polygon","coordinates":[[[3.55176,6.43339],[3.55019,6.4343],[3.54862,6.43339],[3.54862,6.43158],[3.55019,6.43068],[3.55175,6.43158],[3.55176,6.43339]]]}},{"type":"Feature","properties":{"minutes":29.46,"people":796,"clinic_min":27.14,"school_min":31.77,"k_clinic":5,"k_school":5,"within_15":0,"off_street":0,"ward":"Igbo-Efon\u2013Maiyegun","lga":"Eti Osa","place":"South Point Estate","place_m":166},"geometry":{"type":"Polygon","coordinates":[[[3.55489,6.43339],[3.55332,6.43429],[3.55176,6.43339],[3.55175,6.43158],[3.55332,6.43067],[3.55489,6.43158],[3.55489,6.43339]]]}},{"type":"Feature","properties":{"minutes":31.5,"people":970,"clinic_min":27.92,"school_min":35.07,"k_clinic":5,"k_school":5,"within_15":0,"off_street":0,"ward":"Igbo-Efon\u2013Maiyegun","lga":"Eti Osa","place":"South Point Estate","place_m":239},"geometry":{"type":"Polygon","coordinates":[[[3.55802,6.43338],[3.55646,6.43429],[3.55489,6.43339],[3.55489,6.43158],[3.55645,6.43067],[3.55802,6.43157],[3.55802,6.43338]]]}},{"type":"Feature","properties":{"minutes":34.26,"people":721,"clinic_min":30.68,"school_min":37.83,"k_clinic":5,"k_school":5,"within_15":0,"off_street":0,"ward":"Igbo-Efon\u2013Maiyegun","lga":"Eti Osa","place":"South Point Estate","place_m":572},"geometry":{"type":"Polygon","coordinates":[[[3.56115,6.43338],[3.55959,6.43429],[3.55802,6.43338],[3.55802,6.43157],[3.55958,6.43067],[3.56115,6.43157],[3.56115,6.43338]]]}},{"type":"Feature","properties":{"minutes":33.81,"people":173,"clinic_min":29.81,"school_min":37.81,"k_clinic":5,"k_school":5,"within_15":0,"off_street":0,"ward":"Igbo-Efon\u2013Maiyegun","lga":"Eti Osa","place":"Okun Ajah","place_m":799},"geometry":{"type":"Polygon","coordinates":[[[3.56429,6.43338],[3.56272,6.43428],[3.56115,6.43338],[3.56115,6.43157],[3.56272,6.43066],[3.56428,6.43157],[3.56429,6.43338]]]}},{"type":"Feature","properties":{"minutes":34.74,"people":631,"clinic_min":30.15,"school_min":39.34,"k_clinic":5,"k_school":5,"within_15":0,"off_street":0,"ward":"Ajah","lga":"Eti Osa","place":"Itirin Town","place_m":1003},"geometry":{"type":"Polygon","coordinates":[[[3.56742,6.43337],[3.56585,6.43428],[3.56429,6.43338],[3.56428,6.43157],[3.56585,6.43066],[3.56742,6.43156],[3.56742,6.43337]]]}},{"type":"Feature","properties":{"minutes":36.63,"people":653,"clinic_min":32.66,"school_min":40.59,"k_clinic":5,"k_school":5,"within_15":0,"off_street":0,"ward":"Ajah","lga":"Eti Osa","place":"Megamound","place_m":988},"geometry":{"type":"Polygon","coordinates":[[[3.57055,6.43337],[3.56899,6.43428],[3.56742,6.43337],[3.56742,6.43156],[3.56898,6.43066],[3.57055,6.43156],[3.57055,6.43337]]]}},{"type":"Feature","properties":{"minutes":44.69,"people":225,"clinic_min":51.38,"school_min":38.0,"k_clinic":5,"k_school":5,"within_15":0,"off_street":0,"ward":"Ajah","lga":"Eti Osa","place":"Megamound","place_m":900},"geometry":{"type":"Polygon","coordinates":[[[3.57368,6.43337],[3.57212,6.43427],[3.57055,6.43337],[3.57055,6.43156],[3.57211,6.43065],[3.57368,6.43156],[3.57368,6.43337]]]}},{"type":"Feature","properties":{"minutes":46.02,"people":76,"clinic_min":42.56,"school_min":49.48,"k_clinic":5,"k_school":5,"within_15":0,"off_street":0,"ward":"Ajah","lga":"Eti Osa","place":"Megamound","place_m":941},"geometry":{"type":"Polygon","coordinates":[[[3.57682,6.43336],[3.57525,6.43427],[3.57368,6.43337],[3.57368,6.43156],[3.57525,6.43065],[3.57681,6.43155],[3.57682,6.43336]]]}},{"type":"Feature","properties":{"minutes":58.51,"people":10,"clinic_min":61.34,"school_min":55.68,"k_clinic":5,"k_school":5,"within_15":0,"off_street":1,"ward":"Okun Ajah\u2013Okunmopo","lga":"Eti Osa","place":"Okun Ajah","place_m":771},"geometry":{"type":"Polygon","coordinates":[[[3.58308,6.43335],[3.58152,6.43426],[3.57995,6.43336],[3.57995,6.43155],[3.58151,6.43064],[3.58308,6.43155],[3.58308,6.43335]]]}},{"type":"Feature","properties":{"minutes":58.51,"people":28,"clinic_min":61.34,"school_min":55.68,"k_clinic":5,"k_school":5,"within_15":0,"off_street":1,"ward":"Okun Ajah\u2013Okunmopo","lga":"Eti Osa","place":"Okun Ajah","place_m":656},"geometry":{"type":"Polygon","coordinates":[[[3.58621,6.43335],[3.58465,6.43426],[3.58308,6.43335],[3.58308,6.43155],[3.58464,6.43064],[3.58621,6.43154],[3.58621,6.43335]]]}},{"type":"Feature","properties":{"minutes":44.73,"people":87,"clinic_min":44.74,"school_min":44.72,"k_clinic":5,"k_school":5,"within_15":0,"off_street":0,"ward":"Okun Ajah\u2013Okunmopo","lga":"Eti Osa","place":"Okun Ajah","place_m":711},"geometry":{"type":"Polygon","coordinates":[[[3.58935,6.43335],[3.58778,6.43425],[3.58621,6.43335],[3.58621,6.43154],[3.58778,6.43064],[3.58934,6.43154],[3.58935,6.43335]]]}},{"type":"Feature","properties":{"minutes":42.97,"people":44,"clinic_min":44.02,"school_min":41.91,"k_clinic":5,"k_school":5,"within_15":0,"off_street":0,"ward":"Okun Ajah\u2013Okunmopo","lga":"Eti Osa","place":"Okun Ajah","place_m":906},"geometry":{"type":"Polygon","coordinates":[[[3.59248,6.43334],[3.59091,6.43425],[3.58935,6.43335],[3.58934,6.43154],[3.59091,6.43063],[3.59248,6.43153],[3.59248,6.43334]]]}},{"type":"Feature","properties":{"minutes":61.3,"people":29,"clinic_min":62.41,"school_min":60.2,"k_clinic":5,"k_school":5,"within_15":0,"off_street":0,"ward":"Okun Ajah\u2013Okunmopo","lga":"Eti Osa","place":"Okun Ajah Baales Palace","place_m":640},"geometry":{"type":"Polygon","coordinates":[[[3.59561,6.43334],[3.59405,6.43425],[3.59248,6.43334],[3.59248,6.43153],[3.59404,6.43063],[3.59561,6.43153],[3.59561,6.43334]]]}},{"type":"Feature","properties":{"minutes":67.31,"people":44,"clinic_min":69.14,"school_min":65.48,"k_clinic":5,"k_school":5,"within_15":0,"off_street":1,"ward":"Okun Ajah\u2013Okunmopo","lga":"Eti Osa","place":"Okun Ajah Baales Palace","place_m":411},"geometry":{"type":"Polygon","coordinates":[[[3.59874,6.43334],[3.59718,6.43424],[3.59561,6.43334],[3.59561,6.43153],[3.59717,6.43062],[3.59874,6.43153],[3.59874,6.43334]]]}},{"type":"Feature","properties":{"minutes":69.91,"people":108,"clinic_min":71.74,"school_min":68.08,"k_clinic":5,"k_school":5,"within_15":0,"off_street":1,"ward":"Okun Ajah\u2013Okunmopo","lga":"Eti Osa","place":"Okun Ajah Baales Palace","place_m":410},"geometry":{"type":"Polygon","coordinates":[[[3.60188,6.43333],[3.60031,6.43424],[3.59874,6.43334],[3.59874,6.43153],[3.60031,6.43062],[3.60187,6.43152],[3.60188,6.43333]]]}},{"type":"Feature","properties":{"minutes":75.22,"people":20,"clinic_min":77.75,"school_min":72.68,"k_clinic":5,"k_school":5,"within_15":0,"off_street":1,"ward":"Okun Ajah\u2013Okunmopo","lga":"Eti Osa","place":"Shakiru Akinlade","place_m":1192},"geometry":{"type":"Polygon","coordinates":[[[3.61127,6.43332],[3.60971,6.43423],[3.60814,6.43333],[3.60814,6.43152],[3.6097,6.43061],[3.61127,6.43151],[3.61127,6.43332]]]}},{"type":"Feature","properties":{"minutes":20.28,"people":151,"clinic_min":20.36,"school_min":20.2,"k_clinic":5,"k_school":5,"within_15":0,"off_street":1,"ward":"Abraham Adesanya","lga":"Apapa","place":"Kirikiri Depot Sea","place_m":150},"geometry":{"type":"Polygon","coordinates":[[[3.33404,6.43629],[3.33248,6.4372],[3.33091,6.43629],[3.33091,6.43448],[3.33247,6.43358],[3.33404,6.43448],[3.33404,6.43629]]]}},{"type":"Feature","properties":{"minutes":11.47,"people":599,"clinic_min":18.42,"school_min":4.52,"k_clinic":5,"k_school":5,"within_15":1,"off_street":0,"ward":"Abraham Adesanya","lga":"Apapa","place":"Kirikiri Depot Sea","place_m":197},"geometry":{"type":"Polygon","coordinates":[[[3.33717,6.43629],[3.33561,6.4372],[3.33404,6.43629],[3.33404,6.43448],[3.33561,6.43358],[3.33717,6.43448],[3.33717,6.43629]]]}},{"type":"Feature","properties":{"minutes":16.6,"people":557,"clinic_min":23.5,"school_min":9.69,"k_clinic":5,"k_school":5,"within_15":0,"off_street":0,"ward":"Abraham Adesanya","lga":"Apapa","place":"Kirikiri Depot Sea","place_m":544},"geometry":{"type":"Polygon","coordinates":[[[3.34031,6.43629],[3.33874,6.43719],[3.33717,6.43629],[3.33717,6.43448],[3.33874,6.43357],[3.34031,6.43448],[3.34031,6.43629]]]}},{"type":"Feature","properties":{"minutes":13.56,"people":219,"clinic_min":17.39,"school_min":9.73,"k_clinic":5,"k_school":5,"within_15":1,"off_street":0,"ward":"Abraham Adesanya","lga":"Apapa","place":"Temidire","place_m":798},"geometry":{"type":"Polygon","coordinates":[[[3.34344,6.43629],[3.34187,6.43719],[3.34031,6.43629],[3.34031,6.43448],[3.34187,6.43357],[3.34344,6.43448],[3.34344,6.43629]]]}},{"type":"Feature","properties":{"minutes":13.59,"people":708,"clinic_min":16.17,"school_min":11.0,"k_clinic":5,"k_school":5,"within_15":1,"off_street":0,"ward":"Abraham Adesanya","lga":"Apapa","place":"Temidire","place_m":777},"geometry":{"type":"Polygon","coordinates":[[[3.34657,6.43628],[3.34501,6.43719],[3.34344,6.43629],[3.34344,6.43448],[3.345,6.43357],[3.34657,6.43447],[3.34657,6.43628]]]}},{"type":"Feature","properties":{"minutes":24.79,"people":143,"clinic_min":28.42,"school_min":21.15,"k_clinic":5,"k_school":5,"within_15":0,"off_street":0,"ward":"Abraham Adesanya","lga":"Apapa","place":"Temidire","place_m":900},"geometry":{"type":"Polygon","coordinates":[[[3.34971,6.43628],[3.34814,6.43719],[3.34657,6.43628],[3.34657,6.43447],[3.34814,6.43357],[3.3497,6.43447],[3.34971,6.43628]]]}},{"type":"Feature","properties":{"minutes":17.91,"people":187,"clinic_min":15.89,"school_min":19.94,"k_clinic":5,"k_school":5,"within_15":0,"off_street":0,"ward":"Abraham Adesanya","lga":"Apapa","place":"Marine","place_m":807},"geometry":{"type":"Polygon","coordinates":[[[3.35284,6.43628],[3.35127,6.43718],[3.34971,6.43628],[3.3497,6.43447],[3.35127,6.43357],[3.35284,6.43447],[3.35284,6.43628]]]}},{"type":"Feature","properties":{"minutes":16.1,"people":333,"clinic_min":20.48,"school_min":11.71,"k_clinic":5,"k_school":5,"within_15":0,"off_street":0,"ward":"Abraham Adesanya","lga":"Apapa","place":"Marine","place_m":652},"geometry":{"type":"Polygon","coordinates":[[[3.35597,6.43628],[3.35441,6.43718],[3.35284,6.43628],[3.35284,6.43447],[3.3544,6.43356],[3.35597,6.43447],[3.35597,6.43628]]]}},{"type":"Feature","properties":{"minutes":10.83,"people":753,"clinic_min":14.08,"school_min":7.58,"k_clinic":5,"k_school":5,"within_15":1,"off_street":0,"ward":"Abraham Adesanya","lga":"Apapa","place":"Marine","place_m":664},"geometry":{"type":"Polygon","coordinates":[[[3.3591,6.43627],[3.35754,6.43718],[3.35597,6.43628],[3.35597,6.43447],[3.35754,6.43356],[3.3591,6.43447],[3.3591,6.43627]]]}},{"type":"Feature","properties":{"minutes":14.51,"people":524,"clinic_min":18.68,"school_min":10.34,"k_clinic":5,"k_school":5,"within_15":1,"off_street":0,"ward":"Abraham Adesanya","lga":"Apapa","place":"Marine","place_m":834},"geometry":{"type":"Polygon","coordinates":[[[3.36224,6.43627],[3.36067,6.43718],[3.3591,6.43627],[3.3591,6.43447],[3.36067,6.43356],[3.36223,6.43446],[3.36224,6.43627]]]}},{"type":"Feature","properties":{"minutes":12.44,"people":430,"clinic_min":9.98,"school_min":14.89,"k_clinic":5,"k_school":5,"within_15":1,"off_street":0,"ward":"Abraham Adesanya","lga":"Apapa","place":"Marine","place_m":1091},"geometry":{"type":"Polygon","coordinates":[[[3.36537,6.43627],[3.3638,6.43718],[3.36224,6.43627],[3.36223,6.43446],[3.3638,6.43356],[3.36537,6.43446],[3.36537,6.43627]]]}},{"type":"Feature","properties":{"minutes":12.15,"people":441,"clinic_min":11.02,"school_min":13.29,"k_clinic":5,"k_school":5,"within_15":1,"off_street":0,"ward":"Abraham Adesanya","lga":"Apapa","place":"Irede","place_m":871},"geometry":{"type":"Polygon","coordinates":[[[3.3685,6.43627],[3.36694,6.43717],[3.36537,6.43627],[3.36537,6.43446],[3.36693,6.43356],[3.3685,6.43446],[3.3685,6.43627]]]}},{"type":"Feature","properties":{"minutes":13.82,"people":331,"clinic_min":15.66,"school_min":11.98,"k_clinic":5,"k_school":5,"within_15":1,"off_street":0,"ward":"Abraham Adesanya","lga":"Apapa","place":"Irede","place_m":661},"geometry":{"type":"Polygon","coordinates":[[[3.37163,6.43627],[3.37007,6.43717],[3.3685,6.43627],[3.3685,6.43446],[3.37007,6.43355],[3.37163,6.43446],[3.37163,6.43627]]]}},{"type":"Feature","properties":{"minutes":11.7,"people":183,"clinic_min":12.45,"school_min":10.96,"k_clinic":5,"k_school":5,"within_15":1,"off_street":0,"ward":"Abraham Adesanya","lga":"Apapa","place":"Irede","place_m":596},"geometry":{"type":"Polygon","coordinates":[[[3.37477,6.43626],[3.3732,6.43717],[3.37163,6.43627],[3.37163,6.43446],[3.3732,6.43355],[3.37477,6.43445],[3.37477,6.43626]]]}},{"type":"Feature","properties":{"minutes":9.56,"people":59,"clinic_min":11.11,"school_min":8.0,"k_clinic":5,"k_school":5,"within_15":1,"off_street":0,"ward":"Abraham Adesanya","lga":"Apapa","place":"Ilado","place_m":491},"geometry":{"type":"Polygon","coordinates":[[[3.3779,6.43626],[3.37633,6.43717],[3.37477,6.43626],[3.37477,6.43445],[3.37633,6.43355],[3.3779,6.43445],[3.3779,6.43626]]]}},{"type":"Feature","properties":{"minutes":17.34,"people":14,"clinic_min":20.45,"school_min":14.23,"k_clinic":5,"k_school":5,"within_15":0,"off_street":1,"ward":"Abraham Adesanya","lga":"Apapa","place":"Ilado","place_m":335},"geometry":{"type":"Polygon","coordinates":[[[3.38103,6.43626],[3.37947,6.43716],[3.3779,6.43626],[3.3779,6.43445],[3.37946,6.43355],[3.38103,6.43445],[3.38103,6.43626]]]}},{"type":"Feature","properties":{"minutes":28.9,"people":44,"clinic_min":30.54,"school_min":27.26,"k_clinic":5,"k_school":5,"within_15":0,"off_street":0,"ward":"Abraham Adesanya","lga":"Apapa","place":"Ilado","place_m":1079},"geometry":{"type":"Polygon","coordinates":[[[3.39043,6.43625],[3.38886,6.43716],[3.3873,6.43625],[3.3873,6.43444],[3.38886,6.43354],[3.39043,6.43444],[3.39043,6.43625]]]}},{"type":"Feature","properties":{"minutes":31.96,"people":199,"clinic_min":33.6,"school_min":30.33,"k_clinic":5,"k_school":5,"within_15":0,"off_street":0,"ward":"Abraham Adesanya","lga":"Apapa","place":"Ogogoro","place_m":1124},"geometry":{"type":"Polygon","coordinates":[[[3.39356,6.43625],[3.392,6.43716],[3.39043,6.43625],[3.39043,6.43444],[3.39199,6.43354],[3.39356,6.43444],[3.39356,6.43625]]]}},{"type":"Feature","properties":{"minutes":37.9,"people":105,"clinic_min":39.5,"school_min":36.29,"k_clinic":5,"k_school":5,"within_15":0,"off_street":0,"ward":"Abraham Adesanya","lga":"Apapa","place":"Ogogoro","place_m":1152},"geometry":{"type":"Polygon","coordinates":[[[3.3967,6.43625],[3.39513,6.43715],[3.39356,6.43625],[3.39356,6.43444],[3.39513,6.43353],[3.39669,6.43444],[3.3967,6.43625]]]}},{"type":"Feature","properties":{"minutes":16.8,"people":285,"clinic_min":18.96,"school_min":14.64,"k_clinic":5,"k_school":5,"within_15":0,"off_street":0,"ward":"Tarkwa Bay","lga":"Eti Osa","place":"Onikan","place_m":1110},"geometry":{"type":"Polygon","coordinates":[[[3.40609,6.43624],[3.40453,6.43715],[3.40296,6.43624],[3.40296,6.43443],[3.40452,6.43353],[3.40609,6.43443],[3.40609,6.43624]]]}},{"type":"Feature","properties":{"minutes":12.02,"people":672,"clinic_min":14.64,"school_min":9.39,"k_clinic":5,"k_school":5,"within_15":1,"off_street":0,"ward":"Tarkwa Bay","lga":"Eti Osa","place":"Araromi Odo","place_m":1203},"geometry":{"type":"Polygon","coordinates":[[[3.40923,6.43624],[3.40766,6.43714],[3.40609,6.43624],[3.40609,6.43443],[3.40766,6.43352],[3.40922,6.43443],[3.40923,6.43624]]]}},{"type":"Feature","properties":{"minutes":12.93,"people":1166,"clinic_min":14.56,"school_min":11.3,"k_clinic":5,"k_school":5,"within_15":1,"off_street":0,"ward":"Victoria Island","lga":"Eti Osa","place":"Ozumba Way","place_m":1267},"geometry":{"type":"Polygon","coordinates":[[[3.41236,6.43623],[3.41079,6.43714],[3.40923,6.43624],[3.40922,6.43443],[3.41079,6.43352],[3.41236,6.43443],[3.41236,6.43623]]]}},{"type":"Feature","properties":{"minutes":13.79,"people":942,"clinic_min":15.22,"school_min":12.36,"k_clinic":5,"k_school":5,"within_15":1,"off_street":0,"ward":"Victoria Island","lga":"Eti Osa","place":"Ozumba Way","place_m":922},"geometry":{"type":"Polygon","coordinates":[[[3.41549,6.43623],[3.41393,6.43714],[3.41236,6.43623],[3.41236,6.43443],[3.41392,6.43352],[3.41549,6.43442],[3.41549,6.43623]]]}},{"type":"Feature","properties":{"minutes":14.09,"people":500,"clinic_min":14.84,"school_min":13.35,"k_clinic":5,"k_school":5,"within_15":1,"off_street":0,"ward":"Victoria Island","lga":"Eti Osa","place":"Ozumba Way","place_m":580},"geometry":{"type":"Polygon","coordinates":[[[3.41862,6.43623],[3.41706,6.43714],[3.41549,6.43623],[3.41549,6.43442],[3.41706,6.43352],[3.41862,6.43442],[3.41862,6.43623]]]}},{"type":"Feature","properties":{"minutes":15.05,"people":594,"clinic_min":15.13,"school_min":14.97,"k_clinic":5,"k_school":5,"within_15":0,"off_street":0,"ward":"Victoria Island","lga":"Eti Osa","place":"Ozumba Way","place_m":250},"geometry":{"type":"Polygon","coordinates":[[[3.42176,6.43623],[3.42019,6.43713],[3.41862,6.43623],[3.41862,6.43442],[3.42019,6.43351],[3.42175,6.43442],[3.42176,6.43623]]]}},{"type":"Feature","properties":{"minutes":19.62,"people":796,"clinic_min":19.54,"school_min":19.7,"k_clinic":5,"k_school":5,"within_15":0,"off_street":0,"ward":"Victoria Island","lga":"Eti Osa","place":"Ozumba Way","place_m":168},"geometry":{"type":"Polygon","coordinates":[[[3.42489,6.43622],[3.42332,6.43713],[3.42176,6.43623],[3.42175,6.43442],[3.42332,6.43351],[3.42489,6.43442],[3.42489,6.43622]]]}},{"type":"Feature","properties":{"minutes":14.01,"people":774,"clinic_min":12.47,"school_min":15.55,"k_clinic":5,"k_school":5,"within_15":1,"off_street":0,"ward":"1004\u2013Aboyade","lga":"Eti Osa","place":"Ozumba Way","place_m":484},"geometry":{"type":"Polygon","coordinates":[[[3.42802,6.43622],[3.42646,6.43713],[3.42489,6.43622],[3.42489,6.43442],[3.42645,6.43351],[3.42802,6.43441],[3.42802,6.43622]]]}},{"type":"Feature","properties":{"minutes":11.83,"people":936,"clinic_min":10.31,"school_min":13.35,"k_clinic":5,"k_school":5,"within_15":1,"off_street":0,"ward":"1004\u2013Aboyade","lga":"Eti Osa","place":"Victoria Island","place_m":353},"geometry":{"type":"Polygon","coordinates":[[[3.43115,6.43622],[3.42959,6.43712],[3.42802,6.43622],[3.42802,6.43441],[3.42959,6.43351],[3.43115,6.43441],[3.43115,6.43622]]]}},{"type":"Feature","properties":{"minutes":8.78,"people":1311,"clinic_min":8.08,"school_min":9.47,"k_clinic":5,"k_school":5,"within_15":1,"off_street":0,"ward":"1004\u2013Aboyade","lga":"Eti Osa","place":"Itirin","place_m":231},"geometry":{"type":"Polygon","coordinates":[[[3.43429,6.43622],[3.43272,6.43712],[3.43115,6.43622],[3.43115,6.43441],[3.43272,6.4335],[3.43429,6.43441],[3.43429,6.43622]]]}},{"type":"Feature","properties":{"minutes":8.72,"people":1232,"clinic_min":11.08,"school_min":6.37,"k_clinic":5,"k_school":5,"within_15":1,"off_street":0,"ward":"1004\u2013Aboyade","lga":"Eti Osa","place":"Iru","place_m":326},"geometry":{"type":"Polygon","coordinates":[[[3.43742,6.43621],[3.43585,6.43712],[3.43429,6.43622],[3.43429,6.43441],[3.43585,6.4335],[3.43742,6.4344],[3.43742,6.43621]]]}},{"type":"Feature","properties":{"minutes":2.42,"people":682,"clinic_min":2.79,"school_min":2.05,"k_clinic":5,"k_school":5,"within_15":1,"off_street":0,"ward":"1004\u2013Aboyade","lga":"Eti Osa","place":"Iru","place_m":241},"geometry":{"type":"Polygon","coordinates":[[[3.44055,6.43621],[3.43899,6.43712],[3.43742,6.43621],[3.43742,6.4344],[3.43898,6.4335],[3.44055,6.4344],[3.44055,6.43621]]]}},{"type":"Feature","properties":{"minutes":6.11,"people":259,"clinic_min":5.01,"school_min":7.21,"k_clinic":5,"k_school":5,"within_15":1,"off_street":0,"ward":"1004\u2013Aboyade","lga":"Eti Osa","place":"Iru","place_m":499},"geometry":{"type":"Polygon","coordinates":[[[3.44368,6.43621],[3.44212,6.43711],[3.44055,6.43621],[3.44055,6.4344],[3.44212,6.4335],[3.44368,6.4344],[3.44368,6.43621]]]}},{"type":"Feature","properties":{"minutes":9.17,"people":194,"clinic_min":8.26,"school_min":10.08,"k_clinic":5,"k_school":5,"within_15":1,"off_street":0,"ward":"Apese\u20136 Extension","lga":"Eti Osa","place":"Gegede","place_m":537},"geometry":{"type":"Polygon","coordinates":[[[3.44682,6.43621],[3.44525,6.43711],[3.44368,6.43621],[3.44368,6.4344],[3.44525,6.43349],[3.44682,6.4344],[3.44682,6.43621]]]}},{"type":"Feature","properties":{"minutes":12.58,"people":277,"clinic_min":11.65,"school_min":13.51,"k_clinic":5,"k_school":5,"within_15":1,"off_street":0,"ward":"Apese\u20136 Extension","lga":"Eti Osa","place":"Gegede","place_m":249},"geometry":{"type":"Polygon","coordinates":[[[3.44995,6.4362],[3.44838,6.43711],[3.44682,6.43621],[3.44682,6.4344],[3.44838,6.43349],[3.44995,6.43439],[3.44995,6.4362]]]}},{"type":"Feature","properties":{"minutes":15.12,"people":480,"clinic_min":14.6,"school_min":15.64,"k_clinic":5,"k_school":5,"within_15":0,"off_street":0,"ward":"Apese\u20136 Extension","lga":"Eti Osa","place":"Oniru","place_m":161},"geometry":{"type":"Polygon","coordinates":[[[3.45308,6.4362],[3.45152,6.43711],[3.44995,6.4362],[3.44995,6.43439],[3.45151,6.43349],[3.45308,6.43439],[3.45308,6.4362]]]}},{"type":"Feature","properties":{"minutes":12.66,"people":596,"clinic_min":12.6,"school_min":12.73,"k_clinic":5,"k_school":5,"within_15":1,"off_street":0,"ward":"Apese\u20136 Extension","lga":"Eti Osa","place":"Oniru","place_m":271},"geometry":{"type":"Polygon","coordinates":[[[3.45622,6.4362],[3.45465,6.4371],[3.45308,6.4362],[3.45308,6.43439],[3.45465,6.43348],[3.45621,6.43439],[3.45622,6.4362]]]}},{"type":"Feature","properties":{"minutes":11.64,"people":956,"clinic_min":10.66,"school_min":12.61,"k_clinic":5,"k_school":5,"within_15":1,"off_street":0,"ward":"Ikate\u2013Lekki","lga":"Eti Osa","place":"Oniru","place_m":601},"geometry":{"type":"Polygon","coordinates":[[[3.45935,6.43619],[3.45778,6.4371],[3.45622,6.4362],[3.45621,6.43439],[3.45778,6.43348],[3.45935,6.43439],[3.45935,6.43619]]]}},{"type":"Feature","properties":{"minutes":12.34,"people":1217,"clinic_min":11.07,"school_min":13.62,"k_clinic":5,"k_school":5,"within_15":1,"off_street":0,"ward":"Ikate\u2013Lekki","lga":"Eti Osa","place":"Durosinmi Etti Drive","place_m":483},"geometry":{"type":"Polygon","coordinates":[[[3.46248,6.43619],[3.46091,6.4371],[3.45935,6.43619],[3.45935,6.43439],[3.46091,6.43348],[3.46248,6.43438],[3.46248,6.43619]]]}},{"type":"Feature","properties":{"minutes":12.36,"people":1455,"clinic_min":12.65,"school_min":12.06,"k_clinic":5,"k_school":5,"within_15":1,"off_street":0,"ward":"Ikate\u2013Lekki","lga":"Eti Osa","place":"Durosinmi Etti Drive","place_m":231},"geometry":{"type":"Polygon","coordinates":[[[3.46561,6.43619],[3.46405,6.43709],[3.46248,6.43619],[3.46248,6.43438],[3.46404,6.43348],[3.46561,6.43438],[3.46561,6.43619]]]}},{"type":"Feature","properties":{"minutes":11.13,"people":938,"clinic_min":13.06,"school_min":9.21,"k_clinic":5,"k_school":5,"within_15":1,"off_street":0,"ward":"Ikate\u2013Lekki","lga":"Eti Osa","place":"Durosinmi Etti Drive","place_m":337},"geometry":{"type":"Polygon","coordinates":[[[3.46875,6.43619],[3.46718,6.43709],[3.46561,6.43619],[3.46561,6.43438],[3.46718,6.43347],[3.46874,6.43438],[3.46875,6.43619]]]}},{"type":"Feature","properties":{"minutes":10.54,"people":1378,"clinic_min":12.7,"school_min":8.37,"k_clinic":5,"k_school":5,"within_15":1,"off_street":0,"ward":"Ikate\u2013Lekki","lga":"Eti Osa","place":"Lekki Phase One","place_m":203},"geometry":{"type":"Polygon","coordinates":[[[3.47188,6.43618],[3.47031,6.43709],[3.46875,6.43619],[3.46874,6.43438],[3.47031,6.43347],[3.47188,6.43437],[3.47188,6.43618]]]}},{"type":"Feature","properties":{"minutes":12.84,"people":1172,"clinic_min":13.12,"school_min":12.57,"k_clinic":5,"k_school":5,"within_15":1,"off_street":0,"ward":"Ikate\u2013Lekki","lga":"Eti Osa","place":"Lekki Phase One","place_m":387},"geometry":{"type":"Polygon","coordinates":[[[3.47501,6.43618],[3.47345,6.43709],[3.47188,6.43618],[3.47188,6.43437],[3.47344,6.43347],[3.47501,6.43437],[3.47501,6.43618]]]}},{"type":"Feature","properties":{"minutes":11.5,"people":1696,"clinic_min":9.98,"school_min":13.02,"k_clinic":5,"k_school":5,"within_15":1,"off_street":0,"ward":"Ikate\u2013Lekki","lga":"Eti Osa","place":"Lekki Phase One","place_m":706},"geometry":{"type":"Polygon","coordinates":[[[3.47814,6.43618],[3.47658,6.43708],[3.47501,6.43618],[3.47501,6.43437],[3.47657,6.43346],[3.47814,6.43437],[3.47814,6.43618]]]}},{"type":"Feature","properties":{"minutes":11.61,"people":1232,"clinic_min":9.38,"school_min":13.83,"k_clinic":5,"k_school":5,"within_15":1,"off_street":0,"ward":"Ikate\u2013Lekki","lga":"Eti Osa","place":"Ikate","place_m":530},"geometry":{"type":"Polygon","coordinates":[[[3.48128,6.43617],[3.47971,6.43708],[3.47814,6.43618],[3.47814,6.43437],[3.47971,6.43346],[3.48127,6.43437],[3.48128,6.43617]]]}},{"type":"Feature","properties":{"minutes":12.59,"people":1010,"clinic_min":11.8,"school_min":13.38,"k_clinic":5,"k_school":5,"within_15":1,"off_street":0,"ward":"Ikate\u2013Lekki","lga":"Eti Osa","place":"Ikate","place_m":269},"geometry":{"type":"Polygon","coordinates":[[[3.48441,6.43617],[3.48284,6.43708],[3.48128,6.43617],[3.48127,6.43437],[3.48284,6.43346],[3.48441,6.43436],[3.48441,6.43617]]]}},{"type":"Feature","properties":{"minutes":13.53,"people":1196,"clinic_min":12.86,"school_min":14.21,"k_clinic":5,"k_school":5,"within_15":1,"off_street":0,"ward":"Ikate\u2013Lekki","lga":"Eti Osa","place":"Ikate","place_m":321},"geometry":{"type":"Polygon","coordinates":[[[3.48754,6.43617],[3.48598,6.43707],[3.48441,6.43617],[3.48441,6.43436],[3.48597,6.43346],[3.48754,6.43436],[3.48754,6.43617]]]}},{"type":"Feature","properties":{"minutes":16.0,"people":1029,"clinic_min":15.68,"school_min":16.33,"k_clinic":5,"k_school":5,"within_15":0,"off_street":0,"ward":"Ikate\u2013Lekki","lga":"Eti Osa","place":"Elegusi Beach Way","place_m":268},"geometry":{"type":"Polygon","coordinates":[[[3.49067,6.43617],[3.48911,6.43707],[3.48754,6.43617],[3.48754,6.43436],[3.4891,6.43345],[3.49067,6.43436],[3.49067,6.43617]]]}},{"type":"Feature","properties":{"minutes":15.57,"people":664,"clinic_min":17.06,"school_min":14.07,"k_clinic":5,"k_school":5,"within_15":0,"off_street":0,"ward":"Ikate\u2013Lekki","lga":"Eti Osa","place":"Ikate Lekki","place_m":116},"geometry":{"type":"Polygon","coordinates":[[[3.49381,6.43616],[3.49224,6.43707],[3.49067,6.43617],[3.49067,6.43436],[3.49224,6.43345],[3.4938,6.43435],[3.49381,6.43616]]]}},{"type":"Feature","properties":{"minutes":15.8,"people":319,"clinic_min":17.28,"school_min":14.31,"k_clinic":5,"k_school":5,"within_15":0,"off_street":0,"ward":"Ikate\u2013Lekki","lga":"Eti Osa","place":"Ikate Lekki","place_m":380},"geometry":{"type":"Polygon","coordinates":[[[3.49694,6.43616],[3.49537,6.43707],[3.49381,6.43616],[3.4938,6.43435],[3.49537,6.43345],[3.49694,6.43435],[3.49694,6.43616]]]}},{"type":"Feature","properties":{"minutes":15.25,"people":453,"clinic_min":13.86,"school_min":16.64,"k_clinic":5,"k_school":5,"within_15":0,"off_street":0,"ward":"Ilasan\u2013Orile","lga":"Eti Osa","place":"Igboefon","place_m":269},"geometry":{"type":"Polygon","coordinates":[[[3.50007,6.43616],[3.49851,6.43706],[3.49694,6.43616],[3.49694,6.43435],[3.4985,6.43344],[3.50007,6.43435],[3.50007,6.43616]]]}},{"type":"Feature","properties":{"minutes":8.55,"people":863,"clinic_min":7.05,"school_min":10.06,"k_clinic":5,"k_school":5,"within_15":1,"off_street":0,"ward":"Ilasan\u2013Orile","lga":"Eti Osa","place":"Jakande Gate","place_m":74},"geometry":{"type":"Polygon","coordinates":[[[3.5032,6.43615],[3.50164,6.43706],[3.50007,6.43616],[3.50007,6.43435],[3.50164,6.43344],[3.5032,6.43434],[3.5032,6.43615]]]}},{"type":"Feature","properties":{"minutes":5.49,"people":1966,"clinic_min":2.91,"school_min":8.06,"k_clinic":5,"k_school":5,"within_15":1,"off_street":0,"ward":"Ilasan\u2013Orile","lga":"Eti Osa","place":"Jakande Gate","place_m":292},"geometry":{"type":"Polygon","coordinates":[[[3.50634,6.43615],[3.50477,6.43706],[3.5032,6.43615],[3.5032,6.43434],[3.50477,6.43344],[3.50633,6.43434],[3.50634,6.43615]]]}},{"type":"Feature","properties":{"minutes":5.9,"people":1746,"clinic_min":4.92,"school_min":6.87,"k_clinic":5,"k_school":5,"within_15":1,"off_street":0,"ward":"Ilasan\u2013Orile","lga":"Eti Osa","place":"Jakande","place_m":92},"geometry":{"type":"Polygon","coordinates":[[[3.50947,6.43615],[3.5079,6.43705],[3.50634,6.43615],[3.50633,6.43434],[3.5079,6.43343],[3.50947,6.43434],[3.50947,6.43615]]]}},{"type":"Feature","properties":{"minutes":8.78,"people":1698,"clinic_min":9.59,"school_min":7.97,"k_clinic":5,"k_school":5,"within_15":1,"off_street":0,"ward":"Maroko\u2013Okun Alfa","lga":"Eti Osa","place":"Lekki","place_m":161},"geometry":{"type":"Polygon","coordinates":[[[3.5126,6.43614],[3.51104,6.43705],[3.50947,6.43615],[3.50947,6.43434],[3.51103,6.43343],[3.5126,6.43433],[3.5126,6.43614]]]}},{"type":"Feature","properties":{"minutes":13.26,"people":872,"clinic_min":13.9,"school_min":12.61,"k_clinic":5,"k_school":5,"within_15":1,"off_street":0,"ward":"Maroko\u2013Okun Alfa","lga":"Eti Osa","place":"Olokolo","place_m":277},"geometry":{"type":"Polygon","coordinates":[[[3.51573,6.43614],[3.51417,6.43705],[3.5126,6.43614],[3.5126,6.43433],[3.51417,6.43343],[3.51573,6.43433],[3.51573,6.43614]]]}},{"type":"Feature","properties":{"minutes":12.58,"people":894,"clinic_min":14.86,"school_min":10.3,"k_clinic":5,"k_school":5,"within_15":1,"off_street":0,"ward":"Maroko\u2013Okun Alfa","lga":"Eti Osa","place":"Olokolo","place_m":157},"geometry":{"type":"Polygon","coordinates":[[[3.51887,6.43614],[3.5173,6.43704],[3.51573,6.43614],[3.51573,6.43433],[3.5173,6.43343],[3.51887,6.43433],[3.51887,6.43614]]]}},{"type":"Feature","properties":{"minutes":8.54,"people":838,"clinic_min":11.9,"school_min":5.18,"k_clinic":5,"k_school":5,"within_15":1,"off_street":0,"ward":"Maroko\u2013Okun Alfa","lga":"Eti Osa","place":"Efon","place_m":367},"geometry":{"type":"Polygon","coordinates":[[[3.522,6.43613],[3.52043,6.43704],[3.51887,6.43614],[3.51887,6.43433],[3.52043,6.43342],[3.522,6.43433],[3.522,6.43613]]]}},{"type":"Feature","properties":{"minutes":7.55,"people":1910,"clinic_min":9.56,"school_min":5.55,"k_clinic":5,"k_school":5,"within_15":1,"off_street":0,"ward":"Maroko\u2013Okun Alfa","lga":"Eti Osa","place":"Alpha Beach","place_m":342},"geometry":{"type":"Polygon","coordinates":[[[3.52513,6.43613],[3.52357,6.43704],[3.522,6.43613],[3.522,6.43433],[3.52356,6.43342],[3.52513,6.43432],[3.52513,6.43613]]]}},{"type":"Feature","properties":{"minutes":10.54,"people":443,"clinic_min":13.6,"school_min":7.48,"k_clinic":5,"k_school":5,"within_15":1,"off_street":0,"ward":"Maroko\u2013Okun Alfa","lga":"Eti Osa","place":"Alpha Beach","place_m":275},"geometry":{"type":"Polygon","coordinates":[[[3.52826,6.43613],[3.5267,6.43703],[3.52513,6.43613],[3.52513,6.43432],[3.5267,6.43342],[3.52826,6.43432],[3.52826,6.43613]]]}},{"type":"Feature","properties":{"minutes":24.5,"people":259,"clinic_min":26.21,"school_min":22.78,"k_clinic":5,"k_school":5,"within_15":0,"off_street":0,"ward":"Igbo-Efon\u2013Maiyegun","lga":"Eti Osa","place":"Olugborogan Palace","place_m":722},"geometry":{"type":"Polygon","coordinates":[[[3.53453,6.43612],[3.53296,6.43703],[3.5314,6.43612],[3.5314,6.43432],[3.53296,6.43341],[3.53453,6.43431],[3.53453,6.43612]]]}},{"type":"Feature","properties":{"minutes":23.75,"people":678,"clinic_min":29.27,"school_min":18.24,"k_clinic":5,"k_school":5,"within_15":0,"off_street":0,"ward":"Igbo-Efon\u2013Maiyegun","lga":"Eti Osa","place":"Olugborogan Palace","place_m":427},"geometry":{"type":"Polygon","coordinates":[[[3.5408,6.43611],[3.53923,6.43702],[3.53766,6.43612],[3.53766,6.43431],[3.53923,6.4334],[3.54079,6.43431],[3.5408,6.43611]]]}},{"type":"Feature","properties":{"minutes":22.89,"people":670,"clinic_min":28.04,"school_min":17.73,"k_clinic":5,"k_school":5,"within_15":0,"off_street":0,"ward":"Igbo-Efon\u2013Maiyegun","lga":"Eti Osa","place":"Olugborogan Palace","place_m":611},"geometry":{"type":"Polygon","coordinates":[[[3.54393,6.43611],[3.54236,6.43702],[3.5408,6.43611],[3.54079,6.43431],[3.54236,6.4334],[3.54393,6.4343],[3.54393,6.43611]]]}},{"type":"Feature","properties":{"minutes":23.76,"people":608,"clinic_min":27.9,"school_min":19.61,"k_clinic":5,"k_school":5,"within_15":0,"off_street":0,"ward":"Igbo-Efon\u2013Maiyegun","lga":"Eti Osa","place":"Nil","place_m":473},"geometry":{"type":"Polygon","coordinates":[[[3.54706,6.43611],[3.54549,6.43701],[3.54393,6.43611],[3.54393,6.4343],[3.54549,6.4334],[3.54706,6.4343],[3.54706,6.43611]]]}},{"type":"Feature","properties":{"minutes":25.43,"people":447,"clinic_min":29.31,"school_min":21.56,"k_clinic":5,"k_school":5,"within_15":0,"off_street":0,"ward":"Igbo-Efon\u2013Maiyegun","lga":"Eti Osa","place":"Nil","place_m":487},"geometry":{"type":"Polygon","coordinates":[[[3.55019,6.4361],[3.54863,6.43701],[3.54706,6.43611],[3.54706,6.4343],[3.54862,6.43339],[3.55019,6.4343],[3.55019,6.4361]]]}},{"type":"Feature","properties":{"minutes":27.58,"people":489,"clinic_min":31.24,"school_min":23.92,"k_clinic":5,"k_school":5,"within_15":0,"off_street":0,"ward":"Igbo-Efon\u2013Maiyegun","lga":"Eti Osa","place":"South Point Estate","place_m":504},"geometry":{"type":"Polygon","coordinates":[[[3.55333,6.4361],[3.55176,6.43701],[3.55019,6.4361],[3.55019,6.4343],[3.55176,6.43339],[3.55332,6.43429],[3.55333,6.4361]]]}},{"type":"Feature","properties":{"minutes":33.58,"people":575,"clinic_min":31.27,"school_min":35.9,"k_clinic":5,"k_school":5,"within_15":0,"off_street":0,"ward":"Igbo-Efon\u2013Maiyegun","lga":"Eti Osa","place":"South Point Estate","place_m":405},"geometry":{"type":"Polygon","coordinates":[[[3.55646,6.4361],[3.55489,6.437],[3.55333,6.4361],[3.55332,6.43429],[3.55489,6.43339],[3.55646,6.43429],[3.55646,6.4361]]]}},{"type":"Feature","properties":{"minutes":38.07,"people":613,"clinic_min":34.5,"school_min":41.65,"k_clinic":5,"k_school":5,"within_15":0,"off_street":0,"ward":"Igbo-Efon\u2013Maiyegun","lga":"Eti Osa","place":"South Point Estate","place_m":560},"geometry":{"type":"Polygon","coordinates":[[[3.55959,6.43609],[3.55803,6.437],[3.55646,6.4361],[3.55646,6.43429],[3.55802,6.43338],[3.55959,6.43429],[3.55959,6.43609]]]}},{"type":"Feature","properties":{"minutes":36.85,"people":658,"clinic_min":33.28,"school_min":40.42,"k_clinic":5,"k_school":5,"within_15":0,"off_street":0,"ward":"Igbo-Efon\u2013Maiyegun","lga":"Eti Osa","place":"Itirin Town","place_m":769},"geometry":{"type":"Polygon","coordinates":[[[3.56272,6.43609],[3.56116,6.437],[3.55959,6.43609],[3.55959,6.43429],[3.56115,6.43338],[3.56272,6.43428],[3.56272,6.43609]]]}},{"type":"Feature","properties":{"minutes":38.07,"people":447,"clinic_min":33.47,"school_min":42.66,"k_clinic":5,"k_school":5,"within_15":0,"off_street":0,"ward":"Igbo-Efon\u2013Maiyegun","lga":"Eti Osa","place":"Itirin Town","place_m":688},"geometry":{"type":"Polygon","coordinates":[[[3.56586,6.43609],[3.56429,6.43699],[3.56272,6.43609],[3.56272,6.43428],[3.56429,6.43338],[3.56585,6.43428],[3.56586,6.43609]]]}},{"type":"Feature","properties":{"minutes":41.15,"people":373,"clinic_min":37.18,"school_min":45.11,"k_clinic":5,"k_school":5,"within_15":0,"off_street":0,"ward":"Ajah","lga":"Eti Osa","place":"Itirin Town","place_m":771},"geometry":{"type":"Polygon","coordinates":[[[3.56899,6.43608],[3.56742,6.43699],[3.56586,6.43609],[3.56585,6.43428],[3.56742,6.43337],[3.56899,6.43428],[3.56899,6.43608]]]}},{"type":"Feature","properties":{"minutes":40.22,"people":62,"clinic_min":36.25,"school_min":44.18,"k_clinic":5,"k_school":5,"within_15":0,"off_street":0,"ward":"Ajah","lga":"Eti Osa","place":"Megamound","place_m":644},"geometry":{"type":"Polygon","coordinates":[[[3.57212,6.43608],[3.57056,6.43699],[3.56899,6.43608],[3.56899,6.43428],[3.57055,6.43337],[3.57212,6.43427],[3.57212,6.43608]]]}},{"type":"Feature","properties":{"minutes":39.29,"people":10,"clinic_min":45.98,"school_min":32.6,"k_clinic":5,"k_school":5,"within_15":0,"off_street":0,"ward":"Ajah","lga":"Eti Osa","place":"Megamound","place_m":607},"geometry":{"type":"Polygon","coordinates":[[[3.57525,6.43608],[3.57369,6.43698],[3.57212,6.43608],[3.57212,6.43427],[3.57368,6.43337],[3.57525,6.43427],[3.57525,6.43608]]]}},{"type":"Feature","properties":{"minutes":40.2,"people":10,"clinic_min":41.53,"school_min":38.87,"k_clinic":5,"k_school":5,"within_15":0,"off_street":1,"ward":"Okun Ajah\u2013Okunmopo","lga":"Eti Osa","place":"Okun Ajah","place_m":982},"geometry":{"type":"Polygon","coordinates":[[[3.58465,6.43607],[3.58309,6.43697],[3.58152,6.43607],[3.58152,6.43426],[3.58308,6.43335],[3.58465,6.43426],[3.58465,6.43607]]]}},{"type":"Feature","properties":{"minutes":42.42,"people":14,"clinic_min":42.74,"school_min":42.1,"k_clinic":5,"k_school":5,"within_15":0,"off_street":1,"ward":"Okun Ajah\u2013Okunmopo","lga":"Eti Osa","place":"Okun Ajah","place_m":959},"geometry":{"type":"Polygon","coordinates":[[[3.58778,6.43606],[3.58622,6.43697],[3.58465,6.43607],[3.58465,6.43426],[3.58621,6.43335],[3.58778,6.43425],[3.58778,6.43606]]]}},{"type":"Feature","properties":{"minutes":40.39,"people":31,"clinic_min":40.85,"school_min":39.93,"k_clinic":5,"k_school":5,"within_15":0,"off_street":0,"ward":"Okun Ajah\u2013Okunmopo","lga":"Eti Osa","place":"Okun Ajah","place_m":1056},"geometry":{"type":"Polygon","coordinates":[[[3.59092,6.43606],[3.58935,6.43697],[3.58778,6.43606],[3.58778,6.43425],[3.58935,6.43335],[3.59091,6.43425],[3.59092,6.43606]]]}},{"type":"Feature","properties":{"minutes":10.63,"people":503,"clinic_min":16.89,"school_min":4.37,"k_clinic":5,"k_school":5,"within_15":1,"off_street":1,"ward":"Oduduwa","lga":"Apapa","place":"Marine","place_m":750},"geometry":{"type":"Polygon","coordinates":[[[3.35127,6.43899],[3.34971,6.4399],[3.34814,6.439],[3.34814,6.43719],[3.34971,6.43628],[3.35127,6.43718],[3.35127,6.43899]]]}},{"type":"Feature","properties":{"minutes":16.41,"people":293,"clinic_min":14.7,"school_min":18.13,"k_clinic":5,"k_school":5,"within_15":0,"off_street":0,"ward":"Abraham Adesanya","lga":"Apapa","place":"Marine","place_m":466},"geometry":{"type":"Polygon","coordinates":[[[3.35441,6.43899],[3.35284,6.4399],[3.35127,6.43899],[3.35127,6.43718],[3.35284,6.43628],[3.35441,6.43718],[3.35441,6.43899]]]}},{"type":"Feature","properties":{"minutes":12.98,"people":80,"clinic_min":11.26,"school_min":14.69,"k_clinic":5,"k_school":5,"within_15":1,"off_street":0,"ward":"Abraham Adesanya","lga":"Apapa","place":"Marine","place_m":335},"geometry":{"type":"Polygon","coordinates":[[[3.35754,6.43899],[3.35597,6.4399],[3.35441,6.43899],[3.35441,6.43718],[3.35597,6.43628],[3.35754,6.43718],[3.35754,6.43899]]]}},{"type":"Feature","properties":{"minutes":9.48,"people":438,"clinic_min":6.51,"school_min":12.46,"k_clinic":5,"k_school":5,"within_15":1,"off_street":0,"ward":"Abraham Adesanya","lga":"Apapa","place":"Marine","place_m":497},"geometry":{"type":"Polygon","coordinates":[[[3.36067,6.43899],[3.35911,6.43989],[3.35754,6.43899],[3.35754,6.43718],[3.3591,6.43627],[3.36067,6.43718],[3.36067,6.43899]]]}},{"type":"Feature","properties":{"minutes":11.46,"people":930,"clinic_min":7.81,"school_min":15.11,"k_clinic":5,"k_school":5,"within_15":1,"off_street":0,"ward":"Abraham Adesanya","lga":"Apapa","place":"Marine","place_m":789},"geometry":{"type":"Polygon","coordinates":[[[3.3638,6.43899],[3.36224,6.43989],[3.36067,6.43899],[3.36067,6.43718],[3.36224,6.43627],[3.3638,6.43718],[3.3638,6.43899]]]}},{"type":"Feature","properties":{"minutes":7.73,"people":785,"clinic_min":4.98,"school_min":10.49,"k_clinic":5,"k_school":5,"within_15":1,"off_street":0,"ward":"Abraham Adesanya","lga":"Apapa","place":"Apapa Wharf","place_m":882},"geometry":{"type":"Polygon","coordinates":[[[3.36694,6.43898],[3.36537,6.43989],[3.3638,6.43899],[3.3638,6.43718],[3.36537,6.43627],[3.36694,6.43717],[3.36694,6.43898]]]}},{"type":"Feature","properties":{"minutes":8.21,"people":697,"clinic_min":6.03,"school_min":10.4,"k_clinic":5,"k_school":5,"within_15":1,"off_street":0,"ward":"Abraham Adesanya","lga":"Apapa","place":"Apapa Wharf","place_m":601},"geometry":{"type":"Polygon","coordinates":[[[3.37007,6.43898],[3.3685,6.43989],[3.36694,6.43898],[3.36694,6.43717],[3.3685,6.43627],[3.37007,6.43717],[3.37007,6.43898]]]}},{"type":"Feature","properties":{"minutes":9.9,"people":347,"clinic_min":10.09,"school_min":9.71,"k_clinic":5,"k_school":5,"within_15":1,"off_street":0,"ward":"Abraham Adesanya","lga":"Apapa","place":"Apapa Wharf","place_m":431},"geometry":{"type":"Polygon","coordinates":[[[3.3732,6.43898],[3.37164,6.43988],[3.37007,6.43898],[3.37007,6.43717],[3.37163,6.43627],[3.3732,6.43717],[3.3732,6.43898]]]}},{"type":"Feature","properties":{"minutes":9.87,"people":329,"clinic_min":11.11,"school_min":8.62,"k_clinic":5,"k_school":5,"within_15":1,"off_street":0,"ward":"Abraham Adesanya","lga":"Apapa","place":"Apapa Wharf","place_m":499},"geometry":{"type":"Polygon","coordinates":[[[3.37634,6.43898],[3.37477,6.43988],[3.3732,6.43898],[3.3732,6.43717],[3.37477,6.43626],[3.37633,6.43717],[3.37634,6.43898]]]}},{"type":"Feature","properties":{"minutes":12.64,"people":385,"clinic_min":14.58,"school_min":10.7,"k_clinic":5,"k_school":5,"within_15":1,"off_street":0,"ward":"Abraham Adesanya","lga":"Apapa","place":"Ilado","place_m":661},"geometry":{"type":"Polygon","coordinates":[[[3.37947,6.43897],[3.3779,6.43988],[3.37634,6.43898],[3.37633,6.43717],[3.3779,6.43626],[3.37947,6.43716],[3.37947,6.43897]]]}},{"type":"Feature","properties":{"minutes":18.9,"people":299,"clinic_min":22.02,"school_min":15.79,"k_clinic":5,"k_school":5,"within_15":0,"off_street":0,"ward":"Abraham Adesanya","lga":"Apapa","place":"Ilado","place_m":654},"geometry":{"type":"Polygon","coordinates":[[[3.3826,6.43897],[3.38103,6.43988],[3.37947,6.43897],[3.37947,6.43716],[3.38103,6.43626],[3.3826,6.43716],[3.3826,6.43897]]]}},{"type":"Feature","properties":{"minutes":26.05,"people":212,"clinic_min":27.68,"school_min":24.41,"k_clinic":5,"k_school":5,"within_15":0,"off_street":0,"ward":"Abraham Adesanya","lga":"Apapa","place":"Ilado","place_m":812},"geometry":{"type":"Polygon","coordinates":[[[3.38573,6.43897],[3.38417,6.43987],[3.3826,6.43897],[3.3826,6.43716],[3.38416,6.43626],[3.38573,6.43716],[3.38573,6.43897]]]}},{"type":"Feature","properties":{"minutes":24.26,"people":5,"clinic_min":25.9,"school_min":22.62,"k_clinic":5,"k_school":5,"within_15":0,"off_street":0,"ward":"Abraham Adesanya","lga":"Apapa","place":"Ilado","place_m":1063},"geometry":{"type":"Polygon","coordinates":[[[3.38887,6.43897],[3.3873,6.43987],[3.38573,6.43897],[3.38573,6.43716],[3.3873,6.43625],[3.38886,6.43716],[3.38887,6.43897]]]}},{"type":"Feature","properties":{"minutes":31.77,"people":40,"clinic_min":32.5,"school_min":31.04,"k_clinic":5,"k_school":5,"within_15":0,"off_street":0,"ward":"Abraham Adesanya","lga":"Apapa","place":"Odan","place_m":1314},"geometry":{"type":"Polygon","coordinates":[[[3.392,6.43896],[3.39043,6.43987],[3.38887,6.43897],[3.38886,6.43716],[3.39043,6.43625],[3.392,6.43716],[3.392,6.43896]]]}},{"type":"Feature","properties":{"minutes":34.39,"people":209,"clinic_min":35.99,"school_min":32.78,"k_clinic":5,"k_school":5,"within_15":0,"off_street":0,"ward":"Abraham Adesanya","lga":"Apapa","place":"Onikan","place_m":1170},"geometry":{"type":"Polygon","coordinates":[[[3.39513,6.43896],[3.39357,6.43987],[3.392,6.43896],[3.392,6.43716],[3.39356,6.43625],[3.39513,6.43715],[3.39513,6.43896]]]}},{"type":"Feature","properties":{"minutes":36.44,"people":32,"clinic_min":38.04,"school_min":34.84,"k_clinic":5,"k_school":5,"within_15":0,"off_street":1,"ward":"Abraham Adesanya","lga":"Apapa","place":"Onikan","place_m":934},"geometry":{"type":"Polygon","coordinates":[[[3.39826,6.43896],[3.3967,6.43987],[3.39513,6.43896],[3.39513,6.43715],[3.3967,6.43625],[3.39826,6.43715],[3.39826,6.43896]]]}},{"type":"Feature","properties":{"minutes":20.3,"people":16,"clinic_min":22.35,"school_min":18.25,"k_clinic":5,"k_school":5,"within_15":0,"off_street":0,"ward":"Anjorin","lga":"Apapa","place":"Onikan","place_m":776},"geometry":{"type":"Polygon","coordinates":[[[3.40453,6.43895],[3.40296,6.43986],[3.4014,6.43896],[3.40139,6.43715],[3.40296,6.43624],[3.40453,6.43715],[3.40453,6.43895]]]}},{"type":"Feature","properties":{"minutes":16.99,"people":639,"clinic_min":18.87,"school_min":15.11,"k_clinic":5,"k_school":5,"within_15":0,"off_street":0,"ward":"Tarkwa Bay","lga":"Eti Osa","place":"Araromi Odo","place_m":884},"geometry":{"type":"Polygon","coordinates":[[[3.40766,6.43895],[3.4061,6.43986],[3.40453,6.43895],[3.40453,6.43715],[3.40609,6.43624],[3.40766,6.43714],[3.40766,6.43895]]]}},{"type":"Feature","properties":{"minutes":19.47,"people":571,"clinic_min":19.2,"school_min":19.73,"k_clinic":5,"k_school":5,"within_15":0,"off_street":0,"ward":"Victoria Island","lga":"Eti Osa","place":"Araromi Odo","place_m":966},"geometry":{"type":"Polygon","coordinates":[[[3.41079,6.43895],[3.40923,6.43986],[3.40766,6.43895],[3.40766,6.43714],[3.40923,6.43624],[3.41079,6.43714],[3.41079,6.43895]]]}},{"type":"Feature","properties":{"minutes":15.93,"people":440,"clinic_min":17.42,"school_min":14.45,"k_clinic":5,"k_school":5,"within_15":0,"off_street":0,"ward":"Victoria Island","lga":"Eti Osa","place":"Ozumba Way","place_m":1104},"geometry":{"type":"Polygon","coordinates":[[[3.41393,6.43895],[3.41236,6.43985],[3.41079,6.43895],[3.41079,6.43714],[3.41236,6.43623],[3.41393,6.43714],[3.41393,6.43895]]]}},{"type":"Feature","properties":{"minutes":18.05,"people":162,"clinic_min":19.7,"school_min":16.41,"k_clinic":5,"k_school":5,"within_15":0,"off_street":0,"ward":"Victoria Island","lga":"Eti Osa","place":"Ozumba Way","place_m":765},"geometry":{"type":"Polygon","coordinates":[[[3.41706,6.43894],[3.41549,6.43985],[3.41393,6.43895],[3.41393,6.43714],[3.41549,6.43623],[3.41706,6.43714],[3.41706,6.43894]]]}},{"type":"Feature","properties":{"minutes":16.49,"people":166,"clinic_min":16.8,"school_min":16.18,"k_clinic":5,"k_school":5,"within_15":0,"off_street":0,"ward":"Victoria Island","lga":"Eti Osa","place":"Ozumba Way","place_m":438},"geometry":{"type":"Polygon","coordinates":[[[3.42019,6.43894],[3.41863,6.43985],[3.41706,6.43894],[3.41706,6.43714],[3.41862,6.43623],[3.42019,6.43713],[3.42019,6.43894]]]}},{"type":"Feature","properties":{"minutes":13.92,"people":145,"clinic_min":13.81,"school_min":14.03,"k_clinic":5,"k_school":5,"within_15":1,"off_street":0,"ward":"Victoria Island","lga":"Eti Osa","place":"Ozumba Way","place_m":193},"geometry":{"type":"Polygon","coordinates":[[[3.42332,6.43894],[3.42176,6.43985],[3.42019,6.43894],[3.42019,6.43713],[3.42176,6.43623],[3.42332,6.43713],[3.42332,6.43894]]]}},{"type":"Feature","properties":{"minutes":13.15,"people":264,"clinic_min":13.46,"school_min":12.84,"k_clinic":5,"k_school":5,"within_15":1,"off_street":0,"ward":"1004\u2013Aboyade","lga":"Eti Osa","place":"Ozumba Way","place_m":351},"geometry":{"type":"Polygon","coordinates":[[[3.42646,6.43894],[3.42489,6.43984],[3.42332,6.43894],[3.42332,6.43713],[3.42489,6.43622],[3.42646,6.43713],[3.42646,6.43894]]]}},{"type":"Feature","properties":{"minutes":14.66,"people":354,"clinic_min":13.92,"school_min":15.4,"k_clinic":5,"k_school":5,"within_15":1,"off_street":0,"ward":"1004\u2013Aboyade","lga":"Eti Osa","place":"Victoria Island","place_m":278},"geometry":{"type":"Polygon","coordinates":[[[3.42959,6.43893],[3.42802,6.43984],[3.42646,6.43894],[3.42646,6.43713],[3.42802,6.43622],[3.42959,6.43712],[3.42959,6.43893]]]}},{"type":"Feature","properties":{"minutes":13.04,"people":1153,"clinic_min":11.64,"school_min":14.43,"k_clinic":5,"k_school":5,"within_15":1,"off_street":0,"ward":"1004\u2013Aboyade","lga":"Eti Osa","place":"Victoria Island","place_m":81},"geometry":{"type":"Polygon","coordinates":[[[3.43272,6.43893],[3.43116,6.43984],[3.42959,6.43893],[3.42959,6.43712],[3.43115,6.43622],[3.43272,6.43712],[3.43272,6.43893]]]}},{"type":"Feature","properties":{"minutes":15.47,"people":617,"clinic_min":14.07,"school_min":16.86,"k_clinic":5,"k_school":5,"within_15":0,"off_street":0,"ward":"1004\u2013Aboyade","lga":"Eti Osa","place":"Victoria Island","place_m":420},"geometry":{"type":"Polygon","coordinates":[[[3.43586,6.43893],[3.43429,6.43983],[3.43272,6.43893],[3.43272,6.43712],[3.43429,6.43622],[3.43585,6.43712],[3.43586,6.43893]]]}},{"type":"Feature","properties":{"minutes":5.79,"people":705,"clinic_min":7.62,"school_min":3.96,"k_clinic":5,"k_school":5,"within_15":1,"off_street":0,"ward":"1004\u2013Aboyade","lga":"Eti Osa","place":"Iru","place_m":522},"geometry":{"type":"Polygon","coordinates":[[[3.43899,6.43893],[3.43742,6.43983],[3.43586,6.43893],[3.43585,6.43712],[3.43742,6.43621],[3.43899,6.43712],[3.43899,6.43893]]]}},{"type":"Feature","properties":{"minutes":4.82,"people":122,"clinic_min":6.21,"school_min":3.43,"k_clinic":5,"k_school":5,"within_15":1,"off_street":0,"ward":"1004\u2013Aboyade","lga":"Eti Osa","place":"Iru","place_m":587},"geometry":{"type":"Polygon","coordinates":[[[3.44212,6.43892],[3.44056,6.43983],[3.43899,6.43893],[3.43899,6.43712],[3.44055,6.43621],[3.44212,6.43711],[3.44212,6.43892]]]}},{"type":"Feature","properties":{"minutes":26.54,"people":221,"clinic_min":34.38,"school_min":18.71,"k_clinic":5,"k_school":5,"within_15":0,"off_street":0,"ward":"1004\u2013Aboyade","lga":"Eti Osa","place":"Gegede","place_m":681},"geometry":{"type":"Polygon","coordinates":[[[3.44525,6.43892],[3.44369,6.43983],[3.44212,6.43892],[3.44212,6.43711],[3.44368,6.43621],[3.44525,6.43711],[3.44525,6.43892]]]}},{"type":"Feature","properties":{"minutes":27.74,"people":282,"clinic_min":36.47,"school_min":19.01,"k_clinic":5,"k_school":5,"within_15":0,"off_street":0,"ward":"1004\u2013Aboyade","lga":"Eti Osa","place":"Gegede","place_m":343},"geometry":{"type":"Polygon","coordinates":[[[3.44839,6.43892],[3.44682,6.43982],[3.44525,6.43892],[3.44525,6.43711],[3.44682,6.43621],[3.44838,6.43711],[3.44839,6.43892]]]}},{"type":"Feature","properties":{"minutes":18.69,"people":47,"clinic_min":18.86,"school_min":18.52,"k_clinic":5,"k_school":5,"within_15":0,"off_street":0,"ward":"1004\u2013Aboyade","lga":"Eti Osa","place":"Gegede","place_m":106},"geometry":{"type":"Polygon","coordinates":[[[3.45152,6.43892],[3.44995,6.43982],[3.44839,6.43892],[3.44838,6.43711],[3.44995,6.4362],[3.45152,6.43711],[3.45152,6.43892]]]}},{"type":"Feature","properties":{"minutes":13.94,"people":262,"clinic_min":14.11,"school_min":13.76,"k_clinic":5,"k_school":5,"within_15":1,"off_street":0,"ward":"1004\u2013Aboyade","lga":"Eti Osa","place":"Oniru","place_m":190},"geometry":{"type":"Polygon","coordinates":[[[3.45465,6.43891],[3.45309,6.43982],[3.45152,6.43892],[3.45152,6.43711],[3.45308,6.4362],[3.45465,6.4371],[3.45465,6.43891]]]}},{"type":"Feature","properties":{"minutes":8.4,"people":504,"clinic_min":7.4,"school_min":9.4,"k_clinic":5,"k_school":5,"within_15":1,"off_street":0,"ward":"1004\u2013Aboyade","lga":"Eti Osa","place":"Oniru","place_m":451},"geometry":{"type":"Polygon","coordinates":[[[3.45778,6.43891],[3.45622,6.43982],[3.45465,6.43891],[3.45465,6.4371],[3.45622,6.4362],[3.45778,6.4371],[3.45778,6.43891]]]}},{"type":"Feature","properties":{"minutes":10.26,"people":1188,"clinic_min":10.57,"school_min":9.94,"k_clinic":5,"k_school":5,"within_15":1,"off_street":0,"ward":"Ikate\u2013Lekki","lga":"Eti Osa","place":"Durosinmi Etti Drive","place_m":612},"geometry":{"type":"Polygon","coordinates":[[[3.46092,6.43891],[3.45935,6.43981],[3.45778,6.43891],[3.45778,6.4371],[3.45935,6.43619],[3.46091,6.4371],[3.46092,6.43891]]]}},{"type":"Feature","properties":{"minutes":9.94,"people":1051,"clinic_min":12.64,"school_min":7.24,"k_clinic":5,"k_school":5,"within_15":1,"off_street":0,"ward":"Ikate\u2013Lekki","lga":"Eti Osa","place":"Durosinmi Etti Drive","place_m":274},"geometry":{"type":"Polygon","coordinates":[[[3.46405,6.4389],[3.46248,6.43981],[3.46092,6.43891],[3.46091,6.4371],[3.46248,6.43619],[3.46405,6.43709],[3.46405,6.4389]]]}},{"type":"Feature","properties":{"minutes":11.05,"people":1237,"clinic_min":13.72,"school_min":8.37,"k_clinic":5,"k_school":5,"within_15":1,"off_street":0,"ward":"Ikate\u2013Lekki","lga":"Eti Osa","place":"Durosinmi Etti Drive","place_m":122},"geometry":{"type":"Polygon","coordinates":[[[3.46718,6.4389],[3.46562,6.43981],[3.46405,6.4389],[3.46405,6.43709],[3.46561,6.43619],[3.46718,6.43709],[3.46718,6.4389]]]}},{"type":"Feature","properties":{"minutes":10.53,"people":873,"clinic_min":12.6,"school_min":8.45,"k_clinic":5,"k_school":5,"within_15":1,"off_street":0,"ward":"Ikate\u2013Lekki","lga":"Eti Osa","place":"Lekki Phase One","place_m":214},"geometry":{"type":"Polygon","coordinates":[[[3.47031,6.4389],[3.46875,6.4398],[3.46718,6.4389],[3.46718,6.43709],[3.46875,6.43619],[3.47031,6.43709],[3.47031,6.4389]]]}},{"type":"Feature","properties":{"minutes":11.83,"people":998,"clinic_min":12.54,"school_min":11.13,"k_clinic":5,"k_school":5,"within_15":1,"off_street":0,"ward":"Ikate\u2013Lekki","lga":"Eti Osa","place":"Lekki Phase One","place_m":184},"geometry":{"type":"Polygon","coordinates":[[[3.47345,6.4389],[3.47188,6.4398],[3.47031,6.4389],[3.47031,6.43709],[3.47188,6.43618],[3.47345,6.43709],[3.47345,6.4389]]]}},{"type":"Feature","properties":{"minutes":10.23,"people":1127,"clinic_min":9.77,"school_min":10.69,"k_clinic":5,"k_school":5,"within_15":1,"off_street":0,"ward":"Ikate\u2013Lekki","lga":"Eti Osa","place":"Lekki Phase One","place_m":512},"geometry":{"type":"Polygon","coordinates":[[[3.47658,6.43889],[3.47501,6.4398],[3.47345,6.4389],[3.47345,6.43709],[3.47501,6.43618],[3.47658,6.43708],[3.47658,6.43889]]]}},{"type":"Feature","properties":{"minutes":13.19,"people":1351,"clinic_min":12.35,"school_min":14.04,"k_clinic":5,"k_school":5,"within_15":1,"off_street":0,"ward":"Ikate\u2013Lekki","lga":"Eti Osa","place":"Car Wash","place_m":632},"geometry":{"type":"Polygon","coordinates":[[[3.47971,6.43889],[3.47815,6.4398],[3.47658,6.43889],[3.47658,6.43708],[3.47814,6.43618],[3.47971,6.43708],[3.47971,6.43889]]]}},{"type":"Feature","properties":{"minutes":12.11,"people":882,"clinic_min":12.13,"school_min":12.09,"k_clinic":5,"k_school":5,"within_15":1,"off_street":0,"ward":"Ikate\u2013Lekki","lga":"Eti Osa","place":"Car Wash","place_m":503},"geometry":{"type":"Polygon","coordinates":[[[3.48284,6.43889],[3.48128,6.43979],[3.47971,6.43889],[3.47971,6.43708],[3.48128,6.43617],[3.48284,6.43708],[3.48284,6.43889]]]}},{"type":"Feature","properties":{"minutes":14.4,"people":593,"clinic_min":13.76,"school_min":15.05,"k_clinic":5,"k_school":5,"within_15":1,"off_street":0,"ward":"Ikate\u2013Lekki","lga":"Eti Osa","place":"Ikate","place_m":538},"geometry":{"type":"Polygon","coordinates":[[[3.48598,6.43888],[3.48441,6.43979],[3.48284,6.43889],[3.48284,6.43708],[3.48441,6.43617],[3.48598,6.43707],[3.48598,6.43888]]]}},{"type":"Feature","properties":{"minutes":13.63,"people":1371,"clinic_min":14.65,"school_min":12.62,"k_clinic":5,"k_school":5,"within_15":1,"off_street":0,"ward":"Ikate\u2013Lekki","lga":"Eti Osa","place":"Elegusi Beach Way","place_m":560},"geometry":{"type":"Polygon","coordinates":[[[3.48911,6.43888],[3.48754,6.43979],[3.48598,6.43888],[3.48598,6.43707],[3.48754,6.43617],[3.48911,6.43707],[3.48911,6.43888]]]}},{"type":"Feature","properties":{"minutes":15.29,"people":1118,"clinic_min":17.59,"school_min":12.98,"k_clinic":5,"k_school":5,"within_15":0,"off_street":0,"ward":"Ikate\u2013Lekki","lga":"Eti Osa","place":"Ikate Lekki","place_m":444},"geometry":{"type":"Polygon","coordinates":[[[3.49224,6.43888],[3.49068,6.43978],[3.48911,6.43888],[3.48911,6.43707],[3.49067,6.43617],[3.49224,6.43707],[3.49224,6.43888]]]}},{"type":"Feature","properties":{"minutes":15.36,"people":463,"clinic_min":17.35,"school_min":13.38,"k_clinic":5,"k_school":5,"within_15":0,"off_street":0,"ward":"Ikate\u2013Lekki","lga":"Eti Osa","place":"Ikate Lekki","place_m":455},"geometry":{"type":"Polygon","coordinates":[[[3.49538,6.43887],[3.49381,6.43978],[3.49224,6.43888],[3.49224,6.43707],[3.49381,6.43616],[3.49537,6.43707],[3.49538,6.43887]]]}},{"type":"Feature","properties":{"minutes":14.36,"people":503,"clinic_min":16.5,"school_min":12.22,"k_clinic":5,"k_school":5,"within_15":1,"off_street":0,"ward":"Ikate\u2013Lekki","lga":"Eti Osa","place":"Igboefon","place_m":614},"geometry":{"type":"Polygon","coordinates":[[[3.49851,6.43887],[3.49694,6.43978],[3.49538,6.43887],[3.49537,6.43707],[3.49694,6.43616],[3.49851,6.43706],[3.49851,6.43887]]]}},{"type":"Feature","properties":{"minutes":11.48,"people":1080,"clinic_min":12.12,"school_min":10.85,"k_clinic":5,"k_school":5,"within_15":1,"off_street":0,"ward":"Ikate\u2013Lekki","lga":"Eti Osa","place":"Jakande Gate","place_m":343},"geometry":{"type":"Polygon","coordinates":[[[3.50164,6.43887],[3.50008,6.43977],[3.49851,6.43887],[3.49851,6.43706],[3.50007,6.43616],[3.50164,6.43706],[3.50164,6.43887]]]}},{"type":"Feature","properties":{"minutes":11.36,"people":1303,"clinic_min":11.54,"school_min":11.19,"k_clinic":5,"k_school":5,"within_15":1,"off_street":0,"ward":"Ikate\u2013Lekki","lga":"Eti Osa","place":"Jakande Gate","place_m":279},"geometry":{"type":"Polygon","coordinates":[[[3.50477,6.43887],[3.50321,6.43977],[3.50164,6.43887],[3.50164,6.43706],[3.5032,6.43615],[3.50477,6.43706],[3.50477,6.43887]]]}},{"type":"Feature","properties":{"minutes":10.9,"people":1077,"clinic_min":10.67,"school_min":11.14,"k_clinic":5,"k_school":5,"within_15":1,"off_street":0,"ward":"Ikate\u2013Lekki","lga":"Eti Osa","place":"Jakande","place_m":433},"geometry":{"type":"Polygon","coordinates":[[[3.50791,6.43886],[3.50634,6.43977],[3.50477,6.43887],[3.50477,6.43706],[3.50634,6.43615],[3.5079,6.43705],[3.50791,6.43886]]]}},{"type":"Feature","properties":{"minutes":7.46,"people":511,"clinic_min":6.74,"school_min":8.19,"k_clinic":5,"k_school":5,"within_15":1,"off_street":0,"ward":"Ajiran\u2013Osapa","lga":"Eti Osa","place":"Lekki","place_m":216},"geometry":{"type":"Polygon","coordinates":[[[3.51104,6.43886],[3.50947,6.43977],[3.50791,6.43886],[3.5079,6.43705],[3.50947,6.43615],[3.51104,6.43705],[3.51104,6.43886]]]}},{"type":"Feature","properties":{"minutes":6.38,"people":990,"clinic_min":5.71,"school_min":7.04,"k_clinic":5,"k_school":5,"within_15":1,"off_street":0,"ward":"Ajiran\u2013Osapa","lga":"Eti Osa","place":"Lekki","place_m":228},"geometry":{"type":"Polygon","coordinates":[[[3.51417,6.43886],[3.51261,6.43976],[3.51104,6.43886],[3.51104,6.43705],[3.5126,6.43614],[3.51417,6.43705],[3.51417,6.43886]]]}},{"type":"Feature","properties":{"minutes":8.43,"people":832,"clinic_min":7.21,"school_min":9.65,"k_clinic":5,"k_school":5,"within_15":1,"off_street":0,"ward":"Ajiran\u2013Osapa","lga":"Eti Osa","place":"Olokolo","place_m":193},"geometry":{"type":"Polygon","coordinates":[[[3.5173,6.43885],[3.51574,6.43976],[3.51417,6.43886],[3.51417,6.43705],[3.51573,6.43614],[3.5173,6.43704],[3.5173,6.43885]]]}},{"type":"Feature","properties":{"minutes":10.68,"people":481,"clinic_min":11.6,"school_min":9.75,"k_clinic":5,"k_school":5,"within_15":1,"off_street":0,"ward":"Maroko\u2013Okun Alfa","lga":"Eti Osa","place":"Lekki Peninsula II","place_m":229},"geometry":{"type":"Polygon","coordinates":[[[3.52044,6.43885],[3.51887,6.43976],[3.5173,6.43885],[3.5173,6.43704],[3.51887,6.43614],[3.52043,6.43704],[3.52044,6.43885]]]}},{"type":"Feature","properties":{"minutes":7.69,"people":683,"clinic_min":7.54,"school_min":7.84,"k_clinic":5,"k_school":5,"within_15":1,"off_street":0,"ward":"Maroko\u2013Okun Alfa","lga":"Eti Osa","place":"Efon","place_m":74},"geometry":{"type":"Polygon","coordinates":[[[3.52357,6.43885],[3.522,6.43975],[3.52044,6.43885],[3.52043,6.43704],[3.522,6.43613],[3.52357,6.43704],[3.52357,6.43885]]]}},{"type":"Feature","properties":{"minutes":11.67,"people":1196,"clinic_min":12.19,"school_min":11.16,"k_clinic":5,"k_school":5,"within_15":1,"off_street":0,"ward":"Maroko\u2013Okun Alfa","lga":"Eti Osa","place":"Efon","place_m":406},"geometry":{"type":"Polygon","coordinates":[[[3.5267,6.43884],[3.52514,6.43975],[3.52357,6.43885],[3.52357,6.43704],[3.52513,6.43613],[3.5267,6.43703],[3.5267,6.43884]]]}},{"type":"Feature","properties":{"minutes":16.86,"people":469,"clinic_min":19.3,"school_min":14.42,"k_clinic":5,"k_school":5,"within_15":0,"off_street":0,"ward":"Maroko\u2013Okun Alfa","lga":"Eti Osa","place":"Alpha Beach","place_m":621},"geometry":{"type":"Polygon","coordinates":[[[3.52983,6.43884],[3.52827,6.43975],[3.5267,6.43884],[3.5267,6.43703],[3.52826,6.43613],[3.52983,6.43703],[3.52983,6.43884]]]}},{"type":"Feature","properties":{"minutes":21.19,"people":101,"clinic_min":22.8,"school_min":19.58,"k_clinic":5,"k_school":5,"within_15":0,"off_street":0,"ward":"Maroko\u2013Okun Alfa","lga":"Eti Osa","place":"Olugborogan Palace","place_m":773},"geometry":{"type":"Polygon","coordinates":[[[3.53297,6.43884],[3.5314,6.43974],[3.52983,6.43884],[3.52983,6.43703],[3.5314,6.43612],[3.53296,6.43703],[3.53297,6.43884]]]}},{"type":"Feature","properties":{"minutes":20.88,"people":24,"clinic_min":21.34,"school_min":20.41,"k_clinic":5,"k_school":5,"within_15":0,"off_street":0,"ward":"Igbo-Efon\u2013Maiyegun","lga":"Eti Osa","place":"Olugborogan Palace","place_m":433},"geometry":{"type":"Polygon","coordinates":[[[3.5361,6.43883],[3.53453,6.43974],[3.53297,6.43884],[3.53296,6.43703],[3.53453,6.43612],[3.5361,6.43702],[3.5361,6.43883]]]}},{"type":"Feature","properties":{"minutes":22.34,"people":613,"clinic_min":27.7,"school_min":16.99,"k_clinic":5,"k_school":5,"within_15":0,"off_street":0,"ward":"Igbo-Efon\u2013Maiyegun","lga":"Eti Osa","place":"Olugborogan Palace","place_m":136},"geometry":{"type":"Polygon","coordinates":[[[3.53923,6.43883],[3.53767,6.43974],[3.5361,6.43883],[3.5361,6.43702],[3.53766,6.43612],[3.53923,6.43702],[3.53923,6.43883]]]}},{"type":"Feature","properties":{"minutes":20.07,"people":954,"clinic_min":25.46,"school_min":14.68,"k_clinic":5,"k_school":5,"within_15":0,"off_street":0,"ward":"Igbo-Efon\u2013Maiyegun","lga":"Eti Osa","place":"Olugborogan Palace","place_m":298},"geometry":{"type":"Polygon","coordinates":[[[3.54236,6.43883],[3.5408,6.43973],[3.53923,6.43883],[3.53923,6.43702],[3.5408,6.43611],[3.54236,6.43702],[3.54236,6.43883]]]}},{"type":"Feature","properties":{"minutes":20.11,"people":804,"clinic_min":24.55,"school_min":15.68,"k_clinic":5,"k_school":5,"within_15":0,"off_street":0,"ward":"Igbo-Efon\u2013Maiyegun","lga":"Eti Osa","place":"Olugborogan Palace","place_m":632},"geometry":{"type":"Polygon","coordinates":[[[3.5455,6.43882],[3.54393,6.43973],[3.54236,6.43883],[3.54236,6.43702],[3.54393,6.43611],[3.54549,6.43701],[3.5455,6.43882]]]}},{"type":"Feature","properties":{"minutes":20.56,"people":693,"clinic_min":24.41,"school_min":16.72,"k_clinic":5,"k_school":5,"within_15":0,"off_street":0,"ward":"Igbo-Efon\u2013Maiyegun","lga":"Eti Osa","place":"Nil","place_m":748},"geometry":{"type":"Polygon","coordinates":[[[3.54863,6.43882],[3.54706,6.43973],[3.5455,6.43882],[3.54549,6.43701],[3.54706,6.43611],[3.54863,6.43701],[3.54863,6.43882]]]}},{"type":"Feature","properties":{"minutes":24.06,"people":477,"clinic_min":27.71,"school_min":20.4,"k_clinic":5,"k_school":5,"within_15":0,"off_street":0,"ward":"Igbo-Efon\u2013Maiyegun","lga":"Eti Osa","place":"Nil","place_m":832},"geometry":{"type":"Polygon","coordinates":[[[3.55176,6.43882],[3.5502,6.43972],[3.54863,6.43882],[3.54863,6.43701],[3.55019,6.4361],[3.55176,6.43701],[3.55176,6.43882]]]}},{"type":"Feature","properties":{"minutes":28.98,"people":403,"clinic_min":32.63,"school_min":25.32,"k_clinic":5,"k_school":5,"within_15":0,"off_street":0,"ward":"Igbo-Efon\u2013Maiyegun","lga":"Eti Osa","place":"South Point Estate","place_m":714},"geometry":{"type":"Polygon","coordinates":[[[3.55489,6.43881],[3.55333,6.43972],[3.55176,6.43882],[3.55176,6.43701],[3.55333,6.4361],[3.55489,6.437],[3.55489,6.43881]]]}},{"type":"Feature","properties":{"minutes":23.68,"people":777,"clinic_min":26.53,"school_min":20.83,"k_clinic":5,"k_school":5,"within_15":0,"off_street":1,"ward":"Igbo-Efon\u2013Maiyegun","lga":"Eti Osa","place":"South Point Estate","place_m":735},"geometry":{"type":"Polygon","coordinates":[[[3.55803,6.43881],[3.55646,6.43972],[3.55489,6.43881],[3.55489,6.437],[3.55646,6.4361],[3.55803,6.437],[3.55803,6.43881]]]}},{"type":"Feature","properties":{"minutes":25.73,"people":574,"clinic_min":29.1,"school_min":22.36,"k_clinic":5,"k_school":5,"within_15":0,"off_street":0,"ward":"Igbo-Efon\u2013Maiyegun","lga":"Eti Osa","place":"Itirin Town","place_m":647},"geometry":{"type":"Polygon","coordinates":[[[3.56116,6.43881],[3.55959,6.43971],[3.55803,6.43881],[3.55803,6.437],[3.55959,6.43609],[3.56116,6.437],[3.56116,6.43881]]]}},{"type":"Feature","properties":{"minutes":27.33,"people":1175,"clinic_min":32.56,"school_min":22.11,"k_clinic":5,"k_school":5,"within_15":0,"off_street":0,"ward":"Igbo-Efon\u2013Maiyegun","lga":"Eti Osa","place":"Itirin Town","place_m":424},"geometry":{"type":"Polygon","coordinates":[[[3.56429,6.4388],[3.56273,6.43971],[3.56116,6.43881],[3.56116,6.437],[3.56272,6.43609],[3.56429,6.43699],[3.56429,6.4388]]]}},{"type":"Feature","properties":{"minutes":26.75,"people":1253,"clinic_min":31.97,"school_min":21.53,"k_clinic":5,"k_school":5,"within_15":0,"off_street":0,"ward":"Ajah","lga":"Eti Osa","place":"Itirin Town","place_m":425},"geometry":{"type":"Polygon","coordinates":[[[3.56742,6.4388],[3.56586,6.43971],[3.56429,6.4388],[3.56429,6.43699],[3.56586,6.43609],[3.56742,6.43699],[3.56742,6.4388]]]}},{"type":"Feature","properties":{"minutes":34.35,"people":486,"clinic_min":40.59,"school_min":28.12,"k_clinic":5,"k_school":5,"within_15":0,"off_street":0,"ward":"Ajah","lga":"Eti Osa","place":"Megamound","place_m":508},"geometry":{"type":"Polygon","coordinates":[[[3.57056,6.4388],[3.56899,6.4397],[3.56742,6.4388],[3.56742,6.43699],[3.56899,6.43608],[3.57056,6.43699],[3.57056,6.4388]]]}},{"type":"Feature","properties":{"minutes":35.14,"people":103,"clinic_min":41.4,"school_min":28.87,"k_clinic":5,"k_school":5,"within_15":0,"off_street":0,"ward":"Ajah","lga":"Eti Osa","place":"Megamound","place_m":305},"geometry":{"type":"Polygon","coordinates":[[[3.57369,6.43879],[3.57212,6.4397],[3.57056,6.4388],[3.57056,6.43699],[3.57212,6.43608],[3.57369,6.43698],[3.57369,6.43879]]]}},{"type":"Feature","properties":{"minutes":37.61,"people":44,"clinic_min":43.99,"school_min":31.23,"k_clinic":5,"k_school":5,"within_15":0,"off_street":0,"ward":"Ajah","lga":"Eti Osa","place":"Megamound","place_m":409},"geometry":{"type":"Polygon","coordinates":[[[3.57682,6.43879],[3.57526,6.4397],[3.57369,6.43879],[3.57369,6.43698],[3.57525,6.43608],[3.57682,6.43698],[3.57682,6.43879]]]}},{"type":"Feature","properties":{"minutes":39.51,"people":9,"clinic_min":45.48,"school_min":33.54,"k_clinic":5,"k_school":5,"within_15":0,"off_street":0,"ward":"Ajah","lga":"Eti Osa","place":"Megamound","place_m":694},"geometry":{"type":"Polygon","coordinates":[[[3.57996,6.43879],[3.57839,6.43969],[3.57682,6.43879],[3.57682,6.43698],[3.57839,6.43607],[3.57995,6.43698],[3.57996,6.43879]]]}},{"type":"Feature","properties":{"minutes":36.56,"people":110,"clinic_min":37.02,"school_min":36.1,"k_clinic":5,"k_school":5,"within_15":0,"off_street":0,"ward":"Okun Ajah\u2013Okunmopo","lga":"Eti Osa","place":"Okun Ajah Baales Palace","place_m":1303},"geometry":{"type":"Polygon","coordinates":[[[3.59249,6.43877],[3.59092,6.43968],[3.58935,6.43877],[3.58935,6.43697],[3.59092,6.43606],[3.59248,6.43696],[3.59249,6.43877]]]}},{"type":"Feature","properties":{"minutes":10.06,"people":928,"clinic_min":10.67,"school_min":9.44,"k_clinic":5,"k_school":5,"within_15":1,"off_street":0,"ward":"Oduduwa","lga":"Apapa","place":"Marine","place_m":499},"geometry":{"type":"Polygon","coordinates":[[[3.35284,6.44171],[3.35128,6.44261],[3.34971,6.44171],[3.34971,6.4399],[3.35127,6.43899],[3.35284,6.4399],[3.35284,6.44171]]]}},{"type":"Feature","properties":{"minutes":7.55,"people":914,"clinic_min":5.87,"school_min":9.23,"k_clinic":5,"k_school":5,"within_15":1,"off_street":0,"ward":"Oduduwa","lga":"Apapa","place":"Marine","place_m":155},"geometry":{"type":"Polygon","coordinates":[[[3.35597,6.4417],[3.35441,6.44261],[3.35284,6.44171],[3.35284,6.4399],[3.35441,6.43899],[3.35597,6.4399],[3.35597,6.4417]]]}},{"type":"Feature","properties":{"minutes":7.81,"people":773,"clinic_min":5.21,"school_min":10.41,"k_clinic":5,"k_school":5,"within_15":1,"off_street":0,"ward":"Apapa","lga":"Apapa","place":"Marine","place_m":198},"geometry":{"type":"Polygon","coordinates":[[[3.35911,6.4417],[3.35754,6.44261],[3.35597,6.4417],[3.35597,6.4399],[3.35754,6.43899],[3.35911,6.43989],[3.35911,6.4417]]]}},{"type":"Feature","properties":{"minutes":7.35,"people":916,"clinic_min":4.92,"school_min":9.78,"k_clinic":5,"k_school":5,"within_15":1,"off_street":0,"ward":"Abraham Adesanya","lga":"Apapa","place":"Marine","place_m":542},"geometry":{"type":"Polygon","coordinates":[[[3.36224,6.4417],[3.36067,6.44261],[3.35911,6.4417],[3.35911,6.43989],[3.36067,6.43899],[3.36224,6.43989],[3.36224,6.4417]]]}},{"type":"Feature","properties":{"minutes":7.82,"people":680,"clinic_min":8.03,"school_min":7.62,"k_clinic":5,"k_school":5,"within_15":1,"off_street":0,"ward":"Abraham Adesanya","lga":"Apapa","place":"Anjorin","place_m":780},"geometry":{"type":"Polygon","coordinates":[[[3.36537,6.4417],[3.36381,6.4426],[3.36224,6.4417],[3.36224,6.43989],[3.3638,6.43899],[3.36537,6.43989],[3.36537,6.4417]]]}},{"type":"Feature","properties":{"minutes":4.55,"people":873,"clinic_min":2.68,"school_min":6.42,"k_clinic":5,"k_school":5,"within_15":1,"off_street":0,"ward":"Abraham Adesanya","lga":"Apapa","place":"Anjorin","place_m":536},"geometry":{"type":"Polygon","coordinates":[[[3.36851,6.4417],[3.36694,6.4426],[3.36537,6.4417],[3.36537,6.43989],[3.36694,6.43898],[3.3685,6.43989],[3.36851,6.4417]]]}},{"type":"Feature","properties":{"minutes":5.53,"people":1072,"clinic_min":4.37,"school_min":6.69,"k_clinic":5,"k_school":5,"within_15":1,"off_street":0,"ward":"Abraham Adesanya","lga":"Apapa","place":"Apapa Wharf","place_m":282},"geometry":{"type":"Polygon","coordinates":[[[3.37164,6.44169],[3.37007,6.4426],[3.36851,6.4417],[3.3685,6.43989],[3.37007,6.43898],[3.37164,6.43988],[3.37164,6.44169]]]}},{"type":"Feature","properties":{"minutes":7.06,"people":465,"clinic_min":6.6,"school_min":7.52,"k_clinic":5,"k_school":5,"within_15":1,"off_street":0,"ward":"Abraham Adesanya","lga":"Apapa","place":"Apapa Wharf","place_m":154},"geometry":{"type":"Polygon","coordinates":[[[3.37477,6.44169],[3.3732,6.4426],[3.37164,6.44169],[3.37164,6.43988],[3.3732,6.43898],[3.37477,6.43988],[3.37477,6.44169]]]}},{"type":"Feature","properties":{"minutes":13.27,"people":561,"clinic_min":13.15,"school_min":13.38,"k_clinic":5,"k_school":5,"within_15":1,"off_street":0,"ward":"Abraham Adesanya","lga":"Apapa","place":"Apapa Wharf","place_m":456},"geometry":{"type":"Polygon","coordinates":[[[3.3779,6.44169],[3.37634,6.44259],[3.37477,6.44169],[3.37477,6.43988],[3.37634,6.43898],[3.3779,6.43988],[3.3779,6.44169]]]}},{"type":"Feature","properties":{"minutes":14.44,"people":677,"clinic_min":15.03,"school_min":13.84,"k_clinic":5,"k_school":5,"within_15":1,"off_street":0,"ward":"Abraham Adesanya","lga":"Apapa","place":"Apapa Wharf","place_m":795},"geometry":{"type":"Polygon","coordinates":[[[3.38104,6.44169],[3.37947,6.44259],[3.3779,6.44169],[3.3779,6.43988],[3.37947,6.43897],[3.38103,6.43988],[3.38104,6.44169]]]}},{"type":"Feature","properties":{"minutes":30.05,"people":211,"clinic_min":31.64,"school_min":28.45,"k_clinic":5,"k_school":5,"within_15":0,"off_street":0,"ward":"Abraham Adesanya","lga":"Apapa","place":"Ilado","place_m":992},"geometry":{"type":"Polygon","coordinates":[[[3.38417,6.44168],[3.3826,6.44259],[3.38104,6.44169],[3.38103,6.43988],[3.3826,6.43897],[3.38417,6.43987],[3.38417,6.44168]]]}},{"type":"Feature","properties":{"minutes":28.4,"people":113,"clinic_min":29.99,"school_min":26.81,"k_clinic":5,"k_school":5,"within_15":0,"off_street":0,"ward":"Abraham Adesanya","lga":"Apapa","place":"Ilado","place_m":1155},"geometry":{"type":"Polygon","coordinates":[[[3.3873,6.44168],[3.38574,6.44259],[3.38417,6.44168],[3.38417,6.43987],[3.38573,6.43897],[3.3873,6.43987],[3.3873,6.44168]]]}},{"type":"Feature","properties":{"minutes":25.49,"people":35,"clinic_min":27.08,"school_min":23.9,"k_clinic":5,"k_school":5,"within_15":0,"off_street":0,"ward":"Abraham Adesanya","lga":"Apapa","place":"Odan","place_m":1148},"geometry":{"type":"Polygon","coordinates":[[[3.39043,6.44168],[3.38887,6.44259],[3.3873,6.44168],[3.3873,6.43987],[3.38887,6.43897],[3.39043,6.43987],[3.39043,6.44168]]]}},{"type":"Feature","properties":{"minutes":31.61,"people":15,"clinic_min":32.34,"school_min":30.87,"k_clinic":5,"k_school":5,"within_15":0,"off_street":1,"ward":"Abraham Adesanya","lga":"Apapa","place":"Odan","place_m":969},"geometry":{"type":"Polygon","coordinates":[[[3.39357,6.44168],[3.392,6.44258],[3.39043,6.44168],[3.39043,6.43987],[3.392,6.43896],[3.39357,6.43987],[3.39357,6.44168]]]}},{"type":"Feature","properties":{"minutes":24.84,"people":213,"clinic_min":26.59,"school_min":23.1,"k_clinic":5,"k_school":5,"within_15":0,"off_street":0,"ward":"Araromi Odo","lga":"Lagos Island","place":"Onikan","place_m":462},"geometry":{"type":"Polygon","coordinates":[[[3.40296,6.44167],[3.4014,6.44258],[3.39983,6.44167],[3.39983,6.43986],[3.4014,6.43896],[3.40296,6.43986],[3.40296,6.44167]]]}},{"type":"Feature","properties":{"minutes":13.02,"people":192,"clinic_min":12.0,"school_min":14.05,"k_clinic":5,"k_school":5,"within_15":1,"off_street":0,"ward":"Victoria Island","lga":"Eti Osa","place":"Onikan","place_m":564},"geometry":{"type":"Polygon","coordinates":[[[3.4061,6.44167],[3.40453,6.44257],[3.40296,6.44167],[3.40296,6.43986],[3.40453,6.43895],[3.4061,6.43986],[3.4061,6.44167]]]}},{"type":"Feature","properties":{"minutes":16.47,"people":596,"clinic_min":15.93,"school_min":17.01,"k_clinic":5,"k_school":5,"within_15":0,"off_street":0,"ward":"Victoria Island","lga":"Eti Osa","place":"Araromi Odo","place_m":622},"geometry":{"type":"Polygon","coordinates":[[[3.40923,6.44166],[3.40766,6.44257],[3.4061,6.44167],[3.4061,6.43986],[3.40766,6.43895],[3.40923,6.43986],[3.40923,6.44166]]]}},{"type":"Feature","properties":{"minutes":16.84,"people":216,"clinic_min":17.08,"school_min":16.59,"k_clinic":5,"k_school":5,"within_15":0,"off_street":0,"ward":"Victoria Island","lga":"Eti Osa","place":"Araromi Odo","place_m":811},"geometry":{"type":"Polygon","coordinates":[[[3.41236,6.44166],[3.4108,6.44257],[3.40923,6.44166],[3.40923,6.43986],[3.41079,6.43895],[3.41236,6.43985],[3.41236,6.44166]]]}},{"type":"Feature","properties":{"minutes":8.53,"people":903,"clinic_min":7.54,"school_min":9.53,"k_clinic":5,"k_school":5,"within_15":1,"off_street":0,"ward":"Obalende","lga":"Eti Osa","place":"Keffi Obalende","place_m":847},"geometry":{"type":"Polygon","coordinates":[[[3.4155,6.44166],[3.41393,6.44257],[3.41236,6.44166],[3.41236,6.43985],[3.41393,6.43895],[3.41549,6.43985],[3.4155,6.44166]]]}},{"type":"Feature","properties":{"minutes":7.42,"people":1281,"clinic_min":7.14,"school_min":7.69,"k_clinic":5,"k_school":5,"within_15":1,"off_street":0,"ward":"Obalende","lga":"Eti Osa","place":"Ozumba Way","place_m":749},"geometry":{"type":"Polygon","coordinates":[[[3.41863,6.44166],[3.41706,6.44256],[3.4155,6.44166],[3.41549,6.43985],[3.41706,6.43894],[3.41863,6.43985],[3.41863,6.44166]]]}},{"type":"Feature","properties":{"minutes":9.04,"people":954,"clinic_min":9.1,"school_min":8.98,"k_clinic":5,"k_school":5,"within_15":1,"off_street":0,"ward":"Ikoyi 2","lga":"Eti Osa","place":"Ozumba Way","place_m":535},"geometry":{"type":"Polygon","coordinates":[[[3.42176,6.44165],[3.4202,6.44256],[3.41863,6.44166],[3.41863,6.43985],[3.42019,6.43894],[3.42176,6.43985],[3.42176,6.44165]]]}},{"type":"Feature","properties":{"minutes":10.28,"people":152,"clinic_min":11.39,"school_min":9.17,"k_clinic":5,"k_school":5,"within_15":1,"off_street":0,"ward":"Victoria Island","lga":"Eti Osa","place":"Ozumba Way","place_m":502},"geometry":{"type":"Polygon","coordinates":[[[3.42489,6.44165],[3.42333,6.44256],[3.42176,6.44165],[3.42176,6.43985],[3.42332,6.43894],[3.42489,6.43984],[3.42489,6.44165]]]}},{"type":"Feature","properties":{"minutes":12.2,"people":94,"clinic_min":15.08,"school_min":9.31,"k_clinic":5,"k_school":5,"within_15":1,"off_street":0,"ward":"1004\u2013Aboyade","lga":"Eti Osa","place":"Victoria Island","place_m":519},"geometry":{"type":"Polygon","coordinates":[[[3.42803,6.44165],[3.42646,6.44256],[3.42489,6.44165],[3.42489,6.43984],[3.42646,6.43894],[3.42802,6.43984],[3.42803,6.44165]]]}},{"type":"Feature","properties":{"minutes":14.14,"people":151,"clinic_min":14.0,"school_min":14.28,"k_clinic":5,"k_school":5,"within_15":1,"off_street":0,"ward":"1004\u2013Aboyade","lga":"Eti Osa","place":"Victoria Island","place_m":281},"geometry":{"type":"Polygon","coordinates":[[[3.43116,6.44165],[3.42959,6.44255],[3.42803,6.44165],[3.42802,6.43984],[3.42959,6.43893],[3.43116,6.43984],[3.43116,6.44165]]]}},{"type":"Feature","properties":{"minutes":11.21,"people":267,"clinic_min":12.55,"school_min":9.87,"k_clinic":5,"k_school":5,"within_15":1,"off_street":0,"ward":"1004\u2013Aboyade","lga":"Eti Osa","place":"Victoria Island","place_m":358},"geometry":{"type":"Polygon","coordinates":[[[3.43429,6.44164],[3.43273,6.44255],[3.43116,6.44165],[3.43116,6.43984],[3.43272,6.43893],[3.43429,6.43983],[3.43429,6.44164]]]}},{"type":"Feature","properties":{"minutes":9.27,"people":335,"clinic_min":11.33,"school_min":7.2,"k_clinic":5,"k_school":5,"within_15":1,"off_street":0,"ward":"1004\u2013Aboyade","lga":"Eti Osa","place":"Victoria Island","place_m":646},"geometry":{"type":"Polygon","coordinates":[[[3.43742,6.44164],[3.43586,6.44255],[3.43429,6.44164],[3.43429,6.43983],[3.43586,6.43893],[3.43742,6.43983],[3.43742,6.44164]]]}},{"type":"Feature","properties":{"minutes":21.81,"people":36,"clinic_min":29.27,"school_min":14.34,"k_clinic":5,"k_school":5,"within_15":0,"off_street":0,"ward":"1004\u2013Aboyade","lga":"Eti Osa","place":"Iru","place_m":824},"geometry":{"type":"Polygon","coordinates":[[[3.44056,6.44164],[3.43899,6.44254],[3.43742,6.44164],[3.43742,6.43983],[3.43899,6.43893],[3.44056,6.43983],[3.44056,6.44164]]]}},{"type":"Feature","properties":{"minutes":26.46,"people":639,"clinic_min":34.32,"school_min":18.6,"k_clinic":5,"k_school":5,"within_15":0,"off_street":0,"ward":"Falomo\u2013Oyinkan Abayomi","lga":"Eti Osa","place":"Iru","place_m":933},"geometry":{"type":"Polygon","coordinates":[[[3.44369,6.44164],[3.44212,6.44254],[3.44056,6.44164],[3.44056,6.43983],[3.44212,6.43892],[3.44369,6.43983],[3.44369,6.44164]]]}},{"type":"Feature","properties":{"minutes":25.93,"people":1182,"clinic_min":35.34,"school_min":16.51,"k_clinic":5,"k_school":5,"within_15":0,"off_street":0,"ward":"Falomo\u2013Oyinkan Abayomi","lga":"Eti Osa","place":"Gegede","place_m":643},"geometry":{"type":"Polygon","coordinates":[[[3.44682,6.44163],[3.44526,6.44254],[3.44369,6.44164],[3.44369,6.43983],[3.44525,6.43892],[3.44682,6.43982],[3.44682,6.44163]]]}},{"type":"Feature","properties":{"minutes":28.71,"people":1030,"clinic_min":37.44,"school_min":19.98,"k_clinic":5,"k_school":5,"within_15":0,"off_street":0,"ward":"Falomo\u2013Oyinkan Abayomi","lga":"Eti Osa","place":"Queens Drive","place_m":408},"geometry":{"type":"Polygon","coordinates":[[[3.44995,6.44163],[3.44839,6.44254],[3.44682,6.44163],[3.44682,6.43982],[3.44839,6.43892],[3.44995,6.43982],[3.44995,6.44163]]]}},{"type":"Feature","properties":{"minutes":28.8,"people":242,"clinic_min":36.97,"school_min":20.63,"k_clinic":5,"k_school":5,"within_15":0,"off_street":0,"ward":"1004\u2013Aboyade","lga":"Eti Osa","place":"Queens Drive","place_m":258},"geometry":{"type":"Polygon","coordinates":[[[3.45309,6.44163],[3.45152,6.44253],[3.44995,6.44163],[3.44995,6.43982],[3.45152,6.43892],[3.45309,6.43982],[3.45309,6.44163]]]}},{"type":"Feature","properties":{"minutes":9.86,"people":750,"clinic_min":9.62,"school_min":10.1,"k_clinic":5,"k_school":5,"within_15":1,"off_street":0,"ward":"1004\u2013Aboyade","lga":"Eti Osa","place":"Queens Drive","place_m":454},"geometry":{"type":"Polygon","coordinates":[[[3.45622,6.44162],[3.45465,6.44253],[3.45309,6.44163],[3.45309,6.43982],[3.45465,6.43891],[3.45622,6.43982],[3.45622,6.44162]]]}},{"type":"Feature","properties":{"minutes":9.18,"people":1472,"clinic_min":9.04,"school_min":9.33,"k_clinic":5,"k_school":5,"within_15":1,"off_street":0,"ward":"1004\u2013Aboyade","lga":"Eti Osa","place":"Oniru","place_m":758},"geometry":{"type":"Polygon","coordinates":[[[3.45935,6.44162],[3.45779,6.44253],[3.45622,6.44162],[3.45622,6.43982],[3.45778,6.43891],[3.45935,6.43981],[3.45935,6.44162]]]}},{"type":"Feature","properties":{"minutes":9.7,"people":1215,"clinic_min":11.65,"school_min":7.76,"k_clinic":5,"k_school":5,"within_15":1,"off_street":0,"ward":"Ikate\u2013Lekki","lga":"Eti Osa","place":"Durosinmi Etti Drive","place_m":580},"geometry":{"type":"Polygon","coordinates":[[[3.46249,6.44162],[3.46092,6.44253],[3.45935,6.44162],[3.45935,6.43981],[3.46092,6.43891],[3.46248,6.43981],[3.46249,6.44162]]]}},{"type":"Feature","properties":{"minutes":9.25,"people":1513,"clinic_min":13.47,"school_min":5.03,"k_clinic":5,"k_school":5,"within_15":1,"off_street":0,"ward":"Ikate\u2013Lekki","lga":"Eti Osa","place":"Durosinmi Etti Drive","place_m":395},"geometry":{"type":"Polygon","coordinates":[[[3.46562,6.44162],[3.46405,6.44252],[3.46249,6.44162],[3.46248,6.43981],[3.46405,6.4389],[3.46562,6.43981],[3.46562,6.44162]]]}},{"type":"Feature","properties":{"minutes":10.55,"people":1517,"clinic_min":11.22,"school_min":9.88,"k_clinic":5,"k_school":5,"within_15":1,"off_street":0,"ward":"Ikate\u2013Lekki","lga":"Eti Osa","place":"Lekki Phase I","place_m":371},"geometry":{"type":"Polygon","coordinates":[[[3.46875,6.44161],[3.46719,6.44252],[3.46562,6.44162],[3.46562,6.43981],[3.46718,6.4389],[3.46875,6.4398],[3.46875,6.44161]]]}},{"type":"Feature","properties":{"minutes":13.65,"people":1447,"clinic_min":13.91,"school_min":13.4,"k_clinic":5,"k_school":5,"within_15":1,"off_street":0,"ward":"Ikate\u2013Lekki","lga":"Eti Osa","place":"Lekki Phase I","place_m":78},"geometry":{"type":"Polygon","coordinates":[[[3.47188,6.44161],[3.47032,6.44252],[3.46875,6.44161],[3.46875,6.4398],[3.47031,6.4389],[3.47188,6.4398],[3.47188,6.44161]]]}},{"type":"Feature","properties":{"minutes":16.1,"people":1216,"clinic_min":16.4,"school_min":15.8,"k_clinic":5,"k_school":5,"within_15":0,"off_street":0,"ward":"Ikate\u2013Lekki","lga":"Eti Osa","place":"Lekki Phase I","place_m":338},"geometry":{"type":"Polygon","coordinates":[[[3.47502,6.44161],[3.47345,6.44251],[3.47188,6.44161],[3.47188,6.4398],[3.47345,6.4389],[3.47501,6.4398],[3.47502,6.44161]]]}},{"type":"Feature","properties":{"minutes":13.57,"people":1505,"clinic_min":12.91,"school_min":14.23,"k_clinic":5,"k_school":5,"within_15":1,"off_street":0,"ward":"Ikate\u2013Lekki","lga":"Eti Osa","place":"Car Wash","place_m":593},"geometry":{"type":"Polygon","coordinates":[[[3.47815,6.4416],[3.47658,6.44251],[3.47502,6.44161],[3.47501,6.4398],[3.47658,6.43889],[3.47815,6.4398],[3.47815,6.4416]]]}},{"type":"Feature","properties":{"minutes":14.04,"people":1533,"clinic_min":14.25,"school_min":13.83,"k_clinic":5,"k_school":5,"within_15":1,"off_street":0,"ward":"Ikate\u2013Lekki","lga":"Eti Osa","place":"Car Wash","place_m":292},"geometry":{"type":"Polygon","coordinates":[[[3.48128,6.4416],[3.47972,6.44251],[3.47815,6.4416],[3.47815,6.4398],[3.47971,6.43889],[3.48128,6.43979],[3.48128,6.4416]]]}},{"type":"Feature","properties":{"minutes":11.99,"people":511,"clinic_min":13.1,"school_min":10.87,"k_clinic":5,"k_school":5,"within_15":1,"off_street":0,"ward":"Ikate\u2013Lekki","lga":"Eti Osa","place":"Car Wash","place_m":243},"geometry":{"type":"Polygon","coordinates":[[[3.48441,6.4416],[3.48285,6.4425],[3.48128,6.4416],[3.48128,6.43979],[3.48284,6.43889],[3.48441,6.43979],[3.48441,6.4416]]]}},{"type":"Feature","properties":{"minutes":14.28,"people":532,"clinic_min":14.63,"school_min":13.92,"k_clinic":5,"k_school":5,"within_15":1,"off_street":0,"ward":"Ikate\u2013Lekki","lga":"Eti Osa","place":"Car Wash","place_m":522},"geometry":{"type":"Polygon","coordinates":[[[3.48755,6.4416],[3.48598,6.4425],[3.48441,6.4416],[3.48441,6.43979],[3.48598,6.43888],[3.48754,6.43979],[3.48755,6.4416]]]}},{"type":"Feature","properties":{"minutes":19.13,"people":714,"clinic_min":21.46,"school_min":16.8,"k_clinic":5,"k_school":5,"within_15":0,"off_street":0,"ward":"Ikate\u2013Lekki","lga":"Eti Osa","place":"Ikate Lekki","place_m":787},"geometry":{"type":"Polygon","coordinates":[[[3.49068,6.44159],[3.48911,6.4425],[3.48755,6.4416],[3.48754,6.43979],[3.48911,6.43888],[3.49068,6.43978],[3.49068,6.44159]]]}},{"type":"Feature","properties":{"minutes":30.66,"people":582,"clinic_min":32.94,"school_min":28.38,"k_clinic":5,"k_school":5,"within_15":0,"off_street":0,"ward":"Ikate\u2013Lekki","lga":"Eti Osa","place":"Ikate Lekki","place_m":715},"geometry":{"type":"Polygon","coordinates":[[[3.49381,6.44159],[3.49225,6.4425],[3.49068,6.44159],[3.49068,6.43978],[3.49224,6.43888],[3.49381,6.43978],[3.49381,6.44159]]]}},{"type":"Feature","properties":{"minutes":22.57,"people":365,"clinic_min":24.85,"school_min":20.29,"k_clinic":5,"k_school":5,"within_15":0,"off_street":0,"ward":"Ikate\u2013Lekki","lga":"Eti Osa","place":"Ikate Lekki","place_m":801},"geometry":{"type":"Polygon","coordinates":[[[3.49694,6.44159],[3.49538,6.44249],[3.49381,6.44159],[3.49381,6.43978],[3.49538,6.43887],[3.49694,6.43978],[3.49694,6.44159]]]}},{"type":"Feature","properties":{"minutes":17.12,"people":568,"clinic_min":19.4,"school_min":14.84,"k_clinic":5,"k_school":5,"within_15":0,"off_street":0,"ward":"Ikate\u2013Lekki","lga":"Eti Osa","place":"Jakande Gate","place_m":686},"geometry":{"type":"Polygon","coordinates":[[[3.50008,6.44158],[3.49851,6.44249],[3.49694,6.44159],[3.49694,6.43978],[3.49851,6.43887],[3.50008,6.43977],[3.50008,6.44158]]]}},{"type":"Feature","properties":{"minutes":15.64,"people":800,"clinic_min":16.06,"school_min":15.23,"k_clinic":5,"k_school":5,"within_15":0,"off_street":0,"ward":"Ikate\u2013Lekki","lga":"Eti Osa","place":"Jakande Gate","place_m":557},"geometry":{"type":"Polygon","coordinates":[[[3.50321,6.44158],[3.50164,6.44249],[3.50008,6.44158],[3.50008,6.43977],[3.50164,6.43887],[3.50321,6.43977],[3.50321,6.44158]]]}},{"type":"Feature","properties":{"minutes":13.15,"people":1000,"clinic_min":12.84,"school_min":13.47,"k_clinic":5,"k_school":5,"within_15":1,"off_street":0,"ward":"Ikate\u2013Lekki","lga":"Eti Osa","place":"Jakande Roundabout","place_m":454},"geometry":{"type":"Polygon","coordinates":[[[3.50634,6.44158],[3.50478,6.44248],[3.50321,6.44158],[3.50321,6.43977],[3.50477,6.43887],[3.50634,6.43977],[3.50634,6.44158]]]}},{"type":"Feature","properties":{"minutes":10.1,"people":888,"clinic_min":9.45,"school_min":10.75,"k_clinic":5,"k_school":5,"within_15":1,"off_street":0,"ward":"Ajiran\u2013Osapa","lga":"Eti Osa","place":"Jakande Roundabout","place_m":203},"geometry":{"type":"Polygon","coordinates":[[[3.50947,6.44157],[3.50791,6.44248],[3.50634,6.44158],[3.50634,6.43977],[3.50791,6.43886],[3.50947,6.43977],[3.50947,6.44157]]]}},{"type":"Feature","properties":{"minutes":4.21,"people":1333,"clinic_min":3.29,"school_min":5.13,"k_clinic":5,"k_school":5,"within_15":1,"off_street":0,"ward":"Ajiran\u2013Osapa","lga":"Eti Osa","place":"Osapa London","place_m":106},"geometry":{"type":"Polygon","coordinates":[[[3.51261,6.44157],[3.51104,6.44248],[3.50947,6.44157],[3.50947,6.43977],[3.51104,6.43886],[3.51261,6.43976],[3.51261,6.44157]]]}},{"type":"Feature","properties":{"minutes":9.92,"people":1358,"clinic_min":9.19,"school_min":10.64,"k_clinic":5,"k_school":5,"within_15":1,"off_street":0,"ward":"Ajiran\u2013Osapa","lga":"Eti Osa","place":"Osapa London","place_m":242},"geometry":{"type":"Polygon","coordinates":[[[3.51574,6.44157],[3.51417,6.44247],[3.51261,6.44157],[3.51261,6.43976],[3.51417,6.43886],[3.51574,6.43976],[3.51574,6.44157]]]}},{"type":"Feature","properties":{"minutes":6.75,"people":1301,"clinic_min":5.76,"school_min":7.73,"k_clinic":5,"k_school":5,"within_15":1,"off_street":0,"ward":"Ajiran\u2013Osapa","lga":"Eti Osa","place":"Lekki Peninsula II","place_m":297},"geometry":{"type":"Polygon","coordinates":[[[3.51887,6.44156],[3.51731,6.44247],[3.51574,6.44157],[3.51574,6.43976],[3.5173,6.43885],[3.51887,6.43976],[3.51887,6.44156]]]}},{"type":"Feature","properties":{"minutes":8.08,"people":1259,"clinic_min":7.95,"school_min":8.2,"k_clinic":5,"k_school":5,"within_15":1,"off_street":0,"ward":"Ajiran\u2013Osapa","lga":"Eti Osa","place":"Lekki Peninsula II","place_m":118},"geometry":{"type":"Polygon","coordinates":[[[3.52201,6.44156],[3.52044,6.44247],[3.51887,6.44156],[3.51887,6.43976],[3.52044,6.43885],[3.522,6.43975],[3.52201,6.44156]]]}},{"type":"Feature","properties":{"minutes":9.78,"people":1134,"clinic_min":9.03,"school_min":10.53,"k_clinic":5,"k_school":5,"within_15":1,"off_street":0,"ward":"Ajiran\u2013Osapa","lga":"Eti Osa","place":"Idado","place_m":240},"geometry":{"type":"Polygon","coordinates":[[[3.52514,6.44156],[3.52357,6.44246],[3.52201,6.44156],[3.522,6.43975],[3.52357,6.43885],[3.52514,6.43975],[3.52514,6.44156]]]}},{"type":"Feature","properties":{"minutes":14.02,"people":562,"clinic_min":12.58,"school_min":15.46,"k_clinic":5,"k_school":5,"within_15":1,"off_street":0,"ward":"Ajiran\u2013Osapa","lga":"Eti Osa","place":"Idado","place_m":567},"geometry":{"type":"Polygon","coordinates":[[[3.52827,6.44156],[3.52671,6.44246],[3.52514,6.44156],[3.52514,6.43975],[3.5267,6.43884],[3.52827,6.43975],[3.52827,6.44156]]]}},{"type":"Feature","properties":{"minutes":15.32,"people":235,"clinic_min":15.43,"school_min":15.21,"k_clinic":5,"k_school":5,"within_15":0,"off_street":0,"ward":"Maroko\u2013Okun Alfa","lga":"Eti Osa","place":"Twin Lake Estate","place_m":729},"geometry":{"type":"Polygon","coordinates":[[[3.5314,6.44155],[3.52984,6.44246],[3.52827,6.44156],[3.52827,6.43975],[3.52983,6.43884],[3.5314,6.43974],[3.5314,6.44155]]]}},{"type":"Feature","properties":{"minutes":24.73,"people":222,"clinic_min":25.19,"school_min":24.28,"k_clinic":5,"k_school":5,"within_15":0,"off_street":0,"ward":"Maroko\u2013Okun Alfa","lga":"Eti Osa","place":"Twin Lake Estate","place_m":525},"geometry":{"type":"Polygon","coordinates":[[[3.53454,6.44155],[3.53297,6.44246],[3.5314,6.44155],[3.5314,6.43974],[3.53297,6.43884],[3.53453,6.43974],[3.53454,6.44155]]]}},{"type":"Feature","properties":{"minutes":18.66,"people":60,"clinic_min":20.17,"school_min":17.15,"k_clinic":5,"k_school":5,"within_15":0,"off_street":0,"ward":"Igbo-Efon\u2013Maiyegun","lga":"Eti Osa","place":"Olugborogan Palace","place_m":307},"geometry":{"type":"Polygon","coordinates":[[[3.53767,6.44155],[3.5361,6.44245],[3.53454,6.44155],[3.53453,6.43974],[3.5361,6.43883],[3.53767,6.43974],[3.53767,6.44155]]]}},{"type":"Feature","properties":{"minutes":17.44,"people":940,"clinic_min":22.68,"school_min":12.21,"k_clinic":5,"k_school":5,"within_15":0,"off_street":0,"ward":"Igbo-Efon\u2013Maiyegun","lga":"Eti Osa","place":"Olugborogan Palace","place_m":211},"geometry":{"type":"Polygon","coordinates":[[[3.5408,6.44154],[3.53924,6.44245],[3.53767,6.44155],[3.53767,6.43974],[3.53923,6.43883],[3.5408,6.43973],[3.5408,6.44154]]]}},{"type":"Feature","properties":{"minutes":16.14,"people":835,"clinic_min":20.68,"school_min":11.6,"k_clinic":5,"k_school":5,"within_15":0,"off_street":0,"ward":"Igbo-Efon\u2013Maiyegun","lga":"Eti Osa","place":"Olugborogan Palace","place_m":485},"geometry":{"type":"Polygon","coordinates":[[[3.54393,6.44154],[3.54237,6.44245],[3.5408,6.44154],[3.5408,6.43973],[3.54236,6.43883],[3.54393,6.43973],[3.54393,6.44154]]]}},{"type":"Feature","properties":{"minutes":21.36,"people":741,"clinic_min":23.46,"school_min":19.26,"k_clinic":5,"k_school":5,"within_15":0,"off_street":0,"ward":"Igbo-Efon\u2013Maiyegun","lga":"Eti Osa","place":"Bado","place_m":753},"geometry":{"type":"Polygon","coordinates":[[[3.54707,6.44154],[3.5455,6.44244],[3.54393,6.44154],[3.54393,6.43973],[3.5455,6.43882],[3.54706,6.43973],[3.54707,6.44154]]]}},{"type":"Feature","properties":{"minutes":19.23,"people":741,"clinic_min":21.71,"school_min":16.74,"k_clinic":5,"k_school":5,"within_15":0,"off_street":0,"ward":"Igbo-Efon\u2013Maiyegun","lga":"Eti Osa","place":"Ikota","place_m":792},"geometry":{"type":"Polygon","coordinates":[[[3.5502,6.44153],[3.54863,6.44244],[3.54707,6.44154],[3.54706,6.43973],[3.54863,6.43882],[3.5502,6.43972],[3.5502,6.44153]]]}},{"type":"Feature","properties":{"minutes":18.83,"people":979,"clinic_min":21.66,"school_min":15.99,"k_clinic":5,"k_school":5,"within_15":0,"off_street":0,"ward":"Igbo-Efon\u2013Maiyegun","lga":"Eti Osa","place":"Ikota","place_m":869},"geometry":{"type":"Polygon","coordinates":[[[3.55333,6.44153],[3.55177,6.44244],[3.5502,6.44153],[3.5502,6.43972],[3.55176,6.43882],[3.55333,6.43972],[3.55333,6.44153]]]}},{"type":"Feature","properties":{"minutes":21.84,"people":593,"clinic_min":24.69,"school_min":18.99,"k_clinic":5,"k_school":5,"within_15":0,"off_street":0,"ward":"Igbo-Efon\u2013Maiyegun","lga":"Eti Osa","place":"South Point Estate","place_m":1003},"geometry":{"type":"Polygon","coordinates":[[[3.55646,6.44153],[3.5549,6.44243],[3.55333,6.44153],[3.55333,6.43972],[3.55489,6.43881],[3.55646,6.43972],[3.55646,6.44153]]]}},{"type":"Feature","properties":{"minutes":23.6,"people":758,"clinic_min":26.77,"school_min":20.42,"k_clinic":5,"k_school":5,"within_15":0,"off_street":0,"ward":"Igbo-Efon\u2013Maiyegun","lga":"Eti Osa","place":"Itirin Town","place_m":696},"geometry":{"type":"Polygon","coordinates":[[[3.5596,6.44152],[3.55803,6.44243],[3.55646,6.44153],[3.55646,6.43972],[3.55803,6.43881],[3.55959,6.43971],[3.5596,6.44152]]]}},{"type":"Feature","properties":{"minutes":23.66,"people":630,"clinic_min":27.12,"school_min":20.21,"k_clinic":5,"k_school":5,"within_15":0,"off_street":0,"ward":"Igbo-Efon\u2013Maiyegun","lga":"Eti Osa","place":"Itirin Town","place_m":355},"geometry":{"type":"Polygon","coordinates":[[[3.56273,6.44152],[3.56116,6.44242],[3.5596,6.44152],[3.55959,6.43971],[3.56116,6.43881],[3.56273,6.43971],[3.56273,6.44152]]]}},{"type":"Feature","properties":{"minutes":25.31,"people":585,"clinic_min":30.07,"school_min":20.55,"k_clinic":5,"k_school":5,"within_15":0,"off_street":0,"ward":"Igbo-Efon\u2013Maiyegun","lga":"Eti Osa","place":"Itirin Town","place_m":88},"geometry":{"type":"Polygon","coordinates":[[[3.56586,6.44152],[3.5643,6.44242],[3.56273,6.44152],[3.56273,6.43971],[3.56429,6.4388],[3.56586,6.43971],[3.56586,6.44152]]]}},{"type":"Feature","properties":{"minutes":29.5,"people":158,"clinic_min":34.99,"school_min":24.02,"k_clinic":5,"k_school":5,"within_15":0,"off_street":0,"ward":"Ajah","lga":"Eti Osa","place":"Itirin Town","place_m":359},"geometry":{"type":"Polygon","coordinates":[[[3.56899,6.44151],[3.56743,6.44242],[3.56586,6.44152],[3.56586,6.43971],[3.56742,6.4388],[3.56899,6.4397],[3.56899,6.44151]]]}},{"type":"Feature","properties":{"minutes":30.36,"people":163,"clinic_min":37.09,"school_min":23.63,"k_clinic":5,"k_school":5,"within_15":0,"off_street":0,"ward":"Ajah","lga":"Eti Osa","place":"Megamound","place_m":239},"geometry":{"type":"Polygon","coordinates":[[[3.57213,6.44151],[3.57056,6.44241],[3.56899,6.44151],[3.56899,6.4397],[3.57056,6.4388],[3.57212,6.4397],[3.57213,6.44151]]]}},{"type":"Feature","properties":{"minutes":32.03,"people":112,"clinic_min":38.91,"school_min":25.15,"k_clinic":5,"k_school":5,"within_15":0,"off_street":0,"ward":"Ajah","lga":"Eti Osa","place":"Megamound","place_m":108},"geometry":{"type":"Polygon","coordinates":[[[3.57526,6.4415],[3.57369,6.44241],[3.57213,6.44151],[3.57212,6.4397],[3.57369,6.43879],[3.57526,6.4397],[3.57526,6.4415]]]}},{"type":"Feature","properties":{"minutes":39.2,"people":9,"clinic_min":42.67,"school_min":35.73,"k_clinic":5,"k_school":5,"within_15":0,"off_street":0,"ward":"Ajah","lga":"Eti Osa","place":"Megamound","place_m":800},"geometry":{"type":"Polygon","coordinates":[[[3.58152,6.4415],[3.57996,6.4424],[3.57839,6.4415],[3.57839,6.43969],[3.57996,6.43879],[3.58152,6.43969],[3.58152,6.4415]]]}},{"type":"Feature","properties":{"minutes":37.03,"people":9,"clinic_min":39.22,"school_min":34.84,"k_clinic":5,"k_school":5,"within_15":0,"off_street":0,"ward":"Okun Ajah\u2013Okunmopo","lga":"Eti Osa","place":"Megamound","place_m":1147},"geometry":{"type":"Polygon","coordinates":[[[3.58466,6.44149],[3.58309,6.4424],[3.58152,6.4415],[3.58152,6.43969],[3.58309,6.43878],[3.58466,6.43968],[3.58466,6.44149]]]}},{"type":"Feature","properties":{"minutes":34.0,"people":135,"clinic_min":34.46,"school_min":33.55,"k_clinic":5,"k_school":5,"within_15":0,"off_street":0,"ward":"Okun Ajah\u2013Okunmopo","lga":"Eti Osa","place":"Okun Ajah","place_m":1618},"geometry":{"type":"Polygon","coordinates":[[[3.59092,6.44149],[3.58936,6.44239],[3.58779,6.44149],[3.58779,6.43968],[3.58935,6.43877],[3.59092,6.43968],[3.59092,6.44149]]]}},{"type":"Feature","properties":{"minutes":33.73,"people":176,"clinic_min":36.6,"school_min":30.86,"k_clinic":5,"k_school":5,"within_15":0,"off_street":0,"ward":"Okun Ajah\u2013Okunmopo","lga":"Eti Osa","place":"Okun Ajah Baales Palace","place_m":1449},"geometry":{"type":"Polygon","coordinates":[[[3.59405,6.44148],[3.59249,6.44239],[3.59092,6.44149],[3.59092,6.43968],[3.59249,6.43877],[3.59405,6.43967],[3.59405,6.44148]]]}},{"type":"Feature","properties":{"minutes":18.25,"people":15,"clinic_min":25.72,"school_min":10.78,"k_clinic":5,"k_school":5,"within_15":0,"off_street":1,"ward":"Okun Ajah\u2013Okunmopo","lga":"Eti Osa","place":"Ogombo Ajah","place_m":514},"geometry":{"type":"Polygon","coordinates":[[[3.60972,6.44146],[3.60815,6.44237],[3.60659,6.44147],[3.60658,6.43966],[3.60815,6.43875],[3.60972,6.43966],[3.60972,6.44146]]]}},{"type":"Feature","properties":{"minutes":11.54,"people":1161,"clinic_min":13.21,"school_min":9.87,"k_clinic":5,"k_school":5,"within_15":1,"off_street":0,"ward":"Oduduwa","lga":"Apapa","place":"Tolu","place_m":229},"geometry":{"type":"Polygon","coordinates":[[[3.35128,6.44442],[3.34971,6.44533],[3.34814,6.44442],[3.34814,6.44261],[3.34971,6.44171],[3.35128,6.44261],[3.35128,6.44442]]]}},{"type":"Feature","properties":{"minutes":7.48,"people":1225,"clinic_min":6.8,"school_min":8.16,"k_clinic":5,"k_school":5,"within_15":1,"off_street":0,"ward":"Oduduwa","lga":"Apapa","place":"Marine","place_m":420},"geometry":{"type":"Polygon","coordinates":[[[3.35441,6.44442],[3.35284,6.44533],[3.35128,6.44442],[3.35128,6.44261],[3.35284,6.44171],[3.35441,6.44261],[3.35441,6.44442]]]}},{"type":"Feature","properties":{"minutes":6.99,"people":1204,"clinic_min":5.43,"school_min":8.56,"k_clinic":5,"k_school":5,"within_15":1,"off_street":0,"ward":"Oduduwa","lga":"Apapa","place":"Marine","place_m":266},"geometry":{"type":"Polygon","coordinates":[[[3.35754,6.44442],[3.35598,6.44532],[3.35441,6.44442],[3.35441,6.44261],[3.35597,6.4417],[3.35754,6.44261],[3.35754,6.44442]]]}},{"type":"Feature","properties":{"minutes":7.54,"people":1097,"clinic_min":5.73,"school_min":9.35,"k_clinic":5,"k_school":5,"within_15":1,"off_street":0,"ward":"Apapa","lga":"Apapa","place":"Marine","place_m":454},"geometry":{"type":"Polygon","coordinates":[[[3.36068,6.44442],[3.35911,6.44532],[3.35754,6.44442],[3.35754,6.44261],[3.35911,6.4417],[3.36067,6.44261],[3.36068,6.44442]]]}},{"type":"Feature","properties":{"minutes":7.7,"people":827,"clinic_min":7.87,"school_min":7.53,"k_clinic":5,"k_school":5,"within_15":1,"off_street":0,"ward":"Abraham Adesanya","lga":"Apapa","place":"Apapa","place_m":597},"geometry":{"type":"Polygon","coordinates":[[[3.36381,6.44441],[3.36224,6.44532],[3.36068,6.44442],[3.36067,6.44261],[3.36224,6.4417],[3.36381,6.4426],[3.36381,6.44441]]]}},{"type":"Feature","properties":{"minutes":8.19,"people":538,"clinic_min":7.6,"school_min":8.78,"k_clinic":5,"k_school":5,"within_15":1,"off_street":0,"ward":"Abraham Adesanya","lga":"Apapa","place":"Anjorin","place_m":486},"geometry":{"type":"Polygon","coordinates":[[[3.36694,6.44441],[3.36538,6.44532],[3.36381,6.44441],[3.36381,6.4426],[3.36537,6.4417],[3.36694,6.4426],[3.36694,6.44441]]]}},{"type":"Feature","properties":{"minutes":2.61,"people":743,"clinic_min":2.38,"school_min":2.84,"k_clinic":5,"k_school":5,"within_15":1,"off_street":0,"ward":"Abraham Adesanya","lga":"Apapa","place":"Anjorin","place_m":191},"geometry":{"type":"Polygon","coordinates":[[[3.37007,6.44441],[3.36851,6.44531],[3.36694,6.44441],[3.36694,6.4426],[3.36851,6.4417],[3.37007,6.4426],[3.37007,6.44441]]]}},{"type":"Feature","properties":{"minutes":5.62,"people":825,"clinic_min":5.52,"school_min":5.73,"k_clinic":5,"k_school":5,"within_15":1,"off_street":0,"ward":"Abraham Adesanya","lga":"Apapa","place":"Apapa Wharf","place_m":195},"geometry":{"type":"Polygon","coordinates":[[[3.37321,6.44441],[3.37164,6.44531],[3.37007,6.44441],[3.37007,6.4426],[3.37164,6.44169],[3.3732,6.4426],[3.37321,6.44441]]]}},{"type":"Feature","properties":{"minutes":8.54,"people":503,"clinic_min":8.18,"school_min":8.91,"k_clinic":5,"k_school":5,"within_15":1,"off_street":0,"ward":"Anjorin","lga":"Apapa","place":"Apapa Wharf","place_m":319},"geometry":{"type":"Polygon","coordinates":[[[3.37634,6.4444],[3.37477,6.44531],[3.37321,6.44441],[3.3732,6.4426],[3.37477,6.44169],[3.37634,6.44259],[3.37634,6.4444]]]}},{"type":"Feature","properties":{"minutes":14.05,"people":552,"clinic_min":13.92,"school_min":14.18,"k_clinic":5,"k_school":5,"within_15":1,"off_street":0,"ward":"Anjorin","lga":"Apapa","place":"Apapa Wharf","place_m":637},"geometry":{"type":"Polygon","coordinates":[[[3.37947,6.4444],[3.37791,6.44531],[3.37634,6.4444],[3.37634,6.44259],[3.3779,6.44169],[3.37947,6.44259],[3.37947,6.4444]]]}},{"type":"Feature","properties":{"minutes":18.27,"people":192,"clinic_min":18.58,"school_min":17.96,"k_clinic":5,"k_school":5,"within_15":0,"off_street":0,"ward":"Anjorin","lga":"Apapa","place":"Apapa Wharf","place_m":974},"geometry":{"type":"Polygon","coordinates":[[[3.3826,6.4444],[3.38104,6.4453],[3.37947,6.4444],[3.37947,6.44259],[3.38104,6.44169],[3.3826,6.44259],[3.3826,6.4444]]]}},{"type":"Feature","properties":{"minutes":31.11,"people":120,"clinic_min":32.7,"school_min":29.51,"k_clinic":5,"k_school":5,"within_15":0,"off_street":1,"ward":"Abraham Adesanya","lga":"Apapa","place":"Kakawa","place_m":1235},"geometry":{"type":"Polygon","coordinates":[[[3.38574,6.4444],[3.38417,6.4453],[3.3826,6.4444],[3.3826,6.44259],[3.38417,6.44168],[3.38574,6.44259],[3.38574,6.4444]]]}},{"type":"Feature","properties":{"minutes":11.1,"people":65,"clinic_min":8.84,"school_min":13.37,"k_clinic":5,"k_school":5,"within_15":1,"off_street":0,"ward":"Anjorin","lga":"Apapa","place":"Onikan","place_m":565},"geometry":{"type":"Polygon","coordinates":[[[3.39827,6.44439],[3.3967,6.44529],[3.39514,6.44439],[3.39513,6.44258],[3.3967,6.44167],[3.39827,6.44258],[3.39827,6.44439]]]}},{"type":"Feature","properties":{"minutes":9.09,"people":536,"clinic_min":7.45,"school_min":10.74,"k_clinic":5,"k_school":5,"within_15":1,"off_street":0,"ward":"Odam","lga":"Lagos Island","place":"Onikan","place_m":253},"geometry":{"type":"Polygon","coordinates":[[[3.4014,6.44438],[3.39983,6.44529],[3.39827,6.44439],[3.39827,6.44258],[3.39983,6.44167],[3.4014,6.44258],[3.4014,6.44438]]]}},{"type":"Feature","properties":{"minutes":6.4,"people":589,"clinic_min":4.01,"school_min":8.8,"k_clinic":5,"k_school":5,"within_15":1,"off_street":0,"ward":"Araromi Odo","lga":"Lagos Island","place":"Onikan","place_m":221},"geometry":{"type":"Polygon","coordinates":[[[3.40453,6.44438],[3.40297,6.44529],[3.4014,6.44438],[3.4014,6.44258],[3.40296,6.44167],[3.40453,6.44257],[3.40453,6.44438]]]}},{"type":"Feature","properties":{"minutes":9.62,"people":583,"clinic_min":8.52,"school_min":10.71,"k_clinic":5,"k_school":5,"within_15":1,"off_street":0,"ward":"Obalende","lga":"Eti Osa","place":"Araromi Odo","place_m":286},"geometry":{"type":"Polygon","coordinates":[[[3.40767,6.44438],[3.4061,6.44529],[3.40453,6.44438],[3.40453,6.44257],[3.4061,6.44167],[3.40766,6.44257],[3.40767,6.44438]]]}},{"type":"Feature","properties":{"minutes":9.0,"people":587,"clinic_min":9.42,"school_min":8.57,"k_clinic":5,"k_school":5,"within_15":1,"off_street":0,"ward":"Obalende","lga":"Eti Osa","place":"Araromi Odo","place_m":482},"geometry":{"type":"Polygon","coordinates":[[[3.4108,6.44438],[3.40923,6.44528],[3.40767,6.44438],[3.40766,6.44257],[3.40923,6.44166],[3.4108,6.44257],[3.4108,6.44438]]]}},{"type":"Feature","properties":{"minutes":9.08,"people":1085,"clinic_min":8.8,"school_min":9.35,"k_clinic":5,"k_school":5,"within_15":1,"off_street":0,"ward":"Obalende","lga":"Eti Osa","place":"Keffi Obalende","place_m":612},"geometry":{"type":"Polygon","coordinates":[[[3.41393,6.44437],[3.41237,6.44528],[3.4108,6.44438],[3.4108,6.44257],[3.41236,6.44166],[3.41393,6.44257],[3.41393,6.44437]]]}},{"type":"Feature","properties":{"minutes":3.7,"people":1215,"clinic_min":2.51,"school_min":4.9,"k_clinic":5,"k_school":5,"within_15":1,"off_street":0,"ward":"Obalende","lga":"Eti Osa","place":"Keffi Obalende","place_m":542},"geometry":{"type":"Polygon","coordinates":[[[3.41706,6.44437],[3.4155,6.44528],[3.41393,6.44437],[3.41393,6.44257],[3.4155,6.44166],[3.41706,6.44256],[3.41706,6.44437]]]}},{"type":"Feature","properties":{"minutes":5.47,"people":1442,"clinic_min":7.15,"school_min":3.8,"k_clinic":5,"k_school":5,"within_15":1,"off_street":0,"ward":"Ikoyi 2","lga":"Eti Osa","place":"Keffi Obalende","place_m":672},"geometry":{"type":"Polygon","coordinates":[[[3.4202,6.44437],[3.41863,6.44528],[3.41706,6.44437],[3.41706,6.44256],[3.41863,6.44166],[3.4202,6.44256],[3.4202,6.44437]]]}},{"type":"Feature","properties":{"minutes":8.18,"people":859,"clinic_min":9.51,"school_min":6.85,"k_clinic":5,"k_school":5,"within_15":1,"off_street":0,"ward":"Ikoyi 2","lga":"Eti Osa","place":"Ozumba Way","place_m":788},"geometry":{"type":"Polygon","coordinates":[[[3.42333,6.44437],[3.42176,6.44527],[3.4202,6.44437],[3.4202,6.44256],[3.42176,6.44165],[3.42333,6.44256],[3.42333,6.44437]]]}},{"type":"Feature","properties":{"minutes":10.09,"people":956,"clinic_min":12.79,"school_min":7.38,"k_clinic":5,"k_school":5,"within_15":1,"off_street":0,"ward":"Ikoyi 2","lga":"Eti Osa","place":"Falomo","place_m":586},"geometry":{"type":"Polygon","coordinates":[[[3.42646,6.44436],[3.4249,6.44527],[3.42333,6.44437],[3.42333,6.44256],[3.42489,6.44165],[3.42646,6.44256],[3.42646,6.44436]]]}},{"type":"Feature","properties":{"minutes":12.45,"people":370,"clinic_min":15.75,"school_min":9.16,"k_clinic":5,"k_school":5,"within_15":1,"off_street":0,"ward":"Falomo\u2013Oyinkan Abayomi","lga":"Eti Osa","place":"Falomo","place_m":240},"geometry":{"type":"Polygon","coordinates":[[[3.42959,6.44436],[3.42803,6.44527],[3.42646,6.44436],[3.42646,6.44256],[3.42803,6.44165],[3.42959,6.44255],[3.42959,6.44436]]]}},{"type":"Feature","properties":{"minutes":15.3,"people":750,"clinic_min":20.18,"school_min":10.43,"k_clinic":5,"k_school":5,"within_15":0,"off_street":0,"ward":"Falomo\u2013Oyinkan Abayomi","lga":"Eti Osa","place":"Falomo","place_m":111},"geometry":{"type":"Polygon","coordinates":[[[3.43273,6.44436],[3.43116,6.44526],[3.42959,6.44436],[3.42959,6.44255],[3.43116,6.44165],[3.43273,6.44255],[3.43273,6.44436]]]}},{"type":"Feature","properties":{"minutes":15.12,"people":759,"clinic_min":22.43,"school_min":7.81,"k_clinic":5,"k_school":5,"within_15":0,"off_street":0,"ward":"Falomo\u2013Oyinkan Abayomi","lga":"Eti Osa","place":"Falomo","place_m":455},"geometry":{"type":"Polygon","coordinates":[[[3.43586,6.44436],[3.43429,6.44526],[3.43273,6.44436],[3.43273,6.44255],[3.43429,6.44164],[3.43586,6.44255],[3.43586,6.44436]]]}},{"type":"Feature","properties":{"minutes":20.43,"people":1050,"clinic_min":27.96,"school_min":12.91,"k_clinic":5,"k_school":5,"within_15":0,"off_street":0,"ward":"Falomo\u2013Oyinkan Abayomi","lga":"Eti Osa","place":"Falomo","place_m":801},"geometry":{"type":"Polygon","coordinates":[[[3.43899,6.44435],[3.43743,6.44526],[3.43586,6.44436],[3.43586,6.44255],[3.43742,6.44164],[3.43899,6.44254],[3.43899,6.44435]]]}},{"type":"Feature","properties":{"minutes":21.7,"people":1024,"clinic_min":30.41,"school_min":12.99,"k_clinic":5,"k_school":5,"within_15":0,"off_street":0,"ward":"Falomo\u2013Oyinkan Abayomi","lga":"Eti Osa","place":"Falomo","place_m":1078},"geometry":{"type":"Polygon","coordinates":[[[3.44213,6.44435],[3.44056,6.44526],[3.43899,6.44435],[3.43899,6.44254],[3.44056,6.44164],[3.44212,6.44254],[3.44213,6.44435]]]}},{"type":"Feature","properties":{"minutes":23.59,"people":640,"clinic_min":33.17,"school_min":14.01,"k_clinic":5,"k_school":5,"within_15":0,"off_street":0,"ward":"Falomo\u2013Oyinkan Abayomi","lga":"Eti Osa","place":"Queens Drive","place_m":839},"geometry":{"type":"Polygon","coordinates":[[[3.44526,6.44435],[3.44369,6.44525],[3.44213,6.44435],[3.44212,6.44254],[3.44369,6.44164],[3.44526,6.44254],[3.44526,6.44435]]]}},{"type":"Feature","properties":{"minutes":26.45,"people":1053,"clinic_min":36.03,"school_min":16.87,"k_clinic":5,"k_school":5,"within_15":0,"off_street":0,"ward":"Falomo\u2013Oyinkan Abayomi","lga":"Eti Osa","place":"Queens Drive","place_m":493},"geometry":{"type":"Polygon","coordinates":[[[3.44839,6.44435],[3.44683,6.44525],[3.44526,6.44435],[3.44526,6.44254],[3.44682,6.44163],[3.44839,6.44254],[3.44839,6.44435]]]}},{"type":"Feature","properties":{"minutes":28.77,"people":1430,"clinic_min":37.56,"school_min":19.99,"k_clinic":5,"k_school":5,"within_15":0,"off_street":0,"ward":"Falomo\u2013Oyinkan Abayomi","lga":"Eti Osa","place":"Queens Drive","place_m":151},"geometry":{"type":"Polygon","coordinates":[[[3.45152,6.44434],[3.44996,6.44525],[3.44839,6.44435],[3.44839,6.44254],[3.44995,6.44163],[3.45152,6.44253],[3.45152,6.44434]]]}},{"type":"Feature","properties":{"minutes":10.07,"people":182,"clinic_min":11.33,"school_min":8.81,"k_clinic":5,"k_school":5,"within_15":1,"off_street":0,"ward":"1004\u2013Aboyade","lga":"Eti Osa","place":"Queens Drive","place_m":206},"geometry":{"type":"Polygon","coordinates":[[[3.45466,6.44434],[3.45309,6.44525],[3.45152,6.44434],[3.45152,6.44253],[3.45309,6.44163],[3.45465,6.44253],[3.45466,6.44434]]]}},{"type":"Feature","properties":{"minutes":11.84,"people":1348,"clinic_min":13.14,"school_min":10.54,"k_clinic":5,"k_school":5,"within_15":1,"off_street":0,"ward":"1004\u2013Aboyade","lga":"Eti Osa","place":"Queens Drive","place_m":550},"geometry":{"type":"Polygon","coordinates":[[[3.45779,6.44434],[3.45622,6.44524],[3.45466,6.44434],[3.45465,6.44253],[3.45622,6.44162],[3.45779,6.44253],[3.45779,6.44434]]]}},{"type":"Feature","properties":{"minutes":10.42,"people":1326,"clinic_min":11.92,"school_min":8.92,"k_clinic":5,"k_school":5,"within_15":1,"off_street":0,"ward":"Ikate\u2013Lekki","lga":"Eti Osa","place":"Maroko","place_m":439},"geometry":{"type":"Polygon","coordinates":[[[3.46092,6.44433],[3.45936,6.44524],[3.45779,6.44434],[3.45779,6.44253],[3.45935,6.44162],[3.46092,6.44253],[3.46092,6.44433]]]}},{"type":"Feature","properties":{"minutes":10.03,"people":1168,"clinic_min":13.45,"school_min":6.6,"k_clinic":5,"k_school":5,"within_15":1,"off_street":0,"ward":"Ikate\u2013Lekki","lga":"Eti Osa","place":"Maroko","place_m":289},"geometry":{"type":"Polygon","coordinates":[[[3.46405,6.44433],[3.46249,6.44524],[3.46092,6.44433],[3.46092,6.44253],[3.46249,6.44162],[3.46405,6.44252],[3.46405,6.44433]]]}},{"type":"Feature","properties":{"minutes":8.88,"people":1141,"clinic_min":12.19,"school_min":5.58,"k_clinic":5,"k_school":5,"within_15":1,"off_street":0,"ward":"Ikate\u2013Lekki","lga":"Eti Osa","place":"Peninsula","place_m":419},"geometry":{"type":"Polygon","coordinates":[[[3.46719,6.44433],[3.46562,6.44523],[3.46405,6.44433],[3.46405,6.44252],[3.46562,6.44162],[3.46719,6.44252],[3.46719,6.44433]]]}},{"type":"Feature","properties":{"minutes":9.22,"people":846,"clinic_min":9.91,"school_min":8.53,"k_clinic":5,"k_school":5,"within_15":1,"off_street":0,"ward":"Ikate\u2013Lekki","lga":"Eti Osa","place":"Lekki Phase I","place_m":293},"geometry":{"type":"Polygon","coordinates":[[[3.47032,6.44433],[3.46875,6.44523],[3.46719,6.44433],[3.46719,6.44252],[3.46875,6.44161],[3.47032,6.44252],[3.47032,6.44433]]]}},{"type":"Feature","properties":{"minutes":6.97,"people":864,"clinic_min":5.73,"school_min":8.21,"k_clinic":5,"k_school":5,"within_15":1,"off_street":0,"ward":"Ikate\u2013Lekki","lga":"Eti Osa","place":"Lekki Phase I","place_m":273},"geometry":{"type":"Polygon","coordinates":[[[3.47345,6.44432],[3.47189,6.44523],[3.47032,6.44433],[3.47032,6.44252],[3.47188,6.44161],[3.47345,6.44251],[3.47345,6.44432]]]}},{"type":"Feature","properties":{"minutes":9.84,"people":1580,"clinic_min":8.42,"school_min":11.25,"k_clinic":5,"k_school":5,"within_15":1,"off_street":0,"ward":"Ikate\u2013Lekki","lga":"Eti Osa","place":"Doctor Umoh Lekki","place_m":435},"geometry":{"type":"Polygon","coordinates":[[[3.47658,6.44432],[3.47502,6.44523],[3.47345,6.44432],[3.47345,6.44251],[3.47502,6.44161],[3.47658,6.44251],[3.47658,6.44432]]]}},{"type":"Feature","properties":{"minutes":10.91,"people":1521,"clinic_min":10.59,"school_min":11.22,"k_clinic":5,"k_school":5,"within_15":1,"off_street":0,"ward":"Ikate\u2013Lekki","lga":"Eti Osa","place":"Doctor Umoh Lekki","place_m":378},"geometry":{"type":"Polygon","coordinates":[[[3.47972,6.44432],[3.47815,6.44522],[3.47658,6.44432],[3.47658,6.44251],[3.47815,6.4416],[3.47972,6.44251],[3.47972,6.44432]]]}},{"type":"Feature","properties":{"minutes":11.92,"people":951,"clinic_min":13.9,"school_min":9.94,"k_clinic":5,"k_school":5,"within_15":1,"off_street":0,"ward":"Ikate\u2013Lekki","lga":"Eti Osa","place":"Car Wash","place_m":105},"geometry":{"type":"Polygon","coordinates":[[[3.48285,6.44431],[3.48128,6.44522],[3.47972,6.44432],[3.47972,6.44251],[3.48128,6.4416],[3.48285,6.4425],[3.48285,6.44431]]]}},{"type":"Feature","properties":{"minutes":14.33,"people":1379,"clinic_min":18.13,"school_min":10.53,"k_clinic":5,"k_school":5,"within_15":1,"off_street":0,"ward":"Ikate\u2013Lekki","lga":"Eti Osa","place":"Car Wash","place_m":323},"geometry":{"type":"Polygon","coordinates":[[[3.48598,6.44431],[3.48442,6.44522],[3.48285,6.44431],[3.48285,6.4425],[3.48441,6.4416],[3.48598,6.4425],[3.48598,6.44431]]]}},{"type":"Feature","properties":{"minutes":19.28,"people":994,"clinic_min":22.24,"school_min":16.31,"k_clinic":5,"k_school":5,"within_15":0,"off_street":0,"ward":"Ikate\u2013Lekki","lga":"Eti Osa","place":"Car Wash","place_m":662},"geometry":{"type":"Polygon","coordinates":[[[3.48912,6.44431],[3.48755,6.44521],[3.48598,6.44431],[3.48598,6.4425],[3.48755,6.4416],[3.48911,6.4425],[3.48912,6.44431]]]}},{"type":"Feature","properties":{"minutes":19.16,"people":943,"clinic_min":23.17,"school_min":15.14,"k_clinic":5,"k_school":5,"within_15":0,"off_street":0,"ward":"Ikate\u2013Lekki","lga":"Eti Osa","place":"Ikateahliapalm Sprung","place_m":721},"geometry":{"type":"Polygon","coordinates":[[[3.49225,6.44431],[3.49068,6.44521],[3.48912,6.44431],[3.48911,6.4425],[3.49068,6.44159],[3.49225,6.4425],[3.49225,6.44431]]]}},{"type":"Feature","properties":{"minutes":25.33,"people":653,"clinic_min":27.61,"school_min":23.05,"k_clinic":5,"k_school":5,"within_15":0,"off_street":0,"ward":"Ikate\u2013Lekki","lga":"Eti Osa","place":"Ikateahliapalm Sprung","place_m":531},"geometry":{"type":"Polygon","coordinates":[[[3.49538,6.4443],[3.49382,6.44521],[3.49225,6.44431],[3.49225,6.4425],[3.49381,6.44159],[3.49538,6.44249],[3.49538,6.4443]]]}},{"type":"Feature","properties":{"minutes":20.62,"people":467,"clinic_min":22.9,"school_min":18.34,"k_clinic":5,"k_school":5,"within_15":0,"off_street":0,"ward":"Ikate\u2013Lekki","lga":"Eti Osa","place":"Ikateahliapalm Sprung","place_m":534},"geometry":{"type":"Polygon","coordinates":[[[3.49851,6.4443],[3.49695,6.44521],[3.49538,6.4443],[3.49538,6.44249],[3.49694,6.44159],[3.49851,6.44249],[3.49851,6.4443]]]}},{"type":"Feature","properties":{"minutes":19.3,"people":803,"clinic_min":20.1,"school_min":18.49,"k_clinic":5,"k_school":5,"within_15":0,"off_street":0,"ward":"Ikate\u2013Lekki","lga":"Eti Osa","place":"Ikateahliapalm Sprung","place_m":726},"geometry":{"type":"Polygon","coordinates":[[[3.50165,6.4443],[3.50008,6.4452],[3.49851,6.4443],[3.49851,6.44249],[3.50008,6.44158],[3.50164,6.44249],[3.50165,6.4443]]]}},{"type":"Feature","properties":{"minutes":20.54,"people":692,"clinic_min":20.62,"school_min":20.47,"k_clinic":5,"k_school":5,"within_15":0,"off_street":0,"ward":"Ikate\u2013Lekki","lga":"Eti Osa","place":"Jakande Roundabout","place_m":593},"geometry":{"type":"Polygon","coordinates":[[[3.50478,6.44429],[3.50321,6.4452],[3.50165,6.4443],[3.50164,6.44249],[3.50321,6.44158],[3.50478,6.44248],[3.50478,6.44429]]]}},{"type":"Feature","properties":{"minutes":10.13,"people":1216,"clinic_min":9.53,"school_min":10.73,"k_clinic":5,"k_school":5,"within_15":1,"off_street":0,"ward":"Ikate\u2013Lekki","lga":"Eti Osa","place":"Jakande Roundabout","place_m":260},"geometry":{"type":"Polygon","coordinates":[[[3.50791,6.44429],[3.50635,6.4452],[3.50478,6.44429],[3.50478,6.44248],[3.50634,6.44158],[3.50791,6.44248],[3.50791,6.44429]]]}},{"type":"Feature","properties":{"minutes":9.07,"people":1101,"clinic_min":8.3,"school_min":9.84,"k_clinic":5,"k_school":5,"within_15":1,"off_street":0,"ward":"Ajiran\u2013Osapa","lga":"Eti Osa","place":"Jakande Roundabout","place_m":153},"geometry":{"type":"Polygon","coordinates":[[[3.51104,6.44429],[3.50948,6.44519],[3.50791,6.44429],[3.50791,6.44248],[3.50947,6.44157],[3.51104,6.44248],[3.51104,6.44429]]]}},{"type":"Feature","properties":{"minutes":6.55,"people":1144,"clinic_min":6.06,"school_min":7.03,"k_clinic":5,"k_school":5,"within_15":1,"off_street":0,"ward":"Ajiran\u2013Osapa","lga":"Eti Osa","place":"Osapa London","place_m":324},"geometry":{"type":"Polygon","coordinates":[[[3.51418,6.44428],[3.51261,6.44519],[3.51104,6.44429],[3.51104,6.44248],[3.51261,6.44157],[3.51417,6.44247],[3.51418,6.44428]]]}},{"type":"Feature","properties":{"minutes":3.64,"people":1416,"clinic_min":2.7,"school_min":4.58,"k_clinic":5,"k_school":5,"within_15":1,"off_street":0,"ward":"Ajiran\u2013Osapa","lga":"Eti Osa","place":"Agungi","place_m":155},"geometry":{"type":"Polygon","coordinates":[[[3.51731,6.44428],[3.51574,6.44519],[3.51418,6.44428],[3.51417,6.44247],[3.51574,6.44157],[3.51731,6.44247],[3.51731,6.44428]]]}},{"type":"Feature","properties":{"minutes":6.14,"people":972,"clinic_min":6.43,"school_min":5.85,"k_clinic":5,"k_school":5,"within_15":1,"off_street":0,"ward":"Ajiran\u2013Osapa","lga":"Eti Osa","place":"Agungi","place_m":270},"geometry":{"type":"Polygon","coordinates":[[[3.52044,6.44428],[3.51888,6.44518],[3.51731,6.44428],[3.51731,6.44247],[3.51887,6.44156],[3.52044,6.44247],[3.52044,6.44428]]]}},{"type":"Feature","properties":{"minutes":8.78,"people":1154,"clinic_min":8.98,"school_min":8.57,"k_clinic":5,"k_school":5,"within_15":1,"off_street":0,"ward":"Ajiran\u2013Osapa","lga":"Eti Osa","place":"Igbo Efon","place_m":111},"geometry":{"type":"Polygon","coordinates":[[[3.52357,6.44427],[3.52201,6.44518],[3.52044,6.44428],[3.52044,6.44247],[3.52201,6.44156],[3.52357,6.44246],[3.52357,6.44427]]]}},{"type":"Feature","properties":{"minutes":13.0,"people":1169,"clinic_min":11.59,"school_min":14.41,"k_clinic":5,"k_school":5,"within_15":1,"off_street":0,"ward":"Ajiran\u2013Osapa","lga":"Eti Osa","place":"Igbo Efon","place_m":410},"geometry":{"type":"Polygon","coordinates":[[[3.52671,6.44427],[3.52514,6.44518],[3.52357,6.44427],[3.52357,6.44246],[3.52514,6.44156],[3.52671,6.44246],[3.52671,6.44427]]]}},{"type":"Feature","properties":{"minutes":15.86,"people":953,"clinic_min":15.45,"school_min":16.28,"k_clinic":5,"k_school":5,"within_15":0,"off_street":0,"ward":"Ajiran\u2013Osapa","lga":"Eti Osa","place":"Twin Lake Estate","place_m":740},"geometry":{"type":"Polygon","coordinates":[[[3.52984,6.44427],[3.52827,6.44517],[3.52671,6.44427],[3.52671,6.44246],[3.52827,6.44156],[3.52984,6.44246],[3.52984,6.44427]]]}},{"type":"Feature","properties":{"minutes":18.63,"people":348,"clinic_min":19.59,"school_min":17.67,"k_clinic":5,"k_school":5,"within_15":0,"off_street":0,"ward":"Ajiran\u2013Osapa","lga":"Eti Osa","place":"Twin Lake Estate","place_m":414},"geometry":{"type":"Polygon","coordinates":[[[3.53297,6.44426],[3.53141,6.44517],[3.52984,6.44427],[3.52984,6.44246],[3.5314,6.44155],[3.53297,6.44246],[3.53297,6.44426]]]}},{"type":"Feature","properties":{"minutes":17.23,"people":189,"clinic_min":18.63,"school_min":15.82,"k_clinic":5,"k_school":5,"within_15":0,"off_street":0,"ward":"Ajiran\u2013Osapa","lga":"Eti Osa","place":"Twin Lake Estate","place_m":188},"geometry":{"type":"Polygon","coordinates":[[[3.5361,6.44426],[3.53454,6.44517],[3.53297,6.44426],[3.53297,6.44246],[3.53454,6.44155],[3.5361,6.44245],[3.5361,6.44426]]]}},{"type":"Feature","properties":{"minutes":17.83,"people":330,"clinic_min":20.84,"school_min":14.81,"k_clinic":5,"k_school":5,"within_15":0,"off_street":0,"ward":"Igbo-Efon\u2013Maiyegun","lga":"Eti Osa","place":"Twin Lake Estate","place_m":373},"geometry":{"type":"Polygon","coordinates":[[[3.53924,6.44426],[3.53767,6.44516],[3.5361,6.44426],[3.5361,6.44245],[3.53767,6.44155],[3.53924,6.44245],[3.53924,6.44426]]]}},{"type":"Feature","properties":{"minutes":16.54,"people":998,"clinic_min":20.61,"school_min":12.47,"k_clinic":5,"k_school":5,"within_15":0,"off_street":0,"ward":"Igbo-Efon\u2013Maiyegun","lga":"Eti Osa","place":"Olugborogan Palace","place_m":557},"geometry":{"type":"Polygon","coordinates":[[[3.54237,6.44425],[3.5408,6.44516],[3.53924,6.44426],[3.53924,6.44245],[3.5408,6.44154],[3.54237,6.44245],[3.54237,6.44425]]]}},{"type":"Feature","properties":{"minutes":16.68,"people":446,"clinic_min":20.54,"school_min":12.81,"k_clinic":5,"k_school":5,"within_15":0,"off_street":0,"ward":"Igbo-Efon\u2013Maiyegun","lga":"Eti Osa","place":"Bado","place_m":446},"geometry":{"type":"Polygon","coordinates":[[[3.5455,6.44425],[3.54394,6.44516],[3.54237,6.44425],[3.54237,6.44245],[3.54393,6.44154],[3.5455,6.44244],[3.5455,6.44425]]]}},{"type":"Feature","properties":{"minutes":15.61,"people":586,"clinic_min":17.71,"school_min":13.5,"k_clinic":5,"k_school":5,"within_15":0,"off_street":0,"ward":"Igbo-Efon\u2013Maiyegun","lga":"Eti Osa","place":"Ikota","place_m":518},"geometry":{"type":"Polygon","coordinates":[[[3.54864,6.44425],[3.54707,6.44515],[3.5455,6.44425],[3.5455,6.44244],[3.54707,6.44154],[3.54863,6.44244],[3.54864,6.44425]]]}},{"type":"Feature","properties":{"minutes":17.22,"people":988,"clinic_min":19.56,"school_min":14.88,"k_clinic":5,"k_school":5,"within_15":0,"off_street":0,"ward":"Igbo-Efon\u2013Maiyegun","lga":"Eti Osa","place":"Ikota","place_m":526},"geometry":{"type":"Polygon","coordinates":[[[3.55177,6.44424],[3.5502,6.44515],[3.54864,6.44425],[3.54863,6.44244],[3.5502,6.44153],[3.55177,6.44244],[3.55177,6.44424]]]}},{"type":"Feature","properties":{"minutes":15.85,"people":1187,"clinic_min":18.49,"school_min":13.2,"k_clinic":5,"k_school":5,"within_15":0,"off_street":0,"ward":"Igbo-Efon\u2013Maiyegun","lga":"Eti Osa","place":"Ikota","place_m":724},"geometry":{"type":"Polygon","coordinates":[[[3.5549,6.44424],[3.55334,6.44515],[3.55177,6.44424],[3.55177,6.44244],[3.55333,6.44153],[3.5549,6.44243],[3.5549,6.44424]]]}},{"type":"Feature","properties":{"minutes":21.56,"people":1012,"clinic_min":24.12,"school_min":19.0,"k_clinic":5,"k_school":5,"within_15":0,"off_street":0,"ward":"Igbo-Efon\u2013Maiyegun","lga":"Eti Osa","place":"Mega Chicken Settlement","place_m":723},"geometry":{"type":"Polygon","coordinates":[[[3.55803,6.44424],[3.55647,6.44514],[3.5549,6.44424],[3.5549,6.44243],[3.55646,6.44153],[3.55803,6.44243],[3.55803,6.44424]]]}},{"type":"Feature","properties":{"minutes":21.19,"people":589,"clinic_min":23.95,"school_min":18.43,"k_clinic":5,"k_school":5,"within_15":0,"off_street":0,"ward":"Igbo-Efon\u2013Maiyegun","lga":"Eti Osa","place":"Agbadon","place_m":506},"geometry":{"type":"Polygon","coordinates":[[[3.56117,6.44423],[3.5596,6.44514],[3.55803,6.44424],[3.55803,6.44243],[3.5596,6.44152],[3.56116,6.44242],[3.56117,6.44423]]]}},{"type":"Feature","properties":{"minutes":21.3,"people":631,"clinic_min":25.77,"school_min":16.83,"k_clinic":5,"k_school":5,"within_15":0,"off_street":0,"ward":"Igbo-Efon\u2013Maiyegun","lga":"Eti Osa","place":"Agbadon","place_m":169},"geometry":{"type":"Polygon","coordinates":[[[3.5643,6.44423],[3.56273,6.44514],[3.56117,6.44423],[3.56116,6.44242],[3.56273,6.44152],[3.5643,6.44242],[3.5643,6.44423]]]}},{"type":"Feature","properties":{"minutes":24.2,"people":420,"clinic_min":29.74,"school_min":18.66,"k_clinic":5,"k_school":5,"within_15":0,"off_street":0,"ward":"Ajah","lga":"Eti Osa","place":"Agbadon","place_m":204},"geometry":{"type":"Polygon","coordinates":[[[3.56743,6.44423],[3.56587,6.44513],[3.5643,6.44423],[3.5643,6.44242],[3.56586,6.44152],[3.56743,6.44242],[3.56743,6.44423]]]}},{"type":"Feature","properties":{"minutes":26.33,"people":262,"clinic_min":32.44,"school_min":20.23,"k_clinic":5,"k_school":5,"within_15":0,"off_street":0,"ward":"Ajah","lga":"Eti Osa","place":"Megamound","place_m":511},"geometry":{"type":"Polygon","coordinates":[[[3.57056,6.44422],[3.569,6.44513],[3.56743,6.44423],[3.56743,6.44242],[3.56899,6.44151],[3.57056,6.44241],[3.57056,6.44422]]]}},{"type":"Feature","properties":{"minutes":26.93,"people":235,"clinic_min":33.69,"school_min":20.17,"k_clinic":5,"k_school":5,"within_15":0,"off_street":0,"ward":"Ajah","lga":"Eti Osa","place":"Megamound","place_m":309},"geometry":{"type":"Polygon","coordinates":[[[3.5737,6.44422],[3.57213,6.44513],[3.57056,6.44422],[3.57056,6.44241],[3.57213,6.44151],[3.57369,6.44241],[3.5737,6.44422]]]}},{"type":"Feature","properties":{"minutes":29.01,"people":167,"clinic_min":36.52,"school_min":21.49,"k_clinic":5,"k_school":5,"within_15":0,"off_street":0,"ward":"Ajah","lga":"Eti Osa","place":"Megamound","place_m":413},"geometry":{"type":"Polygon","coordinates":[[[3.57683,6.44422],[3.57526,6.44512],[3.5737,6.44422],[3.57369,6.44241],[3.57526,6.4415],[3.57683,6.44241],[3.57683,6.44422]]]}},{"type":"Feature","properties":{"minutes":35.52,"people":14,"clinic_min":41.52,"school_min":29.52,"k_clinic":5,"k_school":5,"within_15":0,"off_street":1,"ward":"Ajah","lga":"Eti Osa","place":"Megamound","place_m":696},"geometry":{"type":"Polygon","coordinates":[[[3.57996,6.44421],[3.5784,6.44512],[3.57683,6.44422],[3.57683,6.44241],[3.57839,6.4415],[3.57996,6.4424],[3.57996,6.44421]]]}},{"type":"Feature","properties":{"minutes":35.1,"people":97,"clinic_min":38.81,"school_min":31.4,"k_clinic":5,"k_school":5,"within_15":0,"off_street":0,"ward":"Ajah","lga":"Eti Osa","place":"Megamound","place_m":1019},"geometry":{"type":"Polygon","coordinates":[[[3.58309,6.44421],[3.58153,6.44512],[3.57996,6.44421],[3.57996,6.4424],[3.58152,6.4415],[3.58309,6.4424],[3.58309,6.44421]]]}},{"type":"Feature","properties":{"minutes":33.16,"people":82,"clinic_min":34.49,"school_min":31.82,"k_clinic":5,"k_school":5,"within_15":0,"off_street":0,"ward":"Okun Ajah\u2013Okunmopo","lga":"Eti Osa","place":"Megamound","place_m":1354},"geometry":{"type":"Polygon","coordinates":[[[3.58623,6.44421],[3.58466,6.44511],[3.58309,6.44421],[3.58309,6.4424],[3.58466,6.44149],[3.58622,6.4424],[3.58623,6.44421]]]}},{"type":"Feature","properties":{"minutes":28.54,"people":142,"clinic_min":29.11,"school_min":27.96,"k_clinic":5,"k_school":5,"within_15":0,"off_street":0,"ward":"Okun Ajah\u2013Okunmopo","lga":"Eti Osa","place":"Megamound","place_m":1694},"geometry":{"type":"Polygon","coordinates":[[[3.58936,6.4442],[3.58779,6.44511],[3.58623,6.44421],[3.58622,6.4424],[3.58779,6.44149],[3.58936,6.44239],[3.58936,6.4442]]]}},{"type":"Feature","properties":{"minutes":31.03,"people":329,"clinic_min":31.46,"school_min":30.61,"k_clinic":5,"k_school":5,"within_15":0,"off_street":0,"ward":"Okun Ajah\u2013Okunmopo","lga":"Eti Osa","place":"Okun Ajah Baales Palace","place_m":1796},"geometry":{"type":"Polygon","coordinates":[[[3.59249,6.4442],[3.59093,6.4451],[3.58936,6.4442],[3.58936,6.44239],[3.59092,6.44149],[3.59249,6.44239],[3.59249,6.4442]]]}},{"type":"Feature","properties":{"minutes":30.13,"people":368,"clinic_min":32.99,"school_min":27.26,"k_clinic":5,"k_school":5,"within_15":0,"off_street":0,"ward":"Okun Ajah\u2013Okunmopo","lga":"Eti Osa","place":"Ogombo Ajah","place_m":1459},"geometry":{"type":"Polygon","coordinates":[[[3.59562,6.44419],[3.59406,6.4451],[3.59249,6.4442],[3.59249,6.44239],[3.59405,6.44148],[3.59562,6.44239],[3.59562,6.44419]]]}},{"type":"Feature","properties":{"minutes":25.87,"people":162,"clinic_min":28.77,"school_min":22.98,"k_clinic":5,"k_school":5,"within_15":0,"off_street":0,"ward":"Okun Ajah\u2013Okunmopo","lga":"Eti Osa","place":"Ogombo Ajah","place_m":1117},"geometry":{"type":"Polygon","coordinates":[[[3.59876,6.44419],[3.59719,6.4451],[3.59562,6.44419],[3.59562,6.44239],[3.59719,6.44148],[3.59875,6.44238],[3.59876,6.44419]]]}},{"type":"Feature","properties":{"minutes":27.72,"people":79,"clinic_min":33.5,"school_min":21.94,"k_clinic":5,"k_school":5,"within_15":0,"off_street":0,"ward":"Okun Ajah\u2013Okunmopo","lga":"Eti Osa","place":"Ogombo Ajah","place_m":778},"geometry":{"type":"Polygon","coordinates":[[[3.60189,6.44419],[3.60032,6.44509],[3.59876,6.44419],[3.59875,6.44238],[3.60032,6.44148],[3.60189,6.44238],[3.60189,6.44419]]]}},{"type":"Feature","properties":{"minutes":27.72,"people":141,"clinic_min":33.5,"school_min":21.94,"k_clinic":5,"k_school":5,"within_15":0,"off_street":0,"ward":"Okun Ajah\u2013Okunmopo","lga":"Eti Osa","place":"Ogombo Ajah","place_m":453},"geometry":{"type":"Polygon","coordinates":[[[3.60502,6.44418],[3.60346,6.44509],[3.60189,6.44419],[3.60189,6.44238],[3.60345,6.44147],[3.60502,6.44237],[3.60502,6.44418]]]}},{"type":"Feature","properties":{"minutes":18.14,"people":377,"clinic_min":25.34,"school_min":10.93,"k_clinic":5,"k_school":5,"within_15":0,"off_street":0,"ward":"Okun Ajah\u2013Okunmopo","lga":"Eti Osa","place":"Ogombo Ajah","place_m":210},"geometry":{"type":"Polygon","coordinates":[[[3.60815,6.44418],[3.60659,6.44509],[3.60502,6.44418],[3.60502,6.44237],[3.60659,6.44147],[3.60815,6.44237],[3.60815,6.44418]]]}},{"type":"Feature","properties":{"minutes":20.03,"people":319,"clinic_min":27.61,"school_min":12.45,"k_clinic":5,"k_school":5,"within_15":0,"off_street":0,"ward":"Okun Ajah\u2013Okunmopo","lga":"Eti Osa","place":"Ogombo Ajah","place_m":351},"geometry":{"type":"Polygon","coordinates":[[[3.61129,6.44418],[3.60972,6.44508],[3.60815,6.44418],[3.60815,6.44237],[3.60972,6.44146],[3.61129,6.44237],[3.61129,6.44418]]]}},{"type":"Feature","properties":{"minutes":21.14,"people":101,"clinic_min":28.72,"school_min":13.57,"k_clinic":5,"k_school":5,"within_15":0,"off_street":0,"ward":"Okun Ajah\u2013Okunmopo","lga":"Eti Osa","place":"Ogombo Ajah","place_m":665},"geometry":{"type":"Polygon","coordinates":[[[3.61442,6.44417],[3.61285,6.44508],[3.61129,6.44418],[3.61129,6.44237],[3.61285,6.44146],[3.61442,6.44236],[3.61442,6.44417]]]}},{"type":"Feature","properties":{"minutes":18.05,"people":25,"clinic_min":26.32,"school_min":9.78,"k_clinic":5,"k_school":5,"within_15":0,"off_street":1,"ward":"Okun Ajah\u2013Okunmopo","lga":"Eti Osa","place":"Ogombo Ajah","place_m":1001},"geometry":{"type":"Polygon","coordinates":[[[3.61755,6.44417],[3.61599,6.44508],[3.61442,6.44417],[3.61442,6.44236],[3.61598,6.44146],[3.61755,6.44236],[3.61755,6.44417]]]}},{"type":"Feature","properties":{"minutes":52.57,"people":40,"clinic_min":63.7,"school_min":41.45,"k_clinic":5,"k_school":5,"within_15":0,"off_street":0,"ward":"Okun Ajah\u2013Okunmopo","lga":"Eti Osa","place":"Ogumbo","place_m":1508},"geometry":{"type":"Polygon","coordinates":[[[3.63008,6.44415],[3.62852,6.44506],[3.62695,6.44416],[3.62695,6.44235],[3.62851,6.44144],[3.63008,6.44234],[3.63008,6.44415]]]}},{"type":"Feature","properties":{"minutes":52.57,"people":15,"clinic_min":63.7,"school_min":41.45,"k_clinic":5,"k_school":5,"within_15":0,"off_street":0,"ward":"Okun Ajah\u2013Okunmopo","lga":"Eti Osa","place":"Ogumbo","place_m":1565},"geometry":{"type":"Polygon","coordinates":[[[3.63322,6.44415],[3.63165,6.44506],[3.63008,6.44415],[3.63008,6.44234],[3.63165,6.44144],[3.63321,6.44234],[3.63322,6.44415]]]}},{"type":"Feature","properties":{"minutes":11.2,"people":791,"clinic_min":12.28,"school_min":10.11,"k_clinic":5,"k_school":5,"within_15":1,"off_street":0,"ward":"Oduduwa","lga":"Apapa","place":"Tolu","place_m":389},"geometry":{"type":"Polygon","coordinates":[[[3.35285,6.44713],[3.35128,6.44804],[3.34971,6.44714],[3.34971,6.44533],[3.35128,6.44442],[3.35284,6.44533],[3.35285,6.44713]]]}},{"type":"Feature","properties":{"minutes":7.59,"people":1317,"clinic_min":7.31,"school_min":7.88,"k_clinic":5,"k_school":5,"within_15":1,"off_street":0,"ward":"Oduduwa","lga":"Apapa","place":"Apapa","place_m":309},"geometry":{"type":"Polygon","coordinates":[[[3.35598,6.44713],[3.35441,6.44804],[3.35285,6.44713],[3.35284,6.44533],[3.35441,6.44442],[3.35598,6.44532],[3.35598,6.44713]]]}},{"type":"Feature","properties":{"minutes":9.26,"people":1227,"clinic_min":8.76,"school_min":9.76,"k_clinic":5,"k_school":5,"within_15":1,"off_street":0,"ward":"Oduduwa","lga":"Apapa","place":"Apapa","place_m":236},"geometry":{"type":"Polygon","coordinates":[[[3.35911,6.44713],[3.35755,6.44804],[3.35598,6.44713],[3.35598,6.44532],[3.35754,6.44442],[3.35911,6.44532],[3.35911,6.44713]]]}},{"type":"Feature","properties":{"minutes":8.06,"people":909,"clinic_min":9.47,"school_min":6.66,"k_clinic":5,"k_school":5,"within_15":1,"off_street":0,"ward":"Apapa","lga":"Apapa","place":"Apapa","place_m":345},"geometry":{"type":"Polygon","coordinates":[[[3.36224,6.44713],[3.36068,6.44803],[3.35911,6.44713],[3.35911,6.44532],[3.36068,6.44442],[3.36224,6.44532],[3.36224,6.44713]]]}},{"type":"Feature","properties":{"minutes":8.64,"people":576,"clinic_min":12.28,"school_min":4.99,"k_clinic":5,"k_school":5,"within_15":1,"off_street":0,"ward":"Apapa","lga":"Apapa","place":"Apapa","place_m":343},"geometry":{"type":"Polygon","coordinates":[[[3.36538,6.44713],[3.36381,6.44803],[3.36224,6.44713],[3.36224,6.44532],[3.36381,6.44441],[3.36538,6.44532],[3.36538,6.44713]]]}},{"type":"Feature","properties":{"minutes":10.37,"people":625,"clinic_min":13.16,"school_min":7.57,"k_clinic":5,"k_school":5,"within_15":1,"off_street":0,"ward":"Abraham Adesanya","lga":"Apapa","place":"Anjorin","place_m":325},"geometry":{"type":"Polygon","coordinates":[[[3.36851,6.44712],[3.36694,6.44803],[3.36538,6.44713],[3.36538,6.44532],[3.36694,6.44441],[3.36851,6.44531],[3.36851,6.44712]]]}},{"type":"Feature","properties":{"minutes":3.07,"people":969,"clinic_min":2.99,"school_min":3.14,"k_clinic":5,"k_school":5,"within_15":1,"off_street":0,"ward":"Abraham Adesanya","lga":"Apapa","place":"Anjorin","place_m":159},"geometry":{"type":"Polygon","coordinates":[[[3.37164,6.44712],[3.37008,6.44803],[3.36851,6.44712],[3.36851,6.44531],[3.37007,6.44441],[3.37164,6.44531],[3.37164,6.44712]]]}},{"type":"Feature","properties":{"minutes":7.01,"people":671,"clinic_min":6.54,"school_min":7.47,"k_clinic":5,"k_school":5,"within_15":1,"off_street":0,"ward":"Anjorin","lga":"Apapa","place":"Anjorin","place_m":430},"geometry":{"type":"Polygon","coordinates":[[[3.37477,6.44712],[3.37321,6.44802],[3.37164,6.44712],[3.37164,6.44531],[3.37321,6.44441],[3.37477,6.44531],[3.37477,6.44712]]]}},{"type":"Feature","properties":{"minutes":10.3,"people":545,"clinic_min":9.84,"school_min":10.75,"k_clinic":5,"k_school":5,"within_15":1,"off_street":0,"ward":"Anjorin","lga":"Apapa","place":"Apapa Wharf","place_m":648},"geometry":{"type":"Polygon","coordinates":[[[3.37791,6.44712],[3.37634,6.44802],[3.37477,6.44712],[3.37477,6.44531],[3.37634,6.4444],[3.37791,6.44531],[3.37791,6.44712]]]}},{"type":"Feature","properties":{"minutes":15.71,"people":65,"clinic_min":16.01,"school_min":15.4,"k_clinic":5,"k_school":5,"within_15":0,"off_street":1,"ward":"Anjorin","lga":"Apapa","place":"Apapa Wharf","place_m":919},"geometry":{"type":"Polygon","coordinates":[[[3.38104,6.44711],[3.37947,6.44802],[3.37791,6.44712],[3.37791,6.44531],[3.37947,6.4444],[3.38104,6.4453],[3.38104,6.44711]]]}},{"type":"Feature","properties":{"minutes":6.15,"people":26,"clinic_min":6.92,"school_min":5.37,"k_clinic":5,"k_school":5,"within_15":1,"off_street":0,"ward":"Anjorin","lga":"Apapa","place":"Odan","place_m":476},"geometry":{"type":"Polygon","coordinates":[[[3.39357,6.4471],[3.39201,6.44801],[3.39044,6.44711],[3.39044,6.4453],[3.392,6.44439],[3.39357,6.4453],[3.39357,6.4471]]]}},{"type":"Feature","properties":{"minutes":6.45,"people":294,"clinic_min":5.78,"school_min":7.12,"k_clinic":5,"k_school":5,"within_15":1,"off_street":0,"ward":"Ajele","lga":"Lagos Island","place":"Odan","place_m":296},"geometry":{"type":"Polygon","coordinates":[[[3.3967,6.4471],[3.39514,6.44801],[3.39357,6.4471],[3.39357,6.4453],[3.39514,6.44439],[3.3967,6.44529],[3.3967,6.4471]]]}},{"type":"Feature","properties":{"minutes":5.91,"people":732,"clinic_min":3.58,"school_min":8.24,"k_clinic":5,"k_school":5,"within_15":1,"off_street":0,"ward":"Odam","lga":"Lagos Island","place":"Onikan","place_m":394},"geometry":{"type":"Polygon","coordinates":[[[3.39984,6.4471],[3.39827,6.44801],[3.3967,6.4471],[3.3967,6.44529],[3.39827,6.44439],[3.39983,6.44529],[3.39984,6.4471]]]}},{"type":"Feature","properties":{"minutes":6.96,"people":515,"clinic_min":5.27,"school_min":8.65,"k_clinic":5,"k_school":5,"within_15":1,"off_street":0,"ward":"Odam","lga":"Lagos Island","place":"Onikan","place_m":141},"geometry":{"type":"Polygon","coordinates":[[[3.40297,6.4471],[3.4014,6.448],[3.39984,6.4471],[3.39983,6.44529],[3.4014,6.44438],[3.40297,6.44529],[3.40297,6.4471]]]}},{"type":"Feature","properties":{"minutes":3.96,"people":1172,"clinic_min":1.85,"school_min":6.07,"k_clinic":5,"k_school":5,"within_15":1,"off_street":0,"ward":"Araromi Odo","lga":"Lagos Island","place":"Araromi Odo","place_m":130},"geometry":{"type":"Polygon","coordinates":[[[3.4061,6.44709],[3.40454,6.448],[3.40297,6.4471],[3.40297,6.44529],[3.40453,6.44438],[3.4061,6.44529],[3.4061,6.44709]]]}},{"type":"Feature","properties":{"minutes":3.89,"people":1182,"clinic_min":3.58,"school_min":4.2,"k_clinic":5,"k_school":5,"within_15":1,"off_street":0,"ward":"Obalende","lga":"Eti Osa","place":"Araromi Odo","place_m":218},"geometry":{"type":"Polygon","coordinates":[[[3.40923,6.44709],[3.40767,6.448],[3.4061,6.44709],[3.4061,6.44529],[3.40767,6.44438],[3.40923,6.44528],[3.40923,6.44709]]]}},{"type":"Feature","properties":{"minutes":8.04,"people":941,"clinic_min":9.09,"school_min":7.0,"k_clinic":5,"k_school":5,"within_15":1,"off_street":0,"ward":"Obalende","lga":"Eti Osa","place":"Keffi Obalende","place_m":522},"geometry":{"type":"Polygon","coordinates":[[[3.41237,6.44709],[3.4108,6.448],[3.40923,6.44709],[3.40923,6.44528],[3.4108,6.44438],[3.41237,6.44528],[3.41237,6.44709]]]}},{"type":"Feature","properties":{"minutes":2.85,"people":802,"clinic_min":2.46,"school_min":3.23,"k_clinic":5,"k_school":5,"within_15":1,"off_street":0,"ward":"Obalende","lga":"Eti Osa","place":"Keffi Obalende","place_m":266},"geometry":{"type":"Polygon","coordinates":[[[3.4155,6.44709],[3.41393,6.44799],[3.41237,6.44709],[3.41237,6.44528],[3.41393,6.44437],[3.4155,6.44528],[3.4155,6.44709]]]}},{"type":"Feature","properties":{"minutes":4.57,"people":1079,"clinic_min":3.4,"school_min":5.73,"k_clinic":5,"k_school":5,"within_15":1,"off_street":0,"ward":"Obalende","lga":"Eti Osa","place":"Keffi Obalende","place_m":331},"geometry":{"type":"Polygon","coordinates":[[[3.41863,6.44708],[3.41707,6.44799],[3.4155,6.44709],[3.4155,6.44528],[3.41706,6.44437],[3.41863,6.44528],[3.41863,6.44708]]]}},{"type":"Feature","properties":{"minutes":10.66,"people":1043,"clinic_min":12.42,"school_min":8.89,"k_clinic":5,"k_school":5,"within_15":1,"off_street":0,"ward":"Ikoyi 2","lga":"Eti Osa","place":"Keffi Obalende","place_m":623},"geometry":{"type":"Polygon","coordinates":[[[3.42177,6.44708],[3.4202,6.44799],[3.41863,6.44708],[3.41863,6.44528],[3.4202,6.44437],[3.42176,6.44527],[3.42177,6.44708]]]}},{"type":"Feature","properties":{"minutes":11.09,"people":852,"clinic_min":14.13,"school_min":8.05,"k_clinic":5,"k_school":5,"within_15":1,"off_street":0,"ward":"Ikoyi 2","lga":"Eti Osa","place":"Falomo","place_m":806},"geometry":{"type":"Polygon","coordinates":[[[3.4249,6.44708],[3.42333,6.44799],[3.42177,6.44708],[3.42176,6.44527],[3.42333,6.44437],[3.4249,6.44527],[3.4249,6.44708]]]}},{"type":"Feature","properties":{"minutes":13.11,"people":670,"clinic_min":17.1,"school_min":9.12,"k_clinic":5,"k_school":5,"within_15":1,"off_street":0,"ward":"Ikoyi 2","lga":"Eti Osa","place":"Falomo","place_m":494},"geometry":{"type":"Polygon","coordinates":[[[3.42803,6.44708],[3.42647,6.44798],[3.4249,6.44708],[3.4249,6.44527],[3.42646,6.44436],[3.42803,6.44527],[3.42803,6.44708]]]}},{"type":"Feature","properties":{"minutes":16.87,"people":621,"clinic_min":20.65,"school_min":13.08,"k_clinic":5,"k_school":5,"within_15":0,"off_street":0,"ward":"Falomo\u2013Oyinkan Abayomi","lga":"Eti Osa","place":"Falomo","place_m":280},"geometry":{"type":"Polygon","coordinates":[[[3.43116,6.44707],[3.4296,6.44798],[3.42803,6.44708],[3.42803,6.44527],[3.42959,6.44436],[3.43116,6.44526],[3.43116,6.44707]]]}},{"type":"Feature","properties":{"minutes":15.89,"people":850,"clinic_min":20.32,"school_min":11.45,"k_clinic":5,"k_school":5,"within_15":0,"off_street":0,"ward":"Falomo\u2013Oyinkan Abayomi","lga":"Eti Osa","place":"Falomo","place_m":391},"geometry":{"type":"Polygon","coordinates":[[[3.4343,6.44707],[3.43273,6.44798],[3.43116,6.44707],[3.43116,6.44526],[3.43273,6.44436],[3.43429,6.44526],[3.4343,6.44707]]]}},{"type":"Feature","properties":{"minutes":16.95,"people":848,"clinic_min":21.88,"school_min":12.03,"k_clinic":5,"k_school":5,"within_15":0,"off_street":0,"ward":"Falomo\u2013Oyinkan Abayomi","lga":"Eti Osa","place":"Falomo","place_m":508},"geometry":{"type":"Polygon","coordinates":[[[3.43743,6.44707],[3.43586,6.44797],[3.4343,6.44707],[3.43429,6.44526],[3.43586,6.44436],[3.43743,6.44526],[3.43743,6.44707]]]}},{"type":"Feature","properties":{"minutes":16.8,"people":1260,"clinic_min":24.48,"school_min":9.11,"k_clinic":5,"k_school":5,"within_15":0,"off_street":0,"ward":"Falomo\u2013Oyinkan Abayomi","lga":"Eti Osa","place":"Falomo","place_m":756},"geometry":{"type":"Polygon","coordinates":[[[3.44056,6.44707],[3.439,6.44797],[3.43743,6.44707],[3.43743,6.44526],[3.43899,6.44435],[3.44056,6.44526],[3.44056,6.44707]]]}},{"type":"Feature","properties":{"minutes":21.64,"people":1052,"clinic_min":30.67,"school_min":12.62,"k_clinic":5,"k_school":5,"within_15":0,"off_street":0,"ward":"Falomo\u2013Oyinkan Abayomi","lga":"Eti Osa","place":"Falomo","place_m":1061},"geometry":{"type":"Polygon","coordinates":[[[3.44369,6.44706],[3.44213,6.44797],[3.44056,6.44707],[3.44056,6.44526],[3.44213,6.44435],[3.44369,6.44525],[3.44369,6.44706]]]}},{"type":"Feature","properties":{"minutes":22.19,"people":982,"clinic_min":30.66,"school_min":13.72,"k_clinic":5,"k_school":5,"within_15":0,"off_street":0,"ward":"Falomo\u2013Oyinkan Abayomi","lga":"Eti Osa","place":"Queens Drive","place_m":748},"geometry":{"type":"Polygon","coordinates":[[[3.44683,6.44706],[3.44526,6.44797],[3.44369,6.44706],[3.44369,6.44525],[3.44526,6.44435],[3.44683,6.44525],[3.44683,6.44706]]]}},{"type":"Feature","properties":{"minutes":24.03,"people":1187,"clinic_min":31.64,"school_min":16.42,"k_clinic":5,"k_school":5,"within_15":0,"off_street":0,"ward":"Falomo\u2013Oyinkan Abayomi","lga":"Eti Osa","place":"Queens Drive","place_m":469},"geometry":{"type":"Polygon","coordinates":[[[3.44996,6.44706],[3.44839,6.44796],[3.44683,6.44706],[3.44683,6.44525],[3.44839,6.44435],[3.44996,6.44525],[3.44996,6.44706]]]}},{"type":"Feature","properties":{"minutes":25.59,"people":576,"clinic_min":32.11,"school_min":19.07,"k_clinic":5,"k_school":5,"within_15":0,"off_street":0,"ward":"1004\u2013Aboyade","lga":"Eti Osa","place":"Queens Drive","place_m":345},"geometry":{"type":"Polygon","coordinates":[[[3.45309,6.44706],[3.45153,6.44796],[3.44996,6.44706],[3.44996,6.44525],[3.45152,6.44434],[3.45309,6.44525],[3.45309,6.44706]]]}},{"type":"Feature","properties":{"minutes":11.86,"people":1340,"clinic_min":15.01,"school_min":8.71,"k_clinic":5,"k_school":5,"within_15":1,"off_street":0,"ward":"1004\u2013Aboyade","lga":"Eti Osa","place":"Queens Drive","place_m":509},"geometry":{"type":"Polygon","coordinates":[[[3.45622,6.44705],[3.45466,6.44796],[3.45309,6.44706],[3.45309,6.44525],[3.45466,6.44434],[3.45622,6.44524],[3.45622,6.44705]]]}},{"type":"Feature","properties":{"minutes":13.13,"people":1829,"clinic_min":16.5,"school_min":9.76,"k_clinic":5,"k_school":5,"within_15":1,"off_street":0,"ward":"1004\u2013Aboyade","lga":"Eti Osa","place":"Maroko","place_m":504},"geometry":{"type":"Polygon","coordinates":[[[3.45936,6.44705],[3.45779,6.44796],[3.45622,6.44705],[3.45622,6.44524],[3.45779,6.44434],[3.45936,6.44524],[3.45936,6.44705]]]}},{"type":"Feature","properties":{"minutes":12.12,"people":906,"clinic_min":14.68,"school_min":9.55,"k_clinic":5,"k_school":5,"within_15":1,"off_street":0,"ward":"Ikate\u2013Lekki","lga":"Eti Osa","place":"Maroko","place_m":158},"geometry":{"type":"Polygon","coordinates":[[[3.46249,6.44705],[3.46092,6.44795],[3.45936,6.44705],[3.45936,6.44524],[3.46092,6.44433],[3.46249,6.44524],[3.46249,6.44705]]]}},{"type":"Feature","properties":{"minutes":10.4,"people":1031,"clinic_min":13.95,"school_min":6.85,"k_clinic":5,"k_school":5,"within_15":1,"off_street":0,"ward":"Ikate\u2013Lekki","lga":"Eti Osa","place":"Peninsula","place_m":186},"geometry":{"type":"Polygon","coordinates":[[[3.46562,6.44704],[3.46406,6.44795],[3.46249,6.44705],[3.46249,6.44524],[3.46405,6.44433],[3.46562,6.44523],[3.46562,6.44704]]]}},{"type":"Feature","properties":{"minutes":9.76,"people":683,"clinic_min":12.29,"school_min":7.23,"k_clinic":5,"k_school":5,"within_15":1,"off_street":0,"ward":"Ikate\u2013Lekki","lga":"Eti Osa","place":"Peninsula","place_m":234},"geometry":{"type":"Polygon","coordinates":[[[3.46876,6.44704],[3.46719,6.44795],[3.46562,6.44704],[3.46562,6.44523],[3.46719,6.44433],[3.46875,6.44523],[3.46876,6.44704]]]}},{"type":"Feature","properties":{"minutes":10.63,"people":701,"clinic_min":12.67,"school_min":8.58,"k_clinic":5,"k_school":5,"within_15":1,"off_street":0,"ward":"Ikate\u2013Lekki","lga":"Eti Osa","place":"Lekki Phase I","place_m":524},"geometry":{"type":"Polygon","coordinates":[[[3.47189,6.44704],[3.47032,6.44794],[3.46876,6.44704],[3.46875,6.44523],[3.47032,6.44433],[3.47189,6.44523],[3.47189,6.44704]]]}},{"type":"Feature","properties":{"minutes":7.67,"people":1253,"clinic_min":6.69,"school_min":8.64,"k_clinic":5,"k_school":5,"within_15":1,"off_street":0,"ward":"Ikate\u2013Lekki","lga":"Eti Osa","place":"Doctor Umoh Lekki","place_m":418},"geometry":{"type":"Polygon","coordinates":[[[3.47502,6.44704],[3.47346,6.44794],[3.47189,6.44704],[3.47189,6.44523],[3.47345,6.44432],[3.47502,6.44523],[3.47502,6.44704]]]}},{"type":"Feature","properties":{"minutes":9.97,"people":1272,"clinic_min":9.27,"school_min":10.68,"k_clinic":5,"k_school":5,"within_15":1,"off_street":0,"ward":"Ikate\u2013Lekki","lga":"Eti Osa","place":"Doctor Umoh Lekki","place_m":91},"geometry":{"type":"Polygon","coordinates":[[[3.47815,6.44703],[3.47659,6.44794],[3.47502,6.44704],[3.47502,6.44523],[3.47658,6.44432],[3.47815,6.44522],[3.47815,6.44703]]]}},{"type":"Feature","properties":{"minutes":13.06,"people":1442,"clinic_min":14.72,"school_min":11.41,"k_clinic":5,"k_school":5,"within_15":1,"off_street":0,"ward":"Ikate\u2013Lekki","lga":"Eti Osa","place":"Doctor Umoh Lekki","place_m":286},"geometry":{"type":"Polygon","coordinates":[[[3.48129,6.44703],[3.47972,6.44794],[3.47815,6.44703],[3.47815,6.44522],[3.47972,6.44432],[3.48128,6.44522],[3.48129,6.44703]]]}},{"type":"Feature","properties":{"minutes":14.46,"people":2666,"clinic_min":18.07,"school_min":10.85,"k_clinic":5,"k_school":5,"within_15":1,"off_street":0,"ward":"Ikate\u2013Lekki","lga":"Eti Osa","place":"Car Wash","place_m":421},"geometry":{"type":"Polygon","coordinates":[[[3.48442,6.44703],[3.48285,6.44793],[3.48129,6.44703],[3.48128,6.44522],[3.48285,6.44431],[3.48442,6.44522],[3.48442,6.44703]]]}},{"type":"Feature","properties":{"minutes":18.21,"people":1093,"clinic_min":22.97,"school_min":13.45,"k_clinic":5,"k_school":5,"within_15":0,"off_street":0,"ward":"Ikate\u2013Lekki","lga":"Eti Osa","place":"Car Wash","place_m":625},"geometry":{"type":"Polygon","coordinates":[[[3.48755,6.44702],[3.48599,6.44793],[3.48442,6.44703],[3.48442,6.44522],[3.48598,6.44431],[3.48755,6.44521],[3.48755,6.44702]]]}},{"type":"Feature","properties":{"minutes":21.48,"people":1114,"clinic_min":25.29,"school_min":17.67,"k_clinic":5,"k_school":5,"within_15":0,"off_street":0,"ward":"Ikate\u2013Lekki","lga":"Eti Osa","place":"Ikateahliapalm Sprung","place_m":719},"geometry":{"type":"Polygon","coordinates":[[[3.49068,6.44702],[3.48912,6.44793],[3.48755,6.44702],[3.48755,6.44521],[3.48912,6.44431],[3.49068,6.44521],[3.49068,6.44702]]]}},{"type":"Feature","properties":{"minutes":22.43,"people":1768,"clinic_min":27.16,"school_min":17.7,"k_clinic":5,"k_school":5,"within_15":0,"off_street":0,"ward":"Ikate\u2013Lekki","lga":"Eti Osa","place":"Ikateahliapalm Sprung","place_m":399},"geometry":{"type":"Polygon","coordinates":[[[3.49382,6.44702],[3.49225,6.44792],[3.49068,6.44702],[3.49068,6.44521],[3.49225,6.44431],[3.49382,6.44521],[3.49382,6.44702]]]}},{"type":"Feature","properties":{"minutes":27.37,"people":1518,"clinic_min":30.11,"school_min":24.62,"k_clinic":5,"k_school":5,"within_15":0,"off_street":0,"ward":"Ikate\u2013Lekki","lga":"Eti Osa","place":"Ikateahliapalm Sprung","place_m":204},"geometry":{"type":"Polygon","coordinates":[[[3.49695,6.44701],[3.49538,6.44792],[3.49382,6.44702],[3.49382,6.44521],[3.49538,6.4443],[3.49695,6.44521],[3.49695,6.44701]]]}},{"type":"Feature","properties":{"minutes":22.59,"people":640,"clinic_min":25.33,"school_min":19.85,"k_clinic":5,"k_school":5,"within_15":0,"off_street":0,"ward":"Ikate\u2013Lekki","lga":"Eti Osa","place":"Ikateahliapalm Sprung","place_m":405},"geometry":{"type":"Polygon","coordinates":[[[3.50008,6.44701],[3.49852,6.44792],[3.49695,6.44701],[3.49695,6.44521],[3.49851,6.4443],[3.50008,6.4452],[3.50008,6.44701]]]}},{"type":"Feature","properties":{"minutes":20.14,"people":844,"clinic_min":20.22,"school_min":20.07,"k_clinic":5,"k_school":5,"within_15":0,"off_street":0,"ward":"Ikate\u2013Lekki","lga":"Eti Osa","place":"Ikateahliapalm Sprung","place_m":726},"geometry":{"type":"Polygon","coordinates":[[[3.50321,6.44701],[3.50165,6.44791],[3.50008,6.44701],[3.50008,6.4452],[3.50165,6.4443],[3.50321,6.4452],[3.50321,6.44701]]]}},{"type":"Feature","properties":{"minutes":20.54,"people":1318,"clinic_min":20.62,"school_min":20.47,"k_clinic":5,"k_school":5,"within_15":0,"off_street":1,"ward":"Ikate\u2013Lekki","lga":"Eti Osa","place":"Jakande Roundabout","place_m":578},"geometry":{"type":"Polygon","coordinates":[[[3.50635,6.44701],[3.50478,6.44791],[3.50321,6.44701],[3.50321,6.4452],[3.50478,6.44429],[3.50635,6.4452],[3.50635,6.44701]]]}},{"type":"Feature","properties":{"minutes":13.17,"people":897,"clinic_min":13.22,"school_min":13.12,"k_clinic":5,"k_school":5,"within_15":1,"off_street":0,"ward":"Ikate\u2013Lekki","lga":"Eti Osa","place":"Jakande Roundabout","place_m":412},"geometry":{"type":"Polygon","coordinates":[[[3.50948,6.447],[3.50791,6.44791],[3.50635,6.44701],[3.50635,6.4452],[3.50791,6.44429],[3.50948,6.44519],[3.50948,6.447]]]}},{"type":"Feature","properties":{"minutes":9.13,"people":1403,"clinic_min":9.42,"school_min":8.83,"k_clinic":5,"k_school":5,"within_15":1,"off_street":0,"ward":"Ajiran\u2013Osapa","lga":"Eti Osa","place":"Jakande Roundabout","place_m":495},"geometry":{"type":"Polygon","coordinates":[[[3.51261,6.447],[3.51105,6.4479],[3.50948,6.447],[3.50948,6.44519],[3.51104,6.44429],[3.51261,6.44519],[3.51261,6.447]]]}},{"type":"Feature","properties":{"minutes":7.79,"people":1025,"clinic_min":8.44,"school_min":7.13,"k_clinic":5,"k_school":5,"within_15":1,"off_street":0,"ward":"Ajiran\u2013Osapa","lga":"Eti Osa","place":"Agungi","place_m":331},"geometry":{"type":"Polygon","coordinates":[[[3.51575,6.447],[3.51418,6.4479],[3.51261,6.447],[3.51261,6.44519],[3.51418,6.44428],[3.51574,6.44519],[3.51575,6.447]]]}},{"type":"Feature","properties":{"minutes":4.45,"people":1468,"clinic_min":5.21,"school_min":3.7,"k_clinic":5,"k_school":5,"within_15":1,"off_street":0,"ward":"Ajiran\u2013Osapa","lga":"Eti Osa","place":"Ajah","place_m":125},"geometry":{"type":"Polygon","coordinates":[[[3.51888,6.44699],[3.51731,6.4479],[3.51575,6.447],[3.51574,6.44519],[3.51731,6.44428],[3.51888,6.44518],[3.51888,6.44699]]]}},{"type":"Feature","properties":{"minutes":9.56,"people":982,"clinic_min":10.08,"school_min":9.05,"k_clinic":5,"k_school":5,"within_15":1,"off_street":0,"ward":"Ajiran\u2013Osapa","lga":"Eti Osa","place":"Ajah","place_m":332},"geometry":{"type":"Polygon","coordinates":[[[3.52201,6.44699],[3.52045,6.4479],[3.51888,6.44699],[3.51888,6.44518],[3.52044,6.44428],[3.52201,6.44518],[3.52201,6.44699]]]}},{"type":"Feature","properties":{"minutes":22.6,"people":1261,"clinic_min":28.25,"school_min":16.96,"k_clinic":5,"k_school":5,"within_15":0,"off_street":0,"ward":"Ajiran\u2013Osapa","lga":"Eti Osa","place":"Igbo Efon","place_m":458},"geometry":{"type":"Polygon","coordinates":[[[3.52514,6.44699],[3.52358,6.44789],[3.52201,6.44699],[3.52201,6.44518],[3.52357,6.44427],[3.52514,6.44518],[3.52514,6.44699]]]}},{"type":"Feature","properties":{"minutes":19.05,"people":994,"clinic_min":18.24,"school_min":19.86,"k_clinic":5,"k_school":5,"within_15":0,"off_street":0,"ward":"Ajiran\u2013Osapa","lga":"Eti Osa","place":"Igbo Efon","place_m":696},"geometry":{"type":"Polygon","coordinates":[[[3.52828,6.44698],[3.52671,6.44789],[3.52514,6.44699],[3.52514,6.44518],[3.52671,6.44427],[3.52827,6.44517],[3.52828,6.44698]]]}},{"type":"Feature","properties":{"minutes":20.79,"people":673,"clinic_min":20.37,"school_min":21.2,"k_clinic":5,"k_school":5,"within_15":0,"off_street":0,"ward":"Ajiran\u2013Osapa","lga":"Eti Osa","place":"Twin Lake Estate","place_m":555},"geometry":{"type":"Polygon","coordinates":[[[3.53141,6.44698],[3.52984,6.44789],[3.52828,6.44698],[3.52827,6.44517],[3.52984,6.44427],[3.53141,6.44517],[3.53141,6.44698]]]}},{"type":"Feature","properties":{"minutes":23.71,"people":555,"clinic_min":27.54,"school_min":19.87,"k_clinic":5,"k_school":5,"within_15":0,"off_street":0,"ward":"Ajiran\u2013Osapa","lga":"Eti Osa","place":"Twin Lake Estate","place_m":227},"geometry":{"type":"Polygon","coordinates":[[[3.53454,6.44698],[3.53298,6.44788],[3.53141,6.44698],[3.53141,6.44517],[3.53297,6.44426],[3.53454,6.44517],[3.53454,6.44698]]]}},{"type":"Feature","properties":{"minutes":20.67,"people":378,"clinic_min":21.64,"school_min":19.7,"k_clinic":5,"k_school":5,"within_15":0,"off_street":0,"ward":"Ajiran\u2013Osapa","lga":"Eti Osa","place":"Twin Lake Estate","place_m":188},"geometry":{"type":"Polygon","coordinates":[[[3.53767,6.44697],[3.53611,6.44788],[3.53454,6.44698],[3.53454,6.44517],[3.5361,6.44426],[3.53767,6.44516],[3.53767,6.44697]]]}},{"type":"Feature","properties":{"minutes":27.1,"people":358,"clinic_min":30.59,"school_min":23.61,"k_clinic":5,"k_school":5,"within_15":0,"off_street":0,"ward":"Ajiran\u2013Osapa","lga":"Eti Osa","place":"Twin Lake Estate","place_m":509},"geometry":{"type":"Polygon","coordinates":[[[3.54081,6.44697],[3.53924,6.44788],[3.53767,6.44697],[3.53767,6.44516],[3.53924,6.44426],[3.5408,6.44516],[3.54081,6.44697]]]}},{"type":"Feature","properties":{"minutes":13.5,"people":628,"clinic_min":15.72,"school_min":11.28,"k_clinic":5,"k_school":5,"within_15":1,"off_street":0,"ward":"Igbo-Efon\u2013Maiyegun","lga":"Eti Osa","place":"Bado","place_m":266},"geometry":{"type":"Polygon","coordinates":[[[3.54394,6.44697],[3.54237,6.44787],[3.54081,6.44697],[3.5408,6.44516],[3.54237,6.44425],[3.54394,6.44516],[3.54394,6.44697]]]}},{"type":"Feature","properties":{"minutes":14.14,"people":307,"clinic_min":15.54,"school_min":12.73,"k_clinic":5,"k_school":5,"within_15":1,"off_street":0,"ward":"Igbo-Efon\u2013Maiyegun","lga":"Eti Osa","place":"Bado","place_m":188},"geometry":{"type":"Polygon","coordinates":[[[3.54707,6.44696],[3.54551,6.44787],[3.54394,6.44697],[3.54394,6.44516],[3.5455,6.44425],[3.54707,6.44515],[3.54707,6.44696]]]}},{"type":"Feature","properties":{"minutes":12.54,"people":578,"clinic_min":14.39,"school_min":10.7,"k_clinic":5,"k_school":5,"within_15":1,"off_street":0,"ward":"Igbo-Efon\u2013Maiyegun","lga":"Eti Osa","place":"Ikota","place_m":192},"geometry":{"type":"Polygon","coordinates":[[[3.5502,6.44696],[3.54864,6.44787],[3.54707,6.44696],[3.54707,6.44515],[3.54864,6.44425],[3.5502,6.44515],[3.5502,6.44696]]]}},{"type":"Feature","properties":{"minutes":12.81,"people":974,"clinic_min":15.01,"school_min":10.6,"k_clinic":5,"k_school":5,"within_15":1,"off_street":0,"ward":"Igbo-Efon\u2013Maiyegun","lga":"Eti Osa","place":"Ikota","place_m":406},"geometry":{"type":"Polygon","coordinates":[[[3.55334,6.44696],[3.55177,6.44786],[3.5502,6.44696],[3.5502,6.44515],[3.55177,6.44424],[3.55334,6.44515],[3.55334,6.44696]]]}},{"type":"Feature","properties":{"minutes":12.01,"people":1217,"clinic_min":13.79,"school_min":10.23,"k_clinic":5,"k_school":5,"within_15":1,"off_street":0,"ward":"Igbo-Efon\u2013Maiyegun","lga":"Eti Osa","place":"Mega Chicken Settlement","place_m":407},"geometry":{"type":"Polygon","coordinates":[[[3.55647,6.44695],[3.5549,6.44786],[3.55334,6.44696],[3.55334,6.44515],[3.5549,6.44424],[3.55647,6.44514],[3.55647,6.44695]]]}},{"type":"Feature","properties":{"minutes":17.12,"people":739,"clinic_min":19.53,"school_min":14.72,"k_clinic":5,"k_school":5,"within_15":0,"off_street":0,"ward":"Igbo-Efon\u2013Maiyegun","lga":"Eti Osa","place":"Mega Chicken Settlement","place_m":521},"geometry":{"type":"Polygon","coordinates":[[[3.5596,6.44695],[3.55804,6.44786],[3.55647,6.44695],[3.55647,6.44514],[3.55803,6.44424],[3.5596,6.44514],[3.5596,6.44695]]]}},{"type":"Feature","properties":{"minutes":21.11,"people":810,"clinic_min":26.4,"school_min":15.82,"k_clinic":5,"k_school":5,"within_15":0,"off_street":0,"ward":"Igbo-Efon\u2013Maiyegun","lga":"Eti Osa","place":"Obalemisoro","place_m":346},"geometry":{"type":"Polygon","coordinates":[[[3.56274,6.44695],[3.56117,6.44785],[3.5596,6.44695],[3.5596,6.44514],[3.56117,6.44423],[3.56273,6.44514],[3.56274,6.44695]]]}},{"type":"Feature","properties":{"minutes":18.78,"people":625,"clinic_min":25.03,"school_min":12.54,"k_clinic":5,"k_school":5,"within_15":0,"off_street":0,"ward":"Ajah","lga":"Eti Osa","place":"Obalemisoro","place_m":49},"geometry":{"type":"Polygon","coordinates":[[[3.56587,6.44694],[3.5643,6.44785],[3.56274,6.44695],[3.56273,6.44514],[3.5643,6.44423],[3.56587,6.44513],[3.56587,6.44694]]]}},{"type":"Feature","properties":{"minutes":26.57,"people":721,"clinic_min":32.42,"school_min":20.72,"k_clinic":5,"k_school":5,"within_15":0,"off_street":0,"ward":"Ajah","lga":"Eti Osa","place":"Ikota Village Ajah","place_m":292},"geometry":{"type":"Polygon","coordinates":[[[3.569,6.44694],[3.56744,6.44785],[3.56587,6.44694],[3.56587,6.44513],[3.56743,6.44423],[3.569,6.44513],[3.569,6.44694]]]}},{"type":"Feature","properties":{"minutes":23.73,"people":420,"clinic_min":30.49,"school_min":16.97,"k_clinic":5,"k_school":5,"within_15":0,"off_street":0,"ward":"Ajah","lga":"Eti Osa","place":"Ikota Village Ajah","place_m":563},"geometry":{"type":"Polygon","coordinates":[[[3.57213,6.44694],[3.57057,6.44784],[3.569,6.44694],[3.569,6.44513],[3.57056,6.44422],[3.57213,6.44513],[3.57213,6.44694]]]}},{"type":"Feature","properties":{"minutes":24.36,"people":464,"clinic_min":31.92,"school_min":16.8,"k_clinic":5,"k_school":5,"within_15":0,"off_street":0,"ward":"Ajah","lga":"Eti Osa","place":"Megamound","place_m":612},"geometry":{"type":"Polygon","coordinates":[[[3.57527,6.44693],[3.5737,6.44784],[3.57213,6.44694],[3.57213,6.44513],[3.5737,6.44422],[3.57526,6.44512],[3.57527,6.44693]]]}},{"type":"Feature","properties":{"minutes":26.8,"people":254,"clinic_min":33.43,"school_min":20.17,"k_clinic":5,"k_school":5,"within_15":0,"off_street":0,"ward":"Ajah","lga":"Eti Osa","place":"Megamound","place_m":754},"geometry":{"type":"Polygon","coordinates":[[[3.5784,6.44693],[3.57683,6.44783],[3.57527,6.44693],[3.57526,6.44512],[3.57683,6.44422],[3.5784,6.44512],[3.5784,6.44693]]]}},{"type":"Feature","properties":{"minutes":28.55,"people":170,"clinic_min":32.26,"school_min":24.84,"k_clinic":5,"k_school":5,"within_15":0,"off_street":0,"ward":"Ajah","lga":"Eti Osa","place":"Megamound","place_m":1002},"geometry":{"type":"Polygon","coordinates":[[[3.58153,6.44692],[3.57997,6.44783],[3.5784,6.44693],[3.5784,6.44512],[3.57996,6.44421],[3.58153,6.44512],[3.58153,6.44692]]]}},{"type":"Feature","properties":{"minutes":30.33,"people":110,"clinic_min":31.99,"school_min":28.67,"k_clinic":5,"k_school":5,"within_15":0,"off_street":0,"ward":"Okun Ajah\u2013Okunmopo","lga":"Eti Osa","place":"Megamound","place_m":1295},"geometry":{"type":"Polygon","coordinates":[[[3.58466,6.44692],[3.5831,6.44783],[3.58153,6.44692],[3.58153,6.44512],[3.58309,6.44421],[3.58466,6.44511],[3.58466,6.44692]]]}},{"type":"Feature","properties":{"minutes":26.52,"people":145,"clinic_min":27.6,"school_min":25.44,"k_clinic":5,"k_school":5,"within_15":0,"off_street":0,"ward":"Okun Ajah\u2013Okunmopo","lga":"Eti Osa","place":"Peninsula II","place_m":1541},"geometry":{"type":"Polygon","coordinates":[[[3.5878,6.44692],[3.58623,6.44782],[3.58466,6.44692],[3.58466,6.44511],[3.58623,6.44421],[3.58779,6.44511],[3.5878,6.44692]]]}},{"type":"Feature","properties":{"minutes":29.96,"people":337,"clinic_min":31.33,"school_min":28.58,"k_clinic":5,"k_school":5,"within_15":0,"off_street":0,"ward":"Okun Ajah\u2013Okunmopo","lga":"Eti Osa","place":"Peninsula II","place_m":1536},"geometry":{"type":"Polygon","coordinates":[[[3.59093,6.44691],[3.58936,6.44782],[3.5878,6.44692],[3.58779,6.44511],[3.58936,6.4442],[3.59093,6.4451],[3.59093,6.44691]]]}},{"type":"Feature","properties":{"minutes":31.85,"people":45,"clinic_min":33.23,"school_min":30.48,"k_clinic":5,"k_school":5,"within_15":0,"off_street":0,"ward":"Okun Ajah\u2013Okunmopo","lga":"Eti Osa","place":"Peninsula II","place_m":1608},"geometry":{"type":"Polygon","coordinates":[[[3.59406,6.44691],[3.5925,6.44782],[3.59093,6.44691],[3.59093,6.4451],[3.59249,6.4442],[3.59406,6.4451],[3.59406,6.44691]]]}},{"type":"Feature","properties":{"minutes":25.94,"people":49,"clinic_min":28.79,"school_min":23.09,"k_clinic":5,"k_school":5,"within_15":0,"off_street":1,"ward":"Okun Ajah\u2013Okunmopo","lga":"Eti Osa","place":"Ogombo Ajah","place_m":1275},"geometry":{"type":"Polygon","coordinates":[[[3.59719,6.44691],[3.59563,6.44781],[3.59406,6.44691],[3.59406,6.4451],[3.59562,6.44419],[3.59719,6.4451],[3.59719,6.44691]]]}},{"type":"Feature","properties":{"minutes":21.29,"people":20,"clinic_min":27.07,"school_min":15.51,"k_clinic":5,"k_school":5,"within_15":0,"off_street":0,"ward":"Okun Ajah\u2013Okunmopo","lga":"Eti Osa","place":"Ogombo Ajah","place_m":587},"geometry":{"type":"Polygon","coordinates":[[[3.60346,6.4469],[3.60189,6.44781],[3.60033,6.4469],[3.60032,6.44509],[3.60189,6.44419],[3.60346,6.44509],[3.60346,6.4469]]]}},{"type":"Feature","properties":{"minutes":17.77,"people":444,"clinic_min":24.85,"school_min":10.69,"k_clinic":5,"k_school":5,"within_15":0,"off_street":0,"ward":"Okun Ajah\u2013Okunmopo","lga":"Eti Osa","place":"Ogombo Ajah","place_m":252},"geometry":{"type":"Polygon","coordinates":[[[3.60659,6.4469],[3.60503,6.4478],[3.60346,6.4469],[3.60346,6.44509],[3.60502,6.44418],[3.60659,6.44509],[3.60659,6.4469]]]}},{"type":"Feature","properties":{"minutes":14.48,"people":1100,"clinic_min":22.01,"school_min":6.94,"k_clinic":5,"k_school":5,"within_15":1,"off_street":0,"ward":"Okun Ajah\u2013Okunmopo","lga":"Eti Osa","place":"Ogombo Ajah","place_m":151},"geometry":{"type":"Polygon","coordinates":[[[3.60972,6.44689],[3.60816,6.4478],[3.60659,6.4469],[3.60659,6.44509],[3.60815,6.44418],[3.60972,6.44508],[3.60972,6.44689]]]}},{"type":"Feature","properties":{"minutes":17.37,"people":630,"clinic_min":24.86,"school_min":9.88,"k_clinic":5,"k_school":5,"within_15":0,"off_street":0,"ward":"Okun Ajah\u2013Okunmopo","lga":"Eti Osa","place":"Ogombo Ajah","place_m":471},"geometry":{"type":"Polygon","coordinates":[[[3.61286,6.44689],[3.61129,6.44779],[3.60972,6.44689],[3.60972,6.44508],[3.61129,6.44418],[3.61285,6.44508],[3.61286,6.44689]]]}},{"type":"Feature","properties":{"minutes":21.08,"people":431,"clinic_min":28.5,"school_min":13.66,"k_clinic":5,"k_school":5,"within_15":0,"off_street":0,"ward":"Okun Ajah\u2013Okunmopo","lga":"Eti Osa","place":"Ogombo Ajah","place_m":813},"geometry":{"type":"Polygon","coordinates":[[[3.61599,6.44688],[3.61442,6.44779],[3.61286,6.44689],[3.61285,6.44508],[3.61442,6.44417],[3.61599,6.44508],[3.61599,6.44688]]]}},{"type":"Feature","properties":{"minutes":18.05,"people":160,"clinic_min":26.32,"school_min":9.78,"k_clinic":5,"k_school":5,"within_15":0,"off_street":0,"ward":"Okun Ajah\u2013Okunmopo","lga":"Eti Osa","place":"Peaceland Estate","place_m":1106},"geometry":{"type":"Polygon","coordinates":[[[3.61912,6.44688],[3.61756,6.44779],[3.61599,6.44688],[3.61599,6.44508],[3.61755,6.44417],[3.61912,6.44507],[3.61912,6.44688]]]}},{"type":"Feature","properties":{"minutes":59.25,"people":80,"clinic_min":70.38,"school_min":48.13,"k_clinic":5,"k_school":5,"within_15":0,"off_street":0,"ward":"Okun Ajah\u2013Okunmopo","lga":"Eti Osa","place":"Ogumbo","place_m":1210},"geometry":{"type":"Polygon","coordinates":[[[3.62852,6.44687],[3.62695,6.44778],[3.62539,6.44687],[3.62539,6.44506],[3.62695,6.44416],[3.62852,6.44506],[3.62852,6.44687]]]}},{"type":"Feature","properties":{"minutes":56.94,"people":55,"clinic_min":68.06,"school_min":45.81,"k_clinic":5,"k_school":5,"within_15":0,"off_street":0,"ward":"Okun Ajah\u2013Okunmopo","lga":"Eti Osa","place":"Ogumbo","place_m":1232},"geometry":{"type":"Polygon","coordinates":[[[3.63165,6.44687],[3.63009,6.44777],[3.62852,6.44687],[3.62852,6.44506],[3.63008,6.44415],[3.63165,6.44506],[3.63165,6.44687]]]}},{"type":"Feature","properties":{"minutes":36.33,"people":162,"clinic_min":43.18,"school_min":29.48,"k_clinic":5,"k_school":5,"within_15":0,"off_street":0,"ward":"Okun Ajah\u2013Okunmopo","lga":"Eti Osa","place":"Ogumbo","place_m":1346},"geometry":{"type":"Polygon","coordinates":[[[3.63479,6.44686],[3.63322,6.44777],[3.63165,6.44687],[3.63165,6.44506],[3.63322,6.44415],[3.63478,6.44505],[3.63479,6.44686]]]}},{"type":"Feature","properties":{"minutes":37.54,"people":14,"clinic_min":46.79,"school_min":28.28,"k_clinic":5,"k_school":5,"within_15":0,"off_street":1,"ward":"Okun Ajah\u2013Okunmopo","lga":"Eti Osa","place":"Monasry","place_m":1472},"geometry":{"type":"Polygon","coordinates":[[[3.63792,6.44686],[3.63635,6.44776],[3.63479,6.44686],[3.63478,6.44505],[3.63635,6.44415],[3.63792,6.44505],[3.63792,6.44686]]]}},{"type":"Feature","properties":{"minutes":38.58,"people":286,"clinic_min":49.7,"school_min":27.45,"k_clinic":5,"k_school":5,"within_15":0,"off_street":0,"ward":"Okun Ajah\u2013Okunmopo","lga":"Eti Osa","place":"Monasry","place_m":1391},"geometry":{"type":"Polygon","coordinates":[[[3.64105,6.44685],[3.63949,6.44776],[3.63792,6.44686],[3.63792,6.44505],[3.63948,6.44414],[3.64105,6.44504],[3.64105,6.44685]]]}},{"type":"Feature","properties":{"minutes":40.1,"people":21,"clinic_min":51.22,"school_min":28.97,"k_clinic":5,"k_school":5,"within_15":0,"off_street":0,"ward":"Okun Ajah\u2013Okunmopo","lga":"Eti Osa","place":"Monasry","place_m":1393},"geometry":{"type":"Polygon","coordinates":[[[3.64418,6.44685],[3.64262,6.44776],[3.64105,6.44685],[3.64105,6.44504],[3.64261,6.44414],[3.64418,6.44504],[3.64418,6.44685]]]}},{"type":"Feature","properties":{"minutes":8.58,"people":1087,"clinic_min":8.78,"school_min":8.39,"k_clinic":5,"k_school":5,"within_15":1,"off_street":0,"ward":"Oduduwa","lga":"Apapa","place":"Apapa","place_m":414},"geometry":{"type":"Polygon","coordinates":[[[3.35441,6.44985],[3.35285,6.45075],[3.35128,6.44985],[3.35128,6.44804],[3.35285,6.44713],[3.35441,6.44804],[3.35441,6.44985]]]}},{"type":"Feature","properties":{"minutes":9.7,"people":873,"clinic_min":9.25,"school_min":10.16,"k_clinic":5,"k_school":5,"within_15":1,"off_street":0,"ward":"Oduduwa","lga":"Apapa","place":"Apapa","place_m":110},"geometry":{"type":"Polygon","coordinates":[[[3.35755,6.44984],[3.35598,6.45075],[3.35441,6.44985],[3.35441,6.44804],[3.35598,6.44713],[3.35755,6.44804],[3.35755,6.44984]]]}},{"type":"Feature","properties":{"minutes":8.72,"people":616,"clinic_min":9.86,"school_min":7.59,"k_clinic":5,"k_school":5,"within_15":1,"off_street":0,"ward":"Oduduwa","lga":"Apapa","place":"Apapa","place_m":305},"geometry":{"type":"Polygon","coordinates":[[[3.36068,6.44984],[3.35911,6.45075],[3.35755,6.44984],[3.35755,6.44804],[3.35911,6.44713],[3.36068,6.44803],[3.36068,6.44984]]]}},{"type":"Feature","properties":{"minutes":11.16,"people":779,"clinic_min":14.12,"school_min":8.21,"k_clinic":5,"k_school":5,"within_15":1,"off_street":0,"ward":"Apapa","lga":"Apapa","place":"Apapa","place_m":3},"geometry":{"type":"Polygon","coordinates":[[[3.36381,6.44984],[3.36225,6.45075],[3.36068,6.44984],[3.36068,6.44803],[3.36224,6.44713],[3.36381,6.44803],[3.36381,6.44984]]]}},{"type":"Feature","properties":{"minutes":10.54,"people":752,"clinic_min":12.28,"school_min":8.81,"k_clinic":5,"k_school":5,"within_15":1,"off_street":0,"ward":"Apapa","lga":"Apapa","place":"Wharf","place_m":287},"geometry":{"type":"Polygon","coordinates":[[[3.36694,6.44984],[3.36538,6.45074],[3.36381,6.44984],[3.36381,6.44803],[3.36538,6.44713],[3.36694,6.44803],[3.36694,6.44984]]]}},{"type":"Feature","properties":{"minutes":7.83,"people":520,"clinic_min":7.6,"school_min":8.07,"k_clinic":5,"k_school":5,"within_15":1,"off_street":0,"ward":"Anjorin","lga":"Apapa","place":"Wharf","place_m":326},"geometry":{"type":"Polygon","coordinates":[[[3.37008,6.44984],[3.36851,6.45074],[3.36694,6.44984],[3.36694,6.44803],[3.36851,6.44712],[3.37008,6.44803],[3.37008,6.44984]]]}},{"type":"Feature","properties":{"minutes":13.76,"people":672,"clinic_min":13.52,"school_min":13.99,"k_clinic":5,"k_school":5,"within_15":1,"off_street":0,"ward":"Anjorin","lga":"Apapa","place":"Anjorin","place_m":504},"geometry":{"type":"Polygon","coordinates":[[[3.37321,6.44983],[3.37164,6.45074],[3.37008,6.44984],[3.37008,6.44803],[3.37164,6.44712],[3.37321,6.44802],[3.37321,6.44983]]]}},{"type":"Feature","properties":{"minutes":25.5,"people":68,"clinic_min":23.6,"school_min":27.41,"k_clinic":5,"k_school":5,"within_15":0,"off_street":0,"ward":"Anjorin","lga":"Apapa","place":"Anjorin","place_m":731},"geometry":{"type":"Polygon","coordinates":[[[3.37634,6.44983],[3.37478,6.45074],[3.37321,6.44983],[3.37321,6.44802],[3.37477,6.44712],[3.37634,6.44802],[3.37634,6.44983]]]}},{"type":"Feature","properties":{"minutes":7.26,"people":20,"clinic_min":7.09,"school_min":7.43,"k_clinic":5,"k_school":5,"within_15":1,"off_street":1,"ward":"Anjorin","lga":"Apapa","place":"Kakawa","place_m":545},"geometry":{"type":"Polygon","coordinates":[[[3.38887,6.44982],[3.38731,6.45073],[3.38574,6.44982],[3.38574,6.44802],[3.38731,6.44711],[3.38887,6.44801],[3.38887,6.44982]]]}},{"type":"Feature","properties":{"minutes":5.95,"people":164,"clinic_min":6.05,"school_min":5.85,"k_clinic":5,"k_school":5,"within_15":1,"off_street":0,"ward":"Ajele","lga":"Lagos Island","place":"Polo Aguda","place_m":509},"geometry":{"type":"Polygon","coordinates":[[[3.39201,6.44982],[3.39044,6.45073],[3.38887,6.44982],[3.38887,6.44801],[3.39044,6.44711],[3.39201,6.44801],[3.39201,6.44982]]]}},{"type":"Feature","properties":{"minutes":4.71,"people":451,"clinic_min":5.42,"school_min":4.0,"k_clinic":5,"k_school":5,"within_15":1,"off_street":0,"ward":"Ajele","lga":"Lagos Island","place":"Odan","place_m":201},"geometry":{"type":"Polygon","coordinates":[[[3.39514,6.44982],[3.39357,6.45072],[3.39201,6.44982],[3.39201,6.44801],[3.39357,6.4471],[3.39514,6.44801],[3.39514,6.44982]]]}},{"type":"Feature","properties":{"minutes":4.01,"people":685,"clinic_min":3.15,"school_min":4.87,"k_clinic":5,"k_school":5,"within_15":1,"off_street":0,"ward":"Odam","lga":"Lagos Island","place":"Odan","place_m":146},"geometry":{"type":"Polygon","coordinates":[[[3.39827,6.44981],[3.39671,6.45072],[3.39514,6.44982],[3.39514,6.44801],[3.3967,6.4471],[3.39827,6.44801],[3.39827,6.44981]]]}},{"type":"Feature","properties":{"minutes":4.49,"people":559,"clinic_min":3.97,"school_min":5.01,"k_clinic":5,"k_school":5,"within_15":1,"off_street":0,"ward":"Odam","lga":"Lagos Island","place":"Lafiaji","place_m":322},"geometry":{"type":"Polygon","coordinates":[[[3.4014,6.44981],[3.39984,6.45072],[3.39827,6.44981],[3.39827,6.44801],[3.39984,6.4471],[3.4014,6.448],[3.4014,6.44981]]]}},{"type":"Feature","properties":{"minutes":3.67,"people":723,"clinic_min":3.22,"school_min":4.13,"k_clinic":5,"k_school":5,"within_15":1,"off_street":0,"ward":"Araromi Odo","lga":"Lagos Island","place":"Lafiaji","place_m":262},"geometry":{"type":"Polygon","coordinates":[[[3.40454,6.44981],[3.40297,6.45072],[3.4014,6.44981],[3.4014,6.448],[3.40297,6.4471],[3.40454,6.448],[3.40454,6.44981]]]}},{"type":"Feature","properties":{"minutes":3.83,"people":1564,"clinic_min":4.01,"school_min":3.65,"k_clinic":5,"k_school":5,"within_15":1,"off_street":0,"ward":"Lafiaji","lga":"Lagos Island","place":"Ologun Agbaje Victoria Island","place_m":106},"geometry":{"type":"Polygon","coordinates":[[[3.40767,6.44981],[3.4061,6.45071],[3.40454,6.44981],[3.40454,6.448],[3.4061,6.44709],[3.40767,6.448],[3.40767,6.44981]]]}},{"type":"Feature","properties":{"minutes":4.53,"people":1033,"clinic_min":4.33,"school_min":4.73,"k_clinic":5,"k_school":5,"within_15":1,"off_street":0,"ward":"Obalende","lga":"Eti Osa","place":"Ologun Agbaje Victoria Island","place_m":274},"geometry":{"type":"Polygon","coordinates":[[[3.4108,6.4498],[3.40924,6.45071],[3.40767,6.44981],[3.40767,6.448],[3.40923,6.44709],[3.4108,6.448],[3.4108,6.4498]]]}},{"type":"Feature","properties":{"minutes":4.33,"people":1824,"clinic_min":4.78,"school_min":3.88,"k_clinic":5,"k_school":5,"within_15":1,"off_street":0,"ward":"Obalende","lga":"Eti Osa","place":"Keffi Obalende","place_m":297},"geometry":{"type":"Polygon","coordinates":[[[3.41394,6.4498],[3.41237,6.45071],[3.4108,6.4498],[3.4108,6.448],[3.41237,6.44709],[3.41393,6.44799],[3.41394,6.4498]]]}},{"type":"Feature","properties":{"minutes":2.75,"people":797,"clinic_min":2.52,"school_min":2.98,"k_clinic":5,"k_school":5,"within_15":1,"off_street":0,"ward":"Obalende","lga":"Eti Osa","place":"Keffi Obalende","place_m":83},"geometry":{"type":"Polygon","coordinates":[[[3.41707,6.4498],[3.4155,6.45071],[3.41394,6.4498],[3.41393,6.44799],[3.4155,6.44709],[3.41707,6.44799],[3.41707,6.4498]]]}},{"type":"Feature","properties":{"minutes":9.47,"people":908,"clinic_min":10.63,"school_min":8.3,"k_clinic":5,"k_school":5,"within_15":1,"off_street":0,"ward":"Ikoyi 2","lga":"Eti Osa","place":"Keffi Obalende","place_m":407},"geometry":{"type":"Polygon","coordinates":[[[3.4202,6.4498],[3.41864,6.4507],[3.41707,6.4498],[3.41707,6.44799],[3.41863,6.44708],[3.4202,6.44799],[3.4202,6.4498]]]}},{"type":"Feature","properties":{"minutes":11.19,"people":171,"clinic_min":12.86,"school_min":9.52,"k_clinic":5,"k_school":5,"within_15":1,"off_street":0,"ward":"Ikoyi 2","lga":"Eti Osa","place":"Keffi Obalende","place_m":751},"geometry":{"type":"Polygon","coordinates":[[[3.42333,6.44979],[3.42177,6.4507],[3.4202,6.4498],[3.4202,6.44799],[3.42177,6.44708],[3.42333,6.44799],[3.42333,6.44979]]]}},{"type":"Feature","properties":{"minutes":16.87,"people":147,"clinic_min":20.06,"school_min":13.68,"k_clinic":5,"k_school":5,"within_15":0,"off_street":0,"ward":"Ikoyi 2","lga":"Eti Osa","place":"Ikoyi","place_m":512},"geometry":{"type":"Polygon","coordinates":[[[3.42647,6.44979],[3.4249,6.4507],[3.42333,6.44979],[3.42333,6.44799],[3.4249,6.44708],[3.42647,6.44798],[3.42647,6.44979]]]}},{"type":"Feature","properties":{"minutes":14.64,"people":615,"clinic_min":18.75,"school_min":10.52,"k_clinic":5,"k_school":5,"within_15":1,"off_street":0,"ward":"Ikoyi 2","lga":"Eti Osa","place":"Ikoyi","place_m":325},"geometry":{"type":"Polygon","coordinates":[[[3.4296,6.44979],[3.42803,6.4507],[3.42647,6.44979],[3.42647,6.44798],[3.42803,6.44708],[3.4296,6.44798],[3.4296,6.44979]]]}},{"type":"Feature","properties":{"minutes":15.25,"people":593,"clinic_min":19.89,"school_min":10.6,"k_clinic":5,"k_school":5,"within_15":0,"off_street":0,"ward":"Falomo\u2013Oyinkan Abayomi","lga":"Eti Osa","place":"Falomo","place_m":270},"geometry":{"type":"Polygon","coordinates":[[[3.43273,6.44979],[3.43117,6.45069],[3.4296,6.44979],[3.4296,6.44798],[3.43116,6.44707],[3.43273,6.44798],[3.43273,6.44979]]]}},{"type":"Feature","properties":{"minutes":17.65,"people":620,"clinic_min":23.09,"school_min":12.2,"k_clinic":5,"k_school":5,"within_15":0,"off_street":0,"ward":"Falomo\u2013Oyinkan Abayomi","lga":"Eti Osa","place":"Falomo","place_m":163},"geometry":{"type":"Polygon","coordinates":[[[3.43586,6.44978],[3.4343,6.45069],[3.43273,6.44979],[3.43273,6.44798],[3.4343,6.44707],[3.43586,6.44797],[3.43586,6.44978]]]}},{"type":"Feature","properties":{"minutes":19.19,"people":733,"clinic_min":26.19,"school_min":12.19,"k_clinic":5,"k_school":5,"within_15":0,"off_street":0,"ward":"Falomo\u2013Oyinkan Abayomi","lga":"Eti Osa","place":"Falomo","place_m":470},"geometry":{"type":"Polygon","coordinates":[[[3.439,6.44978],[3.43743,6.45069],[3.43586,6.44978],[3.43586,6.44797],[3.43743,6.44707],[3.439,6.44797],[3.439,6.44978]]]}},{"type":"Feature","properties":{"minutes":19.38,"people":1362,"clinic_min":26.87,"school_min":11.89,"k_clinic":5,"k_school":5,"within_15":0,"off_street":0,"ward":"Falomo\u2013Oyinkan Abayomi","lga":"Eti Osa","place":"Park View Estate","place_m":781},"geometry":{"type":"Polygon","coordinates":[[[3.44213,6.44978],[3.44056,6.45068],[3.439,6.44978],[3.439,6.44797],[3.44056,6.44707],[3.44213,6.44797],[3.44213,6.44978]]]}},{"type":"Feature","properties":{"minutes":20.18,"people":662,"clinic_min":28.34,"school_min":12.03,"k_clinic":5,"k_school":5,"within_15":0,"off_street":0,"ward":"Falomo\u2013Oyinkan Abayomi","lga":"Eti Osa","place":"Onikoyi","place_m":784},"geometry":{"type":"Polygon","coordinates":[[[3.44526,6.44978],[3.4437,6.45068],[3.44213,6.44978],[3.44213,6.44797],[3.44369,6.44706],[3.44526,6.44797],[3.44526,6.44978]]]}},{"type":"Feature","properties":{"minutes":23.07,"people":1285,"clinic_min":30.69,"school_min":15.45,"k_clinic":5,"k_school":5,"within_15":0,"off_street":0,"ward":"Ikoyi 1","lga":"Eti Osa","place":"Onikoyi","place_m":656},"geometry":{"type":"Polygon","coordinates":[[[3.4484,6.44977],[3.44683,6.45068],[3.44526,6.44978],[3.44526,6.44797],[3.44683,6.44706],[3.44839,6.44796],[3.4484,6.44977]]]}},{"type":"Feature","properties":{"minutes":23.69,"people":762,"clinic_min":29.17,"school_min":18.2,"k_clinic":5,"k_school":5,"within_15":0,"off_street":0,"ward":"Ikoyi 1","lga":"Eti Osa","place":"Queens Drive","place_m":660},"geometry":{"type":"Polygon","coordinates":[[[3.45153,6.44977],[3.44996,6.45068],[3.4484,6.44977],[3.44839,6.44796],[3.44996,6.44706],[3.45153,6.44796],[3.45153,6.44977]]]}},{"type":"Feature","properties":{"minutes":13.67,"people":102,"clinic_min":17.45,"school_min":9.88,"k_clinic":5,"k_school":5,"within_15":1,"off_street":0,"ward":"1004\u2013Aboyade","lga":"Eti Osa","place":"Queens Drive","place_m":675},"geometry":{"type":"Polygon","coordinates":[[[3.45466,6.44977],[3.4531,6.45067],[3.45153,6.44977],[3.45153,6.44796],[3.45309,6.44706],[3.45466,6.44796],[3.45466,6.44977]]]}},{"type":"Feature","properties":{"minutes":13.45,"people":711,"clinic_min":17.65,"school_min":9.24,"k_clinic":5,"k_school":5,"within_15":1,"off_street":0,"ward":"1004\u2013Aboyade","lga":"Eti Osa","place":"Maroko","place_m":745},"geometry":{"type":"Polygon","coordinates":[[[3.45779,6.44976],[3.45623,6.45067],[3.45466,6.44977],[3.45466,6.44796],[3.45622,6.44705],[3.45779,6.44796],[3.45779,6.44976]]]}},{"type":"Feature","properties":{"minutes":13.05,"people":63,"clinic_min":16.08,"school_min":10.03,"k_clinic":5,"k_school":5,"within_15":1,"off_street":0,"ward":"Ikate\u2013Lekki","lga":"Eti Osa","place":"Maroko","place_m":455},"geometry":{"type":"Polygon","coordinates":[[[3.46093,6.44976],[3.45936,6.45067],[3.45779,6.44976],[3.45779,6.44796],[3.45936,6.44705],[3.46092,6.44795],[3.46093,6.44976]]]}},{"type":"Feature","properties":{"minutes":12.34,"people":52,"clinic_min":15.74,"school_min":8.94,"k_clinic":5,"k_school":5,"within_15":1,"off_street":0,"ward":"Ikate\u2013Lekki","lga":"Eti Osa","place":"Peninsula","place_m":184},"geometry":{"type":"Polygon","coordinates":[[[3.46719,6.44976],[3.46563,6.45066],[3.46406,6.44976],[3.46406,6.44795],[3.46562,6.44704],[3.46719,6.44795],[3.46719,6.44976]]]}},{"type":"Feature","properties":{"minutes":10.41,"people":366,"clinic_min":12.68,"school_min":8.14,"k_clinic":5,"k_school":5,"within_15":1,"off_street":0,"ward":"Ikate\u2013Lekki","lga":"Eti Osa","place":"Peninsula","place_m":417},"geometry":{"type":"Polygon","coordinates":[[[3.47032,6.44975],[3.46876,6.45066],[3.46719,6.44976],[3.46719,6.44795],[3.46876,6.44704],[3.47032,6.44794],[3.47032,6.44975]]]}},{"type":"Feature","properties":{"minutes":9.73,"people":1481,"clinic_min":11.87,"school_min":7.58,"k_clinic":5,"k_school":5,"within_15":1,"off_street":0,"ward":"Ikate\u2013Lekki","lga":"Eti Osa","place":"Sakiru Anjorin Lake Phase 1","place_m":364},"geometry":{"type":"Polygon","coordinates":[[[3.47346,6.44975],[3.47189,6.45066],[3.47032,6.44975],[3.47032,6.44794],[3.47189,6.44704],[3.47346,6.44794],[3.47346,6.44975]]]}},{"type":"Feature","properties":{"minutes":11.29,"people":1543,"clinic_min":11.13,"school_min":11.45,"k_clinic":5,"k_school":5,"within_15":1,"off_street":0,"ward":"Ikate\u2013Lekki","lga":"Eti Osa","place":"Doctor Umoh Lekki","place_m":338},"geometry":{"type":"Polygon","coordinates":[[[3.47659,6.44975],[3.47502,6.45065],[3.47346,6.44975],[3.47346,6.44794],[3.47502,6.44704],[3.47659,6.44794],[3.47659,6.44975]]]}},{"type":"Feature","properties":{"minutes":11.69,"people":1278,"clinic_min":11.86,"school_min":11.52,"k_clinic":5,"k_school":5,"within_15":1,"off_street":0,"ward":"Ikate\u2013Lekki","lga":"Eti Osa","place":"Doctor Umoh Lekki","place_m":260},"geometry":{"type":"Polygon","coordinates":[[[3.47972,6.44974],[3.47816,6.45065],[3.47659,6.44975],[3.47659,6.44794],[3.47815,6.44703],[3.47972,6.44794],[3.47972,6.44974]]]}},{"type":"Feature","properties":{"minutes":15.18,"people":649,"clinic_min":15.37,"school_min":14.99,"k_clinic":5,"k_school":5,"within_15":0,"off_street":0,"ward":"Ikate\u2013Lekki","lga":"Eti Osa","place":"Moba","place_m":367},"geometry":{"type":"Polygon","coordinates":[[[3.48286,6.44974],[3.48129,6.45065],[3.47972,6.44974],[3.47972,6.44794],[3.48129,6.44703],[3.48285,6.44793],[3.48286,6.44974]]]}},{"type":"Feature","properties":{"minutes":15.67,"people":1037,"clinic_min":20.24,"school_min":11.09,"k_clinic":5,"k_school":5,"within_15":0,"off_street":0,"ward":"Ikate\u2013Lekki","lga":"Eti Osa","place":"Orange Island","place_m":537},"geometry":{"type":"Polygon","coordinates":[[[3.48599,6.44974],[3.48442,6.45064],[3.48286,6.44974],[3.48285,6.44793],[3.48442,6.44703],[3.48599,6.44793],[3.48599,6.44974]]]}},{"type":"Feature","properties":{"minutes":19.72,"people":491,"clinic_min":24.36,"school_min":15.09,"k_clinic":5,"k_school":5,"within_15":0,"off_street":0,"ward":"Ikate\u2013Lekki","lga":"Eti Osa","place":"Orange Island","place_m":574},"geometry":{"type":"Polygon","coordinates":[[[3.48912,6.44974],[3.48755,6.45064],[3.48599,6.44974],[3.48599,6.44793],[3.48755,6.44702],[3.48912,6.44793],[3.48912,6.44974]]]}},{"type":"Feature","properties":{"minutes":26.73,"people":372,"clinic_min":31.94,"school_min":21.52,"k_clinic":5,"k_school":5,"within_15":0,"off_street":0,"ward":"Ikate\u2013Lekki","lga":"Eti Osa","place":"Ikateahliapalm Sprung","place_m":195},"geometry":{"type":"Polygon","coordinates":[[[3.49539,6.44973],[3.49382,6.45064],[3.49225,6.44973],[3.49225,6.44792],[3.49382,6.44702],[3.49538,6.44792],[3.49539,6.44973]]]}},{"type":"Feature","properties":{"minutes":25.36,"people":183,"clinic_min":29.54,"school_min":21.18,"k_clinic":5,"k_school":5,"within_15":0,"off_street":0,"ward":"Ikate\u2013Lekki","lga":"Eti Osa","place":"Ikateahliapalm Sprung","place_m":201},"geometry":{"type":"Polygon","coordinates":[[[3.49852,6.44973],[3.49695,6.45063],[3.49539,6.44973],[3.49538,6.44792],[3.49695,6.44701],[3.49852,6.44792],[3.49852,6.44973]]]}},{"type":"Feature","properties":{"minutes":31.02,"people":427,"clinic_min":30.88,"school_min":31.16,"k_clinic":5,"k_school":5,"within_15":0,"off_street":0,"ward":"Ikate\u2013Lekki","lga":"Eti Osa","place":"Ikateahliapalm Sprung","place_m":532},"geometry":{"type":"Polygon","coordinates":[[[3.50165,6.44972],[3.50009,6.45063],[3.49852,6.44973],[3.49852,6.44792],[3.50008,6.44701],[3.50165,6.44791],[3.50165,6.44972]]]}},{"type":"Feature","properties":{"minutes":26.42,"people":811,"clinic_min":26.38,"school_min":26.46,"k_clinic":5,"k_school":5,"within_15":0,"off_street":0,"ward":"Ikate\u2013Lekki","lga":"Eti Osa","place":"Ikateahliapalm Sprung","place_m":875},"geometry":{"type":"Polygon","coordinates":[[[3.50478,6.44972],[3.50322,6.45063],[3.50165,6.44972],[3.50165,6.44791],[3.50321,6.44701],[3.50478,6.44791],[3.50478,6.44972]]]}},{"type":"Feature","properties":{"minutes":15.93,"people":1142,"clinic_min":16.14,"school_min":15.72,"k_clinic":5,"k_school":5,"within_15":0,"off_street":0,"ward":"Ikate\u2013Lekki","lga":"Eti Osa","place":"Jakande Roundabout","place_m":746},"geometry":{"type":"Polygon","coordinates":[[[3.50792,6.44972],[3.50635,6.45062],[3.50478,6.44972],[3.50478,6.44791],[3.50635,6.44701],[3.50791,6.44791],[3.50792,6.44972]]]}},{"type":"Feature","properties":{"minutes":17.4,"people":577,"clinic_min":17.61,"school_min":17.19,"k_clinic":5,"k_school":5,"within_15":0,"off_street":0,"ward":"Ajiran\u2013Osapa","lga":"Eti Osa","place":"Jakande Roundabout","place_m":715},"geometry":{"type":"Polygon","coordinates":[[[3.51105,6.44971],[3.50948,6.45062],[3.50792,6.44972],[3.50791,6.44791],[3.50948,6.447],[3.51105,6.4479],[3.51105,6.44971]]]}},{"type":"Feature","properties":{"minutes":11.35,"people":826,"clinic_min":12.34,"school_min":10.35,"k_clinic":5,"k_school":5,"within_15":1,"off_street":0,"ward":"Ajiran\u2013Osapa","lga":"Eti Osa","place":"Ajiran Agugin","place_m":534},"geometry":{"type":"Polygon","coordinates":[[[3.51418,6.44971],[3.51262,6.45062],[3.51105,6.44971],[3.51105,6.4479],[3.51261,6.447],[3.51418,6.4479],[3.51418,6.44971]]]}},{"type":"Feature","properties":{"minutes":13.37,"people":1003,"clinic_min":15.09,"school_min":11.65,"k_clinic":5,"k_school":5,"within_15":1,"off_street":0,"ward":"Ajiran\u2013Osapa","lga":"Eti Osa","place":"Ajah","place_m":277},"geometry":{"type":"Polygon","coordinates":[[[3.51731,6.44971],[3.51575,6.45061],[3.51418,6.44971],[3.51418,6.4479],[3.51575,6.447],[3.51731,6.4479],[3.51731,6.44971]]]}},{"type":"Feature","properties":{"minutes":7.69,"people":767,"clinic_min":8.65,"school_min":6.72,"k_clinic":5,"k_school":5,"within_15":1,"off_street":0,"ward":"Ajiran\u2013Osapa","lga":"Eti Osa","place":"Ajah","place_m":227},"geometry":{"type":"Polygon","coordinates":[[[3.52045,6.4497],[3.51888,6.45061],[3.51731,6.44971],[3.51731,6.4479],[3.51888,6.44699],[3.52045,6.4479],[3.52045,6.4497]]]}},{"type":"Feature","properties":{"minutes":20.44,"people":935,"clinic_min":26.61,"school_min":14.27,"k_clinic":5,"k_school":5,"within_15":0,"off_street":0,"ward":"Ajiran\u2013Osapa","lga":"Eti Osa","place":"Ajah","place_m":516},"geometry":{"type":"Polygon","coordinates":[[[3.52358,6.4497],[3.52201,6.45061],[3.52045,6.4497],[3.52045,6.4479],[3.52201,6.44699],[3.52358,6.44789],[3.52358,6.4497]]]}},{"type":"Feature","properties":{"minutes":18.69,"people":1303,"clinic_min":23.94,"school_min":13.44,"k_clinic":5,"k_school":5,"within_15":0,"off_street":0,"ward":"Ajiran\u2013Osapa","lga":"Eti Osa","place":"Igbo Efon","place_m":804},"geometry":{"type":"Polygon","coordinates":[[[3.52671,6.4497],[3.52515,6.4506],[3.52358,6.4497],[3.52358,6.44789],[3.52514,6.44699],[3.52671,6.44789],[3.52671,6.4497]]]}},{"type":"Feature","properties":{"minutes":19.54,"people":902,"clinic_min":23.69,"school_min":15.4,"k_clinic":5,"k_school":5,"within_15":0,"off_street":0,"ward":"Ajiran\u2013Osapa","lga":"Eti Osa","place":"Twin Lake Estate","place_m":827},"geometry":{"type":"Polygon","coordinates":[[[3.52985,6.44969],[3.52828,6.4506],[3.52671,6.4497],[3.52671,6.44789],[3.52828,6.44698],[3.52984,6.44789],[3.52985,6.44969]]]}},{"type":"Feature","properties":{"minutes":19.42,"people":131,"clinic_min":23.07,"school_min":15.76,"k_clinic":5,"k_school":5,"within_15":0,"off_street":0,"ward":"Ajiran\u2013Osapa","lga":"Eti Osa","place":"Twin Lake Estate","place_m":555},"geometry":{"type":"Polygon","coordinates":[[[3.53298,6.44969],[3.53141,6.4506],[3.52985,6.44969],[3.52984,6.44789],[3.53141,6.44698],[3.53298,6.44788],[3.53298,6.44969]]]}},{"type":"Feature","properties":{"minutes":23.25,"people":84,"clinic_min":26.8,"school_min":19.7,"k_clinic":5,"k_school":5,"within_15":0,"off_street":0,"ward":"Ajiran\u2013Osapa","lga":"Eti Osa","place":"Twin Lake Estate","place_m":414},"geometry":{"type":"Polygon","coordinates":[[[3.53611,6.44969],[3.53455,6.45059],[3.53298,6.44969],[3.53298,6.44788],[3.53454,6.44698],[3.53611,6.44788],[3.53611,6.44969]]]}},{"type":"Feature","properties":{"minutes":24.76,"people":311,"clinic_min":28.19,"school_min":21.34,"k_clinic":5,"k_school":5,"within_15":0,"off_street":0,"ward":"Ajiran\u2013Osapa","lga":"Eti Osa","place":"Twin Lake Estate","place_m":525},"geometry":{"type":"Polygon","coordinates":[[[3.53924,6.44969],[3.53768,6.45059],[3.53611,6.44969],[3.53611,6.44788],[3.53767,6.44697],[3.53924,6.44788],[3.53924,6.44969]]]}},{"type":"Feature","properties":{"minutes":23.04,"people":457,"clinic_min":25.91,"school_min":20.17,"k_clinic":5,"k_school":5,"within_15":0,"off_street":0,"ward":"Ajiran\u2013Osapa","lga":"Eti Osa","place":"Bado","place_m":427},"geometry":{"type":"Polygon","coordinates":[[[3.54238,6.44968],[3.54081,6.45059],[3.53924,6.44969],[3.53924,6.44788],[3.54081,6.44697],[3.54237,6.44787],[3.54238,6.44968]]]}},{"type":"Feature","properties":{"minutes":15.65,"people":313,"clinic_min":17.29,"school_min":14.01,"k_clinic":5,"k_school":5,"within_15":0,"off_street":0,"ward":"Ajiran\u2013Osapa","lga":"Eti Osa","place":"Bado","place_m":165},"geometry":{"type":"Polygon","coordinates":[[[3.54551,6.44968],[3.54394,6.45058],[3.54238,6.44968],[3.54237,6.44787],[3.54394,6.44697],[3.54551,6.44787],[3.54551,6.44968]]]}},{"type":"Feature","properties":{"minutes":10.24,"people":597,"clinic_min":12.11,"school_min":8.38,"k_clinic":5,"k_school":5,"within_15":1,"off_street":0,"ward":"Ajiran\u2013Osapa","lga":"Eti Osa","place":"Ikota Bridge","place_m":178},"geometry":{"type":"Polygon","coordinates":[[[3.54864,6.44968],[3.54708,6.45058],[3.54551,6.44968],[3.54551,6.44787],[3.54707,6.44696],[3.54864,6.44787],[3.54864,6.44968]]]}},{"type":"Feature","properties":{"minutes":9.82,"people":1118,"clinic_min":11.25,"school_min":8.39,"k_clinic":5,"k_school":5,"within_15":1,"off_street":0,"ward":"Igbo-Efon\u2013Maiyegun","lga":"Eti Osa","place":"Ikota Bridge","place_m":205},"geometry":{"type":"Polygon","coordinates":[[[3.55177,6.44967],[3.55021,6.45058],[3.54864,6.44968],[3.54864,6.44787],[3.5502,6.44696],[3.55177,6.44786],[3.55177,6.44967]]]}},{"type":"Feature","properties":{"minutes":9.33,"people":1053,"clinic_min":10.29,"school_min":8.36,"k_clinic":5,"k_school":5,"within_15":1,"off_street":0,"ward":"Igbo-Efon\u2013Maiyegun","lga":"Eti Osa","place":"Mega Chicken Settlement","place_m":220},"geometry":{"type":"Polygon","coordinates":[[[3.55491,6.44967],[3.55334,6.45057],[3.55177,6.44967],[3.55177,6.44786],[3.55334,6.44696],[3.5549,6.44786],[3.55491,6.44967]]]}},{"type":"Feature","properties":{"minutes":13.48,"people":1451,"clinic_min":13.96,"school_min":12.99,"k_clinic":5,"k_school":5,"within_15":1,"off_street":0,"ward":"Igbo-Efon\u2013Maiyegun","lga":"Eti Osa","place":"Mega Chicken Settlement","place_m":187},"geometry":{"type":"Polygon","coordinates":[[[3.55804,6.44966],[3.55647,6.45057],[3.55491,6.44967],[3.5549,6.44786],[3.55647,6.44695],[3.55804,6.44786],[3.55804,6.44966]]]}},{"type":"Feature","properties":{"minutes":16.02,"people":532,"clinic_min":17.74,"school_min":14.29,"k_clinic":5,"k_school":5,"within_15":0,"off_street":0,"ward":"Igbo-Efon\u2013Maiyegun","lga":"Eti Osa","place":"Gbolagas","place_m":447},"geometry":{"type":"Polygon","coordinates":[[[3.56117,6.44966],[3.55961,6.45057],[3.55804,6.44966],[3.55804,6.44786],[3.5596,6.44695],[3.56117,6.44785],[3.56117,6.44966]]]}},{"type":"Feature","properties":{"minutes":15.47,"people":2094,"clinic_min":20.71,"school_min":10.23,"k_clinic":5,"k_school":5,"within_15":0,"off_street":0,"ward":"Igbo-Efon\u2013Maiyegun","lga":"Eti Osa","place":"Obalemisoro","place_m":303},"geometry":{"type":"Polygon","coordinates":[[[3.5643,6.44966],[3.56274,6.45056],[3.56117,6.44966],[3.56117,6.44785],[3.56274,6.44695],[3.5643,6.44785],[3.5643,6.44966]]]}},{"type":"Feature","properties":{"minutes":17.38,"people":1768,"clinic_min":24.26,"school_min":10.5,"k_clinic":5,"k_school":5,"within_15":0,"off_street":0,"ward":"Ajah","lga":"Eti Osa","place":"Ikota Village Ajah","place_m":57},"geometry":{"type":"Polygon","coordinates":[[[3.56744,6.44965],[3.56587,6.45056],[3.5643,6.44966],[3.5643,6.44785],[3.56587,6.44694],[3.56744,6.44785],[3.56744,6.44965]]]}},{"type":"Feature","properties":{"minutes":18.11,"people":1852,"clinic_min":26.22,"school_min":10.01,"k_clinic":5,"k_school":5,"within_15":0,"off_street":0,"ward":"Ajah","lga":"Eti Osa","place":"Ikota Village Ajah","place_m":339},"geometry":{"type":"Polygon","coordinates":[[[3.57057,6.44965],[3.569,6.45056],[3.56744,6.44965],[3.56744,6.44785],[3.569,6.44694],[3.57057,6.44784],[3.57057,6.44965]]]}},{"type":"Feature","properties":{"minutes":22.21,"people":1676,"clinic_min":29.71,"school_min":14.72,"k_clinic":5,"k_school":5,"within_15":0,"off_street":0,"ward":"Ajah","lga":"Eti Osa","place":"Moba","place_m":498},"geometry":{"type":"Polygon","coordinates":[[[3.5737,6.44965],[3.57214,6.45055],[3.57057,6.44965],[3.57057,6.44784],[3.57213,6.44694],[3.5737,6.44784],[3.5737,6.44965]]]}},{"type":"Feature","properties":{"minutes":22.13,"people":528,"clinic_min":29.21,"school_min":15.06,"k_clinic":5,"k_school":5,"within_15":0,"off_street":0,"ward":"Ajah","lga":"Eti Osa","place":"Moba","place_m":702},"geometry":{"type":"Polygon","coordinates":[[[3.57683,6.44964],[3.57527,6.45055],[3.5737,6.44965],[3.5737,6.44784],[3.57527,6.44693],[3.57683,6.44783],[3.57683,6.44964]]]}},{"type":"Feature","properties":{"minutes":23.33,"people":490,"clinic_min":28.18,"school_min":18.49,"k_clinic":5,"k_school":5,"within_15":0,"off_street":0,"ward":"Ajah","lga":"Eti Osa","place":"Moba","place_m":990},"geometry":{"type":"Polygon","coordinates":[[[3.57997,6.44964],[3.5784,6.45055],[3.57683,6.44964],[3.57683,6.44783],[3.5784,6.44693],[3.57997,6.44783],[3.57997,6.44964]]]}},{"type":"Feature","properties":{"minutes":28.33,"people":278,"clinic_min":29.96,"school_min":26.7,"k_clinic":5,"k_school":5,"within_15":0,"off_street":0,"ward":"Okun Ajah\u2013Okunmopo","lga":"Eti Osa","place":"Moba","place_m":1306},"geometry":{"type":"Polygon","coordinates":[[[3.5831,6.44964],[3.58153,6.45054],[3.57997,6.44964],[3.57997,6.44783],[3.58153,6.44692],[3.5831,6.44783],[3.5831,6.44964]]]}},{"type":"Feature","properties":{"minutes":24.53,"people":29,"clinic_min":25.82,"school_min":23.25,"k_clinic":5,"k_school":5,"within_15":0,"off_street":0,"ward":"Okun Ajah\u2013Okunmopo","lga":"Eti Osa","place":"Peninsula II","place_m":1283},"geometry":{"type":"Polygon","coordinates":[[[3.58623,6.44963],[3.58467,6.45054],[3.5831,6.44964],[3.5831,6.44783],[3.58466,6.44692],[3.58623,6.44782],[3.58623,6.44963]]]}},{"type":"Feature","properties":{"minutes":25.84,"people":384,"clinic_min":27.36,"school_min":24.31,"k_clinic":5,"k_school":5,"within_15":0,"off_street":0,"ward":"Okun Ajah\u2013Okunmopo","lga":"Eti Osa","place":"Peninsula II","place_m":1229},"geometry":{"type":"Polygon","coordinates":[[[3.58937,6.44963],[3.5878,6.45054],[3.58623,6.44963],[3.58623,6.44782],[3.5878,6.44692],[3.58936,6.44782],[3.58937,6.44963]]]}},{"type":"Feature","properties":{"minutes":31.85,"people":94,"clinic_min":33.23,"school_min":30.48,"k_clinic":5,"k_school":5,"within_15":0,"off_street":0,"ward":"Okun Ajah\u2013Okunmopo","lga":"Eti Osa","place":"Peninsula II","place_m":1271},"geometry":{"type":"Polygon","coordinates":[[[3.5925,6.44963],[3.59093,6.45053],[3.58937,6.44963],[3.58936,6.44782],[3.59093,6.44691],[3.5925,6.44782],[3.5925,6.44963]]]}},{"type":"Feature","properties":{"minutes":34.66,"people":20,"clinic_min":35.86,"school_min":33.46,"k_clinic":5,"k_school":5,"within_15":0,"off_street":0,"ward":"Okun Ajah\u2013Okunmopo","lga":"Eti Osa","place":"Lake Garden Phase 4","place_m":1337},"geometry":{"type":"Polygon","coordinates":[[[3.59563,6.44962],[3.59407,6.45053],[3.5925,6.44963],[3.5925,6.44782],[3.59406,6.44691],[3.59563,6.44781],[3.59563,6.44962]]]}},{"type":"Feature","properties":{"minutes":22.38,"people":274,"clinic_min":27.82,"school_min":16.94,"k_clinic":5,"k_school":5,"within_15":0,"off_street":0,"ward":"Okun Ajah\u2013Okunmopo","lga":"Eti Osa","place":"Ogombo Ajah","place_m":851},"geometry":{"type":"Polygon","coordinates":[[[3.6019,6.44961],[3.60033,6.45052],[3.59876,6.44962],[3.59876,6.44781],[3.60033,6.4469],[3.60189,6.44781],[3.6019,6.44961]]]}},{"type":"Feature","properties":{"minutes":21.1,"people":430,"clinic_min":27.88,"school_min":14.33,"k_clinic":5,"k_school":5,"within_15":0,"off_street":0,"ward":"Okun Ajah\u2013Okunmopo","lga":"Eti Osa","place":"Ogombo Ajah","place_m":569},"geometry":{"type":"Polygon","coordinates":[[[3.60503,6.44961],[3.60346,6.45052],[3.6019,6.44961],[3.60189,6.44781],[3.60346,6.4469],[3.60503,6.4478],[3.60503,6.44961]]]}},{"type":"Feature","properties":{"minutes":15.89,"people":672,"clinic_min":22.68,"school_min":9.11,"k_clinic":5,"k_school":5,"within_15":0,"off_street":0,"ward":"Okun Ajah\u2013Okunmopo","lga":"Eti Osa","place":"Ogombo Ajah","place_m":403},"geometry":{"type":"Polygon","coordinates":[[[3.60816,6.44961],[3.6066,6.45051],[3.60503,6.44961],[3.60503,6.4478],[3.60659,6.4469],[3.60816,6.4478],[3.60816,6.44961]]]}},{"type":"Feature","properties":{"minutes":15.73,"people":813,"clinic_min":23.3,"school_min":8.15,"k_clinic":5,"k_school":5,"within_15":0,"off_street":0,"ward":"Okun Ajah\u2013Okunmopo","lga":"Eti Osa","place":"Ogombo Ajah","place_m":491},"geometry":{"type":"Polygon","coordinates":[[[3.61129,6.4496],[3.60973,6.45051],[3.60816,6.44961],[3.60816,6.4478],[3.60972,6.44689],[3.61129,6.44779],[3.61129,6.4496]]]}},{"type":"Feature","properties":{"minutes":12.67,"people":1402,"clinic_min":20.28,"school_min":5.06,"k_clinic":5,"k_school":5,"within_15":1,"off_street":0,"ward":"Okun Ajah\u2013Okunmopo","lga":"Eti Osa","place":"Ogombo Ajah","place_m":749},"geometry":{"type":"Polygon","coordinates":[[[3.61443,6.4496],[3.61286,6.45051],[3.61129,6.4496],[3.61129,6.44779],[3.61286,6.44689],[3.61442,6.44779],[3.61443,6.4496]]]}},{"type":"Feature","properties":{"minutes":14.58,"people":841,"clinic_min":22.85,"school_min":6.32,"k_clinic":5,"k_school":5,"within_15":1,"off_street":0,"ward":"Okun Ajah\u2013Okunmopo","lga":"Eti Osa","place":"Peaceland Estate","place_m":786},"geometry":{"type":"Polygon","coordinates":[[[3.61756,6.4496],[3.61599,6.4505],[3.61443,6.4496],[3.61442,6.44779],[3.61599,6.44688],[3.61756,6.44779],[3.61756,6.4496]]]}},{"type":"Feature","properties":{"minutes":25.5,"people":137,"clinic_min":31.84,"school_min":19.17,"k_clinic":5,"k_school":5,"within_15":0,"off_street":0,"ward":"Okun Ajah\u2013Okunmopo","lga":"Eti Osa","place":"Peaceland Estate","place_m":877},"geometry":{"type":"Polygon","coordinates":[[[3.62069,6.44959],[3.61913,6.4505],[3.61756,6.4496],[3.61756,6.44779],[3.61912,6.44688],[3.62069,6.44778],[3.62069,6.44959]]]}},{"type":"Feature","properties":{"minutes":28.31,"people":30,"clinic_min":33.76,"school_min":22.86,"k_clinic":5,"k_school":5,"within_15":0,"off_street":0,"ward":"Okun Ajah\u2013Okunmopo","lga":"Eti Osa","place":"Peaceland Estate","place_m":1077},"geometry":{"type":"Polygon","coordinates":[[[3.62382,6.44959],[3.62226,6.4505],[3.62069,6.44959],[3.62069,6.44778],[3.62225,6.44688],[3.62382,6.44778],[3.62382,6.44959]]]}},{"type":"Feature","properties":{"minutes":61.21,"people":25,"clinic_min":72.34,"school_min":50.09,"k_clinic":5,"k_school":5,"within_15":0,"off_street":0,"ward":"Okun Ajah\u2013Okunmopo","lga":"Eti Osa","place":"Ogumbo","place_m":945},"geometry":{"type":"Polygon","coordinates":[[[3.62696,6.44958],[3.62539,6.45049],[3.62382,6.44959],[3.62382,6.44778],[3.62539,6.44687],[3.62695,6.44778],[3.62696,6.44958]]]}},{"type":"Feature","properties":{"minutes":63.19,"people":60,"clinic_min":74.31,"school_min":52.06,"k_clinic":5,"k_school":5,"within_15":0,"off_street":0,"ward":"Okun Ajah\u2013Okunmopo","lga":"Eti Osa","place":"Ogumbo","place_m":910},"geometry":{"type":"Polygon","coordinates":[[[3.63009,6.44958],[3.62852,6.45049],[3.62696,6.44958],[3.62695,6.44778],[3.62852,6.44687],[3.63009,6.44777],[3.63009,6.44958]]]}},{"type":"Feature","properties":{"minutes":34.86,"people":55,"clinic_min":39.52,"school_min":30.21,"k_clinic":5,"k_school":5,"within_15":0,"off_street":0,"ward":"Okun Ajah\u2013Okunmopo","lga":"Eti Osa","place":"Ogumbo","place_m":1001},"geometry":{"type":"Polygon","coordinates":[[[3.63322,6.44958],[3.63166,6.45048],[3.63009,6.44958],[3.63009,6.44777],[3.63165,6.44687],[3.63322,6.44777],[3.63322,6.44958]]]}},{"type":"Feature","properties":{"minutes":37.85,"people":314,"clinic_min":45.61,"school_min":30.08,"k_clinic":5,"k_school":5,"within_15":0,"off_street":0,"ward":"Okun Ajah\u2013Okunmopo","lga":"Eti Osa","place":"Ogumbo","place_m":1189},"geometry":{"type":"Polygon","coordinates":[[[3.63635,6.44957],[3.63479,6.45048],[3.63322,6.44958],[3.63322,6.44777],[3.63479,6.44686],[3.63635,6.44776],[3.63635,6.44957]]]}},{"type":"Feature","properties":{"minutes":37.05,"people":167,"clinic_min":46.98,"school_min":27.13,"k_clinic":5,"k_school":5,"within_15":0,"off_street":0,"ward":"Okun Ajah\u2013Okunmopo","lga":"Eti Osa","place":"Monasry","place_m":1132},"geometry":{"type":"Polygon","coordinates":[[[3.63949,6.44957],[3.63792,6.45048],[3.63635,6.44957],[3.63635,6.44776],[3.63792,6.44686],[3.63949,6.44776],[3.63949,6.44957]]]}},{"type":"Feature","properties":{"minutes":35.24,"people":149,"clinic_min":46.35,"school_min":24.13,"k_clinic":5,"k_school":5,"within_15":0,"off_street":0,"ward":"Okun Ajah\u2013Okunmopo","lga":"Eti Osa","place":"Monasry","place_m":1081},"geometry":{"type":"Polygon","coordinates":[[[3.64262,6.44957],[3.64105,6.45047],[3.63949,6.44957],[3.63949,6.44776],[3.64105,6.44685],[3.64262,6.44776],[3.64262,6.44957]]]}},{"type":"Feature","properties":{"minutes":40.1,"people":115,"clinic_min":51.22,"school_min":28.97,"k_clinic":5,"k_school":5,"within_15":0,"off_street":0,"ward":"Okun Ajah\u2013Okunmopo","lga":"Eti Osa","place":"Monasry","place_m":1138},"geometry":{"type":"Polygon","coordinates":[[[3.64575,6.44956],[3.64419,6.45047],[3.64262,6.44957],[3.64262,6.44776],[3.64418,6.44685],[3.64575,6.44775],[3.64575,6.44956]]]}},{"type":"Feature","properties":{"minutes":9.62,"people":1069,"clinic_min":9.3,"school_min":9.94,"k_clinic":5,"k_school":5,"within_15":1,"off_street":0,"ward":"Oduduwa","lga":"Apapa","place":"Apapa","place_m":456},"geometry":{"type":"Polygon","coordinates":[[[3.35598,6.45256],[3.35442,6.45347],[3.35285,6.45256],[3.35285,6.45075],[3.35441,6.44985],[3.35598,6.45075],[3.35598,6.45256]]]}},{"type":"Feature","properties":{"minutes":11.33,"people":815,"clinic_min":12.23,"school_min":10.43,"k_clinic":5,"k_school":5,"within_15":1,"off_street":0,"ward":"Apapa","lga":"Apapa","place":"Apapa","place_m":411},"geometry":{"type":"Polygon","coordinates":[[[3.35911,6.45256],[3.35755,6.45346],[3.35598,6.45256],[3.35598,6.45075],[3.35755,6.44984],[3.35911,6.45075],[3.35911,6.45256]]]}},{"type":"Feature","properties":{"minutes":16.31,"people":684,"clinic_min":19.78,"school_min":12.83,"k_clinic":5,"k_school":5,"within_15":0,"off_street":0,"ward":"Apapa","lga":"Apapa","place":"Apapa","place_m":350},"geometry":{"type":"Polygon","coordinates":[[[3.36225,6.45256],[3.36068,6.45346],[3.35911,6.45256],[3.35911,6.45075],[3.36068,6.44984],[3.36225,6.45075],[3.36225,6.45256]]]}},{"type":"Feature","properties":{"minutes":12.19,"people":669,"clinic_min":16.07,"school_min":8.31,"k_clinic":5,"k_school":5,"within_15":1,"off_street":0,"ward":"Apapa","lga":"Apapa","place":"Wharf","place_m":315},"geometry":{"type":"Polygon","coordinates":[[[3.36538,6.45255],[3.36381,6.45346],[3.36225,6.45256],[3.36225,6.45075],[3.36381,6.44984],[3.36538,6.45074],[3.36538,6.45255]]]}},{"type":"Feature","properties":{"minutes":11.69,"people":969,"clinic_min":12.07,"school_min":11.31,"k_clinic":5,"k_school":5,"within_15":1,"off_street":0,"ward":"Anjorin","lga":"Apapa","place":"Wharf","place_m":60},"geometry":{"type":"Polygon","coordinates":[[[3.36851,6.45255],[3.36695,6.45346],[3.36538,6.45255],[3.36538,6.45074],[3.36694,6.44984],[3.36851,6.45074],[3.36851,6.45255]]]}},{"type":"Feature","properties":{"minutes":21.17,"people":356,"clinic_min":19.27,"school_min":23.08,"k_clinic":5,"k_school":5,"within_15":0,"off_street":0,"ward":"Anjorin","lga":"Apapa","place":"Wharf","place_m":384},"geometry":{"type":"Polygon","coordinates":[[[3.37165,6.45255],[3.37008,6.45345],[3.36851,6.45255],[3.36851,6.45074],[3.37008,6.44984],[3.37164,6.45074],[3.37165,6.45255]]]}},{"type":"Feature","properties":{"minutes":24.58,"people":211,"clinic_min":22.68,"school_min":26.49,"k_clinic":5,"k_school":5,"within_15":0,"off_street":0,"ward":"Marine Beach","lga":"Apapa","place":"Wharf","place_m":729},"geometry":{"type":"Polygon","coordinates":[[[3.37478,6.45255],[3.37321,6.45345],[3.37165,6.45255],[3.37164,6.45074],[3.37321,6.44983],[3.37478,6.45074],[3.37478,6.45255]]]}},{"type":"Feature","properties":{"minutes":8.63,"people":124,"clinic_min":9.43,"school_min":7.83,"k_clinic":5,"k_school":5,"within_15":1,"off_street":0,"ward":"Oluwole","lga":"Lagos Island","place":"Kakawa","place_m":432},"geometry":{"type":"Polygon","coordinates":[[[3.38731,6.45254],[3.38574,6.45344],[3.38418,6.45254],[3.38418,6.45073],[3.38574,6.44982],[3.38731,6.45073],[3.38731,6.45254]]]}},{"type":"Feature","properties":{"minutes":5.06,"people":452,"clinic_min":4.83,"school_min":5.28,"k_clinic":5,"k_school":5,"within_15":1,"off_street":0,"ward":"Olosun\u2013Ojo Oto","lga":"Lagos Island","place":"Kakawa","place_m":206},"geometry":{"type":"Polygon","coordinates":[[[3.39044,6.45253],[3.38888,6.45344],[3.38731,6.45254],[3.38731,6.45073],[3.38887,6.44982],[3.39044,6.45073],[3.39044,6.45253]]]}},{"type":"Feature","properties":{"minutes":2.85,"people":638,"clinic_min":3.29,"school_min":2.41,"k_clinic":5,"k_school":5,"within_15":1,"off_street":0,"ward":"Ajele","lga":"Lagos Island","place":"Polo Aguda","place_m":166},"geometry":{"type":"Polygon","coordinates":[[[3.39358,6.45253],[3.39201,6.45344],[3.39044,6.45253],[3.39044,6.45073],[3.39201,6.44982],[3.39357,6.45072],[3.39358,6.45253]]]}},{"type":"Feature","properties":{"minutes":2.81,"people":767,"clinic_min":4.03,"school_min":1.59,"k_clinic":5,"k_school":5,"within_15":1,"off_street":0,"ward":"Ajele","lga":"Lagos Island","place":"Ajele","place_m":181},"geometry":{"type":"Polygon","coordinates":[[[3.39671,6.45253],[3.39514,6.45344],[3.39358,6.45253],[3.39357,6.45072],[3.39514,6.44982],[3.39671,6.45072],[3.39671,6.45253]]]}},{"type":"Feature","properties":{"minutes":1.76,"people":1557,"clinic_min":1.55,"school_min":1.98,"k_clinic":5,"k_school":5,"within_15":1,"off_street":0,"ward":"Epetedo West","lga":"Lagos Island","place":"Ajele","place_m":174},"geometry":{"type":"Polygon","coordinates":[[[3.39984,6.45253],[3.39827,6.45343],[3.39671,6.45253],[3.39671,6.45072],[3.39827,6.44981],[3.39984,6.45072],[3.39984,6.45253]]]}},{"type":"Feature","properties":{"minutes":3.2,"people":1185,"clinic_min":3.34,"school_min":3.05,"k_clinic":5,"k_school":5,"within_15":1,"off_street":0,"ward":"Epetedo East","lga":"Lagos Island","place":"Lafiaji","place_m":85},"geometry":{"type":"Polygon","coordinates":[[[3.40297,6.45252],[3.40141,6.45343],[3.39984,6.45253],[3.39984,6.45072],[3.4014,6.44981],[3.40297,6.45072],[3.40297,6.45252]]]}},{"type":"Feature","properties":{"minutes":2.59,"people":1394,"clinic_min":3.67,"school_min":1.52,"k_clinic":5,"k_school":5,"within_15":1,"off_street":0,"ward":"Lafiaji","lga":"Lagos Island","place":"Lafiaji","place_m":303},"geometry":{"type":"Polygon","coordinates":[[[3.40611,6.45252],[3.40454,6.45343],[3.40297,6.45252],[3.40297,6.45072],[3.40454,6.44981],[3.4061,6.45071],[3.40611,6.45252]]]}},{"type":"Feature","properties":{"minutes":5.29,"people":1530,"clinic_min":6.38,"school_min":4.19,"k_clinic":5,"k_school":5,"within_15":1,"off_street":0,"ward":"Lafiaji","lga":"Lagos Island","place":"Ologun Agbaje Victoria Island","place_m":249},"geometry":{"type":"Polygon","coordinates":[[[3.40924,6.45252],[3.40767,6.45343],[3.40611,6.45252],[3.4061,6.45071],[3.40767,6.44981],[3.40924,6.45071],[3.40924,6.45252]]]}},{"type":"Feature","properties":{"minutes":7.89,"people":474,"clinic_min":7.89,"school_min":7.9,"k_clinic":5,"k_school":5,"within_15":1,"off_street":0,"ward":"Ijeh\u2013Dolphin Estate","lga":"Eti Osa","place":"Ologun Agbaje Victoria Island","place_m":496},"geometry":{"type":"Polygon","coordinates":[[[3.41237,6.45252],[3.41081,6.45342],[3.40924,6.45252],[3.40924,6.45071],[3.4108,6.4498],[3.41237,6.45071],[3.41237,6.45252]]]}},{"type":"Feature","properties":{"minutes":10.05,"people":600,"clinic_min":9.66,"school_min":10.45,"k_clinic":5,"k_school":5,"within_15":1,"off_street":0,"ward":"Obalende","lga":"Eti Osa","place":"Keffi Obalende","place_m":380},"geometry":{"type":"Polygon","coordinates":[[[3.4155,6.45251],[3.41394,6.45342],[3.41237,6.45252],[3.41237,6.45071],[3.41394,6.4498],[3.4155,6.45071],[3.4155,6.45251]]]}},{"type":"Feature","properties":{"minutes":8.02,"people":766,"clinic_min":8.5,"school_min":7.55,"k_clinic":5,"k_school":5,"within_15":1,"off_street":0,"ward":"Ikoyi 2","lga":"Eti Osa","place":"Keffi Obalende","place_m":428},"geometry":{"type":"Polygon","coordinates":[[[3.41864,6.45251],[3.41707,6.45342],[3.4155,6.45251],[3.4155,6.45071],[3.41707,6.4498],[3.41864,6.4507],[3.41864,6.45251]]]}},{"type":"Feature","properties":{"minutes":11.21,"people":233,"clinic_min":12.96,"school_min":9.46,"k_clinic":5,"k_school":5,"within_15":1,"off_street":0,"ward":"Ikoyi 2","lga":"Eti Osa","place":"Keffi Obalende","place_m":680},"geometry":{"type":"Polygon","coordinates":[[[3.42177,6.45251],[3.4202,6.45342],[3.41864,6.45251],[3.41864,6.4507],[3.4202,6.4498],[3.42177,6.4507],[3.42177,6.45251]]]}},{"type":"Feature","properties":{"minutes":14.07,"people":860,"clinic_min":16.86,"school_min":11.28,"k_clinic":5,"k_school":5,"within_15":1,"off_street":0,"ward":"Ikoyi 2","lga":"Eti Osa","place":"Ikoyi","place_m":573},"geometry":{"type":"Polygon","coordinates":[[[3.4249,6.45251],[3.42334,6.45341],[3.42177,6.45251],[3.42177,6.4507],[3.42333,6.44979],[3.4249,6.4507],[3.4249,6.45251]]]}},{"type":"Feature","properties":{"minutes":15.73,"people":604,"clinic_min":20.18,"school_min":11.29,"k_clinic":5,"k_school":5,"within_15":0,"off_street":0,"ward":"Ikoyi 2","lga":"Eti Osa","place":"Ikoyi","place_m":227},"geometry":{"type":"Polygon","coordinates":[[[3.42804,6.4525],[3.42647,6.45341],[3.4249,6.45251],[3.4249,6.4507],[3.42647,6.44979],[3.42803,6.4507],[3.42804,6.4525]]]}},{"type":"Feature","properties":{"minutes":14.78,"people":277,"clinic_min":19.97,"school_min":9.6,"k_clinic":5,"k_school":5,"within_15":1,"off_street":0,"ward":"Ikoyi 2","lga":"Eti Osa","place":"Ikoyi","place_m":122},"geometry":{"type":"Polygon","coordinates":[[[3.43117,6.4525],[3.4296,6.45341],[3.42804,6.4525],[3.42803,6.4507],[3.4296,6.44979],[3.43117,6.45069],[3.43117,6.4525]]]}},{"type":"Feature","properties":{"minutes":16.51,"people":366,"clinic_min":22.36,"school_min":10.66,"k_clinic":5,"k_school":5,"within_15":0,"off_street":0,"ward":"Falomo\u2013Oyinkan Abayomi","lga":"Eti Osa","place":"Falomo","place_m":188},"geometry":{"type":"Polygon","coordinates":[[[3.4343,6.4525],[3.43274,6.4534],[3.43117,6.4525],[3.43117,6.45069],[3.43273,6.44979],[3.4343,6.45069],[3.4343,6.4525]]]}},{"type":"Feature","properties":{"minutes":20.02,"people":693,"clinic_min":27.32,"school_min":12.71,"k_clinic":5,"k_school":5,"within_15":0,"off_street":0,"ward":"Falomo\u2013Oyinkan Abayomi","lga":"Eti Osa","place":"Falomo","place_m":331},"geometry":{"type":"Polygon","coordinates":[[[3.43743,6.4525],[3.43587,6.4534],[3.4343,6.4525],[3.4343,6.45069],[3.43586,6.44978],[3.43743,6.45069],[3.43743,6.4525]]]}},{"type":"Feature","properties":{"minutes":20.43,"people":1099,"clinic_min":27.85,"school_min":13.0,"k_clinic":5,"k_school":5,"within_15":0,"off_street":0,"ward":"Falomo\u2013Oyinkan Abayomi","lga":"Eti Osa","place":"Park View Estate","place_m":536},"geometry":{"type":"Polygon","coordinates":[[[3.44057,6.45249],[3.439,6.4534],[3.43743,6.4525],[3.43743,6.45069],[3.439,6.44978],[3.44056,6.45068],[3.44057,6.45249]]]}},{"type":"Feature","properties":{"minutes":22.48,"people":666,"clinic_min":29.99,"school_min":14.98,"k_clinic":5,"k_school":5,"within_15":0,"off_street":0,"ward":"Falomo\u2013Oyinkan Abayomi","lga":"Eti Osa","place":"Park View Estate","place_m":488},"geometry":{"type":"Polygon","coordinates":[[[3.4437,6.45249],[3.44213,6.4534],[3.44057,6.45249],[3.44056,6.45068],[3.44213,6.44978],[3.4437,6.45068],[3.4437,6.45249]]]}},{"type":"Feature","properties":{"minutes":23.32,"people":1127,"clinic_min":30.36,"school_min":16.28,"k_clinic":5,"k_school":5,"within_15":0,"off_street":0,"ward":"Ikoyi 1","lga":"Eti Osa","place":"Onikoyi","place_m":439},"geometry":{"type":"Polygon","coordinates":[[[3.44683,6.45249],[3.44527,6.45339],[3.4437,6.45249],[3.4437,6.45068],[3.44526,6.44978],[3.44683,6.45068],[3.44683,6.45249]]]}},{"type":"Feature","properties":{"minutes":25.23,"people":1005,"clinic_min":30.78,"school_min":19.69,"k_clinic":5,"k_school":5,"within_15":0,"off_street":0,"ward":"Ikoyi 1","lga":"Eti Osa","place":"Onikoyi","place_m":359},"geometry":{"type":"Polygon","coordinates":[[[3.44996,6.45249],[3.4484,6.45339],[3.44683,6.45249],[3.44683,6.45068],[3.4484,6.44977],[3.44996,6.45068],[3.44996,6.45249]]]}},{"type":"Feature","properties":{"minutes":27.64,"people":106,"clinic_min":33.78,"school_min":21.5,"k_clinic":5,"k_school":5,"within_15":0,"off_street":0,"ward":"1004\u2013Aboyade","lga":"Eti Osa","place":"Onikoyi","place_m":552},"geometry":{"type":"Polygon","coordinates":[[[3.4531,6.45248],[3.45153,6.45339],[3.44996,6.45249],[3.44996,6.45068],[3.45153,6.44977],[3.4531,6.45067],[3.4531,6.45248]]]}},{"type":"Feature","properties":{"minutes":66.88,"people":296,"clinic_min":74.97,"school_min":58.79,"k_clinic":5,"k_school":5,"within_15":0,"off_street":0,"ward":"1004\u2013Aboyade","lga":"Eti Osa","place":"Maroko","place_m":793},"geometry":{"type":"Polygon","coordinates":[[[3.45936,6.45248],[3.4578,6.45338],[3.45623,6.45248],[3.45623,6.45067],[3.45779,6.44976],[3.45936,6.45067],[3.45936,6.45248]]]}},{"type":"Feature","properties":{"minutes":63.67,"people":671,"clinic_min":71.76,"school_min":55.58,"k_clinic":5,"k_school":5,"within_15":0,"off_street":0,"ward":"Ikoyi 1","lga":"Eti Osa","place":"Maroko","place_m":632},"geometry":{"type":"Polygon","coordinates":[[[3.4625,6.45247],[3.46093,6.45338],[3.45936,6.45248],[3.45936,6.45067],[3.46093,6.44976],[3.46249,6.45067],[3.4625,6.45247]]]}},{"type":"Feature","properties":{"minutes":10.61,"people":860,"clinic_min":13.9,"school_min":7.32,"k_clinic":5,"k_school":5,"within_15":1,"off_street":0,"ward":"Ikate\u2013Lekki","lga":"Eti Osa","place":"Sakiru Anjorin Lake Phase 1","place_m":306},"geometry":{"type":"Polygon","coordinates":[[[3.47189,6.45247],[3.47033,6.45337],[3.46876,6.45247],[3.46876,6.45066],[3.47032,6.44975],[3.47189,6.45066],[3.47189,6.45247]]]}},{"type":"Feature","properties":{"minutes":11.77,"people":1427,"clinic_min":13.52,"school_min":10.01,"k_clinic":5,"k_school":5,"within_15":1,"off_street":0,"ward":"Ikate\u2013Lekki","lga":"Eti Osa","place":"Sakiru Anjorin Lake Phase 1","place_m":59},"geometry":{"type":"Polygon","coordinates":[[[3.47503,6.45246],[3.47346,6.45337],[3.47189,6.45247],[3.47189,6.45066],[3.47346,6.44975],[3.47502,6.45065],[3.47503,6.45246]]]}},{"type":"Feature","properties":{"minutes":11.59,"people":1410,"clinic_min":11.94,"school_min":11.25,"k_clinic":5,"k_school":5,"within_15":1,"off_street":0,"ward":"Ikate\u2013Lekki","lga":"Eti Osa","place":"Sakiru Anjorin Lake Phase 1","place_m":392},"geometry":{"type":"Polygon","coordinates":[[[3.47816,6.45246],[3.47659,6.45337],[3.47503,6.45246],[3.47502,6.45065],[3.47659,6.44975],[3.47816,6.45065],[3.47816,6.45246]]]}},{"type":"Feature","properties":{"minutes":16.57,"people":1360,"clinic_min":17.57,"school_min":15.57,"k_clinic":5,"k_school":5,"within_15":0,"off_street":0,"ward":"Ikate\u2013Lekki","lga":"Eti Osa","place":"Moba","place_m":140},"geometry":{"type":"Polygon","coordinates":[[[3.48129,6.45246],[3.47973,6.45336],[3.47816,6.45246],[3.47816,6.45065],[3.47972,6.44974],[3.48129,6.45065],[3.48129,6.45246]]]}},{"type":"Feature","properties":{"minutes":19.63,"people":830,"clinic_min":23.75,"school_min":15.51,"k_clinic":5,"k_school":5,"within_15":0,"off_street":0,"ward":"Ikate\u2013Lekki","lga":"Eti Osa","place":"Moba","place_m":231},"geometry":{"type":"Polygon","coordinates":[[[3.48442,6.45245],[3.48286,6.45336],[3.48129,6.45246],[3.48129,6.45065],[3.48286,6.44974],[3.48442,6.45064],[3.48442,6.45245]]]}},{"type":"Feature","properties":{"minutes":18.86,"people":376,"clinic_min":23.69,"school_min":14.03,"k_clinic":5,"k_school":5,"within_15":0,"off_street":0,"ward":"Ikate\u2013Lekki","lga":"Eti Osa","place":"Orange Island","place_m":233},"geometry":{"type":"Polygon","coordinates":[[[3.48756,6.45245],[3.48599,6.45336],[3.48442,6.45245],[3.48442,6.45064],[3.48599,6.44974],[3.48755,6.45064],[3.48756,6.45245]]]}},{"type":"Feature","properties":{"minutes":26.76,"people":318,"clinic_min":31.43,"school_min":22.09,"k_clinic":5,"k_school":5,"within_15":0,"off_street":0,"ward":"Ikate\u2013Lekki","lga":"Eti Osa","place":"Ikateahliapalm Sprung","place_m":524},"geometry":{"type":"Polygon","coordinates":[[[3.49382,6.45244],[3.49226,6.45335],[3.49069,6.45245],[3.49069,6.45064],[3.49225,6.44973],[3.49382,6.45064],[3.49382,6.45244]]]}},{"type":"Feature","properties":{"minutes":31.67,"people":429,"clinic_min":35.79,"school_min":27.56,"k_clinic":5,"k_school":5,"within_15":0,"off_street":0,"ward":"Ikate\u2013Lekki","lga":"Eti Osa","place":"Ikateahliapalm Sprung","place_m":397},"geometry":{"type":"Polygon","coordinates":[[[3.49695,6.45244],[3.49539,6.45335],[3.49382,6.45244],[3.49382,6.45064],[3.49539,6.44973],[3.49695,6.45063],[3.49695,6.45244]]]}},{"type":"Feature","properties":{"minutes":31.27,"people":131,"clinic_min":35.37,"school_min":27.17,"k_clinic":5,"k_school":5,"within_15":0,"off_street":0,"ward":"Ikate\u2013Lekki","lga":"Eti Osa","place":"Ikateahliapalm Sprung","place_m":529},"geometry":{"type":"Polygon","coordinates":[[[3.50009,6.45244],[3.49852,6.45334],[3.49695,6.45244],[3.49695,6.45063],[3.49852,6.44973],[3.50009,6.45063],[3.50009,6.45244]]]}},{"type":"Feature","properties":{"minutes":28.01,"people":199,"clinic_min":27.87,"school_min":28.15,"k_clinic":5,"k_school":5,"within_15":0,"off_street":0,"ward":"Ikate\u2013Lekki","lga":"Eti Osa","place":"Ikateahliapalm Sprung","place_m":801},"geometry":{"type":"Polygon","coordinates":[[[3.50322,6.45244],[3.50165,6.45334],[3.50009,6.45244],[3.50009,6.45063],[3.50165,6.44972],[3.50322,6.45063],[3.50322,6.45244]]]}},{"type":"Feature","properties":{"minutes":27.65,"people":647,"clinic_min":27.83,"school_min":27.47,"k_clinic":5,"k_school":5,"within_15":0,"off_street":0,"ward":"Ikate\u2013Lekki","lga":"Eti Osa","place":"Ajiran Agugin","place_m":1058},"geometry":{"type":"Polygon","coordinates":[[[3.50635,6.45243],[3.50479,6.45334],[3.50322,6.45244],[3.50322,6.45063],[3.50478,6.44972],[3.50635,6.45062],[3.50635,6.45243]]]}},{"type":"Feature","properties":{"minutes":21.64,"people":449,"clinic_min":21.26,"school_min":22.02,"k_clinic":5,"k_school":5,"within_15":0,"off_street":0,"ward":"Ikate\u2013Lekki","lga":"Eti Osa","place":"Ajiran Agugin","place_m":721},"geometry":{"type":"Polygon","coordinates":[[[3.50949,6.45243],[3.50792,6.45334],[3.50635,6.45243],[3.50635,6.45062],[3.50792,6.44972],[3.50948,6.45062],[3.50949,6.45243]]]}},{"type":"Feature","properties":{"minutes":21.61,"people":66,"clinic_min":21.12,"school_min":22.09,"k_clinic":5,"k_school":5,"within_15":0,"off_street":0,"ward":"Ajiran\u2013Osapa","lga":"Eti Osa","place":"Ajiran Agugin","place_m":402},"geometry":{"type":"Polygon","coordinates":[[[3.51262,6.45243],[3.51105,6.45333],[3.50949,6.45243],[3.50948,6.45062],[3.51105,6.44971],[3.51262,6.45062],[3.51262,6.45243]]]}},{"type":"Feature","properties":{"minutes":19.47,"people":513,"clinic_min":19.84,"school_min":19.11,"k_clinic":5,"k_school":5,"within_15":0,"off_street":0,"ward":"Ajiran\u2013Osapa","lga":"Eti Osa","place":"Ajiran Agugin","place_m":205},"geometry":{"type":"Polygon","coordinates":[[[3.51575,6.45242],[3.51419,6.45333],[3.51262,6.45243],[3.51262,6.45062],[3.51418,6.44971],[3.51575,6.45061],[3.51575,6.45242]]]}},{"type":"Feature","properties":{"minutes":17.59,"people":786,"clinic_min":17.95,"school_min":17.22,"k_clinic":5,"k_school":5,"within_15":0,"off_street":0,"ward":"Ajiran\u2013Osapa","lga":"Eti Osa","place":"Ajiran Agugin","place_m":404},"geometry":{"type":"Polygon","coordinates":[[[3.51888,6.45242],[3.51732,6.45333],[3.51575,6.45242],[3.51575,6.45061],[3.51731,6.44971],[3.51888,6.45061],[3.51888,6.45242]]]}},{"type":"Feature","properties":{"minutes":10.52,"people":1106,"clinic_min":10.96,"school_min":10.08,"k_clinic":5,"k_school":5,"within_15":1,"off_street":0,"ward":"Ajiran\u2013Osapa","lga":"Eti Osa","place":"Ojomu","place_m":390},"geometry":{"type":"Polygon","coordinates":[[[3.52202,6.45242],[3.52045,6.45332],[3.51888,6.45242],[3.51888,6.45061],[3.52045,6.4497],[3.52201,6.45061],[3.52202,6.45242]]]}},{"type":"Feature","properties":{"minutes":18.38,"people":1240,"clinic_min":23.79,"school_min":12.96,"k_clinic":5,"k_school":5,"within_15":0,"off_street":0,"ward":"Ajiran\u2013Osapa","lga":"Eti Osa","place":"Ojomu","place_m":508},"geometry":{"type":"Polygon","coordinates":[[[3.52515,6.45241],[3.52358,6.45332],[3.52202,6.45242],[3.52201,6.45061],[3.52358,6.4497],[3.52515,6.4506],[3.52515,6.45241]]]}},{"type":"Feature","properties":{"minutes":17.01,"people":1019,"clinic_min":21.84,"school_min":12.18,"k_clinic":5,"k_school":5,"within_15":0,"off_street":0,"ward":"Ajiran\u2013Osapa","lga":"Eti Osa","place":"Ojomu","place_m":777},"geometry":{"type":"Polygon","coordinates":[[[3.52828,6.45241],[3.52672,6.45332],[3.52515,6.45241],[3.52515,6.4506],[3.52671,6.4497],[3.52828,6.4506],[3.52828,6.45241]]]}},{"type":"Feature","properties":{"minutes":24.63,"people":255,"clinic_min":28.1,"school_min":21.15,"k_clinic":5,"k_school":5,"within_15":0,"off_street":0,"ward":"Ajiran\u2013Osapa","lga":"Eti Osa","place":"Twin Lake Estate","place_m":897},"geometry":{"type":"Polygon","coordinates":[[[3.53141,6.45241],[3.52985,6.45331],[3.52828,6.45241],[3.52828,6.4506],[3.52985,6.44969],[3.53141,6.4506],[3.53141,6.45241]]]}},{"type":"Feature","properties":{"minutes":23.43,"people":150,"clinic_min":26.14,"school_min":20.71,"k_clinic":5,"k_school":5,"within_15":0,"off_street":0,"ward":"Ajiran\u2013Osapa","lga":"Eti Osa","place":"Bado","place_m":731},"geometry":{"type":"Polygon","coordinates":[[[3.54081,6.4524],[3.53925,6.4533],[3.53768,6.4524],[3.53768,6.45059],[3.53924,6.44969],[3.54081,6.45059],[3.54081,6.4524]]]}},{"type":"Feature","properties":{"minutes":19.21,"people":643,"clinic_min":21.39,"school_min":17.03,"k_clinic":5,"k_school":5,"within_15":0,"off_street":0,"ward":"Ajiran\u2013Osapa","lga":"Eti Osa","place":"Bado","place_m":509},"geometry":{"type":"Polygon","coordinates":[[[3.54395,6.45239],[3.54238,6.4533],[3.54081,6.4524],[3.54081,6.45059],[3.54238,6.44968],[3.54394,6.45058],[3.54395,6.45239]]]}},{"type":"Feature","properties":{"minutes":18.98,"people":140,"clinic_min":20.66,"school_min":17.3,"k_clinic":5,"k_school":5,"within_15":0,"off_street":0,"ward":"Ajiran\u2013Osapa","lga":"Eti Osa","place":"Ikota Bridge","place_m":397},"geometry":{"type":"Polygon","coordinates":[[[3.54708,6.45239],[3.54551,6.4533],[3.54395,6.45239],[3.54394,6.45058],[3.54551,6.44968],[3.54708,6.45058],[3.54708,6.45239]]]}},{"type":"Feature","properties":{"minutes":11.32,"people":1097,"clinic_min":12.94,"school_min":9.71,"k_clinic":5,"k_school":5,"within_15":1,"off_street":0,"ward":"Ajiran\u2013Osapa","lga":"Eti Osa","place":"Ikota Bridge","place_m":219},"geometry":{"type":"Polygon","coordinates":[[[3.55021,6.45239],[3.54865,6.45329],[3.54708,6.45239],[3.54708,6.45058],[3.54864,6.44968],[3.55021,6.45058],[3.55021,6.45239]]]}},{"type":"Feature","properties":{"minutes":10.99,"people":668,"clinic_min":11.41,"school_min":10.57,"k_clinic":5,"k_school":5,"within_15":1,"off_street":0,"ward":"Ajiran\u2013Osapa","lga":"Eti Osa","place":"Ikota First Gate","place_m":393},"geometry":{"type":"Polygon","coordinates":[[[3.55334,6.45238],[3.55178,6.45329],[3.55021,6.45239],[3.55021,6.45058],[3.55177,6.44967],[3.55334,6.45057],[3.55334,6.45238]]]}},{"type":"Feature","properties":{"minutes":10.55,"people":687,"clinic_min":10.05,"school_min":11.05,"k_clinic":5,"k_school":5,"within_15":1,"off_street":0,"ward":"Igbo-Efon\u2013Maiyegun","lga":"Eti Osa","place":"Ikota First Gate","place_m":52},"geometry":{"type":"Polygon","coordinates":[[[3.55648,6.45238],[3.55491,6.45329],[3.55334,6.45238],[3.55334,6.45057],[3.55491,6.44967],[3.55647,6.45057],[3.55648,6.45238]]]}},{"type":"Feature","properties":{"minutes":13.84,"people":2302,"clinic_min":13.96,"school_min":13.71,"k_clinic":5,"k_school":5,"within_15":1,"off_street":0,"ward":"Igbo-Efon\u2013Maiyegun","lga":"Eti Osa","place":"Gbolagas","place_m":139},"geometry":{"type":"Polygon","coordinates":[[[3.55961,6.45238],[3.55804,6.45328],[3.55648,6.45238],[3.55647,6.45057],[3.55804,6.44966],[3.55961,6.45057],[3.55961,6.45238]]]}},{"type":"Feature","properties":{"minutes":14.51,"people":3251,"clinic_min":17.38,"school_min":11.65,"k_clinic":5,"k_school":5,"within_15":1,"off_street":0,"ward":"Ajah","lga":"Eti Osa","place":"Gbolagas","place_m":484},"geometry":{"type":"Polygon","coordinates":[[[3.56274,6.45237],[3.56118,6.45328],[3.55961,6.45238],[3.55961,6.45057],[3.56117,6.44966],[3.56274,6.45056],[3.56274,6.45237]]]}},{"type":"Feature","properties":{"minutes":15.12,"people":1655,"clinic_min":20.36,"school_min":9.89,"k_clinic":5,"k_school":5,"within_15":0,"off_street":0,"ward":"Ajah","lga":"Eti Osa","place":"IDI Iroko Resettlement Scheme","place_m":251},"geometry":{"type":"Polygon","coordinates":[[[3.56587,6.45237],[3.56431,6.45328],[3.56274,6.45237],[3.56274,6.45056],[3.5643,6.44966],[3.56587,6.45056],[3.56587,6.45237]]]}},{"type":"Feature","properties":{"minutes":16.68,"people":1255,"clinic_min":24.52,"school_min":8.83,"k_clinic":5,"k_school":5,"within_15":0,"off_street":0,"ward":"Ajah","lga":"Eti Osa","place":"IDI Iroko Resettlement Scheme","place_m":106},"geometry":{"type":"Polygon","coordinates":[[[3.56901,6.45237],[3.56744,6.45327],[3.56587,6.45237],[3.56587,6.45056],[3.56744,6.44965],[3.569,6.45056],[3.56901,6.45237]]]}},{"type":"Feature","properties":{"minutes":18.19,"people":2141,"clinic_min":25.88,"school_min":10.49,"k_clinic":5,"k_school":5,"within_15":0,"off_street":0,"ward":"Ajah","lga":"Eti Osa","place":"Moba","place_m":164},"geometry":{"type":"Polygon","coordinates":[[[3.57214,6.45236],[3.57057,6.45327],[3.56901,6.45237],[3.569,6.45056],[3.57057,6.44965],[3.57214,6.45055],[3.57214,6.45236]]]}},{"type":"Feature","properties":{"minutes":24.07,"people":520,"clinic_min":29.37,"school_min":18.77,"k_clinic":5,"k_school":5,"within_15":0,"off_street":0,"ward":"Ajah","lga":"Eti Osa","place":"Moba","place_m":391},"geometry":{"type":"Polygon","coordinates":[[[3.57527,6.45236],[3.57371,6.45327],[3.57214,6.45236],[3.57214,6.45055],[3.5737,6.44965],[3.57527,6.45055],[3.57527,6.45236]]]}},{"type":"Feature","properties":{"minutes":20.87,"people":419,"clinic_min":26.17,"school_min":15.58,"k_clinic":5,"k_school":5,"within_15":0,"off_street":0,"ward":"Ajah","lga":"Eti Osa","place":"Moba","place_m":720},"geometry":{"type":"Polygon","coordinates":[[[3.5784,6.45236],[3.57684,6.45326],[3.57527,6.45236],[3.57527,6.45055],[3.57683,6.44964],[3.5784,6.45055],[3.5784,6.45236]]]}},{"type":"Feature","properties":{"minutes":22.61,"people":490,"clinic_min":25.82,"school_min":19.4,"k_clinic":5,"k_school":5,"within_15":0,"off_street":0,"ward":"Ajah","lga":"Eti Osa","place":"Moba","place_m":1060},"geometry":{"type":"Polygon","coordinates":[[[3.58154,6.45235],[3.57997,6.45326],[3.5784,6.45236],[3.5784,6.45055],[3.57997,6.44964],[3.58153,6.45054],[3.58154,6.45235]]]}},{"type":"Feature","properties":{"minutes":20.72,"people":161,"clinic_min":22.0,"school_min":19.44,"k_clinic":5,"k_school":5,"within_15":0,"off_street":0,"ward":"Okun Ajah\u2013Okunmopo","lga":"Eti Osa","place":"Peninsula II","place_m":1075},"geometry":{"type":"Polygon","coordinates":[[[3.58467,6.45235],[3.5831,6.45326],[3.58154,6.45235],[3.58153,6.45054],[3.5831,6.44964],[3.58467,6.45054],[3.58467,6.45235]]]}},{"type":"Feature","properties":{"minutes":19.64,"people":136,"clinic_min":21.17,"school_min":18.11,"k_clinic":5,"k_school":5,"within_15":0,"off_street":0,"ward":"Okun Ajah\u2013Okunmopo","lga":"Eti Osa","place":"Peninsula II","place_m":949},"geometry":{"type":"Polygon","coordinates":[[[3.5878,6.45235],[3.58624,6.45325],[3.58467,6.45235],[3.58467,6.45054],[3.58623,6.44963],[3.5878,6.45054],[3.5878,6.45235]]]}},{"type":"Feature","properties":{"minutes":24.51,"people":55,"clinic_min":26.04,"school_min":22.99,"k_clinic":5,"k_school":5,"within_15":0,"off_street":0,"ward":"Okun Ajah\u2013Okunmopo","lga":"Eti Osa","place":"Peninsula II","place_m":941},"geometry":{"type":"Polygon","coordinates":[[[3.59093,6.45234],[3.58937,6.45325],[3.5878,6.45235],[3.5878,6.45054],[3.58937,6.44963],[3.59093,6.45053],[3.59093,6.45234]]]}},{"type":"Feature","properties":{"minutes":24.96,"people":21,"clinic_min":26.51,"school_min":23.41,"k_clinic":5,"k_school":5,"within_15":0,"off_street":1,"ward":"Okun Ajah\u2013Okunmopo","lga":"Eti Osa","place":"Peninsula II","place_m":1053},"geometry":{"type":"Polygon","coordinates":[[[3.59407,6.45234],[3.5925,6.45324],[3.59093,6.45234],[3.59093,6.45053],[3.5925,6.44963],[3.59407,6.45053],[3.59407,6.45234]]]}},{"type":"Feature","properties":{"minutes":28.2,"people":164,"clinic_min":29.76,"school_min":26.64,"k_clinic":5,"k_school":5,"within_15":0,"off_street":1,"ward":"Okun Ajah\u2013Okunmopo","lga":"Eti Osa","place":"Lake Garden Phase 4","place_m":1007},"geometry":{"type":"Polygon","coordinates":[[[3.5972,6.45233],[3.59563,6.45324],[3.59407,6.45234],[3.59407,6.45053],[3.59563,6.44962],[3.5972,6.45053],[3.5972,6.45233]]]}},{"type":"Feature","properties":{"minutes":23.55,"people":185,"clinic_min":27.89,"school_min":19.21,"k_clinic":5,"k_school":5,"within_15":0,"off_street":0,"ward":"Okun Ajah\u2013Okunmopo","lga":"Eti Osa","place":"Lake Garden Phase 4","place_m":1010},"geometry":{"type":"Polygon","coordinates":[[[3.60033,6.45233],[3.59877,6.45324],[3.5972,6.45233],[3.5972,6.45053],[3.59876,6.44962],[3.60033,6.45052],[3.60033,6.45233]]]}},{"type":"Feature","properties":{"minutes":19.96,"people":775,"clinic_min":25.4,"school_min":14.52,"k_clinic":5,"k_school":5,"within_15":0,"off_street":0,"ward":"Okun Ajah\u2013Okunmopo","lga":"Eti Osa","place":"Ogombo Ajah","place_m":907},"geometry":{"type":"Polygon","coordinates":[[[3.60347,6.45233],[3.6019,6.45323],[3.60033,6.45233],[3.60033,6.45052],[3.6019,6.44961],[3.60346,6.45052],[3.60347,6.45233]]]}},{"type":"Feature","properties":{"minutes":18.87,"people":1053,"clinic_min":25.96,"school_min":11.77,"k_clinic":5,"k_school":5,"within_15":0,"off_street":0,"ward":"Okun Ajah\u2013Okunmopo","lga":"Eti Osa","place":"Ogombo Ajah","place_m":736},"geometry":{"type":"Polygon","coordinates":[[[3.6066,6.45232],[3.60503,6.45323],[3.60347,6.45233],[3.60346,6.45052],[3.60503,6.44961],[3.6066,6.45051],[3.6066,6.45232]]]}},{"type":"Feature","properties":{"minutes":14.19,"people":853,"clinic_min":21.82,"school_min":6.57,"k_clinic":5,"k_school":5,"within_15":1,"off_street":0,"ward":"Okun Ajah\u2013Okunmopo","lga":"Eti Osa","place":"Ogombo","place_m":700},"geometry":{"type":"Polygon","coordinates":[[[3.60973,6.45232],[3.60817,6.45323],[3.6066,6.45232],[3.6066,6.45051],[3.60816,6.44961],[3.60973,6.45051],[3.60973,6.45232]]]}},{"type":"Feature","properties":{"minutes":13.34,"people":995,"clinic_min":21.49,"school_min":5.2,"k_clinic":5,"k_school":5,"within_15":1,"off_street":0,"ward":"Okun Ajah\u2013Okunmopo","lga":"Eti Osa","place":"Ogombo","place_m":578},"geometry":{"type":"Polygon","coordinates":[[[3.61286,6.45232],[3.6113,6.45322],[3.60973,6.45232],[3.60973,6.45051],[3.61129,6.4496],[3.61286,6.45051],[3.61286,6.45232]]]}},{"type":"Feature","properties":{"minutes":13.74,"people":1564,"clinic_min":22.24,"school_min":5.24,"k_clinic":5,"k_school":5,"within_15":1,"off_street":0,"ward":"Okun Ajah\u2013Okunmopo","lga":"Eti Osa","place":"Peaceland Estate","place_m":501},"geometry":{"type":"Polygon","coordinates":[[[3.616,6.45231],[3.61443,6.45322],[3.61286,6.45232],[3.61286,6.45051],[3.61443,6.4496],[3.61599,6.4505],[3.616,6.45231]]]}},{"type":"Feature","properties":{"minutes":19.61,"people":333,"clinic_min":26.58,"school_min":12.64,"k_clinic":5,"k_school":5,"within_15":0,"off_street":0,"ward":"Okun Ajah\u2013Okunmopo","lga":"Eti Osa","place":"Peaceland Estate","place_m":531},"geometry":{"type":"Polygon","coordinates":[[[3.61913,6.45231],[3.61756,6.45321],[3.616,6.45231],[3.61599,6.4505],[3.61756,6.4496],[3.61913,6.4505],[3.61913,6.45231]]]}},{"type":"Feature","properties":{"minutes":23.38,"people":507,"clinic_min":29.41,"school_min":17.35,"k_clinic":5,"k_school":5,"within_15":0,"off_street":0,"ward":"Okun Ajah\u2013Okunmopo","lga":"Eti Osa","place":"Peaceland Estate","place_m":744},"geometry":{"type":"Polygon","coordinates":[[[3.62226,6.4523],[3.6207,6.45321],[3.61913,6.45231],[3.61913,6.4505],[3.62069,6.44959],[3.62226,6.4505],[3.62226,6.4523]]]}},{"type":"Feature","properties":{"minutes":25.6,"people":84,"clinic_min":30.6,"school_min":20.61,"k_clinic":5,"k_school":5,"within_15":0,"off_street":0,"ward":"Okun Ajah\u2013Okunmopo","lga":"Eti Osa","place":"Ogumbo","place_m":750},"geometry":{"type":"Polygon","coordinates":[[[3.62539,6.4523],[3.62383,6.45321],[3.62226,6.4523],[3.62226,6.4505],[3.62382,6.44959],[3.62539,6.45049],[3.62539,6.4523]]]}},{"type":"Feature","properties":{"minutes":63.21,"people":88,"clinic_min":74.33,"school_min":52.08,"k_clinic":5,"k_school":5,"within_15":0,"off_street":0,"ward":"Okun Ajah\u2013Okunmopo","lga":"Eti Osa","place":"Ogumbo","place_m":614},"geometry":{"type":"Polygon","coordinates":[[[3.62853,6.4523],[3.62696,6.4532],[3.62539,6.4523],[3.62539,6.45049],[3.62696,6.44958],[3.62852,6.45049],[3.62853,6.4523]]]}},{"type":"Feature","properties":{"minutes":33.86,"people":160,"clinic_min":37.86,"school_min":29.85,"k_clinic":5,"k_school":5,"within_15":0,"off_street":0,"ward":"Okun Ajah\u2013Okunmopo","lga":"Eti Osa","place":"Ogumbo","place_m":656},"geometry":{"type":"Polygon","coordinates":[[[3.63166,6.45229],[3.63009,6.4532],[3.62853,6.4523],[3.62852,6.45049],[3.63009,6.44958],[3.63166,6.45048],[3.63166,6.45229]]]}},{"type":"Feature","properties":{"minutes":36.89,"people":264,"clinic_min":41.37,"school_min":32.42,"k_clinic":5,"k_school":5,"within_15":0,"off_street":0,"ward":"Okun Ajah\u2013Okunmopo","lga":"Eti Osa","place":"Ogumbo","place_m":851},"geometry":{"type":"Polygon","coordinates":[[[3.63479,6.45229],[3.63323,6.4532],[3.63166,6.45229],[3.63166,6.45048],[3.63322,6.44958],[3.63479,6.45048],[3.63479,6.45229]]]}},{"type":"Feature","properties":{"minutes":35.87,"people":29,"clinic_min":47.37,"school_min":24.37,"k_clinic":5,"k_school":5,"within_15":0,"off_street":0,"ward":"Okun Ajah\u2013Okunmopo","lga":"Eti Osa","place":"Monasry","place_m":933},"geometry":{"type":"Polygon","coordinates":[[[3.63792,6.45228],[3.63636,6.45319],[3.63479,6.45229],[3.63479,6.45048],[3.63635,6.44957],[3.63792,6.45048],[3.63792,6.45228]]]}},{"type":"Feature","properties":{"minutes":30.3,"people":160,"clinic_min":41.8,"school_min":18.8,"k_clinic":5,"k_school":5,"within_15":0,"off_street":0,"ward":"Okun Ajah\u2013Okunmopo","lga":"Eti Osa","place":"Monasry","place_m":798},"geometry":{"type":"Polygon","coordinates":[[[3.64106,6.45228],[3.63949,6.45319],[3.63792,6.45228],[3.63792,6.45048],[3.63949,6.44957],[3.64105,6.45047],[3.64106,6.45228]]]}},{"type":"Feature","properties":{"minutes":47.07,"people":10,"clinic_min":54.85,"school_min":39.29,"k_clinic":5,"k_school":5,"within_15":0,"off_street":1,"ward":"Okun Ajah\u2013Okunmopo","lga":"Eti Osa","place":"Monasry","place_m":943},"geometry":{"type":"Polygon","coordinates":[[[3.64732,6.45227],[3.64576,6.45318],[3.64419,6.45228],[3.64419,6.45047],[3.64575,6.44956],[3.64732,6.45046],[3.64732,6.45227]]]}},{"type":"Feature","properties":{"minutes":46.98,"people":270,"clinic_min":54.76,"school_min":39.2,"k_clinic":5,"k_school":5,"within_15":0,"off_street":0,"ward":"Okun Ajah\u2013Okunmopo","lga":"Eti Osa","place":"Monasry","place_m":1173},"geometry":{"type":"Polygon","coordinates":[[[3.65045,6.45227],[3.64889,6.45318],[3.64732,6.45227],[3.64732,6.45046],[3.64889,6.44956],[3.65045,6.45046],[3.65045,6.45227]]]}},{"type":"Feature","properties":{"minutes":5.81,"people":1655,"clinic_min":5.43,"school_min":6.2,"k_clinic":5,"k_school":5,"within_15":1,"off_street":0,"ward":"Oduduwa","lga":"Apapa","place":"Ajegunle","place_m":207},"geometry":{"type":"Polygon","coordinates":[[[3.35442,6.45527],[3.35285,6.45618],[3.35128,6.45528],[3.35128,6.45347],[3.35285,6.45256],[3.35442,6.45347],[3.35442,6.45527]]]}},{"type":"Feature","properties":{"minutes":8.38,"people":526,"clinic_min":8.95,"school_min":7.81,"k_clinic":5,"k_school":5,"within_15":1,"off_street":0,"ward":"Oduduwa","lga":"Apapa","place":"Ajegunle","place_m":526},"geometry":{"type":"Polygon","coordinates":[[[3.35755,6.45527],[3.35598,6.45618],[3.35442,6.45527],[3.35442,6.45347],[3.35598,6.45256],[3.35755,6.45346],[3.35755,6.45527]]]}},{"type":"Feature","properties":{"minutes":7.49,"people":1222,"clinic_min":10.05,"school_min":4.93,"k_clinic":5,"k_school":5,"within_15":1,"off_street":0,"ward":"Apapa","lga":"Apapa","place":"Marine Beach","place_m":374},"geometry":{"type":"Polygon","coordinates":[[[3.36068,6.45527],[3.35912,6.45618],[3.35755,6.45527],[3.35755,6.45346],[3.35911,6.45256],[3.36068,6.45346],[3.36068,6.45527]]]}},{"type":"Feature","properties":{"minutes":8.65,"people":434,"clinic_min":10.35,"school_min":6.94,"k_clinic":5,"k_school":5,"within_15":1,"off_street":0,"ward":"Apapa","lga":"Apapa","place":"Marine Beach","place_m":364},"geometry":{"type":"Polygon","coordinates":[[[3.36382,6.45527],[3.36225,6.45617],[3.36068,6.45527],[3.36068,6.45346],[3.36225,6.45256],[3.36381,6.45346],[3.36382,6.45527]]]}},{"type":"Feature","properties":{"minutes":11.5,"people":392,"clinic_min":11.87,"school_min":11.13,"k_clinic":5,"k_school":5,"within_15":1,"off_street":0,"ward":"Apapa","lga":"Apapa","place":"Wharf","place_m":375},"geometry":{"type":"Polygon","coordinates":[[[3.36695,6.45527],[3.36538,6.45617],[3.36382,6.45527],[3.36381,6.45346],[3.36538,6.45255],[3.36695,6.45346],[3.36695,6.45527]]]}},{"type":"Feature","properties":{"minutes":12.84,"people":273,"clinic_min":10.94,"school_min":14.74,"k_clinic":5,"k_school":5,"within_15":1,"off_street":0,"ward":"Marine Beach","lga":"Apapa","place":"Wharf","place_m":406},"geometry":{"type":"Polygon","coordinates":[[[3.37008,6.45526],[3.36852,6.45617],[3.36695,6.45527],[3.36695,6.45346],[3.36851,6.45255],[3.37008,6.45345],[3.37008,6.45526]]]}},{"type":"Feature","properties":{"minutes":18.32,"people":143,"clinic_min":16.42,"school_min":20.23,"k_clinic":5,"k_school":5,"within_15":0,"off_street":0,"ward":"Marine Beach","lga":"Apapa","place":"Wharf","place_m":655},"geometry":{"type":"Polygon","coordinates":[[[3.37321,6.45526],[3.37165,6.45617],[3.37008,6.45526],[3.37008,6.45345],[3.37165,6.45255],[3.37321,6.45345],[3.37321,6.45526]]]}},{"type":"Feature","properties":{"minutes":7.21,"people":147,"clinic_min":8.16,"school_min":6.26,"k_clinic":5,"k_school":5,"within_15":1,"off_street":0,"ward":"Anjorin","lga":"Apapa","place":"Olowogbowo","place_m":167},"geometry":{"type":"Polygon","coordinates":[[[3.38261,6.45525],[3.38105,6.45616],[3.37948,6.45526],[3.37948,6.45345],[3.38104,6.45254],[3.38261,6.45345],[3.38261,6.45525]]]}},{"type":"Feature","properties":{"minutes":7.72,"people":401,"clinic_min":8.6,"school_min":6.85,"k_clinic":5,"k_school":5,"within_15":1,"off_street":0,"ward":"Oluwole","lga":"Lagos Island","place":"Olowogbowo","place_m":259},"geometry":{"type":"Polygon","coordinates":[[[3.38575,6.45525],[3.38418,6.45616],[3.38261,6.45525],[3.38261,6.45345],[3.38418,6.45254],[3.38574,6.45344],[3.38575,6.45525]]]}},{"type":"Feature","properties":{"minutes":6.63,"people":815,"clinic_min":7.51,"school_min":5.74,"k_clinic":5,"k_school":5,"within_15":1,"off_street":0,"ward":"Oluwole","lga":"Lagos Island","place":"Kakawa","place_m":230},"geometry":{"type":"Polygon","coordinates":[[[3.38888,6.45525],[3.38731,6.45616],[3.38575,6.45525],[3.38574,6.45344],[3.38731,6.45254],[3.38888,6.45344],[3.38888,6.45525]]]}},{"type":"Feature","properties":{"minutes":2.64,"people":2059,"clinic_min":3.02,"school_min":2.25,"k_clinic":5,"k_school":5,"within_15":1,"off_street":0,"ward":"Olosun\u2013Ojo Oto","lga":"Lagos Island","place":"Lagos Island","place_m":87},"geometry":{"type":"Polygon","coordinates":[[[3.39201,6.45525],[3.39045,6.45615],[3.38888,6.45525],[3.38888,6.45344],[3.39044,6.45253],[3.39201,6.45344],[3.39201,6.45525]]]}},{"type":"Feature","properties":{"minutes":2.18,"people":2657,"clinic_min":2.87,"school_min":1.48,"k_clinic":5,"k_school":5,"within_15":1,"off_street":0,"ward":"Okepopo West","lga":"Lagos Island","place":"Agarawu","place_m":156},"geometry":{"type":"Polygon","coordinates":[[[3.39514,6.45524],[3.39358,6.45615],[3.39201,6.45525],[3.39201,6.45344],[3.39358,6.45253],[3.39514,6.45344],[3.39514,6.45524]]]}},{"type":"Feature","properties":{"minutes":2.34,"people":2295,"clinic_min":3.37,"school_min":1.31,"k_clinic":5,"k_school":5,"within_15":1,"off_street":0,"ward":"Okepopo East","lga":"Lagos Island","place":"Banana Island","place_m":170},"geometry":{"type":"Polygon","coordinates":[[[3.39828,6.45524],[3.39671,6.45615],[3.39514,6.45524],[3.39514,6.45344],[3.39671,6.45253],[3.39827,6.45343],[3.39828,6.45524]]]}},{"type":"Feature","properties":{"minutes":1.98,"people":1466,"clinic_min":2.59,"school_min":1.38,"k_clinic":5,"k_school":5,"within_15":1,"off_street":0,"ward":"Epetedo East","lga":"Lagos Island","place":"Ebute Elefun","place_m":16},"geometry":{"type":"Polygon","coordinates":[[[3.40141,6.45524],[3.39984,6.45615],[3.39828,6.45524],[3.39827,6.45343],[3.39984,6.45253],[3.40141,6.45343],[3.40141,6.45524]]]}},{"type":"Feature","properties":{"minutes":2.5,"people":471,"clinic_min":3.63,"school_min":1.38,"k_clinic":5,"k_school":5,"within_15":1,"off_street":0,"ward":"Epetedo East","lga":"Lagos Island","place":"Olowu","place_m":202},"geometry":{"type":"Polygon","coordinates":[[[3.40454,6.45524],[3.40298,6.45614],[3.40141,6.45524],[3.40141,6.45343],[3.40297,6.45252],[3.40454,6.45343],[3.40454,6.45524]]]}},{"type":"Feature","properties":{"minutes":5.82,"people":616,"clinic_min":7.61,"school_min":4.04,"k_clinic":5,"k_school":5,"within_15":1,"off_street":0,"ward":"Lafiaji","lga":"Lagos Island","place":"Banana Island","place_m":328},"geometry":{"type":"Polygon","coordinates":[[[3.40767,6.45523],[3.40611,6.45614],[3.40454,6.45524],[3.40454,6.45343],[3.40611,6.45252],[3.40767,6.45343],[3.40767,6.45523]]]}},{"type":"Feature","properties":{"minutes":9.93,"people":854,"clinic_min":10.57,"school_min":9.29,"k_clinic":5,"k_school":5,"within_15":1,"off_street":0,"ward":"Ijeh\u2013Dolphin Estate","lga":"Eti Osa","place":"Ologun Agbaje Victoria Island","place_m":594},"geometry":{"type":"Polygon","coordinates":[[[3.41081,6.45523],[3.40924,6.45614],[3.40767,6.45523],[3.40767,6.45343],[3.40924,6.45252],[3.41081,6.45342],[3.41081,6.45523]]]}},{"type":"Feature","properties":{"minutes":12.24,"people":839,"clinic_min":12.89,"school_min":11.6,"k_clinic":5,"k_school":5,"within_15":1,"off_street":0,"ward":"Ijeh\u2013Dolphin Estate","lga":"Eti Osa","place":"Banana Island","place_m":638},"geometry":{"type":"Polygon","coordinates":[[[3.41394,6.45523],[3.41237,6.45614],[3.41081,6.45523],[3.41081,6.45342],[3.41237,6.45252],[3.41394,6.45342],[3.41394,6.45523]]]}},{"type":"Feature","properties":{"minutes":13.99,"people":528,"clinic_min":13.57,"school_min":14.41,"k_clinic":5,"k_school":5,"within_15":1,"off_street":0,"ward":"Ijeh\u2013Dolphin Estate","lga":"Eti Osa","place":"Keffi Obalende","place_m":664},"geometry":{"type":"Polygon","coordinates":[[[3.41707,6.45523],[3.41551,6.45613],[3.41394,6.45523],[3.41394,6.45342],[3.4155,6.45251],[3.41707,6.45342],[3.41707,6.45523]]]}},{"type":"Feature","properties":{"minutes":11.8,"people":773,"clinic_min":13.78,"school_min":9.82,"k_clinic":5,"k_school":5,"within_15":1,"off_street":0,"ward":"Ijeh\u2013Dolphin Estate","lga":"Eti Osa","place":"Ikoyi","place_m":505},"geometry":{"type":"Polygon","coordinates":[[[3.42021,6.45522],[3.41864,6.45613],[3.41707,6.45523],[3.41707,6.45342],[3.41864,6.45251],[3.4202,6.45342],[3.42021,6.45522]]]}},{"type":"Feature","properties":{"minutes":31.97,"people":947,"clinic_min":37.43,"school_min":26.51,"k_clinic":5,"k_school":5,"within_15":0,"off_street":0,"ward":"Ikoyi 2","lga":"Eti Osa","place":"Ikoyi","place_m":555},"geometry":{"type":"Polygon","coordinates":[[[3.42334,6.45522],[3.42177,6.45613],[3.42021,6.45522],[3.4202,6.45342],[3.42177,6.45251],[3.42334,6.45341],[3.42334,6.45522]]]}},{"type":"Feature","properties":{"minutes":15.58,"people":982,"clinic_min":20.61,"school_min":10.55,"k_clinic":5,"k_school":5,"within_15":0,"off_street":0,"ward":"Ikoyi 2","lga":"Eti Osa","place":"Ikoyi","place_m":487},"geometry":{"type":"Polygon","coordinates":[[[3.42647,6.45522],[3.42491,6.45613],[3.42334,6.45522],[3.42334,6.45341],[3.4249,6.45251],[3.42647,6.45341],[3.42647,6.45522]]]}},{"type":"Feature","properties":{"minutes":16.82,"people":526,"clinic_min":22.43,"school_min":11.21,"k_clinic":5,"k_school":5,"within_15":0,"off_street":0,"ward":"Ikoyi 2","lga":"Eti Osa","place":"Ikoyi","place_m":284},"geometry":{"type":"Polygon","coordinates":[[[3.4296,6.45522],[3.42804,6.45612],[3.42647,6.45522],[3.42647,6.45341],[3.42804,6.4525],[3.4296,6.45341],[3.4296,6.45522]]]}},{"type":"Feature","properties":{"minutes":16.19,"people":510,"clinic_min":22.92,"school_min":9.47,"k_clinic":5,"k_school":5,"within_15":0,"off_street":0,"ward":"Falomo\u2013Oyinkan Abayomi","lga":"Eti Osa","place":"Ikoyi","place_m":406},"geometry":{"type":"Polygon","coordinates":[[[3.43274,6.45521],[3.43117,6.45612],[3.4296,6.45522],[3.4296,6.45341],[3.43117,6.4525],[3.43274,6.4534],[3.43274,6.45521]]]}},{"type":"Feature","properties":{"minutes":18.38,"people":1046,"clinic_min":26.17,"school_min":10.59,"k_clinic":5,"k_school":5,"within_15":0,"off_street":0,"ward":"Ikoyi 1","lga":"Eti Osa","place":"Falomo","place_m":488},"geometry":{"type":"Polygon","coordinates":[[[3.43587,6.45521],[3.4343,6.45612],[3.43274,6.45521],[3.43274,6.4534],[3.4343,6.4525],[3.43587,6.4534],[3.43587,6.45521]]]}},{"type":"Feature","properties":{"minutes":22.97,"people":689,"clinic_min":31.29,"school_min":14.65,"k_clinic":5,"k_school":5,"within_15":0,"off_street":0,"ward":"Ikoyi 1","lga":"Eti Osa","place":"Park View Estate","place_m":453},"geometry":{"type":"Polygon","coordinates":[[[3.439,6.45521],[3.43744,6.45611],[3.43587,6.45521],[3.43587,6.4534],[3.43743,6.4525],[3.439,6.4534],[3.439,6.45521]]]}},{"type":"Feature","properties":{"minutes":24.59,"people":911,"clinic_min":32.57,"school_min":16.6,"k_clinic":5,"k_school":5,"within_15":0,"off_street":0,"ward":"Ikoyi 1","lga":"Eti Osa","place":"Park View Estate","place_m":191},"geometry":{"type":"Polygon","coordinates":[[[3.44213,6.45521],[3.44057,6.45611],[3.439,6.45521],[3.439,6.4534],[3.44057,6.45249],[3.44213,6.4534],[3.44213,6.45521]]]}},{"type":"Feature","properties":{"minutes":26.57,"people":668,"clinic_min":33.78,"school_min":19.35,"k_clinic":5,"k_school":5,"within_15":0,"off_street":0,"ward":"Ikoyi 1","lga":"Eti Osa","place":"Park View Estate","place_m":328},"geometry":{"type":"Polygon","coordinates":[[[3.44527,6.4552],[3.4437,6.45611],[3.44213,6.45521],[3.44213,6.4534],[3.4437,6.45249],[3.44527,6.45339],[3.44527,6.4552]]]}},{"type":"Feature","properties":{"minutes":27.45,"people":1061,"clinic_min":33.96,"school_min":20.94,"k_clinic":5,"k_school":5,"within_15":0,"off_street":0,"ward":"Ikoyi 1","lga":"Eti Osa","place":"Onikoyi","place_m":104},"geometry":{"type":"Polygon","coordinates":[[[3.4484,6.4552],[3.44683,6.45611],[3.44527,6.4552],[3.44527,6.45339],[3.44683,6.45249],[3.4484,6.45339],[3.4484,6.4552]]]}},{"type":"Feature","properties":{"minutes":28.07,"people":1282,"clinic_min":34.64,"school_min":21.5,"k_clinic":5,"k_school":5,"within_15":0,"off_street":0,"ward":"Ikoyi 1","lga":"Eti Osa","place":"Onikoyi","place_m":259},"geometry":{"type":"Polygon","coordinates":[[[3.45153,6.4552],[3.44997,6.4561],[3.4484,6.4552],[3.4484,6.45339],[3.44996,6.45249],[3.45153,6.45339],[3.45153,6.4552]]]}},{"type":"Feature","properties":{"minutes":27.64,"people":120,"clinic_min":33.78,"school_min":21.5,"k_clinic":5,"k_school":5,"within_15":0,"off_street":1,"ward":"1004\u2013Aboyade","lga":"Eti Osa","place":"Onikoyi","place_m":603},"geometry":{"type":"Polygon","coordinates":[[[3.45467,6.4552],[3.4531,6.4561],[3.45153,6.4552],[3.45153,6.45339],[3.4531,6.45248],[3.45466,6.45339],[3.45467,6.4552]]]}},{"type":"Feature","properties":{"minutes":65.48,"people":232,"clinic_min":73.58,"school_min":57.39,"k_clinic":5,"k_school":5,"within_15":0,"off_street":0,"ward":"1004\u2013Aboyade","lga":"Eti Osa","place":"Maroko","place_m":970},"geometry":{"type":"Polygon","coordinates":[[[3.46093,6.45519],[3.45937,6.4561],[3.4578,6.45519],[3.4578,6.45338],[3.45936,6.45248],[3.46093,6.45338],[3.46093,6.45519]]]}},{"type":"Feature","properties":{"minutes":61.51,"people":827,"clinic_min":69.6,"school_min":53.41,"k_clinic":5,"k_school":5,"within_15":0,"off_street":0,"ward":"Ikoyi 1","lga":"Eti Osa","place":"Peninsula","place_m":844},"geometry":{"type":"Polygon","coordinates":[[[3.46406,6.45519],[3.4625,6.45609],[3.46093,6.45519],[3.46093,6.45338],[3.4625,6.45247],[3.46406,6.45338],[3.46406,6.45519]]]}},{"type":"Feature","properties":{"minutes":12.46,"people":244,"clinic_min":16.32,"school_min":8.59,"k_clinic":5,"k_school":5,"within_15":1,"off_street":0,"ward":"Ikate\u2013Lekki","lga":"Eti Osa","place":"Sakiru Anjorin Lake Phase 1","place_m":543},"geometry":{"type":"Polygon","coordinates":[[[3.47033,6.45518],[3.46876,6.45609],[3.4672,6.45518],[3.46719,6.45337],[3.46876,6.45247],[3.47033,6.45337],[3.47033,6.45518]]]}},{"type":"Feature","properties":{"minutes":12.91,"people":1385,"clinic_min":16.75,"school_min":9.07,"k_clinic":5,"k_school":5,"within_15":1,"off_street":0,"ward":"Ikate\u2013Lekki","lga":"Eti Osa","place":"Sakiru Anjorin Lake Phase 1","place_m":291},"geometry":{"type":"Polygon","coordinates":[[[3.47346,6.45518],[3.4719,6.45608],[3.47033,6.45518],[3.47033,6.45337],[3.47189,6.45247],[3.47346,6.45337],[3.47346,6.45518]]]}},{"type":"Feature","properties":{"minutes":15.73,"people":1399,"clinic_min":19.37,"school_min":12.09,"k_clinic":5,"k_school":5,"within_15":0,"off_street":0,"ward":"Ikate\u2013Lekki","lga":"Eti Osa","place":"Sakiru Anjorin Lake Phase 1","place_m":338},"geometry":{"type":"Polygon","coordinates":[[[3.47659,6.45517],[3.47503,6.45608],[3.47346,6.45518],[3.47346,6.45337],[3.47503,6.45246],[3.47659,6.45337],[3.47659,6.45517]]]}},{"type":"Feature","properties":{"minutes":14.32,"people":1512,"clinic_min":15.51,"school_min":13.13,"k_clinic":5,"k_school":5,"within_15":1,"off_street":0,"ward":"Ikate\u2013Lekki","lga":"Eti Osa","place":"Fatai Arobieke Crescent","place_m":190},"geometry":{"type":"Polygon","coordinates":[[[3.47973,6.45517],[3.47816,6.45608],[3.47659,6.45517],[3.47659,6.45337],[3.47816,6.45246],[3.47973,6.45336],[3.47973,6.45517]]]}},{"type":"Feature","properties":{"minutes":16.03,"people":940,"clinic_min":19.51,"school_min":12.55,"k_clinic":5,"k_school":5,"within_15":0,"off_street":0,"ward":"Ikate\u2013Lekki","lga":"Eti Osa","place":"Fatai Arobieke Crescent","place_m":180},"geometry":{"type":"Polygon","coordinates":[[[3.48286,6.45517],[3.48129,6.45608],[3.47973,6.45517],[3.47973,6.45336],[3.48129,6.45246],[3.48286,6.45336],[3.48286,6.45517]]]}},{"type":"Feature","properties":{"minutes":19.5,"people":418,"clinic_min":23.46,"school_min":15.53,"k_clinic":5,"k_school":5,"within_15":0,"off_street":0,"ward":"Ikate\u2013Lekki","lga":"Eti Osa","place":"Orange Island","place_m":136},"geometry":{"type":"Polygon","coordinates":[[[3.48599,6.45517],[3.48443,6.45607],[3.48286,6.45517],[3.48286,6.45336],[3.48442,6.45245],[3.48599,6.45336],[3.48599,6.45517]]]}},{"type":"Feature","properties":{"minutes":32.74,"people":1269,"clinic_min":36.44,"school_min":29.04,"k_clinic":5,"k_school":5,"within_15":0,"off_street":0,"ward":"Ikate\u2013Lekki","lga":"Eti Osa","place":"Orange Island","place_m":245},"geometry":{"type":"Polygon","coordinates":[[[3.48913,6.45516],[3.48756,6.45607],[3.48599,6.45517],[3.48599,6.45336],[3.48756,6.45245],[3.48912,6.45335],[3.48913,6.45516]]]}},{"type":"Feature","properties":{"minutes":37.83,"people":255,"clinic_min":43.04,"school_min":32.63,"k_clinic":5,"k_school":5,"within_15":0,"off_street":1,"ward":"Ikate\u2013Lekki","lga":"Eti Osa","place":"Ikateahliapalm Sprung","place_m":717},"geometry":{"type":"Polygon","coordinates":[[[3.49539,6.45516],[3.49383,6.45606],[3.49226,6.45516],[3.49226,6.45335],[3.49382,6.45244],[3.49539,6.45335],[3.49539,6.45516]]]}},{"type":"Feature","properties":{"minutes":35.14,"people":125,"clinic_min":35.0,"school_min":35.28,"k_clinic":5,"k_school":5,"within_15":0,"off_street":0,"ward":"Ikate\u2013Lekki","lga":"Eti Osa","place":"Ikateahliapalm Sprung","place_m":719},"geometry":{"type":"Polygon","coordinates":[[[3.49852,6.45515],[3.49696,6.45606],[3.49539,6.45516],[3.49539,6.45335],[3.49695,6.45244],[3.49852,6.45334],[3.49852,6.45515]]]}},{"type":"Feature","properties":{"minutes":32.69,"people":286,"clinic_min":32.55,"school_min":32.83,"k_clinic":5,"k_school":5,"within_15":0,"off_street":0,"ward":"Ikate\u2013Lekki","lga":"Eti Osa","place":"Ikateahliapalm Sprung","place_m":871},"geometry":{"type":"Polygon","coordinates":[[[3.50166,6.45515],[3.50009,6.45606],[3.49852,6.45515],[3.49852,6.45334],[3.50009,6.45244],[3.50165,6.45334],[3.50166,6.45515]]]}},{"type":"Feature","properties":{"minutes":33.03,"people":274,"clinic_min":32.89,"school_min":33.17,"k_clinic":5,"k_school":5,"within_15":0,"off_street":0,"ward":"Ikate\u2013Lekki","lga":"Eti Osa","place":"Ikateahliapalm Sprung","place_m":1114},"geometry":{"type":"Polygon","coordinates":[[[3.50479,6.45515],[3.50322,6.45605],[3.50166,6.45515],[3.50165,6.45334],[3.50322,6.45244],[3.50479,6.45334],[3.50479,6.45515]]]}},{"type":"Feature","properties":{"minutes":21.25,"people":451,"clinic_min":20.86,"school_min":21.63,"k_clinic":5,"k_school":5,"within_15":0,"off_street":0,"ward":"Ikate\u2013Lekki","lga":"Eti Osa","place":"Ajiran Agugin","place_m":870},"geometry":{"type":"Polygon","coordinates":[[[3.50792,6.45514],[3.50636,6.45605],[3.50479,6.45515],[3.50479,6.45334],[3.50635,6.45243],[3.50792,6.45334],[3.50792,6.45514]]]}},{"type":"Feature","properties":{"minutes":22.0,"people":304,"clinic_min":21.52,"school_min":22.49,"k_clinic":5,"k_school":5,"within_15":0,"off_street":0,"ward":"Ikate\u2013Lekki","lga":"Eti Osa","place":"Ajiran Agugin","place_m":527},"geometry":{"type":"Polygon","coordinates":[[[3.51105,6.45514],[3.50949,6.45605],[3.50792,6.45514],[3.50792,6.45334],[3.50949,6.45243],[3.51105,6.45333],[3.51105,6.45514]]]}},{"type":"Feature","properties":{"minutes":22.04,"people":1030,"clinic_min":22.41,"school_min":21.68,"k_clinic":5,"k_school":5,"within_15":0,"off_street":0,"ward":"Ajiran\u2013Osapa","lga":"Eti Osa","place":"Ajiran Agugin","place_m":196},"geometry":{"type":"Polygon","coordinates":[[[3.51419,6.45514],[3.51262,6.45604],[3.51105,6.45514],[3.51105,6.45333],[3.51262,6.45243],[3.51419,6.45333],[3.51419,6.45514]]]}},{"type":"Feature","properties":{"minutes":17.87,"people":503,"clinic_min":18.23,"school_min":17.5,"k_clinic":5,"k_school":5,"within_15":0,"off_street":0,"ward":"Ajiran\u2013Osapa","lga":"Eti Osa","place":"Ajiran Agugin","place_m":199},"geometry":{"type":"Polygon","coordinates":[[[3.51732,6.45514],[3.51575,6.45604],[3.51419,6.45514],[3.51419,6.45333],[3.51575,6.45242],[3.51732,6.45333],[3.51732,6.45514]]]}},{"type":"Feature","properties":{"minutes":16.03,"people":1271,"clinic_min":16.4,"school_min":15.67,"k_clinic":5,"k_school":5,"within_15":0,"off_street":0,"ward":"Ajiran\u2013Osapa","lga":"Eti Osa","place":"Ojomu","place_m":213},"geometry":{"type":"Polygon","coordinates":[[[3.52045,6.45513],[3.51889,6.45604],[3.51732,6.45514],[3.51732,6.45333],[3.51888,6.45242],[3.52045,6.45332],[3.52045,6.45513]]]}},{"type":"Feature","properties":{"minutes":15.13,"people":1522,"clinic_min":15.5,"school_min":14.77,"k_clinic":5,"k_school":5,"within_15":0,"off_street":0,"ward":"Ajiran\u2013Osapa","lga":"Eti Osa","place":"Ojomu","place_m":177},"geometry":{"type":"Polygon","coordinates":[[[3.52359,6.45513],[3.52202,6.45604],[3.52045,6.45513],[3.52045,6.45332],[3.52202,6.45242],[3.52358,6.45332],[3.52359,6.45513]]]}},{"type":"Feature","properties":{"minutes":16.75,"people":792,"clinic_min":19.7,"school_min":13.81,"k_clinic":5,"k_school":5,"within_15":0,"off_street":0,"ward":"Ajiran\u2013Osapa","lga":"Eti Osa","place":"Ojomu","place_m":508},"geometry":{"type":"Polygon","coordinates":[[[3.52672,6.45513],[3.52515,6.45603],[3.52359,6.45513],[3.52358,6.45332],[3.52515,6.45241],[3.52672,6.45332],[3.52672,6.45513]]]}},{"type":"Feature","properties":{"minutes":35.18,"people":560,"clinic_min":38.65,"school_min":31.71,"k_clinic":5,"k_school":5,"within_15":0,"off_street":0,"ward":"Ajiran\u2013Osapa","lga":"Eti Osa","place":"Ojomu","place_m":851},"geometry":{"type":"Polygon","coordinates":[[[3.52985,6.45512],[3.52829,6.45603],[3.52672,6.45513],[3.52672,6.45332],[3.52828,6.45241],[3.52985,6.45331],[3.52985,6.45512]]]}},{"type":"Feature","properties":{"minutes":27.51,"people":124,"clinic_min":30.99,"school_min":24.04,"k_clinic":5,"k_school":5,"within_15":0,"off_street":0,"ward":"Ajiran\u2013Osapa","lga":"Eti Osa","place":"Twin Lake Estate","place_m":1079},"geometry":{"type":"Polygon","coordinates":[[[3.53298,6.45512],[3.53142,6.45603],[3.52985,6.45512],[3.52985,6.45331],[3.53141,6.45241],[3.53298,6.45331],[3.53298,6.45512]]]}},{"type":"Feature","properties":{"minutes":27.51,"people":20,"clinic_min":30.99,"school_min":24.04,"k_clinic":5,"k_school":5,"within_15":0,"off_street":1,"ward":"Ajiran\u2013Osapa","lga":"Eti Osa","place":"Twin Lake Estate","place_m":1014},"geometry":{"type":"Polygon","coordinates":[[[3.53612,6.45512],[3.53455,6.45602],[3.53298,6.45512],[3.53298,6.45331],[3.53455,6.4524],[3.53611,6.45331],[3.53612,6.45512]]]}},{"type":"Feature","properties":{"minutes":21.5,"people":202,"clinic_min":23.41,"school_min":19.59,"k_clinic":5,"k_school":5,"within_15":0,"off_street":0,"ward":"Ajiran\u2013Osapa","lga":"Eti Osa","place":"Bado","place_m":855},"geometry":{"type":"Polygon","coordinates":[[[3.54238,6.45511],[3.54082,6.45602],[3.53925,6.45511],[3.53925,6.4533],[3.54081,6.4524],[3.54238,6.4533],[3.54238,6.45511]]]}},{"type":"Feature","properties":{"minutes":21.32,"people":210,"clinic_min":23.23,"school_min":19.41,"k_clinic":5,"k_school":5,"within_15":0,"off_street":0,"ward":"Ajiran\u2013Osapa","lga":"Eti Osa","place":"Ikota Bridge","place_m":723},"geometry":{"type":"Polygon","coordinates":[[[3.54551,6.45511],[3.54395,6.45601],[3.54238,6.45511],[3.54238,6.4533],[3.54395,6.45239],[3.54551,6.4533],[3.54551,6.45511]]]}},{"type":"Feature","properties":{"minutes":12.9,"people":231,"clinic_min":14.52,"school_min":11.29,"k_clinic":5,"k_school":5,"within_15":1,"off_street":1,"ward":"Ajiran\u2013Osapa","lga":"Eti Osa","place":"Ikota Bridge","place_m":542},"geometry":{"type":"Polygon","coordinates":[[[3.54865,6.4551],[3.54708,6.45601],[3.54551,6.45511],[3.54551,6.4533],[3.54708,6.45239],[3.54865,6.45329],[3.54865,6.4551]]]}},{"type":"Feature","properties":{"minutes":18.27,"people":125,"clinic_min":17.1,"school_min":19.43,"k_clinic":5,"k_school":5,"within_15":0,"off_street":0,"ward":"Ajiran\u2013Osapa","lga":"Eti Osa","place":"Ikota Bridge","place_m":551},"geometry":{"type":"Polygon","coordinates":[[[3.55178,6.4551],[3.55021,6.45601],[3.54865,6.4551],[3.54865,6.45329],[3.55021,6.45239],[3.55178,6.45329],[3.55178,6.4551]]]}},{"type":"Feature","properties":{"minutes":12.57,"people":216,"clinic_min":11.69,"school_min":13.45,"k_clinic":5,"k_school":5,"within_15":1,"off_street":0,"ward":"Ajiran\u2013Osapa","lga":"Eti Osa","place":"Ikota First Gate","place_m":353},"geometry":{"type":"Polygon","coordinates":[[[3.55491,6.4551],[3.55335,6.456],[3.55178,6.4551],[3.55178,6.45329],[3.55334,6.45238],[3.55491,6.45329],[3.55491,6.4551]]]}},{"type":"Feature","properties":{"minutes":11.87,"people":1825,"clinic_min":11.1,"school_min":12.63,"k_clinic":5,"k_school":5,"within_15":1,"off_street":0,"ward":"Igbo-Efon\u2013Maiyegun","lga":"Eti Osa","place":"Gbolagas","place_m":281},"geometry":{"type":"Polygon","coordinates":[[[3.55805,6.45509],[3.55648,6.456],[3.55491,6.4551],[3.55491,6.45329],[3.55648,6.45238],[3.55804,6.45328],[3.55805,6.45509]]]}},{"type":"Feature","properties":{"minutes":15.85,"people":2435,"clinic_min":15.53,"school_min":16.18,"k_clinic":5,"k_school":5,"within_15":0,"off_street":0,"ward":"Igbo-Efon\u2013Maiyegun","lga":"Eti Osa","place":"Gbolagas","place_m":417},"geometry":{"type":"Polygon","coordinates":[[[3.56118,6.45509],[3.55961,6.456],[3.55805,6.45509],[3.55804,6.45328],[3.55961,6.45238],[3.56118,6.45328],[3.56118,6.45509]]]}},{"type":"Feature","properties":{"minutes":14.91,"people":2622,"clinic_min":18.54,"school_min":11.28,"k_clinic":5,"k_school":5,"within_15":1,"off_street":0,"ward":"Ajah","lga":"Eti Osa","place":"IDI Iroko Resettlement Scheme","place_m":495},"geometry":{"type":"Polygon","coordinates":[[[3.56431,6.45509],[3.56275,6.45599],[3.56118,6.45509],[3.56118,6.45328],[3.56274,6.45237],[3.56431,6.45328],[3.56431,6.45509]]]}},{"type":"Feature","properties":{"minutes":13.41,"people":968,"clinic_min":19.65,"school_min":7.17,"k_clinic":5,"k_school":5,"within_15":1,"off_street":0,"ward":"Ajah","lga":"Eti Osa","place":"IDI Iroko Resettlement Scheme","place_m":271},"geometry":{"type":"Polygon","coordinates":[[[3.56744,6.45508],[3.56588,6.45599],[3.56431,6.45509],[3.56431,6.45328],[3.56587,6.45237],[3.56744,6.45327],[3.56744,6.45508]]]}},{"type":"Feature","properties":{"minutes":13.26,"people":1820,"clinic_min":21.5,"school_min":5.03,"k_clinic":5,"k_school":5,"within_15":1,"off_street":0,"ward":"Ajah","lga":"Eti Osa","place":"Ogoyo Village","place_m":193},"geometry":{"type":"Polygon","coordinates":[[[3.57058,6.45508],[3.56901,6.45598],[3.56744,6.45508],[3.56744,6.45327],[3.56901,6.45237],[3.57057,6.45327],[3.57058,6.45508]]]}},{"type":"Feature","properties":{"minutes":15.22,"people":662,"clinic_min":22.46,"school_min":7.99,"k_clinic":5,"k_school":5,"within_15":0,"off_street":0,"ward":"Ajah","lga":"Eti Osa","place":"Moba","place_m":227},"geometry":{"type":"Polygon","coordinates":[[[3.57371,6.45507],[3.57214,6.45598],[3.57058,6.45508],[3.57057,6.45327],[3.57214,6.45236],[3.57371,6.45327],[3.57371,6.45507]]]}},{"type":"Feature","properties":{"minutes":17.39,"people":369,"clinic_min":22.35,"school_min":12.44,"k_clinic":5,"k_school":5,"within_15":0,"off_street":0,"ward":"Ajah","lga":"Eti Osa","place":"Moba","place_m":545},"geometry":{"type":"Polygon","coordinates":[[[3.57684,6.45507],[3.57528,6.45598],[3.57371,6.45507],[3.57371,6.45327],[3.57527,6.45236],[3.57684,6.45326],[3.57684,6.45507]]]}},{"type":"Feature","properties":{"minutes":18.92,"people":322,"clinic_min":21.99,"school_min":15.84,"k_clinic":5,"k_school":5,"within_15":0,"off_street":0,"ward":"Ajah","lga":"Eti Osa","place":"Moba","place_m":885},"geometry":{"type":"Polygon","coordinates":[[[3.57997,6.45507],[3.57841,6.45597],[3.57684,6.45507],[3.57684,6.45326],[3.5784,6.45236],[3.57997,6.45326],[3.57997,6.45507]]]}},{"type":"Feature","properties":{"minutes":19.29,"people":358,"clinic_min":20.78,"school_min":17.79,"k_clinic":5,"k_school":5,"within_15":0,"off_street":0,"ward":"Ajah","lga":"Eti Osa","place":"Peninsula II","place_m":952},"geometry":{"type":"Polygon","coordinates":[[[3.58311,6.45506],[3.58154,6.45597],[3.57997,6.45507],[3.57997,6.45326],[3.58154,6.45235],[3.5831,6.45326],[3.58311,6.45506]]]}},{"type":"Feature","properties":{"minutes":20.1,"people":233,"clinic_min":21.55,"school_min":18.66,"k_clinic":5,"k_school":5,"within_15":0,"off_street":0,"ward":"Okun Ajah\u2013Okunmopo","lga":"Eti Osa","place":"Peninsula II","place_m":729},"geometry":{"type":"Polygon","coordinates":[[[3.58624,6.45506],[3.58467,6.45597],[3.58311,6.45506],[3.5831,6.45326],[3.58467,6.45235],[3.58624,6.45325],[3.58624,6.45506]]]}},{"type":"Feature","properties":{"minutes":20.07,"people":230,"clinic_min":21.62,"school_min":18.52,"k_clinic":5,"k_school":5,"within_15":0,"off_street":0,"ward":"Okun Ajah\u2013Okunmopo","lga":"Eti Osa","place":"Peninsula II","place_m":629},"geometry":{"type":"Polygon","coordinates":[[[3.58937,6.45506],[3.58781,6.45596],[3.58624,6.45506],[3.58624,6.45325],[3.5878,6.45235],[3.58937,6.45325],[3.58937,6.45506]]]}},{"type":"Feature","properties":{"minutes":22.5,"people":607,"clinic_min":24.05,"school_min":20.94,"k_clinic":5,"k_school":5,"within_15":0,"off_street":0,"ward":"Okun Ajah\u2013Okunmopo","lga":"Eti Osa","place":"Peninsula II","place_m":707},"geometry":{"type":"Polygon","coordinates":[[[3.5925,6.45505],[3.59094,6.45596],[3.58937,6.45506],[3.58937,6.45325],[3.59093,6.45234],[3.5925,6.45324],[3.5925,6.45505]]]}},{"type":"Feature","properties":{"minutes":29.77,"people":415,"clinic_min":31.33,"school_min":28.21,"k_clinic":5,"k_school":5,"within_15":0,"off_street":0,"ward":"Okun Ajah\u2013Okunmopo","lga":"Eti Osa","place":"Lake Garden Phase 4","place_m":771},"geometry":{"type":"Polygon","coordinates":[[[3.59564,6.45505],[3.59407,6.45596],[3.5925,6.45505],[3.5925,6.45324],[3.59407,6.45234],[3.59563,6.45324],[3.59564,6.45505]]]}},{"type":"Feature","properties":{"minutes":24.96,"people":334,"clinic_min":26.89,"school_min":23.03,"k_clinic":5,"k_school":5,"within_15":0,"off_street":0,"ward":"Okun Ajah\u2013Okunmopo","lga":"Eti Osa","place":"Lake Garden Phase 4","place_m":693},"geometry":{"type":"Polygon","coordinates":[[[3.59877,6.45505],[3.5972,6.45595],[3.59564,6.45505],[3.59563,6.45324],[3.5972,6.45233],[3.59877,6.45324],[3.59877,6.45505]]]}},{"type":"Feature","properties":{"minutes":26.05,"people":828,"clinic_min":29.17,"school_min":22.93,"k_clinic":5,"k_school":5,"within_15":0,"off_street":0,"ward":"Okun Ajah\u2013Okunmopo","lga":"Eti Osa","place":"Lake Garden Phase 4","place_m":779},"geometry":{"type":"Polygon","coordinates":[[[3.6019,6.45504],[3.60034,6.45595],[3.59877,6.45505],[3.59877,6.45324],[3.60033,6.45233],[3.6019,6.45323],[3.6019,6.45504]]]}},{"type":"Feature","properties":{"minutes":22.02,"people":927,"clinic_min":27.45,"school_min":16.59,"k_clinic":5,"k_school":5,"within_15":0,"off_street":0,"ward":"Okun Ajah\u2013Okunmopo","lga":"Eti Osa","place":"Ogombo","place_m":958},"geometry":{"type":"Polygon","coordinates":[[[3.60504,6.45504],[3.60347,6.45595],[3.6019,6.45504],[3.6019,6.45323],[3.60347,6.45233],[3.60503,6.45323],[3.60504,6.45504]]]}},{"type":"Feature","properties":{"minutes":17.25,"people":458,"clinic_min":24.34,"school_min":10.16,"k_clinic":5,"k_school":5,"within_15":0,"off_street":0,"ward":"Okun Ajah\u2013Okunmopo","lga":"Eti Osa","place":"Ogombo","place_m":634},"geometry":{"type":"Polygon","coordinates":[[[3.60817,6.45503],[3.6066,6.45594],[3.60504,6.45504],[3.60503,6.45323],[3.6066,6.45232],[3.60817,6.45323],[3.60817,6.45503]]]}},{"type":"Feature","properties":{"minutes":18.08,"people":1258,"clinic_min":25.57,"school_min":10.6,"k_clinic":5,"k_school":5,"within_15":0,"off_street":0,"ward":"Okun Ajah\u2013Okunmopo","lga":"Eti Osa","place":"Ogombo","place_m":356},"geometry":{"type":"Polygon","coordinates":[[[3.6113,6.45503],[3.60974,6.45594],[3.60817,6.45503],[3.60817,6.45323],[3.60973,6.45232],[3.6113,6.45322],[3.6113,6.45503]]]}},{"type":"Feature","properties":{"minutes":14.75,"people":766,"clinic_min":22.79,"school_min":6.72,"k_clinic":5,"k_school":5,"within_15":1,"off_street":0,"ward":"Okun Ajah\u2013Okunmopo","lga":"Eti Osa","place":"Ogombo","place_m":301},"geometry":{"type":"Polygon","coordinates":[[[3.61443,6.45503],[3.61287,6.45593],[3.6113,6.45503],[3.6113,6.45322],[3.61286,6.45232],[3.61443,6.45322],[3.61443,6.45503]]]}},{"type":"Feature","properties":{"minutes":15.07,"people":1229,"clinic_min":22.97,"school_min":7.17,"k_clinic":5,"k_school":5,"within_15":0,"off_street":0,"ward":"Okun Ajah\u2013Okunmopo","lga":"Eti Osa","place":"Peaceland Estate","place_m":190},"geometry":{"type":"Polygon","coordinates":[[[3.61757,6.45502],[3.616,6.45593],[3.61443,6.45503],[3.61443,6.45322],[3.616,6.45231],[3.61756,6.45321],[3.61757,6.45502]]]}},{"type":"Feature","properties":{"minutes":19.81,"people":544,"clinic_min":27.41,"school_min":12.22,"k_clinic":5,"k_school":5,"within_15":0,"off_street":0,"ward":"Okun Ajah\u2013Okunmopo","lga":"Eti Osa","place":"Peaceland Estate","place_m":432},"geometry":{"type":"Polygon","coordinates":[[[3.6207,6.45502],[3.61913,6.45593],[3.61757,6.45502],[3.61756,6.45321],[3.61913,6.45231],[3.6207,6.45321],[3.6207,6.45502]]]}},{"type":"Feature","properties":{"minutes":22.79,"people":590,"clinic_min":28.8,"school_min":16.78,"k_clinic":5,"k_school":5,"within_15":0,"off_street":0,"ward":"Okun Ajah\u2013Okunmopo","lga":"Eti Osa","place":"Ogumbo","place_m":687},"geometry":{"type":"Polygon","coordinates":[[[3.62383,6.45502],[3.62227,6.45592],[3.6207,6.45502],[3.6207,6.45321],[3.62226,6.4523],[3.62383,6.45321],[3.62383,6.45502]]]}},{"type":"Feature","properties":{"minutes":24.89,"people":182,"clinic_min":29.36,"school_min":20.42,"k_clinic":5,"k_school":5,"within_15":0,"off_street":0,"ward":"Okun Ajah\u2013Okunmopo","lga":"Eti Osa","place":"Ogumbo","place_m":407},"geometry":{"type":"Polygon","coordinates":[[[3.62696,6.45501],[3.6254,6.45592],[3.62383,6.45502],[3.62383,6.45321],[3.62539,6.4523],[3.62696,6.4532],[3.62696,6.45501]]]}},{"type":"Feature","properties":{"minutes":28.28,"people":501,"clinic_min":32.22,"school_min":24.33,"k_clinic":5,"k_school":5,"within_15":0,"off_street":0,"ward":"Okun Ajah\u2013Okunmopo","lga":"Eti Osa","place":"Ogumbo","place_m":316},"geometry":{"type":"Polygon","coordinates":[[[3.6301,6.45501],[3.62853,6.45591],[3.62696,6.45501],[3.62696,6.4532],[3.62853,6.4523],[3.63009,6.4532],[3.6301,6.45501]]]}},{"type":"Feature","properties":{"minutes":34.43,"people":580,"clinic_min":38.44,"school_min":30.42,"k_clinic":5,"k_school":5,"within_15":0,"off_street":1,"ward":"Okun Ajah\u2013Okunmopo","lga":"Eti Osa","place":"Ogumbo","place_m":523},"geometry":{"type":"Polygon","coordinates":[[[3.63323,6.455],[3.63166,6.45591],[3.6301,6.45501],[3.63009,6.4532],[3.63166,6.45229],[3.63323,6.4532],[3.63323,6.455]]]}},{"type":"Feature","properties":{"minutes":31.78,"people":520,"clinic_min":42.47,"school_min":21.09,"k_clinic":5,"k_school":5,"within_15":0,"off_street":0,"ward":"Okun Ajah\u2013Okunmopo","lga":"Eti Osa","place":"Ogumbo","place_m":829},"geometry":{"type":"Polygon","coordinates":[[[3.63636,6.455],[3.6348,6.45591],[3.63323,6.455],[3.63323,6.4532],[3.63479,6.45229],[3.63636,6.45319],[3.63636,6.455]]]}},{"type":"Feature","properties":{"minutes":31.78,"people":99,"clinic_min":42.47,"school_min":21.09,"k_clinic":5,"k_school":5,"within_15":0,"off_street":0,"ward":"Okun Ajah\u2013Okunmopo","lga":"Eti Osa","place":"Monasry","place_m":588},"geometry":{"type":"Polygon","coordinates":[[[3.63949,6.455],[3.63793,6.4559],[3.63636,6.455],[3.63636,6.45319],[3.63792,6.45228],[3.63949,6.45319],[3.63949,6.455]]]}},{"type":"Feature","properties":{"minutes":30.3,"people":418,"clinic_min":41.8,"school_min":18.8,"k_clinic":5,"k_school":5,"within_15":0,"off_street":0,"ward":"Okun Ajah\u2013Okunmopo","lga":"Eti Osa","place":"Monasry","place_m":481},"geometry":{"type":"Polygon","coordinates":[[[3.64263,6.45499],[3.64106,6.4559],[3.63949,6.455],[3.63949,6.45319],[3.64106,6.45228],[3.64262,6.45318],[3.64263,6.45499]]]}},{"type":"Feature","properties":{"minutes":46.55,"people":116,"clinic_min":54.33,"school_min":38.77,"k_clinic":5,"k_school":5,"within_15":0,"off_street":0,"ward":"Okun Ajah\u2013Okunmopo","lga":"Eti Osa","place":"Monasry","place_m":598},"geometry":{"type":"Polygon","coordinates":[[[3.64576,6.45499],[3.64419,6.4559],[3.64263,6.45499],[3.64262,6.45318],[3.64419,6.45228],[3.64576,6.45318],[3.64576,6.45499]]]}},{"type":"Feature","properties":{"minutes":47.07,"people":108,"clinic_min":54.85,"school_min":39.29,"k_clinic":5,"k_school":5,"within_15":0,"off_street":0,"ward":"Okun Ajah\u2013Okunmopo","lga":"Eti Osa","place":"Monasry","place_m":850},"geometry":{"type":"Polygon","coordinates":[[[3.64889,6.45498],[3.64733,6.45589],[3.64576,6.45499],[3.64576,6.45318],[3.64732,6.45227],[3.64889,6.45318],[3.64889,6.45498]]]}},{"type":"Feature","properties":{"minutes":42.14,"people":150,"clinic_min":49.94,"school_min":34.35,"k_clinic":5,"k_school":5,"within_15":0,"off_street":0,"ward":"Okun Ajah\u2013Okunmopo","lga":"Eti Osa","place":"Monasry","place_m":1153},"geometry":{"type":"Polygon","coordinates":[[[3.65202,6.45498],[3.65046,6.45589],[3.64889,6.45498],[3.64889,6.45318],[3.65045,6.45227],[3.65202,6.45317],[3.65202,6.45498]]]}},{"type":"Feature","properties":{"minutes":8.5,"people":1166,"clinic_min":11.01,"school_min":6.0,"k_clinic":5,"k_school":5,"within_15":1,"off_street":0,"ward":"Marine Beach","lga":"Apapa","place":"Marine Beach","place_m":357},"geometry":{"type":"Polygon","coordinates":[[[3.35912,6.45799],[3.35755,6.45889],[3.35599,6.45799],[3.35598,6.45618],[3.35755,6.45527],[3.35912,6.45618],[3.35912,6.45799]]]}},{"type":"Feature","properties":{"minutes":4.5,"people":1721,"clinic_min":8.08,"school_min":0.91,"k_clinic":5,"k_school":5,"within_15":1,"off_street":0,"ward":"Marine Beach","lga":"Apapa","place":"Marine Beach","place_m":27},"geometry":{"type":"Polygon","coordinates":[[[3.36225,6.45798],[3.36069,6.45889],[3.35912,6.45799],[3.35912,6.45618],[3.36068,6.45527],[3.36225,6.45617],[3.36225,6.45798]]]}},{"type":"Feature","properties":{"minutes":5.67,"people":945,"clinic_min":7.38,"school_min":3.96,"k_clinic":5,"k_school":5,"within_15":1,"off_street":0,"ward":"Marine Beach","lga":"Apapa","place":"Dockyard","place_m":321},"geometry":{"type":"Polygon","coordinates":[[[3.36538,6.45798],[3.36382,6.45889],[3.36225,6.45798],[3.36225,6.45617],[3.36382,6.45527],[3.36538,6.45617],[3.36538,6.45798]]]}},{"type":"Feature","properties":{"minutes":9.77,"people":329,"clinic_min":8.29,"school_min":11.26,"k_clinic":5,"k_school":5,"within_15":1,"off_street":0,"ward":"Marine Beach","lga":"Apapa","place":"Dockyard","place_m":172},"geometry":{"type":"Polygon","coordinates":[[[3.36852,6.45798],[3.36695,6.45888],[3.36538,6.45798],[3.36538,6.45617],[3.36695,6.45527],[3.36852,6.45617],[3.36852,6.45798]]]}},{"type":"Feature","properties":{"minutes":12.28,"people":630,"clinic_min":9.71,"school_min":14.86,"k_clinic":5,"k_school":5,"within_15":1,"off_street":0,"ward":"Marine Beach","lga":"Apapa","place":"Dockyard","place_m":443},"geometry":{"type":"Polygon","coordinates":[[[3.37165,6.45798],[3.37008,6.45888],[3.36852,6.45798],[3.36852,6.45617],[3.37008,6.45526],[3.37165,6.45617],[3.37165,6.45798]]]}},{"type":"Feature","properties":{"minutes":7.05,"people":146,"clinic_min":8.51,"school_min":5.58,"k_clinic":5,"k_school":5,"within_15":1,"off_street":0,"ward":"Anjorin","lga":"Apapa","place":"Olowogbowo","place_m":342},"geometry":{"type":"Polygon","coordinates":[[[3.38105,6.45797],[3.37948,6.45887],[3.37792,6.45797],[3.37791,6.45616],[3.37948,6.45526],[3.38105,6.45616],[3.38105,6.45797]]]}},{"type":"Feature","properties":{"minutes":3.2,"people":849,"clinic_min":4.16,"school_min":2.24,"k_clinic":5,"k_school":5,"within_15":1,"off_street":0,"ward":"Oke-Olowogbowo","lga":"Lagos Island","place":"Balogun","place_m":128},"geometry":{"type":"Polygon","coordinates":[[[3.38418,6.45797],[3.38262,6.45887],[3.38105,6.45797],[3.38105,6.45616],[3.38261,6.45525],[3.38418,6.45616],[3.38418,6.45797]]]}},{"type":"Feature","properties":{"minutes":4.3,"people":549,"clinic_min":5.53,"school_min":3.06,"k_clinic":5,"k_school":5,"within_15":1,"off_street":0,"ward":"Oluwole","lga":"Lagos Island","place":"Oluwole","place_m":88},"geometry":{"type":"Polygon","coordinates":[[[3.38731,6.45796],[3.38575,6.45887],[3.38418,6.45797],[3.38418,6.45616],[3.38575,6.45525],[3.38731,6.45616],[3.38731,6.45796]]]}},{"type":"Feature","properties":{"minutes":1.87,"people":1838,"clinic_min":2.16,"school_min":1.58,"k_clinic":5,"k_school":5,"within_15":1,"off_street":0,"ward":"Oke-Arin\u2013Idumota","lga":"Lagos Island","place":"Agarawu","place_m":117},"geometry":{"type":"Polygon","coordinates":[[[3.39045,6.45796],[3.38888,6.45887],[3.38731,6.45796],[3.38731,6.45616],[3.38888,6.45525],[3.39045,6.45615],[3.39045,6.45796]]]}},{"type":"Feature","properties":{"minutes":1.86,"people":2192,"clinic_min":2.05,"school_min":1.68,"k_clinic":5,"k_school":5,"within_15":1,"off_street":0,"ward":"Isale Gangan","lga":"Lagos Island","place":"Itafaaji","place_m":21},"geometry":{"type":"Polygon","coordinates":[[[3.39358,6.45796],[3.39201,6.45887],[3.39045,6.45796],[3.39045,6.45615],[3.39201,6.45525],[3.39358,6.45615],[3.39358,6.45796]]]}},{"type":"Feature","properties":{"minutes":2.8,"people":2568,"clinic_min":3.42,"school_min":2.19,"k_clinic":5,"k_school":5,"within_15":1,"off_street":0,"ward":"Okepopo East","lga":"Lagos Island","place":"Agarawu","place_m":92},"geometry":{"type":"Polygon","coordinates":[[[3.39671,6.45796],[3.39515,6.45886],[3.39358,6.45796],[3.39358,6.45615],[3.39514,6.45524],[3.39671,6.45615],[3.39671,6.45796]]]}},{"type":"Feature","properties":{"minutes":2.83,"people":1861,"clinic_min":3.61,"school_min":2.05,"k_clinic":5,"k_school":5,"within_15":1,"off_street":0,"ward":"Okepopo East","lga":"Lagos Island","place":"Banana Island","place_m":65},"geometry":{"type":"Polygon","coordinates":[[[3.39984,6.45795],[3.39828,6.45886],[3.39671,6.45796],[3.39671,6.45615],[3.39828,6.45524],[3.39984,6.45615],[3.39984,6.45795]]]}},{"type":"Feature","properties":{"minutes":2.96,"people":588,"clinic_min":3.3,"school_min":2.62,"k_clinic":5,"k_school":5,"within_15":1,"off_street":0,"ward":"Lafiaji","lga":"Lagos Island","place":"Olowu","place_m":145},"geometry":{"type":"Polygon","coordinates":[[[3.40298,6.45795],[3.40141,6.45886],[3.39984,6.45795],[3.39984,6.45615],[3.40141,6.45524],[3.40298,6.45614],[3.40298,6.45795]]]}},{"type":"Feature","properties":{"minutes":5.32,"people":1103,"clinic_min":6.98,"school_min":3.66,"k_clinic":5,"k_school":5,"within_15":1,"off_street":0,"ward":"Lafiaji","lga":"Lagos Island","place":"Banana Island","place_m":129},"geometry":{"type":"Polygon","coordinates":[[[3.40611,6.45795],[3.40454,6.45886],[3.40298,6.45795],[3.40298,6.45614],[3.40454,6.45524],[3.40611,6.45614],[3.40611,6.45795]]]}},{"type":"Feature","properties":{"minutes":44.26,"people":370,"clinic_min":53.45,"school_min":35.07,"k_clinic":5,"k_school":5,"within_15":0,"off_street":0,"ward":"Ijeh\u2013Dolphin Estate","lga":"Eti Osa","place":"Banana Island","place_m":442},"geometry":{"type":"Polygon","coordinates":[[[3.40924,6.45795],[3.40768,6.45885],[3.40611,6.45795],[3.40611,6.45614],[3.40767,6.45523],[3.40924,6.45614],[3.40924,6.45795]]]}},{"type":"Feature","properties":{"minutes":12.03,"people":852,"clinic_min":12.68,"school_min":11.39,"k_clinic":5,"k_school":5,"within_15":1,"off_street":0,"ward":"Ijeh\u2013Dolphin Estate","lga":"Eti Osa","place":"Banana Island","place_m":321},"geometry":{"type":"Polygon","coordinates":[[[3.41238,6.45794],[3.41081,6.45885],[3.40924,6.45795],[3.40924,6.45614],[3.41081,6.45523],[3.41237,6.45614],[3.41238,6.45794]]]}},{"type":"Feature","properties":{"minutes":22.53,"people":2457,"clinic_min":25.35,"school_min":19.71,"k_clinic":5,"k_school":5,"within_15":0,"off_street":0,"ward":"Ijeh\u2013Dolphin Estate","lga":"Eti Osa","place":"Banana Island","place_m":454},"geometry":{"type":"Polygon","coordinates":[[[3.41551,6.45794],[3.41394,6.45885],[3.41238,6.45794],[3.41237,6.45614],[3.41394,6.45523],[3.41551,6.45613],[3.41551,6.45794]]]}},{"type":"Feature","properties":{"minutes":14.39,"people":1836,"clinic_min":16.9,"school_min":11.87,"k_clinic":5,"k_school":5,"within_15":1,"off_street":0,"ward":"Ijeh\u2013Dolphin Estate","lga":"Eti Osa","place":"Ikoyi","place_m":333},"geometry":{"type":"Polygon","coordinates":[[[3.41864,6.45794],[3.41708,6.45885],[3.41551,6.45794],[3.41551,6.45613],[3.41707,6.45523],[3.41864,6.45613],[3.41864,6.45794]]]}},{"type":"Feature","properties":{"minutes":31.22,"people":2094,"clinic_min":37.67,"school_min":24.76,"k_clinic":5,"k_school":5,"within_15":0,"off_street":0,"ward":"Ijeh\u2013Dolphin Estate","lga":"Eti Osa","place":"Ikoyi","place_m":210},"geometry":{"type":"Polygon","coordinates":[[[3.42177,6.45794],[3.42021,6.45884],[3.41864,6.45794],[3.41864,6.45613],[3.42021,6.45522],[3.42177,6.45613],[3.42177,6.45794]]]}},{"type":"Feature","properties":{"minutes":16.61,"people":1169,"clinic_min":23.54,"school_min":9.68,"k_clinic":5,"k_school":5,"within_15":0,"off_street":0,"ward":"Ikoyi 2","lga":"Eti Osa","place":"Ikoyi","place_m":466},"geometry":{"type":"Polygon","coordinates":[[[3.42491,6.45793],[3.42334,6.45884],[3.42177,6.45794],[3.42177,6.45613],[3.42334,6.45522],[3.42491,6.45613],[3.42491,6.45793]]]}},{"type":"Feature","properties":{"minutes":15.56,"people":497,"clinic_min":22.52,"school_min":8.61,"k_clinic":5,"k_school":5,"within_15":0,"off_street":0,"ward":"Ikoyi 1","lga":"Eti Osa","place":"Osborne Ikoyi","place_m":403},"geometry":{"type":"Polygon","coordinates":[[[3.42804,6.45793],[3.42647,6.45884],[3.42491,6.45793],[3.42491,6.45613],[3.42647,6.45522],[3.42804,6.45612],[3.42804,6.45793]]]}},{"type":"Feature","properties":{"minutes":17.38,"people":565,"clinic_min":25.41,"school_min":9.34,"k_clinic":5,"k_school":5,"within_15":0,"off_street":0,"ward":"Ikoyi 1","lga":"Eti Osa","place":"Osborne Ikoyi","place_m":451},"geometry":{"type":"Polygon","coordinates":[[[3.43117,6.45793],[3.42961,6.45884],[3.42804,6.45793],[3.42804,6.45612],[3.4296,6.45522],[3.43117,6.45612],[3.43117,6.45793]]]}},{"type":"Feature","properties":{"minutes":18.08,"people":840,"clinic_min":25.75,"school_min":10.4,"k_clinic":5,"k_school":5,"within_15":0,"off_street":0,"ward":"Ikoyi 1","lga":"Eti Osa","place":"Alfred Way","place_m":336},"geometry":{"type":"Polygon","coordinates":[[[3.43431,6.45793],[3.43274,6.45883],[3.43117,6.45793],[3.43117,6.45612],[3.43274,6.45521],[3.4343,6.45612],[3.43431,6.45793]]]}},{"type":"Feature","properties":{"minutes":20.95,"people":616,"clinic_min":29.33,"school_min":12.57,"k_clinic":5,"k_school":5,"within_15":0,"off_street":0,"ward":"Ikoyi 1","lga":"Eti Osa","place":"Alfred Way","place_m":477},"geometry":{"type":"Polygon","coordinates":[[[3.43744,6.45792],[3.43587,6.45883],[3.43431,6.45793],[3.4343,6.45612],[3.43587,6.45521],[3.43744,6.45611],[3.43744,6.45792]]]}},{"type":"Feature","properties":{"minutes":34.5,"people":1692,"clinic_min":44.17,"school_min":24.83,"k_clinic":5,"k_school":5,"within_15":0,"off_street":0,"ward":"Ikoyi 1","lga":"Eti Osa","place":"Park View Estate","place_m":273},"geometry":{"type":"Polygon","coordinates":[[[3.44057,6.45792],[3.43901,6.45883],[3.43744,6.45792],[3.43744,6.45611],[3.439,6.45521],[3.44057,6.45611],[3.44057,6.45792]]]}},{"type":"Feature","properties":{"minutes":34.18,"people":1043,"clinic_min":43.81,"school_min":24.56,"k_clinic":5,"k_school":5,"within_15":0,"off_street":0,"ward":"Ikoyi 1","lga":"Eti Osa","place":"Park View Estate","place_m":160},"geometry":{"type":"Polygon","coordinates":[[[3.4437,6.45792],[3.44214,6.45882],[3.44057,6.45792],[3.44057,6.45611],[3.44213,6.45521],[3.4437,6.45611],[3.4437,6.45792]]]}},{"type":"Feature","properties":{"minutes":30.93,"people":1358,"clinic_min":39.47,"school_min":22.39,"k_clinic":5,"k_school":5,"within_15":0,"off_street":0,"ward":"Ikoyi 1","lga":"Eti Osa","place":"Onikoyi","place_m":365},"geometry":{"type":"Polygon","coordinates":[[[3.44684,6.45792],[3.44527,6.45882],[3.4437,6.45792],[3.4437,6.45611],[3.44527,6.4552],[3.44683,6.45611],[3.44684,6.45792]]]}},{"type":"Feature","properties":{"minutes":32.51,"people":1321,"clinic_min":40.14,"school_min":24.88,"k_clinic":5,"k_school":5,"within_15":0,"off_street":0,"ward":"Ikoyi 1","lga":"Eti Osa","place":"Onikoyi","place_m":263},"geometry":{"type":"Polygon","coordinates":[[[3.44997,6.45791],[3.4484,6.45882],[3.44684,6.45792],[3.44683,6.45611],[3.4484,6.4552],[3.44997,6.4561],[3.44997,6.45791]]]}},{"type":"Feature","properties":{"minutes":34.71,"people":1011,"clinic_min":42.8,"school_min":26.62,"k_clinic":5,"k_school":5,"within_15":0,"off_street":1,"ward":"1004\u2013Aboyade","lga":"Eti Osa","place":"Onikoyi","place_m":496},"geometry":{"type":"Polygon","coordinates":[[[3.4531,6.45791],[3.45154,6.45882],[3.44997,6.45791],[3.44997,6.4561],[3.45153,6.4552],[3.4531,6.4561],[3.4531,6.45791]]]}},{"type":"Feature","properties":{"minutes":47.16,"people":429,"clinic_min":55.25,"school_min":39.07,"k_clinic":5,"k_school":5,"within_15":0,"off_street":1,"ward":"1004\u2013Aboyade","lga":"Eti Osa","place":"Banana Island","place_m":747},"geometry":{"type":"Polygon","coordinates":[[[3.45623,6.45791],[3.45467,6.45881],[3.4531,6.45791],[3.4531,6.4561],[3.45467,6.4552],[3.45623,6.4561],[3.45623,6.45791]]]}},{"type":"Feature","properties":{"minutes":54.85,"people":50,"clinic_min":62.94,"school_min":46.75,"k_clinic":5,"k_school":5,"within_15":0,"off_street":0,"ward":"1004\u2013Aboyade","lga":"Eti Osa","place":"Banana Island","place_m":1050},"geometry":{"type":"Polygon","coordinates":[[[3.45937,6.4579],[3.4578,6.45881],[3.45623,6.45791],[3.45623,6.4561],[3.4578,6.45519],[3.45937,6.4561],[3.45937,6.4579]]]}},{"type":"Feature","properties":{"minutes":56.46,"people":742,"clinic_min":64.56,"school_min":48.37,"k_clinic":5,"k_school":5,"within_15":0,"off_street":0,"ward":"Ikoyi 1","lga":"Eti Osa","place":"Peninsula","place_m":1188},"geometry":{"type":"Polygon","coordinates":[[[3.4625,6.4579],[3.46093,6.45881],[3.45937,6.4579],[3.45937,6.4561],[3.46093,6.45519],[3.4625,6.45609],[3.4625,6.4579]]]}},{"type":"Feature","properties":{"minutes":62.02,"people":383,"clinic_min":70.11,"school_min":53.92,"k_clinic":5,"k_school":5,"within_15":0,"off_street":0,"ward":"Ikate\u2013Lekki","lga":"Eti Osa","place":"Peninsula","place_m":1091},"geometry":{"type":"Polygon","coordinates":[[[3.46563,6.4579],[3.46407,6.4588],[3.4625,6.4579],[3.4625,6.45609],[3.46406,6.45519],[3.46563,6.45609],[3.46563,6.4579]]]}},{"type":"Feature","properties":{"minutes":14.86,"people":1572,"clinic_min":18.72,"school_min":10.99,"k_clinic":5,"k_school":5,"within_15":1,"off_street":0,"ward":"Ikate\u2013Lekki","lga":"Eti Osa","place":"Sakiru Anjorin Lake Phase 1","place_m":637},"geometry":{"type":"Polygon","coordinates":[[[3.4719,6.45789],[3.47033,6.4588],[3.46877,6.4579],[3.46876,6.45609],[3.47033,6.45518],[3.4719,6.45608],[3.4719,6.45789]]]}},{"type":"Feature","properties":{"minutes":17.0,"people":1819,"clinic_min":20.72,"school_min":13.29,"k_clinic":5,"k_school":5,"within_15":0,"off_street":0,"ward":"Ikate\u2013Lekki","lga":"Eti Osa","place":"Sakiru Anjorin Lake Phase 1","place_m":562},"geometry":{"type":"Polygon","coordinates":[[[3.47503,6.45789],[3.47347,6.4588],[3.4719,6.45789],[3.4719,6.45608],[3.47346,6.45518],[3.47503,6.45608],[3.47503,6.45789]]]}},{"type":"Feature","properties":{"minutes":20.76,"people":1806,"clinic_min":22.48,"school_min":19.04,"k_clinic":5,"k_school":5,"within_15":0,"off_street":0,"ward":"Ikate\u2013Lekki","lga":"Eti Osa","place":"Fatai Arobieke Crescent","place_m":423},"geometry":{"type":"Polygon","coordinates":[[[3.47816,6.45789],[3.4766,6.45879],[3.47503,6.45789],[3.47503,6.45608],[3.47659,6.45517],[3.47816,6.45608],[3.47816,6.45789]]]}},{"type":"Feature","properties":{"minutes":17.58,"people":1750,"clinic_min":19.96,"school_min":15.21,"k_clinic":5,"k_school":5,"within_15":0,"off_street":0,"ward":"Ikate\u2013Lekki","lga":"Eti Osa","place":"Fatai Arobieke Crescent","place_m":235},"geometry":{"type":"Polygon","coordinates":[[[3.4813,6.45788],[3.47973,6.45879],[3.47816,6.45789],[3.47816,6.45608],[3.47973,6.45517],[3.48129,6.45608],[3.4813,6.45788]]]}},{"type":"Feature","properties":{"minutes":22.82,"people":433,"clinic_min":26.52,"school_min":19.12,"k_clinic":5,"k_school":5,"within_15":0,"off_street":0,"ward":"Ikate\u2013Lekki","lga":"Eti Osa","place":"Fatai Arobieke Crescent","place_m":415},"geometry":{"type":"Polygon","coordinates":[[[3.48443,6.45788],[3.48286,6.45879],[3.4813,6.45788],[3.48129,6.45608],[3.48286,6.45517],[3.48443,6.45607],[3.48443,6.45788]]]}},{"type":"Feature","properties":{"minutes":22.98,"people":834,"clinic_min":23.35,"school_min":22.62,"k_clinic":5,"k_school":5,"within_15":0,"off_street":1,"ward":"Ajiran\u2013Osapa","lga":"Eti Osa","place":"Ajiran Agugin","place_m":524},"geometry":{"type":"Polygon","coordinates":[[[3.51262,6.45785],[3.51106,6.45876],[3.50949,6.45786],[3.50949,6.45605],[3.51105,6.45514],[3.51262,6.45604],[3.51262,6.45785]]]}},{"type":"Feature","properties":{"minutes":24.28,"people":745,"clinic_min":24.64,"school_min":23.91,"k_clinic":5,"k_school":5,"within_15":0,"off_street":0,"ward":"Ajiran\u2013Osapa","lga":"Eti Osa","place":"Ajiran Agugin","place_m":395},"geometry":{"type":"Polygon","coordinates":[[[3.51576,6.45785],[3.51419,6.45876],[3.51262,6.45785],[3.51262,6.45604],[3.51419,6.45514],[3.51575,6.45604],[3.51576,6.45785]]]}},{"type":"Feature","properties":{"minutes":20.57,"people":773,"clinic_min":20.93,"school_min":20.2,"k_clinic":5,"k_school":5,"within_15":0,"off_street":0,"ward":"Ajiran\u2013Osapa","lga":"Eti Osa","place":"Ojomu","place_m":423},"geometry":{"type":"Polygon","coordinates":[[[3.51889,6.45785],[3.51732,6.45875],[3.51576,6.45785],[3.51575,6.45604],[3.51732,6.45514],[3.51889,6.45604],[3.51889,6.45785]]]}},{"type":"Feature","properties":{"minutes":16.04,"people":1466,"clinic_min":16.31,"school_min":15.77,"k_clinic":5,"k_school":5,"within_15":0,"off_street":0,"ward":"Ajiran\u2013Osapa","lga":"Eti Osa","place":"Ojomu","place_m":212},"geometry":{"type":"Polygon","coordinates":[[[3.52202,6.45784],[3.52046,6.45875],[3.51889,6.45785],[3.51889,6.45604],[3.52045,6.45513],[3.52202,6.45604],[3.52202,6.45784]]]}},{"type":"Feature","properties":{"minutes":19.22,"people":1170,"clinic_min":19.58,"school_min":18.85,"k_clinic":5,"k_school":5,"within_15":0,"off_street":0,"ward":"Ajiran\u2013Osapa","lga":"Eti Osa","place":"Ojomu","place_m":389},"geometry":{"type":"Polygon","coordinates":[[[3.52515,6.45784],[3.52359,6.45875],[3.52202,6.45784],[3.52202,6.45604],[3.52359,6.45513],[3.52515,6.45603],[3.52515,6.45784]]]}},{"type":"Feature","properties":{"minutes":32.7,"people":932,"clinic_min":36.18,"school_min":29.23,"k_clinic":5,"k_school":5,"within_15":0,"off_street":0,"ward":"Ajiran\u2013Osapa","lga":"Eti Osa","place":"Ojomu","place_m":705},"geometry":{"type":"Polygon","coordinates":[[[3.52829,6.45784],[3.52672,6.45874],[3.52515,6.45784],[3.52515,6.45603],[3.52672,6.45513],[3.52829,6.45603],[3.52829,6.45784]]]}},{"type":"Feature","properties":{"minutes":31.13,"people":768,"clinic_min":34.6,"school_min":27.66,"k_clinic":5,"k_school":5,"within_15":0,"off_street":0,"ward":"Ajiran\u2013Osapa","lga":"Eti Osa","place":"Ojomu","place_m":1041},"geometry":{"type":"Polygon","coordinates":[[[3.53142,6.45783],[3.52985,6.45874],[3.52829,6.45784],[3.52829,6.45603],[3.52985,6.45512],[3.53142,6.45603],[3.53142,6.45783]]]}},{"type":"Feature","properties":{"minutes":30.08,"people":415,"clinic_min":33.55,"school_min":26.6,"k_clinic":5,"k_school":5,"within_15":0,"off_street":1,"ward":"Ajiran\u2013Osapa","lga":"Eti Osa","place":"Chevron","place_m":873},"geometry":{"type":"Polygon","coordinates":[[[3.53455,6.45783],[3.53299,6.45874],[3.53142,6.45783],[3.53142,6.45603],[3.53298,6.45512],[3.53455,6.45602],[3.53455,6.45783]]]}},{"type":"Feature","properties":{"minutes":30.08,"people":220,"clinic_min":33.55,"school_min":26.6,"k_clinic":5,"k_school":5,"within_15":0,"off_street":1,"ward":"Ajiran\u2013Osapa","lga":"Eti Osa","place":"Chevron","place_m":787},"geometry":{"type":"Polygon","coordinates":[[[3.53769,6.45783],[3.53612,6.45873],[3.53455,6.45783],[3.53455,6.45602],[3.53612,6.45512],[3.53768,6.45602],[3.53769,6.45783]]]}},{"type":"Feature","properties":{"minutes":21.5,"people":111,"clinic_min":23.41,"school_min":19.59,"k_clinic":5,"k_school":5,"within_15":0,"off_street":1,"ward":"Ajiran\u2013Osapa","lga":"Eti Osa","place":"Chevron","place_m":847},"geometry":{"type":"Polygon","coordinates":[[[3.54082,6.45782],[3.53925,6.45873],[3.53769,6.45783],[3.53768,6.45602],[3.53925,6.45511],[3.54082,6.45602],[3.54082,6.45782]]]}},{"type":"Feature","properties":{"minutes":21.5,"people":78,"clinic_min":23.41,"school_min":19.59,"k_clinic":5,"k_school":5,"within_15":0,"off_street":1,"ward":"Ajiran\u2013Osapa","lga":"Eti Osa","place":"Chevron","place_m":1027},"geometry":{"type":"Polygon","coordinates":[[[3.54395,6.45782],[3.54239,6.45873],[3.54082,6.45782],[3.54082,6.45602],[3.54238,6.45511],[3.54395,6.45601],[3.54395,6.45782]]]}},{"type":"Feature","properties":{"minutes":21.08,"people":474,"clinic_min":19.92,"school_min":22.24,"k_clinic":5,"k_school":5,"within_15":0,"off_street":1,"ward":"Ajiran\u2013Osapa","lga":"Eti Osa","place":"Ikota Bridge","place_m":883},"geometry":{"type":"Polygon","coordinates":[[[3.54708,6.45782],[3.54552,6.45872],[3.54395,6.45782],[3.54395,6.45601],[3.54551,6.45511],[3.54708,6.45601],[3.54708,6.45782]]]}},{"type":"Feature","properties":{"minutes":21.08,"people":171,"clinic_min":19.92,"school_min":22.24,"k_clinic":5,"k_school":5,"within_15":0,"off_street":0,"ward":"Ajiran\u2013Osapa","lga":"Eti Osa","place":"Ikota Bridge","place_m":818},"geometry":{"type":"Polygon","coordinates":[[[3.55022,6.45781],[3.54865,6.45872],[3.54708,6.45782],[3.54708,6.45601],[3.54865,6.4551],[3.55021,6.45601],[3.55022,6.45781]]]}},{"type":"Feature","properties":{"minutes":20.24,"people":167,"clinic_min":17.91,"school_min":22.56,"k_clinic":5,"k_school":5,"within_15":0,"off_street":0,"ward":"Ajiran\u2013Osapa","lga":"Eti Osa","place":"Ikota First Gate","place_m":697},"geometry":{"type":"Polygon","coordinates":[[[3.55335,6.45781],[3.55178,6.45872],[3.55022,6.45781],[3.55021,6.45601],[3.55178,6.4551],[3.55335,6.456],[3.55335,6.45781]]]}},{"type":"Feature","properties":{"minutes":13.43,"people":570,"clinic_min":11.08,"school_min":15.78,"k_clinic":5,"k_school":5,"within_15":1,"off_street":0,"ward":"Ajiran\u2013Osapa","lga":"Eti Osa","place":"Ikota First Gate","place_m":578},"geometry":{"type":"Polygon","coordinates":[[[3.55648,6.45781],[3.55492,6.45871],[3.55335,6.45781],[3.55335,6.456],[3.55491,6.4551],[3.55648,6.456],[3.55648,6.45781]]]}},{"type":"Feature","properties":{"minutes":15.49,"people":886,"clinic_min":14.87,"school_min":16.11,"k_clinic":5,"k_school":5,"within_15":0,"off_street":0,"ward":"Ajah","lga":"Eti Osa","place":"Gbolagas","place_m":595},"geometry":{"type":"Polygon","coordinates":[[[3.55961,6.4578],[3.55805,6.45871],[3.55648,6.45781],[3.55648,6.456],[3.55805,6.45509],[3.55961,6.456],[3.55961,6.4578]]]}},{"type":"Feature","properties":{"minutes":16.08,"people":1148,"clinic_min":18.99,"school_min":13.18,"k_clinic":5,"k_school":5,"within_15":0,"off_street":0,"ward":"Ajah","lga":"Eti Osa","place":"Gbolagas","place_m":754},"geometry":{"type":"Polygon","coordinates":[[[3.56275,6.4578],[3.56118,6.45871],[3.55961,6.4578],[3.55961,6.456],[3.56118,6.45509],[3.56275,6.45599],[3.56275,6.4578]]]}},{"type":"Feature","properties":{"minutes":14.1,"people":1314,"clinic_min":17.75,"school_min":10.44,"k_clinic":5,"k_school":5,"within_15":1,"off_street":0,"ward":"Ajah","lga":"Eti Osa","place":"Ogoyo Village","place_m":521},"geometry":{"type":"Polygon","coordinates":[[[3.56588,6.4578],[3.56431,6.4587],[3.56275,6.4578],[3.56275,6.45599],[3.56431,6.45509],[3.56588,6.45599],[3.56588,6.4578]]]}},{"type":"Feature","properties":{"minutes":12.27,"people":1496,"clinic_min":19.65,"school_min":4.89,"k_clinic":5,"k_school":5,"within_15":1,"off_street":0,"ward":"Ajah","lga":"Eti Osa","place":"Ogoyo Village","place_m":196},"geometry":{"type":"Polygon","coordinates":[[[3.56901,6.45779],[3.56745,6.4587],[3.56588,6.4578],[3.56588,6.45599],[3.56744,6.45508],[3.56901,6.45598],[3.56901,6.45779]]]}},{"type":"Feature","properties":{"minutes":12.99,"people":2098,"clinic_min":20.37,"school_min":5.61,"k_clinic":5,"k_school":5,"within_15":1,"off_street":0,"ward":"Ajah","lga":"Eti Osa","place":"Ogoyo Village","place_m":212},"geometry":{"type":"Polygon","coordinates":[[[3.57215,6.45779],[3.57058,6.4587],[3.56901,6.45779],[3.56901,6.45598],[3.57058,6.45508],[3.57214,6.45598],[3.57215,6.45779]]]}},{"type":"Feature","properties":{"minutes":15.25,"people":364,"clinic_min":20.79,"school_min":9.7,"k_clinic":5,"k_school":5,"within_15":0,"off_street":0,"ward":"Ajah","lga":"Eti Osa","place":"Ogoyo Village","place_m":540},"geometry":{"type":"Polygon","coordinates":[[[3.57528,6.45779],[3.57371,6.45869],[3.57215,6.45779],[3.57214,6.45598],[3.57371,6.45507],[3.57528,6.45598],[3.57528,6.45779]]]}},{"type":"Feature","properties":{"minutes":15.49,"people":379,"clinic_min":17.89,"school_min":13.09,"k_clinic":5,"k_school":5,"within_15":0,"off_street":0,"ward":"Ajah","lga":"Eti Osa","place":"Moba","place_m":826},"geometry":{"type":"Polygon","coordinates":[[[3.57841,6.45778],[3.57685,6.45869],[3.57528,6.45779],[3.57528,6.45598],[3.57684,6.45507],[3.57841,6.45597],[3.57841,6.45778]]]}},{"type":"Feature","properties":{"minutes":15.96,"people":443,"clinic_min":17.22,"school_min":14.7,"k_clinic":5,"k_school":5,"within_15":0,"off_street":0,"ward":"Ajah","lga":"Eti Osa","place":"Peninsula II","place_m":947},"geometry":{"type":"Polygon","coordinates":[[[3.58154,6.45778],[3.57998,6.45869],[3.57841,6.45778],[3.57841,6.45597],[3.57997,6.45507],[3.58154,6.45597],[3.58154,6.45778]]]}},{"type":"Feature","properties":{"minutes":18.39,"people":236,"clinic_min":19.84,"school_min":16.95,"k_clinic":5,"k_school":5,"within_15":0,"off_street":0,"ward":"Okun Ajah\u2013Okunmopo","lga":"Eti Osa","place":"Peninsula II","place_m":634},"geometry":{"type":"Polygon","coordinates":[[[3.58468,6.45778],[3.58311,6.45868],[3.58154,6.45778],[3.58154,6.45597],[3.58311,6.45506],[3.58467,6.45597],[3.58468,6.45778]]]}},{"type":"Feature","properties":{"minutes":13.4,"people":139,"clinic_min":14.95,"school_min":11.84,"k_clinic":5,"k_school":5,"within_15":1,"off_street":0,"ward":"Okun Ajah\u2013Okunmopo","lga":"Eti Osa","place":"Peninsula II","place_m":382},"geometry":{"type":"Polygon","coordinates":[[[3.58781,6.45777],[3.58624,6.45868],[3.58468,6.45778],[3.58467,6.45597],[3.58624,6.45506],[3.58781,6.45596],[3.58781,6.45777]]]}},{"type":"Feature","properties":{"minutes":16.52,"people":153,"clinic_min":18.07,"school_min":14.96,"k_clinic":5,"k_school":5,"within_15":0,"off_street":0,"ward":"Okun Ajah\u2013Okunmopo","lga":"Eti Osa","place":"Peninsula II","place_m":362},"geometry":{"type":"Polygon","coordinates":[[[3.59094,6.45777],[3.58938,6.45868],[3.58781,6.45777],[3.58781,6.45596],[3.58937,6.45506],[3.59094,6.45596],[3.59094,6.45777]]]}},{"type":"Feature","properties":{"minutes":25.41,"people":658,"clinic_min":26.67,"school_min":24.14,"k_clinic":5,"k_school":5,"within_15":0,"off_street":0,"ward":"Okun Ajah\u2013Okunmopo","lga":"Eti Osa","place":"Peninsula II","place_m":596},"geometry":{"type":"Polygon","coordinates":[[[3.59407,6.45777],[3.59251,6.45867],[3.59094,6.45777],[3.59094,6.45596],[3.5925,6.45505],[3.59407,6.45596],[3.59407,6.45777]]]}},{"type":"Feature","properties":{"minutes":27.33,"people":378,"clinic_min":28.67,"school_min":25.98,"k_clinic":5,"k_school":5,"within_15":0,"off_street":0,"ward":"Okun Ajah\u2013Okunmopo","lga":"Eti Osa","place":"Lake Garden Phase 4","place_m":427},"geometry":{"type":"Polygon","coordinates":[[[3.59721,6.45776],[3.59564,6.45867],[3.59407,6.45777],[3.59407,6.45596],[3.59564,6.45505],[3.5972,6.45595],[3.59721,6.45776]]]}},{"type":"Feature","properties":{"minutes":28.56,"people":418,"clinic_min":30.5,"school_min":26.63,"k_clinic":5,"k_school":5,"within_15":0,"off_street":0,"ward":"Okun Ajah\u2013Okunmopo","lga":"Eti Osa","place":"Lake Garden Phase 4","place_m":433},"geometry":{"type":"Polygon","coordinates":[[[3.60034,6.45776],[3.59877,6.45866],[3.59721,6.45776],[3.5972,6.45595],[3.59877,6.45505],[3.60034,6.45595],[3.60034,6.45776]]]}},{"type":"Feature","properties":{"minutes":24.82,"people":439,"clinic_min":29.55,"school_min":20.1,"k_clinic":5,"k_school":5,"within_15":0,"off_street":0,"ward":"Okun Ajah\u2013Okunmopo","lga":"Eti Osa","place":"Lake Garden Phase 4","place_m":658},"geometry":{"type":"Polygon","coordinates":[[[3.60347,6.45775],[3.60191,6.45866],[3.60034,6.45776],[3.60034,6.45595],[3.6019,6.45504],[3.60347,6.45595],[3.60347,6.45775]]]}},{"type":"Feature","properties":{"minutes":20.99,"people":260,"clinic_min":27.19,"school_min":14.79,"k_clinic":5,"k_school":5,"within_15":0,"off_street":0,"ward":"Okun Ajah\u2013Okunmopo","lga":"Eti Osa","place":"Ogombo","place_m":745},"geometry":{"type":"Polygon","coordinates":[[[3.6066,6.45775],[3.60504,6.45866],[3.60347,6.45775],[3.60347,6.45595],[3.60504,6.45504],[3.6066,6.45594],[3.6066,6.45775]]]}},{"type":"Feature","properties":{"minutes":16.82,"people":1059,"clinic_min":23.45,"school_min":10.18,"k_clinic":5,"k_school":5,"within_15":0,"off_street":0,"ward":"Okun Ajah\u2013Okunmopo","lga":"Eti Osa","place":"Ogombo","place_m":399},"geometry":{"type":"Polygon","coordinates":[[[3.60974,6.45775],[3.60817,6.45865],[3.6066,6.45775],[3.6066,6.45594],[3.60817,6.45503],[3.60974,6.45594],[3.60974,6.45775]]]}},{"type":"Feature","properties":{"minutes":16.86,"people":782,"clinic_min":24.4,"school_min":9.31,"k_clinic":5,"k_school":5,"within_15":0,"off_street":0,"ward":"Okun Ajah\u2013Okunmopo","lga":"Eti Osa","place":"Ogombo","place_m":57},"geometry":{"type":"Polygon","coordinates":[[[3.61287,6.45774],[3.6113,6.45865],[3.60974,6.45775],[3.60974,6.45594],[3.6113,6.45503],[3.61287,6.45593],[3.61287,6.45774]]]}},{"type":"Feature","properties":{"minutes":14.77,"people":1195,"clinic_min":22.55,"school_min":6.98,"k_clinic":5,"k_school":5,"within_15":1,"off_street":0,"ward":"Okun Ajah\u2013Okunmopo","lga":"Eti Osa","place":"Peaceland Estate","place_m":173},"geometry":{"type":"Polygon","coordinates":[[[3.616,6.45774],[3.61444,6.45865],[3.61287,6.45774],[3.61287,6.45593],[3.61443,6.45503],[3.616,6.45593],[3.616,6.45774]]]}},{"type":"Feature","properties":{"minutes":20.05,"people":1266,"clinic_min":27.35,"school_min":12.76,"k_clinic":5,"k_school":5,"within_15":0,"off_street":0,"ward":"Okun Ajah\u2013Okunmopo","lga":"Eti Osa","place":"Peaceland Estate","place_m":246},"geometry":{"type":"Polygon","coordinates":[[[3.61914,6.45774],[3.61757,6.45864],[3.616,6.45774],[3.616,6.45593],[3.61757,6.45502],[3.61913,6.45593],[3.61914,6.45774]]]}},{"type":"Feature","properties":{"minutes":21.94,"people":378,"clinic_min":26.76,"school_min":17.12,"k_clinic":5,"k_school":5,"within_15":0,"off_street":0,"ward":"Okun Ajah\u2013Okunmopo","lga":"Eti Osa","place":"Peaceland Estate","place_m":576},"geometry":{"type":"Polygon","coordinates":[[[3.62227,6.45773],[3.6207,6.45864],[3.61914,6.45774],[3.61913,6.45593],[3.6207,6.45502],[3.62227,6.45592],[3.62227,6.45773]]]}},{"type":"Feature","properties":{"minutes":26.56,"people":422,"clinic_min":30.62,"school_min":22.5,"k_clinic":5,"k_school":5,"within_15":0,"off_street":0,"ward":"Okun Ajah\u2013Okunmopo","lga":"Eti Osa","place":"Ogumbo","place_m":442},"geometry":{"type":"Polygon","coordinates":[[[3.6254,6.45773],[3.62384,6.45863],[3.62227,6.45773],[3.62227,6.45592],[3.62383,6.45502],[3.6254,6.45592],[3.6254,6.45773]]]}},{"type":"Feature","properties":{"minutes":25.22,"people":247,"clinic_min":29.81,"school_min":20.64,"k_clinic":5,"k_school":5,"within_15":0,"off_street":0,"ward":"Okun Ajah\u2013Okunmopo","lga":"Eti Osa","place":"Ogumbo","place_m":96},"geometry":{"type":"Polygon","coordinates":[[[3.62853,6.45772],[3.62697,6.45863],[3.6254,6.45773],[3.6254,6.45592],[3.62696,6.45501],[3.62853,6.45591],[3.62853,6.45772]]]}},{"type":"Feature","properties":{"minutes":27.89,"people":442,"clinic_min":35.18,"school_min":20.6,"k_clinic":5,"k_school":5,"within_15":0,"off_street":0,"ward":"Okun Ajah\u2013Okunmopo","lga":"Eti Osa","place":"Ogumbo","place_m":251},"geometry":{"type":"Polygon","coordinates":[[[3.63167,6.45772],[3.6301,6.45863],[3.62853,6.45772],[3.62853,6.45591],[3.6301,6.45501],[3.63166,6.45591],[3.63167,6.45772]]]}},{"type":"Feature","properties":{"minutes":28.3,"people":485,"clinic_min":36.17,"school_min":20.43,"k_clinic":5,"k_school":5,"within_15":0,"off_street":0,"ward":"Okun Ajah\u2013Okunmopo","lga":"Eti Osa","place":"Ogumbo","place_m":597},"geometry":{"type":"Polygon","coordinates":[[[3.6348,6.45772],[3.63323,6.45862],[3.63167,6.45772],[3.63166,6.45591],[3.63323,6.455],[3.6348,6.45591],[3.6348,6.45772]]]}},{"type":"Feature","properties":{"minutes":28.44,"people":226,"clinic_min":39.13,"school_min":17.75,"k_clinic":5,"k_school":5,"within_15":0,"off_street":0,"ward":"Okun Ajah\u2013Okunmopo","lga":"Eti Osa","place":"Monasry","place_m":542},"geometry":{"type":"Polygon","coordinates":[[[3.63793,6.45771],[3.63637,6.45862],[3.6348,6.45772],[3.6348,6.45591],[3.63636,6.455],[3.63793,6.4559],[3.63793,6.45771]]]}},{"type":"Feature","properties":{"minutes":25.4,"people":394,"clinic_min":36.9,"school_min":13.9,"k_clinic":5,"k_school":5,"within_15":0,"off_street":0,"ward":"Okun Ajah\u2013Okunmopo","lga":"Eti Osa","place":"Monasry","place_m":244},"geometry":{"type":"Polygon","coordinates":[[[3.64106,6.45771],[3.6395,6.45861],[3.63793,6.45771],[3.63793,6.4559],[3.63949,6.455],[3.64106,6.4559],[3.64106,6.45771]]]}},{"type":"Feature","properties":{"minutes":25.66,"people":302,"clinic_min":37.13,"school_min":14.2,"k_clinic":5,"k_school":5,"within_15":0,"off_street":1,"ward":"Sangotedo","lga":"Eti Osa","place":"Monasry","place_m":256},"geometry":{"type":"Polygon","coordinates":[[[3.6442,6.4577],[3.64263,6.45861],[3.64106,6.45771],[3.64106,6.4559],[3.64263,6.45499],[3.64419,6.4559],[3.6442,6.4577]]]}},{"type":"Feature","properties":{"minutes":42.96,"people":126,"clinic_min":50.74,"school_min":35.18,"k_clinic":5,"k_school":5,"within_15":0,"off_street":0,"ward":"Sangotedo","lga":"Eti Osa","place":"Monasry","place_m":558},"geometry":{"type":"Polygon","coordinates":[[[3.64733,6.4577],[3.64576,6.45861],[3.6442,6.4577],[3.64419,6.4559],[3.64576,6.45499],[3.64733,6.45589],[3.64733,6.4577]]]}},{"type":"Feature","properties":{"minutes":43.48,"people":274,"clinic_min":51.26,"school_min":35.69,"k_clinic":5,"k_school":5,"within_15":0,"off_street":0,"ward":"Sangotedo","lga":"Eti Osa","place":"Monasry","place_m":893},"geometry":{"type":"Polygon","coordinates":[[[3.65046,6.4577],[3.6489,6.4586],[3.64733,6.4577],[3.64733,6.45589],[3.64889,6.45498],[3.65046,6.45589],[3.65046,6.4577]]]}},{"type":"Feature","properties":{"minutes":39.87,"people":175,"clinic_min":47.65,"school_min":32.08,"k_clinic":5,"k_school":5,"within_15":0,"off_street":0,"ward":"Sangotedo","lga":"Eti Osa","place":"Crown Estate","place_m":1095},"geometry":{"type":"Polygon","coordinates":[[[3.65359,6.45769],[3.65203,6.4586],[3.65046,6.4577],[3.65046,6.45589],[3.65202,6.45498],[3.65359,6.45588],[3.65359,6.45769]]]}},{"type":"Feature","properties":{"minutes":7.11,"people":592,"clinic_min":9.22,"school_min":4.99,"k_clinic":5,"k_school":5,"within_15":1,"off_street":0,"ward":"Marine Beach","lga":"Apapa","place":"Marine Beach","place_m":330},"geometry":{"type":"Polygon","coordinates":[[[3.36069,6.4607],[3.35912,6.4616],[3.35755,6.4607],[3.35755,6.45889],[3.35912,6.45799],[3.36069,6.45889],[3.36069,6.4607]]]}},{"type":"Feature","properties":{"minutes":6.42,"people":687,"clinic_min":8.29,"school_min":4.55,"k_clinic":5,"k_school":5,"within_15":1,"off_street":0,"ward":"Marine Beach","lga":"Apapa","place":"Marine Beach","place_m":319},"geometry":{"type":"Polygon","coordinates":[[[3.36382,6.4607],[3.36225,6.4616],[3.36069,6.4607],[3.36069,6.45889],[3.36225,6.45798],[3.36382,6.45889],[3.36382,6.4607]]]}},{"type":"Feature","properties":{"minutes":6.39,"people":55,"clinic_min":7.16,"school_min":5.62,"k_clinic":5,"k_school":5,"within_15":1,"off_street":0,"ward":"Marine Beach","lga":"Apapa","place":"Dockyard","place_m":176},"geometry":{"type":"Polygon","coordinates":[[[3.36695,6.46069],[3.36539,6.4616],[3.36382,6.4607],[3.36382,6.45889],[3.36538,6.45798],[3.36695,6.45888],[3.36695,6.46069]]]}},{"type":"Feature","properties":{"minutes":14.75,"people":378,"clinic_min":12.93,"school_min":16.57,"k_clinic":5,"k_school":5,"within_15":1,"off_street":0,"ward":"Marine Beach","lga":"Apapa","place":"Dockyard","place_m":279},"geometry":{"type":"Polygon","coordinates":[[[3.37009,6.46069],[3.36852,6.4616],[3.36695,6.46069],[3.36695,6.45888],[3.36852,6.45798],[3.37008,6.45888],[3.37009,6.46069]]]}},{"type":"Feature","properties":{"minutes":17.63,"people":444,"clinic_min":15.74,"school_min":19.52,"k_clinic":5,"k_school":5,"within_15":0,"off_street":0,"ward":"Marine Beach","lga":"Apapa","place":"Dockyard","place_m":604},"geometry":{"type":"Polygon","coordinates":[[[3.37322,6.46069],[3.37165,6.46159],[3.37009,6.46069],[3.37008,6.45888],[3.37165,6.45798],[3.37322,6.45888],[3.37322,6.46069]]]}},{"type":"Feature","properties":{"minutes":3.27,"people":837,"clinic_min":4.97,"school_min":1.57,"k_clinic":5,"k_school":5,"within_15":1,"off_street":0,"ward":"Oke-Olowogbowo","lga":"Lagos Island","place":"Offin","place_m":189},"geometry":{"type":"Polygon","coordinates":[[[3.38262,6.46068],[3.38105,6.46159],[3.37948,6.46068],[3.37948,6.45887],[3.38105,6.45797],[3.38262,6.45887],[3.38262,6.46068]]]}},{"type":"Feature","properties":{"minutes":3.89,"people":1572,"clinic_min":4.06,"school_min":3.72,"k_clinic":5,"k_school":5,"within_15":1,"off_street":0,"ward":"Oke-Arin\u2013Idumota","lga":"Lagos Island","place":"Oke Arin","place_m":51},"geometry":{"type":"Polygon","coordinates":[[[3.38575,6.46068],[3.38418,6.46159],[3.38262,6.46068],[3.38262,6.45887],[3.38418,6.45797],[3.38575,6.45887],[3.38575,6.46068]]]}},{"type":"Feature","properties":{"minutes":4.1,"people":1892,"clinic_min":4.18,"school_min":4.02,"k_clinic":5,"k_school":5,"within_15":1,"off_street":0,"ward":"Oluwole","lga":"Lagos Island","place":"Idunmota","place_m":67},"geometry":{"type":"Polygon","coordinates":[[[3.38888,6.46068],[3.38732,6.46158],[3.38575,6.46068],[3.38575,6.45887],[3.38731,6.45796],[3.38888,6.45887],[3.38888,6.46068]]]}},{"type":"Feature","properties":{"minutes":1.94,"people":874,"clinic_min":2.77,"school_min":1.1,"k_clinic":5,"k_school":5,"within_15":1,"off_street":0,"ward":"Ilupesi\u2013Ebute Awo","lga":"Lagos Island","place":"Oko Awo","place_m":89},"geometry":{"type":"Polygon","coordinates":[[[3.39201,6.46067],[3.39045,6.46158],[3.38888,6.46068],[3.38888,6.45887],[3.39045,6.45796],[3.39201,6.45887],[3.39201,6.46067]]]}},{"type":"Feature","properties":{"minutes":5.24,"people":1656,"clinic_min":5.35,"school_min":5.14,"k_clinic":5,"k_school":5,"within_15":1,"off_street":0,"ward":"Ilupesi\u2013Ebute Awo","lga":"Lagos Island","place":"Idunmagbo","place_m":93},"geometry":{"type":"Polygon","coordinates":[[[3.39515,6.46067],[3.39358,6.46158],[3.39201,6.46067],[3.39201,6.45887],[3.39358,6.45796],[3.39515,6.45886],[3.39515,6.46067]]]}},{"type":"Feature","properties":{"minutes":5.29,"people":313,"clinic_min":6.02,"school_min":4.55,"k_clinic":5,"k_school":5,"within_15":1,"off_street":0,"ward":"Ilupesi\u2013Ebute Awo","lga":"Lagos Island","place":"Agarawu","place_m":302},"geometry":{"type":"Polygon","coordinates":[[[3.39828,6.46067],[3.39671,6.46158],[3.39515,6.46067],[3.39515,6.45886],[3.39671,6.45796],[3.39828,6.45886],[3.39828,6.46067]]]}},{"type":"Feature","properties":{"minutes":34.68,"people":1005,"clinic_min":43.87,"school_min":25.49,"k_clinic":5,"k_school":5,"within_15":0,"off_street":0,"ward":"Ijeh\u2013Dolphin Estate","lga":"Eti Osa","place":"Banana Island","place_m":473},"geometry":{"type":"Polygon","coordinates":[[[3.40768,6.46066],[3.40611,6.46157],[3.40455,6.46066],[3.40454,6.45886],[3.40611,6.45795],[3.40768,6.45885],[3.40768,6.46066]]]}},{"type":"Feature","properties":{"minutes":31.58,"people":603,"clinic_min":40.69,"school_min":22.47,"k_clinic":5,"k_school":5,"within_15":0,"off_street":0,"ward":"Ijeh\u2013Dolphin Estate","lga":"Eti Osa","place":"Banana Island","place_m":199},"geometry":{"type":"Polygon","coordinates":[[[3.41081,6.46066],[3.40925,6.46157],[3.40768,6.46066],[3.40768,6.45885],[3.40924,6.45795],[3.41081,6.45885],[3.41081,6.46066]]]}},{"type":"Feature","properties":{"minutes":28.93,"people":443,"clinic_min":37.84,"school_min":20.01,"k_clinic":5,"k_school":5,"within_15":0,"off_street":0,"ward":"Ijeh\u2013Dolphin Estate","lga":"Eti Osa","place":"Banana Island","place_m":150},"geometry":{"type":"Polygon","coordinates":[[[3.41394,6.46066],[3.41238,6.46156],[3.41081,6.46066],[3.41081,6.45885],[3.41238,6.45794],[3.41394,6.45885],[3.41394,6.46066]]]}},{"type":"Feature","properties":{"minutes":21.99,"people":1470,"clinic_min":23.72,"school_min":20.27,"k_clinic":5,"k_school":5,"within_15":0,"off_street":0,"ward":"Ijeh\u2013Dolphin Estate","lga":"Eti Osa","place":"Ikoyi","place_m":455},"geometry":{"type":"Polygon","coordinates":[[[3.41708,6.46065],[3.41551,6.46156],[3.41394,6.46066],[3.41394,6.45885],[3.41551,6.45794],[3.41708,6.45885],[3.41708,6.46065]]]}},{"type":"Feature","properties":{"minutes":28.07,"people":2384,"clinic_min":31.27,"school_min":24.86,"k_clinic":5,"k_school":5,"within_15":0,"off_street":0,"ward":"Ijeh\u2013Dolphin Estate","lga":"Eti Osa","place":"Ikoyi","place_m":142},"geometry":{"type":"Polygon","coordinates":[[[3.42021,6.46065],[3.41864,6.46156],[3.41708,6.46065],[3.41708,6.45885],[3.41864,6.45794],[3.42021,6.45884],[3.42021,6.46065]]]}},{"type":"Feature","properties":{"minutes":22.36,"people":673,"clinic_min":40.8,"school_min":3.92,"k_clinic":5,"k_school":5,"within_15":0,"off_street":0,"ward":"Ikoyi 1","lga":"Eti Osa","place":"Ikoyi","place_m":271},"geometry":{"type":"Polygon","coordinates":[[[3.42334,6.46065],[3.42178,6.46156],[3.42021,6.46065],[3.42021,6.45884],[3.42177,6.45794],[3.42334,6.45884],[3.42334,6.46065]]]}},{"type":"Feature","properties":{"minutes":16.97,"people":1155,"clinic_min":25.75,"school_min":8.2,"k_clinic":5,"k_school":5,"within_15":0,"off_street":0,"ward":"Ikoyi 1","lga":"Eti Osa","place":"Osborne Ikoyi","place_m":300},"geometry":{"type":"Polygon","coordinates":[[[3.42648,6.46065],[3.42491,6.46155],[3.42334,6.46065],[3.42334,6.45884],[3.42491,6.45793],[3.42647,6.45884],[3.42648,6.46065]]]}},{"type":"Feature","properties":{"minutes":16.29,"people":740,"clinic_min":26.88,"school_min":5.69,"k_clinic":5,"k_school":5,"within_15":0,"off_street":0,"ward":"Ikoyi 1","lga":"Eti Osa","place":"Osborne Ikoyi","place_m":104},"geometry":{"type":"Polygon","coordinates":[[[3.42961,6.46064],[3.42804,6.46155],[3.42648,6.46065],[3.42647,6.45884],[3.42804,6.45793],[3.42961,6.45884],[3.42961,6.46064]]]}},{"type":"Feature","properties":{"minutes":18.64,"people":876,"clinic_min":28.21,"school_min":9.07,"k_clinic":5,"k_school":5,"within_15":0,"off_street":0,"ward":"Ikoyi 1","lga":"Eti Osa","place":"Alfred Way","place_m":185},"geometry":{"type":"Polygon","coordinates":[[[3.43274,6.46064],[3.43118,6.46155],[3.42961,6.46064],[3.42961,6.45884],[3.43117,6.45793],[3.43274,6.45883],[3.43274,6.46064]]]}},{"type":"Feature","properties":{"minutes":21.99,"people":946,"clinic_min":31.69,"school_min":12.28,"k_clinic":5,"k_school":5,"within_15":0,"off_street":0,"ward":"Ikoyi 1","lga":"Eti Osa","place":"Alfred Way","place_m":169},"geometry":{"type":"Polygon","coordinates":[[[3.43587,6.46064],[3.43431,6.46154],[3.43274,6.46064],[3.43274,6.45883],[3.43431,6.45793],[3.43587,6.45883],[3.43587,6.46064]]]}},{"type":"Feature","properties":{"minutes":39.14,"people":1198,"clinic_min":49.28,"school_min":29.0,"k_clinic":5,"k_school":5,"within_15":0,"off_street":0,"ward":"Ikoyi 1","lga":"Eti Osa","place":"Alfred Way","place_m":512},"geometry":{"type":"Polygon","coordinates":[[[3.43901,6.46064],[3.43744,6.46154],[3.43587,6.46064],[3.43587,6.45883],[3.43744,6.45792],[3.43901,6.45883],[3.43901,6.46064]]]}},{"type":"Feature","properties":{"minutes":35.37,"people":1610,"clinic_min":45.44,"school_min":25.31,"k_clinic":5,"k_school":5,"within_15":0,"off_street":0,"ward":"Ikoyi 1","lga":"Eti Osa","place":"Park View Estate","place_m":428},"geometry":{"type":"Polygon","coordinates":[[[3.44214,6.46063],[3.44057,6.46154],[3.43901,6.46064],[3.43901,6.45883],[3.44057,6.45792],[3.44214,6.45882],[3.44214,6.46063]]]}},{"type":"Feature","properties":{"minutes":35.13,"people":1158,"clinic_min":44.58,"school_min":25.69,"k_clinic":5,"k_school":5,"within_15":0,"off_street":0,"ward":"Ikoyi 1","lga":"Eti Osa","place":"Park View Estate","place_m":504},"geometry":{"type":"Polygon","coordinates":[[[3.44527,6.46063],[3.44371,6.46154],[3.44214,6.46063],[3.44214,6.45882],[3.4437,6.45792],[3.44527,6.45882],[3.44527,6.46063]]]}},{"type":"Feature","properties":{"minutes":35.65,"people":1667,"clinic_min":44.58,"school_min":26.72,"k_clinic":5,"k_school":5,"within_15":0,"off_street":0,"ward":"Ikoyi 1","lga":"Eti Osa","place":"Banana Island","place_m":285},"geometry":{"type":"Polygon","coordinates":[[[3.44841,6.46063],[3.44684,6.46153],[3.44527,6.46063],[3.44527,6.45882],[3.44684,6.45792],[3.4484,6.45882],[3.44841,6.46063]]]}},{"type":"Feature","properties":{"minutes":36.26,"people":1008,"clinic_min":44.35,"school_min":28.17,"k_clinic":5,"k_school":5,"within_15":0,"off_street":0,"ward":"Ikoyi 1","lga":"Eti Osa","place":"Banana Island","place_m":159},"geometry":{"type":"Polygon","coordinates":[[[3.45154,6.46063],[3.44997,6.46153],[3.44841,6.46063],[3.4484,6.45882],[3.44997,6.45791],[3.45154,6.45882],[3.45154,6.46063]]]}},{"type":"Feature","properties":{"minutes":41.41,"people":170,"clinic_min":49.5,"school_min":33.32,"k_clinic":5,"k_school":5,"within_15":0,"off_street":0,"ward":"1004\u2013Aboyade","lga":"Eti Osa","place":"Banana Island","place_m":457},"geometry":{"type":"Polygon","coordinates":[[[3.45467,6.46062],[3.4531,6.46153],[3.45154,6.46063],[3.45154,6.45882],[3.4531,6.45791],[3.45467,6.45881],[3.45467,6.46062]]]}},{"type":"Feature","properties":{"minutes":48.65,"people":352,"clinic_min":56.75,"school_min":40.56,"k_clinic":5,"k_school":5,"within_15":0,"off_street":0,"ward":"Ikoyi 1","lga":"Eti Osa","place":"Banana Island","place_m":795},"geometry":{"type":"Polygon","coordinates":[[[3.4578,6.46062],[3.45624,6.46153],[3.45467,6.46062],[3.45467,6.45881],[3.45623,6.45791],[3.4578,6.45881],[3.4578,6.46062]]]}},{"type":"Feature","properties":{"minutes":53.91,"people":801,"clinic_min":62.0,"school_min":45.81,"k_clinic":5,"k_school":5,"within_15":0,"off_street":0,"ward":"Ikoyi 1","lga":"Eti Osa","place":"Banana Island","place_m":1139},"geometry":{"type":"Polygon","coordinates":[[[3.46094,6.46062],[3.45937,6.46152],[3.4578,6.46062],[3.4578,6.45881],[3.45937,6.4579],[3.46093,6.45881],[3.46094,6.46062]]]}},{"type":"Feature","properties":{"minutes":60.39,"people":429,"clinic_min":68.49,"school_min":52.3,"k_clinic":5,"k_school":5,"within_15":0,"off_street":0,"ward":"Ikoyi 1","lga":"Eti Osa","place":"Peninsula","place_m":1418},"geometry":{"type":"Polygon","coordinates":[[[3.46407,6.46061],[3.4625,6.46152],[3.46094,6.46062],[3.46093,6.45881],[3.4625,6.4579],[3.46407,6.4588],[3.46407,6.46061]]]}},{"type":"Feature","properties":{"minutes":19.76,"people":661,"clinic_min":23.63,"school_min":15.9,"k_clinic":5,"k_school":5,"within_15":0,"off_street":0,"ward":"Ikate\u2013Lekki","lga":"Eti Osa","place":"Sakiru Anjorin Lake Phase 1","place_m":983},"geometry":{"type":"Polygon","coordinates":[[[3.47033,6.46061],[3.46877,6.46151],[3.4672,6.46061],[3.4672,6.4588],[3.46877,6.4579],[3.47033,6.4588],[3.47033,6.46061]]]}},{"type":"Feature","properties":{"minutes":18.3,"people":717,"clinic_min":21.83,"school_min":14.77,"k_clinic":5,"k_school":5,"within_15":0,"off_street":0,"ward":"Ikate\u2013Lekki","lga":"Eti Osa","place":"Sakiru Anjorin Lake Phase 1","place_m":870},"geometry":{"type":"Polygon","coordinates":[[[3.47347,6.46061],[3.4719,6.46151],[3.47033,6.46061],[3.47033,6.4588],[3.4719,6.45789],[3.47347,6.4588],[3.47347,6.46061]]]}},{"type":"Feature","properties":{"minutes":22.65,"people":661,"clinic_min":25.71,"school_min":19.59,"k_clinic":5,"k_school":5,"within_15":0,"off_street":0,"ward":"Ikate\u2013Lekki","lga":"Eti Osa","place":"Fatai Arobieke Crescent","place_m":749},"geometry":{"type":"Polygon","coordinates":[[[3.4766,6.4606],[3.47503,6.46151],[3.47347,6.46061],[3.47347,6.4588],[3.47503,6.45789],[3.4766,6.45879],[3.4766,6.4606]]]}},{"type":"Feature","properties":{"minutes":33.76,"people":135,"clinic_min":34.13,"school_min":33.4,"k_clinic":5,"k_school":5,"within_15":0,"off_street":1,"ward":"Ajiran\u2013Osapa","lga":"Eti Osa","place":"Ajiran Agugin","place_m":867},"geometry":{"type":"Polygon","coordinates":[[[3.51106,6.46057],[3.50949,6.46148],[3.50793,6.46057],[3.50793,6.45876],[3.50949,6.45786],[3.51106,6.45876],[3.51106,6.46057]]]}},{"type":"Feature","properties":{"minutes":33.76,"people":1007,"clinic_min":34.13,"school_min":33.4,"k_clinic":5,"k_school":5,"within_15":0,"off_street":0,"ward":"Ajiran\u2013Osapa","lga":"Eti Osa","place":"Ajiran Agugin","place_m":716},"geometry":{"type":"Polygon","coordinates":[[[3.51419,6.46057],[3.51263,6.46147],[3.51106,6.46057],[3.51106,6.45876],[3.51262,6.45785],[3.51419,6.45876],[3.51419,6.46057]]]}},{"type":"Feature","properties":{"minutes":28.69,"people":551,"clinic_min":29.06,"school_min":28.33,"k_clinic":5,"k_school":5,"within_15":0,"off_street":0,"ward":"Ajiran\u2013Osapa","lga":"Eti Osa","place":"Ajiran Agugin","place_m":716},"geometry":{"type":"Polygon","coordinates":[[[3.51733,6.46056],[3.51576,6.46147],[3.51419,6.46057],[3.51419,6.45876],[3.51576,6.45785],[3.51732,6.45875],[3.51733,6.46056]]]}},{"type":"Feature","properties":{"minutes":24.24,"people":776,"clinic_min":24.6,"school_min":23.87,"k_clinic":5,"k_school":5,"within_15":0,"off_street":0,"ward":"Ajiran\u2013Osapa","lga":"Eti Osa","place":"Ojomu","place_m":546},"geometry":{"type":"Polygon","coordinates":[[[3.52046,6.46056],[3.51889,6.46147],[3.51733,6.46056],[3.51732,6.45875],[3.51889,6.45785],[3.52046,6.45875],[3.52046,6.46056]]]}},{"type":"Feature","properties":{"minutes":18.34,"people":947,"clinic_min":18.61,"school_min":18.07,"k_clinic":5,"k_school":5,"within_15":0,"off_street":1,"ward":"Ajiran\u2013Osapa","lga":"Eti Osa","place":"Ojomu","place_m":533},"geometry":{"type":"Polygon","coordinates":[[[3.52359,6.46056],[3.52203,6.46146],[3.52046,6.46056],[3.52046,6.45875],[3.52202,6.45784],[3.52359,6.45875],[3.52359,6.46056]]]}},{"type":"Feature","properties":{"minutes":35.77,"people":808,"clinic_min":39.24,"school_min":32.29,"k_clinic":5,"k_school":5,"within_15":0,"off_street":1,"ward":"Ajiran\u2013Osapa","lga":"Eti Osa","place":"Ojomu","place_m":714},"geometry":{"type":"Polygon","coordinates":[[[3.52672,6.46055],[3.52516,6.46146],[3.52359,6.46056],[3.52359,6.45875],[3.52515,6.45784],[3.52672,6.45874],[3.52672,6.46055]]]}},{"type":"Feature","properties":{"minutes":35.77,"people":54,"clinic_min":39.24,"school_min":32.29,"k_clinic":5,"k_school":5,"within_15":0,"off_street":0,"ward":"Ajiran\u2013Osapa","lga":"Eti Osa","place":"Ojomu","place_m":988},"geometry":{"type":"Polygon","coordinates":[[[3.52986,6.46055],[3.52829,6.46146],[3.52672,6.46055],[3.52672,6.45874],[3.52829,6.45784],[3.52985,6.45874],[3.52986,6.46055]]]}},{"type":"Feature","properties":{"minutes":32.28,"people":167,"clinic_min":35.76,"school_min":28.81,"k_clinic":5,"k_school":5,"within_15":0,"off_street":0,"ward":"Ajiran\u2013Osapa","lga":"Eti Osa","place":"Chevron","place_m":736},"geometry":{"type":"Polygon","coordinates":[[[3.53299,6.46055],[3.53142,6.46145],[3.52986,6.46055],[3.52985,6.45874],[3.53142,6.45783],[3.53299,6.45874],[3.53299,6.46055]]]}},{"type":"Feature","properties":{"minutes":32.28,"people":161,"clinic_min":35.76,"school_min":28.81,"k_clinic":5,"k_school":5,"within_15":0,"off_street":1,"ward":"Ajiran\u2013Osapa","lga":"Eti Osa","place":"Chevron","place_m":528},"geometry":{"type":"Polygon","coordinates":[[[3.53612,6.46054],[3.53456,6.46145],[3.53299,6.46055],[3.53299,6.45874],[3.53455,6.45783],[3.53612,6.45873],[3.53612,6.46054]]]}},{"type":"Feature","properties":{"minutes":32.28,"people":287,"clinic_min":35.76,"school_min":28.81,"k_clinic":5,"k_school":5,"within_15":0,"off_street":1,"ward":"Ajiran\u2013Osapa","lga":"Eti Osa","place":"Chevron","place_m":507},"geometry":{"type":"Polygon","coordinates":[[[3.53925,6.46054],[3.53769,6.46145],[3.53612,6.46054],[3.53612,6.45873],[3.53769,6.45783],[3.53925,6.45873],[3.53925,6.46054]]]}},{"type":"Feature","properties":{"minutes":21.5,"people":289,"clinic_min":23.41,"school_min":19.59,"k_clinic":5,"k_school":5,"within_15":0,"off_street":1,"ward":"Ajiran\u2013Osapa","lga":"Eti Osa","place":"Chevron","place_m":689},"geometry":{"type":"Polygon","coordinates":[[[3.54239,6.46054],[3.54082,6.46144],[3.53925,6.46054],[3.53925,6.45873],[3.54082,6.45782],[3.54239,6.45873],[3.54239,6.46054]]]}},{"type":"Feature","properties":{"minutes":21.08,"people":250,"clinic_min":19.92,"school_min":22.24,"k_clinic":5,"k_school":5,"within_15":0,"off_street":1,"ward":"Ajiran\u2013Osapa","lga":"Eti Osa","place":"Chevron","place_m":965},"geometry":{"type":"Polygon","coordinates":[[[3.54552,6.46053],[3.54395,6.46144],[3.54239,6.46054],[3.54239,6.45873],[3.54395,6.45782],[3.54552,6.45872],[3.54552,6.46053]]]}},{"type":"Feature","properties":{"minutes":18.04,"people":137,"clinic_min":16.09,"school_min":19.99,"k_clinic":5,"k_school":5,"within_15":0,"off_street":1,"ward":"Ajiran\u2013Osapa","lga":"Eti Osa","place":"Ikota Bridge","place_m":1129},"geometry":{"type":"Polygon","coordinates":[[[3.54865,6.46053],[3.54709,6.46144],[3.54552,6.46053],[3.54552,6.45872],[3.54708,6.45782],[3.54865,6.45872],[3.54865,6.46053]]]}},{"type":"Feature","properties":{"minutes":18.04,"people":253,"clinic_min":16.09,"school_min":19.99,"k_clinic":5,"k_school":5,"within_15":0,"off_street":0,"ward":"Ajiran\u2013Osapa","lga":"Eti Osa","place":"Eleganza","place_m":923},"geometry":{"type":"Polygon","coordinates":[[[3.55179,6.46053],[3.55022,6.46143],[3.54865,6.46053],[3.54865,6.45872],[3.55022,6.45781],[3.55178,6.45872],[3.55179,6.46053]]]}},{"type":"Feature","properties":{"minutes":12.39,"people":488,"clinic_min":10.22,"school_min":14.55,"k_clinic":5,"k_school":5,"within_15":1,"off_street":0,"ward":"Ajiran\u2013Osapa","lga":"Eti Osa","place":"Eleganza","place_m":757},"geometry":{"type":"Polygon","coordinates":[[[3.55492,6.46052],[3.55335,6.46143],[3.55179,6.46053],[3.55178,6.45872],[3.55335,6.45781],[3.55492,6.45871],[3.55492,6.46052]]]}},{"type":"Feature","properties":{"minutes":13.31,"people":846,"clinic_min":14.77,"school_min":11.86,"k_clinic":5,"k_school":5,"within_15":1,"off_street":0,"ward":"Ajah","lga":"Eti Osa","place":"Eleganza","place_m":731},"geometry":{"type":"Polygon","coordinates":[[[3.55805,6.46052],[3.55649,6.46143],[3.55492,6.46052],[3.55492,6.45871],[3.55648,6.45781],[3.55805,6.45871],[3.55805,6.46052]]]}},{"type":"Feature","properties":{"minutes":12.08,"people":644,"clinic_min":12.78,"school_min":11.38,"k_clinic":5,"k_school":5,"within_15":1,"off_street":1,"ward":"Ajah","lga":"Eti Osa","place":"Ikota","place_m":757},"geometry":{"type":"Polygon","coordinates":[[[3.56118,6.46052],[3.55962,6.46142],[3.55805,6.46052],[3.55805,6.45871],[3.55961,6.4578],[3.56118,6.45871],[3.56118,6.46052]]]}},{"type":"Feature","properties":{"minutes":16.07,"people":671,"clinic_min":20.05,"school_min":12.1,"k_clinic":5,"k_school":5,"within_15":0,"off_street":0,"ward":"Ajah","lga":"Eti Osa","place":"Eti Osa Indigenous Town","place_m":765},"geometry":{"type":"Polygon","coordinates":[[[3.56432,6.46051],[3.56275,6.46142],[3.56118,6.46052],[3.56118,6.45871],[3.56275,6.4578],[3.56431,6.4587],[3.56432,6.46051]]]}},{"type":"Feature","properties":{"minutes":14.01,"people":980,"clinic_min":17.99,"school_min":10.04,"k_clinic":5,"k_school":5,"within_15":1,"off_street":0,"ward":"Ajah","lga":"Eti Osa","place":"Ogoyo Village","place_m":528},"geometry":{"type":"Polygon","coordinates":[[[3.56745,6.46051],[3.56588,6.46142],[3.56432,6.46051],[3.56431,6.4587],[3.56588,6.4578],[3.56745,6.4587],[3.56745,6.46051]]]}},{"type":"Feature","properties":{"minutes":14.6,"people":1418,"clinic_min":20.52,"school_min":8.69,"k_clinic":5,"k_school":5,"within_15":1,"off_street":0,"ward":"Ajah","lga":"Eti Osa","place":"Ogoyo Village","place_m":407},"geometry":{"type":"Polygon","coordinates":[[[3.57058,6.46051],[3.56902,6.46141],[3.56745,6.46051],[3.56745,6.4587],[3.56901,6.45779],[3.57058,6.4587],[3.57058,6.46051]]]}},{"type":"Feature","properties":{"minutes":15.75,"people":900,"clinic_min":20.06,"school_min":11.44,"k_clinic":5,"k_school":5,"within_15":0,"off_street":0,"ward":"Ajah","lga":"Eti Osa","place":"Ogoyo Village","place_m":541},"geometry":{"type":"Polygon","coordinates":[[[3.57371,6.4605],[3.57215,6.46141],[3.57058,6.46051],[3.57058,6.4587],[3.57215,6.45779],[3.57371,6.45869],[3.57371,6.4605]]]}},{"type":"Feature","properties":{"minutes":16.42,"people":446,"clinic_min":18.7,"school_min":14.13,"k_clinic":5,"k_school":5,"within_15":0,"off_street":0,"ward":"Ajah","lga":"Eti Osa","place":"Ogoyo Village","place_m":812},"geometry":{"type":"Polygon","coordinates":[[[3.57685,6.4605],[3.57528,6.46141],[3.57371,6.4605],[3.57371,6.45869],[3.57528,6.45779],[3.57685,6.45869],[3.57685,6.4605]]]}},{"type":"Feature","properties":{"minutes":16.05,"people":760,"clinic_min":17.04,"school_min":15.06,"k_clinic":5,"k_school":5,"within_15":0,"off_street":0,"ward":"Ajah","lga":"Eti Osa","place":"Peninsula II","place_m":1062},"geometry":{"type":"Polygon","coordinates":[[[3.57998,6.4605],[3.57841,6.4614],[3.57685,6.4605],[3.57685,6.45869],[3.57841,6.45778],[3.57998,6.45869],[3.57998,6.4605]]]}},{"type":"Feature","properties":{"minutes":11.78,"people":723,"clinic_min":13.08,"school_min":10.47,"k_clinic":5,"k_school":5,"within_15":1,"off_street":0,"ward":"Ajah","lga":"Eti Osa","place":"Peninsula II","place_m":716},"geometry":{"type":"Polygon","coordinates":[[[3.58311,6.46049],[3.58155,6.4614],[3.57998,6.4605],[3.57998,6.45869],[3.58154,6.45778],[3.58311,6.45868],[3.58311,6.46049]]]}},{"type":"Feature","properties":{"minutes":9.38,"people":333,"clinic_min":10.94,"school_min":7.82,"k_clinic":5,"k_school":5,"within_15":1,"off_street":0,"ward":"Okun Ajah\u2013Okunmopo","lga":"Eti Osa","place":"Peninsula II","place_m":370},"geometry":{"type":"Polygon","coordinates":[[[3.58625,6.46049],[3.58468,6.46139],[3.58311,6.46049],[3.58311,6.45868],[3.58468,6.45778],[3.58624,6.45868],[3.58625,6.46049]]]}},{"type":"Feature","properties":{"minutes":11.29,"people":239,"clinic_min":12.85,"school_min":9.74,"k_clinic":5,"k_school":5,"within_15":1,"off_street":0,"ward":"Okun Ajah\u2013Okunmopo","lga":"Eti Osa","place":"Peninsula II","place_m":36},"geometry":{"type":"Polygon","coordinates":[[[3.58938,6.46048],[3.58781,6.46139],[3.58625,6.46049],[3.58624,6.45868],[3.58781,6.45777],[3.58938,6.45868],[3.58938,6.46048]]]}},{"type":"Feature","properties":{"minutes":14.64,"people":60,"clinic_min":16.2,"school_min":13.09,"k_clinic":5,"k_school":5,"within_15":1,"off_street":0,"ward":"Okun Ajah\u2013Okunmopo","lga":"Eti Osa","place":"Peninsula II","place_m":325},"geometry":{"type":"Polygon","coordinates":[[[3.59251,6.46048],[3.59095,6.46139],[3.58938,6.46048],[3.58938,6.45868],[3.59094,6.45777],[3.59251,6.45867],[3.59251,6.46048]]]}},{"type":"Feature","properties":{"minutes":31.52,"people":170,"clinic_min":35.36,"school_min":27.67,"k_clinic":5,"k_school":5,"within_15":0,"off_street":0,"ward":"Okun Ajah\u2013Okunmopo","lga":"Eti Osa","place":"Lake Garden Phase 4","place_m":351},"geometry":{"type":"Polygon","coordinates":[[[3.59564,6.46048],[3.59408,6.46138],[3.59251,6.46048],[3.59251,6.45867],[3.59407,6.45777],[3.59564,6.45867],[3.59564,6.46048]]]}},{"type":"Feature","properties":{"minutes":30.49,"people":222,"clinic_min":34.14,"school_min":26.83,"k_clinic":5,"k_school":5,"within_15":0,"off_street":0,"ward":"Okun Ajah\u2013Okunmopo","lga":"Eti Osa","place":"Lake Garden Phase 4","place_m":94},"geometry":{"type":"Polygon","coordinates":[[[3.59878,6.46047],[3.59721,6.46138],[3.59564,6.46048],[3.59564,6.45867],[3.59721,6.45776],[3.59877,6.45866],[3.59878,6.46047]]]}},{"type":"Feature","properties":{"minutes":26.21,"people":203,"clinic_min":30.97,"school_min":21.46,"k_clinic":5,"k_school":5,"within_15":0,"off_street":0,"ward":"Okun Ajah\u2013Okunmopo","lga":"Eti Osa","place":"Lake Garden Phase 5","place_m":362},"geometry":{"type":"Polygon","coordinates":[[[3.60191,6.46047],[3.60034,6.46138],[3.59878,6.46047],[3.59877,6.45866],[3.60034,6.45776],[3.60191,6.45866],[3.60191,6.46047]]]}},{"type":"Feature","properties":{"minutes":26.0,"people":316,"clinic_min":30.85,"school_min":21.14,"k_clinic":5,"k_school":5,"within_15":0,"off_street":0,"ward":"Okun Ajah\u2013Okunmopo","lga":"Eti Osa","place":"Lake Garden Phase 5","place_m":699},"geometry":{"type":"Polygon","coordinates":[[[3.60504,6.46047],[3.60348,6.46137],[3.60191,6.46047],[3.60191,6.45866],[3.60347,6.45775],[3.60504,6.45866],[3.60504,6.46047]]]}},{"type":"Feature","properties":{"minutes":22.49,"people":147,"clinic_min":28.73,"school_min":16.26,"k_clinic":5,"k_school":5,"within_15":0,"off_street":0,"ward":"Okun Ajah\u2013Okunmopo","lga":"Eti Osa","place":"Ogombo","place_m":657},"geometry":{"type":"Polygon","coordinates":[[[3.60817,6.46046],[3.60661,6.46137],[3.60504,6.46047],[3.60504,6.45866],[3.6066,6.45775],[3.60817,6.45865],[3.60817,6.46046]]]}},{"type":"Feature","properties":{"minutes":20.37,"people":799,"clinic_min":27.41,"school_min":13.32,"k_clinic":5,"k_school":5,"within_15":0,"off_street":0,"ward":"Okun Ajah\u2013Okunmopo","lga":"Eti Osa","place":"Ogombo","place_m":395},"geometry":{"type":"Polygon","coordinates":[[[3.61131,6.46046],[3.60974,6.46137],[3.60817,6.46046],[3.60817,6.45865],[3.60974,6.45775],[3.6113,6.45865],[3.61131,6.46046]]]}},{"type":"Feature","properties":{"minutes":18.22,"people":759,"clinic_min":25.93,"school_min":10.51,"k_clinic":5,"k_school":5,"within_15":0,"off_street":0,"ward":"Okun Ajah\u2013Okunmopo","lga":"Eti Osa","place":"Ogombo","place_m":346},"geometry":{"type":"Polygon","coordinates":[[[3.61444,6.46045],[3.61287,6.46136],[3.61131,6.46046],[3.6113,6.45865],[3.61287,6.45774],[3.61444,6.45865],[3.61444,6.46045]]]}},{"type":"Feature","properties":{"minutes":18.48,"people":784,"clinic_min":24.7,"school_min":12.26,"k_clinic":5,"k_school":5,"within_15":0,"off_street":0,"ward":"Sangotedo","lga":"Eti Osa","place":"Peaceland Estate","place_m":418},"geometry":{"type":"Polygon","coordinates":[[[3.61757,6.46045],[3.61601,6.46136],[3.61444,6.46045],[3.61444,6.45865],[3.616,6.45774],[3.61757,6.45864],[3.61757,6.46045]]]}},{"type":"Feature","properties":{"minutes":19.4,"people":824,"clinic_min":25.49,"school_min":13.32,"k_clinic":5,"k_school":5,"within_15":0,"off_street":0,"ward":"Sangotedo","lga":"Eti Osa","place":"Peaceland Estate","place_m":570},"geometry":{"type":"Polygon","coordinates":[[[3.6207,6.46045],[3.61914,6.46135],[3.61757,6.46045],[3.61757,6.45864],[3.61914,6.45774],[3.6207,6.45864],[3.6207,6.46045]]]}},{"type":"Feature","properties":{"minutes":23.58,"people":1023,"clinic_min":27.45,"school_min":19.72,"k_clinic":5,"k_school":5,"within_15":0,"off_street":0,"ward":"Sangotedo","lga":"Eti Osa","place":"Ogumbo","place_m":682},"geometry":{"type":"Polygon","coordinates":[[[3.62384,6.46044],[3.62227,6.46135],[3.6207,6.46045],[3.6207,6.45864],[3.62227,6.45773],[3.62384,6.45863],[3.62384,6.46044]]]}},{"type":"Feature","properties":{"minutes":24.33,"people":692,"clinic_min":29.27,"school_min":19.38,"k_clinic":5,"k_school":5,"within_15":0,"off_street":0,"ward":"Sangotedo","lga":"Eti Osa","place":"Ogumbo","place_m":398},"geometry":{"type":"Polygon","coordinates":[[[3.62697,6.46044],[3.62541,6.46135],[3.62384,6.46044],[3.62384,6.45863],[3.6254,6.45773],[3.62697,6.45863],[3.62697,6.46044]]]}},{"type":"Feature","properties":{"minutes":24.65,"people":264,"clinic_min":30.28,"school_min":19.01,"k_clinic":5,"k_school":5,"within_15":0,"off_street":0,"ward":"Sangotedo","lga":"Eti Osa","place":"Ogumbo","place_m":304},"geometry":{"type":"Polygon","coordinates":[[[3.6301,6.46044],[3.62854,6.46134],[3.62697,6.46044],[3.62697,6.45863],[3.62853,6.45772],[3.6301,6.45863],[3.6301,6.46044]]]}},{"type":"Feature","properties":{"minutes":21.83,"people":469,"clinic_min":31.21,"school_min":12.44,"k_clinic":5,"k_school":5,"within_15":0,"off_street":0,"ward":"Sangotedo","lga":"Eti Osa","place":"Ogumbo","place_m":516},"geometry":{"type":"Polygon","coordinates":[[[3.63324,6.46043],[3.63167,6.46134],[3.6301,6.46044],[3.6301,6.45863],[3.63167,6.45772],[3.63323,6.45862],[3.63324,6.46043]]]}},{"type":"Feature","properties":{"minutes":23.21,"people":577,"clinic_min":34.56,"school_min":11.87,"k_clinic":5,"k_school":5,"within_15":0,"off_street":0,"ward":"Sangotedo","lga":"Eti Osa","place":"Monasry","place_m":694},"geometry":{"type":"Polygon","coordinates":[[[3.63637,6.46043],[3.6348,6.46133],[3.63324,6.46043],[3.63323,6.45862],[3.6348,6.45772],[3.63637,6.45862],[3.63637,6.46043]]]}},{"type":"Feature","properties":{"minutes":20.63,"people":262,"clinic_min":31.98,"school_min":9.28,"k_clinic":5,"k_school":5,"within_15":0,"off_street":0,"ward":"Sangotedo","lga":"Eti Osa","place":"Monasry","place_m":358},"geometry":{"type":"Polygon","coordinates":[[[3.6395,6.46042],[3.63794,6.46133],[3.63637,6.46043],[3.63637,6.45862],[3.63793,6.45771],[3.6395,6.45861],[3.6395,6.46042]]]}},{"type":"Feature","properties":{"minutes":21.55,"people":296,"clinic_min":33.02,"school_min":10.08,"k_clinic":5,"k_school":5,"within_15":0,"off_street":0,"ward":"Sangotedo","lga":"Eti Osa","place":"Monasry","place_m":119},"geometry":{"type":"Polygon","coordinates":[[[3.64263,6.46042],[3.64107,6.46133],[3.6395,6.46042],[3.6395,6.45861],[3.64106,6.45771],[3.64263,6.45861],[3.64263,6.46042]]]}},{"type":"Feature","properties":{"minutes":43.89,"people":450,"clinic_min":51.67,"school_min":36.11,"k_clinic":5,"k_school":5,"within_15":0,"off_street":0,"ward":"Sangotedo","lga":"Eti Osa","place":"Monasry","place_m":375},"geometry":{"type":"Polygon","coordinates":[[[3.64577,6.46042],[3.6442,6.46132],[3.64263,6.46042],[3.64263,6.45861],[3.6442,6.4577],[3.64576,6.45861],[3.64577,6.46042]]]}},{"type":"Feature","properties":{"minutes":41.01,"people":130,"clinic_min":48.79,"school_min":33.23,"k_clinic":5,"k_school":5,"within_15":0,"off_street":0,"ward":"Sangotedo","lga":"Eti Osa","place":"Crown Estate","place_m":649},"geometry":{"type":"Polygon","coordinates":[[[3.6489,6.46041],[3.64733,6.46132],[3.64577,6.46042],[3.64576,6.45861],[3.64733,6.4577],[3.6489,6.4586],[3.6489,6.46041]]]}},{"type":"Feature","properties":{"minutes":36.81,"people":95,"clinic_min":44.59,"school_min":29.03,"k_clinic":5,"k_school":5,"within_15":0,"off_street":0,"ward":"Sangotedo","lga":"Eti Osa","place":"Crown Estate","place_m":749},"geometry":{"type":"Polygon","coordinates":[[[3.65203,6.46041],[3.65047,6.46131],[3.6489,6.46041],[3.6489,6.4586],[3.65046,6.4577],[3.65203,6.4586],[3.65203,6.46041]]]}},{"type":"Feature","properties":{"minutes":48.63,"people":438,"clinic_min":58.42,"school_min":38.83,"k_clinic":5,"k_school":5,"within_15":0,"off_street":0,"ward":"Sangotedo","lga":"Eti Osa","place":"Crown Estate","place_m":970},"geometry":{"type":"Polygon","coordinates":[[[3.65516,6.4604],[3.6536,6.46131],[3.65203,6.46041],[3.65203,6.4586],[3.65359,6.45769],[3.65516,6.45859],[3.65516,6.4604]]]}},{"type":"Feature","properties":{"minutes":48.55,"people":465,"clinic_min":58.35,"school_min":38.76,"k_clinic":5,"k_school":5,"within_15":0,"off_street":0,"ward":"Sangotedo","lga":"Eti Osa","place":"Majek Firstgate Abijo","place_m":1104},"geometry":{"type":"Polygon","coordinates":[[[3.6583,6.4604],[3.65673,6.46131],[3.65516,6.4604],[3.65516,6.45859],[3.65673,6.45769],[3.65829,6.45859],[3.6583,6.4604]]]}},{"type":"Feature","properties":{"minutes":8.06,"people":563,"clinic_min":9.0,"school_min":7.11,"k_clinic":5,"k_school":5,"within_15":1,"off_street":0,"ward":"Coker","lga":"Surulere","place":"Mile2","place_m":355},"geometry":{"type":"Polygon","coordinates":[[[3.3184,6.46344],[3.31683,6.46435],[3.31526,6.46344],[3.31526,6.46163],[3.31683,6.46073],[3.31839,6.46163],[3.3184,6.46344]]]}},{"type":"Feature","properties":{"minutes":17.09,"people":321,"clinic_min":18.99,"school_min":15.19,"k_clinic":5,"k_school":5,"within_15":0,"off_street":0,"ward":"Coker","lga":"Surulere","place":"Suru Alaba","place_m":20},"geometry":{"type":"Polygon","coordinates":[[[3.32153,6.46344],[3.31996,6.46434],[3.3184,6.46344],[3.31839,6.46163],[3.31996,6.46073],[3.32153,6.46163],[3.32153,6.46344]]]}},{"type":"Feature","properties":{"minutes":8.74,"people":1051,"clinic_min":12.69,"school_min":4.79,"k_clinic":5,"k_school":5,"within_15":1,"off_street":0,"ward":"Marine Beach","lga":"Apapa","place":"Gaskiya","place_m":427},"geometry":{"type":"Polygon","coordinates":[[[3.35912,6.46341],[3.35756,6.46432],[3.35599,6.46341],[3.35599,6.46161],[3.35755,6.4607],[3.35912,6.4616],[3.35912,6.46341]]]}},{"type":"Feature","properties":{"minutes":10.44,"people":825,"clinic_min":11.39,"school_min":9.49,"k_clinic":5,"k_school":5,"within_15":1,"off_street":0,"ward":"Marine Beach","lga":"Apapa","place":"Ijora","place_m":487},"geometry":{"type":"Polygon","coordinates":[[[3.36226,6.46341],[3.36069,6.46432],[3.35912,6.46341],[3.35912,6.4616],[3.36069,6.4607],[3.36225,6.4616],[3.36226,6.46341]]]}},{"type":"Feature","properties":{"minutes":8.37,"people":202,"clinic_min":8.47,"school_min":8.28,"k_clinic":5,"k_school":5,"within_15":1,"off_street":0,"ward":"Marine Beach","lga":"Apapa","place":"Ijora","place_m":298},"geometry":{"type":"Polygon","coordinates":[[[3.36539,6.46341],[3.36382,6.46431],[3.36226,6.46341],[3.36225,6.4616],[3.36382,6.4607],[3.36539,6.4616],[3.36539,6.46341]]]}},{"type":"Feature","properties":{"minutes":12.39,"people":394,"clinic_min":10.96,"school_min":13.82,"k_clinic":5,"k_school":5,"within_15":1,"off_street":0,"ward":"Marine Beach","lga":"Apapa","place":"Ijora","place_m":424},"geometry":{"type":"Polygon","coordinates":[[[3.36852,6.46341],[3.36696,6.46431],[3.36539,6.46341],[3.36539,6.4616],[3.36695,6.46069],[3.36852,6.4616],[3.36852,6.46341]]]}},{"type":"Feature","properties":{"minutes":17.93,"people":388,"clinic_min":15.92,"school_min":19.95,"k_clinic":5,"k_school":5,"within_15":0,"off_street":0,"ward":"Marine Beach","lga":"Apapa","place":"Dockyard","place_m":605},"geometry":{"type":"Polygon","coordinates":[[[3.37165,6.4634],[3.37009,6.46431],[3.36852,6.46341],[3.36852,6.4616],[3.37009,6.46069],[3.37165,6.46159],[3.37165,6.4634]]]}},{"type":"Feature","properties":{"minutes":18.12,"people":102,"clinic_min":15.62,"school_min":20.61,"k_clinic":5,"k_school":5,"within_15":0,"off_street":0,"ward":"Anjorin","lga":"Apapa","place":"Ijoraolopa","place_m":842},"geometry":{"type":"Polygon","coordinates":[[[3.37479,6.4634],[3.37322,6.46431],[3.37165,6.4634],[3.37165,6.46159],[3.37322,6.46069],[3.37479,6.46159],[3.37479,6.4634]]]}},{"type":"Feature","properties":{"minutes":6.88,"people":721,"clinic_min":6.77,"school_min":6.99,"k_clinic":5,"k_school":5,"within_15":1,"off_street":0,"ward":"Oke-Arin\u2013Idumota","lga":"Lagos Island","place":"Oke Arin","place_m":306},"geometry":{"type":"Polygon","coordinates":[[[3.38419,6.46339],[3.38262,6.4643],[3.38105,6.4634],[3.38105,6.46159],[3.38262,6.46068],[3.38418,6.46159],[3.38419,6.46339]]]}},{"type":"Feature","properties":{"minutes":3.2,"people":1519,"clinic_min":2.86,"school_min":3.53,"k_clinic":5,"k_school":5,"within_15":1,"off_street":0,"ward":"Oke-Arin\u2013Idumota","lga":"Lagos Island","place":"Idumota","place_m":125},"geometry":{"type":"Polygon","coordinates":[[[3.38732,6.46339],[3.38575,6.4643],[3.38419,6.46339],[3.38418,6.46159],[3.38575,6.46068],[3.38732,6.46158],[3.38732,6.46339]]]}},{"type":"Feature","properties":{"minutes":1.98,"people":2304,"clinic_min":2.95,"school_min":1.01,"k_clinic":5,"k_school":5,"within_15":1,"off_street":0,"ward":"Idumoyingbo","lga":"Lagos Island","place":"Idumota","place_m":222},"geometry":{"type":"Polygon","coordinates":[[[3.39045,6.46339],[3.38888,6.4643],[3.38732,6.46339],[3.38732,6.46158],[3.38888,6.46068],[3.39045,6.46158],[3.39045,6.46339]]]}},{"type":"Feature","properties":{"minutes":1.68,"people":2048,"clinic_min":2.14,"school_min":1.22,"k_clinic":5,"k_school":5,"within_15":1,"off_street":0,"ward":"Ilupesi\u2013Ebute Awo","lga":"Lagos Island","place":"Isale Eko","place_m":108},"geometry":{"type":"Polygon","coordinates":[[[3.39358,6.46339],[3.39202,6.46429],[3.39045,6.46339],[3.39045,6.46158],[3.39201,6.46067],[3.39358,6.46158],[3.39358,6.46339]]]}},{"type":"Feature","properties":{"minutes":24.81,"people":337,"clinic_min":32.99,"school_min":16.64,"k_clinic":5,"k_school":5,"within_15":0,"off_street":0,"ward":"Ijeh\u2013Dolphin Estate","lga":"Eti Osa","place":"Banana Island","place_m":426},"geometry":{"type":"Polygon","coordinates":[[[3.41551,6.46337],[3.41395,6.46428],[3.41238,6.46337],[3.41238,6.46156],[3.41394,6.46066],[3.41551,6.46156],[3.41551,6.46337]]]}},{"type":"Feature","properties":{"minutes":20.67,"people":494,"clinic_min":25.3,"school_min":16.05,"k_clinic":5,"k_school":5,"within_15":0,"off_street":0,"ward":"Ijeh\u2013Dolphin Estate","lga":"Eti Osa","place":"Ikoyi","place_m":486},"geometry":{"type":"Polygon","coordinates":[[[3.41865,6.46337],[3.41708,6.46427],[3.41551,6.46337],[3.41551,6.46156],[3.41708,6.46065],[3.41864,6.46156],[3.41865,6.46337]]]}},{"type":"Feature","properties":{"minutes":21.27,"people":69,"clinic_min":28.18,"school_min":14.36,"k_clinic":5,"k_school":5,"within_15":0,"off_street":0,"ward":"Ikoyi 1","lga":"Eti Osa","place":"Ikoyi","place_m":412},"geometry":{"type":"Polygon","coordinates":[[[3.42178,6.46336],[3.42021,6.46427],[3.41865,6.46337],[3.41864,6.46156],[3.42021,6.46065],[3.42178,6.46156],[3.42178,6.46336]]]}},{"type":"Feature","properties":{"minutes":19.5,"people":458,"clinic_min":38.4,"school_min":0.6,"k_clinic":5,"k_school":5,"within_15":0,"off_street":0,"ward":"Ikoyi 1","lga":"Eti Osa","place":"Osborne Ikoyi","place_m":508},"geometry":{"type":"Polygon","coordinates":[[[3.42491,6.46336],[3.42335,6.46427],[3.42178,6.46336],[3.42178,6.46156],[3.42334,6.46065],[3.42491,6.46155],[3.42491,6.46336]]]}},{"type":"Feature","properties":{"minutes":15.77,"people":983,"clinic_min":31.5,"school_min":0.04,"k_clinic":5,"k_school":5,"within_15":0,"off_street":0,"ward":"Ikoyi 1","lga":"Eti Osa","place":"Osborne Ikoyi","place_m":242},"geometry":{"type":"Polygon","coordinates":[[[3.42804,6.46336],[3.42648,6.46427],[3.42491,6.46336],[3.42491,6.46155],[3.42648,6.46065],[3.42804,6.46155],[3.42804,6.46336]]]}},{"type":"Feature","properties":{"minutes":17.83,"people":768,"clinic_min":29.97,"school_min":5.69,"k_clinic":5,"k_school":5,"within_15":0,"off_street":0,"ward":"Ikoyi 1","lga":"Eti Osa","place":"Osborne Ikoyi","place_m":316},"geometry":{"type":"Polygon","coordinates":[[[3.43118,6.46336],[3.42961,6.46426],[3.42804,6.46336],[3.42804,6.46155],[3.42961,6.46064],[3.43118,6.46155],[3.43118,6.46336]]]}},{"type":"Feature","properties":{"minutes":23.41,"people":770,"clinic_min":34.1,"school_min":12.72,"k_clinic":5,"k_school":5,"within_15":0,"off_street":0,"ward":"Ikoyi 1","lga":"Eti Osa","place":"Alfred Way","place_m":264},"geometry":{"type":"Polygon","coordinates":[[[3.43431,6.46335],[3.43274,6.46426],[3.43118,6.46336],[3.43118,6.46155],[3.43274,6.46064],[3.43431,6.46154],[3.43431,6.46335]]]}},{"type":"Feature","properties":{"minutes":43.04,"people":589,"clinic_min":53.4,"school_min":32.68,"k_clinic":5,"k_school":5,"within_15":0,"off_street":0,"ward":"Ikoyi 1","lga":"Eti Osa","place":"Alfred Way","place_m":429},"geometry":{"type":"Polygon","coordinates":[[[3.43744,6.46335],[3.43588,6.46426],[3.43431,6.46335],[3.43431,6.46154],[3.43587,6.46064],[3.43744,6.46154],[3.43744,6.46335]]]}},{"type":"Feature","properties":{"minutes":41.04,"people":1202,"clinic_min":51.3,"school_min":30.78,"k_clinic":5,"k_school":5,"within_15":0,"off_street":0,"ward":"Ikoyi 1","lga":"Eti Osa","place":"Alfred Way","place_m":733},"geometry":{"type":"Polygon","coordinates":[[[3.44058,6.46335],[3.43901,6.46425],[3.43744,6.46335],[3.43744,6.46154],[3.43901,6.46064],[3.44057,6.46154],[3.44058,6.46335]]]}},{"type":"Feature","properties":{"minutes":47.23,"people":1340,"clinic_min":57.49,"school_min":36.97,"k_clinic":5,"k_school":5,"within_15":0,"off_street":0,"ward":"Ikoyi 1","lga":"Eti Osa","place":"Park View Estate","place_m":730},"geometry":{"type":"Polygon","coordinates":[[[3.44371,6.46335],[3.44214,6.46425],[3.44058,6.46335],[3.44057,6.46154],[3.44214,6.46063],[3.44371,6.46154],[3.44371,6.46335]]]}},{"type":"Feature","properties":{"minutes":50.09,"people":1334,"clinic_min":60.35,"school_min":39.82,"k_clinic":5,"k_school":5,"within_15":0,"off_street":0,"ward":"Ikoyi 1","lga":"Eti Osa","place":"Banana Island","place_m":460},"geometry":{"type":"Polygon","coordinates":[[[3.44684,6.46334],[3.44528,6.46425],[3.44371,6.46335],[3.44371,6.46154],[3.44527,6.46063],[3.44684,6.46153],[3.44684,6.46334]]]}},{"type":"Feature","properties":{"minutes":41.66,"people":901,"clinic_min":51.42,"school_min":31.9,"k_clinic":5,"k_school":5,"within_15":0,"off_street":0,"ward":"Ikoyi 1","lga":"Eti Osa","place":"Banana Island","place_m":189},"geometry":{"type":"Polygon","coordinates":[[[3.44997,6.46334],[3.44841,6.46425],[3.44684,6.46334],[3.44684,6.46153],[3.44841,6.46063],[3.44997,6.46153],[3.44997,6.46334]]]}},{"type":"Feature","properties":{"minutes":40.2,"people":431,"clinic_min":48.29,"school_min":32.11,"k_clinic":5,"k_school":5,"within_15":0,"off_street":0,"ward":"Ikoyi 1","lga":"Eti Osa","place":"Banana Island","place_m":316},"geometry":{"type":"Polygon","coordinates":[[[3.45311,6.46334],[3.45154,6.46424],[3.44997,6.46334],[3.44997,6.46153],[3.45154,6.46063],[3.4531,6.46153],[3.45311,6.46334]]]}},{"type":"Feature","properties":{"minutes":45.56,"people":943,"clinic_min":53.65,"school_min":37.46,"k_clinic":5,"k_school":5,"within_15":0,"off_street":0,"ward":"Ikoyi 1","lga":"Eti Osa","place":"Banana Island","place_m":635},"geometry":{"type":"Polygon","coordinates":[[[3.45624,6.46333],[3.45467,6.46424],[3.45311,6.46334],[3.4531,6.46153],[3.45467,6.46062],[3.45624,6.46153],[3.45624,6.46333]]]}},{"type":"Feature","properties":{"minutes":52.86,"people":1199,"clinic_min":60.95,"school_min":44.77,"k_clinic":5,"k_school":5,"within_15":0,"off_street":0,"ward":"Ikoyi 1","lga":"Eti Osa","place":"Banana Island","place_m":973},"geometry":{"type":"Polygon","coordinates":[[[3.45937,6.46333],[3.45781,6.46424],[3.45624,6.46333],[3.45624,6.46153],[3.4578,6.46062],[3.45937,6.46152],[3.45937,6.46333]]]}},{"type":"Feature","properties":{"minutes":57.68,"people":538,"clinic_min":65.77,"school_min":49.59,"k_clinic":5,"k_school":5,"within_15":0,"off_street":0,"ward":"Ikoyi 1","lga":"Eti Osa","place":"Banana Island","place_m":1316},"geometry":{"type":"Polygon","coordinates":[[[3.4625,6.46333],[3.46094,6.46424],[3.45937,6.46333],[3.45937,6.46152],[3.46094,6.46062],[3.4625,6.46152],[3.4625,6.46333]]]}},{"type":"Feature","properties":{"minutes":29.36,"people":13,"clinic_min":33.02,"school_min":25.7,"k_clinic":5,"k_school":5,"within_15":0,"off_street":0,"ward":"Ikate\u2013Lekki","lga":"Eti Osa","place":"Fatai Arobieke Crescent","place_m":902},"geometry":{"type":"Polygon","coordinates":[[[3.48443,6.46331],[3.48287,6.46421],[3.4813,6.46331],[3.4813,6.4615],[3.48287,6.4606],[3.48443,6.4615],[3.48443,6.46331]]]}},{"type":"Feature","properties":{"minutes":33.76,"people":586,"clinic_min":34.13,"school_min":33.4,"k_clinic":5,"k_school":5,"within_15":0,"off_street":1,"ward":"Ajiran\u2013Osapa","lga":"Eti Osa","place":"Ajiran Agugin","place_m":1053},"geometry":{"type":"Polygon","coordinates":[[[3.51263,6.46328],[3.51106,6.46419],[3.5095,6.46328],[3.50949,6.46148],[3.51106,6.46057],[3.51263,6.46147],[3.51263,6.46328]]]}},{"type":"Feature","properties":{"minutes":29.71,"people":402,"clinic_min":30.07,"school_min":29.34,"k_clinic":5,"k_school":5,"within_15":0,"off_street":1,"ward":"Ajiran\u2013Osapa","lga":"Eti Osa","place":"Ajiran Agugin","place_m":995},"geometry":{"type":"Polygon","coordinates":[[[3.51576,6.46328],[3.5142,6.46418],[3.51263,6.46328],[3.51263,6.46147],[3.51419,6.46057],[3.51576,6.46147],[3.51576,6.46328]]]}},{"type":"Feature","properties":{"minutes":25.9,"people":78,"clinic_min":26.26,"school_min":25.53,"k_clinic":5,"k_school":5,"within_15":0,"off_street":0,"ward":"Ajiran\u2013Osapa","lga":"Eti Osa","place":"Ojomu","place_m":890},"geometry":{"type":"Polygon","coordinates":[[[3.51889,6.46327],[3.51733,6.46418],[3.51576,6.46328],[3.51576,6.46147],[3.51733,6.46056],[3.51889,6.46147],[3.51889,6.46327]]]}},{"type":"Feature","properties":{"minutes":24.75,"people":727,"clinic_min":25.11,"school_min":24.38,"k_clinic":5,"k_school":5,"within_15":0,"off_street":1,"ward":"Ajiran\u2013Osapa","lga":"Eti Osa","place":"Ojomu","place_m":874},"geometry":{"type":"Polygon","coordinates":[[[3.52516,6.46327],[3.52359,6.46417],[3.52203,6.46327],[3.52203,6.46146],[3.52359,6.46056],[3.52516,6.46146],[3.52516,6.46327]]]}},{"type":"Feature","properties":{"minutes":35.77,"people":241,"clinic_min":39.24,"school_min":32.29,"k_clinic":5,"k_school":5,"within_15":0,"off_street":1,"ward":"Ajiran\u2013Osapa","lga":"Eti Osa","place":"Ojomu","place_m":1054},"geometry":{"type":"Polygon","coordinates":[[[3.52829,6.46327],[3.52673,6.46417],[3.52516,6.46327],[3.52516,6.46146],[3.52672,6.46055],[3.52829,6.46146],[3.52829,6.46327]]]}},{"type":"Feature","properties":{"minutes":32.28,"people":610,"clinic_min":35.76,"school_min":28.81,"k_clinic":5,"k_school":5,"within_15":0,"off_street":1,"ward":"Ajiran\u2013Osapa","lga":"Eti Osa","place":"Chevron","place_m":422},"geometry":{"type":"Polygon","coordinates":[[[3.53456,6.46326],[3.53299,6.46416],[3.53143,6.46326],[3.53142,6.46145],[3.53299,6.46055],[3.53456,6.46145],[3.53456,6.46326]]]}},{"type":"Feature","properties":{"minutes":32.28,"people":1261,"clinic_min":35.76,"school_min":28.81,"k_clinic":5,"k_school":5,"within_15":0,"off_street":1,"ward":"Ajiran\u2013Osapa","lga":"Eti Osa","place":"Chevron","place_m":189},"geometry":{"type":"Polygon","coordinates":[[[3.53769,6.46326],[3.53613,6.46416],[3.53456,6.46326],[3.53456,6.46145],[3.53612,6.46054],[3.53769,6.46145],[3.53769,6.46326]]]}},{"type":"Feature","properties":{"minutes":21.5,"people":1237,"clinic_min":23.41,"school_min":19.59,"k_clinic":5,"k_school":5,"within_15":0,"off_street":1,"ward":"Ajiran\u2013Osapa","lga":"Eti Osa","place":"Chevron","place_m":365},"geometry":{"type":"Polygon","coordinates":[[[3.54082,6.46325],[3.53926,6.46416],[3.53769,6.46326],[3.53769,6.46145],[3.53925,6.46054],[3.54082,6.46144],[3.54082,6.46325]]]}},{"type":"Feature","properties":{"minutes":16.99,"people":1129,"clinic_min":15.05,"school_min":18.92,"k_clinic":5,"k_school":5,"within_15":0,"off_street":1,"ward":"Ajiran\u2013Osapa","lga":"Eti Osa","place":"Chevron","place_m":686},"geometry":{"type":"Polygon","coordinates":[[[3.54396,6.46325],[3.54239,6.46415],[3.54082,6.46325],[3.54082,6.46144],[3.54239,6.46054],[3.54395,6.46144],[3.54396,6.46325]]]}},{"type":"Feature","properties":{"minutes":16.99,"people":1122,"clinic_min":15.05,"school_min":18.92,"k_clinic":5,"k_school":5,"within_15":0,"off_street":1,"ward":"Ajiran\u2013Osapa","lga":"Eti Osa","place":"Chevron","place_m":1024},"geometry":{"type":"Polygon","coordinates":[[[3.54709,6.46325],[3.54552,6.46415],[3.54396,6.46325],[3.54395,6.46144],[3.54552,6.46053],[3.54709,6.46144],[3.54709,6.46325]]]}},{"type":"Feature","properties":{"minutes":17.16,"people":627,"clinic_min":15.23,"school_min":19.1,"k_clinic":5,"k_school":5,"within_15":0,"off_street":0,"ward":"Ajiran\u2013Osapa","lga":"Eti Osa","place":"Eleganza","place_m":859},"geometry":{"type":"Polygon","coordinates":[[[3.55022,6.46324],[3.54866,6.46415],[3.54709,6.46325],[3.54709,6.46144],[3.54865,6.46053],[3.55022,6.46143],[3.55022,6.46324]]]}},{"type":"Feature","properties":{"minutes":14.25,"people":1111,"clinic_min":12.31,"school_min":16.18,"k_clinic":5,"k_school":5,"within_15":1,"off_street":0,"ward":"Ajiran\u2013Osapa","lga":"Eti Osa","place":"Eleganza","place_m":583},"geometry":{"type":"Polygon","coordinates":[[[3.55335,6.46324],[3.55179,6.46414],[3.55022,6.46324],[3.55022,6.46143],[3.55179,6.46053],[3.55335,6.46143],[3.55335,6.46324]]]}},{"type":"Feature","properties":{"minutes":9.2,"people":316,"clinic_min":7.56,"school_min":10.83,"k_clinic":5,"k_school":5,"within_15":1,"off_street":0,"ward":"Ajah","lga":"Eti Osa","place":"Eleganza","place_m":425},"geometry":{"type":"Polygon","coordinates":[[[3.55649,6.46324],[3.55492,6.46414],[3.55335,6.46324],[3.55335,6.46143],[3.55492,6.46052],[3.55649,6.46143],[3.55649,6.46324]]]}},{"type":"Feature","properties":{"minutes":11.98,"people":414,"clinic_min":13.09,"school_min":10.87,"k_clinic":5,"k_school":5,"within_15":1,"off_street":0,"ward":"Ajah","lga":"Eti Osa","place":"Ikota","place_m":475},"geometry":{"type":"Polygon","coordinates":[[[3.55962,6.46323],[3.55805,6.46414],[3.55649,6.46324],[3.55649,6.46143],[3.55805,6.46052],[3.55962,6.46142],[3.55962,6.46323]]]}},{"type":"Feature","properties":{"minutes":11.38,"people":522,"clinic_min":12.1,"school_min":10.66,"k_clinic":5,"k_school":5,"within_15":1,"off_street":0,"ward":"Ajah","lga":"Eti Osa","place":"Eti Osa Indigenous Town","place_m":448},"geometry":{"type":"Polygon","coordinates":[[[3.56275,6.46323],[3.56119,6.46413],[3.55962,6.46323],[3.55962,6.46142],[3.56118,6.46052],[3.56275,6.46142],[3.56275,6.46323]]]}},{"type":"Feature","properties":{"minutes":11.67,"people":518,"clinic_min":12.39,"school_min":10.95,"k_clinic":5,"k_school":5,"within_15":1,"off_street":0,"ward":"Ajah","lga":"Eti Osa","place":"Eti Osa Indigenous Town","place_m":559},"geometry":{"type":"Polygon","coordinates":[[[3.56589,6.46322],[3.56432,6.46413],[3.56275,6.46323],[3.56275,6.46142],[3.56432,6.46051],[3.56588,6.46142],[3.56589,6.46322]]]}},{"type":"Feature","properties":{"minutes":13.89,"people":349,"clinic_min":19.8,"school_min":7.98,"k_clinic":5,"k_school":5,"within_15":1,"off_street":1,"ward":"Ajah","lga":"Eti Osa","place":"Ogoyo Village","place_m":726},"geometry":{"type":"Polygon","coordinates":[[[3.56902,6.46322],[3.56745,6.46413],[3.56589,6.46322],[3.56588,6.46142],[3.56745,6.46051],[3.56902,6.46141],[3.56902,6.46322]]]}},{"type":"Feature","properties":{"minutes":15.75,"people":243,"clinic_min":20.06,"school_min":11.44,"k_clinic":5,"k_school":5,"within_15":0,"off_street":1,"ward":"Ajah","lga":"Eti Osa","place":"Ogoyo Village","place_m":730},"geometry":{"type":"Polygon","coordinates":[[[3.57215,6.46322],[3.57059,6.46412],[3.56902,6.46322],[3.56902,6.46141],[3.57058,6.46051],[3.57215,6.46141],[3.57215,6.46322]]]}},{"type":"Feature","properties":{"minutes":16.36,"people":360,"clinic_min":18.74,"school_min":13.99,"k_clinic":5,"k_school":5,"within_15":0,"off_street":0,"ward":"Ajah","lga":"Eti Osa","place":"Thomas","place_m":847},"geometry":{"type":"Polygon","coordinates":[[[3.57528,6.46321],[3.57372,6.46412],[3.57215,6.46322],[3.57215,6.46141],[3.57371,6.4605],[3.57528,6.46141],[3.57528,6.46321]]]}},{"type":"Feature","properties":{"minutes":15.85,"people":373,"clinic_min":16.3,"school_min":15.4,"k_clinic":5,"k_school":5,"within_15":0,"off_street":0,"ward":"Ajah","lga":"Eti Osa","place":"Thomas","place_m":880},"geometry":{"type":"Polygon","coordinates":[[[3.57842,6.46321],[3.57685,6.46412],[3.57528,6.46321],[3.57528,6.46141],[3.57685,6.4605],[3.57841,6.4614],[3.57842,6.46321]]]}},{"type":"Feature","properties":{"minutes":13.38,"people":556,"clinic_min":13.67,"school_min":13.1,"k_clinic":5,"k_school":5,"within_15":1,"off_street":0,"ward":"Ajah","lga":"Eti Osa","place":"Peninsula II","place_m":929},"geometry":{"type":"Polygon","coordinates":[[[3.58155,6.46321],[3.57998,6.46411],[3.57842,6.46321],[3.57841,6.4614],[3.57998,6.4605],[3.58155,6.4614],[3.58155,6.46321]]]}},{"type":"Feature","properties":{"minutes":12.23,"people":393,"clinic_min":13.78,"school_min":10.67,"k_clinic":5,"k_school":5,"within_15":1,"off_street":0,"ward":"Sangotedo","lga":"Eti Osa","place":"Peninsula II","place_m":606},"geometry":{"type":"Polygon","coordinates":[[[3.58468,6.4632],[3.58312,6.46411],[3.58155,6.46321],[3.58155,6.4614],[3.58311,6.46049],[3.58468,6.46139],[3.58468,6.4632]]]}},{"type":"Feature","properties":{"minutes":5.64,"people":380,"clinic_min":6.87,"school_min":4.41,"k_clinic":5,"k_school":5,"within_15":1,"off_street":0,"ward":"Sangotedo","lga":"Eti Osa","place":"Peninsula II","place_m":334},"geometry":{"type":"Polygon","coordinates":[[[3.58781,6.4632],[3.58625,6.46411],[3.58468,6.4632],[3.58468,6.46139],[3.58625,6.46049],[3.58781,6.46139],[3.58781,6.4632]]]}},{"type":"Feature","properties":{"minutes":17.79,"people":320,"clinic_min":19.34,"school_min":16.23,"k_clinic":5,"k_school":5,"within_15":0,"off_street":0,"ward":"Sangotedo","lga":"Eti Osa","place":"Peninsula II","place_m":310},"geometry":{"type":"Polygon","coordinates":[[[3.59095,6.4632],[3.58938,6.4641],[3.58781,6.4632],[3.58781,6.46139],[3.58938,6.46048],[3.59095,6.46139],[3.59095,6.4632]]]}},{"type":"Feature","properties":{"minutes":27.64,"people":219,"clinic_min":29.07,"school_min":26.21,"k_clinic":5,"k_school":5,"within_15":0,"off_street":0,"ward":"Sangotedo","lga":"Eti Osa","place":"Lake Garden Phase 4","place_m":552},"geometry":{"type":"Polygon","coordinates":[[[3.59408,6.46319],[3.59251,6.4641],[3.59095,6.4632],[3.59095,6.46139],[3.59251,6.46048],[3.59408,6.46138],[3.59408,6.46319]]]}},{"type":"Feature","properties":{"minutes":32.58,"people":514,"clinic_min":34.01,"school_min":31.15,"k_clinic":5,"k_school":5,"within_15":0,"off_street":0,"ward":"Sangotedo","lga":"Eti Osa","place":"Lake Garden Phase 5","place_m":256},"geometry":{"type":"Polygon","coordinates":[[[3.59721,6.46319],[3.59565,6.4641],[3.59408,6.46319],[3.59408,6.46138],[3.59564,6.46048],[3.59721,6.46138],[3.59721,6.46319]]]}},{"type":"Feature","properties":{"minutes":28.12,"people":211,"clinic_min":32.74,"school_min":23.5,"k_clinic":5,"k_school":5,"within_15":0,"off_street":0,"ward":"Sangotedo","lga":"Eti Osa","place":"Lake Garden Phase 5","place_m":252},"geometry":{"type":"Polygon","coordinates":[[[3.60035,6.46319],[3.59878,6.46409],[3.59721,6.46319],[3.59721,6.46138],[3.59878,6.46047],[3.60034,6.46138],[3.60035,6.46319]]]}},{"type":"Feature","properties":{"minutes":29.93,"people":119,"clinic_min":34.82,"school_min":25.03,"k_clinic":5,"k_school":5,"within_15":0,"off_street":0,"ward":"Sangotedo","lga":"Eti Osa","place":"Lake Garden Phase 5","place_m":549},"geometry":{"type":"Polygon","coordinates":[[[3.60348,6.46318],[3.60191,6.46409],[3.60035,6.46319],[3.60034,6.46138],[3.60191,6.46047],[3.60348,6.46137],[3.60348,6.46318]]]}},{"type":"Feature","properties":{"minutes":29.93,"people":77,"clinic_min":34.82,"school_min":25.03,"k_clinic":5,"k_school":5,"within_15":0,"off_street":0,"ward":"Sangotedo","lga":"Eti Osa","place":"Hi Tech","place_m":577},"geometry":{"type":"Polygon","coordinates":[[[3.60661,6.46318],[3.60505,6.46408],[3.60348,6.46318],[3.60348,6.46137],[3.60504,6.46047],[3.60661,6.46137],[3.60661,6.46318]]]}},{"type":"Feature","properties":{"minutes":19.16,"people":384,"clinic_min":25.39,"school_min":12.92,"k_clinic":5,"k_school":5,"within_15":0,"off_street":0,"ward":"Sangotedo","lga":"Eti Osa","place":"Prince Lateef Ogunleye Palace Ogombo 2","place_m":634},"geometry":{"type":"Polygon","coordinates":[[[3.60974,6.46317],[3.60818,6.46408],[3.60661,6.46318],[3.60661,6.46137],[3.60817,6.46046],[3.60974,6.46137],[3.60974,6.46317]]]}},{"type":"Feature","properties":{"minutes":25.33,"people":315,"clinic_min":31.32,"school_min":19.34,"k_clinic":5,"k_school":5,"within_15":0,"off_street":0,"ward":"Sangotedo","lga":"Eti Osa","place":"Ogombo","place_m":627},"geometry":{"type":"Polygon","coordinates":[[[3.61288,6.46317],[3.61131,6.46408],[3.60974,6.46317],[3.60974,6.46137],[3.61131,6.46046],[3.61287,6.46136],[3.61288,6.46317]]]}},{"type":"Feature","properties":{"minutes":24.38,"people":668,"clinic_min":30.47,"school_min":18.3,"k_clinic":5,"k_school":5,"within_15":0,"off_street":0,"ward":"Sangotedo","lga":"Eti Osa","place":"Ogombo","place_m":690},"geometry":{"type":"Polygon","coordinates":[[[3.61601,6.46317],[3.61444,6.46407],[3.61288,6.46317],[3.61287,6.46136],[3.61444,6.46045],[3.61601,6.46136],[3.61601,6.46317]]]}},{"type":"Feature","properties":{"minutes":29.3,"people":659,"clinic_min":33.66,"school_min":24.95,"k_clinic":5,"k_school":5,"within_15":0,"off_street":0,"ward":"Sangotedo","lga":"Eti Osa","place":"Peaceland Estate","place_m":748},"geometry":{"type":"Polygon","coordinates":[[[3.61914,6.46316],[3.61758,6.46407],[3.61601,6.46317],[3.61601,6.46136],[3.61757,6.46045],[3.61914,6.46135],[3.61914,6.46316]]]}},{"type":"Feature","properties":{"minutes":22.73,"people":597,"clinic_min":27.34,"school_min":18.11,"k_clinic":5,"k_school":5,"within_15":0,"off_street":0,"ward":"Sangotedo","lga":"Eti Osa","place":"Peaceland Estate","place_m":911},"geometry":{"type":"Polygon","coordinates":[[[3.62227,6.46316],[3.62071,6.46407],[3.61914,6.46316],[3.61914,6.46135],[3.6207,6.46045],[3.62227,6.46135],[3.62227,6.46316]]]}},{"type":"Feature","properties":{"minutes":21.76,"people":456,"clinic_min":26.62,"school_min":16.9,"k_clinic":5,"k_school":5,"within_15":0,"off_street":0,"ward":"Sangotedo","lga":"Eti Osa","place":"Ogumbo","place_m":740},"geometry":{"type":"Polygon","coordinates":[[[3.62541,6.46316],[3.62384,6.46406],[3.62227,6.46316],[3.62227,6.46135],[3.62384,6.46044],[3.62541,6.46135],[3.62541,6.46316]]]}},{"type":"Feature","properties":{"minutes":19.59,"people":1079,"clinic_min":26.09,"school_min":13.08,"k_clinic":5,"k_school":5,"within_15":0,"off_street":0,"ward":"Sangotedo","lga":"Eti Osa","place":"Ogumbo","place_m":601},"geometry":{"type":"Polygon","coordinates":[[[3.62854,6.46315],[3.62697,6.46406],[3.62541,6.46316],[3.62541,6.46135],[3.62697,6.46044],[3.62854,6.46134],[3.62854,6.46315]]]}},{"type":"Feature","properties":{"minutes":20.83,"people":1029,"clinic_min":30.21,"school_min":11.44,"k_clinic":5,"k_school":5,"within_15":0,"off_street":0,"ward":"Sangotedo","lga":"Eti Osa","place":"Ogumbo","place_m":645},"geometry":{"type":"Polygon","coordinates":[[[3.63167,6.46315],[3.63011,6.46405],[3.62854,6.46315],[3.62854,6.46134],[3.6301,6.46044],[3.63167,6.46134],[3.63167,6.46315]]]}},{"type":"Feature","properties":{"minutes":20.67,"people":970,"clinic_min":30.88,"school_min":10.45,"k_clinic":5,"k_school":5,"within_15":0,"off_street":0,"ward":"Sangotedo","lga":"Eti Osa","place":"United Estate","place_m":571},"geometry":{"type":"Polygon","coordinates":[[[3.63481,6.46314],[3.63324,6.46405],[3.63167,6.46315],[3.63167,6.46134],[3.63324,6.46043],[3.6348,6.46133],[3.63481,6.46314]]]}},{"type":"Feature","properties":{"minutes":22.3,"people":267,"clinic_min":33.65,"school_min":10.95,"k_clinic":5,"k_school":5,"within_15":0,"off_street":0,"ward":"Sangotedo","lga":"Eti Osa","place":"United Estate","place_m":609},"geometry":{"type":"Polygon","coordinates":[[[3.63794,6.46314],[3.63637,6.46405],[3.63481,6.46314],[3.6348,6.46133],[3.63637,6.46043],[3.63794,6.46133],[3.63794,6.46314]]]}},{"type":"Feature","properties":{"minutes":19.54,"people":528,"clinic_min":29.74,"school_min":9.34,"k_clinic":5,"k_school":5,"within_15":0,"off_street":0,"ward":"Sangotedo","lga":"Eti Osa","place":"Monasry","place_m":450},"geometry":{"type":"Polygon","coordinates":[[[3.64107,6.46314],[3.63951,6.46404],[3.63794,6.46314],[3.63794,6.46133],[3.6395,6.46042],[3.64107,6.46133],[3.64107,6.46314]]]}},{"type":"Feature","properties":{"minutes":19.73,"people":905,"clinic_min":29.93,"school_min":9.54,"k_clinic":5,"k_school":5,"within_15":0,"off_street":1,"ward":"Sangotedo","lga":"Eti Osa","place":"Monasry","place_m":457},"geometry":{"type":"Polygon","coordinates":[[[3.6442,6.46313],[3.64264,6.46404],[3.64107,6.46314],[3.64107,6.46133],[3.64263,6.46042],[3.6442,6.46132],[3.6442,6.46313]]]}},{"type":"Feature","properties":{"minutes":42.92,"people":1079,"clinic_min":50.7,"school_min":35.14,"k_clinic":5,"k_school":5,"within_15":0,"off_street":1,"ward":"Sangotedo","lga":"Eti Osa","place":"Crown Estate","place_m":377},"geometry":{"type":"Polygon","coordinates":[[[3.64734,6.46313],[3.64577,6.46403],[3.6442,6.46313],[3.6442,6.46132],[3.64577,6.46042],[3.64733,6.46132],[3.64734,6.46313]]]}},{"type":"Feature","properties":{"minutes":33.22,"people":728,"clinic_min":41.0,"school_min":25.44,"k_clinic":5,"k_school":5,"within_15":0,"off_street":0,"ward":"Sangotedo","lga":"Eti Osa","place":"Crown Estate","place_m":402},"geometry":{"type":"Polygon","coordinates":[[[3.65047,6.46312],[3.6489,6.46403],[3.64734,6.46313],[3.64733,6.46132],[3.6489,6.46041],[3.65047,6.46131],[3.65047,6.46312]]]}},{"type":"Feature","properties":{"minutes":31.69,"people":328,"clinic_min":39.47,"school_min":23.91,"k_clinic":5,"k_school":5,"within_15":0,"off_street":0,"ward":"Sangotedo","lga":"Eti Osa","place":"Crown Estate","place_m":649},"geometry":{"type":"Polygon","coordinates":[[[3.6536,6.46312],[3.65204,6.46403],[3.65047,6.46312],[3.65047,6.46131],[3.65203,6.46041],[3.6536,6.46131],[3.6536,6.46312]]]}},{"type":"Feature","properties":{"minutes":33.04,"people":111,"clinic_min":41.19,"school_min":24.9,"k_clinic":5,"k_school":5,"within_15":0,"off_street":0,"ward":"Sangotedo","lga":"Eti Osa","place":"Majek Firstgate Abijo","place_m":802},"geometry":{"type":"Polygon","coordinates":[[[3.65673,6.46312],[3.65517,6.46402],[3.6536,6.46312],[3.6536,6.46131],[3.65516,6.4604],[3.65673,6.46131],[3.65673,6.46312]]]}},{"type":"Feature","properties":{"minutes":42.05,"people":273,"clinic_min":51.84,"school_min":32.25,"k_clinic":5,"k_school":5,"within_15":0,"off_street":0,"ward":"Sangotedo","lga":"Eti Osa","place":"Majek Firstgate Abijo","place_m":845},"geometry":{"type":"Polygon","coordinates":[[[3.65987,6.46311],[3.6583,6.46402],[3.65673,6.46312],[3.65673,6.46131],[3.6583,6.4604],[3.65986,6.4613],[3.65987,6.46311]]]}},{"type":"Feature","properties":{"minutes":16.37,"people":389,"clinic_min":18.27,"school_min":14.47,"k_clinic":5,"k_school":5,"within_15":0,"off_street":0,"ward":"Coker","lga":"Surulere","place":"Suru Alaba","place_m":327},"geometry":{"type":"Polygon","coordinates":[[[3.3231,6.46615],[3.32153,6.46706],[3.31996,6.46615],[3.31996,6.46434],[3.32153,6.46344],[3.3231,6.46434],[3.3231,6.46615]]]}},{"type":"Feature","properties":{"minutes":8.94,"people":368,"clinic_min":9.43,"school_min":8.44,"k_clinic":5,"k_school":5,"within_15":1,"off_street":0,"ward":"Coker","lga":"Surulere","place":"Suru Alaba","place_m":580},"geometry":{"type":"Polygon","coordinates":[[[3.32623,6.46615],[3.32466,6.46705],[3.3231,6.46615],[3.3231,6.46434],[3.32466,6.46344],[3.32623,6.46434],[3.32623,6.46615]]]}},{"type":"Feature","properties":{"minutes":5.76,"people":1845,"clinic_min":8.23,"school_min":3.29,"k_clinic":5,"k_school":5,"within_15":1,"off_street":0,"ward":"Abete","lga":"Apapa","place":"Gaskiya","place_m":152},"geometry":{"type":"Polygon","coordinates":[[[3.35756,6.46613],[3.35599,6.46703],[3.35443,6.46613],[3.35442,6.46432],[3.35599,6.46341],[3.35756,6.46432],[3.35756,6.46613]]]}},{"type":"Feature","properties":{"minutes":5.51,"people":2302,"clinic_min":9.91,"school_min":1.11,"k_clinic":5,"k_school":5,"within_15":1,"off_street":0,"ward":"Abete","lga":"Apapa","place":"Gaskiya","place_m":279},"geometry":{"type":"Polygon","coordinates":[[[3.36069,6.46613],[3.35913,6.46703],[3.35756,6.46613],[3.35756,6.46432],[3.35912,6.46341],[3.36069,6.46432],[3.36069,6.46613]]]}},{"type":"Feature","properties":{"minutes":6.21,"people":1411,"clinic_min":6.9,"school_min":5.51,"k_clinic":5,"k_school":5,"within_15":1,"off_street":0,"ward":"Abete","lga":"Apapa","place":"Ijora","place_m":215},"geometry":{"type":"Polygon","coordinates":[[[3.36382,6.46612],[3.36226,6.46703],[3.36069,6.46613],[3.36069,6.46432],[3.36226,6.46341],[3.36382,6.46431],[3.36382,6.46612]]]}},{"type":"Feature","properties":{"minutes":6.15,"people":1429,"clinic_min":8.75,"school_min":3.55,"k_clinic":5,"k_school":5,"within_15":1,"off_street":0,"ward":"Ijora","lga":"Apapa","place":"Ijora","place_m":132},"geometry":{"type":"Polygon","coordinates":[[[3.36696,6.46612],[3.36539,6.46703],[3.36382,6.46612],[3.36382,6.46431],[3.36539,6.46341],[3.36696,6.46431],[3.36696,6.46612]]]}},{"type":"Feature","properties":{"minutes":5.07,"people":1348,"clinic_min":6.56,"school_min":3.58,"k_clinic":5,"k_school":5,"within_15":1,"off_street":0,"ward":"Ijora","lga":"Apapa","place":"Ijora Oloye","place_m":438},"geometry":{"type":"Polygon","coordinates":[[[3.37009,6.46612],[3.36852,6.46702],[3.36696,6.46612],[3.36696,6.46431],[3.36852,6.46341],[3.37009,6.46431],[3.37009,6.46612]]]}},{"type":"Feature","properties":{"minutes":8.93,"people":145,"clinic_min":10.42,"school_min":7.44,"k_clinic":5,"k_school":5,"within_15":1,"off_street":0,"ward":"Anjorin","lga":"Apapa","place":"Ijora Oloye","place_m":639},"geometry":{"type":"Polygon","coordinates":[[[3.37322,6.46612],[3.37166,6.46702],[3.37009,6.46612],[3.37009,6.46431],[3.37165,6.4634],[3.37322,6.46431],[3.37322,6.46612]]]}},{"type":"Feature","properties":{"minutes":16.59,"people":501,"clinic_min":16.99,"school_min":16.19,"k_clinic":5,"k_school":5,"within_15":0,"off_street":0,"ward":"Anjorin","lga":"Apapa","place":"Ijoraolopa","place_m":497},"geometry":{"type":"Polygon","coordinates":[[[3.37636,6.46611],[3.37479,6.46702],[3.37322,6.46612],[3.37322,6.46431],[3.37479,6.4634],[3.37635,6.4643],[3.37636,6.46611]]]}},{"type":"Feature","properties":{"minutes":19.89,"people":693,"clinic_min":21.69,"school_min":18.09,"k_clinic":5,"k_school":5,"within_15":0,"off_street":0,"ward":"Anjorin","lga":"Apapa","place":"Ijoraolopa","place_m":476},"geometry":{"type":"Polygon","coordinates":[[[3.37949,6.46611],[3.37792,6.46702],[3.37636,6.46611],[3.37635,6.4643],[3.37792,6.4634],[3.37949,6.4643],[3.37949,6.46611]]]}},{"type":"Feature","properties":{"minutes":2.82,"people":1257,"clinic_min":3.06,"school_min":2.57,"k_clinic":5,"k_school":5,"within_15":1,"off_street":0,"ward":"Idunganran\u2013Idumagbo","lga":"Lagos Island","place":"Isale Eko","place_m":254},"geometry":{"type":"Polygon","coordinates":[[[3.39202,6.4661],[3.39045,6.46701],[3.38889,6.4661],[3.38888,6.4643],[3.39045,6.46339],[3.39202,6.46429],[3.39202,6.4661]]]}},{"type":"Feature","properties":{"minutes":25.07,"people":949,"clinic_min":31.41,"school_min":18.73,"k_clinic":5,"k_school":5,"within_15":0,"off_street":0,"ward":"Ikoyi 1","lga":"Eti Osa","place":"Ikoyi","place_m":748},"geometry":{"type":"Polygon","coordinates":[[[3.42335,6.46608],[3.42178,6.46698],[3.42021,6.46608],[3.42021,6.46427],[3.42178,6.46336],[3.42335,6.46427],[3.42335,6.46608]]]}},{"type":"Feature","properties":{"minutes":19.62,"people":918,"clinic_min":38.99,"school_min":0.25,"k_clinic":5,"k_school":5,"within_15":0,"off_street":1,"ward":"Ikoyi 1","lga":"Eti Osa","place":"Osborne Ikoyi","place_m":589},"geometry":{"type":"Polygon","coordinates":[[[3.42648,6.46607],[3.42491,6.46698],[3.42335,6.46608],[3.42335,6.46427],[3.42491,6.46336],[3.42648,6.46427],[3.42648,6.46607]]]}},{"type":"Feature","properties":{"minutes":23.86,"people":582,"clinic_min":35.14,"school_min":12.58,"k_clinic":5,"k_school":5,"within_15":0,"off_street":1,"ward":"Ikoyi 1","lga":"Eti Osa","place":"Osborne Ikoyi","place_m":517},"geometry":{"type":"Polygon","coordinates":[[[3.42961,6.46607],[3.42805,6.46698],[3.42648,6.46607],[3.42648,6.46427],[3.42804,6.46336],[3.42961,6.46426],[3.42961,6.46607]]]}},{"type":"Feature","properties":{"minutes":44.82,"people":478,"clinic_min":55.08,"school_min":34.56,"k_clinic":5,"k_school":5,"within_15":0,"off_street":0,"ward":"Ikoyi 1","lga":"Eti Osa","place":"Imoba","place_m":945},"geometry":{"type":"Polygon","coordinates":[[[3.44214,6.46606],[3.44058,6.46697],[3.43901,6.46606],[3.43901,6.46425],[3.44058,6.46335],[3.44214,6.46425],[3.44214,6.46606]]]}},{"type":"Feature","properties":{"minutes":48.06,"people":565,"clinic_min":56.19,"school_min":39.94,"k_clinic":5,"k_school":5,"within_15":0,"off_street":0,"ward":"Ikoyi 1","lga":"Eti Osa","place":"Imoba","place_m":253},"geometry":{"type":"Polygon","coordinates":[[[3.44841,6.46606],[3.44684,6.46696],[3.44528,6.46606],[3.44528,6.46425],[3.44684,6.46334],[3.44841,6.46425],[3.44841,6.46606]]]}},{"type":"Feature","properties":{"minutes":45.36,"people":697,"clinic_min":53.48,"school_min":37.24,"k_clinic":5,"k_school":5,"within_15":0,"off_street":0,"ward":"Ikoyi 1","lga":"Eti Osa","place":"Imoba","place_m":102},"geometry":{"type":"Polygon","coordinates":[[[3.45154,6.46605],[3.44998,6.46696],[3.44841,6.46606],[3.44841,6.46425],[3.44997,6.46334],[3.45154,6.46424],[3.45154,6.46605]]]}},{"type":"Feature","properties":{"minutes":50.07,"people":722,"clinic_min":58.16,"school_min":41.97,"k_clinic":5,"k_school":5,"within_15":0,"off_street":0,"ward":"Ikoyi 1","lga":"Eti Osa","place":"Imoba","place_m":443},"geometry":{"type":"Polygon","coordinates":[[[3.45468,6.46605],[3.45311,6.46696],[3.45154,6.46605],[3.45154,6.46424],[3.45311,6.46334],[3.45467,6.46424],[3.45468,6.46605]]]}},{"type":"Feature","properties":{"minutes":52.2,"people":687,"clinic_min":60.29,"school_min":44.11,"k_clinic":5,"k_school":5,"within_15":0,"off_street":0,"ward":"Ikoyi 1","lga":"Eti Osa","place":"Imoba","place_m":789},"geometry":{"type":"Polygon","coordinates":[[[3.45781,6.46605],[3.45624,6.46695],[3.45468,6.46605],[3.45467,6.46424],[3.45624,6.46333],[3.45781,6.46424],[3.45781,6.46605]]]}},{"type":"Feature","properties":{"minutes":55.23,"people":494,"clinic_min":63.32,"school_min":47.13,"k_clinic":5,"k_school":5,"within_15":0,"off_street":0,"ward":"Ikoyi 1","lga":"Eti Osa","place":"Imoba","place_m":1135},"geometry":{"type":"Polygon","coordinates":[[[3.46094,6.46604],[3.45938,6.46695],[3.45781,6.46605],[3.45781,6.46424],[3.45937,6.46333],[3.46094,6.46424],[3.46094,6.46604]]]}},{"type":"Feature","properties":{"minutes":33.69,"people":798,"clinic_min":34.05,"school_min":33.32,"k_clinic":5,"k_school":5,"within_15":0,"off_street":1,"ward":"Ajiran\u2013Osapa","lga":"Eti Osa","place":"Ajiran Agugin","place_m":1306},"geometry":{"type":"Polygon","coordinates":[[[3.5142,6.46599],[3.51263,6.4669],[3.51107,6.466],[3.51106,6.46419],[3.51263,6.46328],[3.5142,6.46418],[3.5142,6.46599]]]}},{"type":"Feature","properties":{"minutes":33.69,"people":11,"clinic_min":34.05,"school_min":33.32,"k_clinic":5,"k_school":5,"within_15":0,"off_street":0,"ward":"Ajiran\u2013Osapa","lga":"Eti Osa","place":"Ojomu","place_m":1127},"geometry":{"type":"Polygon","coordinates":[[[3.52046,6.46599],[3.5189,6.46689],[3.51733,6.46599],[3.51733,6.46418],[3.51889,6.46327],[3.52046,6.46418],[3.52046,6.46599]]]}},{"type":"Feature","properties":{"minutes":35.77,"people":272,"clinic_min":39.24,"school_min":32.29,"k_clinic":5,"k_school":5,"within_15":0,"off_street":1,"ward":"Ajiran\u2013Osapa","lga":"Eti Osa","place":"Chevron","place_m":563},"geometry":{"type":"Polygon","coordinates":[[[3.53299,6.46597],[3.53143,6.46688],[3.52986,6.46598],[3.52986,6.46417],[3.53143,6.46326],[3.53299,6.46416],[3.53299,6.46597]]]}},{"type":"Feature","properties":{"minutes":35.77,"people":937,"clinic_min":39.24,"school_min":32.29,"k_clinic":5,"k_school":5,"within_15":0,"off_street":1,"ward":"Ajiran\u2013Osapa","lga":"Eti Osa","place":"Chevron","place_m":235},"geometry":{"type":"Polygon","coordinates":[[[3.53613,6.46597],[3.53456,6.46688],[3.53299,6.46597],[3.53299,6.46416],[3.53456,6.46326],[3.53613,6.46416],[3.53613,6.46597]]]}},{"type":"Feature","properties":{"minutes":32.28,"people":1471,"clinic_min":35.76,"school_min":28.81,"k_clinic":5,"k_school":5,"within_15":0,"off_street":1,"ward":"Ajiran\u2013Osapa","lga":"Eti Osa","place":"Chevron","place_m":181},"geometry":{"type":"Polygon","coordinates":[[[3.53926,6.46597],[3.53769,6.46687],[3.53613,6.46597],[3.53613,6.46416],[3.53769,6.46326],[3.53926,6.46416],[3.53926,6.46597]]]}},{"type":"Feature","properties":{"minutes":16.99,"people":1589,"clinic_min":15.05,"school_min":18.92,"k_clinic":5,"k_school":5,"within_15":0,"off_street":1,"ward":"Ajiran\u2013Osapa","lga":"Eti Osa","place":"Chevron","place_m":500},"geometry":{"type":"Polygon","coordinates":[[[3.54239,6.46596],[3.54083,6.46687],[3.53926,6.46597],[3.53926,6.46416],[3.54082,6.46325],[3.54239,6.46415],[3.54239,6.46596]]]}},{"type":"Feature","properties":{"minutes":17.16,"people":1367,"clinic_min":15.23,"school_min":19.1,"k_clinic":5,"k_school":5,"within_15":0,"off_street":1,"ward":"Ajiran\u2013Osapa","lga":"Eti Osa","place":"Chevron","place_m":841},"geometry":{"type":"Polygon","coordinates":[[[3.54553,6.46596],[3.54396,6.46687],[3.54239,6.46596],[3.54239,6.46415],[3.54396,6.46325],[3.54552,6.46415],[3.54553,6.46596]]]}},{"type":"Feature","properties":{"minutes":17.16,"people":1337,"clinic_min":15.23,"school_min":19.1,"k_clinic":5,"k_school":5,"within_15":0,"off_street":1,"ward":"Ajiran\u2013Osapa","lga":"Eti Osa","place":"Eleganza","place_m":930},"geometry":{"type":"Polygon","coordinates":[[[3.54866,6.46596],[3.54709,6.46686],[3.54553,6.46596],[3.54552,6.46415],[3.54709,6.46325],[3.54866,6.46415],[3.54866,6.46596]]]}},{"type":"Feature","properties":{"minutes":16.25,"people":1010,"clinic_min":17.83,"school_min":14.68,"k_clinic":5,"k_school":5,"within_15":0,"off_street":1,"ward":"Ajiran\u2013Osapa","lga":"Eti Osa","place":"Eleganza","place_m":588},"geometry":{"type":"Polygon","coordinates":[[[3.55179,6.46595],[3.55023,6.46686],[3.54866,6.46596],[3.54866,6.46415],[3.55022,6.46324],[3.55179,6.46414],[3.55179,6.46595]]]}},{"type":"Feature","properties":{"minutes":16.25,"people":715,"clinic_min":17.83,"school_min":14.68,"k_clinic":5,"k_school":5,"within_15":0,"off_street":0,"ward":"Ajah","lga":"Eti Osa","place":"Eleganza","place_m":259},"geometry":{"type":"Polygon","coordinates":[[[3.55492,6.46595],[3.55336,6.46686],[3.55179,6.46595],[3.55179,6.46414],[3.55335,6.46324],[3.55492,6.46414],[3.55492,6.46595]]]}},{"type":"Feature","properties":{"minutes":9.01,"people":506,"clinic_min":8.56,"school_min":9.46,"k_clinic":5,"k_school":5,"within_15":1,"off_street":0,"ward":"Ajah","lga":"Eti Osa","place":"Eleganza","place_m":169},"geometry":{"type":"Polygon","coordinates":[[[3.55806,6.46595],[3.55649,6.46685],[3.55492,6.46595],[3.55492,6.46414],[3.55649,6.46324],[3.55805,6.46414],[3.55806,6.46595]]]}},{"type":"Feature","properties":{"minutes":6.11,"people":481,"clinic_min":7.85,"school_min":4.36,"k_clinic":5,"k_school":5,"within_15":1,"off_street":0,"ward":"Ajah","lga":"Eti Osa","place":"Ikota","place_m":160},"geometry":{"type":"Polygon","coordinates":[[[3.56119,6.46594],[3.55962,6.46685],[3.55806,6.46595],[3.55805,6.46414],[3.55962,6.46323],[3.56119,6.46413],[3.56119,6.46594]]]}},{"type":"Feature","properties":{"minutes":8.94,"people":452,"clinic_min":9.6,"school_min":8.29,"k_clinic":5,"k_school":5,"within_15":1,"off_street":0,"ward":"Ajah","lga":"Eti Osa","place":"Eti Osa Indigenous Town","place_m":219},"geometry":{"type":"Polygon","coordinates":[[[3.56432,6.46594],[3.56276,6.46685],[3.56119,6.46594],[3.56119,6.46413],[3.56275,6.46323],[3.56432,6.46413],[3.56432,6.46594]]]}},{"type":"Feature","properties":{"minutes":4.82,"people":422,"clinic_min":4.87,"school_min":4.78,"k_clinic":5,"k_school":5,"within_15":1,"off_street":1,"ward":"Ajah","lga":"Eti Osa","place":"Eti Osa Indigenous Town","place_m":529},"geometry":{"type":"Polygon","coordinates":[[[3.56746,6.46594],[3.56589,6.46684],[3.56432,6.46594],[3.56432,6.46413],[3.56589,6.46322],[3.56745,6.46413],[3.56746,6.46594]]]}},{"type":"Feature","properties":{"minutes":17.43,"people":425,"clinic_min":18.08,"school_min":16.78,"k_clinic":5,"k_school":5,"within_15":0,"off_street":1,"ward":"Ajah","lga":"Eti Osa","place":"Thomas","place_m":816},"geometry":{"type":"Polygon","coordinates":[[[3.57059,6.46593],[3.56902,6.46684],[3.56746,6.46594],[3.56745,6.46413],[3.56902,6.46322],[3.57059,6.46412],[3.57059,6.46593]]]}},{"type":"Feature","properties":{"minutes":15.69,"people":335,"clinic_min":16.06,"school_min":15.33,"k_clinic":5,"k_school":5,"within_15":0,"off_street":0,"ward":"Ajah","lga":"Eti Osa","place":"Thomas","place_m":603},"geometry":{"type":"Polygon","coordinates":[[[3.57372,6.46593],[3.57216,6.46684],[3.57059,6.46593],[3.57059,6.46412],[3.57215,6.46322],[3.57372,6.46412],[3.57372,6.46593]]]}},{"type":"Feature","properties":{"minutes":15.87,"people":593,"clinic_min":16.23,"school_min":15.51,"k_clinic":5,"k_school":5,"within_15":0,"off_street":1,"ward":"Ajah","lga":"Eti Osa","place":"Thomas","place_m":548},"geometry":{"type":"Polygon","coordinates":[[[3.57685,6.46593],[3.57529,6.46683],[3.57372,6.46593],[3.57372,6.46412],[3.57528,6.46321],[3.57685,6.46412],[3.57685,6.46593]]]}},{"type":"Feature","properties":{"minutes":14.81,"people":446,"clinic_min":14.45,"school_min":15.17,"k_clinic":5,"k_school":5,"within_15":1,"off_street":0,"ward":"Ajah","lga":"Eti Osa","place":"Thomas","place_m":691},"geometry":{"type":"Polygon","coordinates":[[[3.57999,6.46592],[3.57842,6.46683],[3.57685,6.46593],[3.57685,6.46412],[3.57842,6.46321],[3.57998,6.46411],[3.57999,6.46592]]]}},{"type":"Feature","properties":{"minutes":11.28,"people":825,"clinic_min":12.3,"school_min":10.26,"k_clinic":5,"k_school":5,"within_15":1,"off_street":0,"ward":"Sangotedo","lga":"Eti Osa","place":"Peninsula II","place_m":915},"geometry":{"type":"Polygon","coordinates":[[[3.58312,6.46592],[3.58155,6.46683],[3.57999,6.46592],[3.57998,6.46411],[3.58155,6.46321],[3.58312,6.46411],[3.58312,6.46592]]]}},{"type":"Feature","properties":{"minutes":4.52,"people":847,"clinic_min":6.88,"school_min":2.16,"k_clinic":5,"k_school":5,"within_15":1,"off_street":0,"ward":"Sangotedo","lga":"Eti Osa","place":"Peninsula II","place_m":680},"geometry":{"type":"Polygon","coordinates":[[[3.58625,6.46592],[3.58469,6.46682],[3.58312,6.46592],[3.58312,6.46411],[3.58468,6.4632],[3.58625,6.46411],[3.58625,6.46592]]]}},{"type":"Feature","properties":{"minutes":3.26,"people":735,"clinic_min":4.92,"school_min":1.61,"k_clinic":5,"k_school":5,"within_15":1,"off_street":0,"ward":"Sangotedo","lga":"Eti Osa","place":"Peninsula II","place_m":572},"geometry":{"type":"Polygon","coordinates":[[[3.58938,6.46591],[3.58782,6.46682],[3.58625,6.46592],[3.58625,6.46411],[3.58781,6.4632],[3.58938,6.4641],[3.58938,6.46591]]]}},{"type":"Feature","properties":{"minutes":21.6,"people":1051,"clinic_min":23.03,"school_min":20.17,"k_clinic":5,"k_school":5,"within_15":0,"off_street":1,"ward":"Sangotedo","lga":"Eti Osa","place":"Peninsula II","place_m":657},"geometry":{"type":"Polygon","coordinates":[[[3.59252,6.46591],[3.59095,6.46681],[3.58938,6.46591],[3.58938,6.4641],[3.59095,6.4632],[3.59251,6.4641],[3.59252,6.46591]]]}},{"type":"Feature","properties":{"minutes":28.44,"people":934,"clinic_min":29.87,"school_min":27.01,"k_clinic":5,"k_school":5,"within_15":0,"off_street":0,"ward":"Sangotedo","lga":"Eti Osa","place":"Lake Garden Phase 5","place_m":598},"geometry":{"type":"Polygon","coordinates":[[[3.59565,6.4659],[3.59408,6.46681],[3.59252,6.46591],[3.59251,6.4641],[3.59408,6.46319],[3.59565,6.4641],[3.59565,6.4659]]]}},{"type":"Feature","properties":{"minutes":24.37,"people":397,"clinic_min":28.21,"school_min":20.52,"k_clinic":5,"k_school":5,"within_15":0,"off_street":0,"ward":"Sangotedo","lga":"Eti Osa","place":"Lake Garden Phase 5","place_m":485},"geometry":{"type":"Polygon","coordinates":[[[3.59878,6.4659],[3.59722,6.46681],[3.59565,6.4659],[3.59565,6.4641],[3.59721,6.46319],[3.59878,6.46409],[3.59878,6.4659]]]}},{"type":"Feature","properties":{"minutes":23.51,"people":242,"clinic_min":29.98,"school_min":17.04,"k_clinic":5,"k_school":5,"within_15":0,"off_street":0,"ward":"Sangotedo","lga":"Eti Osa","place":"Hi Tech","place_m":443},"geometry":{"type":"Polygon","coordinates":[[[3.60192,6.4659],[3.60035,6.4668],[3.59878,6.4659],[3.59878,6.46409],[3.60035,6.46319],[3.60191,6.46409],[3.60192,6.4659]]]}},{"type":"Feature","properties":{"minutes":29.93,"people":221,"clinic_min":34.82,"school_min":25.03,"k_clinic":5,"k_school":5,"within_15":0,"off_street":0,"ward":"Sangotedo","lga":"Eti Osa","place":"Hi Tech","place_m":256},"geometry":{"type":"Polygon","coordinates":[[[3.60505,6.46589],[3.60348,6.4668],[3.60192,6.4659],[3.60191,6.46409],[3.60348,6.46318],[3.60505,6.46408],[3.60505,6.46589]]]}},{"type":"Feature","properties":{"minutes":22.12,"people":431,"clinic_min":32.08,"school_min":12.16,"k_clinic":5,"k_school":5,"within_15":0,"off_street":0,"ward":"Sangotedo","lga":"Eti Osa","place":"Prince Lateef Ogunleye Palace Ogombo 2","place_m":328},"geometry":{"type":"Polygon","coordinates":[[[3.60818,6.46589],[3.60662,6.4668],[3.60505,6.46589],[3.60505,6.46408],[3.60661,6.46318],[3.60818,6.46408],[3.60818,6.46589]]]}},{"type":"Feature","properties":{"minutes":27.65,"people":531,"clinic_min":34.53,"school_min":20.76,"k_clinic":5,"k_school":5,"within_15":0,"off_street":0,"ward":"Sangotedo","lga":"Eti Osa","place":"Prince Lateef Ogunleye Palace Ogombo 2","place_m":435},"geometry":{"type":"Polygon","coordinates":[[[3.61131,6.46589],[3.60975,6.46679],[3.60818,6.46589],[3.60818,6.46408],[3.60974,6.46317],[3.61131,6.46408],[3.61131,6.46589]]]}},{"type":"Feature","properties":{"minutes":24.54,"people":312,"clinic_min":31.43,"school_min":17.66,"k_clinic":5,"k_school":5,"within_15":0,"off_street":0,"ward":"Sangotedo","lga":"Eti Osa","place":"Prince Lateef Ogunleye Palace Ogombo 2","place_m":715},"geometry":{"type":"Polygon","coordinates":[[[3.61445,6.46588],[3.61288,6.46679],[3.61131,6.46589],[3.61131,6.46408],[3.61288,6.46317],[3.61444,6.46407],[3.61445,6.46588]]]}},{"type":"Feature","properties":{"minutes":27.14,"people":727,"clinic_min":31.49,"school_min":22.78,"k_clinic":5,"k_school":5,"within_15":0,"off_street":0,"ward":"Sangotedo","lga":"Eti Osa","place":"Peaceland Estate","place_m":1016},"geometry":{"type":"Polygon","coordinates":[[[3.61758,6.46588],[3.61601,6.46678],[3.61445,6.46588],[3.61444,6.46407],[3.61601,6.46317],[3.61758,6.46407],[3.61758,6.46588]]]}},{"type":"Feature","properties":{"minutes":23.56,"people":711,"clinic_min":27.92,"school_min":19.2,"k_clinic":5,"k_school":5,"within_15":0,"off_street":0,"ward":"Sangotedo","lga":"Eti Osa","place":"Peaceland Estate","place_m":1088},"geometry":{"type":"Polygon","coordinates":[[[3.62071,6.46587],[3.61915,6.46678],[3.61758,6.46588],[3.61758,6.46407],[3.61914,6.46316],[3.62071,6.46407],[3.62071,6.46587]]]}},{"type":"Feature","properties":{"minutes":22.2,"people":609,"clinic_min":27.69,"school_min":16.7,"k_clinic":5,"k_school":5,"within_15":0,"off_street":0,"ward":"Sangotedo","lga":"Eti Osa","place":"Ogumbo","place_m":1085},"geometry":{"type":"Polygon","coordinates":[[[3.62384,6.46587],[3.62228,6.46678],[3.62071,6.46587],[3.62071,6.46407],[3.62227,6.46316],[3.62384,6.46406],[3.62384,6.46587]]]}},{"type":"Feature","properties":{"minutes":19.61,"people":356,"clinic_min":25.77,"school_min":13.45,"k_clinic":5,"k_school":5,"within_15":0,"off_street":0,"ward":"Sangotedo","lga":"Eti Osa","place":"Ogumbo","place_m":933},"geometry":{"type":"Polygon","coordinates":[[[3.62698,6.46587],[3.62541,6.46677],[3.62384,6.46587],[3.62384,6.46406],[3.62541,6.46316],[3.62697,6.46406],[3.62698,6.46587]]]}},{"type":"Feature","properties":{"minutes":21.53,"people":666,"clinic_min":29.63,"school_min":13.43,"k_clinic":5,"k_school":5,"within_15":0,"off_street":0,"ward":"Sangotedo","lga":"Eti Osa","place":"United Estate","place_m":681},"geometry":{"type":"Polygon","coordinates":[[[3.63011,6.46586],[3.62854,6.46677],[3.62698,6.46587],[3.62697,6.46406],[3.62854,6.46315],[3.63011,6.46405],[3.63011,6.46586]]]}},{"type":"Feature","properties":{"minutes":18.14,"people":941,"clinic_min":28.19,"school_min":8.09,"k_clinic":5,"k_school":5,"within_15":0,"off_street":0,"ward":"Sangotedo","lga":"Eti Osa","place":"United Estate","place_m":384},"geometry":{"type":"Polygon","coordinates":[[[3.63324,6.46586],[3.63168,6.46677],[3.63011,6.46586],[3.63011,6.46405],[3.63167,6.46315],[3.63324,6.46405],[3.63324,6.46586]]]}},{"type":"Feature","properties":{"minutes":19.6,"people":1161,"clinic_min":30.76,"school_min":8.44,"k_clinic":5,"k_school":5,"within_15":0,"off_street":0,"ward":"Sangotedo","lga":"Eti Osa","place":"United Estate","place_m":268},"geometry":{"type":"Polygon","coordinates":[[[3.63638,6.46586],[3.63481,6.46676],[3.63324,6.46586],[3.63324,6.46405],[3.63481,6.46314],[3.63637,6.46405],[3.63638,6.46586]]]}},{"type":"Feature","properties":{"minutes":21.05,"people":295,"clinic_min":31.94,"school_min":10.17,"k_clinic":5,"k_school":5,"within_15":0,"off_street":0,"ward":"Sangotedo","lga":"Eti Osa","place":"United Estate","place_m":486},"geometry":{"type":"Polygon","coordinates":[[[3.63951,6.46585],[3.63794,6.46676],[3.63638,6.46586],[3.63637,6.46405],[3.63794,6.46314],[3.63951,6.46404],[3.63951,6.46585]]]}},{"type":"Feature","properties":{"minutes":17.93,"people":88,"clinic_min":25.19,"school_min":10.67,"k_clinic":5,"k_school":5,"within_15":0,"off_street":0,"ward":"Sangotedo","lga":"Eti Osa","place":"Crown Estate","place_m":666},"geometry":{"type":"Polygon","coordinates":[[[3.64264,6.46585],[3.64108,6.46675],[3.63951,6.46585],[3.63951,6.46404],[3.64107,6.46314],[3.64264,6.46404],[3.64264,6.46585]]]}},{"type":"Feature","properties":{"minutes":17.93,"people":602,"clinic_min":25.19,"school_min":10.67,"k_clinic":5,"k_school":5,"within_15":0,"off_street":1,"ward":"Sangotedo","lga":"Eti Osa","place":"Crown Estate","place_m":322},"geometry":{"type":"Polygon","coordinates":[[[3.64577,6.46584],[3.64421,6.46675],[3.64264,6.46585],[3.64264,6.46404],[3.6442,6.46313],[3.64577,6.46403],[3.64577,6.46584]]]}},{"type":"Feature","properties":{"minutes":24.97,"people":1044,"clinic_min":31.61,"school_min":18.33,"k_clinic":5,"k_school":5,"within_15":0,"off_street":1,"ward":"Sangotedo","lga":"Eti Osa","place":"Crown Estate","place_m":56},"geometry":{"type":"Polygon","coordinates":[[[3.64891,6.46584],[3.64734,6.46675],[3.64577,6.46584],[3.64577,6.46403],[3.64734,6.46313],[3.6489,6.46403],[3.64891,6.46584]]]}},{"type":"Feature","properties":{"minutes":24.97,"people":219,"clinic_min":31.61,"school_min":18.33,"k_clinic":5,"k_school":5,"within_15":0,"off_street":0,"ward":"Sangotedo","lga":"Eti Osa","place":"Crown Estate","place_m":378},"geometry":{"type":"Polygon","coordinates":[[[3.65204,6.46584],[3.65047,6.46674],[3.64891,6.46584],[3.6489,6.46403],[3.65047,6.46312],[3.65204,6.46403],[3.65204,6.46584]]]}},{"type":"Feature","properties":{"minutes":28.05,"people":473,"clinic_min":35.85,"school_min":20.25,"k_clinic":5,"k_school":5,"within_15":0,"off_street":0,"ward":"Sangotedo","lga":"Eti Osa","place":"Majek Firstgate Abijo","place_m":555},"geometry":{"type":"Polygon","coordinates":[[[3.65517,6.46583],[3.65361,6.46674],[3.65204,6.46584],[3.65204,6.46403],[3.6536,6.46312],[3.65517,6.46402],[3.65517,6.46583]]]}},{"type":"Feature","properties":{"minutes":40.54,"people":27,"clinic_min":50.33,"school_min":30.75,"k_clinic":5,"k_school":5,"within_15":0,"off_street":1,"ward":"Sangotedo","lga":"Eti Osa","place":"Majek Firstgate Abijo","place_m":510},"geometry":{"type":"Polygon","coordinates":[[[3.6583,6.46583],[3.65674,6.46673],[3.65517,6.46583],[3.65517,6.46402],[3.65673,6.46312],[3.6583,6.46402],[3.6583,6.46583]]]}},{"type":"Feature","properties":{"minutes":39.48,"people":235,"clinic_min":49.27,"school_min":29.68,"k_clinic":5,"k_school":5,"within_15":0,"off_street":0,"ward":"Sangotedo","lga":"Eti Osa","place":"Majek Firstgate Abijo","place_m":672},"geometry":{"type":"Polygon","coordinates":[[[3.66144,6.46582],[3.65987,6.46673],[3.6583,6.46583],[3.6583,6.46402],[3.65987,6.46311],[3.66143,6.46401],[3.66144,6.46582]]]}},{"type":"Feature","properties":{"minutes":13.09,"people":368,"clinic_min":14.52,"school_min":11.66,"k_clinic":5,"k_school":5,"within_15":1,"off_street":0,"ward":"Coker","lga":"Surulere","place":"Mile 2 Festac Side","place_m":328},"geometry":{"type":"Polygon","coordinates":[[[3.32466,6.46886],[3.3231,6.46977],[3.32153,6.46887],[3.32153,6.46706],[3.3231,6.46615],[3.32466,6.46705],[3.32466,6.46886]]]}},{"type":"Feature","properties":{"minutes":11.79,"people":299,"clinic_min":13.19,"school_min":10.4,"k_clinic":5,"k_school":5,"within_15":1,"off_street":0,"ward":"Coker","lga":"Surulere","place":"Alaba Oro","place_m":539},"geometry":{"type":"Polygon","coordinates":[[[3.3278,6.46886],[3.32623,6.46977],[3.32466,6.46886],[3.32466,6.46705],[3.32623,6.46615],[3.3278,6.46705],[3.3278,6.46886]]]}},{"type":"Feature","properties":{"minutes":11.19,"people":545,"clinic_min":13.39,"school_min":8.98,"k_clinic":5,"k_school":5,"within_15":1,"off_street":0,"ward":"Coker","lga":"Surulere","place":"Alaba Oro","place_m":323},"geometry":{"type":"Polygon","coordinates":[[[3.33093,6.46886],[3.32936,6.46977],[3.3278,6.46886],[3.3278,6.46705],[3.32936,6.46615],[3.33093,6.46705],[3.33093,6.46886]]]}},{"type":"Feature","properties":{"minutes":2.54,"people":1602,"clinic_min":3.82,"school_min":1.27,"k_clinic":5,"k_school":5,"within_15":1,"off_street":0,"ward":"Gaskiya","lga":"Apapa","place":"Badia","place_m":114},"geometry":{"type":"Polygon","coordinates":[[[3.35286,6.46884],[3.35129,6.46975],[3.34973,6.46885],[3.34973,6.46704],[3.35129,6.46613],[3.35286,6.46704],[3.35286,6.46884]]]}},{"type":"Feature","properties":{"minutes":6.45,"people":1682,"clinic_min":8.45,"school_min":4.46,"k_clinic":5,"k_school":5,"within_15":1,"off_street":0,"ward":"Gaskiya","lga":"Apapa","place":"Saki Iganmu","place_m":81},"geometry":{"type":"Polygon","coordinates":[[[3.35599,6.46884],[3.35443,6.46975],[3.35286,6.46884],[3.35286,6.46704],[3.35443,6.46613],[3.35599,6.46703],[3.35599,6.46884]]]}},{"type":"Feature","properties":{"minutes":3.71,"people":2242,"clinic_min":5.81,"school_min":1.62,"k_clinic":5,"k_school":5,"within_15":1,"off_street":0,"ward":"Badia","lga":"Apapa","place":"Badia","place_m":168},"geometry":{"type":"Polygon","coordinates":[[[3.35913,6.46884],[3.35756,6.46975],[3.35599,6.46884],[3.35599,6.46703],[3.35756,6.46613],[3.35913,6.46703],[3.35913,6.46884]]]}},{"type":"Feature","properties":{"minutes":4.74,"people":1871,"clinic_min":6.53,"school_min":2.95,"k_clinic":5,"k_school":5,"within_15":1,"off_street":0,"ward":"Badia","lga":"Apapa","place":"Badia","place_m":223},"geometry":{"type":"Polygon","coordinates":[[[3.36226,6.46884],[3.36069,6.46974],[3.35913,6.46884],[3.35913,6.46703],[3.36069,6.46613],[3.36226,6.46703],[3.36226,6.46884]]]}},{"type":"Feature","properties":{"minutes":4.04,"people":494,"clinic_min":3.54,"school_min":4.54,"k_clinic":5,"k_school":5,"within_15":1,"off_street":0,"ward":"Ijora","lga":"Apapa","place":"Obale","place_m":144},"geometry":{"type":"Polygon","coordinates":[[[3.36539,6.46884],[3.36383,6.46974],[3.36226,6.46884],[3.36226,6.46703],[3.36382,6.46612],[3.36539,6.46703],[3.36539,6.46884]]]}},{"type":"Feature","properties":{"minutes":4.47,"people":995,"clinic_min":4.39,"school_min":4.56,"k_clinic":5,"k_school":5,"within_15":1,"off_street":0,"ward":"Ijora","lga":"Apapa","place":"Ijora Oloye","place_m":121},"geometry":{"type":"Polygon","coordinates":[[[3.36852,6.46883],[3.36696,6.46974],[3.36539,6.46884],[3.36539,6.46703],[3.36696,6.46612],[3.36852,6.46702],[3.36852,6.46883]]]}},{"type":"Feature","properties":{"minutes":5.93,"people":338,"clinic_min":5.84,"school_min":6.02,"k_clinic":5,"k_school":5,"within_15":1,"off_street":0,"ward":"Ijora","lga":"Apapa","place":"Ijora Oloye","place_m":332},"geometry":{"type":"Polygon","coordinates":[[[3.37166,6.46883],[3.37009,6.46974],[3.36852,6.46883],[3.36852,6.46702],[3.37009,6.46612],[3.37166,6.46702],[3.37166,6.46883]]]}},{"type":"Feature","properties":{"minutes":11.77,"people":659,"clinic_min":11.92,"school_min":11.63,"k_clinic":5,"k_school":5,"within_15":1,"off_street":0,"ward":"Ijora","lga":"Apapa","place":"Ijoraolopa","place_m":406},"geometry":{"type":"Polygon","coordinates":[[[3.37479,6.46883],[3.37322,6.46973],[3.37166,6.46883],[3.37166,6.46702],[3.37322,6.46612],[3.37479,6.46702],[3.37479,6.46883]]]}},{"type":"Feature","properties":{"minutes":15.01,"people":505,"clinic_min":16.81,"school_min":13.21,"k_clinic":5,"k_school":5,"within_15":0,"off_street":0,"ward":"Ijora","lga":"Apapa","place":"Ijoraolopa","place_m":156},"geometry":{"type":"Polygon","coordinates":[[[3.37792,6.46883],[3.37636,6.46973],[3.37479,6.46883],[3.37479,6.46702],[3.37636,6.46611],[3.37792,6.46702],[3.37792,6.46883]]]}},{"type":"Feature","properties":{"minutes":15.88,"people":455,"clinic_min":19.94,"school_min":11.82,"k_clinic":5,"k_school":5,"within_15":0,"off_street":0,"ward":"Otto","lga":"Lagos Mainland","place":"Ijoraolopa","place_m":352},"geometry":{"type":"Polygon","coordinates":[[[3.38106,6.46882],[3.37949,6.46973],[3.37792,6.46883],[3.37792,6.46702],[3.37949,6.46611],[3.38105,6.46702],[3.38106,6.46882]]]}},{"type":"Feature","properties":{"minutes":13.84,"people":378,"clinic_min":14.8,"school_min":12.88,"k_clinic":5,"k_school":5,"within_15":1,"off_street":0,"ward":"Otto","lga":"Lagos Mainland","place":"Isale Eko","place_m":617},"geometry":{"type":"Polygon","coordinates":[[[3.38419,6.46882],[3.38262,6.46973],[3.38106,6.46882],[3.38105,6.46702],[3.38262,6.46611],[3.38419,6.46701],[3.38419,6.46882]]]}},{"type":"Feature","properties":{"minutes":25.07,"people":428,"clinic_min":31.41,"school_min":18.73,"k_clinic":5,"k_school":5,"within_15":0,"off_street":1,"ward":"Ikoyi 1","lga":"Eti Osa","place":"Osborne Ikoyi","place_m":935},"geometry":{"type":"Polygon","coordinates":[[[3.42492,6.46879],[3.42335,6.4697],[3.42178,6.46879],[3.42178,6.46698],[3.42335,6.46608],[3.42491,6.46698],[3.42492,6.46879]]]}},{"type":"Feature","properties":{"minutes":52.17,"people":257,"clinic_min":60.3,"school_min":44.05,"k_clinic":5,"k_school":5,"within_15":0,"off_street":0,"ward":"Ikoyi 1","lga":"Eti Osa","place":"Imoba","place_m":500},"geometry":{"type":"Polygon","coordinates":[[[3.44685,6.46877],[3.44528,6.46968],[3.44371,6.46877],[3.44371,6.46696],[3.44528,6.46606],[3.44684,6.46696],[3.44685,6.46877]]]}},{"type":"Feature","properties":{"minutes":51.07,"people":373,"clinic_min":59.19,"school_min":42.95,"k_clinic":5,"k_school":5,"within_15":0,"off_street":0,"ward":"Ikoyi 1","lga":"Eti Osa","place":"Imoba","place_m":276},"geometry":{"type":"Polygon","coordinates":[[[3.44998,6.46877],[3.44841,6.46967],[3.44685,6.46877],[3.44684,6.46696],[3.44841,6.46606],[3.44998,6.46696],[3.44998,6.46877]]]}},{"type":"Feature","properties":{"minutes":38.73,"people":32,"clinic_min":42.39,"school_min":35.07,"k_clinic":5,"k_school":5,"within_15":0,"off_street":0,"ward":"Ikate\u2013Lekki","lga":"Eti Osa","place":"Fatai Arobieke Crescent","place_m":1475},"geometry":{"type":"Polygon","coordinates":[[[3.48444,6.46874],[3.48287,6.46964],[3.48131,6.46874],[3.4813,6.46693],[3.48287,6.46602],[3.48444,6.46693],[3.48444,6.46874]]]}},{"type":"Feature","properties":{"minutes":33.69,"people":84,"clinic_min":34.05,"school_min":33.32,"k_clinic":5,"k_school":5,"within_15":0,"off_street":1,"ward":"Ajiran\u2013Osapa","lga":"Eti Osa","place":"Ojomu","place_m":1580},"geometry":{"type":"Polygon","coordinates":[[[3.51577,6.46871],[3.5142,6.46961],[3.51263,6.46871],[3.51263,6.4669],[3.5142,6.46599],[3.51577,6.4669],[3.51577,6.46871]]]}},{"type":"Feature","properties":{"minutes":35.77,"people":572,"clinic_min":39.24,"school_min":32.29,"k_clinic":5,"k_school":5,"within_15":0,"off_street":1,"ward":"Ajiran\u2013Osapa","lga":"Eti Osa","place":"Chevron","place_m":415},"geometry":{"type":"Polygon","coordinates":[[[3.5377,6.46868],[3.53613,6.46959],[3.53456,6.46869],[3.53456,6.46688],[3.53613,6.46597],[3.53769,6.46687],[3.5377,6.46868]]]}},{"type":"Feature","properties":{"minutes":17.16,"people":1048,"clinic_min":15.23,"school_min":19.1,"k_clinic":5,"k_school":5,"within_15":0,"off_street":1,"ward":"Ajiran\u2013Osapa","lga":"Eti Osa","place":"Chevron","place_m":519},"geometry":{"type":"Polygon","coordinates":[[[3.54083,6.46868],[3.53926,6.46959],[3.5377,6.46868],[3.53769,6.46687],[3.53926,6.46597],[3.54083,6.46687],[3.54083,6.46868]]]}},{"type":"Feature","properties":{"minutes":17.16,"people":1411,"clinic_min":15.23,"school_min":19.1,"k_clinic":5,"k_school":5,"within_15":0,"off_street":1,"ward":"Ajiran\u2013Osapa","lga":"Eti Osa","place":"Chevron","place_m":779},"geometry":{"type":"Polygon","coordinates":[[[3.54396,6.46868],[3.5424,6.46958],[3.54083,6.46868],[3.54083,6.46687],[3.54239,6.46596],[3.54396,6.46687],[3.54396,6.46868]]]}},{"type":"Feature","properties":{"minutes":17.16,"people":1469,"clinic_min":15.23,"school_min":19.1,"k_clinic":5,"k_school":5,"within_15":0,"off_street":1,"ward":"Ajiran\u2013Osapa","lga":"Eti Osa","place":"Chevron","place_m":1088},"geometry":{"type":"Polygon","coordinates":[[[3.5471,6.46867],[3.54553,6.46958],[3.54396,6.46868],[3.54396,6.46687],[3.54553,6.46596],[3.54709,6.46686],[3.5471,6.46867]]]}},{"type":"Feature","properties":{"minutes":16.25,"people":1685,"clinic_min":17.83,"school_min":14.68,"k_clinic":5,"k_school":5,"within_15":0,"off_street":1,"ward":"Ajiran\u2013Osapa","lga":"Eti Osa","place":"Eleganza","place_m":770},"geometry":{"type":"Polygon","coordinates":[[[3.55023,6.46867],[3.54866,6.46958],[3.5471,6.46867],[3.54709,6.46686],[3.54866,6.46596],[3.55023,6.46686],[3.55023,6.46867]]]}},{"type":"Feature","properties":{"minutes":15.03,"people":283,"clinic_min":16.6,"school_min":13.45,"k_clinic":5,"k_school":5,"within_15":0,"off_street":0,"ward":"Ajah","lga":"Eti Osa","place":"Eleganza","place_m":187},"geometry":{"type":"Polygon","coordinates":[[[3.55649,6.46866],[3.55493,6.46957],[3.55336,6.46867],[3.55336,6.46686],[3.55492,6.46595],[3.55649,6.46685],[3.55649,6.46866]]]}},{"type":"Feature","properties":{"minutes":10.85,"people":1755,"clinic_min":12.42,"school_min":9.27,"k_clinic":5,"k_school":5,"within_15":1,"off_street":0,"ward":"Ajah","lga":"Eti Osa","place":"Ikota","place_m":198},"geometry":{"type":"Polygon","coordinates":[[[3.55963,6.46866],[3.55806,6.46957],[3.55649,6.46866],[3.55649,6.46685],[3.55806,6.46595],[3.55962,6.46685],[3.55963,6.46866]]]}},{"type":"Feature","properties":{"minutes":6.41,"people":2434,"clinic_min":8.33,"school_min":4.49,"k_clinic":5,"k_school":5,"within_15":1,"off_street":0,"ward":"Ajah","lga":"Eti Osa","place":"Eti Osa Indigenous Town","place_m":152},"geometry":{"type":"Polygon","coordinates":[[[3.56276,6.46866],[3.56119,6.46956],[3.55963,6.46866],[3.55962,6.46685],[3.56119,6.46594],[3.56276,6.46685],[3.56276,6.46866]]]}},{"type":"Feature","properties":{"minutes":4.79,"people":1079,"clinic_min":5.04,"school_min":4.53,"k_clinic":5,"k_school":5,"within_15":1,"off_street":0,"ward":"Ajah","lga":"Eti Osa","place":"Ajah","place_m":287},"geometry":{"type":"Polygon","coordinates":[[[3.56589,6.46865],[3.56433,6.46956],[3.56276,6.46866],[3.56276,6.46685],[3.56432,6.46594],[3.56589,6.46684],[3.56589,6.46865]]]}},{"type":"Feature","properties":{"minutes":5.01,"people":71,"clinic_min":5.05,"school_min":4.96,"k_clinic":5,"k_school":5,"within_15":1,"off_street":0,"ward":"Ajah","lga":"Eti Osa","place":"Ajah","place_m":592},"geometry":{"type":"Polygon","coordinates":[[[3.56902,6.46865],[3.56746,6.46956],[3.56589,6.46865],[3.56589,6.46684],[3.56746,6.46594],[3.56902,6.46684],[3.56902,6.46865]]]}},{"type":"Feature","properties":{"minutes":9.94,"people":290,"clinic_min":10.31,"school_min":9.58,"k_clinic":5,"k_school":5,"within_15":1,"off_street":0,"ward":"Ajah","lga":"Eti Osa","place":"Thomas","place_m":500},"geometry":{"type":"Polygon","coordinates":[[[3.57216,6.46865],[3.57059,6.46955],[3.56902,6.46865],[3.56902,6.46684],[3.57059,6.46593],[3.57216,6.46684],[3.57216,6.46865]]]}},{"type":"Feature","properties":{"minutes":13.78,"people":227,"clinic_min":14.14,"school_min":13.41,"k_clinic":5,"k_school":5,"within_15":1,"off_street":0,"ward":"Ajah","lga":"Eti Osa","place":"Thomas","place_m":258},"geometry":{"type":"Polygon","coordinates":[[[3.57529,6.46864],[3.57372,6.46955],[3.57216,6.46865],[3.57216,6.46684],[3.57372,6.46593],[3.57529,6.46683],[3.57529,6.46864]]]}},{"type":"Feature","properties":{"minutes":15.66,"people":281,"clinic_min":15.3,"school_min":16.03,"k_clinic":5,"k_school":5,"within_15":0,"off_street":0,"ward":"Ajah","lga":"Eti Osa","place":"Thomas","place_m":352},"geometry":{"type":"Polygon","coordinates":[[[3.57842,6.46864],[3.57686,6.46954],[3.57529,6.46864],[3.57529,6.46683],[3.57685,6.46593],[3.57842,6.46683],[3.57842,6.46864]]]}},{"type":"Feature","properties":{"minutes":12.58,"people":706,"clinic_min":12.23,"school_min":12.94,"k_clinic":5,"k_school":5,"within_15":1,"off_street":0,"ward":"Sangotedo","lga":"Eti Osa","place":"Thomas","place_m":649},"geometry":{"type":"Polygon","coordinates":[[[3.58156,6.46863],[3.57999,6.46954],[3.57842,6.46864],[3.57842,6.46683],[3.57999,6.46592],[3.58155,6.46683],[3.58156,6.46863]]]}},{"type":"Feature","properties":{"minutes":5.81,"people":1530,"clinic_min":6.83,"school_min":4.79,"k_clinic":5,"k_school":5,"within_15":1,"off_street":0,"ward":"Sangotedo","lga":"Eti Osa","place":"Thomas","place_m":979},"geometry":{"type":"Polygon","coordinates":[[[3.58469,6.46863],[3.58312,6.46954],[3.58156,6.46863],[3.58155,6.46683],[3.58312,6.46592],[3.58469,6.46682],[3.58469,6.46863]]]}},{"type":"Feature","properties":{"minutes":3.05,"people":911,"clinic_min":4.01,"school_min":2.09,"k_clinic":5,"k_school":5,"within_15":1,"off_street":0,"ward":"Sangotedo","lga":"Eti Osa","place":"Peninsula II","place_m":893},"geometry":{"type":"Polygon","coordinates":[[[3.58782,6.46863],[3.58626,6.46953],[3.58469,6.46863],[3.58469,6.46682],[3.58625,6.46592],[3.58782,6.46682],[3.58782,6.46863]]]}},{"type":"Feature","properties":{"minutes":8.45,"people":1334,"clinic_min":8.17,"school_min":8.74,"k_clinic":5,"k_school":5,"within_15":1,"off_street":1,"ward":"Sangotedo","lga":"Eti Osa","place":"Peninsula II","place_m":884},"geometry":{"type":"Polygon","coordinates":[[[3.59095,6.46862],[3.58939,6.46953],[3.58782,6.46863],[3.58782,6.46682],[3.58938,6.46591],[3.59095,6.46681],[3.59095,6.46862]]]}},{"type":"Feature","properties":{"minutes":21.6,"people":1279,"clinic_min":23.03,"school_min":20.17,"k_clinic":5,"k_school":5,"within_15":0,"off_street":0,"ward":"Sangotedo","lga":"Eti Osa","place":"Alasia","place_m":692},"geometry":{"type":"Polygon","coordinates":[[[3.59409,6.46862],[3.59252,6.46953],[3.59095,6.46862],[3.59095,6.46681],[3.59252,6.46591],[3.59408,6.46681],[3.59409,6.46862]]]}},{"type":"Feature","properties":{"minutes":18.77,"people":358,"clinic_min":21.19,"school_min":16.35,"k_clinic":5,"k_school":5,"within_15":0,"off_street":0,"ward":"Sangotedo","lga":"Eti Osa","place":"Alasia","place_m":398},"geometry":{"type":"Polygon","coordinates":[[[3.59722,6.46862],[3.59565,6.46952],[3.59409,6.46862],[3.59408,6.46681],[3.59565,6.4659],[3.59722,6.46681],[3.59722,6.46862]]]}},{"type":"Feature","properties":{"minutes":22.46,"people":356,"clinic_min":26.72,"school_min":18.2,"k_clinic":5,"k_school":5,"within_15":0,"off_street":0,"ward":"Sangotedo","lga":"Eti Osa","place":"Alasia","place_m":280},"geometry":{"type":"Polygon","coordinates":[[[3.60035,6.46861],[3.59879,6.46952],[3.59722,6.46862],[3.59722,6.46681],[3.59878,6.4659],[3.60035,6.4668],[3.60035,6.46861]]]}},{"type":"Feature","properties":{"minutes":22.45,"people":114,"clinic_min":31.52,"school_min":13.38,"k_clinic":5,"k_school":5,"within_15":0,"off_street":0,"ward":"Sangotedo","lga":"Eti Osa","place":"Hi Tech","place_m":194},"geometry":{"type":"Polygon","coordinates":[[[3.60348,6.46861],[3.60192,6.46952],[3.60035,6.46861],[3.60035,6.4668],[3.60192,6.4659],[3.60348,6.4668],[3.60348,6.46861]]]}},{"type":"Feature","properties":{"minutes":20.72,"people":606,"clinic_min":30.7,"school_min":10.73,"k_clinic":5,"k_school":5,"within_15":0,"off_street":0,"ward":"Sangotedo","lga":"Eti Osa","place":"Hi Tech","place_m":164},"geometry":{"type":"Polygon","coordinates":[[[3.60662,6.46861],[3.60505,6.46951],[3.60348,6.46861],[3.60348,6.4668],[3.60505,6.46589],[3.60662,6.4668],[3.60662,6.46861]]]}},{"type":"Feature","properties":{"minutes":18.41,"people":838,"clinic_min":27.6,"school_min":9.21,"k_clinic":5,"k_school":5,"within_15":0,"off_street":0,"ward":"Sangotedo","lga":"Eti Osa","place":"Prince Lateef Ogunleye Palace Ogombo 2","place_m":121},"geometry":{"type":"Polygon","coordinates":[[[3.60975,6.4686],[3.60818,6.46951],[3.60662,6.46861],[3.60662,6.4668],[3.60818,6.46589],[3.60975,6.46679],[3.60975,6.4686]]]}},{"type":"Feature","properties":{"minutes":25.28,"people":340,"clinic_min":32.17,"school_min":18.39,"k_clinic":5,"k_school":5,"within_15":0,"off_street":0,"ward":"Sangotedo","lga":"Eti Osa","place":"Prince Lateef Ogunleye Palace Ogombo 2","place_m":466},"geometry":{"type":"Polygon","coordinates":[[[3.61288,6.4686],[3.61132,6.4695],[3.60975,6.4686],[3.60975,6.46679],[3.61131,6.46589],[3.61288,6.46679],[3.61288,6.4686]]]}},{"type":"Feature","properties":{"minutes":23.54,"people":406,"clinic_min":27.84,"school_min":19.24,"k_clinic":5,"k_school":5,"within_15":0,"off_street":0,"ward":"Sangotedo","lga":"Eti Osa","place":"Prince Lateef Ogunleye Palace Ogombo 2","place_m":812},"geometry":{"type":"Polygon","coordinates":[[[3.61602,6.46859],[3.61445,6.4695],[3.61288,6.4686],[3.61288,6.46679],[3.61445,6.46588],[3.61601,6.46678],[3.61602,6.46859]]]}},{"type":"Feature","properties":{"minutes":22.98,"people":755,"clinic_min":26.07,"school_min":19.88,"k_clinic":5,"k_school":5,"within_15":0,"off_street":0,"ward":"Sangotedo","lga":"Eti Osa","place":"Ogunlana Avenue","place_m":829},"geometry":{"type":"Polygon","coordinates":[[[3.61915,6.46859],[3.61758,6.4695],[3.61602,6.46859],[3.61601,6.46678],[3.61758,6.46588],[3.61915,6.46678],[3.61915,6.46859]]]}},{"type":"Feature","properties":{"minutes":22.02,"people":792,"clinic_min":27.51,"school_min":16.53,"k_clinic":5,"k_school":5,"within_15":0,"off_street":0,"ward":"Sangotedo","lga":"Eti Osa","place":"Ogunlana Avenue","place_m":893},"geometry":{"type":"Polygon","coordinates":[[[3.62228,6.46859],[3.62072,6.46949],[3.61915,6.46859],[3.61915,6.46678],[3.62071,6.46587],[3.62228,6.46678],[3.62228,6.46859]]]}},{"type":"Feature","properties":{"minutes":17.23,"people":438,"clinic_min":22.73,"school_min":11.74,"k_clinic":5,"k_school":5,"within_15":0,"off_street":0,"ward":"Sangotedo","lga":"Eti Osa","place":"Sangotedo Lekki","place_m":872},"geometry":{"type":"Polygon","coordinates":[[[3.62541,6.46858],[3.62385,6.46949],[3.62228,6.46859],[3.62228,6.46678],[3.62384,6.46587],[3.62541,6.46677],[3.62541,6.46858]]]}},{"type":"Feature","properties":{"minutes":15.2,"people":467,"clinic_min":21.97,"school_min":8.44,"k_clinic":5,"k_school":5,"within_15":0,"off_street":0,"ward":"Sangotedo","lga":"Eti Osa","place":"Okooba Eleragbe Extension","place_m":750},"geometry":{"type":"Polygon","coordinates":[[[3.62855,6.46858],[3.62698,6.46949],[3.62541,6.46858],[3.62541,6.46677],[3.62698,6.46587],[3.62854,6.46677],[3.62855,6.46858]]]}},{"type":"Feature","properties":{"minutes":15.64,"people":1081,"clinic_min":24.32,"school_min":6.96,"k_clinic":5,"k_school":5,"within_15":0,"off_street":0,"ward":"Sangotedo","lga":"Eti Osa","place":"United Estate","place_m":457},"geometry":{"type":"Polygon","coordinates":[[[3.63168,6.46857],[3.63011,6.46948],[3.62855,6.46858],[3.62854,6.46677],[3.63011,6.46586],[3.63168,6.46677],[3.63168,6.46857]]]}},{"type":"Feature","properties":{"minutes":14.54,"people":1353,"clinic_min":23.72,"school_min":5.36,"k_clinic":5,"k_school":5,"within_15":1,"off_street":0,"ward":"Sangotedo","lga":"Eti Osa","place":"United Estate","place_m":116},"geometry":{"type":"Polygon","coordinates":[[[3.63481,6.46857],[3.63325,6.46948],[3.63168,6.46857],[3.63168,6.46677],[3.63324,6.46586],[3.63481,6.46676],[3.63481,6.46857]]]}},{"type":"Feature","properties":{"minutes":16.71,"people":1179,"clinic_min":25.52,"school_min":7.9,"k_clinic":5,"k_school":5,"within_15":0,"off_street":0,"ward":"Sangotedo","lga":"Eti Osa","place":"United Estate","place_m":240},"geometry":{"type":"Polygon","coordinates":[[[3.63794,6.46857],[3.63638,6.46947],[3.63481,6.46857],[3.63481,6.46676],[3.63638,6.46586],[3.63794,6.46676],[3.63794,6.46857]]]}},{"type":"Feature","properties":{"minutes":18.99,"people":378,"clinic_min":24.29,"school_min":13.69,"k_clinic":5,"k_school":5,"within_15":0,"off_street":0,"ward":"Sangotedo","lga":"Eti Osa","place":"Sangotedo","place_m":572},"geometry":{"type":"Polygon","coordinates":[[[3.64108,6.46856],[3.63951,6.46947],[3.63794,6.46857],[3.63794,6.46676],[3.63951,6.46585],[3.64108,6.46675],[3.64108,6.46856]]]}},{"type":"Feature","properties":{"minutes":15.64,"people":269,"clinic_min":18.42,"school_min":12.85,"k_clinic":5,"k_school":5,"within_15":0,"off_street":1,"ward":"Sangotedo","lga":"Eti Osa","place":"Crown Estate","place_m":552},"geometry":{"type":"Polygon","coordinates":[[[3.64421,6.46856],[3.64265,6.46947],[3.64108,6.46856],[3.64108,6.46675],[3.64264,6.46585],[3.64421,6.46675],[3.64421,6.46856]]]}},{"type":"Feature","properties":{"minutes":19.49,"people":876,"clinic_min":23.89,"school_min":15.09,"k_clinic":5,"k_school":5,"within_15":0,"off_street":0,"ward":"Sangotedo","lga":"Eti Osa","place":"Crown Estate","place_m":290},"geometry":{"type":"Polygon","coordinates":[[[3.64734,6.46856],[3.64578,6.46946],[3.64421,6.46856],[3.64421,6.46675],[3.64577,6.46584],[3.64734,6.46675],[3.64734,6.46856]]]}},{"type":"Feature","properties":{"minutes":21.97,"people":662,"clinic_min":28.96,"school_min":14.98,"k_clinic":5,"k_school":5,"within_15":0,"off_street":0,"ward":"Sangotedo","lga":"Eti Osa","place":"Crown Estate","place_m":323},"geometry":{"type":"Polygon","coordinates":[[[3.65048,6.46855],[3.64891,6.46946],[3.64734,6.46856],[3.64734,6.46675],[3.64891,6.46584],[3.65047,6.46674],[3.65048,6.46855]]]}},{"type":"Feature","properties":{"minutes":22.73,"people":137,"clinic_min":29.71,"school_min":15.74,"k_clinic":5,"k_school":5,"within_15":0,"off_street":0,"ward":"Sangotedo","lga":"Eti Osa","place":"Majek Firstgate Abijo","place_m":462},"geometry":{"type":"Polygon","coordinates":[[[3.65361,6.46855],[3.65204,6.46945],[3.65048,6.46855],[3.65047,6.46674],[3.65204,6.46584],[3.65361,6.46674],[3.65361,6.46855]]]}},{"type":"Feature","properties":{"minutes":25.14,"people":278,"clinic_min":33.29,"school_min":16.99,"k_clinic":5,"k_school":5,"within_15":0,"off_street":0,"ward":"Sangotedo","lga":"Eti Osa","place":"Majek Firstgate Abijo","place_m":211},"geometry":{"type":"Polygon","coordinates":[[[3.65674,6.46854],[3.65518,6.46945],[3.65361,6.46855],[3.65361,6.46674],[3.65517,6.46583],[3.65674,6.46673],[3.65674,6.46854]]]}},{"type":"Feature","properties":{"minutes":21.51,"people":416,"clinic_min":31.99,"school_min":11.02,"k_clinic":5,"k_school":5,"within_15":0,"off_street":0,"ward":"Sangotedo","lga":"Eti Osa","place":"Majek Firstgate Abijo","place_m":340},"geometry":{"type":"Polygon","coordinates":[[[3.65987,6.46854],[3.65831,6.46945],[3.65674,6.46854],[3.65674,6.46673],[3.6583,6.46583],[3.65987,6.46673],[3.65987,6.46854]]]}},{"type":"Feature","properties":{"minutes":32.68,"people":1062,"clinic_min":42.47,"school_min":22.89,"k_clinic":5,"k_school":5,"within_15":0,"off_street":0,"ward":"Sangotedo","lga":"Eti Osa","place":"Amity Estate","place_m":548},"geometry":{"type":"Polygon","coordinates":[[[3.66301,6.46853],[3.66144,6.46944],[3.65987,6.46854],[3.65987,6.46673],[3.66144,6.46582],[3.663,6.46673],[3.66301,6.46853]]]}},{"type":"Feature","properties":{"minutes":24.96,"people":1283,"clinic_min":37.78,"school_min":12.15,"k_clinic":5,"k_school":5,"within_15":0,"off_street":0,"ward":"Sangotedo","lga":"Eti Osa","place":"Amity Estate","place_m":236},"geometry":{"type":"Polygon","coordinates":[[[3.66614,6.46853],[3.66457,6.46944],[3.66301,6.46853],[3.663,6.46673],[3.66457,6.46582],[3.66614,6.46672],[3.66614,6.46853]]]}},{"type":"Feature","properties":{"minutes":12.01,"people":363,"clinic_min":13.68,"school_min":10.34,"k_clinic":5,"k_school":5,"within_15":1,"off_street":0,"ward":"Coker","lga":"Surulere","place":"Mile 2 Festac Side","place_m":376},"geometry":{"type":"Polygon","coordinates":[[[3.32623,6.47158],[3.32467,6.47248],[3.3231,6.47158],[3.3231,6.46977],[3.32466,6.46886],[3.32623,6.46977],[3.32623,6.47158]]]}},{"type":"Feature","properties":{"minutes":8.31,"people":649,"clinic_min":10.51,"school_min":6.1,"k_clinic":5,"k_school":5,"within_15":1,"off_street":0,"ward":"Coker","lga":"Surulere","place":"Alaba Oro","place_m":666},"geometry":{"type":"Polygon","coordinates":[[[3.32937,6.47157],[3.3278,6.47248],[3.32623,6.47158],[3.32623,6.46977],[3.3278,6.46886],[3.32936,6.46977],[3.32937,6.47157]]]}},{"type":"Feature","properties":{"minutes":4.41,"people":774,"clinic_min":6.62,"school_min":2.21,"k_clinic":5,"k_school":5,"within_15":1,"off_street":0,"ward":"Coker","lga":"Surulere","place":"Amukoko","place_m":554},"geometry":{"type":"Polygon","coordinates":[[[3.3325,6.47157],[3.33093,6.47248],[3.32937,6.47157],[3.32936,6.46977],[3.33093,6.46886],[3.3325,6.46976],[3.3325,6.47157]]]}},{"type":"Feature","properties":{"minutes":3.81,"people":1858,"clinic_min":6.7,"school_min":0.92,"k_clinic":5,"k_school":5,"within_15":1,"off_street":0,"ward":"Gaskiya","lga":"Apapa","place":"Badia","place_m":106},"geometry":{"type":"Polygon","coordinates":[[[3.35443,6.47156],[3.35286,6.47246],[3.3513,6.47156],[3.35129,6.46975],[3.35286,6.46884],[3.35443,6.46975],[3.35443,6.47156]]]}},{"type":"Feature","properties":{"minutes":6.18,"people":2469,"clinic_min":8.59,"school_min":3.76,"k_clinic":5,"k_school":5,"within_15":1,"off_street":0,"ward":"Owoseni","lga":"Apapa","place":"Saki Iganmu","place_m":296},"geometry":{"type":"Polygon","coordinates":[[[3.35756,6.47156],[3.356,6.47246],[3.35443,6.47156],[3.35443,6.46975],[3.35599,6.46884],[3.35756,6.46975],[3.35756,6.47156]]]}},{"type":"Feature","properties":{"minutes":5.24,"people":2286,"clinic_min":7.09,"school_min":3.38,"k_clinic":5,"k_school":5,"within_15":1,"off_street":0,"ward":"Owoseni","lga":"Apapa","place":"Ijora Badia","place_m":171},"geometry":{"type":"Polygon","coordinates":[[[3.36069,6.47155],[3.35913,6.47246],[3.35756,6.47156],[3.35756,6.46975],[3.35913,6.46884],[3.36069,6.46974],[3.36069,6.47155]]]}},{"type":"Feature","properties":{"minutes":6.28,"people":1522,"clinic_min":6.12,"school_min":6.44,"k_clinic":5,"k_school":5,"within_15":1,"off_street":0,"ward":"Badia","lga":"Apapa","place":"Obale","place_m":207},"geometry":{"type":"Polygon","coordinates":[[[3.36383,6.47155],[3.36226,6.47246],[3.36069,6.47155],[3.36069,6.46974],[3.36226,6.46884],[3.36383,6.46974],[3.36383,6.47155]]]}},{"type":"Feature","properties":{"minutes":8.07,"people":559,"clinic_min":7.81,"school_min":8.33,"k_clinic":5,"k_school":5,"within_15":1,"off_street":0,"ward":"Ijora","lga":"Apapa","place":"Ijora Oloye","place_m":278},"geometry":{"type":"Polygon","coordinates":[[[3.36696,6.47155],[3.36539,6.47245],[3.36383,6.47155],[3.36383,6.46974],[3.36539,6.46884],[3.36696,6.46974],[3.36696,6.47155]]]}},{"type":"Feature","properties":{"minutes":8.68,"people":412,"clinic_min":8.59,"school_min":8.77,"k_clinic":5,"k_school":5,"within_15":1,"off_street":0,"ward":"Ijora","lga":"Apapa","place":"Ijora Oloye","place_m":231},"geometry":{"type":"Polygon","coordinates":[[[3.37009,6.47155],[3.36853,6.47245],[3.36696,6.47155],[3.36696,6.46974],[3.36852,6.46883],[3.37009,6.46974],[3.37009,6.47155]]]}},{"type":"Feature","properties":{"minutes":10.6,"people":302,"clinic_min":10.51,"school_min":10.69,"k_clinic":5,"k_school":5,"within_15":1,"off_street":0,"ward":"Ijora","lga":"Apapa","place":"Ijora Oloye","place_m":519},"geometry":{"type":"Polygon","coordinates":[[[3.37323,6.47154],[3.37166,6.47245],[3.37009,6.47155],[3.37009,6.46974],[3.37166,6.46883],[3.37322,6.46973],[3.37323,6.47154]]]}},{"type":"Feature","properties":{"minutes":11.99,"people":331,"clinic_min":12.26,"school_min":11.71,"k_clinic":5,"k_school":5,"within_15":1,"off_street":0,"ward":"Botanical Garden","lga":"Lagos Mainland","place":"Ijoraolopa","place_m":250},"geometry":{"type":"Polygon","coordinates":[[[3.37636,6.47154],[3.37479,6.47245],[3.37323,6.47154],[3.37322,6.46973],[3.37479,6.46883],[3.37636,6.46973],[3.37636,6.47154]]]}},{"type":"Feature","properties":{"minutes":12.69,"people":270,"clinic_min":16.14,"school_min":9.24,"k_clinic":5,"k_school":5,"within_15":1,"off_street":0,"ward":"Otto","lga":"Lagos Mainland","place":"Ijoraolopa","place_m":205},"geometry":{"type":"Polygon","coordinates":[[[3.37949,6.47154],[3.37793,6.47245],[3.37636,6.47154],[3.37636,6.46973],[3.37792,6.46883],[3.37949,6.46973],[3.37949,6.47154]]]}},{"type":"Feature","properties":{"minutes":16.46,"people":932,"clinic_min":17.81,"school_min":15.11,"k_clinic":5,"k_school":5,"within_15":0,"off_street":0,"ward":"Otto","lga":"Lagos Mainland","place":"Esugbayi","place_m":470},"geometry":{"type":"Polygon","coordinates":[[[3.38262,6.47154],[3.38106,6.47244],[3.37949,6.47154],[3.37949,6.46973],[3.38106,6.46882],[3.38262,6.46973],[3.38262,6.47154]]]}},{"type":"Feature","properties":{"minutes":15.59,"people":627,"clinic_min":16.89,"school_min":14.3,"k_clinic":5,"k_school":5,"within_15":0,"off_street":0,"ward":"Otto","lga":"Lagos Mainland","place":"Esugbayi","place_m":626},"geometry":{"type":"Polygon","coordinates":[[[3.38576,6.47153],[3.38419,6.47244],[3.38262,6.47154],[3.38262,6.46973],[3.38419,6.46882],[3.38576,6.46973],[3.38576,6.47153]]]}},{"type":"Feature","properties":{"minutes":11.65,"people":316,"clinic_min":14.19,"school_min":9.11,"k_clinic":5,"k_school":5,"within_15":1,"off_street":0,"ward":"Ajah","lga":"Eti Osa","place":"Eleganza","place_m":493},"geometry":{"type":"Polygon","coordinates":[[[3.55806,6.47137],[3.5565,6.47228],[3.55493,6.47138],[3.55493,6.46957],[3.55649,6.46866],[3.55806,6.46957],[3.55806,6.47137]]]}},{"type":"Feature","properties":{"minutes":9.17,"people":2345,"clinic_min":9.57,"school_min":8.78,"k_clinic":5,"k_school":5,"within_15":1,"off_street":0,"ward":"Ajah","lga":"Eti Osa","place":"Ajah","place_m":324},"geometry":{"type":"Polygon","coordinates":[[[3.5612,6.47137],[3.55963,6.47228],[3.55806,6.47137],[3.55806,6.46957],[3.55963,6.46866],[3.56119,6.46956],[3.5612,6.47137]]]}},{"type":"Feature","properties":{"minutes":6.83,"people":2638,"clinic_min":6.99,"school_min":6.67,"k_clinic":5,"k_school":5,"within_15":1,"off_street":0,"ward":"Ajah","lga":"Eti Osa","place":"Ajah","place_m":117},"geometry":{"type":"Polygon","coordinates":[[[3.56433,6.47137],[3.56276,6.47227],[3.5612,6.47137],[3.56119,6.46956],[3.56276,6.46866],[3.56433,6.46956],[3.56433,6.47137]]]}},{"type":"Feature","properties":{"minutes":5.63,"people":1628,"clinic_min":7.01,"school_min":4.26,"k_clinic":5,"k_school":5,"within_15":1,"off_street":0,"ward":"Ajah","lga":"Eti Osa","place":"Ajah","place_m":403},"geometry":{"type":"Polygon","coordinates":[[[3.56746,6.47136],[3.5659,6.47227],[3.56433,6.47137],[3.56433,6.46956],[3.56589,6.46865],[3.56746,6.46956],[3.56746,6.47136]]]}},{"type":"Feature","properties":{"minutes":8.96,"people":373,"clinic_min":9.57,"school_min":8.35,"k_clinic":5,"k_school":5,"within_15":1,"off_street":0,"ward":"Ajah","lga":"Eti Osa","place":"Thomas","place_m":613},"geometry":{"type":"Polygon","coordinates":[[[3.57059,6.47136],[3.56903,6.47227],[3.56746,6.47136],[3.56746,6.46956],[3.56902,6.46865],[3.57059,6.46955],[3.57059,6.47136]]]}},{"type":"Feature","properties":{"minutes":8.77,"people":635,"clinic_min":11.69,"school_min":5.84,"k_clinic":5,"k_school":5,"within_15":1,"off_street":0,"ward":"Ajah","lga":"Eti Osa","place":"Thomas","place_m":270},"geometry":{"type":"Polygon","coordinates":[[[3.57373,6.47136],[3.57216,6.47226],[3.57059,6.47136],[3.57059,6.46955],[3.57216,6.46865],[3.57372,6.46955],[3.57373,6.47136]]]}},{"type":"Feature","properties":{"minutes":7.71,"people":1048,"clinic_min":12.28,"school_min":3.13,"k_clinic":5,"k_school":5,"within_15":1,"off_street":0,"ward":"Ajah","lga":"Eti Osa","place":"Thomas","place_m":101},"geometry":{"type":"Polygon","coordinates":[[[3.57686,6.47135],[3.57529,6.47226],[3.57373,6.47136],[3.57372,6.46955],[3.57529,6.46864],[3.57686,6.46954],[3.57686,6.47135]]]}},{"type":"Feature","properties":{"minutes":8.41,"people":1060,"clinic_min":9.7,"school_min":7.11,"k_clinic":5,"k_school":5,"within_15":1,"off_street":0,"ward":"Ajah","lga":"Eti Osa","place":"Thomas","place_m":433},"geometry":{"type":"Polygon","coordinates":[[[3.57999,6.47135],[3.57843,6.47226],[3.57686,6.47135],[3.57686,6.46954],[3.57842,6.46864],[3.57999,6.46954],[3.57999,6.47135]]]}},{"type":"Feature","properties":{"minutes":8.0,"people":826,"clinic_min":6.98,"school_min":9.02,"k_clinic":5,"k_school":5,"within_15":1,"off_street":0,"ward":"Ajah","lga":"Eti Osa","place":"Thomas","place_m":777},"geometry":{"type":"Polygon","coordinates":[[[3.58313,6.47135],[3.58156,6.47225],[3.57999,6.47135],[3.57999,6.46954],[3.58156,6.46863],[3.58312,6.46954],[3.58313,6.47135]]]}},{"type":"Feature","properties":{"minutes":9.58,"people":921,"clinic_min":8.71,"school_min":10.44,"k_clinic":5,"k_school":5,"within_15":1,"off_street":0,"ward":"Sangotedo","lga":"Eti Osa","place":"Thomas","place_m":1123},"geometry":{"type":"Polygon","coordinates":[[[3.58626,6.47134],[3.58469,6.47225],[3.58313,6.47135],[3.58312,6.46954],[3.58469,6.46863],[3.58626,6.46953],[3.58626,6.47134]]]}},{"type":"Feature","properties":{"minutes":5.79,"people":357,"clinic_min":5.13,"school_min":6.45,"k_clinic":5,"k_school":5,"within_15":1,"off_street":0,"ward":"Sangotedo","lga":"Eti Osa","place":"Alasia","place_m":1155},"geometry":{"type":"Polygon","coordinates":[[[3.58939,6.47134],[3.58783,6.47225],[3.58626,6.47134],[3.58626,6.46953],[3.58782,6.46863],[3.58939,6.46953],[3.58939,6.47134]]]}},{"type":"Feature","properties":{"minutes":9.92,"people":1058,"clinic_min":9.99,"school_min":9.85,"k_clinic":5,"k_school":5,"within_15":1,"off_street":0,"ward":"Sangotedo","lga":"Eti Osa","place":"Alasia","place_m":809},"geometry":{"type":"Polygon","coordinates":[[[3.59252,6.47134],[3.59096,6.47224],[3.58939,6.47134],[3.58939,6.46953],[3.59095,6.46862],[3.59252,6.46953],[3.59252,6.47134]]]}},{"type":"Feature","properties":{"minutes":15.03,"people":759,"clinic_min":16.09,"school_min":13.97,"k_clinic":5,"k_school":5,"within_15":0,"off_street":0,"ward":"Sangotedo","lga":"Eti Osa","place":"Alasia","place_m":463},"geometry":{"type":"Polygon","coordinates":[[[3.59566,6.47133],[3.59409,6.47224],[3.59252,6.47134],[3.59252,6.46953],[3.59409,6.46862],[3.59565,6.46952],[3.59566,6.47133]]]}},{"type":"Feature","properties":{"minutes":21.66,"people":387,"clinic_min":24.43,"school_min":18.89,"k_clinic":5,"k_school":5,"within_15":0,"off_street":0,"ward":"Sangotedo","lga":"Eti Osa","place":"Alasia","place_m":119},"geometry":{"type":"Polygon","coordinates":[[[3.59879,6.47133],[3.59722,6.47223],[3.59566,6.47133],[3.59565,6.46952],[3.59722,6.46862],[3.59879,6.46952],[3.59879,6.47133]]]}},{"type":"Feature","properties":{"minutes":20.59,"people":217,"clinic_min":26.98,"school_min":14.19,"k_clinic":5,"k_school":5,"within_15":0,"off_street":0,"ward":"Sangotedo","lga":"Eti Osa","place":"Alasia","place_m":232},"geometry":{"type":"Polygon","coordinates":[[[3.60192,6.47132],[3.60036,6.47223],[3.59879,6.47133],[3.59879,6.46952],[3.60035,6.46861],[3.60192,6.46952],[3.60192,6.47132]]]}},{"type":"Feature","properties":{"minutes":21.18,"people":434,"clinic_min":27.12,"school_min":15.23,"k_clinic":5,"k_school":5,"within_15":0,"off_street":0,"ward":"Sangotedo","lga":"Eti Osa","place":"Hi Tech","place_m":345},"geometry":{"type":"Polygon","coordinates":[[[3.60505,6.47132],[3.60349,6.47223],[3.60192,6.47132],[3.60192,6.46952],[3.60348,6.46861],[3.60505,6.46951],[3.60505,6.47132]]]}},{"type":"Feature","properties":{"minutes":19.22,"people":611,"clinic_min":29.67,"school_min":8.77,"k_clinic":5,"k_school":5,"within_15":0,"off_street":0,"ward":"Sangotedo","lga":"Eti Osa","place":"Prince Lateef Ogunleye Palace Ogombo 2","place_m":282},"geometry":{"type":"Polygon","coordinates":[[[3.60819,6.47132],[3.60662,6.47222],[3.60505,6.47132],[3.60505,6.46951],[3.60662,6.46861],[3.60818,6.46951],[3.60819,6.47132]]]}},{"type":"Feature","properties":{"minutes":21.05,"people":654,"clinic_min":31.13,"school_min":10.97,"k_clinic":5,"k_school":5,"within_15":0,"off_street":0,"ward":"Sangotedo","lga":"Eti Osa","place":"Prince Lateef Ogunleye Palace Ogombo 2","place_m":402},"geometry":{"type":"Polygon","coordinates":[[[3.61132,6.47131],[3.60975,6.47222],[3.60819,6.47132],[3.60818,6.46951],[3.60975,6.4686],[3.61132,6.4695],[3.61132,6.47131]]]}},{"type":"Feature","properties":{"minutes":19.14,"people":391,"clinic_min":24.93,"school_min":13.34,"k_clinic":5,"k_school":5,"within_15":0,"off_street":0,"ward":"Sangotedo","lga":"Eti Osa","place":"Prince Lateef Ogunleye Palace Ogombo 2","place_m":696},"geometry":{"type":"Polygon","coordinates":[[[3.61445,6.47131],[3.61289,6.47222],[3.61132,6.47131],[3.61132,6.4695],[3.61288,6.4686],[3.61445,6.4695],[3.61445,6.47131]]]}},{"type":"Feature","properties":{"minutes":20.22,"people":991,"clinic_min":23.86,"school_min":16.59,"k_clinic":5,"k_school":5,"within_15":0,"off_street":0,"ward":"Sangotedo","lga":"Eti Osa","place":"Ogunlana Avenue","place_m":560},"geometry":{"type":"Polygon","coordinates":[[[3.61759,6.47131],[3.61602,6.47221],[3.61445,6.47131],[3.61445,6.4695],[3.61602,6.46859],[3.61758,6.4695],[3.61759,6.47131]]]}},{"type":"Feature","properties":{"minutes":18.91,"people":814,"clinic_min":22.51,"school_min":15.32,"k_clinic":5,"k_school":5,"within_15":0,"off_street":0,"ward":"Sangotedo","lga":"Eti Osa","place":"Ogunlana Avenue","place_m":552},"geometry":{"type":"Polygon","coordinates":[[[3.62072,6.4713],[3.61915,6.47221],[3.61759,6.47131],[3.61758,6.4695],[3.61915,6.46859],[3.62072,6.46949],[3.62072,6.4713]]]}},{"type":"Feature","properties":{"minutes":14.85,"people":513,"clinic_min":18.49,"school_min":11.22,"k_clinic":5,"k_school":5,"within_15":1,"off_street":0,"ward":"Sangotedo","lga":"Eti Osa","place":"Sangotedo Lekki","place_m":685},"geometry":{"type":"Polygon","coordinates":[[[3.62385,6.4713],[3.62229,6.4722],[3.62072,6.4713],[3.62072,6.46949],[3.62228,6.46859],[3.62385,6.46949],[3.62385,6.4713]]]}},{"type":"Feature","properties":{"minutes":14.95,"people":731,"clinic_min":20.98,"school_min":8.93,"k_clinic":5,"k_school":5,"within_15":1,"off_street":0,"ward":"Sangotedo","lga":"Eti Osa","place":"Sangotedo Lekki","place_m":540},"geometry":{"type":"Polygon","coordinates":[[[3.62698,6.47129],[3.62542,6.4722],[3.62385,6.4713],[3.62385,6.46949],[3.62541,6.46858],[3.62698,6.46949],[3.62698,6.47129]]]}},{"type":"Feature","properties":{"minutes":12.19,"people":1163,"clinic_min":20.15,"school_min":4.23,"k_clinic":5,"k_school":5,"within_15":1,"off_street":0,"ward":"Sangotedo","lga":"Eti Osa","place":"Okooba Eleragbe Extension","place_m":437},"geometry":{"type":"Polygon","coordinates":[[[3.63012,6.47129],[3.62855,6.4722],[3.62698,6.47129],[3.62698,6.46949],[3.62855,6.46858],[3.63011,6.46948],[3.63012,6.47129]]]}},{"type":"Feature","properties":{"minutes":13.69,"people":1462,"clinic_min":21.22,"school_min":6.16,"k_clinic":5,"k_school":5,"within_15":1,"off_street":0,"ward":"Sangotedo","lga":"Eti Osa","place":"Okooba Eleragbe Extension","place_m":196},"geometry":{"type":"Polygon","coordinates":[[[3.63325,6.47129],[3.63168,6.47219],[3.63012,6.47129],[3.63011,6.46948],[3.63168,6.46857],[3.63325,6.46948],[3.63325,6.47129]]]}},{"type":"Feature","properties":{"minutes":14.56,"people":1713,"clinic_min":21.87,"school_min":7.25,"k_clinic":5,"k_school":5,"within_15":1,"off_street":0,"ward":"Sangotedo","lga":"Eti Osa","place":"Sangotedo","place_m":111},"geometry":{"type":"Polygon","coordinates":[[[3.63638,6.47128],[3.63482,6.47219],[3.63325,6.47129],[3.63325,6.46948],[3.63481,6.46857],[3.63638,6.46947],[3.63638,6.47128]]]}},{"type":"Feature","properties":{"minutes":16.5,"people":825,"clinic_min":20.74,"school_min":12.27,"k_clinic":5,"k_school":5,"within_15":0,"off_street":0,"ward":"Sangotedo","lga":"Eti Osa","place":"Sangotedo","place_m":271},"geometry":{"type":"Polygon","coordinates":[[[3.63951,6.47128],[3.63795,6.47219],[3.63638,6.47128],[3.63638,6.46947],[3.63794,6.46857],[3.63951,6.46947],[3.63951,6.47128]]]}},{"type":"Feature","properties":{"minutes":13.2,"people":546,"clinic_min":16.59,"school_min":9.81,"k_clinic":5,"k_school":5,"within_15":1,"off_street":0,"ward":"Sangotedo","lga":"Eti Osa","place":"Sangotedo","place_m":612},"geometry":{"type":"Polygon","coordinates":[[[3.64265,6.47127],[3.64108,6.47218],[3.63951,6.47128],[3.63951,6.46947],[3.64108,6.46856],[3.64265,6.46947],[3.64265,6.47127]]]}},{"type":"Feature","properties":{"minutes":16.43,"people":287,"clinic_min":19.25,"school_min":13.62,"k_clinic":5,"k_school":5,"within_15":0,"off_street":0,"ward":"Sangotedo","lga":"Eti Osa","place":"Crown Estate","place_m":637},"geometry":{"type":"Polygon","coordinates":[[[3.64578,6.47127],[3.64421,6.47218],[3.64265,6.47127],[3.64265,6.46947],[3.64421,6.46856],[3.64578,6.46946],[3.64578,6.47127]]]}},{"type":"Feature","properties":{"minutes":21.94,"people":730,"clinic_min":27.57,"school_min":16.32,"k_clinic":5,"k_school":5,"within_15":0,"off_street":0,"ward":"Sangotedo","lga":"Eti Osa","place":"Crown Estate","place_m":553},"geometry":{"type":"Polygon","coordinates":[[[3.64891,6.47127],[3.64735,6.47217],[3.64578,6.47127],[3.64578,6.46946],[3.64734,6.46856],[3.64891,6.46946],[3.64891,6.47127]]]}},{"type":"Feature","properties":{"minutes":19.97,"people":644,"clinic_min":27.11,"school_min":12.83,"k_clinic":5,"k_school":5,"within_15":0,"off_street":0,"ward":"Sangotedo","lga":"Eti Osa","place":"Majek Firstgate Abijo","place_m":598},"geometry":{"type":"Polygon","coordinates":[[[3.65205,6.47126],[3.65048,6.47217],[3.64891,6.47127],[3.64891,6.46946],[3.65048,6.46855],[3.65204,6.46945],[3.65205,6.47126]]]}},{"type":"Feature","properties":{"minutes":19.2,"people":938,"clinic_min":29.83,"school_min":8.57,"k_clinic":5,"k_school":5,"within_15":0,"off_street":0,"ward":"Sangotedo","lga":"Eti Osa","place":"Majek Firstgate Abijo","place_m":264},"geometry":{"type":"Polygon","coordinates":[[[3.65518,6.47126],[3.65361,6.47217],[3.65205,6.47126],[3.65204,6.46945],[3.65361,6.46855],[3.65518,6.46945],[3.65518,6.47126]]]}},{"type":"Feature","properties":{"minutes":23.27,"people":1056,"clinic_min":33.75,"school_min":12.78,"k_clinic":5,"k_school":5,"within_15":0,"off_street":0,"ward":"Sangotedo","lga":"Eti Osa","place":"Majek Firstgate Abijo","place_m":144},"geometry":{"type":"Polygon","coordinates":[[[3.65831,6.47125],[3.65675,6.47216],[3.65518,6.47126],[3.65518,6.46945],[3.65674,6.46854],[3.65831,6.46945],[3.65831,6.47125]]]}},{"type":"Feature","properties":{"minutes":23.34,"people":1514,"clinic_min":35.58,"school_min":11.1,"k_clinic":5,"k_school":5,"within_15":0,"off_street":0,"ward":"Sangotedo","lga":"Eti Osa","place":"Majek Firstgate Abijo","place_m":461},"geometry":{"type":"Polygon","coordinates":[[[3.66144,6.47125],[3.65988,6.47216],[3.65831,6.47125],[3.65831,6.46945],[3.65987,6.46854],[3.66144,6.46944],[3.66144,6.47125]]]}},{"type":"Feature","properties":{"minutes":25.18,"people":1492,"clinic_min":38.79,"school_min":11.56,"k_clinic":5,"k_school":5,"within_15":0,"off_street":0,"ward":"Sangotedo","lga":"Eti Osa","place":"Amity Estate","place_m":384},"geometry":{"type":"Polygon","coordinates":[[[3.66458,6.47125],[3.66301,6.47215],[3.66144,6.47125],[3.66144,6.46944],[3.66301,6.46853],[3.66457,6.46944],[3.66458,6.47125]]]}},{"type":"Feature","properties":{"minutes":29.14,"people":763,"clinic_min":43.61,"school_min":14.68,"k_clinic":5,"k_school":5,"within_15":0,"off_street":0,"ward":"Sangotedo","lga":"Eti Osa","place":"Amity Estate","place_m":149},"geometry":{"type":"Polygon","coordinates":[[[3.66771,6.47124],[3.66614,6.47215],[3.66458,6.47125],[3.66457,6.46944],[3.66614,6.46853],[3.66771,6.46943],[3.66771,6.47124]]]}},{"type":"Feature","properties":{"minutes":8.49,"people":349,"clinic_min":10.17,"school_min":6.82,"k_clinic":5,"k_school":5,"within_15":1,"off_street":0,"ward":"Coker","lga":"Surulere","place":"Amuwo Odofin Industrial Area","place_m":567},"geometry":{"type":"Polygon","coordinates":[[[3.3278,6.47429],[3.32624,6.47519],[3.32467,6.47429],[3.32467,6.47248],[3.32623,6.47158],[3.3278,6.47248],[3.3278,6.47429]]]}},{"type":"Feature","properties":{"minutes":4.47,"people":1627,"clinic_min":6.39,"school_min":2.54,"k_clinic":5,"k_school":5,"within_15":1,"off_street":0,"ward":"Coker","lga":"Surulere","place":"Amuwo Odofin Industrial Area","place_m":785},"geometry":{"type":"Polygon","coordinates":[[[3.33093,6.47429],[3.32937,6.47519],[3.3278,6.47429],[3.3278,6.47248],[3.32937,6.47157],[3.33093,6.47248],[3.33093,6.47429]]]}},{"type":"Feature","properties":{"minutes":5.02,"people":1218,"clinic_min":5.21,"school_min":4.83,"k_clinic":5,"k_school":5,"within_15":1,"off_street":0,"ward":"Coker","lga":"Surulere","place":"Orile","place_m":676},"geometry":{"type":"Polygon","coordinates":[[[3.33407,6.47429],[3.3325,6.47519],[3.33093,6.47429],[3.33093,6.47248],[3.3325,6.47157],[3.33407,6.47248],[3.33407,6.47429]]]}},{"type":"Feature","properties":{"minutes":5.44,"people":982,"clinic_min":5.69,"school_min":5.19,"k_clinic":5,"k_school":5,"within_15":1,"off_street":0,"ward":"Coker","lga":"Surulere","place":"Bale","place_m":546},"geometry":{"type":"Polygon","coordinates":[[[3.3372,6.47428],[3.33563,6.47519],[3.33407,6.47429],[3.33407,6.47248],[3.33563,6.47157],[3.3372,6.47247],[3.3372,6.47428]]]}},{"type":"Feature","properties":{"minutes":3.61,"people":1887,"clinic_min":5.16,"school_min":2.06,"k_clinic":5,"k_school":5,"within_15":1,"off_street":0,"ward":"Alafia","lga":"Apapa","place":"Sari Iganmu","place_m":345},"geometry":{"type":"Polygon","coordinates":[[[3.3466,6.47428],[3.34503,6.47518],[3.34347,6.47428],[3.34346,6.47247],[3.34503,6.47156],[3.3466,6.47247],[3.3466,6.47428]]]}},{"type":"Feature","properties":{"minutes":4.57,"people":2028,"clinic_min":6.11,"school_min":3.03,"k_clinic":5,"k_school":5,"within_15":1,"off_street":0,"ward":"Alafia","lga":"Apapa","place":"Sari Iganmu","place_m":413},"geometry":{"type":"Polygon","coordinates":[[[3.34973,6.47427],[3.34817,6.47518],[3.3466,6.47428],[3.3466,6.47247],[3.34816,6.47156],[3.34973,6.47247],[3.34973,6.47427]]]}},{"type":"Feature","properties":{"minutes":4.66,"people":1850,"clinic_min":6.41,"school_min":2.9,"k_clinic":5,"k_school":5,"within_15":1,"off_street":0,"ward":"Sari","lga":"Apapa","place":"Badia","place_m":447},"geometry":{"type":"Polygon","coordinates":[[[3.35286,6.47427],[3.3513,6.47518],[3.34973,6.47427],[3.34973,6.47247],[3.3513,6.47156],[3.35286,6.47246],[3.35286,6.47427]]]}},{"type":"Feature","properties":{"minutes":7.7,"people":1658,"clinic_min":10.49,"school_min":4.91,"k_clinic":5,"k_school":5,"within_15":1,"off_street":0,"ward":"Sari","lga":"Apapa","place":"Badia","place_m":433},"geometry":{"type":"Polygon","coordinates":[[[3.356,6.47427],[3.35443,6.47518],[3.35286,6.47427],[3.35286,6.47246],[3.35443,6.47156],[3.356,6.47246],[3.356,6.47427]]]}},{"type":"Feature","properties":{"minutes":6.87,"people":800,"clinic_min":10.33,"school_min":3.42,"k_clinic":5,"k_school":5,"within_15":1,"off_street":0,"ward":"Iponri\u2013Eric Moore","lga":"Surulere","place":"Ijora Badia","place_m":497},"geometry":{"type":"Polygon","coordinates":[[[3.35913,6.47427],[3.35756,6.47517],[3.356,6.47427],[3.356,6.47246],[3.35756,6.47156],[3.35913,6.47246],[3.35913,6.47427]]]}},{"type":"Feature","properties":{"minutes":6.44,"people":1711,"clinic_min":9.65,"school_min":3.23,"k_clinic":5,"k_school":5,"within_15":1,"off_street":0,"ward":"Badia","lga":"Apapa","place":"Ijora Badia","place_m":506},"geometry":{"type":"Polygon","coordinates":[[[3.36226,6.47427],[3.3607,6.47517],[3.35913,6.47427],[3.35913,6.47246],[3.36069,6.47155],[3.36226,6.47246],[3.36226,6.47427]]]}},{"type":"Feature","properties":{"minutes":11.38,"people":333,"clinic_min":11.11,"school_min":11.65,"k_clinic":5,"k_school":5,"within_15":1,"off_street":0,"ward":"Ijora","lga":"Apapa","place":"Obale","place_m":500},"geometry":{"type":"Polygon","coordinates":[[[3.3654,6.47426],[3.36383,6.47517],[3.36226,6.47427],[3.36226,6.47246],[3.36383,6.47155],[3.36539,6.47245],[3.3654,6.47426]]]}},{"type":"Feature","properties":{"minutes":15.06,"people":440,"clinic_min":15.0,"school_min":15.13,"k_clinic":5,"k_school":5,"within_15":0,"off_street":0,"ward":"Ijora","lga":"Apapa","place":"Ijora Oloye","place_m":486},"geometry":{"type":"Polygon","coordinates":[[[3.36853,6.47426],[3.36696,6.47517],[3.3654,6.47426],[3.36539,6.47245],[3.36696,6.47155],[3.36853,6.47245],[3.36853,6.47426]]]}},{"type":"Feature","properties":{"minutes":15.55,"people":121,"clinic_min":15.49,"school_min":15.62,"k_clinic":5,"k_school":5,"within_15":0,"off_street":0,"ward":"Ijora","lga":"Apapa","place":"Ijora Oloye","place_m":576},"geometry":{"type":"Polygon","coordinates":[[[3.37166,6.47426],[3.3701,6.47516],[3.36853,6.47426],[3.36853,6.47245],[3.37009,6.47155],[3.37166,6.47245],[3.37166,6.47426]]]}},{"type":"Feature","properties":{"minutes":21.71,"people":100,"clinic_min":21.88,"school_min":21.54,"k_clinic":5,"k_school":5,"within_15":0,"off_street":0,"ward":"Botanical Garden","lga":"Lagos Mainland","place":"Ijoraolopa","place_m":584},"geometry":{"type":"Polygon","coordinates":[[[3.37479,6.47426],[3.37323,6.47516],[3.37166,6.47426],[3.37166,6.47245],[3.37323,6.47154],[3.37479,6.47245],[3.37479,6.47426]]]}},{"type":"Feature","properties":{"minutes":16.26,"people":1053,"clinic_min":20.79,"school_min":11.74,"k_clinic":5,"k_school":5,"within_15":0,"off_street":0,"ward":"Botanical Garden","lga":"Lagos Mainland","place":"Ijoraolopa","place_m":448},"geometry":{"type":"Polygon","coordinates":[[[3.37793,6.47425],[3.37636,6.47516],[3.37479,6.47426],[3.37479,6.47245],[3.37636,6.47154],[3.37793,6.47245],[3.37793,6.47425]]]}},{"type":"Feature","properties":{"minutes":12.62,"people":1931,"clinic_min":18.59,"school_min":6.65,"k_clinic":5,"k_school":5,"within_15":1,"off_street":0,"ward":"Otto","lga":"Lagos Mainland","place":"Esugbayi","place_m":192},"geometry":{"type":"Polygon","coordinates":[[[3.38106,6.47425],[3.37949,6.47516],[3.37793,6.47425],[3.37793,6.47245],[3.37949,6.47154],[3.38106,6.47244],[3.38106,6.47425]]]}},{"type":"Feature","properties":{"minutes":13.41,"people":839,"clinic_min":14.85,"school_min":11.96,"k_clinic":5,"k_school":5,"within_15":1,"off_street":0,"ward":"Otto","lga":"Lagos Mainland","place":"Esugbayi","place_m":297},"geometry":{"type":"Polygon","coordinates":[[[3.38419,6.47425],[3.38263,6.47516],[3.38106,6.47425],[3.38106,6.47244],[3.38262,6.47154],[3.38419,6.47244],[3.38419,6.47425]]]}},{"type":"Feature","properties":{"minutes":16.38,"people":1017,"clinic_min":17.07,"school_min":15.7,"k_clinic":5,"k_school":5,"within_15":0,"off_street":0,"ward":"Ajah","lga":"Eti Osa","place":"Ajah","place_m":431},"geometry":{"type":"Polygon","coordinates":[[[3.56277,6.47408],[3.5612,6.47499],[3.55963,6.47409],[3.55963,6.47228],[3.5612,6.47137],[3.56276,6.47227],[3.56277,6.47408]]]}},{"type":"Feature","properties":{"minutes":9.98,"people":1076,"clinic_min":11.43,"school_min":8.53,"k_clinic":5,"k_school":5,"within_15":1,"off_street":0,"ward":"Ajah","lga":"Eti Osa","place":"Ajah","place_m":463},"geometry":{"type":"Polygon","coordinates":[[[3.5659,6.47408],[3.56433,6.47499],[3.56277,6.47408],[3.56276,6.47227],[3.56433,6.47137],[3.5659,6.47227],[3.5659,6.47408]]]}},{"type":"Feature","properties":{"minutes":7.12,"people":1151,"clinic_min":9.49,"school_min":4.75,"k_clinic":5,"k_school":5,"within_15":1,"off_street":0,"ward":"Ajah","lga":"Eti Osa","place":"Ajah","place_m":618},"geometry":{"type":"Polygon","coordinates":[[[3.56903,6.47408],[3.56747,6.47498],[3.5659,6.47408],[3.5659,6.47227],[3.56746,6.47136],[3.56903,6.47227],[3.56903,6.47408]]]}},{"type":"Feature","properties":{"minutes":12.01,"people":1582,"clinic_min":15.41,"school_min":8.61,"k_clinic":5,"k_school":5,"within_15":1,"off_street":0,"ward":"Ajah","lga":"Eti Osa","place":"Ajah","place_m":537},"geometry":{"type":"Polygon","coordinates":[[[3.57216,6.47407],[3.5706,6.47498],[3.56903,6.47408],[3.56903,6.47227],[3.57059,6.47136],[3.57216,6.47226],[3.57216,6.47407]]]}},{"type":"Feature","properties":{"minutes":10.52,"people":1074,"clinic_min":15.83,"school_min":5.21,"k_clinic":5,"k_school":5,"within_15":1,"off_street":0,"ward":"Ajah","lga":"Eti Osa","place":"Thomas","place_m":369},"geometry":{"type":"Polygon","coordinates":[[[3.5753,6.47407],[3.57373,6.47498],[3.57216,6.47407],[3.57216,6.47226],[3.57373,6.47136],[3.57529,6.47226],[3.5753,6.47407]]]}},{"type":"Feature","properties":{"minutes":10.59,"people":1217,"clinic_min":15.39,"school_min":5.8,"k_clinic":5,"k_school":5,"within_15":1,"off_street":0,"ward":"Ajah","lga":"Eti Osa","place":"Thomas","place_m":440},"geometry":{"type":"Polygon","coordinates":[[[3.57843,6.47407],[3.57686,6.47497],[3.5753,6.47407],[3.57529,6.47226],[3.57686,6.47135],[3.57843,6.47226],[3.57843,6.47407]]]}},{"type":"Feature","properties":{"minutes":11.44,"people":1094,"clinic_min":16.33,"school_min":6.56,"k_clinic":5,"k_school":5,"within_15":1,"off_street":0,"ward":"Ajah","lga":"Eti Osa","place":"Thomas","place_m":700},"geometry":{"type":"Polygon","coordinates":[[[3.58156,6.47406],[3.58,6.47497],[3.57843,6.47407],[3.57843,6.47226],[3.57999,6.47135],[3.58156,6.47225],[3.58156,6.47406]]]}},{"type":"Feature","properties":{"minutes":10.2,"people":711,"clinic_min":9.33,"school_min":11.06,"k_clinic":5,"k_school":5,"within_15":1,"off_street":0,"ward":"Sangotedo","lga":"Eti Osa","place":"Thomas","place_m":1014},"geometry":{"type":"Polygon","coordinates":[[[3.58469,6.47406],[3.58313,6.47496],[3.58156,6.47406],[3.58156,6.47225],[3.58313,6.47135],[3.58469,6.47225],[3.58469,6.47406]]]}},{"type":"Feature","properties":{"minutes":8.65,"people":286,"clinic_min":7.98,"school_min":9.33,"k_clinic":5,"k_school":5,"within_15":1,"off_street":0,"ward":"Sangotedo","lga":"Eti Osa","place":"Akins","place_m":1183},"geometry":{"type":"Polygon","coordinates":[[[3.58783,6.47405],[3.58626,6.47496],[3.58469,6.47406],[3.58469,6.47225],[3.58626,6.47134],[3.58783,6.47225],[3.58783,6.47405]]]}},{"type":"Feature","properties":{"minutes":13.55,"people":353,"clinic_min":12.03,"school_min":15.08,"k_clinic":5,"k_school":5,"within_15":1,"off_street":0,"ward":"Sangotedo","lga":"Eti Osa","place":"Alasia","place_m":1035},"geometry":{"type":"Polygon","coordinates":[[[3.59096,6.47405],[3.58939,6.47496],[3.58783,6.47405],[3.58783,6.47225],[3.58939,6.47134],[3.59096,6.47224],[3.59096,6.47405]]]}},{"type":"Feature","properties":{"minutes":12.57,"people":1242,"clinic_min":13.25,"school_min":11.89,"k_clinic":5,"k_school":5,"within_15":1,"off_street":0,"ward":"Sangotedo","lga":"Eti Osa","place":"Alasia","place_m":714},"geometry":{"type":"Polygon","coordinates":[[[3.59409,6.47405],[3.59253,6.47495],[3.59096,6.47405],[3.59096,6.47224],[3.59252,6.47134],[3.59409,6.47224],[3.59409,6.47405]]]}},{"type":"Feature","properties":{"minutes":16.56,"people":1257,"clinic_min":18.87,"school_min":14.25,"k_clinic":5,"k_school":5,"within_15":0,"off_street":0,"ward":"Sangotedo","lga":"Eti Osa","place":"Alasia","place_m":436},"geometry":{"type":"Polygon","coordinates":[[[3.59723,6.47404],[3.59566,6.47495],[3.59409,6.47405],[3.59409,6.47224],[3.59566,6.47133],[3.59722,6.47223],[3.59723,6.47404]]]}},{"type":"Feature","properties":{"minutes":15.01,"people":709,"clinic_min":18.27,"school_min":11.76,"k_clinic":5,"k_school":5,"within_15":0,"off_street":0,"ward":"Sangotedo","lga":"Eti Osa","place":"Alasia","place_m":331},"geometry":{"type":"Polygon","coordinates":[[[3.60036,6.47404],[3.59879,6.47495],[3.59723,6.47404],[3.59722,6.47223],[3.59879,6.47133],[3.60036,6.47223],[3.60036,6.47404]]]}},{"type":"Feature","properties":{"minutes":16.15,"people":535,"clinic_min":21.61,"school_min":10.68,"k_clinic":5,"k_school":5,"within_15":0,"off_street":0,"ward":"Sangotedo","lga":"Eti Osa","place":"Olokonla","place_m":518},"geometry":{"type":"Polygon","coordinates":[[[3.60349,6.47404],[3.60193,6.47494],[3.60036,6.47404],[3.60036,6.47223],[3.60192,6.47132],[3.60349,6.47223],[3.60349,6.47404]]]}},{"type":"Feature","properties":{"minutes":17.51,"people":477,"clinic_min":24.89,"school_min":10.13,"k_clinic":5,"k_school":5,"within_15":0,"off_street":0,"ward":"Sangotedo","lga":"Eti Osa","place":"Olokonla","place_m":238},"geometry":{"type":"Polygon","coordinates":[[[3.60662,6.47403],[3.60506,6.47494],[3.60349,6.47404],[3.60349,6.47223],[3.60505,6.47132],[3.60662,6.47222],[3.60662,6.47403]]]}},{"type":"Feature","properties":{"minutes":17.68,"people":953,"clinic_min":27.65,"school_min":7.72,"k_clinic":5,"k_school":5,"within_15":0,"off_street":0,"ward":"Sangotedo","lga":"Eti Osa","place":"Olokonla","place_m":292},"geometry":{"type":"Polygon","coordinates":[[[3.60976,6.47403],[3.60819,6.47494],[3.60662,6.47403],[3.60662,6.47222],[3.60819,6.47132],[3.60975,6.47222],[3.60976,6.47403]]]}},{"type":"Feature","properties":{"minutes":18.71,"people":914,"clinic_min":26.06,"school_min":11.37,"k_clinic":5,"k_school":5,"within_15":0,"off_street":0,"ward":"Sangotedo","lga":"Eti Osa","place":"Olokonla","place_m":595},"geometry":{"type":"Polygon","coordinates":[[[3.61289,6.47403],[3.61132,6.47493],[3.60976,6.47403],[3.60975,6.47222],[3.61132,6.47131],[3.61289,6.47222],[3.61289,6.47403]]]}},{"type":"Feature","properties":{"minutes":18.49,"people":1201,"clinic_min":22.07,"school_min":14.91,"k_clinic":5,"k_school":5,"within_15":0,"off_street":0,"ward":"Sangotedo","lga":"Eti Osa","place":"Ogunlana Avenue","place_m":426},"geometry":{"type":"Polygon","coordinates":[[[3.61602,6.47402],[3.61446,6.47493],[3.61289,6.47403],[3.61289,6.47222],[3.61445,6.47131],[3.61602,6.47221],[3.61602,6.47402]]]}},{"type":"Feature","properties":{"minutes":18.46,"people":1004,"clinic_min":21.65,"school_min":15.27,"k_clinic":5,"k_school":5,"within_15":0,"off_street":0,"ward":"Sangotedo","lga":"Eti Osa","place":"Ogunlana Avenue","place_m":229},"geometry":{"type":"Polygon","coordinates":[[[3.61916,6.47402],[3.61759,6.47492],[3.61602,6.47402],[3.61602,6.47221],[3.61759,6.47131],[3.61915,6.47221],[3.61916,6.47402]]]}},{"type":"Feature","properties":{"minutes":13.78,"people":870,"clinic_min":17.41,"school_min":10.14,"k_clinic":5,"k_school":5,"within_15":1,"off_street":0,"ward":"Sangotedo","lga":"Eti Osa","place":"Ogunlana Avenue","place_m":404},"geometry":{"type":"Polygon","coordinates":[[[3.62229,6.47401],[3.62072,6.47492],[3.61916,6.47402],[3.61915,6.47221],[3.62072,6.4713],[3.62229,6.4722],[3.62229,6.47401]]]}},{"type":"Feature","properties":{"minutes":11.05,"people":570,"clinic_min":16.53,"school_min":5.57,"k_clinic":5,"k_school":5,"within_15":1,"off_street":0,"ward":"Sangotedo","lga":"Eti Osa","place":"Sangotedo Lekki","place_m":347},"geometry":{"type":"Polygon","coordinates":[[[3.62542,6.47401],[3.62386,6.47492],[3.62229,6.47401],[3.62229,6.4722],[3.62385,6.4713],[3.62542,6.4722],[3.62542,6.47401]]]}},{"type":"Feature","properties":{"minutes":9.56,"people":1183,"clinic_min":8.29,"school_min":10.83,"k_clinic":5,"k_school":5,"within_15":1,"off_street":0,"ward":"Sangotedo","lga":"Eti Osa","place":"Sangotedo Lekki","place_m":250},"geometry":{"type":"Polygon","coordinates":[[[3.62855,6.47401],[3.62699,6.47491],[3.62542,6.47401],[3.62542,6.4722],[3.62698,6.47129],[3.62855,6.4722],[3.62855,6.47401]]]}},{"type":"Feature","properties":{"minutes":7.38,"people":1524,"clinic_min":6.36,"school_min":8.4,"k_clinic":5,"k_school":5,"within_15":1,"off_street":0,"ward":"Sangotedo","lga":"Eti Osa","place":"Okooba Eleragbe Extension","place_m":247},"geometry":{"type":"Polygon","coordinates":[[[3.63169,6.474],[3.63012,6.47491],[3.62855,6.47401],[3.62855,6.4722],[3.63012,6.47129],[3.63168,6.47219],[3.63169,6.474]]]}},{"type":"Feature","properties":{"minutes":9.17,"people":2378,"clinic_min":14.55,"school_min":3.79,"k_clinic":5,"k_school":5,"within_15":1,"off_street":0,"ward":"Sangotedo","lga":"Eti Osa","place":"Okooba Eleragbe Extension","place_m":167},"geometry":{"type":"Polygon","coordinates":[[[3.63482,6.474],[3.63325,6.4749],[3.63169,6.474],[3.63168,6.47219],[3.63325,6.47129],[3.63482,6.47219],[3.63482,6.474]]]}},{"type":"Feature","properties":{"minutes":8.58,"people":2151,"clinic_min":15.0,"school_min":2.16,"k_clinic":5,"k_school":5,"within_15":1,"off_street":0,"ward":"Sangotedo","lga":"Eti Osa","place":"Sangotedo","place_m":245},"geometry":{"type":"Polygon","coordinates":[[[3.63795,6.47399],[3.63639,6.4749],[3.63482,6.474],[3.63482,6.47219],[3.63638,6.47128],[3.63795,6.47219],[3.63795,6.47399]]]}},{"type":"Feature","properties":{"minutes":12.39,"people":2543,"clinic_min":18.5,"school_min":6.28,"k_clinic":5,"k_school":5,"within_15":1,"off_street":0,"ward":"Sangotedo","lga":"Eti Osa","place":"Sangotedo","place_m":491},"geometry":{"type":"Polygon","coordinates":[[[3.64108,6.47399],[3.63952,6.4749],[3.63795,6.47399],[3.63795,6.47219],[3.63951,6.47128],[3.64108,6.47218],[3.64108,6.47399]]]}},{"type":"Feature","properties":{"minutes":15.14,"people":63,"clinic_min":21.25,"school_min":9.03,"k_clinic":5,"k_school":5,"within_15":0,"off_street":0,"ward":"Sangotedo","lga":"Eti Osa","place":"Sangotedo","place_m":814},"geometry":{"type":"Polygon","coordinates":[[[3.64422,6.47399],[3.64265,6.47489],[3.64108,6.47399],[3.64108,6.47218],[3.64265,6.47127],[3.64421,6.47218],[3.64422,6.47399]]]}},{"type":"Feature","properties":{"minutes":22.41,"people":312,"clinic_min":27.08,"school_min":17.73,"k_clinic":5,"k_school":5,"within_15":0,"off_street":0,"ward":"Sangotedo","lga":"Eti Osa","place":"Crown Estate","place_m":864},"geometry":{"type":"Polygon","coordinates":[[[3.64735,6.47398],[3.64578,6.47489],[3.64422,6.47399],[3.64421,6.47218],[3.64578,6.47127],[3.64735,6.47217],[3.64735,6.47398]]]}},{"type":"Feature","properties":{"minutes":21.22,"people":1203,"clinic_min":29.2,"school_min":13.23,"k_clinic":5,"k_school":5,"within_15":0,"off_street":0,"ward":"Sangotedo","lga":"Eti Osa","place":"Sangotedo","place_m":816},"geometry":{"type":"Polygon","coordinates":[[[3.65048,6.47398],[3.64892,6.47488],[3.64735,6.47398],[3.64735,6.47217],[3.64891,6.47127],[3.65048,6.47217],[3.65048,6.47398]]]}},{"type":"Feature","properties":{"minutes":20.99,"people":1346,"clinic_min":31.85,"school_min":10.12,"k_clinic":5,"k_school":5,"within_15":0,"off_street":0,"ward":"Sangotedo","lga":"Eti Osa","place":"Sangotedo","place_m":473},"geometry":{"type":"Polygon","coordinates":[[[3.65362,6.47397],[3.65205,6.47488],[3.65048,6.47398],[3.65048,6.47217],[3.65205,6.47126],[3.65361,6.47217],[3.65362,6.47397]]]}},{"type":"Feature","properties":{"minutes":20.77,"people":1249,"clinic_min":33.26,"school_min":8.29,"k_clinic":5,"k_school":5,"within_15":0,"off_street":0,"ward":"Sangotedo","lga":"Eti Osa","place":"Sangotedo","place_m":146},"geometry":{"type":"Polygon","coordinates":[[[3.65675,6.47397],[3.65518,6.47488],[3.65362,6.47397],[3.65361,6.47217],[3.65518,6.47126],[3.65675,6.47216],[3.65675,6.47397]]]}},{"type":"Feature","properties":{"minutes":21.9,"people":1426,"clinic_min":35.4,"school_min":8.41,"k_clinic":5,"k_school":5,"within_15":0,"off_street":0,"ward":"Sangotedo","lga":"Eti Osa","place":"Sangotedo","place_m":243},"geometry":{"type":"Polygon","coordinates":[[[3.65988,6.47397],[3.65832,6.47487],[3.65675,6.47397],[3.65675,6.47216],[3.65831,6.47125],[3.65988,6.47216],[3.65988,6.47397]]]}},{"type":"Feature","properties":{"minutes":24.78,"people":1244,"clinic_min":38.34,"school_min":11.22,"k_clinic":5,"k_school":5,"within_15":0,"off_street":0,"ward":"Sangotedo","lga":"Eti Osa","place":"Sangotedo","place_m":580},"geometry":{"type":"Polygon","coordinates":[[[3.66301,6.47396],[3.66145,6.47487],[3.65988,6.47397],[3.65988,6.47216],[3.66144,6.47125],[3.66301,6.47215],[3.66301,6.47396]]]}},{"type":"Feature","properties":{"minutes":28.39,"people":610,"clinic_min":42.47,"school_min":14.31,"k_clinic":5,"k_school":5,"within_15":0,"off_street":0,"ward":"Sangotedo","lga":"Eti Osa","place":"Amity Estate","place_m":484},"geometry":{"type":"Polygon","coordinates":[[[3.66615,6.47396],[3.66458,6.47486],[3.66301,6.47396],[3.66301,6.47215],[3.66458,6.47125],[3.66614,6.47215],[3.66615,6.47396]]]}},{"type":"Feature","properties":{"minutes":32.66,"people":329,"clinic_min":46.67,"school_min":18.66,"k_clinic":5,"k_school":5,"within_15":0,"off_street":0,"ward":"Sangotedo","lga":"Eti Osa","place":"Amity Estate","place_m":478},"geometry":{"type":"Polygon","coordinates":[[[3.66928,6.47395],[3.66771,6.47486],[3.66615,6.47396],[3.66614,6.47215],[3.66771,6.47124],[3.66928,6.47214],[3.66928,6.47395]]]}},{"type":"Feature","properties":{"minutes":46.81,"people":43,"clinic_min":60.17,"school_min":33.46,"k_clinic":5,"k_school":5,"within_15":0,"off_street":0,"ward":"Sangotedo","lga":"Eti Osa","place":"Amity Estate","place_m":681},"geometry":{"type":"Polygon","coordinates":[[[3.67241,6.47395],[3.67085,6.47486],[3.66928,6.47395],[3.66928,6.47214],[3.67084,6.47124],[3.67241,6.47214],[3.67241,6.47395]]]}},{"type":"Feature","properties":{"minutes":7.12,"people":842,"clinic_min":8.97,"school_min":5.26,"k_clinic":5,"k_school":5,"within_15":1,"off_street":0,"ward":"Coker","lga":"Surulere","place":"Amuwo Odofin Industrial Area","place_m":473},"geometry":{"type":"Polygon","coordinates":[[[3.32937,6.477],[3.3278,6.47791],[3.32624,6.477],[3.32624,6.47519],[3.3278,6.47429],[3.32937,6.47519],[3.32937,6.477]]]}},{"type":"Feature","properties":{"minutes":3.0,"people":1603,"clinic_min":3.21,"school_min":2.78,"k_clinic":5,"k_school":5,"within_15":1,"off_street":0,"ward":"Coker","lga":"Surulere","place":"Orile","place_m":473},"geometry":{"type":"Polygon","coordinates":[[[3.3325,6.477],[3.33094,6.47791],[3.32937,6.477],[3.32937,6.47519],[3.33093,6.47429],[3.3325,6.47519],[3.3325,6.477]]]}},{"type":"Feature","properties":{"minutes":3.45,"people":1235,"clinic_min":3.55,"school_min":3.34,"k_clinic":5,"k_school":5,"within_15":1,"off_street":0,"ward":"Coker","lga":"Surulere","place":"Orile","place_m":366},"geometry":{"type":"Polygon","coordinates":[[[3.33564,6.477],[3.33407,6.4779],[3.3325,6.477],[3.3325,6.47519],[3.33407,6.47429],[3.33563,6.47519],[3.33564,6.477]]]}},{"type":"Feature","properties":{"minutes":5.37,"people":1455,"clinic_min":6.7,"school_min":4.03,"k_clinic":5,"k_school":5,"within_15":1,"off_street":0,"ward":"Bale","lga":"Surulere","place":"Bale","place_m":200},"geometry":{"type":"Polygon","coordinates":[[[3.33877,6.477],[3.3372,6.4779],[3.33564,6.477],[3.33563,6.47519],[3.3372,6.47428],[3.33877,6.47519],[3.33877,6.477]]]}},{"type":"Feature","properties":{"minutes":3.99,"people":1574,"clinic_min":4.51,"school_min":3.46,"k_clinic":5,"k_school":5,"within_15":1,"off_street":0,"ward":"Bale","lga":"Surulere","place":"Bale","place_m":312},"geometry":{"type":"Polygon","coordinates":[[[3.3419,6.47699],[3.34034,6.4779],[3.33877,6.477],[3.33877,6.47519],[3.34033,6.47428],[3.3419,6.47518],[3.3419,6.47699]]]}},{"type":"Feature","properties":{"minutes":3.09,"people":1361,"clinic_min":3.71,"school_min":2.47,"k_clinic":5,"k_school":5,"within_15":1,"off_street":0,"ward":"Alafia","lga":"Apapa","place":"Sari Iganmu","place_m":274},"geometry":{"type":"Polygon","coordinates":[[[3.34503,6.47699],[3.34347,6.4779],[3.3419,6.47699],[3.3419,6.47518],[3.34347,6.47428],[3.34503,6.47518],[3.34503,6.47699]]]}},{"type":"Feature","properties":{"minutes":4.3,"people":1718,"clinic_min":6.17,"school_min":2.43,"k_clinic":5,"k_school":5,"within_15":1,"off_street":0,"ward":"Alafia","lga":"Apapa","place":"Sari Iganmu","place_m":80},"geometry":{"type":"Polygon","coordinates":[[[3.34817,6.47699],[3.3466,6.4779],[3.34503,6.47699],[3.34503,6.47518],[3.3466,6.47428],[3.34817,6.47518],[3.34817,6.47699]]]}},{"type":"Feature","properties":{"minutes":4.68,"people":2753,"clinic_min":5.63,"school_min":3.73,"k_clinic":5,"k_school":5,"within_15":1,"off_street":0,"ward":"Sari","lga":"Apapa","place":"Orile Iganmu","place_m":407},"geometry":{"type":"Polygon","coordinates":[[[3.3513,6.47699],[3.34973,6.47789],[3.34817,6.47699],[3.34817,6.47518],[3.34973,6.47427],[3.3513,6.47518],[3.3513,6.47699]]]}},{"type":"Feature","properties":{"minutes":4.16,"people":1952,"clinic_min":6.11,"school_min":2.2,"k_clinic":5,"k_school":5,"within_15":1,"off_street":0,"ward":"Sari","lga":"Apapa","place":"Orile Iganmu","place_m":683},"geometry":{"type":"Polygon","coordinates":[[[3.35443,6.47699],[3.35287,6.47789],[3.3513,6.47699],[3.3513,6.47518],[3.35286,6.47427],[3.35443,6.47518],[3.35443,6.47699]]]}},{"type":"Feature","properties":{"minutes":6.62,"people":491,"clinic_min":8.94,"school_min":4.3,"k_clinic":5,"k_school":5,"within_15":1,"off_street":0,"ward":"Iponri\u2013Eric Moore","lga":"Surulere","place":"Badia","place_m":777},"geometry":{"type":"Polygon","coordinates":[[[3.35757,6.47698],[3.356,6.47789],[3.35443,6.47699],[3.35443,6.47518],[3.356,6.47427],[3.35756,6.47517],[3.35757,6.47698]]]}},{"type":"Feature","properties":{"minutes":20.49,"people":609,"clinic_min":19.94,"school_min":21.05,"k_clinic":5,"k_school":5,"within_15":0,"off_street":0,"ward":"Iponri\u2013Eric Moore","lga":"Surulere","place":"Ijora Badia","place_m":770},"geometry":{"type":"Polygon","coordinates":[[[3.3607,6.47698],[3.35913,6.47789],[3.35757,6.47698],[3.35756,6.47517],[3.35913,6.47427],[3.3607,6.47517],[3.3607,6.47698]]]}},{"type":"Feature","properties":{"minutes":16.54,"people":577,"clinic_min":15.98,"school_min":17.09,"k_clinic":5,"k_school":5,"within_15":0,"off_street":0,"ward":"Iponri\u2013Eric Moore","lga":"Surulere","place":"Obale","place_m":795},"geometry":{"type":"Polygon","coordinates":[[[3.36383,6.47698],[3.36227,6.47788],[3.3607,6.47698],[3.3607,6.47517],[3.36226,6.47427],[3.36383,6.47517],[3.36383,6.47698]]]}},{"type":"Feature","properties":{"minutes":13.2,"people":228,"clinic_min":12.85,"school_min":13.54,"k_clinic":5,"k_school":5,"within_15":1,"off_street":0,"ward":"Botanical Garden","lga":"Lagos Mainland","place":"Ijora Oloye","place_m":812},"geometry":{"type":"Polygon","coordinates":[[[3.36696,6.47698],[3.3654,6.47788],[3.36383,6.47698],[3.36383,6.47517],[3.3654,6.47426],[3.36696,6.47517],[3.36696,6.47698]]]}},{"type":"Feature","properties":{"minutes":14.59,"people":223,"clinic_min":14.96,"school_min":14.22,"k_clinic":5,"k_school":5,"within_15":1,"off_street":0,"ward":"Botanical Garden","lga":"Lagos Mainland","place":"Ijero Lane","place_m":753},"geometry":{"type":"Polygon","coordinates":[[[3.3701,6.47697],[3.36853,6.47788],[3.36696,6.47698],[3.36696,6.47517],[3.36853,6.47426],[3.3701,6.47516],[3.3701,6.47697]]]}},{"type":"Feature","properties":{"minutes":16.0,"people":111,"clinic_min":16.27,"school_min":15.72,"k_clinic":5,"k_school":5,"within_15":0,"off_street":0,"ward":"Botanical Garden","lga":"Lagos Mainland","place":"Otumara","place_m":511},"geometry":{"type":"Polygon","coordinates":[[[3.37323,6.47697],[3.37166,6.47788],[3.3701,6.47697],[3.3701,6.47516],[3.37166,6.47426],[3.37323,6.47516],[3.37323,6.47697]]]}},{"type":"Feature","properties":{"minutes":7.4,"people":1151,"clinic_min":9.72,"school_min":5.08,"k_clinic":5,"k_school":5,"within_15":1,"off_street":0,"ward":"Botanical Garden","lga":"Lagos Mainland","place":"Otumara","place_m":390},"geometry":{"type":"Polygon","coordinates":[[[3.37636,6.47697],[3.3748,6.47787],[3.37323,6.47697],[3.37323,6.47516],[3.37479,6.47426],[3.37636,6.47516],[3.37636,6.47697]]]}},{"type":"Feature","properties":{"minutes":16.4,"people":2148,"clinic_min":23.41,"school_min":9.38,"k_clinic":5,"k_school":5,"within_15":0,"off_street":0,"ward":"Otto","lga":"Lagos Mainland","place":"Esugbayi","place_m":304},"geometry":{"type":"Polygon","coordinates":[[[3.3795,6.47697],[3.37793,6.47787],[3.37636,6.47697],[3.37636,6.47516],[3.37793,6.47425],[3.37949,6.47516],[3.3795,6.47697]]]}},{"type":"Feature","properties":{"minutes":15.15,"people":2248,"clinic_min":22.36,"school_min":7.94,"k_clinic":5,"k_school":5,"within_15":0,"off_street":0,"ward":"Otto","lga":"Lagos Mainland","place":"Esugbayi","place_m":155},"geometry":{"type":"Polygon","coordinates":[[[3.38263,6.47696],[3.38106,6.47787],[3.3795,6.47697],[3.37949,6.47516],[3.38106,6.47425],[3.38263,6.47516],[3.38263,6.47696]]]}},{"type":"Feature","properties":{"minutes":6.28,"people":788,"clinic_min":7.22,"school_min":5.34,"k_clinic":5,"k_school":5,"within_15":1,"off_street":0,"ward":"Otto","lga":"Lagos Mainland","place":"Esugbayi","place_m":442},"geometry":{"type":"Polygon","coordinates":[[[3.38576,6.47696],[3.3842,6.47787],[3.38263,6.47696],[3.38263,6.47516],[3.38419,6.47425],[3.38576,6.47515],[3.38576,6.47696]]]}},{"type":"Feature","properties":{"minutes":11.06,"people":1096,"clinic_min":13.11,"school_min":9.0,"k_clinic":5,"k_school":5,"within_15":1,"off_street":0,"ward":"Ajah","lga":"Eti Osa","place":"Ajah","place_m":537},"geometry":{"type":"Polygon","coordinates":[[[3.56747,6.47679],[3.5659,6.4777],[3.56433,6.4768],[3.56433,6.47499],[3.5659,6.47408],[3.56747,6.47498],[3.56747,6.47679]]]}},{"type":"Feature","properties":{"minutes":11.04,"people":806,"clinic_min":13.08,"school_min":8.99,"k_clinic":5,"k_school":5,"within_15":1,"off_street":0,"ward":"Ajah","lga":"Eti Osa","place":"Ajah","place_m":272},"geometry":{"type":"Polygon","coordinates":[[[3.5706,6.47679],[3.56903,6.47769],[3.56747,6.47679],[3.56747,6.47498],[3.56903,6.47408],[3.5706,6.47498],[3.5706,6.47679]]]}},{"type":"Feature","properties":{"minutes":15.31,"people":876,"clinic_min":18.99,"school_min":11.62,"k_clinic":5,"k_school":5,"within_15":0,"off_street":0,"ward":"Ajah","lga":"Eti Osa","place":"Ajah","place_m":316},"geometry":{"type":"Polygon","coordinates":[[[3.57373,6.47678],[3.57217,6.47769],[3.5706,6.47679],[3.5706,6.47498],[3.57216,6.47407],[3.57373,6.47498],[3.57373,6.47678]]]}},{"type":"Feature","properties":{"minutes":14.95,"people":990,"clinic_min":20.68,"school_min":9.22,"k_clinic":5,"k_school":5,"within_15":1,"off_street":0,"ward":"Ajah","lga":"Eti Osa","place":"Ajah","place_m":605},"geometry":{"type":"Polygon","coordinates":[[[3.57687,6.47678],[3.5753,6.47769],[3.57373,6.47678],[3.57373,6.47498],[3.5753,6.47407],[3.57686,6.47497],[3.57687,6.47678]]]}},{"type":"Feature","properties":{"minutes":14.13,"people":1247,"clinic_min":20.02,"school_min":8.24,"k_clinic":5,"k_school":5,"within_15":1,"off_street":0,"ward":"Ajah","lga":"Eti Osa","place":"Thomas","place_m":785},"geometry":{"type":"Polygon","coordinates":[[[3.58,6.47678],[3.57843,6.47768],[3.57687,6.47678],[3.57686,6.47497],[3.57843,6.47407],[3.58,6.47497],[3.58,6.47678]]]}},{"type":"Feature","properties":{"minutes":16.48,"people":768,"clinic_min":21.36,"school_min":11.59,"k_clinic":5,"k_school":5,"within_15":0,"off_street":0,"ward":"Ajah","lga":"Eti Osa","place":"Akins","place_m":941},"geometry":{"type":"Polygon","coordinates":[[[3.58313,6.47677],[3.58157,6.47768],[3.58,6.47678],[3.58,6.47497],[3.58156,6.47406],[3.58313,6.47496],[3.58313,6.47677]]]}},{"type":"Feature","properties":{"minutes":11.69,"people":508,"clinic_min":10.22,"school_min":13.17,"k_clinic":5,"k_school":5,"within_15":1,"off_street":0,"ward":"Sangotedo","lga":"Eti Osa","place":"Akins","place_m":871},"geometry":{"type":"Polygon","coordinates":[[[3.58626,6.47677],[3.5847,6.47768],[3.58313,6.47677],[3.58313,6.47496],[3.58469,6.47406],[3.58626,6.47496],[3.58626,6.47677]]]}},{"type":"Feature","properties":{"minutes":14.37,"people":366,"clinic_min":12.77,"school_min":15.98,"k_clinic":5,"k_school":5,"within_15":1,"off_street":0,"ward":"Sangotedo","lga":"Eti Osa","place":"Akins","place_m":934},"geometry":{"type":"Polygon","coordinates":[[[3.5894,6.47677],[3.58783,6.47767],[3.58626,6.47677],[3.58626,6.47496],[3.58783,6.47405],[3.58939,6.47496],[3.5894,6.47677]]]}},{"type":"Feature","properties":{"minutes":15.5,"people":471,"clinic_min":13.43,"school_min":17.57,"k_clinic":5,"k_school":5,"within_15":0,"off_street":0,"ward":"Sangotedo","lga":"Eti Osa","place":"Alasia","place_m":1023},"geometry":{"type":"Polygon","coordinates":[[[3.59253,6.47676],[3.59096,6.47767],[3.5894,6.47677],[3.58939,6.47496],[3.59096,6.47405],[3.59253,6.47495],[3.59253,6.47676]]]}},{"type":"Feature","properties":{"minutes":17.61,"people":2216,"clinic_min":19.92,"school_min":15.3,"k_clinic":5,"k_school":5,"within_15":0,"off_street":0,"ward":"Sangotedo","lga":"Eti Osa","place":"Alasia","place_m":778},"geometry":{"type":"Polygon","coordinates":[[[3.59566,6.47676],[3.5941,6.47767],[3.59253,6.47676],[3.59253,6.47495],[3.59409,6.47405],[3.59566,6.47495],[3.59566,6.47676]]]}},{"type":"Feature","properties":{"minutes":17.58,"people":2404,"clinic_min":20.11,"school_min":15.04,"k_clinic":5,"k_school":5,"within_15":0,"off_street":0,"ward":"Sangotedo","lga":"Eti Osa","place":"Alasia","place_m":637},"geometry":{"type":"Polygon","coordinates":[[[3.5988,6.47676],[3.59723,6.47766],[3.59566,6.47676],[3.59566,6.47495],[3.59723,6.47404],[3.59879,6.47495],[3.5988,6.47676]]]}},{"type":"Feature","properties":{"minutes":19.59,"people":1666,"clinic_min":23.72,"school_min":15.46,"k_clinic":5,"k_school":5,"within_15":0,"off_street":0,"ward":"Sangotedo","lga":"Eti Osa","place":"Olokonla","place_m":660},"geometry":{"type":"Polygon","coordinates":[[[3.60193,6.47675],[3.60036,6.47766],[3.5988,6.47676],[3.59879,6.47495],[3.60036,6.47404],[3.60193,6.47494],[3.60193,6.47675]]]}},{"type":"Feature","properties":{"minutes":19.97,"people":707,"clinic_min":25.41,"school_min":14.53,"k_clinic":5,"k_school":5,"within_15":0,"off_street":0,"ward":"Sangotedo","lga":"Eti Osa","place":"Olokonla","place_m":322},"geometry":{"type":"Polygon","coordinates":[[[3.60506,6.47675],[3.6035,6.47765],[3.60193,6.47675],[3.60193,6.47494],[3.60349,6.47404],[3.60506,6.47494],[3.60506,6.47675]]]}},{"type":"Feature","properties":{"minutes":20.74,"people":931,"clinic_min":27.76,"school_min":13.72,"k_clinic":5,"k_school":5,"within_15":0,"off_street":0,"ward":"Sangotedo","lga":"Eti Osa","place":"Olokonla","place_m":110},"geometry":{"type":"Polygon","coordinates":[[[3.60819,6.47674],[3.60663,6.47765],[3.60506,6.47675],[3.60506,6.47494],[3.60662,6.47403],[3.60819,6.47494],[3.60819,6.47674]]]}},{"type":"Feature","properties":{"minutes":18.74,"people":1235,"clinic_min":25.59,"school_min":11.88,"k_clinic":5,"k_school":5,"within_15":0,"off_street":0,"ward":"Sangotedo","lga":"Eti Osa","place":"Olokonla","place_m":401},"geometry":{"type":"Polygon","coordinates":[[[3.61133,6.47674],[3.60976,6.47765],[3.60819,6.47674],[3.60819,6.47494],[3.60976,6.47403],[3.61132,6.47493],[3.61133,6.47674]]]}},{"type":"Feature","properties":{"minutes":17.01,"people":792,"clinic_min":22.47,"school_min":11.55,"k_clinic":5,"k_school":5,"within_15":0,"off_street":0,"ward":"Sangotedo","lga":"Eti Osa","place":"Ogunlana Avenue","place_m":537},"geometry":{"type":"Polygon","coordinates":[[[3.61446,6.47674],[3.61289,6.47764],[3.61133,6.47674],[3.61132,6.47493],[3.61289,6.47403],[3.61446,6.47493],[3.61446,6.47674]]]}},{"type":"Feature","properties":{"minutes":15.51,"people":1015,"clinic_min":19.01,"school_min":12.01,"k_clinic":5,"k_school":5,"within_15":0,"off_street":0,"ward":"Sangotedo","lga":"Eti Osa","place":"Ogunlana Avenue","place_m":199},"geometry":{"type":"Polygon","coordinates":[[[3.61759,6.47673],[3.61603,6.47764],[3.61446,6.47674],[3.61446,6.47493],[3.61602,6.47402],[3.61759,6.47492],[3.61759,6.47673]]]}},{"type":"Feature","properties":{"minutes":18.42,"people":786,"clinic_min":21.36,"school_min":15.49,"k_clinic":5,"k_school":5,"within_15":0,"off_street":0,"ward":"Sangotedo","lga":"Eti Osa","place":"Ogunlana Avenue","place_m":175},"geometry":{"type":"Polygon","coordinates":[[[3.62072,6.47673],[3.61916,6.47764],[3.61759,6.47673],[3.61759,6.47492],[3.61916,6.47402],[3.62072,6.47492],[3.62072,6.47673]]]}},{"type":"Feature","properties":{"minutes":12.99,"people":1271,"clinic_min":15.64,"school_min":10.34,"k_clinic":5,"k_school":5,"within_15":1,"off_street":0,"ward":"Sangotedo","lga":"Eti Osa","place":"Sangotedo Lekki","place_m":436},"geometry":{"type":"Polygon","coordinates":[[[3.62386,6.47673],[3.62229,6.47763],[3.62072,6.47673],[3.62072,6.47492],[3.62229,6.47401],[3.62386,6.47492],[3.62386,6.47673]]]}},{"type":"Feature","properties":{"minutes":12.88,"people":1110,"clinic_min":12.57,"school_min":13.19,"k_clinic":5,"k_school":5,"within_15":1,"off_street":0,"ward":"Sangotedo","lga":"Eti Osa","place":"Sangotedo Lekki","place_m":107},"geometry":{"type":"Polygon","coordinates":[[[3.62699,6.47672],[3.62543,6.47763],[3.62386,6.47673],[3.62386,6.47492],[3.62542,6.47401],[3.62699,6.47491],[3.62699,6.47672]]]}},{"type":"Feature","properties":{"minutes":14.14,"people":1545,"clinic_min":12.6,"school_min":15.68,"k_clinic":5,"k_school":5,"within_15":1,"off_street":0,"ward":"Sangotedo","lga":"Eti Osa","place":"Sangotedo Lekki","place_m":271},"geometry":{"type":"Polygon","coordinates":[[[3.63012,6.47672],[3.62856,6.47762],[3.62699,6.47672],[3.62699,6.47491],[3.62855,6.47401],[3.63012,6.47491],[3.63012,6.47672]]]}},{"type":"Feature","properties":{"minutes":10.42,"people":1167,"clinic_min":9.98,"school_min":10.85,"k_clinic":5,"k_school":5,"within_15":1,"off_street":0,"ward":"Sangotedo","lga":"Eti Osa","place":"Okooba Eleragbe Extension","place_m":413},"geometry":{"type":"Polygon","coordinates":[[[3.63326,6.47671],[3.63169,6.47762],[3.63012,6.47672],[3.63012,6.47491],[3.63169,6.474],[3.63325,6.4749],[3.63326,6.47671]]]}},{"type":"Feature","properties":{"minutes":11.1,"people":742,"clinic_min":15.17,"school_min":7.04,"k_clinic":5,"k_school":5,"within_15":1,"off_street":0,"ward":"Sangotedo","lga":"Eti Osa","place":"Okooba Eleragbe Extension","place_m":507},"geometry":{"type":"Polygon","coordinates":[[[3.63639,6.47671],[3.63482,6.47762],[3.63326,6.47671],[3.63325,6.4749],[3.63482,6.474],[3.63639,6.4749],[3.63639,6.47671]]]}},{"type":"Feature","properties":{"minutes":12.49,"people":522,"clinic_min":19.28,"school_min":5.71,"k_clinic":5,"k_school":5,"within_15":1,"off_street":0,"ward":"Sangotedo","lga":"Eti Osa","place":"Sangotedo","place_m":590},"geometry":{"type":"Polygon","coordinates":[[[3.63952,6.47671],[3.63796,6.47761],[3.63639,6.47671],[3.63639,6.4749],[3.63795,6.47399],[3.63952,6.4749],[3.63952,6.47671]]]}},{"type":"Feature","properties":{"minutes":15.58,"people":670,"clinic_min":21.69,"school_min":9.47,"k_clinic":5,"k_school":5,"within_15":0,"off_street":0,"ward":"Sangotedo","lga":"Eti Osa","place":"Sangotedo","place_m":806},"geometry":{"type":"Polygon","coordinates":[[[3.64265,6.4767],[3.64109,6.47761],[3.63952,6.47671],[3.63952,6.4749],[3.64108,6.47399],[3.64265,6.47489],[3.64265,6.4767]]]}},{"type":"Feature","properties":{"minutes":26.49,"people":78,"clinic_min":33.53,"school_min":19.44,"k_clinic":5,"k_school":5,"within_15":0,"off_street":0,"ward":"Sangotedo","lga":"Eti Osa","place":"Sangotedo","place_m":1091},"geometry":{"type":"Polygon","coordinates":[[[3.64579,6.4767],[3.64422,6.4776],[3.64265,6.4767],[3.64265,6.47489],[3.64422,6.47399],[3.64578,6.47489],[3.64579,6.4767]]]}},{"type":"Feature","properties":{"minutes":25.13,"people":321,"clinic_min":32.18,"school_min":18.08,"k_clinic":5,"k_school":5,"within_15":0,"off_street":0,"ward":"Sangotedo","lga":"Eti Osa","place":"Sangotedo","place_m":1008},"geometry":{"type":"Polygon","coordinates":[[[3.64892,6.47669],[3.64735,6.4776],[3.64579,6.4767],[3.64578,6.47489],[3.64735,6.47398],[3.64892,6.47488],[3.64892,6.47669]]]}},{"type":"Feature","properties":{"minutes":23.61,"people":949,"clinic_min":33.42,"school_min":13.8,"k_clinic":5,"k_school":5,"within_15":0,"off_street":0,"ward":"Sangotedo","lga":"Eti Osa","place":"Sangotedo","place_m":674},"geometry":{"type":"Polygon","coordinates":[[[3.65205,6.47669],[3.65049,6.4776],[3.64892,6.47669],[3.64892,6.47488],[3.65048,6.47398],[3.65205,6.47488],[3.65205,6.47669]]]}},{"type":"Feature","properties":{"minutes":23.52,"people":1015,"clinic_min":35.63,"school_min":11.42,"k_clinic":5,"k_school":5,"within_15":0,"off_street":0,"ward":"Sangotedo","lga":"Eti Osa","place":"Sangotedo","place_m":363},"geometry":{"type":"Polygon","coordinates":[[[3.65519,6.47669],[3.65362,6.47759],[3.65205,6.47669],[3.65205,6.47488],[3.65362,6.47397],[3.65518,6.47488],[3.65519,6.47669]]]}},{"type":"Feature","properties":{"minutes":23.05,"people":1331,"clinic_min":37.89,"school_min":8.2,"k_clinic":5,"k_school":5,"within_15":0,"off_street":0,"ward":"Sangotedo","lga":"Eti Osa","place":"Sangotedo","place_m":222},"geometry":{"type":"Polygon","coordinates":[[[3.65832,6.47668],[3.65675,6.47759],[3.65519,6.47669],[3.65518,6.47488],[3.65675,6.47397],[3.65832,6.47487],[3.65832,6.47668]]]}},{"type":"Feature","properties":{"minutes":26.51,"people":1192,"clinic_min":41.36,"school_min":11.66,"k_clinic":5,"k_school":5,"within_15":0,"off_street":0,"ward":"Sangotedo","lga":"Eti Osa","place":"Sangotedo","place_m":455},"geometry":{"type":"Polygon","coordinates":[[[3.66145,6.47668],[3.65989,6.47758],[3.65832,6.47668],[3.65832,6.47487],[3.65988,6.47397],[3.66145,6.47487],[3.66145,6.47668]]]}},{"type":"Feature","properties":{"minutes":29.8,"people":464,"clinic_min":43.81,"school_min":15.79,"k_clinic":5,"k_school":5,"within_15":0,"off_street":0,"ward":"Sangotedo","lga":"Eti Osa","place":"Sangotedo","place_m":777},"geometry":{"type":"Polygon","coordinates":[[[3.66458,6.47667],[3.66302,6.47758],[3.66145,6.47668],[3.66145,6.47487],[3.66301,6.47396],[3.66458,6.47486],[3.66458,6.47667]]]}},{"type":"Feature","properties":{"minutes":31.82,"people":11,"clinic_min":45.83,"school_min":17.81,"k_clinic":5,"k_school":5,"within_15":0,"off_street":0,"ward":"Sangotedo","lga":"Eti Osa","place":"Amity Estate","place_m":749},"geometry":{"type":"Polygon","coordinates":[[[3.66772,6.47667],[3.66615,6.47758],[3.66458,6.47667],[3.66458,6.47486],[3.66615,6.47396],[3.66771,6.47486],[3.66772,6.47667]]]}},{"type":"Feature","properties":{"minutes":46.81,"people":44,"clinic_min":60.17,"school_min":33.46,"k_clinic":5,"k_school":5,"within_15":0,"off_street":0,"ward":"Sangotedo","lga":"Eti Osa","place":"Amity Estate","place_m":822},"geometry":{"type":"Polygon","coordinates":[[[3.67085,6.47667],[3.66928,6.47757],[3.66772,6.47667],[3.66771,6.47486],[3.66928,6.47395],[3.67085,6.47486],[3.67085,6.47667]]]}},{"type":"Feature","properties":{"minutes":46.81,"people":88,"clinic_min":60.17,"school_min":33.46,"k_clinic":5,"k_school":5,"within_15":0,"off_street":0,"ward":"Sangotedo","lga":"Eti Osa","place":"Amity Estate","place_m":1015},"geometry":{"type":"Polygon","coordinates":[[[3.67398,6.47666],[3.67242,6.47757],[3.67085,6.47667],[3.67085,6.47486],[3.67241,6.47395],[3.67398,6.47485],[3.67398,6.47666]]]}},{"type":"Feature","properties":{"minutes":15.57,"people":781,"clinic_min":17.65,"school_min":13.48,"k_clinic":5,"k_school":5,"within_15":0,"off_street":0,"ward":"Coker","lga":"Surulere","place":"Orile","place_m":480},"geometry":{"type":"Polygon","coordinates":[[[3.33094,6.47971],[3.32937,6.48062],[3.3278,6.47972],[3.3278,6.47791],[3.32937,6.477],[3.33094,6.47791],[3.33094,6.47971]]]}},{"type":"Feature","properties":{"minutes":3.06,"people":1707,"clinic_min":3.04,"school_min":3.09,"k_clinic":5,"k_school":5,"within_15":1,"off_street":0,"ward":"Coker","lga":"Surulere","place":"Orile","place_m":144},"geometry":{"type":"Polygon","coordinates":[[[3.33407,6.47971],[3.3325,6.48062],[3.33094,6.47971],[3.33094,6.47791],[3.3325,6.477],[3.33407,6.4779],[3.33407,6.47971]]]}},{"type":"Feature","properties":{"minutes":3.33,"people":2125,"clinic_min":4.62,"school_min":2.04,"k_clinic":5,"k_school":5,"within_15":1,"off_street":0,"ward":"Bale","lga":"Surulere","place":"Orile","place_m":226},"geometry":{"type":"Polygon","coordinates":[[[3.3372,6.47971],[3.33564,6.48062],[3.33407,6.47971],[3.33407,6.4779],[3.33564,6.477],[3.3372,6.4779],[3.3372,6.47971]]]}},{"type":"Feature","properties":{"minutes":4.78,"people":1689,"clinic_min":5.49,"school_min":4.08,"k_clinic":5,"k_school":5,"within_15":1,"off_street":0,"ward":"Bale","lga":"Surulere","place":"Bale","place_m":147},"geometry":{"type":"Polygon","coordinates":[[[3.34034,6.47971],[3.33877,6.48061],[3.3372,6.47971],[3.3372,6.4779],[3.33877,6.477],[3.34034,6.4779],[3.34034,6.47971]]]}},{"type":"Feature","properties":{"minutes":3.74,"people":2071,"clinic_min":3.41,"school_min":4.07,"k_clinic":5,"k_school":5,"within_15":1,"off_street":0,"ward":"Bale","lga":"Surulere","place":"Bale","place_m":446},"geometry":{"type":"Polygon","coordinates":[[[3.34347,6.47971],[3.3419,6.48061],[3.34034,6.47971],[3.34034,6.4779],[3.3419,6.47699],[3.34347,6.4779],[3.34347,6.47971]]]}},{"type":"Feature","properties":{"minutes":3.54,"people":1987,"clinic_min":1.63,"school_min":5.45,"k_clinic":5,"k_school":5,"within_15":1,"off_street":0,"ward":"Savage","lga":"Surulere","place":"Orile Iganmu","place_m":258},"geometry":{"type":"Polygon","coordinates":[[[3.3466,6.4797],[3.34504,6.48061],[3.34347,6.47971],[3.34347,6.4779],[3.34503,6.47699],[3.3466,6.4779],[3.3466,6.4797]]]}},{"type":"Feature","properties":{"minutes":6.19,"people":1642,"clinic_min":7.24,"school_min":5.15,"k_clinic":5,"k_school":5,"within_15":1,"off_street":0,"ward":"Sari","lga":"Apapa","place":"Orile Iganmu","place_m":89},"geometry":{"type":"Polygon","coordinates":[[[3.34974,6.4797],[3.34817,6.48061],[3.3466,6.4797],[3.3466,6.4779],[3.34817,6.47699],[3.34973,6.47789],[3.34974,6.4797]]]}},{"type":"Feature","properties":{"minutes":6.01,"people":1260,"clinic_min":7.36,"school_min":4.66,"k_clinic":5,"k_school":5,"within_15":1,"off_street":0,"ward":"Iponri\u2013Eric Moore","lga":"Surulere","place":"Orile Iganmu","place_m":435},"geometry":{"type":"Polygon","coordinates":[[[3.35287,6.4797],[3.3513,6.48061],[3.34974,6.4797],[3.34973,6.47789],[3.3513,6.47699],[3.35287,6.47789],[3.35287,6.4797]]]}},{"type":"Feature","properties":{"minutes":12.48,"people":390,"clinic_min":12.96,"school_min":12.0,"k_clinic":5,"k_school":5,"within_15":1,"off_street":0,"ward":"Iponri\u2013Eric Moore","lga":"Surulere","place":"Alaka","place_m":573},"geometry":{"type":"Polygon","coordinates":[[[3.356,6.4797],[3.35444,6.4806],[3.35287,6.4797],[3.35287,6.47789],[3.35443,6.47699],[3.356,6.47789],[3.356,6.4797]]]}},{"type":"Feature","properties":{"minutes":14.05,"people":600,"clinic_min":14.94,"school_min":13.16,"k_clinic":5,"k_school":5,"within_15":1,"off_street":0,"ward":"Iponri\u2013Eric Moore","lga":"Surulere","place":"Alaka","place_m":746},"geometry":{"type":"Polygon","coordinates":[[[3.35913,6.4797],[3.35757,6.4806],[3.356,6.4797],[3.356,6.47789],[3.35757,6.47698],[3.35913,6.47789],[3.35913,6.4797]]]}},{"type":"Feature","properties":{"minutes":12.63,"people":463,"clinic_min":12.57,"school_min":12.69,"k_clinic":5,"k_school":5,"within_15":1,"off_street":0,"ward":"Iponri\u2013Eric Moore","lga":"Surulere","place":"Alaka","place_m":1012},"geometry":{"type":"Polygon","coordinates":[[[3.36227,6.47969],[3.3607,6.4806],[3.35913,6.4797],[3.35913,6.47789],[3.3607,6.47698],[3.36227,6.47788],[3.36227,6.47969]]]}},{"type":"Feature","properties":{"minutes":13.2,"people":333,"clinic_min":13.4,"school_min":12.99,"k_clinic":5,"k_school":5,"within_15":1,"off_street":0,"ward":"Iponri\u2013Eric Moore","lga":"Surulere","place":"Iponri Community","place_m":869},"geometry":{"type":"Polygon","coordinates":[[[3.3654,6.47969],[3.36383,6.4806],[3.36227,6.47969],[3.36227,6.47788],[3.36383,6.47698],[3.3654,6.47788],[3.3654,6.47969]]]}},{"type":"Feature","properties":{"minutes":10.5,"people":318,"clinic_min":10.96,"school_min":10.05,"k_clinic":5,"k_school":5,"within_15":1,"off_street":0,"ward":"Botanical Garden","lga":"Lagos Mainland","place":"Ijero Lane","place_m":593},"geometry":{"type":"Polygon","coordinates":[[[3.36853,6.47969],[3.36697,6.48059],[3.3654,6.47969],[3.3654,6.47788],[3.36696,6.47698],[3.36853,6.47788],[3.36853,6.47969]]]}},{"type":"Feature","properties":{"minutes":12.96,"people":582,"clinic_min":13.58,"school_min":12.35,"k_clinic":5,"k_school":5,"within_15":1,"off_street":0,"ward":"Botanical Garden","lga":"Lagos Mainland","place":"Ijero Lane","place_m":417},"geometry":{"type":"Polygon","coordinates":[[[3.37167,6.47969],[3.3701,6.48059],[3.36853,6.47969],[3.36853,6.47788],[3.3701,6.47697],[3.37166,6.47788],[3.37167,6.47969]]]}},{"type":"Feature","properties":{"minutes":9.89,"people":1613,"clinic_min":12.21,"school_min":7.57,"k_clinic":5,"k_school":5,"within_15":1,"off_street":0,"ward":"Botanical Garden","lga":"Lagos Mainland","place":"Raimi Oladimeji","place_m":177},"geometry":{"type":"Polygon","coordinates":[[[3.3748,6.47968],[3.37323,6.48059],[3.37167,6.47969],[3.37166,6.47788],[3.37323,6.47697],[3.3748,6.47787],[3.3748,6.47968]]]}},{"type":"Feature","properties":{"minutes":4.83,"people":1877,"clinic_min":5.38,"school_min":4.27,"k_clinic":5,"k_school":5,"within_15":1,"off_street":0,"ward":"Botanical Garden","lga":"Lagos Mainland","place":"Otumara","place_m":209},"geometry":{"type":"Polygon","coordinates":[[[3.37793,6.47968],[3.37637,6.48059],[3.3748,6.47968],[3.3748,6.47787],[3.37636,6.47697],[3.37793,6.47787],[3.37793,6.47968]]]}},{"type":"Feature","properties":{"minutes":4.61,"people":2220,"clinic_min":5.22,"school_min":4.0,"k_clinic":5,"k_school":5,"within_15":1,"off_street":0,"ward":"Botanical Garden","lga":"Lagos Mainland","place":"Esugbayi","place_m":447},"geometry":{"type":"Polygon","coordinates":[[[3.38106,6.47968],[3.3795,6.48059],[3.37793,6.47968],[3.37793,6.47787],[3.3795,6.47697],[3.38106,6.47787],[3.38106,6.47968]]]}},{"type":"Feature","properties":{"minutes":5.53,"people":2257,"clinic_min":5.84,"school_min":5.21,"k_clinic":5,"k_school":5,"within_15":1,"off_street":0,"ward":"Botanical Garden","lga":"Lagos Mainland","place":"Oloto East","place_m":491},"geometry":{"type":"Polygon","coordinates":[[[3.3842,6.47968],[3.38263,6.48058],[3.38106,6.47968],[3.38106,6.47787],[3.38263,6.47696],[3.3842,6.47787],[3.3842,6.47968]]]}},{"type":"Feature","properties":{"minutes":3.51,"people":2025,"clinic_min":4.3,"school_min":2.71,"k_clinic":5,"k_school":5,"within_15":1,"off_street":0,"ward":"Oyingbo","lga":"Lagos Mainland","place":"Oloto East","place_m":145},"geometry":{"type":"Polygon","coordinates":[[[3.38733,6.47967],[3.38576,6.48058],[3.3842,6.47968],[3.3842,6.47787],[3.38576,6.47696],[3.38733,6.47787],[3.38733,6.47967]]]}},{"type":"Feature","properties":{"minutes":5.77,"people":473,"clinic_min":6.79,"school_min":4.75,"k_clinic":5,"k_school":5,"within_15":1,"off_street":0,"ward":"Oyingbo","lga":"Lagos Mainland","place":"Obalola Lane","place_m":144},"geometry":{"type":"Polygon","coordinates":[[[3.39046,6.47967],[3.3889,6.48058],[3.38733,6.47967],[3.38733,6.47787],[3.38889,6.47696],[3.39046,6.47786],[3.39046,6.47967]]]}},{"type":"Feature","properties":{"minutes":14.83,"people":567,"clinic_min":16.8,"school_min":12.86,"k_clinic":5,"k_school":5,"within_15":1,"off_street":0,"ward":"Ajah","lga":"Eti Osa","place":"Ajah","place_m":316},"geometry":{"type":"Polygon","coordinates":[[[3.56904,6.4795],[3.56747,6.48041],[3.5659,6.47951],[3.5659,6.4777],[3.56747,6.47679],[3.56903,6.47769],[3.56904,6.4795]]]}},{"type":"Feature","properties":{"minutes":13.54,"people":1113,"clinic_min":15.82,"school_min":11.26,"k_clinic":5,"k_school":5,"within_15":1,"off_street":0,"ward":"Ajah","lga":"Eti Osa","place":"Ajah","place_m":75},"geometry":{"type":"Polygon","coordinates":[[[3.57217,6.4795],[3.5706,6.48041],[3.56904,6.4795],[3.56903,6.47769],[3.5706,6.47679],[3.57217,6.47769],[3.57217,6.4795]]]}},{"type":"Feature","properties":{"minutes":17.26,"people":1004,"clinic_min":20.95,"school_min":13.58,"k_clinic":5,"k_school":5,"within_15":0,"off_street":0,"ward":"Ajah","lga":"Eti Osa","place":"Ajah","place_m":389},"geometry":{"type":"Polygon","coordinates":[[[3.5753,6.4795],[3.57374,6.4804],[3.57217,6.4795],[3.57217,6.47769],[3.57373,6.47678],[3.5753,6.47769],[3.5753,6.4795]]]}},{"type":"Feature","properties":{"minutes":16.88,"people":923,"clinic_min":22.8,"school_min":10.96,"k_clinic":5,"k_school":5,"within_15":0,"off_street":0,"ward":"Ajah","lga":"Eti Osa","place":"Ajah","place_m":733},"geometry":{"type":"Polygon","coordinates":[[[3.57844,6.47949],[3.57687,6.4804],[3.5753,6.4795],[3.5753,6.47769],[3.57687,6.47678],[3.57843,6.47768],[3.57844,6.47949]]]}},{"type":"Feature","properties":{"minutes":15.15,"people":1028,"clinic_min":19.79,"school_min":10.52,"k_clinic":5,"k_school":5,"within_15":0,"off_street":0,"ward":"Ajah","lga":"Eti Osa","place":"Akins","place_m":779},"geometry":{"type":"Polygon","coordinates":[[[3.58157,6.47949],[3.58,6.4804],[3.57844,6.47949],[3.57843,6.47768],[3.58,6.47678],[3.58157,6.47768],[3.58157,6.47949]]]}},{"type":"Feature","properties":{"minutes":16.04,"people":614,"clinic_min":14.49,"school_min":17.59,"k_clinic":5,"k_school":5,"within_15":0,"off_street":0,"ward":"Sangotedo","lga":"Eti Osa","place":"Akins","place_m":600},"geometry":{"type":"Polygon","coordinates":[[[3.5847,6.47949],[3.58314,6.48039],[3.58157,6.47949],[3.58157,6.47768],[3.58313,6.47677],[3.5847,6.47768],[3.5847,6.47949]]]}},{"type":"Feature","properties":{"minutes":15.77,"people":292,"clinic_min":13.94,"school_min":17.59,"k_clinic":5,"k_school":5,"within_15":0,"off_street":0,"ward":"Sangotedo","lga":"Eti Osa","place":"Akins","place_m":594},"geometry":{"type":"Polygon","coordinates":[[[3.58783,6.47948],[3.58627,6.48039],[3.5847,6.47949],[3.5847,6.47768],[3.58626,6.47677],[3.58783,6.47767],[3.58783,6.47948]]]}},{"type":"Feature","properties":{"minutes":17.99,"people":736,"clinic_min":16.07,"school_min":19.92,"k_clinic":5,"k_school":5,"within_15":0,"off_street":0,"ward":"Sangotedo","lga":"Eti Osa","place":"Akins","place_m":766},"geometry":{"type":"Polygon","coordinates":[[[3.59097,6.47948],[3.5894,6.48038],[3.58783,6.47948],[3.58783,6.47767],[3.5894,6.47677],[3.59096,6.47767],[3.59097,6.47948]]]}},{"type":"Feature","properties":{"minutes":19.8,"people":387,"clinic_min":17.73,"school_min":21.87,"k_clinic":5,"k_school":5,"within_15":0,"off_street":1,"ward":"Sangotedo","lga":"Eti Osa","place":"Akins","place_m":1030},"geometry":{"type":"Polygon","coordinates":[[[3.5941,6.47947],[3.59253,6.48038],[3.59097,6.47948],[3.59096,6.47767],[3.59253,6.47676],[3.5941,6.47767],[3.5941,6.47947]]]}},{"type":"Feature","properties":{"minutes":23.1,"people":589,"clinic_min":25.64,"school_min":20.55,"k_clinic":5,"k_school":5,"within_15":0,"off_street":0,"ward":"Sangotedo","lga":"Eti Osa","place":"Alasia","place_m":970},"geometry":{"type":"Polygon","coordinates":[[[3.59723,6.47947],[3.59567,6.48038],[3.5941,6.47947],[3.5941,6.47767],[3.59566,6.47676],[3.59723,6.47766],[3.59723,6.47947]]]}},{"type":"Feature","properties":{"minutes":20.92,"people":184,"clinic_min":23.47,"school_min":18.38,"k_clinic":5,"k_school":5,"within_15":0,"off_street":0,"ward":"Sangotedo","lga":"Eti Osa","place":"Olokonla","place_m":918},"geometry":{"type":"Polygon","coordinates":[[[3.60036,6.47947],[3.5988,6.48037],[3.59723,6.47947],[3.59723,6.47766],[3.5988,6.47676],[3.60036,6.47766],[3.60036,6.47947]]]}},{"type":"Feature","properties":{"minutes":24.89,"people":499,"clinic_min":30.35,"school_min":19.42,"k_clinic":5,"k_school":5,"within_15":0,"off_street":0,"ward":"Sangotedo","lga":"Eti Osa","place":"Olokonla","place_m":625},"geometry":{"type":"Polygon","coordinates":[[[3.6035,6.47946],[3.60193,6.48037],[3.60036,6.47947],[3.60036,6.47766],[3.60193,6.47675],[3.6035,6.47765],[3.6035,6.47946]]]}},{"type":"Feature","properties":{"minutes":23.54,"people":837,"clinic_min":29.43,"school_min":17.64,"k_clinic":5,"k_school":5,"within_15":0,"off_street":0,"ward":"Sangotedo","lga":"Eti Osa","place":"Olokonla","place_m":423},"geometry":{"type":"Polygon","coordinates":[[[3.60663,6.47946],[3.60507,6.48037],[3.6035,6.47946],[3.6035,6.47765],[3.60506,6.47675],[3.60663,6.47765],[3.60663,6.47946]]]}},{"type":"Feature","properties":{"minutes":21.77,"people":994,"clinic_min":29.39,"school_min":14.15,"k_clinic":5,"k_school":5,"within_15":0,"off_street":0,"ward":"Sangotedo","lga":"Eti Osa","place":"Olokonla","place_m":455},"geometry":{"type":"Polygon","coordinates":[[[3.60976,6.47946],[3.6082,6.48036],[3.60663,6.47946],[3.60663,6.47765],[3.60819,6.47674],[3.60976,6.47765],[3.60976,6.47946]]]}},{"type":"Feature","properties":{"minutes":21.04,"people":894,"clinic_min":27.6,"school_min":14.49,"k_clinic":5,"k_school":5,"within_15":0,"off_street":0,"ward":"Sangotedo","lga":"Eti Osa","place":"Olokonla","place_m":690},"geometry":{"type":"Polygon","coordinates":[[[3.6129,6.47945],[3.61133,6.48036],[3.60976,6.47946],[3.60976,6.47765],[3.61133,6.47674],[3.61289,6.47764],[3.6129,6.47945]]]}},{"type":"Feature","properties":{"minutes":21.59,"people":1176,"clinic_min":26.05,"school_min":17.13,"k_clinic":5,"k_school":5,"within_15":0,"off_street":0,"ward":"Sangotedo","lga":"Eti Osa","place":"Ogunlana Avenue","place_m":517},"geometry":{"type":"Polygon","coordinates":[[[3.61603,6.47945],[3.61446,6.48036],[3.6129,6.47945],[3.61289,6.47764],[3.61446,6.47674],[3.61603,6.47764],[3.61603,6.47945]]]}},{"type":"Feature","properties":{"minutes":19.36,"people":658,"clinic_min":22.29,"school_min":16.42,"k_clinic":5,"k_school":5,"within_15":0,"off_street":0,"ward":"Sangotedo","lga":"Eti Osa","place":"Ogunlana Avenue","place_m":372},"geometry":{"type":"Polygon","coordinates":[[[3.61916,6.47944],[3.6176,6.48035],[3.61603,6.47945],[3.61603,6.47764],[3.61759,6.47673],[3.61916,6.47764],[3.61916,6.47944]]]}},{"type":"Feature","properties":{"minutes":16.23,"people":666,"clinic_min":18.88,"school_min":13.58,"k_clinic":5,"k_school":5,"within_15":0,"off_street":0,"ward":"Sangotedo","lga":"Eti Osa","place":"Ogunlana Avenue","place_m":499},"geometry":{"type":"Polygon","coordinates":[[[3.62229,6.47944],[3.62073,6.48035],[3.61916,6.47944],[3.61916,6.47764],[3.62072,6.47673],[3.62229,6.47763],[3.62229,6.47944]]]}},{"type":"Feature","properties":{"minutes":16.22,"people":978,"clinic_min":16.87,"school_min":15.58,"k_clinic":5,"k_school":5,"within_15":0,"off_street":0,"ward":"Sangotedo","lga":"Eti Osa","place":"Sangotedo Lekki","place_m":448},"geometry":{"type":"Polygon","coordinates":[[[3.62543,6.47944],[3.62386,6.48034],[3.62229,6.47944],[3.62229,6.47763],[3.62386,6.47673],[3.62543,6.47763],[3.62543,6.47944]]]}},{"type":"Feature","properties":{"minutes":16.72,"people":1323,"clinic_min":15.4,"school_min":18.05,"k_clinic":5,"k_school":5,"within_15":0,"off_street":0,"ward":"Sangotedo","lga":"Eti Osa","place":"Sangotedo Lekki","place_m":378},"geometry":{"type":"Polygon","coordinates":[[[3.62856,6.47943],[3.62699,6.48034],[3.62543,6.47944],[3.62543,6.47763],[3.62699,6.47672],[3.62856,6.47762],[3.62856,6.47943]]]}},{"type":"Feature","properties":{"minutes":17.22,"people":994,"clinic_min":15.8,"school_min":18.63,"k_clinic":5,"k_school":5,"within_15":0,"off_street":0,"ward":"Sangotedo","lga":"Eti Osa","place":"Sangotedo Lekki","place_m":570},"geometry":{"type":"Polygon","coordinates":[[[3.63169,6.47943],[3.63013,6.48034],[3.62856,6.47943],[3.62856,6.47762],[3.63012,6.47672],[3.63169,6.47762],[3.63169,6.47943]]]}},{"type":"Feature","properties":{"minutes":14.04,"people":269,"clinic_min":17.64,"school_min":10.44,"k_clinic":5,"k_school":5,"within_15":1,"off_street":0,"ward":"Sangotedo","lga":"Eti Osa","place":"Okooba Eleragbe Extension","place_m":721},"geometry":{"type":"Polygon","coordinates":[[[3.63483,6.47943],[3.63326,6.48033],[3.63169,6.47943],[3.63169,6.47762],[3.63326,6.47671],[3.63482,6.47762],[3.63483,6.47943]]]}},{"type":"Feature","properties":{"minutes":13.42,"people":1202,"clinic_min":18.93,"school_min":7.91,"k_clinic":5,"k_school":5,"within_15":1,"off_street":0,"ward":"Sangotedo","lga":"Eti Osa","place":"Sangotedo","place_m":834},"geometry":{"type":"Polygon","coordinates":[[[3.63796,6.47942],[3.63639,6.48033],[3.63483,6.47943],[3.63482,6.47762],[3.63639,6.47671],[3.63796,6.47761],[3.63796,6.47942]]]}},{"type":"Feature","properties":{"minutes":16.16,"people":51,"clinic_min":21.68,"school_min":10.65,"k_clinic":5,"k_school":5,"within_15":0,"off_street":0,"ward":"Sangotedo","lga":"Eti Osa","place":"Sangotedo","place_m":936},"geometry":{"type":"Polygon","coordinates":[[[3.64109,6.47942],[3.63953,6.48032],[3.63796,6.47942],[3.63796,6.47761],[3.63952,6.47671],[3.64109,6.47761],[3.64109,6.47942]]]}},{"type":"Feature","properties":{"minutes":15.69,"people":61,"clinic_min":21.8,"school_min":9.58,"k_clinic":5,"k_school":5,"within_15":0,"off_street":1,"ward":"Sangotedo","lga":"Eti Osa","place":"Sangotedo","place_m":1139},"geometry":{"type":"Polygon","coordinates":[[[3.64422,6.47941],[3.64266,6.48032],[3.64109,6.47942],[3.64109,6.47761],[3.64265,6.4767],[3.64422,6.4776],[3.64422,6.47941]]]}},{"type":"Feature","properties":{"minutes":26.0,"people":6,"clinic_min":33.64,"school_min":18.35,"k_clinic":5,"k_school":5,"within_15":0,"off_street":0,"ward":"Sangotedo","lga":"Eti Osa","place":"Sangotedo","place_m":1267},"geometry":{"type":"Polygon","coordinates":[[[3.64736,6.47941],[3.64579,6.48032],[3.64422,6.47941],[3.64422,6.4776],[3.64579,6.4767],[3.64735,6.4776],[3.64736,6.47941]]]}},{"type":"Feature","properties":{"minutes":30.81,"people":246,"clinic_min":39.49,"school_min":22.13,"k_clinic":5,"k_school":5,"within_15":0,"off_street":1,"ward":"Sangotedo","lga":"Eti Osa","place":"Sangotedo","place_m":961},"geometry":{"type":"Polygon","coordinates":[[[3.65049,6.47941],[3.64892,6.48031],[3.64736,6.47941],[3.64735,6.4776],[3.64892,6.47669],[3.65049,6.4776],[3.65049,6.47941]]]}},{"type":"Feature","properties":{"minutes":27.18,"people":305,"clinic_min":38.81,"school_min":15.56,"k_clinic":5,"k_school":5,"within_15":0,"off_street":0,"ward":"Sangotedo","lga":"Eti Osa","place":"Sangotedo","place_m":694},"geometry":{"type":"Polygon","coordinates":[[[3.65362,6.4794],[3.65206,6.48031],[3.65049,6.47941],[3.65049,6.4776],[3.65205,6.47669],[3.65362,6.47759],[3.65362,6.4794]]]}},{"type":"Feature","properties":{"minutes":26.93,"people":828,"clinic_min":40.31,"school_min":13.56,"k_clinic":5,"k_school":5,"within_15":0,"off_street":0,"ward":"Sangotedo","lga":"Eti Osa","place":"Sangotedo","place_m":528},"geometry":{"type":"Polygon","coordinates":[[[3.65676,6.4794],[3.65519,6.4803],[3.65362,6.4794],[3.65362,6.47759],[3.65519,6.47669],[3.65675,6.47759],[3.65676,6.4794]]]}},{"type":"Feature","properties":{"minutes":30.86,"people":1267,"clinic_min":45.71,"school_min":16.01,"k_clinic":5,"k_school":5,"within_15":0,"off_street":0,"ward":"Sangotedo","lga":"Eti Osa","place":"Sangotedo","place_m":563},"geometry":{"type":"Polygon","coordinates":[[[3.65989,6.47939],[3.65832,6.4803],[3.65676,6.4794],[3.65675,6.47759],[3.65832,6.47668],[3.65989,6.47758],[3.65989,6.47939]]]}},{"type":"Feature","properties":{"minutes":34.44,"people":392,"clinic_min":48.45,"school_min":20.44,"k_clinic":5,"k_school":5,"within_15":0,"off_street":0,"ward":"Sangotedo","lga":"Eti Osa","place":"Sangotedo","place_m":771},"geometry":{"type":"Polygon","coordinates":[[[3.66302,6.47939],[3.66146,6.4803],[3.65989,6.47939],[3.65989,6.47758],[3.66145,6.47668],[3.66302,6.47758],[3.66302,6.47939]]]}},{"type":"Feature","properties":{"minutes":31.82,"people":27,"clinic_min":45.83,"school_min":17.81,"k_clinic":5,"k_school":5,"within_15":0,"off_street":0,"ward":"Sangotedo","lga":"Eti Osa","place":"Sangotedo","place_m":1055},"geometry":{"type":"Polygon","coordinates":[[[3.66615,6.47939],[3.66459,6.48029],[3.66302,6.47939],[3.66302,6.47758],[3.66458,6.47667],[3.66615,6.47758],[3.66615,6.47939]]]}},{"type":"Feature","properties":{"minutes":46.81,"people":17,"clinic_min":60.17,"school_min":33.46,"k_clinic":5,"k_school":5,"within_15":0,"off_street":1,"ward":"Sangotedo","lga":"Eti Osa","place":"Amity Estate","place_m":1167},"geometry":{"type":"Polygon","coordinates":[[[3.67242,6.47938],[3.67085,6.48028],[3.66929,6.47938],[3.66928,6.47757],[3.67085,6.47667],[3.67242,6.47757],[3.67242,6.47938]]]}},{"type":"Feature","properties":{"minutes":7.63,"people":664,"clinic_min":10.71,"school_min":4.54,"k_clinic":5,"k_school":5,"within_15":1,"off_street":0,"ward":"Irone","lga":"Surulere","place":"Aguda","place_m":436},"geometry":{"type":"Polygon","coordinates":[[[3.32937,6.48243],[3.32781,6.48334],[3.32624,6.48243],[3.32624,6.48062],[3.3278,6.47972],[3.32937,6.48062],[3.32937,6.48243]]]}},{"type":"Feature","properties":{"minutes":7.35,"people":960,"clinic_min":8.48,"school_min":6.21,"k_clinic":5,"k_school":5,"within_15":1,"off_street":0,"ward":"Irone","lga":"Surulere","place":"Aguda","place_m":287},"geometry":{"type":"Polygon","coordinates":[[[3.33251,6.48243],[3.33094,6.48333],[3.32937,6.48243],[3.32937,6.48062],[3.33094,6.47971],[3.3325,6.48062],[3.33251,6.48243]]]}},{"type":"Feature","properties":{"minutes":5.45,"people":1488,"clinic_min":6.98,"school_min":3.91,"k_clinic":5,"k_school":5,"within_15":1,"off_street":0,"ward":"Osho","lga":"Surulere","place":"Orile","place_m":240},"geometry":{"type":"Polygon","coordinates":[[[3.33564,6.48243],[3.33407,6.48333],[3.33251,6.48243],[3.3325,6.48062],[3.33407,6.47971],[3.33564,6.48062],[3.33564,6.48243]]]}},{"type":"Feature","properties":{"minutes":5.33,"people":1967,"clinic_min":7.29,"school_min":3.37,"k_clinic":5,"k_school":5,"within_15":1,"off_street":0,"ward":"Osho","lga":"Surulere","place":"Bale","place_m":431},"geometry":{"type":"Polygon","coordinates":[[[3.33877,6.48242],[3.33721,6.48333],[3.33564,6.48243],[3.33564,6.48062],[3.3372,6.47971],[3.33877,6.48061],[3.33877,6.48242]]]}},{"type":"Feature","properties":{"minutes":4.3,"people":2605,"clinic_min":4.69,"school_min":3.92,"k_clinic":5,"k_school":5,"within_15":1,"off_street":0,"ward":"Osho","lga":"Surulere","place":"Bale","place_m":493},"geometry":{"type":"Polygon","coordinates":[[[3.3419,6.48242],[3.34034,6.48333],[3.33877,6.48242],[3.33877,6.48061],[3.34034,6.47971],[3.3419,6.48061],[3.3419,6.48242]]]}},{"type":"Feature","properties":{"minutes":3.69,"people":1886,"clinic_min":3.16,"school_min":4.23,"k_clinic":5,"k_school":5,"within_15":1,"off_street":0,"ward":"Osho","lga":"Surulere","place":"Orile Iganmu","place_m":519},"geometry":{"type":"Polygon","coordinates":[[[3.34504,6.48242],[3.34347,6.48332],[3.3419,6.48242],[3.3419,6.48061],[3.34347,6.47971],[3.34504,6.48061],[3.34504,6.48242]]]}},{"type":"Feature","properties":{"minutes":5.43,"people":2024,"clinic_min":3.92,"school_min":6.94,"k_clinic":5,"k_school":5,"within_15":1,"off_street":0,"ward":"Savage","lga":"Surulere","place":"Orile Iganmu","place_m":301},"geometry":{"type":"Polygon","coordinates":[[[3.34817,6.48242],[3.3466,6.48332],[3.34504,6.48242],[3.34504,6.48061],[3.3466,6.4797],[3.34817,6.48061],[3.34817,6.48242]]]}},{"type":"Feature","properties":{"minutes":9.74,"people":948,"clinic_min":8.92,"school_min":10.55,"k_clinic":5,"k_school":5,"within_15":1,"off_street":0,"ward":"Iponri\u2013Eric Moore","lga":"Surulere","place":"Animshaun","place_m":206},"geometry":{"type":"Polygon","coordinates":[[[3.3513,6.48241],[3.34974,6.48332],[3.34817,6.48242],[3.34817,6.48061],[3.34974,6.4797],[3.3513,6.48061],[3.3513,6.48241]]]}},{"type":"Feature","properties":{"minutes":11.42,"people":706,"clinic_min":12.29,"school_min":10.54,"k_clinic":5,"k_school":5,"within_15":1,"off_street":0,"ward":"Iponri\u2013Eric Moore","lga":"Surulere","place":"Alaka","place_m":252},"geometry":{"type":"Polygon","coordinates":[[[3.35444,6.48241],[3.35287,6.48332],[3.3513,6.48241],[3.3513,6.48061],[3.35287,6.4797],[3.35444,6.4806],[3.35444,6.48241]]]}},{"type":"Feature","properties":{"minutes":11.49,"people":567,"clinic_min":12.33,"school_min":10.64,"k_clinic":5,"k_school":5,"within_15":1,"off_street":0,"ward":"Iponri\u2013Eric Moore","lga":"Surulere","place":"Alaka","place_m":414},"geometry":{"type":"Polygon","coordinates":[[[3.35757,6.48241],[3.356,6.48332],[3.35444,6.48241],[3.35444,6.4806],[3.356,6.4797],[3.35757,6.4806],[3.35757,6.48241]]]}},{"type":"Feature","properties":{"minutes":10.03,"people":515,"clinic_min":10.52,"school_min":9.53,"k_clinic":5,"k_school":5,"within_15":1,"off_street":0,"ward":"Iponri\u2013Eric Moore","lga":"Surulere","place":"Alaka","place_m":721},"geometry":{"type":"Polygon","coordinates":[[[3.3607,6.48241],[3.35914,6.48331],[3.35757,6.48241],[3.35757,6.4806],[3.35913,6.4797],[3.3607,6.4806],[3.3607,6.48241]]]}},{"type":"Feature","properties":{"minutes":12.14,"people":417,"clinic_min":11.35,"school_min":12.93,"k_clinic":5,"k_school":5,"within_15":1,"off_street":0,"ward":"Iponri\u2013Eric Moore","lga":"Surulere","place":"Iponri Community","place_m":708},"geometry":{"type":"Polygon","coordinates":[[[3.36384,6.48241],[3.36227,6.48331],[3.3607,6.48241],[3.3607,6.4806],[3.36227,6.47969],[3.36383,6.4806],[3.36384,6.48241]]]}},{"type":"Feature","properties":{"minutes":10.44,"people":256,"clinic_min":10.49,"school_min":10.39,"k_clinic":5,"k_school":5,"within_15":1,"off_street":0,"ward":"Iponri\u2013Eric Moore","lga":"Surulere","place":"Iponri Community","place_m":528},"geometry":{"type":"Polygon","coordinates":[[[3.36697,6.4824],[3.3654,6.48331],[3.36384,6.48241],[3.36383,6.4806],[3.3654,6.47969],[3.36697,6.48059],[3.36697,6.4824]]]}},{"type":"Feature","properties":{"minutes":6.18,"people":317,"clinic_min":7.15,"school_min":5.21,"k_clinic":5,"k_school":5,"within_15":1,"off_street":0,"ward":"Iponri\u2013Eric Moore","lga":"Surulere","place":"Ijero Lane","place_m":279},"geometry":{"type":"Polygon","coordinates":[[[3.3701,6.4824],[3.36854,6.48331],[3.36697,6.4824],[3.36697,6.48059],[3.36853,6.47969],[3.3701,6.48059],[3.3701,6.4824]]]}},{"type":"Feature","properties":{"minutes":2.56,"people":1889,"clinic_min":3.23,"school_min":1.89,"k_clinic":5,"k_school":5,"within_15":1,"off_street":0,"ward":"Botanical Garden","lga":"Lagos Mainland","place":"Ijero Lane","place_m":141},"geometry":{"type":"Polygon","coordinates":[[[3.37323,6.4824],[3.37167,6.4833],[3.3701,6.4824],[3.3701,6.48059],[3.37167,6.47969],[3.37323,6.48059],[3.37323,6.4824]]]}},{"type":"Feature","properties":{"minutes":2.2,"people":1888,"clinic_min":2.78,"school_min":1.61,"k_clinic":5,"k_school":5,"within_15":1,"off_street":0,"ward":"Botanical Garden","lga":"Lagos Mainland","place":"Ebute Metta","place_m":17},"geometry":{"type":"Polygon","coordinates":[[[3.37637,6.4824],[3.3748,6.4833],[3.37323,6.4824],[3.37323,6.48059],[3.3748,6.47968],[3.37637,6.48059],[3.37637,6.4824]]]}},{"type":"Feature","properties":{"minutes":2.05,"people":1618,"clinic_min":1.25,"school_min":2.85,"k_clinic":5,"k_school":5,"within_15":1,"off_street":0,"ward":"Botanical Garden","lga":"Lagos Mainland","place":"Thomas","place_m":185},"geometry":{"type":"Polygon","coordinates":[[[3.3795,6.48239],[3.37793,6.4833],[3.37637,6.4824],[3.37637,6.48059],[3.37793,6.47968],[3.3795,6.48059],[3.3795,6.48239]]]}},{"type":"Feature","properties":{"minutes":3.15,"people":1170,"clinic_min":3.62,"school_min":2.68,"k_clinic":5,"k_school":5,"within_15":1,"off_street":0,"ward":"Botanical Garden","lga":"Lagos Mainland","place":"Thomas","place_m":435},"geometry":{"type":"Polygon","coordinates":[[[3.38263,6.48239],[3.38107,6.4833],[3.3795,6.48239],[3.3795,6.48059],[3.38106,6.47968],[3.38263,6.48058],[3.38263,6.48239]]]}},{"type":"Feature","properties":{"minutes":3.73,"people":1116,"clinic_min":4.66,"school_min":2.8,"k_clinic":5,"k_school":5,"within_15":1,"off_street":0,"ward":"Oyingbo","lga":"Lagos Mainland","place":"Redemption Way","place_m":364},"geometry":{"type":"Polygon","coordinates":[[[3.38577,6.48239],[3.3842,6.4833],[3.38263,6.48239],[3.38263,6.48058],[3.3842,6.47968],[3.38576,6.48058],[3.38577,6.48239]]]}},{"type":"Feature","properties":{"minutes":3.19,"people":1900,"clinic_min":4.43,"school_min":1.96,"k_clinic":5,"k_school":5,"within_15":1,"off_street":0,"ward":"Oyingbo","lga":"Lagos Mainland","place":"Redemption Way","place_m":43},"geometry":{"type":"Polygon","coordinates":[[[3.3889,6.48239],[3.38733,6.48329],[3.38577,6.48239],[3.38576,6.48058],[3.38733,6.47967],[3.3889,6.48058],[3.3889,6.48239]]]}},{"type":"Feature","properties":{"minutes":5.63,"people":1949,"clinic_min":7.58,"school_min":3.68,"k_clinic":5,"k_school":5,"within_15":1,"off_street":0,"ward":"Araromi","lga":"Lagos Mainland","place":"Araromi","place_m":78},"geometry":{"type":"Polygon","coordinates":[[[3.39203,6.48238],[3.39047,6.48329],[3.3889,6.48239],[3.3889,6.48058],[3.39046,6.47967],[3.39203,6.48058],[3.39203,6.48238]]]}},{"type":"Feature","properties":{"minutes":14.05,"people":926,"clinic_min":15.51,"school_min":12.59,"k_clinic":5,"k_school":5,"within_15":1,"off_street":0,"ward":"Ajah","lga":"Eti Osa","place":"Ajah","place_m":421},"geometry":{"type":"Polygon","coordinates":[[[3.57374,6.48221],[3.57217,6.48312],[3.57061,6.48222],[3.5706,6.48041],[3.57217,6.4795],[3.57374,6.4804],[3.57374,6.48221]]]}},{"type":"Feature","properties":{"minutes":17.69,"people":746,"clinic_min":19.3,"school_min":16.08,"k_clinic":5,"k_school":5,"within_15":0,"off_street":0,"ward":"Ajah","lga":"Eti Osa","place":"Ajah","place_m":666},"geometry":{"type":"Polygon","coordinates":[[[3.57687,6.48221],[3.57531,6.48311],[3.57374,6.48221],[3.57374,6.4804],[3.5753,6.4795],[3.57687,6.4804],[3.57687,6.48221]]]}},{"type":"Feature","properties":{"minutes":18.99,"people":627,"clinic_min":22.53,"school_min":15.44,"k_clinic":5,"k_school":5,"within_15":0,"off_street":0,"ward":"Ajah","lga":"Eti Osa","place":"Oke Ira","place_m":746},"geometry":{"type":"Polygon","coordinates":[[[3.58,6.4822],[3.57844,6.48311],[3.57687,6.48221],[3.57687,6.4804],[3.57844,6.47949],[3.58,6.4804],[3.58,6.4822]]]}},{"type":"Feature","properties":{"minutes":15.66,"people":740,"clinic_min":18.76,"school_min":12.56,"k_clinic":5,"k_school":5,"within_15":0,"off_street":0,"ward":"Ajah","lga":"Eti Osa","place":"Akins","place_m":447},"geometry":{"type":"Polygon","coordinates":[[[3.58314,6.4822],[3.58157,6.48311],[3.58,6.4822],[3.58,6.4804],[3.58157,6.47949],[3.58314,6.48039],[3.58314,6.4822]]]}},{"type":"Feature","properties":{"minutes":16.85,"people":173,"clinic_min":20.15,"school_min":13.55,"k_clinic":5,"k_school":5,"within_15":0,"off_street":0,"ward":"Sangotedo","lga":"Eti Osa","place":"Akins","place_m":271},"geometry":{"type":"Polygon","coordinates":[[[3.58627,6.4822],[3.5847,6.4831],[3.58314,6.4822],[3.58314,6.48039],[3.5847,6.47949],[3.58627,6.48039],[3.58627,6.4822]]]}},{"type":"Feature","properties":{"minutes":18.78,"people":54,"clinic_min":16.86,"school_min":20.71,"k_clinic":5,"k_school":5,"within_15":0,"off_street":0,"ward":"Sangotedo","lga":"Eti Osa","place":"Akins","place_m":433},"geometry":{"type":"Polygon","coordinates":[[[3.5894,6.48219],[3.58784,6.4831],[3.58627,6.4822],[3.58627,6.48039],[3.58783,6.47948],[3.5894,6.48038],[3.5894,6.48219]]]}},{"type":"Feature","properties":{"minutes":21.61,"people":378,"clinic_min":19.54,"school_min":23.67,"k_clinic":5,"k_school":5,"within_15":0,"off_street":0,"ward":"Sangotedo","lga":"Eti Osa","place":"Akins","place_m":735},"geometry":{"type":"Polygon","coordinates":[[[3.59254,6.48219],[3.59097,6.4831],[3.5894,6.48219],[3.5894,6.48038],[3.59097,6.47948],[3.59253,6.48038],[3.59254,6.48219]]]}},{"type":"Feature","properties":{"minutes":23.7,"people":94,"clinic_min":28.91,"school_min":18.5,"k_clinic":5,"k_school":5,"within_15":0,"off_street":0,"ward":"Sangotedo","lga":"Eti Osa","place":"Akins","place_m":1065},"geometry":{"type":"Polygon","coordinates":[[[3.59567,6.48219],[3.5941,6.48309],[3.59254,6.48219],[3.59253,6.48038],[3.5941,6.47947],[3.59567,6.48038],[3.59567,6.48219]]]}},{"type":"Feature","properties":{"minutes":31.58,"people":56,"clinic_min":36.46,"school_min":26.71,"k_clinic":5,"k_school":5,"within_15":0,"off_street":0,"ward":"Sangotedo","lga":"Eti Osa","place":"Olokonla","place_m":1220},"geometry":{"type":"Polygon","coordinates":[[[3.5988,6.48218],[3.59724,6.48309],[3.59567,6.48219],[3.59567,6.48038],[3.59723,6.47947],[3.5988,6.48037],[3.5988,6.48218]]]}},{"type":"Feature","properties":{"minutes":28.11,"people":26,"clinic_min":32.99,"school_min":23.24,"k_clinic":5,"k_school":5,"within_15":0,"off_street":0,"ward":"Sangotedo","lga":"Eti Osa","place":"Olokonla","place_m":958},"geometry":{"type":"Polygon","coordinates":[[[3.60193,6.48218],[3.60037,6.48309],[3.5988,6.48218],[3.5988,6.48037],[3.60036,6.47947],[3.60193,6.48037],[3.60193,6.48218]]]}},{"type":"Feature","properties":{"minutes":26.7,"people":70,"clinic_min":31.57,"school_min":21.82,"k_clinic":5,"k_school":5,"within_15":0,"off_street":0,"ward":"Sangotedo","lga":"Eti Osa","place":"Olokonla","place_m":765},"geometry":{"type":"Polygon","coordinates":[[[3.60507,6.48218],[3.6035,6.48308],[3.60193,6.48218],[3.60193,6.48037],[3.6035,6.47946],[3.60507,6.48037],[3.60507,6.48218]]]}},{"type":"Feature","properties":{"minutes":30.39,"people":354,"clinic_min":36.29,"school_min":24.49,"k_clinic":5,"k_school":5,"within_15":0,"off_street":0,"ward":"Sangotedo","lga":"Eti Osa","place":"Baale Place","place_m":666},"geometry":{"type":"Polygon","coordinates":[[[3.6082,6.48217],[3.60663,6.48308],[3.60507,6.48218],[3.60507,6.48037],[3.60663,6.47946],[3.6082,6.48036],[3.6082,6.48217]]]}},{"type":"Feature","properties":{"minutes":32.36,"people":299,"clinic_min":39.98,"school_min":24.74,"k_clinic":5,"k_school":5,"within_15":0,"off_street":0,"ward":"Sangotedo","lga":"Eti Osa","place":"Baale Place","place_m":644},"geometry":{"type":"Polygon","coordinates":[[[3.61133,6.48217],[3.60977,6.48307],[3.6082,6.48217],[3.6082,6.48036],[3.60976,6.47946],[3.61133,6.48036],[3.61133,6.48217]]]}},{"type":"Feature","properties":{"minutes":23.76,"people":482,"clinic_min":30.32,"school_min":17.2,"k_clinic":5,"k_school":5,"within_15":0,"off_street":0,"ward":"Sangotedo","lga":"Eti Osa","place":"Baale Place","place_m":791},"geometry":{"type":"Polygon","coordinates":[[[3.61447,6.48216],[3.6129,6.48307],[3.61133,6.48217],[3.61133,6.48036],[3.6129,6.47945],[3.61446,6.48036],[3.61447,6.48216]]]}},{"type":"Feature","properties":{"minutes":23.37,"people":428,"clinic_min":27.18,"school_min":19.56,"k_clinic":5,"k_school":5,"within_15":0,"off_street":0,"ward":"Sangotedo","lga":"Eti Osa","place":"Ogunlana Avenue","place_m":697},"geometry":{"type":"Polygon","coordinates":[[[3.6176,6.48216],[3.61603,6.48307],[3.61447,6.48216],[3.61446,6.48036],[3.61603,6.47945],[3.6176,6.48035],[3.6176,6.48216]]]}},{"type":"Feature","properties":{"minutes":20.49,"people":143,"clinic_min":23.42,"school_min":17.55,"k_clinic":5,"k_school":5,"within_15":0,"off_street":0,"ward":"Sangotedo","lga":"Eti Osa","place":"Ogunlana Avenue","place_m":690},"geometry":{"type":"Polygon","coordinates":[[[3.62073,6.48216],[3.61917,6.48306],[3.6176,6.48216],[3.6176,6.48035],[3.61916,6.47944],[3.62073,6.48035],[3.62073,6.48216]]]}},{"type":"Feature","properties":{"minutes":19.63,"people":286,"clinic_min":22.28,"school_min":16.98,"k_clinic":5,"k_school":5,"within_15":0,"off_street":0,"ward":"Sangotedo","lga":"Eti Osa","place":"Sangotedo Lekki","place_m":794},"geometry":{"type":"Polygon","coordinates":[[[3.62386,6.48215],[3.6223,6.48306],[3.62073,6.48216],[3.62073,6.48035],[3.62229,6.47944],[3.62386,6.48034],[3.62386,6.48215]]]}},{"type":"Feature","properties":{"minutes":19.91,"people":246,"clinic_min":19.32,"school_min":20.5,"k_clinic":5,"k_school":5,"within_15":0,"off_street":0,"ward":"Sangotedo","lga":"Eti Osa","place":"Sangotedo Lekki","place_m":672},"geometry":{"type":"Polygon","coordinates":[[[3.627,6.48215],[3.62543,6.48306],[3.62386,6.48215],[3.62386,6.48034],[3.62543,6.47944],[3.62699,6.48034],[3.627,6.48215]]]}},{"type":"Feature","properties":{"minutes":21.31,"people":370,"clinic_min":19.81,"school_min":22.82,"k_clinic":5,"k_school":5,"within_15":0,"off_street":0,"ward":"Sangotedo","lga":"Eti Osa","place":"Sangotedo Lekki","place_m":717},"geometry":{"type":"Polygon","coordinates":[[[3.63013,6.48215],[3.62856,6.48305],[3.627,6.48215],[3.62699,6.48034],[3.62856,6.47943],[3.63013,6.48034],[3.63013,6.48215]]]}},{"type":"Feature","properties":{"minutes":15.26,"people":60,"clinic_min":18.86,"school_min":11.66,"k_clinic":5,"k_school":5,"within_15":0,"off_street":0,"ward":"Sangotedo","lga":"Eti Osa","place":"Sangotedo Lekki","place_m":903},"geometry":{"type":"Polygon","coordinates":[[[3.63326,6.48214],[3.6317,6.48305],[3.63013,6.48215],[3.63013,6.48034],[3.63169,6.47943],[3.63326,6.48033],[3.63326,6.48214]]]}},{"type":"Feature","properties":{"minutes":14.23,"people":124,"clinic_min":17.83,"school_min":10.62,"k_clinic":5,"k_school":5,"within_15":1,"off_street":0,"ward":"Sangotedo","lga":"Eti Osa","place":"Okooba Eleragbe Extension","place_m":1053},"geometry":{"type":"Polygon","coordinates":[[[3.6364,6.48214],[3.63483,6.48304],[3.63326,6.48214],[3.63326,6.48033],[3.63483,6.47943],[3.63639,6.48033],[3.6364,6.48214]]]}},{"type":"Feature","properties":{"minutes":14.88,"people":174,"clinic_min":20.39,"school_min":9.37,"k_clinic":5,"k_school":5,"within_15":1,"off_street":0,"ward":"Sangotedo","lga":"Eti Osa","place":"Sangotedo","place_m":1159},"geometry":{"type":"Polygon","coordinates":[[[3.63953,6.48213],[3.63796,6.48304],[3.6364,6.48214],[3.63639,6.48033],[3.63796,6.47942],[3.63953,6.48032],[3.63953,6.48213]]]}},{"type":"Feature","properties":{"minutes":35.13,"people":11,"clinic_min":38.9,"school_min":31.35,"k_clinic":5,"k_school":5,"within_15":0,"off_street":1,"ward":"Sangotedo","lga":"Eti Osa","place":"Sangotedo","place_m":1478},"geometry":{"type":"Polygon","coordinates":[[[3.64579,6.48213],[3.64423,6.48303],[3.64266,6.48213],[3.64266,6.48032],[3.64422,6.47941],[3.64579,6.48032],[3.64579,6.48213]]]}},{"type":"Feature","properties":{"minutes":35.13,"people":6,"clinic_min":38.9,"school_min":31.35,"k_clinic":5,"k_school":5,"within_15":0,"off_street":0,"ward":"Sangotedo","lga":"Eti Osa","place":"Sangotedo","place_m":1278},"geometry":{"type":"Polygon","coordinates":[[[3.64893,6.48212],[3.64736,6.48303],[3.64579,6.48213],[3.64579,6.48032],[3.64736,6.47941],[3.64892,6.48031],[3.64893,6.48212]]]}},{"type":"Feature","properties":{"minutes":32.89,"people":11,"clinic_min":43.72,"school_min":22.06,"k_clinic":5,"k_school":5,"within_15":0,"off_street":0,"ward":"Sangotedo","lga":"Eti Osa","place":"Sangotedo","place_m":1035},"geometry":{"type":"Polygon","coordinates":[[[3.65206,6.48212],[3.65049,6.48302],[3.64893,6.48212],[3.64892,6.48031],[3.65049,6.47941],[3.65206,6.48031],[3.65206,6.48212]]]}},{"type":"Feature","properties":{"minutes":27.86,"people":28,"clinic_min":40.88,"school_min":14.84,"k_clinic":5,"k_school":5,"within_15":0,"off_street":0,"ward":"Sangotedo","lga":"Eti Osa","place":"Sangotedo","place_m":866},"geometry":{"type":"Polygon","coordinates":[[[3.65519,6.48211],[3.65363,6.48302],[3.65206,6.48212],[3.65206,6.48031],[3.65362,6.4794],[3.65519,6.4803],[3.65519,6.48211]]]}},{"type":"Feature","properties":{"minutes":33.38,"people":155,"clinic_min":48.23,"school_min":18.53,"k_clinic":5,"k_school":5,"within_15":0,"off_street":0,"ward":"Sangotedo","lga":"Eti Osa","place":"Sangotedo","place_m":817},"geometry":{"type":"Polygon","coordinates":[[[3.65833,6.48211],[3.65676,6.48302],[3.65519,6.48211],[3.65519,6.4803],[3.65676,6.4794],[3.65832,6.4803],[3.65833,6.48211]]]}},{"type":"Feature","properties":{"minutes":34.92,"people":324,"clinic_min":49.77,"school_min":20.07,"k_clinic":5,"k_school":5,"within_15":0,"off_street":0,"ward":"Sangotedo","lga":"Eti Osa","place":"Sangotedo","place_m":908},"geometry":{"type":"Polygon","coordinates":[[[3.66146,6.48211],[3.65989,6.48301],[3.65833,6.48211],[3.65832,6.4803],[3.65989,6.47939],[3.66146,6.4803],[3.66146,6.48211]]]}},{"type":"Feature","properties":{"minutes":34.12,"people":17,"clinic_min":48.97,"school_min":19.27,"k_clinic":5,"k_school":5,"within_15":0,"off_street":1,"ward":"Sangotedo","lga":"Eti Osa","place":"Sangotedo","place_m":1106},"geometry":{"type":"Polygon","coordinates":[[[3.66459,6.4821],[3.66303,6.48301],[3.66146,6.48211],[3.66146,6.4803],[3.66302,6.47939],[3.66459,6.48029],[3.66459,6.4821]]]}},{"type":"Feature","properties":{"minutes":4.21,"people":1437,"clinic_min":7.24,"school_min":1.18,"k_clinic":5,"k_school":5,"within_15":1,"off_street":0,"ward":"Irone","lga":"Surulere","place":"Aguda","place_m":156},"geometry":{"type":"Polygon","coordinates":[[[3.33094,6.48514],[3.32938,6.48605],[3.32781,6.48514],[3.32781,6.48334],[3.32937,6.48243],[3.33094,6.48333],[3.33094,6.48514]]]}},{"type":"Feature","properties":{"minutes":7.61,"people":1637,"clinic_min":9.81,"school_min":5.4,"k_clinic":5,"k_school":5,"within_15":1,"off_street":0,"ward":"Irone","lga":"Surulere","place":"Aguda","place_m":192},"geometry":{"type":"Polygon","coordinates":[[[3.33407,6.48514],[3.33251,6.48605],[3.33094,6.48514],[3.33094,6.48333],[3.33251,6.48243],[3.33407,6.48333],[3.33407,6.48514]]]}},{"type":"Feature","properties":{"minutes":6.2,"people":1460,"clinic_min":9.3,"school_min":3.09,"k_clinic":5,"k_school":5,"within_15":1,"off_street":0,"ward":"Jinadu Aiyetoro","lga":"Surulere","place":"Coker","place_m":370},"geometry":{"type":"Polygon","coordinates":[[[3.33721,6.48514],[3.33564,6.48604],[3.33407,6.48514],[3.33407,6.48333],[3.33564,6.48243],[3.33721,6.48333],[3.33721,6.48514]]]}},{"type":"Feature","properties":{"minutes":7.27,"people":1145,"clinic_min":10.28,"school_min":4.25,"k_clinic":5,"k_school":5,"within_15":1,"off_street":0,"ward":"Jinadu Aiyetoro","lga":"Surulere","place":"Coker","place_m":348},"geometry":{"type":"Polygon","coordinates":[[[3.34034,6.48514],[3.33877,6.48604],[3.33721,6.48514],[3.33721,6.48333],[3.33877,6.48242],[3.34034,6.48333],[3.34034,6.48514]]]}},{"type":"Feature","properties":{"minutes":6.84,"people":1976,"clinic_min":6.8,"school_min":6.89,"k_clinic":5,"k_school":5,"within_15":1,"off_street":0,"ward":"Osho","lga":"Surulere","place":"Coker","place_m":587},"geometry":{"type":"Polygon","coordinates":[[[3.34347,6.48513],[3.34191,6.48604],[3.34034,6.48514],[3.34034,6.48333],[3.3419,6.48242],[3.34347,6.48332],[3.34347,6.48513]]]}},{"type":"Feature","properties":{"minutes":7.37,"people":2206,"clinic_min":7.78,"school_min":6.96,"k_clinic":5,"k_school":5,"within_15":1,"off_street":0,"ward":"Savage","lga":"Surulere","place":"Babs Animashaun","place_m":479},"geometry":{"type":"Polygon","coordinates":[[[3.34661,6.48513],[3.34504,6.48604],[3.34347,6.48513],[3.34347,6.48332],[3.34504,6.48242],[3.3466,6.48332],[3.34661,6.48513]]]}},{"type":"Feature","properties":{"minutes":7.88,"people":1583,"clinic_min":8.07,"school_min":7.69,"k_clinic":5,"k_school":5,"within_15":1,"off_street":0,"ward":"Savage","lga":"Surulere","place":"Animshaun","place_m":231},"geometry":{"type":"Polygon","coordinates":[[[3.34974,6.48513],[3.34817,6.48604],[3.34661,6.48513],[3.3466,6.48332],[3.34817,6.48242],[3.34974,6.48332],[3.34974,6.48513]]]}},{"type":"Feature","properties":{"minutes":6.61,"people":841,"clinic_min":8.21,"school_min":5.01,"k_clinic":5,"k_school":5,"within_15":1,"off_street":0,"ward":"Iponri\u2013Eric Moore","lga":"Surulere","place":"Animshaun","place_m":168},"geometry":{"type":"Polygon","coordinates":[[[3.35287,6.48513],[3.35131,6.48603],[3.34974,6.48513],[3.34974,6.48332],[3.3513,6.48241],[3.35287,6.48332],[3.35287,6.48513]]]}},{"type":"Feature","properties":{"minutes":7.76,"people":924,"clinic_min":9.86,"school_min":5.67,"k_clinic":5,"k_school":5,"within_15":1,"off_street":0,"ward":"Iponri\u2013Eric Moore","lga":"Surulere","place":"Alaka","place_m":163},"geometry":{"type":"Polygon","coordinates":[[[3.356,6.48513],[3.35444,6.48603],[3.35287,6.48513],[3.35287,6.48332],[3.35444,6.48241],[3.356,6.48332],[3.356,6.48513]]]}},{"type":"Feature","properties":{"minutes":6.4,"people":748,"clinic_min":7.72,"school_min":5.09,"k_clinic":5,"k_school":5,"within_15":1,"off_street":0,"ward":"Iponri\u2013Eric Moore","lga":"Surulere","place":"Alaka","place_m":505},"geometry":{"type":"Polygon","coordinates":[[[3.35914,6.48512],[3.35757,6.48603],[3.356,6.48513],[3.356,6.48332],[3.35757,6.48241],[3.35914,6.48331],[3.35914,6.48512]]]}},{"type":"Feature","properties":{"minutes":8.65,"people":641,"clinic_min":10.41,"school_min":6.88,"k_clinic":5,"k_school":5,"within_15":1,"off_street":0,"ward":"Iponri\u2013Eric Moore","lga":"Surulere","place":"Iponri Community","place_m":699},"geometry":{"type":"Polygon","coordinates":[[[3.36227,6.48512],[3.3607,6.48603],[3.35914,6.48512],[3.35914,6.48331],[3.3607,6.48241],[3.36227,6.48331],[3.36227,6.48512]]]}},{"type":"Feature","properties":{"minutes":8.7,"people":1242,"clinic_min":10.3,"school_min":7.1,"k_clinic":5,"k_school":5,"within_15":1,"off_street":0,"ward":"Iponri\u2013Eric Moore","lga":"Surulere","place":"Iponri Community","place_m":382},"geometry":{"type":"Polygon","coordinates":[[[3.3654,6.48512],[3.36384,6.48602],[3.36227,6.48512],[3.36227,6.48331],[3.36384,6.48241],[3.3654,6.48331],[3.3654,6.48512]]]}},{"type":"Feature","properties":{"minutes":6.51,"people":453,"clinic_min":7.98,"school_min":5.03,"k_clinic":5,"k_school":5,"within_15":1,"off_street":0,"ward":"Iponri\u2013Eric Moore","lga":"Surulere","place":"Iponri Community","place_m":209},"geometry":{"type":"Polygon","coordinates":[[[3.36854,6.48512],[3.36697,6.48602],[3.3654,6.48512],[3.3654,6.48331],[3.36697,6.4824],[3.36854,6.48331],[3.36854,6.48512]]]}},{"type":"Feature","properties":{"minutes":4.98,"people":1109,"clinic_min":5.35,"school_min":4.61,"k_clinic":5,"k_school":5,"within_15":1,"off_street":0,"ward":"Aloba\u2013Desalu","lga":"Lagos Mainland","place":"Ijero","place_m":94},"geometry":{"type":"Polygon","coordinates":[[[3.37167,6.48511],[3.3701,6.48602],[3.36854,6.48512],[3.36854,6.48331],[3.3701,6.4824],[3.37167,6.4833],[3.37167,6.48511]]]}},{"type":"Feature","properties":{"minutes":3.87,"people":1838,"clinic_min":4.95,"school_min":2.79,"k_clinic":5,"k_school":5,"within_15":1,"off_street":0,"ward":"Aloba\u2013Desalu","lga":"Lagos Mainland","place":"Progressive Estate","place_m":223},"geometry":{"type":"Polygon","coordinates":[[[3.3748,6.48511],[3.37324,6.48602],[3.37167,6.48511],[3.37167,6.4833],[3.37323,6.4824],[3.3748,6.4833],[3.3748,6.48511]]]}},{"type":"Feature","properties":{"minutes":4.35,"people":1673,"clinic_min":4.18,"school_min":4.52,"k_clinic":5,"k_school":5,"within_15":1,"off_street":0,"ward":"Ojo-Oniyun","lga":"Lagos Mainland","place":"Thomas","place_m":173},"geometry":{"type":"Polygon","coordinates":[[[3.37794,6.48511],[3.37637,6.48602],[3.3748,6.48511],[3.3748,6.4833],[3.37637,6.4824],[3.37793,6.4833],[3.37794,6.48511]]]}},{"type":"Feature","properties":{"minutes":4.96,"people":999,"clinic_min":5.03,"school_min":4.89,"k_clinic":5,"k_school":5,"within_15":1,"off_street":0,"ward":"Iponri\u2013Olaleye","lga":"Lagos Mainland","place":"Thomas","place_m":255},"geometry":{"type":"Polygon","coordinates":[[[3.38107,6.48511],[3.3795,6.48601],[3.37794,6.48511],[3.37793,6.4833],[3.3795,6.48239],[3.38107,6.4833],[3.38107,6.48511]]]}},{"type":"Feature","properties":{"minutes":3.25,"people":1040,"clinic_min":4.2,"school_min":2.3,"k_clinic":5,"k_school":5,"within_15":1,"off_street":0,"ward":"Freeman\u2013Glover","lga":"Lagos Mainland","place":"Freeman Glover","place_m":309},"geometry":{"type":"Polygon","coordinates":[[[3.3842,6.4851],[3.38264,6.48601],[3.38107,6.48511],[3.38107,6.4833],[3.38263,6.48239],[3.3842,6.4833],[3.3842,6.4851]]]}},{"type":"Feature","properties":{"minutes":2.63,"people":1620,"clinic_min":3.44,"school_min":1.83,"k_clinic":5,"k_school":5,"within_15":1,"off_street":0,"ward":"Freeman\u2013Glover","lga":"Lagos Mainland","place":"Redemption Way","place_m":321},"geometry":{"type":"Polygon","coordinates":[[[3.38733,6.4851],[3.38577,6.48601],[3.3842,6.4851],[3.3842,6.4833],[3.38577,6.48239],[3.38733,6.48329],[3.38733,6.4851]]]}},{"type":"Feature","properties":{"minutes":3.24,"people":2143,"clinic_min":5.82,"school_min":0.66,"k_clinic":5,"k_school":5,"within_15":1,"off_street":0,"ward":"Araromi","lga":"Lagos Mainland","place":"Araromi","place_m":268},"geometry":{"type":"Polygon","coordinates":[[[3.39047,6.4851],[3.3889,6.48601],[3.38733,6.4851],[3.38733,6.48329],[3.3889,6.48239],[3.39047,6.48329],[3.39047,6.4851]]]}},{"type":"Feature","properties":{"minutes":6.53,"people":958,"clinic_min":9.11,"school_min":3.95,"k_clinic":5,"k_school":5,"within_15":1,"off_street":0,"ward":"Araromi","lga":"Lagos Mainland","place":"Araromi","place_m":311},"geometry":{"type":"Polygon","coordinates":[[[3.3936,6.4851],[3.39203,6.486],[3.39047,6.4851],[3.39047,6.48329],[3.39203,6.48238],[3.3936,6.48329],[3.3936,6.4851]]]}},{"type":"Feature","properties":{"minutes":14.4,"people":1128,"clinic_min":15.99,"school_min":12.81,"k_clinic":5,"k_school":5,"within_15":1,"off_street":0,"ward":"Addo\u2013Okeira","lga":"Eti Osa","place":"Ajah","place_m":767},"geometry":{"type":"Polygon","coordinates":[[[3.57531,6.48492],[3.57374,6.48583],[3.57218,6.48493],[3.57217,6.48312],[3.57374,6.48221],[3.57531,6.48311],[3.57531,6.48492]]]}},{"type":"Feature","properties":{"minutes":13.89,"people":856,"clinic_min":14.61,"school_min":13.16,"k_clinic":5,"k_school":5,"within_15":1,"off_street":0,"ward":"Addo\u2013Okeira","lga":"Eti Osa","place":"Oke Ira","place_m":523},"geometry":{"type":"Polygon","coordinates":[[[3.57844,6.48492],[3.57688,6.48583],[3.57531,6.48492],[3.57531,6.48311],[3.57687,6.48221],[3.57844,6.48311],[3.57844,6.48492]]]}},{"type":"Feature","properties":{"minutes":14.68,"people":1158,"clinic_min":16.96,"school_min":12.4,"k_clinic":5,"k_school":5,"within_15":1,"off_street":0,"ward":"Addo\u2013Okeira","lga":"Eti Osa","place":"Oke Ira","place_m":442},"geometry":{"type":"Polygon","coordinates":[[[3.58157,6.48492],[3.58001,6.48582],[3.57844,6.48492],[3.57844,6.48311],[3.58,6.4822],[3.58157,6.48311],[3.58157,6.48492]]]}},{"type":"Feature","properties":{"minutes":15.07,"people":855,"clinic_min":17.41,"school_min":12.73,"k_clinic":5,"k_school":5,"within_15":0,"off_street":0,"ward":"Addo\u2013Okeira","lga":"Eti Osa","place":"Akins","place_m":185},"geometry":{"type":"Polygon","coordinates":[[[3.58471,6.48491],[3.58314,6.48582],[3.58157,6.48492],[3.58157,6.48311],[3.58314,6.4822],[3.5847,6.4831],[3.58471,6.48491]]]}},{"type":"Feature","properties":{"minutes":16.24,"people":718,"clinic_min":19.82,"school_min":12.67,"k_clinic":5,"k_school":5,"within_15":0,"off_street":0,"ward":"Addo\u2013Okeira","lga":"Eti Osa","place":"Akins","place_m":166},"geometry":{"type":"Polygon","coordinates":[[[3.58784,6.48491],[3.58627,6.48582],[3.58471,6.48491],[3.5847,6.4831],[3.58627,6.4822],[3.58784,6.4831],[3.58784,6.48491]]]}},{"type":"Feature","properties":{"minutes":18.19,"people":798,"clinic_min":21.64,"school_min":14.74,"k_clinic":5,"k_school":5,"within_15":0,"off_street":0,"ward":"Addo\u2013Okeira","lga":"Eti Osa","place":"Akins","place_m":511},"geometry":{"type":"Polygon","coordinates":[[[3.59097,6.48491],[3.58941,6.48581],[3.58784,6.48491],[3.58784,6.4831],[3.5894,6.48219],[3.59097,6.4831],[3.59097,6.48491]]]}},{"type":"Feature","properties":{"minutes":19.95,"people":641,"clinic_min":24.74,"school_min":15.17,"k_clinic":5,"k_school":5,"within_15":0,"off_street":0,"ward":"Addo\u2013Okeira","lga":"Eti Osa","place":"Akins","place_m":857},"geometry":{"type":"Polygon","coordinates":[[[3.59411,6.4849],[3.59254,6.48581],[3.59097,6.48491],[3.59097,6.4831],[3.59254,6.48219],[3.5941,6.48309],[3.59411,6.4849]]]}},{"type":"Feature","properties":{"minutes":23.56,"people":401,"clinic_min":28.77,"school_min":18.36,"k_clinic":5,"k_school":5,"within_15":0,"off_street":0,"ward":"Addo\u2013Okeira","lga":"Eti Osa","place":"Akins","place_m":1203},"geometry":{"type":"Polygon","coordinates":[[[3.59724,6.4849],[3.59567,6.4858],[3.59411,6.4849],[3.5941,6.48309],[3.59567,6.48219],[3.59724,6.48309],[3.59724,6.4849]]]}},{"type":"Feature","properties":{"minutes":24.42,"people":246,"clinic_min":30.09,"school_min":18.75,"k_clinic":5,"k_school":5,"within_15":0,"off_street":0,"ward":"Addo\u2013Okeira","lga":"Eti Osa","place":"Iranla","place_m":1004},"geometry":{"type":"Polygon","coordinates":[[[3.60037,6.48489],[3.59881,6.4858],[3.59724,6.4849],[3.59724,6.48309],[3.5988,6.48218],[3.60037,6.48309],[3.60037,6.48489]]]}},{"type":"Feature","properties":{"minutes":29.16,"people":358,"clinic_min":34.03,"school_min":24.28,"k_clinic":5,"k_school":5,"within_15":0,"off_street":0,"ward":"Addo\u2013Okeira","lga":"Eti Osa","place":"Iranla","place_m":697},"geometry":{"type":"Polygon","coordinates":[[[3.6035,6.48489],[3.60194,6.4858],[3.60037,6.48489],[3.60037,6.48309],[3.60193,6.48218],[3.6035,6.48308],[3.6035,6.48489]]]}},{"type":"Feature","properties":{"minutes":31.8,"people":186,"clinic_min":37.84,"school_min":25.76,"k_clinic":5,"k_school":5,"within_15":0,"off_street":0,"ward":"Addo\u2013Okeira","lga":"Eti Osa","place":"Iranla","place_m":452},"geometry":{"type":"Polygon","coordinates":[[[3.60664,6.48489],[3.60507,6.48579],[3.6035,6.48489],[3.6035,6.48308],[3.60507,6.48218],[3.60663,6.48308],[3.60664,6.48489]]]}},{"type":"Feature","properties":{"minutes":27.3,"people":105,"clinic_min":34.92,"school_min":19.68,"k_clinic":5,"k_school":5,"within_15":0,"off_street":0,"ward":"Addo\u2013Okeira","lga":"Eti Osa","place":"Baale Place","place_m":333},"geometry":{"type":"Polygon","coordinates":[[[3.60977,6.48488],[3.6082,6.48579],[3.60664,6.48489],[3.60663,6.48308],[3.6082,6.48217],[3.60977,6.48307],[3.60977,6.48488]]]}},{"type":"Feature","properties":{"minutes":29.41,"people":77,"clinic_min":34.89,"school_min":23.93,"k_clinic":5,"k_school":5,"within_15":0,"off_street":0,"ward":"Addo\u2013Okeira","lga":"Eti Osa","place":"Baale Place","place_m":449},"geometry":{"type":"Polygon","coordinates":[[[3.6129,6.48488],[3.61134,6.48579],[3.60977,6.48488],[3.60977,6.48307],[3.61133,6.48217],[3.6129,6.48307],[3.6129,6.48488]]]}},{"type":"Feature","properties":{"minutes":27.82,"people":258,"clinic_min":33.3,"school_min":22.35,"k_clinic":5,"k_school":5,"within_15":0,"off_street":0,"ward":"Addo\u2013Okeira","lga":"Eti Osa","place":"Iranla","place_m":570},"geometry":{"type":"Polygon","coordinates":[[[3.61604,6.48488],[3.61447,6.48578],[3.6129,6.48488],[3.6129,6.48307],[3.61447,6.48216],[3.61603,6.48307],[3.61604,6.48488]]]}},{"type":"Feature","properties":{"minutes":25.18,"people":105,"clinic_min":28.57,"school_min":21.78,"k_clinic":5,"k_school":5,"within_15":0,"off_street":0,"ward":"Sangotedo","lga":"Eti Osa","place":"Iranla","place_m":760},"geometry":{"type":"Polygon","coordinates":[[[3.61917,6.48487],[3.6176,6.48578],[3.61604,6.48488],[3.61603,6.48307],[3.6176,6.48216],[3.61917,6.48306],[3.61917,6.48487]]]}},{"type":"Feature","properties":{"minutes":23.15,"people":174,"clinic_min":25.81,"school_min":20.5,"k_clinic":5,"k_school":5,"within_15":0,"off_street":0,"ward":"Sangotedo","lga":"Eti Osa","place":"Ogunlana Avenue","place_m":1027},"geometry":{"type":"Polygon","coordinates":[[[3.6223,6.48487],[3.62074,6.48577],[3.61917,6.48487],[3.61917,6.48306],[3.62073,6.48216],[3.6223,6.48306],[3.6223,6.48487]]]}},{"type":"Feature","properties":{"minutes":23.13,"people":37,"clinic_min":25.78,"school_min":20.48,"k_clinic":5,"k_school":5,"within_15":0,"off_street":0,"ward":"Sangotedo","lga":"Eti Osa","place":"Sangotedo Lekki","place_m":1001},"geometry":{"type":"Polygon","coordinates":[[[3.62543,6.48486],[3.62387,6.48577],[3.6223,6.48487],[3.6223,6.48306],[3.62386,6.48215],[3.62543,6.48306],[3.62543,6.48486]]]}},{"type":"Feature","properties":{"minutes":24.71,"people":118,"clinic_min":23.21,"school_min":26.21,"k_clinic":5,"k_school":5,"within_15":0,"off_street":0,"ward":"Sangotedo","lga":"Eti Osa","place":"Sangotedo Lekki","place_m":971},"geometry":{"type":"Polygon","coordinates":[[[3.62857,6.48486],[3.627,6.48577],[3.62543,6.48486],[3.62543,6.48306],[3.627,6.48215],[3.62856,6.48305],[3.62857,6.48486]]]}},{"type":"Feature","properties":{"minutes":23.0,"people":196,"clinic_min":21.5,"school_min":24.5,"k_clinic":5,"k_school":5,"within_15":0,"off_street":0,"ward":"Sangotedo","lga":"Eti Osa","place":"Sangotedo Lekki","place_m":1061},"geometry":{"type":"Polygon","coordinates":[[[3.6317,6.48486],[3.63013,6.48576],[3.62857,6.48486],[3.62856,6.48305],[3.63013,6.48215],[3.6317,6.48305],[3.6317,6.48486]]]}},{"type":"Feature","properties":{"minutes":30.9,"people":6,"clinic_min":45.75,"school_min":16.05,"k_clinic":5,"k_school":5,"within_15":0,"off_street":1,"ward":"Sangotedo","lga":"Eti Osa","place":"Sangotedo","place_m":1121},"geometry":{"type":"Polygon","coordinates":[[[3.65676,6.48483],[3.6552,6.48573],[3.65363,6.48483],[3.65363,6.48302],[3.65519,6.48211],[3.65676,6.48302],[3.65676,6.48483]]]}},{"type":"Feature","properties":{"minutes":5.35,"people":1789,"clinic_min":6.53,"school_min":4.18,"k_clinic":5,"k_school":5,"within_15":1,"off_street":0,"ward":"Airways","lga":"Surulere","place":"Ijeshatado","place_m":155},"geometry":{"type":"Polygon","coordinates":[[[3.32938,6.48786],[3.32781,6.48876],[3.32624,6.48786],[3.32624,6.48605],[3.32781,6.48514],[3.32938,6.48605],[3.32938,6.48786]]]}},{"type":"Feature","properties":{"minutes":5.98,"people":1619,"clinic_min":6.59,"school_min":5.37,"k_clinic":5,"k_school":5,"within_15":1,"off_street":0,"ward":"Irone","lga":"Surulere","place":"Ijeshatado","place_m":260},"geometry":{"type":"Polygon","coordinates":[[[3.33251,6.48786],[3.33094,6.48876],[3.32938,6.48786],[3.32938,6.48605],[3.33094,6.48514],[3.33251,6.48605],[3.33251,6.48786]]]}},{"type":"Feature","properties":{"minutes":6.19,"people":1733,"clinic_min":8.39,"school_min":3.98,"k_clinic":5,"k_school":5,"within_15":1,"off_street":0,"ward":"Irone","lga":"Surulere","place":"Coker","place_m":370},"geometry":{"type":"Polygon","coordinates":[[[3.33564,6.48785],[3.33408,6.48876],[3.33251,6.48786],[3.33251,6.48605],[3.33407,6.48514],[3.33564,6.48604],[3.33564,6.48785]]]}},{"type":"Feature","properties":{"minutes":5.95,"people":1341,"clinic_min":8.1,"school_min":3.8,"k_clinic":5,"k_school":5,"within_15":1,"off_street":0,"ward":"Jinadu Aiyetoro","lga":"Surulere","place":"Coker","place_m":27},"geometry":{"type":"Polygon","coordinates":[[[3.33878,6.48785],[3.33721,6.48876],[3.33564,6.48785],[3.33564,6.48604],[3.33721,6.48514],[3.33877,6.48604],[3.33878,6.48785]]]}},{"type":"Feature","properties":{"minutes":7.46,"people":1550,"clinic_min":9.3,"school_min":5.63,"k_clinic":5,"k_school":5,"within_15":1,"off_street":0,"ward":"Jinadu Aiyetoro","lga":"Surulere","place":"Coker","place_m":324},"geometry":{"type":"Polygon","coordinates":[[[3.34191,6.48785],[3.34034,6.48875],[3.33878,6.48785],[3.33877,6.48604],[3.34034,6.48514],[3.34191,6.48604],[3.34191,6.48785]]]}},{"type":"Feature","properties":{"minutes":12.78,"people":1219,"clinic_min":11.98,"school_min":13.58,"k_clinic":5,"k_school":5,"within_15":1,"off_street":0,"ward":"Jinadu Aiyetoro","lga":"Surulere","place":"Babs Animashaun","place_m":542},"geometry":{"type":"Polygon","coordinates":[[[3.34504,6.48785],[3.34348,6.48875],[3.34191,6.48785],[3.34191,6.48604],[3.34347,6.48513],[3.34504,6.48604],[3.34504,6.48785]]]}},{"type":"Feature","properties":{"minutes":6.56,"people":1265,"clinic_min":5.28,"school_min":7.83,"k_clinic":5,"k_school":5,"within_15":1,"off_street":0,"ward":"Savage","lga":"Surulere","place":"Babs Animashaun","place_m":196},"geometry":{"type":"Polygon","coordinates":[[[3.34817,6.48784],[3.34661,6.48875],[3.34504,6.48785],[3.34504,6.48604],[3.34661,6.48513],[3.34817,6.48604],[3.34817,6.48784]]]}},{"type":"Feature","properties":{"minutes":3.42,"people":1542,"clinic_min":4.31,"school_min":2.52,"k_clinic":5,"k_school":5,"within_15":1,"off_street":0,"ward":"Iponri\u2013Eric Moore","lga":"Surulere","place":"Babs Animashaun","place_m":150},"geometry":{"type":"Polygon","coordinates":[[[3.35131,6.48784],[3.34974,6.48875],[3.34817,6.48784],[3.34817,6.48604],[3.34974,6.48513],[3.35131,6.48603],[3.35131,6.48784]]]}},{"type":"Feature","properties":{"minutes":1.98,"people":757,"clinic_min":3.27,"school_min":0.69,"k_clinic":5,"k_school":5,"within_15":1,"off_street":0,"ward":"Iponri\u2013Eric Moore","lga":"Surulere","place":"Alaka","place_m":349},"geometry":{"type":"Polygon","coordinates":[[[3.35444,6.48784],[3.35287,6.48875],[3.35131,6.48784],[3.35131,6.48603],[3.35287,6.48513],[3.35444,6.48603],[3.35444,6.48784]]]}},{"type":"Feature","properties":{"minutes":6.6,"people":905,"clinic_min":6.89,"school_min":6.31,"k_clinic":5,"k_school":5,"within_15":1,"off_street":0,"ward":"Iponri\u2013Eric Moore","lga":"Surulere","place":"Alaka","place_m":480},"geometry":{"type":"Polygon","coordinates":[[[3.35757,6.48784],[3.35601,6.48874],[3.35444,6.48784],[3.35444,6.48603],[3.356,6.48513],[3.35757,6.48603],[3.35757,6.48784]]]}},{"type":"Feature","properties":{"minutes":6.33,"people":1267,"clinic_min":8.24,"school_min":4.42,"k_clinic":5,"k_school":5,"within_15":1,"off_street":0,"ward":"Iponri\u2013Eric Moore","lga":"Surulere","place":"Alaka","place_m":760},"geometry":{"type":"Polygon","coordinates":[[[3.36071,6.48784],[3.35914,6.48874],[3.35757,6.48784],[3.35757,6.48603],[3.35914,6.48512],[3.3607,6.48603],[3.36071,6.48784]]]}},{"type":"Feature","properties":{"minutes":6.95,"people":932,"clinic_min":8.33,"school_min":5.58,"k_clinic":5,"k_school":5,"within_15":1,"off_street":0,"ward":"Iponri\u2013Eric Moore","lga":"Surulere","place":"Iponri Community","place_m":503},"geometry":{"type":"Polygon","coordinates":[[[3.36384,6.48783],[3.36227,6.48874],[3.36071,6.48784],[3.3607,6.48603],[3.36227,6.48512],[3.36384,6.48602],[3.36384,6.48783]]]}},{"type":"Feature","properties":{"minutes":5.77,"people":554,"clinic_min":7.81,"school_min":3.72,"k_clinic":5,"k_school":5,"within_15":1,"off_street":0,"ward":"Iponri\u2013Olaleye","lga":"Lagos Mainland","place":"Iponri Community","place_m":174},"geometry":{"type":"Polygon","coordinates":[[[3.36697,6.48783],[3.36541,6.48874],[3.36384,6.48783],[3.36384,6.48602],[3.3654,6.48512],[3.36697,6.48602],[3.36697,6.48783]]]}},{"type":"Feature","properties":{"minutes":5.54,"people":335,"clinic_min":6.06,"school_min":5.03,"k_clinic":5,"k_school":5,"within_15":1,"off_street":0,"ward":"Iponri\u2013Olaleye","lga":"Lagos Mainland","place":"Olaleye Community","place_m":93},"geometry":{"type":"Polygon","coordinates":[[[3.37011,6.48783],[3.36854,6.48873],[3.36697,6.48783],[3.36697,6.48602],[3.36854,6.48512],[3.3701,6.48602],[3.37011,6.48783]]]}},{"type":"Feature","properties":{"minutes":5.86,"people":495,"clinic_min":6.81,"school_min":4.92,"k_clinic":5,"k_school":5,"within_15":1,"off_street":0,"ward":"Aloba\u2013Desalu","lga":"Lagos Mainland","place":"Progressive Estate","place_m":195},"geometry":{"type":"Polygon","coordinates":[[[3.37324,6.48783],[3.37167,6.48873],[3.37011,6.48783],[3.3701,6.48602],[3.37167,6.48511],[3.37324,6.48602],[3.37324,6.48783]]]}},{"type":"Feature","properties":{"minutes":3.53,"people":1650,"clinic_min":4.82,"school_min":2.25,"k_clinic":5,"k_school":5,"within_15":1,"off_street":0,"ward":"Ojo-Oniyun","lga":"Lagos Mainland","place":"Ebute Metta","place_m":39},"geometry":{"type":"Polygon","coordinates":[[[3.37637,6.48782],[3.37481,6.48873],[3.37324,6.48783],[3.37324,6.48602],[3.3748,6.48511],[3.37637,6.48602],[3.37637,6.48782]]]}},{"type":"Feature","properties":{"minutes":8.75,"people":766,"clinic_min":9.4,"school_min":8.09,"k_clinic":5,"k_school":5,"within_15":1,"off_street":0,"ward":"Iponri\u2013Olaleye","lga":"Lagos Mainland","place":"Herbert Macaulay Way","place_m":305},"geometry":{"type":"Polygon","coordinates":[[[3.3795,6.48782],[3.37794,6.48873],[3.37637,6.48782],[3.37637,6.48602],[3.37794,6.48511],[3.3795,6.48601],[3.3795,6.48782]]]}},{"type":"Feature","properties":{"minutes":3.23,"people":1364,"clinic_min":3.05,"school_min":3.42,"k_clinic":5,"k_school":5,"within_15":1,"off_street":0,"ward":"Freeman\u2013Glover","lga":"Lagos Mainland","place":"Herbert Macaulay Way","place_m":170},"geometry":{"type":"Polygon","coordinates":[[[3.38264,6.48782],[3.38107,6.48873],[3.3795,6.48782],[3.3795,6.48601],[3.38107,6.48511],[3.38264,6.48601],[3.38264,6.48782]]]}},{"type":"Feature","properties":{"minutes":1.99,"people":1707,"clinic_min":2.94,"school_min":1.03,"k_clinic":5,"k_school":5,"within_15":1,"off_street":0,"ward":"Freeman\u2013Glover","lga":"Lagos Mainland","place":"Freeman Glover","place_m":72},"geometry":{"type":"Polygon","coordinates":[[[3.38577,6.48782],[3.3842,6.48872],[3.38264,6.48782],[3.38264,6.48601],[3.3842,6.4851],[3.38577,6.48601],[3.38577,6.48782]]]}},{"type":"Feature","properties":{"minutes":2.54,"people":1351,"clinic_min":4.07,"school_min":1.0,"k_clinic":5,"k_school":5,"within_15":1,"off_street":0,"ward":"Okobaba","lga":"Lagos Mainland","place":"Freeman Glover","place_m":418},"geometry":{"type":"Polygon","coordinates":[[[3.3889,6.48781],[3.38734,6.48872],[3.38577,6.48782],[3.38577,6.48601],[3.38733,6.4851],[3.3889,6.48601],[3.3889,6.48781]]]}},{"type":"Feature","properties":{"minutes":5.15,"people":2580,"clinic_min":8.29,"school_min":2.0,"k_clinic":5,"k_school":5,"within_15":1,"off_street":0,"ward":"Okobaba","lga":"Lagos Mainland","place":"Okobaba","place_m":483},"geometry":{"type":"Polygon","coordinates":[[[3.39204,6.48781],[3.39047,6.48872],[3.3889,6.48781],[3.3889,6.48601],[3.39047,6.4851],[3.39203,6.486],[3.39204,6.48781]]]}},{"type":"Feature","properties":{"minutes":12.71,"people":355,"clinic_min":12.9,"school_min":12.53,"k_clinic":5,"k_school":5,"within_15":1,"off_street":0,"ward":"Addo\u2013Okeira","lga":"Eti Osa","place":"Oke Ira","place_m":480},"geometry":{"type":"Polygon","coordinates":[[[3.57688,6.48764],[3.57531,6.48854],[3.57375,6.48764],[3.57374,6.48583],[3.57531,6.48492],[3.57688,6.48583],[3.57688,6.48764]]]}},{"type":"Feature","properties":{"minutes":13.71,"people":1125,"clinic_min":14.43,"school_min":12.99,"k_clinic":5,"k_school":5,"within_15":1,"off_street":0,"ward":"Addo\u2013Okeira","lga":"Eti Osa","place":"Oke Ira","place_m":178},"geometry":{"type":"Polygon","coordinates":[[[3.58001,6.48763],[3.57845,6.48854],[3.57688,6.48764],[3.57688,6.48583],[3.57844,6.48492],[3.58001,6.48582],[3.58001,6.48763]]]}},{"type":"Feature","properties":{"minutes":9.86,"people":1590,"clinic_min":11.75,"school_min":7.97,"k_clinic":5,"k_school":5,"within_15":1,"off_street":0,"ward":"Addo\u2013Okeira","lga":"Eti Osa","place":"Oke Ira","place_m":271},"geometry":{"type":"Polygon","coordinates":[[[3.58314,6.48763],[3.58158,6.48854],[3.58001,6.48763],[3.58001,6.48582],[3.58157,6.48492],[3.58314,6.48582],[3.58314,6.48763]]]}},{"type":"Feature","properties":{"minutes":11.48,"people":1193,"clinic_min":14.18,"school_min":8.78,"k_clinic":5,"k_school":5,"within_15":1,"off_street":0,"ward":"Addo\u2013Okeira","lga":"Eti Osa","place":"Akins","place_m":329},"geometry":{"type":"Polygon","coordinates":[[[3.58628,6.48763],[3.58471,6.48853],[3.58314,6.48763],[3.58314,6.48582],[3.58471,6.48491],[3.58627,6.48582],[3.58628,6.48763]]]}},{"type":"Feature","properties":{"minutes":14.88,"people":974,"clinic_min":18.26,"school_min":11.5,"k_clinic":5,"k_school":5,"within_15":1,"off_street":0,"ward":"Addo\u2013Okeira","lga":"Eti Osa","place":"Akins","place_m":471},"geometry":{"type":"Polygon","coordinates":[[[3.58941,6.48762],[3.58784,6.48853],[3.58628,6.48763],[3.58627,6.48582],[3.58784,6.48491],[3.58941,6.48581],[3.58941,6.48762]]]}},{"type":"Feature","properties":{"minutes":16.14,"people":1041,"clinic_min":19.82,"school_min":12.47,"k_clinic":5,"k_school":5,"within_15":0,"off_street":0,"ward":"Addo\u2013Okeira","lga":"Eti Osa","place":"Akins","place_m":758},"geometry":{"type":"Polygon","coordinates":[[[3.59254,6.48762],[3.59098,6.48852],[3.58941,6.48762],[3.58941,6.48581],[3.59097,6.48491],[3.59254,6.48581],[3.59254,6.48762]]]}},{"type":"Feature","properties":{"minutes":16.66,"people":1066,"clinic_min":21.86,"school_min":11.45,"k_clinic":5,"k_school":5,"within_15":0,"off_street":0,"ward":"Addo\u2013Okeira","lga":"Eti Osa","place":"Akins","place_m":1081},"geometry":{"type":"Polygon","coordinates":[[[3.59568,6.48761],[3.59411,6.48852],[3.59254,6.48762],[3.59254,6.48581],[3.59411,6.4849],[3.59567,6.4858],[3.59568,6.48761]]]}},{"type":"Feature","properties":{"minutes":20.31,"people":1014,"clinic_min":25.82,"school_min":14.8,"k_clinic":5,"k_school":5,"within_15":0,"off_street":0,"ward":"Addo\u2013Okeira","lga":"Eti Osa","place":"Iranla","place_m":1103},"geometry":{"type":"Polygon","coordinates":[[[3.59881,6.48761],[3.59724,6.48852],[3.59568,6.48761],[3.59567,6.4858],[3.59724,6.4849],[3.59881,6.4858],[3.59881,6.48761]]]}},{"type":"Feature","properties":{"minutes":23.4,"people":1019,"clinic_min":29.42,"school_min":17.39,"k_clinic":5,"k_school":5,"within_15":0,"off_street":0,"ward":"Addo\u2013Okeira","lga":"Eti Osa","place":"Iranla","place_m":758},"geometry":{"type":"Polygon","coordinates":[[[3.60194,6.48761],[3.60038,6.48851],[3.59881,6.48761],[3.59881,6.4858],[3.60037,6.48489],[3.60194,6.4858],[3.60194,6.48761]]]}},{"type":"Feature","properties":{"minutes":26.45,"people":1066,"clinic_min":32.49,"school_min":20.41,"k_clinic":5,"k_school":5,"within_15":0,"off_street":0,"ward":"Addo\u2013Okeira","lga":"Eti Osa","place":"Iranla","place_m":416},"geometry":{"type":"Polygon","coordinates":[[[3.60507,6.4876],[3.60351,6.48851],[3.60194,6.48761],[3.60194,6.4858],[3.6035,6.48489],[3.60507,6.48579],[3.60507,6.4876]]]}},{"type":"Feature","properties":{"minutes":30.17,"people":1217,"clinic_min":36.14,"school_min":24.21,"k_clinic":5,"k_school":5,"within_15":0,"off_street":0,"ward":"Addo\u2013Okeira","lga":"Eti Osa","place":"Iranla","place_m":106},"geometry":{"type":"Polygon","coordinates":[[[3.60821,6.4876],[3.60664,6.48851],[3.60507,6.4876],[3.60507,6.48579],[3.60664,6.48489],[3.6082,6.48579],[3.60821,6.4876]]]}},{"type":"Feature","properties":{"minutes":32.11,"people":680,"clinic_min":38.08,"school_min":26.14,"k_clinic":5,"k_school":5,"within_15":0,"off_street":0,"ward":"Addo\u2013Okeira","lga":"Eti Osa","place":"Baale Place","place_m":135},"geometry":{"type":"Polygon","coordinates":[[[3.61134,6.4876],[3.60977,6.4885],[3.60821,6.4876],[3.6082,6.48579],[3.60977,6.48488],[3.61134,6.48579],[3.61134,6.4876]]]}},{"type":"Feature","properties":{"minutes":31.75,"people":709,"clinic_min":37.09,"school_min":26.41,"k_clinic":5,"k_school":5,"within_15":0,"off_street":0,"ward":"Addo\u2013Okeira","lga":"Eti Osa","place":"Iranla","place_m":238},"geometry":{"type":"Polygon","coordinates":[[[3.61447,6.48759],[3.61291,6.4885],[3.61134,6.4876],[3.61134,6.48579],[3.6129,6.48488],[3.61447,6.48578],[3.61447,6.48759]]]}},{"type":"Feature","properties":{"minutes":31.91,"people":120,"clinic_min":35.51,"school_min":28.31,"k_clinic":5,"k_school":5,"within_15":0,"off_street":0,"ward":"Addo\u2013Okeira","lga":"Eti Osa","place":"Iranla","place_m":435},"geometry":{"type":"Polygon","coordinates":[[[3.61761,6.48759],[3.61604,6.48849],[3.61447,6.48759],[3.61447,6.48578],[3.61604,6.48488],[3.6176,6.48578],[3.61761,6.48759]]]}},{"type":"Feature","properties":{"minutes":31.91,"people":5,"clinic_min":35.51,"school_min":28.31,"k_clinic":5,"k_school":5,"within_15":0,"off_street":1,"ward":"Sangotedo","lga":"Eti Osa","place":"Iranla","place_m":749},"geometry":{"type":"Polygon","coordinates":[[[3.62074,6.48758],[3.61917,6.48849],[3.61761,6.48759],[3.6176,6.48578],[3.61917,6.48487],[3.62074,6.48577],[3.62074,6.48758]]]}},{"type":"Feature","properties":{"minutes":23.13,"people":21,"clinic_min":25.78,"school_min":20.48,"k_clinic":5,"k_school":5,"within_15":0,"off_street":1,"ward":"Sangotedo","lga":"Eti Osa","place":"Iranla","place_m":1084},"geometry":{"type":"Polygon","coordinates":[[[3.62387,6.48758],[3.62231,6.48849],[3.62074,6.48758],[3.62074,6.48577],[3.6223,6.48487],[3.62387,6.48577],[3.62387,6.48758]]]}},{"type":"Feature","properties":{"minutes":5.61,"people":1514,"clinic_min":6.94,"school_min":4.27,"k_clinic":5,"k_school":5,"within_15":1,"off_street":0,"ward":"Airways","lga":"Surulere","place":"Ijeshatado","place_m":342},"geometry":{"type":"Polygon","coordinates":[[[3.32781,6.49057],[3.32625,6.49148],[3.32468,6.49057],[3.32468,6.48876],[3.32624,6.48786],[3.32781,6.48876],[3.32781,6.49057]]]}},{"type":"Feature","properties":{"minutes":5.74,"people":1928,"clinic_min":7.98,"school_min":3.5,"k_clinic":5,"k_school":5,"within_15":1,"off_street":0,"ward":"Airways","lga":"Surulere","place":"Ijeshatado","place_m":202},"geometry":{"type":"Polygon","coordinates":[[[3.33094,6.49057],[3.32938,6.49148],[3.32781,6.49057],[3.32781,6.48876],[3.32938,6.48786],[3.33094,6.48876],[3.33094,6.49057]]]}},{"type":"Feature","properties":{"minutes":5.59,"people":1896,"clinic_min":4.0,"school_min":7.17,"k_clinic":5,"k_school":5,"within_15":1,"off_street":0,"ward":"Irone","lga":"Surulere","place":"Ijeshatado","place_m":452},"geometry":{"type":"Polygon","coordinates":[[[3.33408,6.49057],[3.33251,6.49147],[3.33094,6.49057],[3.33094,6.48876],[3.33251,6.48786],[3.33408,6.48876],[3.33408,6.49057]]]}},{"type":"Feature","properties":{"minutes":3.89,"people":1664,"clinic_min":3.54,"school_min":4.24,"k_clinic":5,"k_school":5,"within_15":1,"off_street":0,"ward":"Irone","lga":"Surulere","place":"Coker","place_m":347},"geometry":{"type":"Polygon","coordinates":[[[3.33721,6.49057],[3.33564,6.49147],[3.33408,6.49057],[3.33408,6.48876],[3.33564,6.48785],[3.33721,6.48876],[3.33721,6.49057]]]}},{"type":"Feature","properties":{"minutes":2.1,"people":1331,"clinic_min":2.74,"school_min":1.46,"k_clinic":5,"k_school":5,"within_15":1,"off_street":0,"ward":"Jinadu Aiyetoro","lga":"Surulere","place":"Coker","place_m":324},"geometry":{"type":"Polygon","coordinates":[[[3.34034,6.49056],[3.33878,6.49147],[3.33721,6.49057],[3.33721,6.48876],[3.33878,6.48785],[3.34034,6.48875],[3.34034,6.49056]]]}},{"type":"Feature","properties":{"minutes":9.85,"people":1288,"clinic_min":10.61,"school_min":9.08,"k_clinic":5,"k_school":5,"within_15":1,"off_street":0,"ward":"Jinadu Aiyetoro","lga":"Surulere","place":"Coker Aguda","place_m":533},"geometry":{"type":"Polygon","coordinates":[[[3.34348,6.49056],[3.34191,6.49147],[3.34034,6.49056],[3.34034,6.48875],[3.34191,6.48785],[3.34348,6.48875],[3.34348,6.49056]]]}},{"type":"Feature","properties":{"minutes":10.32,"people":1850,"clinic_min":11.41,"school_min":9.22,"k_clinic":5,"k_school":5,"within_15":1,"off_street":0,"ward":"Jinadu Aiyetoro","lga":"Surulere","place":"Babs Animashaun","place_m":473},"geometry":{"type":"Polygon","coordinates":[[[3.34661,6.49056],[3.34504,6.49147],[3.34348,6.49056],[3.34348,6.48875],[3.34504,6.48785],[3.34661,6.48875],[3.34661,6.49056]]]}},{"type":"Feature","properties":{"minutes":5.66,"people":1339,"clinic_min":3.42,"school_min":7.9,"k_clinic":5,"k_school":5,"within_15":1,"off_street":0,"ward":"Savage","lga":"Surulere","place":"Babs Animashaun","place_m":296},"geometry":{"type":"Polygon","coordinates":[[[3.34974,6.49056],[3.34818,6.49146],[3.34661,6.49056],[3.34661,6.48875],[3.34817,6.48784],[3.34974,6.48875],[3.34974,6.49056]]]}},{"type":"Feature","properties":{"minutes":3.76,"people":1102,"clinic_min":2.97,"school_min":4.55,"k_clinic":5,"k_school":5,"within_15":1,"off_street":0,"ward":"Adeniran Ogunsanya","lga":"Surulere","place":"Babs Animashaun","place_m":438},"geometry":{"type":"Polygon","coordinates":[[[3.35288,6.49056],[3.35131,6.49146],[3.34974,6.49056],[3.34974,6.48875],[3.35131,6.48784],[3.35287,6.48875],[3.35288,6.49056]]]}},{"type":"Feature","properties":{"minutes":6.45,"people":665,"clinic_min":7.68,"school_min":5.22,"k_clinic":5,"k_school":5,"within_15":1,"off_street":0,"ward":"Iponri\u2013Eric Moore","lga":"Surulere","place":"Alaka","place_m":667},"geometry":{"type":"Polygon","coordinates":[[[3.35601,6.49055],[3.35444,6.49146],[3.35288,6.49056],[3.35287,6.48875],[3.35444,6.48784],[3.35601,6.48874],[3.35601,6.49055]]]}},{"type":"Feature","properties":{"minutes":5.54,"people":1785,"clinic_min":4.83,"school_min":6.26,"k_clinic":5,"k_school":5,"within_15":1,"off_street":0,"ward":"Adeniran Ogunsanya","lga":"Surulere","place":"Iponri","place_m":515},"geometry":{"type":"Polygon","coordinates":[[[3.35914,6.49055],[3.35758,6.49146],[3.35601,6.49055],[3.35601,6.48874],[3.35757,6.48784],[3.35914,6.48874],[3.35914,6.49055]]]}},{"type":"Feature","properties":{"minutes":5.76,"people":1539,"clinic_min":5.56,"school_min":5.96,"k_clinic":5,"k_school":5,"within_15":1,"off_street":0,"ward":"Adeniran Ogunsanya","lga":"Surulere","place":"Iponri","place_m":481},"geometry":{"type":"Polygon","coordinates":[[[3.36227,6.49055],[3.36071,6.49145],[3.35914,6.49055],[3.35914,6.48874],[3.36071,6.48784],[3.36227,6.48874],[3.36227,6.49055]]]}},{"type":"Feature","properties":{"minutes":6.66,"people":826,"clinic_min":8.23,"school_min":5.09,"k_clinic":5,"k_school":5,"within_15":1,"off_street":0,"ward":"Iponri\u2013Olaleye","lga":"Lagos Mainland","place":"Iponri Community","place_m":507},"geometry":{"type":"Polygon","coordinates":[[[3.36541,6.49055],[3.36384,6.49145],[3.36227,6.49055],[3.36227,6.48874],[3.36384,6.48783],[3.36541,6.48874],[3.36541,6.49055]]]}},{"type":"Feature","properties":{"minutes":7.69,"people":396,"clinic_min":10.76,"school_min":4.62,"k_clinic":5,"k_school":5,"within_15":1,"off_street":0,"ward":"Iponri\u2013Olaleye","lga":"Lagos Mainland","place":"Iponri Community","place_m":394},"geometry":{"type":"Polygon","coordinates":[[[3.36854,6.49054],[3.36697,6.49145],[3.36541,6.49055],[3.36541,6.48874],[3.36697,6.48783],[3.36854,6.48873],[3.36854,6.49054]]]}},{"type":"Feature","properties":{"minutes":8.38,"people":202,"clinic_min":9.18,"school_min":7.59,"k_clinic":5,"k_school":5,"within_15":1,"off_street":0,"ward":"Iponri\u2013Olaleye","lga":"Lagos Mainland","place":"Olaleye Community","place_m":422},"geometry":{"type":"Polygon","coordinates":[[[3.37167,6.49054],[3.37011,6.49145],[3.36854,6.49054],[3.36854,6.48873],[3.37011,6.48783],[3.37167,6.48873],[3.37167,6.49054]]]}},{"type":"Feature","properties":{"minutes":12.65,"people":265,"clinic_min":17.75,"school_min":7.55,"k_clinic":5,"k_school":5,"within_15":1,"off_street":0,"ward":"Iponri\u2013Olaleye","lga":"Lagos Mainland","place":"Ebute Metta","place_m":355},"geometry":{"type":"Polygon","coordinates":[[[3.37481,6.49054],[3.37324,6.49145],[3.37167,6.49054],[3.37167,6.48873],[3.37324,6.48783],[3.37481,6.48873],[3.37481,6.49054]]]}},{"type":"Feature","properties":{"minutes":10.18,"people":479,"clinic_min":13.77,"school_min":6.59,"k_clinic":5,"k_school":5,"within_15":1,"off_street":0,"ward":"Iponri\u2013Olaleye","lga":"Lagos Mainland","place":"Ebute Metta","place_m":383},"geometry":{"type":"Polygon","coordinates":[[[3.37794,6.49054],[3.37637,6.49144],[3.37481,6.49054],[3.37481,6.48873],[3.37637,6.48782],[3.37794,6.48873],[3.37794,6.49054]]]}},{"type":"Feature","properties":{"minutes":5.68,"people":861,"clinic_min":4.97,"school_min":6.39,"k_clinic":5,"k_school":5,"within_15":1,"off_street":0,"ward":"Iponri\u2013Olaleye","lga":"Lagos Mainland","place":"Herbert Macaulay Way","place_m":176},"geometry":{"type":"Polygon","coordinates":[[[3.38107,6.49053],[3.37951,6.49144],[3.37794,6.49054],[3.37794,6.48873],[3.3795,6.48782],[3.38107,6.48873],[3.38107,6.49053]]]}},{"type":"Feature","properties":{"minutes":3.22,"people":1897,"clinic_min":3.2,"school_min":3.24,"k_clinic":5,"k_school":5,"within_15":1,"off_street":0,"ward":"Freeman\u2013Glover","lga":"Lagos Mainland","place":"Herbert Macaulay Way","place_m":295},"geometry":{"type":"Polygon","coordinates":[[[3.38421,6.49053],[3.38264,6.49144],[3.38107,6.49053],[3.38107,6.48873],[3.38264,6.48782],[3.3842,6.48872],[3.38421,6.49053]]]}},{"type":"Feature","properties":{"minutes":3.23,"people":1247,"clinic_min":4.95,"school_min":1.51,"k_clinic":5,"k_school":5,"within_15":1,"off_street":0,"ward":"Okobaba","lga":"Lagos Mainland","place":"Lsdpc Estate","place_m":243},"geometry":{"type":"Polygon","coordinates":[[[3.38734,6.49053],[3.38577,6.49144],[3.38421,6.49053],[3.3842,6.48872],[3.38577,6.48782],[3.38734,6.48872],[3.38734,6.49053]]]}},{"type":"Feature","properties":{"minutes":4.5,"people":1607,"clinic_min":7.73,"school_min":1.27,"k_clinic":5,"k_school":5,"within_15":1,"off_street":0,"ward":"Okobaba","lga":"Lagos Mainland","place":"Lsdpc Estate","place_m":203},"geometry":{"type":"Polygon","coordinates":[[[3.39047,6.49053],[3.38891,6.49143],[3.38734,6.49053],[3.38734,6.48872],[3.3889,6.48781],[3.39047,6.48872],[3.39047,6.49053]]]}},{"type":"Feature","properties":{"minutes":11.03,"people":815,"clinic_min":14.38,"school_min":7.69,"k_clinic":5,"k_school":5,"within_15":1,"off_street":0,"ward":"Okobaba","lga":"Lagos Mainland","place":"Okobaba","place_m":299},"geometry":{"type":"Polygon","coordinates":[[[3.3936,6.49053],[3.39204,6.49143],[3.39047,6.49053],[3.39047,6.48872],[3.39204,6.48781],[3.3936,6.48872],[3.3936,6.49053]]]}},{"type":"Feature","properties":{"minutes":9.78,"people":1334,"clinic_min":9.88,"school_min":9.67,"k_clinic":5,"k_school":5,"within_15":1,"off_street":0,"ward":"Addo\u2013Okeira","lga":"Eti Osa","place":"Ado","place_m":163},"geometry":{"type":"Polygon","coordinates":[[[3.58158,6.49034],[3.58002,6.49125],[3.57845,6.49035],[3.57845,6.48854],[3.58001,6.48763],[3.58158,6.48854],[3.58158,6.49034]]]}},{"type":"Feature","properties":{"minutes":10.63,"people":2047,"clinic_min":11.76,"school_min":9.5,"k_clinic":5,"k_school":5,"within_15":1,"off_street":0,"ward":"Addo\u2013Okeira","lga":"Eti Osa","place":"Ado","place_m":233},"geometry":{"type":"Polygon","coordinates":[[[3.58471,6.49034],[3.58315,6.49125],[3.58158,6.49034],[3.58158,6.48854],[3.58314,6.48763],[3.58471,6.48853],[3.58471,6.49034]]]}},{"type":"Feature","properties":{"minutes":14.56,"people":922,"clinic_min":16.29,"school_min":12.84,"k_clinic":5,"k_school":5,"within_15":1,"off_street":0,"ward":"Addo\u2013Okeira","lga":"Eti Osa","place":"Ado","place_m":567},"geometry":{"type":"Polygon","coordinates":[[[3.58785,6.49034],[3.58628,6.49124],[3.58471,6.49034],[3.58471,6.48853],[3.58628,6.48763],[3.58784,6.48853],[3.58785,6.49034]]]}},{"type":"Feature","properties":{"minutes":15.75,"people":1237,"clinic_min":18.57,"school_min":12.93,"k_clinic":5,"k_school":5,"within_15":0,"off_street":0,"ward":"Addo\u2013Okeira","lga":"Eti Osa","place":"Akins","place_m":810},"geometry":{"type":"Polygon","coordinates":[[[3.59098,6.49033],[3.58941,6.49124],[3.58785,6.49034],[3.58784,6.48853],[3.58941,6.48762],[3.59098,6.48852],[3.59098,6.49033]]]}},{"type":"Feature","properties":{"minutes":16.1,"people":1115,"clinic_min":18.82,"school_min":13.38,"k_clinic":5,"k_school":5,"within_15":0,"off_street":0,"ward":"Addo\u2013Okeira","lga":"Eti Osa","place":"Akins","place_m":1063},"geometry":{"type":"Polygon","coordinates":[[[3.59411,6.49033],[3.59255,6.49124],[3.59098,6.49033],[3.59098,6.48852],[3.59254,6.48762],[3.59411,6.48852],[3.59411,6.49033]]]}},{"type":"Feature","properties":{"minutes":16.4,"people":1186,"clinic_min":21.87,"school_min":10.93,"k_clinic":5,"k_school":5,"within_15":0,"off_street":0,"ward":"Addo\u2013Okeira","lga":"Eti Osa","place":"Iranla","place_m":1290},"geometry":{"type":"Polygon","coordinates":[[[3.59724,6.49033],[3.59568,6.49123],[3.59411,6.49033],[3.59411,6.48852],[3.59568,6.48761],[3.59724,6.48852],[3.59724,6.49033]]]}},{"type":"Feature","properties":{"minutes":19.44,"people":717,"clinic_min":25.8,"school_min":13.08,"k_clinic":5,"k_school":5,"within_15":0,"off_street":0,"ward":"Addo\u2013Okeira","lga":"Eti Osa","place":"Iranla","place_m":951},"geometry":{"type":"Polygon","coordinates":[[[3.60038,6.49032],[3.59881,6.49123],[3.59724,6.49033],[3.59724,6.48852],[3.59881,6.48761],[3.60038,6.48851],[3.60038,6.49032]]]}},{"type":"Feature","properties":{"minutes":22.53,"people":947,"clinic_min":28.84,"school_min":16.23,"k_clinic":5,"k_school":5,"within_15":0,"off_street":0,"ward":"Addo\u2013Okeira","lga":"Eti Osa","place":"Iranla","place_m":618},"geometry":{"type":"Polygon","coordinates":[[[3.60351,6.49032],[3.60195,6.49122],[3.60038,6.49032],[3.60038,6.48851],[3.60194,6.48761],[3.60351,6.48851],[3.60351,6.49032]]]}},{"type":"Feature","properties":{"minutes":27.24,"people":623,"clinic_min":33.45,"school_min":21.02,"k_clinic":5,"k_school":5,"within_15":0,"off_street":0,"ward":"Addo\u2013Okeira","lga":"Eti Osa","place":"Iranla","place_m":316},"geometry":{"type":"Polygon","coordinates":[[[3.60664,6.49031],[3.60508,6.49122],[3.60351,6.49032],[3.60351,6.48851],[3.60507,6.4876],[3.60664,6.48851],[3.60664,6.49031]]]}},{"type":"Feature","properties":{"minutes":32.15,"people":587,"clinic_min":38.16,"school_min":26.13,"k_clinic":5,"k_school":5,"within_15":0,"off_street":0,"ward":"Addo\u2013Okeira","lga":"Eti Osa","place":"Iranla","place_m":241},"geometry":{"type":"Polygon","coordinates":[[[3.60978,6.49031],[3.60821,6.49122],[3.60664,6.49031],[3.60664,6.48851],[3.60821,6.4876],[3.60977,6.4885],[3.60978,6.49031]]]}},{"type":"Feature","properties":{"minutes":36.59,"people":530,"clinic_min":42.14,"school_min":31.04,"k_clinic":5,"k_school":5,"within_15":0,"off_street":0,"ward":"Addo\u2013Okeira","lga":"Eti Osa","place":"Iranla","place_m":167},"geometry":{"type":"Polygon","coordinates":[[[3.61291,6.49031],[3.61134,6.49121],[3.60978,6.49031],[3.60977,6.4885],[3.61134,6.4876],[3.61291,6.4885],[3.61291,6.49031]]]}},{"type":"Feature","properties":{"minutes":35.25,"people":511,"clinic_min":39.43,"school_min":31.07,"k_clinic":5,"k_school":5,"within_15":0,"off_street":0,"ward":"Addo\u2013Okeira","lga":"Eti Osa","place":"Iranla","place_m":202},"geometry":{"type":"Polygon","coordinates":[[[3.61604,6.4903],[3.61448,6.49121],[3.61291,6.49031],[3.61291,6.4885],[3.61447,6.48759],[3.61604,6.48849],[3.61604,6.4903]]]}},{"type":"Feature","properties":{"minutes":31.91,"people":5,"clinic_min":35.51,"school_min":28.31,"k_clinic":5,"k_school":5,"within_15":0,"off_street":1,"ward":"Addo\u2013Okeira","lga":"Eti Osa","place":"Iranla","place_m":542},"geometry":{"type":"Polygon","coordinates":[[[3.61917,6.4903],[3.61761,6.49121],[3.61604,6.4903],[3.61604,6.48849],[3.61761,6.48759],[3.61917,6.48849],[3.61917,6.4903]]]}},{"type":"Feature","properties":{"minutes":32.89,"people":11,"clinic_min":43.72,"school_min":22.06,"k_clinic":5,"k_school":5,"within_15":0,"off_street":1,"ward":"Sangotedo","lga":"Eti Osa","place":"Sangotedo","place_m":1897},"geometry":{"type":"Polygon","coordinates":[[[3.6505,6.49026],[3.64894,6.49117],[3.64737,6.49026],[3.64737,6.48846],[3.64893,6.48755],[3.6505,6.48845],[3.6505,6.49026]]]}},{"type":"Feature","properties":{"minutes":5.12,"people":1684,"clinic_min":6.19,"school_min":4.06,"k_clinic":5,"k_school":5,"within_15":1,"off_street":0,"ward":"Airways","lga":"Surulere","place":"Odo Olowu","place_m":540},"geometry":{"type":"Polygon","coordinates":[[[3.32625,6.49329],[3.32468,6.49419],[3.32311,6.49329],[3.32311,6.49148],[3.32468,6.49057],[3.32625,6.49148],[3.32625,6.49329]]]}},{"type":"Feature","properties":{"minutes":3.54,"people":1874,"clinic_min":4.44,"school_min":2.65,"k_clinic":5,"k_school":5,"within_15":1,"off_street":0,"ward":"Airways","lga":"Surulere","place":"Agunbiade","place_m":444},"geometry":{"type":"Polygon","coordinates":[[[3.32938,6.49328],[3.32781,6.49419],[3.32625,6.49329],[3.32625,6.49148],[3.32781,6.49057],[3.32938,6.49148],[3.32938,6.49328]]]}},{"type":"Feature","properties":{"minutes":5.06,"people":1795,"clinic_min":6.32,"school_min":3.8,"k_clinic":5,"k_school":5,"within_15":1,"off_street":0,"ward":"Agunbiade","lga":"Surulere","place":"Agunbiade","place_m":370},"geometry":{"type":"Polygon","coordinates":[[[3.33251,6.49328],[3.33095,6.49419],[3.32938,6.49328],[3.32938,6.49148],[3.33094,6.49057],[3.33251,6.49147],[3.33251,6.49328]]]}},{"type":"Feature","properties":{"minutes":5.4,"people":1765,"clinic_min":5.45,"school_min":5.35,"k_clinic":5,"k_school":5,"within_15":1,"off_street":0,"ward":"Irone","lga":"Surulere","place":"Coker Aguda","place_m":447},"geometry":{"type":"Polygon","coordinates":[[[3.33565,6.49328],[3.33408,6.49419],[3.33251,6.49328],[3.33251,6.49147],[3.33408,6.49057],[3.33564,6.49147],[3.33565,6.49328]]]}},{"type":"Feature","properties":{"minutes":3.45,"people":1707,"clinic_min":4.0,"school_min":2.91,"k_clinic":5,"k_school":5,"within_15":1,"off_street":0,"ward":"Irone","lga":"Surulere","place":"Coker Aguda","place_m":104},"geometry":{"type":"Polygon","coordinates":[[[3.33878,6.49328],[3.33721,6.49418],[3.33565,6.49328],[3.33564,6.49147],[3.33721,6.49057],[3.33878,6.49147],[3.33878,6.49328]]]}},{"type":"Feature","properties":{"minutes":4.77,"people":1726,"clinic_min":6.49,"school_min":3.04,"k_clinic":5,"k_school":5,"within_15":1,"off_street":0,"ward":"Jinadu Aiyetoro","lga":"Surulere","place":"Coker Aguda","place_m":248},"geometry":{"type":"Polygon","coordinates":[[[3.34191,6.49328],[3.34035,6.49418],[3.33878,6.49328],[3.33878,6.49147],[3.34034,6.49056],[3.34191,6.49147],[3.34191,6.49328]]]}},{"type":"Feature","properties":{"minutes":7.58,"people":1731,"clinic_min":7.63,"school_min":7.53,"k_clinic":5,"k_school":5,"within_15":1,"off_street":0,"ward":"Jinadu Aiyetoro","lga":"Surulere","place":"Coker Aguda","place_m":594},"geometry":{"type":"Polygon","coordinates":[[[3.34505,6.49327],[3.34348,6.49418],[3.34191,6.49328],[3.34191,6.49147],[3.34348,6.49056],[3.34504,6.49147],[3.34505,6.49327]]]}},{"type":"Feature","properties":{"minutes":7.47,"people":1707,"clinic_min":8.63,"school_min":6.32,"k_clinic":5,"k_school":5,"within_15":1,"off_street":0,"ward":"Jinadu Aiyetoro","lga":"Surulere","place":"Iganmu","place_m":533},"geometry":{"type":"Polygon","coordinates":[[[3.34818,6.49327],[3.34661,6.49418],[3.34505,6.49327],[3.34504,6.49147],[3.34661,6.49056],[3.34818,6.49146],[3.34818,6.49327]]]}},{"type":"Feature","properties":{"minutes":6.29,"people":1028,"clinic_min":3.68,"school_min":8.9,"k_clinic":5,"k_school":5,"within_15":1,"off_street":0,"ward":"Adeniran Ogunsanya","lga":"Surulere","place":"Iganmu","place_m":503},"geometry":{"type":"Polygon","coordinates":[[[3.35131,6.49327],[3.34975,6.49418],[3.34818,6.49327],[3.34818,6.49146],[3.34974,6.49056],[3.35131,6.49146],[3.35131,6.49327]]]}},{"type":"Feature","properties":{"minutes":7.65,"people":747,"clinic_min":7.44,"school_min":7.85,"k_clinic":5,"k_school":5,"within_15":1,"off_street":0,"ward":"Adeniran Ogunsanya","lga":"Surulere","place":"Iganmu","place_m":680},"geometry":{"type":"Polygon","coordinates":[[[3.35444,6.49327],[3.35288,6.49417],[3.35131,6.49327],[3.35131,6.49146],[3.35288,6.49056],[3.35444,6.49146],[3.35444,6.49327]]]}},{"type":"Feature","properties":{"minutes":7.57,"people":1572,"clinic_min":8.9,"school_min":6.24,"k_clinic":5,"k_school":5,"within_15":1,"off_street":0,"ward":"Adeniran Ogunsanya","lga":"Surulere","place":"Iponri","place_m":429},"geometry":{"type":"Polygon","coordinates":[[[3.35758,6.49327],[3.35601,6.49417],[3.35444,6.49327],[3.35444,6.49146],[3.35601,6.49055],[3.35758,6.49146],[3.35758,6.49327]]]}},{"type":"Feature","properties":{"minutes":3.91,"people":1586,"clinic_min":5.63,"school_min":2.2,"k_clinic":5,"k_school":5,"within_15":1,"off_street":0,"ward":"Adeniran Ogunsanya","lga":"Surulere","place":"Iponri","place_m":172},"geometry":{"type":"Polygon","coordinates":[[[3.36071,6.49326],[3.35914,6.49417],[3.35758,6.49327],[3.35758,6.49146],[3.35914,6.49055],[3.36071,6.49145],[3.36071,6.49326]]]}},{"type":"Feature","properties":{"minutes":8.21,"people":1298,"clinic_min":8.6,"school_min":7.82,"k_clinic":5,"k_school":5,"within_15":1,"off_street":0,"ward":"Adeniran Ogunsanya","lga":"Surulere","place":"Alaka Community","place_m":299},"geometry":{"type":"Polygon","coordinates":[[[3.36384,6.49326],[3.36228,6.49417],[3.36071,6.49326],[3.36071,6.49145],[3.36227,6.49055],[3.36384,6.49145],[3.36384,6.49326]]]}},{"type":"Feature","properties":{"minutes":8.64,"people":949,"clinic_min":11.2,"school_min":6.09,"k_clinic":5,"k_school":5,"within_15":1,"off_street":0,"ward":"Aralile","lga":"Surulere","place":"Alaka Community","place_m":486},"geometry":{"type":"Polygon","coordinates":[[[3.36698,6.49326],[3.36541,6.49416],[3.36384,6.49326],[3.36384,6.49145],[3.36541,6.49055],[3.36697,6.49145],[3.36698,6.49326]]]}},{"type":"Feature","properties":{"minutes":16.36,"people":489,"clinic_min":23.73,"school_min":8.98,"k_clinic":5,"k_school":5,"within_15":0,"off_street":0,"ward":"Iponri\u2013Olaleye","lga":"Lagos Mainland","place":"Olaleye Community","place_m":692},"geometry":{"type":"Polygon","coordinates":[[[3.37011,6.49326],[3.36854,6.49416],[3.36698,6.49326],[3.36697,6.49145],[3.36854,6.49054],[3.37011,6.49145],[3.37011,6.49326]]]}},{"type":"Feature","properties":{"minutes":12.42,"people":588,"clinic_min":19.19,"school_min":5.65,"k_clinic":5,"k_school":5,"within_15":1,"off_street":0,"ward":"Iponri\u2013Olaleye","lga":"Lagos Mainland","place":"Ebute Metta Lagos Mainland","place_m":625},"geometry":{"type":"Polygon","coordinates":[[[3.37324,6.49325],[3.37168,6.49416],[3.37011,6.49326],[3.37011,6.49145],[3.37167,6.49054],[3.37324,6.49145],[3.37324,6.49325]]]}},{"type":"Feature","properties":{"minutes":10.69,"people":549,"clinic_min":11.92,"school_min":9.46,"k_clinic":5,"k_school":5,"within_15":1,"off_street":0,"ward":"Iponri\u2013Olaleye","lga":"Lagos Mainland","place":"Ebute Metta","place_m":625},"geometry":{"type":"Polygon","coordinates":[[[3.37638,6.49325],[3.37481,6.49416],[3.37324,6.49325],[3.37324,6.49145],[3.37481,6.49054],[3.37637,6.49144],[3.37638,6.49325]]]}},{"type":"Feature","properties":{"minutes":9.67,"people":824,"clinic_min":11.55,"school_min":7.79,"k_clinic":5,"k_school":5,"within_15":1,"off_street":0,"ward":"Iponri\u2013Olaleye","lga":"Lagos Mainland","place":"Adekunle","place_m":453},"geometry":{"type":"Polygon","coordinates":[[[3.37951,6.49325],[3.37794,6.49416],[3.37638,6.49325],[3.37637,6.49144],[3.37794,6.49054],[3.37951,6.49144],[3.37951,6.49325]]]}},{"type":"Feature","properties":{"minutes":3.58,"people":1765,"clinic_min":3.8,"school_min":3.36,"k_clinic":5,"k_school":5,"within_15":1,"off_street":0,"ward":"Adekunle\u2013Aiyetoro","lga":"Lagos Mainland","place":"Adekunle","place_m":245},"geometry":{"type":"Polygon","coordinates":[[[3.38264,6.49325],[3.38108,6.49415],[3.37951,6.49325],[3.37951,6.49144],[3.38107,6.49053],[3.38264,6.49144],[3.38264,6.49325]]]}},{"type":"Feature","properties":{"minutes":7.0,"people":997,"clinic_min":7.38,"school_min":6.63,"k_clinic":5,"k_school":5,"within_15":1,"off_street":0,"ward":"Adekunle\u2013Aiyetoro","lga":"Lagos Mainland","place":"Adekunle","place_m":168},"geometry":{"type":"Polygon","coordinates":[[[3.38577,6.49324],[3.38421,6.49415],[3.38264,6.49325],[3.38264,6.49144],[3.38421,6.49053],[3.38577,6.49144],[3.38577,6.49324]]]}},{"type":"Feature","properties":{"minutes":5.52,"people":2503,"clinic_min":6.78,"school_min":4.26,"k_clinic":5,"k_school":5,"within_15":1,"off_street":0,"ward":"Okobaba","lga":"Lagos Mainland","place":"Lsdpc Estate","place_m":163},"geometry":{"type":"Polygon","coordinates":[[[3.38891,6.49324],[3.38734,6.49415],[3.38577,6.49324],[3.38577,6.49144],[3.38734,6.49053],[3.38891,6.49143],[3.38891,6.49324]]]}},{"type":"Feature","properties":{"minutes":15.76,"people":5293,"clinic_min":16.38,"school_min":15.14,"k_clinic":5,"k_school":5,"within_15":0,"off_street":1,"ward":"Abule Oja","lga":"Lagos Mainland","place":"Okobaba","place_m":431},"geometry":{"type":"Polygon","coordinates":[[[3.39517,6.49324],[3.39361,6.49414],[3.39204,6.49324],[3.39204,6.49143],[3.3936,6.49053],[3.39517,6.49143],[3.39517,6.49324]]]}},{"type":"Feature","properties":{"minutes":8.8,"people":1268,"clinic_min":9.24,"school_min":8.35,"k_clinic":5,"k_school":5,"within_15":1,"off_street":0,"ward":"Addo\u2013Okeira","lga":"Eti Osa","place":"Ado","place_m":210},"geometry":{"type":"Polygon","coordinates":[[[3.58315,6.49306],[3.58158,6.49396],[3.58002,6.49306],[3.58002,6.49125],[3.58158,6.49034],[3.58315,6.49125],[3.58315,6.49306]]]}},{"type":"Feature","properties":{"minutes":18.11,"people":1765,"clinic_min":19.7,"school_min":16.52,"k_clinic":5,"k_school":5,"within_15":0,"off_street":0,"ward":"Addo\u2013Okeira","lga":"Eti Osa","place":"Ado","place_m":438},"geometry":{"type":"Polygon","coordinates":[[[3.58628,6.49305],[3.58472,6.49396],[3.58315,6.49306],[3.58315,6.49125],[3.58471,6.49034],[3.58628,6.49124],[3.58628,6.49305]]]}},{"type":"Feature","properties":{"minutes":15.7,"people":1157,"clinic_min":17.79,"school_min":13.61,"k_clinic":5,"k_school":5,"within_15":0,"off_street":0,"ward":"Addo\u2013Okeira","lga":"Eti Osa","place":"Ado","place_m":691},"geometry":{"type":"Polygon","coordinates":[[[3.58942,6.49305],[3.58785,6.49396],[3.58628,6.49305],[3.58628,6.49124],[3.58785,6.49034],[3.58941,6.49124],[3.58942,6.49305]]]}},{"type":"Feature","properties":{"minutes":11.75,"people":1431,"clinic_min":14.51,"school_min":9.0,"k_clinic":5,"k_school":5,"within_15":1,"off_street":0,"ward":"Addo\u2013Okeira","lga":"Eti Osa","place":"Ado","place_m":991},"geometry":{"type":"Polygon","coordinates":[[[3.59255,6.49305],[3.59098,6.49395],[3.58942,6.49305],[3.58941,6.49124],[3.59098,6.49033],[3.59255,6.49124],[3.59255,6.49305]]]}},{"type":"Feature","properties":{"minutes":12.32,"people":1067,"clinic_min":17.68,"school_min":6.96,"k_clinic":5,"k_school":5,"within_15":1,"off_street":0,"ward":"Addo\u2013Okeira","lga":"Eti Osa","place":"Ado","place_m":1314},"geometry":{"type":"Polygon","coordinates":[[[3.59568,6.49304],[3.59412,6.49395],[3.59255,6.49305],[3.59255,6.49124],[3.59411,6.49033],[3.59568,6.49123],[3.59568,6.49304]]]}},{"type":"Feature","properties":{"minutes":14.88,"people":1001,"clinic_min":21.42,"school_min":8.35,"k_clinic":5,"k_school":5,"within_15":1,"off_street":0,"ward":"Addo\u2013Okeira","lga":"Eti Osa","place":"Iranla","place_m":1213},"geometry":{"type":"Polygon","coordinates":[[[3.59881,6.49304],[3.59725,6.49394],[3.59568,6.49304],[3.59568,6.49123],[3.59724,6.49033],[3.59881,6.49123],[3.59881,6.49304]]]}},{"type":"Feature","properties":{"minutes":17.2,"people":505,"clinic_min":23.99,"school_min":10.41,"k_clinic":5,"k_school":5,"within_15":0,"off_street":0,"ward":"Addo\u2013Okeira","lga":"Eti Osa","place":"Iranla","place_m":911},"geometry":{"type":"Polygon","coordinates":[[[3.60195,6.49303],[3.60038,6.49394],[3.59881,6.49304],[3.59881,6.49123],[3.60038,6.49032],[3.60195,6.49122],[3.60195,6.49303]]]}},{"type":"Feature","properties":{"minutes":19.72,"people":657,"clinic_min":26.37,"school_min":13.06,"k_clinic":5,"k_school":5,"within_15":0,"off_street":0,"ward":"Addo\u2013Okeira","lga":"Eti Osa","place":"Iranla","place_m":654},"geometry":{"type":"Polygon","coordinates":[[[3.60508,6.49303],[3.60351,6.49394],[3.60195,6.49303],[3.60195,6.49122],[3.60351,6.49032],[3.60508,6.49122],[3.60508,6.49303]]]}},{"type":"Feature","properties":{"minutes":22.33,"people":719,"clinic_min":28.81,"school_min":15.86,"k_clinic":5,"k_school":5,"within_15":0,"off_street":0,"ward":"Addo\u2013Okeira","lga":"Eti Osa","place":"Iranla","place_m":516},"geometry":{"type":"Polygon","coordinates":[[[3.60821,6.49303],[3.60665,6.49393],[3.60508,6.49303],[3.60508,6.49122],[3.60664,6.49031],[3.60821,6.49122],[3.60821,6.49303]]]}},{"type":"Feature","properties":{"minutes":36.92,"people":631,"clinic_min":42.69,"school_min":31.14,"k_clinic":5,"k_school":5,"within_15":0,"off_street":1,"ward":"Addo\u2013Okeira","lga":"Eti Osa","place":"Iranla","place_m":489},"geometry":{"type":"Polygon","coordinates":[[[3.61135,6.49302],[3.60978,6.49393],[3.60821,6.49303],[3.60821,6.49122],[3.60978,6.49031],[3.61134,6.49121],[3.61135,6.49302]]]}},{"type":"Feature","properties":{"minutes":37.68,"people":42,"clinic_min":42.9,"school_min":32.47,"k_clinic":5,"k_school":5,"within_15":0,"off_street":0,"ward":"Addo\u2013Okeira","lga":"Eti Osa","place":"Iranla","place_m":364},"geometry":{"type":"Polygon","coordinates":[[[3.61448,6.49302],[3.61291,6.49393],[3.61135,6.49302],[3.61134,6.49121],[3.61291,6.49031],[3.61448,6.49121],[3.61448,6.49302]]]}},{"type":"Feature","properties":{"minutes":35.25,"people":57,"clinic_min":39.43,"school_min":31.07,"k_clinic":5,"k_school":5,"within_15":0,"off_street":1,"ward":"Addo\u2013Okeira","lga":"Eti Osa","place":"Iranla","place_m":515},"geometry":{"type":"Polygon","coordinates":[[[3.61761,6.49302],[3.61605,6.49392],[3.61448,6.49302],[3.61448,6.49121],[3.61604,6.4903],[3.61761,6.49121],[3.61761,6.49302]]]}},{"type":"Feature","properties":{"minutes":6.9,"people":1520,"clinic_min":8.56,"school_min":5.24,"k_clinic":5,"k_school":5,"within_15":1,"off_street":0,"ward":"Odo-Olowu","lga":"Surulere","place":"Odo Olowu","place_m":263},"geometry":{"type":"Polygon","coordinates":[[[3.32468,6.496],[3.32312,6.49691],[3.32155,6.496],[3.32155,6.49419],[3.32311,6.49329],[3.32468,6.49419],[3.32468,6.496]]]}},{"type":"Feature","properties":{"minutes":1.44,"people":1625,"clinic_min":2.11,"school_min":0.77,"k_clinic":5,"k_school":5,"within_15":1,"off_street":0,"ward":"Agunbiade","lga":"Surulere","place":"Odo Olowu","place_m":332},"geometry":{"type":"Polygon","coordinates":[[[3.32782,6.496],[3.32625,6.49691],[3.32468,6.496],[3.32468,6.49419],[3.32625,6.49329],[3.32781,6.49419],[3.32782,6.496]]]}},{"type":"Feature","properties":{"minutes":4.3,"people":1617,"clinic_min":5.43,"school_min":3.17,"k_clinic":5,"k_school":5,"within_15":1,"off_street":0,"ward":"Agunbiade","lga":"Surulere","place":"Agunbiade","place_m":105},"geometry":{"type":"Polygon","coordinates":[[[3.33095,6.496],[3.32938,6.4969],[3.32782,6.496],[3.32781,6.49419],[3.32938,6.49328],[3.33095,6.49419],[3.33095,6.496]]]}},{"type":"Feature","properties":{"minutes":4.96,"people":2090,"clinic_min":6.64,"school_min":3.29,"k_clinic":5,"k_school":5,"within_15":1,"off_street":0,"ward":"Agunbiade","lga":"Surulere","place":"Agunbiade","place_m":267},"geometry":{"type":"Polygon","coordinates":[[[3.33408,6.496],[3.33252,6.4969],[3.33095,6.496],[3.33095,6.49419],[3.33251,6.49328],[3.33408,6.49419],[3.33408,6.496]]]}},{"type":"Feature","properties":{"minutes":7.96,"people":1819,"clinic_min":10.72,"school_min":5.2,"k_clinic":5,"k_school":5,"within_15":1,"off_street":0,"ward":"Irone","lga":"Surulere","place":"Coker Aguda","place_m":385},"geometry":{"type":"Polygon","coordinates":[[[3.33721,6.49599],[3.33565,6.4969],[3.33408,6.496],[3.33408,6.49419],[3.33565,6.49328],[3.33721,6.49418],[3.33721,6.49599]]]}},{"type":"Feature","properties":{"minutes":2.47,"people":1404,"clinic_min":2.47,"school_min":2.47,"k_clinic":5,"k_school":5,"within_15":1,"off_street":0,"ward":"Irone","lga":"Surulere","place":"Aguda","place_m":230},"geometry":{"type":"Polygon","coordinates":[[[3.34035,6.49599],[3.33878,6.4969],[3.33721,6.49599],[3.33721,6.49418],[3.33878,6.49328],[3.34035,6.49418],[3.34035,6.49599]]]}},{"type":"Feature","properties":{"minutes":3.9,"people":1748,"clinic_min":4.92,"school_min":2.88,"k_clinic":5,"k_school":5,"within_15":1,"off_street":0,"ward":"Jinadu Aiyetoro","lga":"Surulere","place":"Aguda","place_m":323},"geometry":{"type":"Polygon","coordinates":[[[3.34348,6.49599],[3.34191,6.49689],[3.34035,6.49599],[3.34035,6.49418],[3.34191,6.49328],[3.34348,6.49418],[3.34348,6.49599]]]}},{"type":"Feature","properties":{"minutes":4.92,"people":1448,"clinic_min":4.6,"school_min":5.25,"k_clinic":5,"k_school":5,"within_15":1,"off_street":0,"ward":"Jinadu Aiyetoro","lga":"Surulere","place":"Iganmu","place_m":433},"geometry":{"type":"Polygon","coordinates":[[[3.34661,6.49599],[3.34505,6.49689],[3.34348,6.49599],[3.34348,6.49418],[3.34505,6.49327],[3.34661,6.49418],[3.34661,6.49599]]]}},{"type":"Feature","properties":{"minutes":5.63,"people":499,"clinic_min":6.09,"school_min":5.17,"k_clinic":5,"k_school":5,"within_15":1,"off_street":0,"ward":"Adeniran Ogunsanya","lga":"Surulere","place":"Iganmu","place_m":192},"geometry":{"type":"Polygon","coordinates":[[[3.34975,6.49598],[3.34818,6.49689],[3.34661,6.49599],[3.34661,6.49418],[3.34818,6.49327],[3.34975,6.49418],[3.34975,6.49598]]]}},{"type":"Feature","properties":{"minutes":7.69,"people":1335,"clinic_min":8.89,"school_min":6.48,"k_clinic":5,"k_school":5,"within_15":1,"off_street":0,"ward":"Adeniran Ogunsanya","lga":"Surulere","place":"Iganmu","place_m":355},"geometry":{"type":"Polygon","coordinates":[[[3.35288,6.49598],[3.35131,6.49689],[3.34975,6.49598],[3.34975,6.49418],[3.35131,6.49327],[3.35288,6.49417],[3.35288,6.49598]]]}},{"type":"Feature","properties":{"minutes":9.34,"people":1546,"clinic_min":10.35,"school_min":8.33,"k_clinic":5,"k_school":5,"within_15":1,"off_street":0,"ward":"Adeniran Ogunsanya","lga":"Surulere","place":"Iponri","place_m":585},"geometry":{"type":"Polygon","coordinates":[[[3.35601,6.49598],[3.35445,6.49689],[3.35288,6.49598],[3.35288,6.49417],[3.35444,6.49327],[3.35601,6.49417],[3.35601,6.49598]]]}},{"type":"Feature","properties":{"minutes":4.22,"people":2323,"clinic_min":5.06,"school_min":3.38,"k_clinic":5,"k_school":5,"within_15":1,"off_street":0,"ward":"Adeniran Ogunsanya","lga":"Surulere","place":"Iponri","place_m":260},"geometry":{"type":"Polygon","coordinates":[[[3.35915,6.49598],[3.35758,6.49688],[3.35601,6.49598],[3.35601,6.49417],[3.35758,6.49327],[3.35914,6.49417],[3.35915,6.49598]]]}},{"type":"Feature","properties":{"minutes":5.11,"people":1999,"clinic_min":6.89,"school_min":3.33,"k_clinic":5,"k_school":5,"within_15":1,"off_street":0,"ward":"Adeniran Ogunsanya","lga":"Surulere","place":"Alaka Community","place_m":135},"geometry":{"type":"Polygon","coordinates":[[[3.36228,6.49598],[3.36071,6.49688],[3.35915,6.49598],[3.35914,6.49417],[3.36071,6.49326],[3.36228,6.49417],[3.36228,6.49598]]]}},{"type":"Feature","properties":{"minutes":6.73,"people":955,"clinic_min":4.02,"school_min":9.43,"k_clinic":5,"k_school":5,"within_15":1,"off_street":0,"ward":"Aralile","lga":"Surulere","place":"Alaka Community","place_m":212},"geometry":{"type":"Polygon","coordinates":[[[3.36541,6.49597],[3.36385,6.49688],[3.36228,6.49598],[3.36228,6.49417],[3.36384,6.49326],[3.36541,6.49416],[3.36541,6.49597]]]}},{"type":"Feature","properties":{"minutes":16.38,"people":241,"clinic_min":23.93,"school_min":8.83,"k_clinic":5,"k_school":5,"within_15":0,"off_street":0,"ward":"Iponri\u2013Olaleye","lga":"Lagos Mainland","place":"Alaka Community","place_m":558},"geometry":{"type":"Polygon","coordinates":[[[3.36854,6.49597],[3.36698,6.49688],[3.36541,6.49597],[3.36541,6.49416],[3.36698,6.49326],[3.36854,6.49416],[3.36854,6.49597]]]}},{"type":"Feature","properties":{"minutes":14.44,"people":1009,"clinic_min":21.83,"school_min":7.06,"k_clinic":5,"k_school":5,"within_15":1,"off_street":0,"ward":"Iponri\u2013Olaleye","lga":"Lagos Mainland","place":"Ebute Metta Lagos Mainland","place_m":408},"geometry":{"type":"Polygon","coordinates":[[[3.37168,6.49597],[3.37011,6.49687],[3.36854,6.49597],[3.36854,6.49416],[3.37011,6.49326],[3.37168,6.49416],[3.37168,6.49597]]]}},{"type":"Feature","properties":{"minutes":11.31,"people":910,"clinic_min":18.38,"school_min":4.24,"k_clinic":5,"k_school":5,"within_15":1,"off_street":0,"ward":"Iponri\u2013Olaleye","lga":"Lagos Mainland","place":"Ebute Metta Lagos Mainland","place_m":334},"geometry":{"type":"Polygon","coordinates":[[[3.37481,6.49597],[3.37324,6.49687],[3.37168,6.49597],[3.37168,6.49416],[3.37324,6.49325],[3.37481,6.49416],[3.37481,6.49597]]]}},{"type":"Feature","properties":{"minutes":9.16,"people":479,"clinic_min":10.92,"school_min":7.39,"k_clinic":5,"k_school":5,"within_15":1,"off_street":0,"ward":"Iponri\u2013Olaleye","lga":"Lagos Mainland","place":"Adekunle","place_m":518},"geometry":{"type":"Polygon","coordinates":[[[3.37794,6.49596],[3.37638,6.49687],[3.37481,6.49597],[3.37481,6.49416],[3.37638,6.49325],[3.37794,6.49416],[3.37794,6.49596]]]}},{"type":"Feature","properties":{"minutes":3.1,"people":1843,"clinic_min":3.39,"school_min":2.8,"k_clinic":5,"k_school":5,"within_15":1,"off_street":0,"ward":"Alagomeji","lga":"Lagos Mainland","place":"Adekunle","place_m":172},"geometry":{"type":"Polygon","coordinates":[[[3.38108,6.49596],[3.37951,6.49687],[3.37794,6.49596],[3.37794,6.49416],[3.37951,6.49325],[3.38108,6.49415],[3.38108,6.49596]]]}},{"type":"Feature","properties":{"minutes":5.67,"people":1444,"clinic_min":5.42,"school_min":5.91,"k_clinic":5,"k_school":5,"within_15":1,"off_street":0,"ward":"Adekunle\u2013Aiyetoro","lga":"Lagos Mainland","place":"Adekunle","place_m":175},"geometry":{"type":"Polygon","coordinates":[[[3.38421,6.49596],[3.38264,6.49687],[3.38108,6.49596],[3.38108,6.49415],[3.38264,6.49325],[3.38421,6.49415],[3.38421,6.49596]]]}},{"type":"Feature","properties":{"minutes":3.74,"people":2347,"clinic_min":4.21,"school_min":3.27,"k_clinic":5,"k_school":5,"within_15":1,"off_street":0,"ward":"Adekunle\u2013Aiyetoro","lga":"Lagos Mainland","place":"Makoko","place_m":177},"geometry":{"type":"Polygon","coordinates":[[[3.38734,6.49596],[3.38578,6.49686],[3.38421,6.49596],[3.38421,6.49415],[3.38577,6.49324],[3.38734,6.49415],[3.38734,6.49596]]]}},{"type":"Feature","properties":{"minutes":2.94,"people":8165,"clinic_min":3.36,"school_min":2.52,"k_clinic":5,"k_school":5,"within_15":1,"off_street":0,"ward":"Makoko","lga":"Lagos Mainland","place":"Makoko","place_m":273},"geometry":{"type":"Polygon","coordinates":[[[3.39048,6.49596],[3.38891,6.49686],[3.38734,6.49596],[3.38734,6.49415],[3.38891,6.49324],[3.39047,6.49415],[3.39048,6.49596]]]}},{"type":"Feature","properties":{"minutes":5.77,"people":6896,"clinic_min":7.44,"school_min":4.1,"k_clinic":5,"k_school":5,"within_15":1,"off_street":1,"ward":"Abule Oja","lga":"Lagos Mainland","place":"Okobaba","place_m":485},"geometry":{"type":"Polygon","coordinates":[[[3.39361,6.49595],[3.39204,6.49686],[3.39048,6.49596],[3.39047,6.49415],[3.39204,6.49324],[3.39361,6.49414],[3.39361,6.49595]]]}},{"type":"Feature","properties":{"minutes":10.35,"people":3443,"clinic_min":15.81,"school_min":4.89,"k_clinic":5,"k_school":5,"within_15":1,"off_street":1,"ward":"Abule Oja","lga":"Lagos Mainland","place":"Okobaba","place_m":722},"geometry":{"type":"Polygon","coordinates":[[[3.39674,6.49595],[3.39518,6.49686],[3.39361,6.49595],[3.39361,6.49414],[3.39517,6.49324],[3.39674,6.49414],[3.39674,6.49595]]]}},{"type":"Feature","properties":{"minutes":9.46,"people":176,"clinic_min":9.91,"school_min":9.0,"k_clinic":5,"k_school":5,"within_15":1,"off_street":0,"ward":"Addo\u2013Okeira","lga":"Eti Osa","place":"Ado","place_m":330},"geometry":{"type":"Polygon","coordinates":[[[3.58159,6.49577],[3.58002,6.49668],[3.57845,6.49578],[3.57845,6.49397],[3.58002,6.49306],[3.58158,6.49396],[3.58159,6.49577]]]}},{"type":"Feature","properties":{"minutes":6.56,"people":1755,"clinic_min":6.35,"school_min":6.77,"k_clinic":5,"k_school":5,"within_15":1,"off_street":0,"ward":"Addo\u2013Okeira","lga":"Eti Osa","place":"Ado","place_m":116},"geometry":{"type":"Polygon","coordinates":[[[3.58472,6.49577],[3.58315,6.49667],[3.58159,6.49577],[3.58158,6.49396],[3.58315,6.49306],[3.58472,6.49396],[3.58472,6.49577]]]}},{"type":"Feature","properties":{"minutes":11.38,"people":834,"clinic_min":11.88,"school_min":10.88,"k_clinic":5,"k_school":5,"within_15":1,"off_street":0,"ward":"Addo\u2013Okeira","lga":"Eti Osa","place":"Ado","place_m":398},"geometry":{"type":"Polygon","coordinates":[[[3.58785,6.49576],[3.58629,6.49667],[3.58472,6.49577],[3.58472,6.49396],[3.58628,6.49305],[3.58785,6.49396],[3.58785,6.49576]]]}},{"type":"Feature","properties":{"minutes":10.04,"people":1299,"clinic_min":10.81,"school_min":9.27,"k_clinic":5,"k_school":5,"within_15":1,"off_street":0,"ward":"Addo\u2013Okeira","lga":"Eti Osa","place":"Ado","place_m":737},"geometry":{"type":"Polygon","coordinates":[[[3.59099,6.49576],[3.58942,6.49667],[3.58785,6.49576],[3.58785,6.49396],[3.58942,6.49305],[3.59098,6.49395],[3.59099,6.49576]]]}},{"type":"Feature","properties":{"minutes":12.84,"people":1235,"clinic_min":12.78,"school_min":12.91,"k_clinic":5,"k_school":5,"within_15":1,"off_street":0,"ward":"Addo\u2013Okeira","lga":"Eti Osa","place":"Ado","place_m":1081},"geometry":{"type":"Polygon","coordinates":[[[3.59412,6.49576],[3.59255,6.49666],[3.59099,6.49576],[3.59098,6.49395],[3.59255,6.49305],[3.59412,6.49395],[3.59412,6.49576]]]}},{"type":"Feature","properties":{"minutes":12.14,"people":1236,"clinic_min":17.48,"school_min":6.8,"k_clinic":5,"k_school":5,"within_15":1,"off_street":0,"ward":"Addo\u2013Okeira","lga":"Eti Osa","place":"Ado","place_m":1426},"geometry":{"type":"Polygon","coordinates":[[[3.59725,6.49575],[3.59569,6.49666],[3.59412,6.49576],[3.59412,6.49395],[3.59568,6.49304],[3.59725,6.49394],[3.59725,6.49575]]]}},{"type":"Feature","properties":{"minutes":12.27,"people":1042,"clinic_min":18.36,"school_min":6.19,"k_clinic":5,"k_school":5,"within_15":1,"off_street":0,"ward":"Addo\u2013Okeira","lga":"Eti Osa","place":"Iranla","place_m":1232},"geometry":{"type":"Polygon","coordinates":[[[3.60038,6.49575],[3.59882,6.49666],[3.59725,6.49575],[3.59725,6.49394],[3.59881,6.49304],[3.60038,6.49394],[3.60038,6.49575]]]}},{"type":"Feature","properties":{"minutes":16.1,"people":495,"clinic_min":22.19,"school_min":10.02,"k_clinic":5,"k_school":5,"within_15":0,"off_street":0,"ward":"Addo\u2013Okeira","lga":"Eti Osa","place":"Iranla","place_m":998},"geometry":{"type":"Polygon","coordinates":[[[3.60352,6.49575],[3.60195,6.49665],[3.60038,6.49575],[3.60038,6.49394],[3.60195,6.49303],[3.60351,6.49394],[3.60352,6.49575]]]}},{"type":"Feature","properties":{"minutes":18.56,"people":742,"clinic_min":24.67,"school_min":12.46,"k_clinic":5,"k_school":5,"within_15":0,"off_street":0,"ward":"Addo\u2013Okeira","lga":"Eti Osa","place":"Iranla","place_m":846},"geometry":{"type":"Polygon","coordinates":[[[3.60665,6.49574],[3.60508,6.49665],[3.60352,6.49575],[3.60351,6.49394],[3.60508,6.49303],[3.60665,6.49393],[3.60665,6.49574]]]}},{"type":"Feature","properties":{"minutes":20.3,"people":837,"clinic_min":26.37,"school_min":14.23,"k_clinic":5,"k_school":5,"within_15":0,"off_street":0,"ward":"Addo\u2013Okeira","lga":"Eti Osa","place":"Iranla","place_m":820},"geometry":{"type":"Polygon","coordinates":[[[3.60978,6.49574],[3.60822,6.49664],[3.60665,6.49574],[3.60665,6.49393],[3.60821,6.49303],[3.60978,6.49393],[3.60978,6.49574]]]}},{"type":"Feature","properties":{"minutes":23.16,"people":969,"clinic_min":29.23,"school_min":17.09,"k_clinic":5,"k_school":5,"within_15":0,"off_street":0,"ward":"Addo\u2013Okeira","lga":"Eti Osa","place":"Cooperative Villa Settlement","place_m":644},"geometry":{"type":"Polygon","coordinates":[[[3.61292,6.49573],[3.61135,6.49664],[3.60978,6.49574],[3.60978,6.49393],[3.61135,6.49302],[3.61291,6.49393],[3.61292,6.49573]]]}},{"type":"Feature","properties":{"minutes":42.36,"people":735,"clinic_min":45.97,"school_min":38.76,"k_clinic":5,"k_school":5,"within_15":0,"off_street":0,"ward":"Addo\u2013Okeira","lga":"Eti Osa","place":"Cooperative Villa Settlement","place_m":513},"geometry":{"type":"Polygon","coordinates":[[[3.61605,6.49573],[3.61448,6.49664],[3.61292,6.49573],[3.61291,6.49393],[3.61448,6.49302],[3.61605,6.49392],[3.61605,6.49573]]]}},{"type":"Feature","properties":{"minutes":42.36,"people":16,"clinic_min":45.97,"school_min":38.76,"k_clinic":5,"k_school":5,"within_15":0,"off_street":0,"ward":"Addo\u2013Okeira","lga":"Eti Osa","place":"Cooperative Villa Settlement","place_m":594},"geometry":{"type":"Polygon","coordinates":[[[3.61918,6.49573],[3.61762,6.49663],[3.61605,6.49573],[3.61605,6.49392],[3.61761,6.49302],[3.61918,6.49392],[3.61918,6.49573]]]}},{"type":"Feature","properties":{"minutes":9.18,"people":928,"clinic_min":10.64,"school_min":7.72,"k_clinic":5,"k_school":5,"within_15":1,"off_street":0,"ward":"Odo-Olowu","lga":"Surulere","place":"Odo Olowu","place_m":294},"geometry":{"type":"Polygon","coordinates":[[[3.32312,6.49872],[3.32155,6.49962],[3.31998,6.49872],[3.31998,6.49691],[3.32155,6.496],[3.32312,6.49691],[3.32312,6.49872]]]}},{"type":"Feature","properties":{"minutes":4.4,"people":1716,"clinic_min":4.89,"school_min":3.91,"k_clinic":5,"k_school":5,"within_15":1,"off_street":0,"ward":"Odo-Olowu","lga":"Surulere","place":"Odo Olowu","place_m":86},"geometry":{"type":"Polygon","coordinates":[[[3.32625,6.49871],[3.32468,6.49962],[3.32312,6.49872],[3.32312,6.49691],[3.32468,6.496],[3.32625,6.49691],[3.32625,6.49871]]]}},{"type":"Feature","properties":{"minutes":2.8,"people":2064,"clinic_min":2.92,"school_min":2.67,"k_clinic":5,"k_school":5,"within_15":1,"off_street":0,"ward":"Agunbiade","lga":"Surulere","place":"Agunbiade","place_m":354},"geometry":{"type":"Polygon","coordinates":[[[3.32938,6.49871],[3.32782,6.49962],[3.32625,6.49871],[3.32625,6.49691],[3.32782,6.496],[3.32938,6.4969],[3.32938,6.49871]]]}},{"type":"Feature","properties":{"minutes":4.68,"people":1860,"clinic_min":6.35,"school_min":3.01,"k_clinic":5,"k_school":5,"within_15":1,"off_street":0,"ward":"Sanusi 1","lga":"Surulere","place":"Agunbiade","place_m":256},"geometry":{"type":"Polygon","coordinates":[[[3.33252,6.49871],[3.33095,6.49962],[3.32938,6.49871],[3.32938,6.4969],[3.33095,6.496],[3.33252,6.4969],[3.33252,6.49871]]]}},{"type":"Feature","properties":{"minutes":5.1,"people":2048,"clinic_min":7.61,"school_min":2.59,"k_clinic":5,"k_school":5,"within_15":1,"off_street":0,"ward":"Sanusi 1","lga":"Surulere","place":"Sanusi I","place_m":311},"geometry":{"type":"Polygon","coordinates":[[[3.33565,6.49871],[3.33408,6.49961],[3.33252,6.49871],[3.33252,6.4969],[3.33408,6.496],[3.33565,6.4969],[3.33565,6.49871]]]}},{"type":"Feature","properties":{"minutes":6.41,"people":1679,"clinic_min":9.12,"school_min":3.71,"k_clinic":5,"k_school":5,"within_15":1,"off_street":0,"ward":"Nuru Oniwo","lga":"Surulere","place":"Ijesha","place_m":218},"geometry":{"type":"Polygon","coordinates":[[[3.33878,6.49871],[3.33722,6.49961],[3.33565,6.49871],[3.33565,6.4969],[3.33721,6.49599],[3.33878,6.4969],[3.33878,6.49871]]]}},{"type":"Feature","properties":{"minutes":4.21,"people":1715,"clinic_min":4.93,"school_min":3.49,"k_clinic":5,"k_school":5,"within_15":1,"off_street":0,"ward":"Nuru Oniwo","lga":"Surulere","place":"Aguda","place_m":118},"geometry":{"type":"Polygon","coordinates":[[[3.34192,6.4987],[3.34035,6.49961],[3.33878,6.49871],[3.33878,6.4969],[3.34035,6.49599],[3.34191,6.49689],[3.34192,6.4987]]]}},{"type":"Feature","properties":{"minutes":5.91,"people":1792,"clinic_min":3.31,"school_min":8.5,"k_clinic":5,"k_school":5,"within_15":1,"off_street":0,"ward":"Nuru Oniwo","lga":"Surulere","place":"Aguda","place_m":430},"geometry":{"type":"Polygon","coordinates":[[[3.34505,6.4987],[3.34348,6.49961],[3.34192,6.4987],[3.34191,6.49689],[3.34348,6.49599],[3.34505,6.49689],[3.34505,6.4987]]]}},{"type":"Feature","properties":{"minutes":3.17,"people":1606,"clinic_min":1.66,"school_min":4.68,"k_clinic":5,"k_school":5,"within_15":1,"off_street":0,"ward":"Nuru Oniwo","lga":"Surulere","place":"Iganmu","place_m":246},"geometry":{"type":"Polygon","coordinates":[[[3.34818,6.4987],[3.34662,6.49961],[3.34505,6.4987],[3.34505,6.49689],[3.34661,6.49599],[3.34818,6.49689],[3.34818,6.4987]]]}},{"type":"Feature","properties":{"minutes":2.44,"people":1695,"clinic_min":3.65,"school_min":1.23,"k_clinic":5,"k_school":5,"within_15":1,"off_street":0,"ward":"Adeniran Ogunsanya","lga":"Surulere","place":"Iganmu","place_m":171},"geometry":{"type":"Polygon","coordinates":[[[3.35131,6.4987],[3.34975,6.4996],[3.34818,6.4987],[3.34818,6.49689],[3.34975,6.49598],[3.35131,6.49689],[3.35131,6.4987]]]}},{"type":"Feature","properties":{"minutes":6.56,"people":1358,"clinic_min":9.27,"school_min":3.84,"k_clinic":5,"k_school":5,"within_15":1,"off_street":0,"ward":"Adeniran Ogunsanya","lga":"Surulere","place":"Iganmu","place_m":488},"geometry":{"type":"Polygon","coordinates":[[[3.35445,6.4987],[3.35288,6.4996],[3.35131,6.4987],[3.35131,6.49689],[3.35288,6.49598],[3.35445,6.49689],[3.35445,6.4987]]]}},{"type":"Feature","properties":{"minutes":7.25,"people":2014,"clinic_min":8.69,"school_min":5.81,"k_clinic":5,"k_school":5,"within_15":1,"off_street":0,"ward":"Adeniran Ogunsanya","lga":"Surulere","place":"Surulere","place_m":355},"geometry":{"type":"Polygon","coordinates":[[[3.35758,6.49869],[3.35602,6.4996],[3.35445,6.4987],[3.35445,6.49689],[3.35601,6.49598],[3.35758,6.49688],[3.35758,6.49869]]]}},{"type":"Feature","properties":{"minutes":5.63,"people":1717,"clinic_min":7.23,"school_min":4.03,"k_clinic":5,"k_school":5,"within_15":1,"off_street":0,"ward":"Adeniran Ogunsanya","lga":"Surulere","place":"Akerele","place_m":167},"geometry":{"type":"Polygon","coordinates":[[[3.36071,6.49869],[3.35915,6.4996],[3.35758,6.49869],[3.35758,6.49688],[3.35915,6.49598],[3.36071,6.49688],[3.36071,6.49869]]]}},{"type":"Feature","properties":{"minutes":4.0,"people":677,"clinic_min":2.41,"school_min":5.59,"k_clinic":5,"k_school":5,"within_15":1,"off_street":0,"ward":"Aralile","lga":"Surulere","place":"Adeniran Ogunsanya","place_m":270},"geometry":{"type":"Polygon","coordinates":[[[3.36385,6.49869],[3.36228,6.49959],[3.36071,6.49869],[3.36071,6.49688],[3.36228,6.49598],[3.36385,6.49688],[3.36385,6.49869]]]}},{"type":"Feature","properties":{"minutes":10.66,"people":89,"clinic_min":9.45,"school_min":11.87,"k_clinic":5,"k_school":5,"within_15":1,"off_street":0,"ward":"Aralile","lga":"Surulere","place":"Alaka Community","place_m":490},"geometry":{"type":"Polygon","coordinates":[[[3.36698,6.49869],[3.36541,6.49959],[3.36385,6.49869],[3.36385,6.49688],[3.36541,6.49597],[3.36698,6.49688],[3.36698,6.49869]]]}},{"type":"Feature","properties":{"minutes":14.97,"people":151,"clinic_min":15.74,"school_min":14.21,"k_clinic":5,"k_school":5,"within_15":1,"off_street":0,"ward":"Iponri\u2013Olaleye","lga":"Lagos Mainland","place":"Ebute Metta Lagos Mainland","place_m":427},"geometry":{"type":"Polygon","coordinates":[[[3.37011,6.49868],[3.36855,6.49959],[3.36698,6.49869],[3.36698,6.49688],[3.36854,6.49597],[3.37011,6.49687],[3.37011,6.49868]]]}},{"type":"Feature","properties":{"minutes":10.42,"people":880,"clinic_min":16.25,"school_min":4.59,"k_clinic":5,"k_school":5,"within_15":1,"off_street":0,"ward":"Iponri\u2013Olaleye","lga":"Lagos Mainland","place":"Ebute Metta Lagos Mainland","place_m":83},"geometry":{"type":"Polygon","coordinates":[[[3.37325,6.49868],[3.37168,6.49959],[3.37011,6.49868],[3.37011,6.49687],[3.37168,6.49597],[3.37324,6.49687],[3.37325,6.49868]]]}},{"type":"Feature","properties":{"minutes":9.12,"people":635,"clinic_min":14.45,"school_min":3.79,"k_clinic":5,"k_school":5,"within_15":1,"off_street":0,"ward":"Iponri\u2013Olaleye","lga":"Lagos Mainland","place":"Ebute Metta Lagos Mainland","place_m":267},"geometry":{"type":"Polygon","coordinates":[[[3.37638,6.49868],[3.37481,6.49959],[3.37325,6.49868],[3.37324,6.49687],[3.37481,6.49597],[3.37638,6.49687],[3.37638,6.49868]]]}},{"type":"Feature","properties":{"minutes":3.73,"people":1663,"clinic_min":3.38,"school_min":4.08,"k_clinic":5,"k_school":5,"within_15":1,"off_street":0,"ward":"Alagomeji","lga":"Lagos Mainland","place":"Alagomeji","place_m":232},"geometry":{"type":"Polygon","coordinates":[[[3.37951,6.49868],[3.37795,6.49958],[3.37638,6.49868],[3.37638,6.49687],[3.37794,6.49596],[3.37951,6.49687],[3.37951,6.49868]]]}},{"type":"Feature","properties":{"minutes":5.57,"people":1782,"clinic_min":6.18,"school_min":4.96,"k_clinic":5,"k_school":5,"within_15":1,"off_street":0,"ward":"Alagomeji","lga":"Lagos Mainland","place":"Adekunle","place_m":306},"geometry":{"type":"Polygon","coordinates":[[[3.38265,6.49867],[3.38108,6.49958],[3.37951,6.49868],[3.37951,6.49687],[3.38108,6.49596],[3.38264,6.49687],[3.38265,6.49867]]]}},{"type":"Feature","properties":{"minutes":8.33,"people":2081,"clinic_min":9.92,"school_min":6.74,"k_clinic":5,"k_school":5,"within_15":1,"off_street":0,"ward":"Alagomeji","lga":"Lagos Mainland","place":"Amos Olayinka","place_m":134},"geometry":{"type":"Polygon","coordinates":[[[3.38578,6.49867],[3.38421,6.49958],[3.38265,6.49867],[3.38264,6.49687],[3.38421,6.49596],[3.38578,6.49686],[3.38578,6.49867]]]}},{"type":"Feature","properties":{"minutes":2.76,"people":3588,"clinic_min":3.76,"school_min":1.76,"k_clinic":5,"k_school":5,"within_15":1,"off_street":0,"ward":"Makoko","lga":"Lagos Mainland","place":"Makoko","place_m":174},"geometry":{"type":"Polygon","coordinates":[[[3.38891,6.49867],[3.38735,6.49958],[3.38578,6.49867],[3.38578,6.49686],[3.38734,6.49596],[3.38891,6.49686],[3.38891,6.49867]]]}},{"type":"Feature","properties":{"minutes":5.77,"people":6071,"clinic_min":7.44,"school_min":4.1,"k_clinic":5,"k_school":5,"within_15":1,"off_street":0,"ward":"Makoko","lga":"Lagos Mainland","place":"Apollo","place_m":178},"geometry":{"type":"Polygon","coordinates":[[[3.39204,6.49867],[3.39048,6.49957],[3.38891,6.49867],[3.38891,6.49686],[3.39048,6.49596],[3.39204,6.49686],[3.39204,6.49867]]]}},{"type":"Feature","properties":{"minutes":13.45,"people":9014,"clinic_min":16.83,"school_min":10.08,"k_clinic":5,"k_school":5,"within_15":1,"off_street":1,"ward":"Abule Oja","lga":"Lagos Mainland","place":"Apollo","place_m":451},"geometry":{"type":"Polygon","coordinates":[[[3.39518,6.49867],[3.39361,6.49957],[3.39204,6.49867],[3.39204,6.49686],[3.39361,6.49595],[3.39518,6.49686],[3.39518,6.49867]]]}},{"type":"Feature","properties":{"minutes":14.51,"people":2406,"clinic_min":19.41,"school_min":9.61,"k_clinic":5,"k_school":5,"within_15":1,"off_street":1,"ward":"Abule Oja","lga":"Lagos Mainland","place":"Apollo","place_m":784},"geometry":{"type":"Polygon","coordinates":[[[3.39831,6.49866],[3.39674,6.49957],[3.39518,6.49867],[3.39518,6.49686],[3.39674,6.49595],[3.39831,6.49685],[3.39831,6.49866]]]}},{"type":"Feature","properties":{"minutes":7.79,"people":1838,"clinic_min":8.47,"school_min":7.1,"k_clinic":5,"k_school":5,"within_15":1,"off_street":0,"ward":"Addo\u2013Okeira","lga":"Eti Osa","place":"Ado","place_m":234},"geometry":{"type":"Polygon","coordinates":[[[3.58316,6.49848],[3.58159,6.49939],[3.58002,6.49849],[3.58002,6.49668],[3.58159,6.49577],[3.58315,6.49667],[3.58316,6.49848]]]}},{"type":"Feature","properties":{"minutes":4.45,"people":1205,"clinic_min":4.95,"school_min":3.95,"k_clinic":5,"k_school":5,"within_15":1,"off_street":0,"ward":"Addo\u2013Okeira","lga":"Eti Osa","place":"Ado","place_m":282},"geometry":{"type":"Polygon","coordinates":[[[3.58629,6.49848],[3.58472,6.49939],[3.58316,6.49848],[3.58315,6.49667],[3.58472,6.49577],[3.58629,6.49667],[3.58629,6.49848]]]}},{"type":"Feature","properties":{"minutes":5.59,"people":1233,"clinic_min":5.48,"school_min":5.7,"k_clinic":5,"k_school":5,"within_15":1,"off_street":0,"ward":"Addo\u2013Okeira","lga":"Eti Osa","place":"Ado","place_m":587},"geometry":{"type":"Polygon","coordinates":[[[3.58942,6.49848],[3.58786,6.49938],[3.58629,6.49848],[3.58629,6.49667],[3.58785,6.49576],[3.58942,6.49667],[3.58942,6.49848]]]}},{"type":"Feature","properties":{"minutes":9.43,"people":1019,"clinic_min":9.15,"school_min":9.72,"k_clinic":5,"k_school":5,"within_15":1,"off_street":0,"ward":"Addo\u2013Okeira","lga":"Eti Osa","place":"Ado","place_m":921},"geometry":{"type":"Polygon","coordinates":[[[3.59256,6.49847],[3.59099,6.49938],[3.58942,6.49848],[3.58942,6.49667],[3.59099,6.49576],[3.59255,6.49666],[3.59256,6.49847]]]}},{"type":"Feature","properties":{"minutes":10.23,"people":1191,"clinic_min":12.71,"school_min":7.75,"k_clinic":5,"k_school":5,"within_15":1,"off_street":0,"ward":"Addo\u2013Okeira","lga":"Eti Osa","place":"Ado","place_m":1262},"geometry":{"type":"Polygon","coordinates":[[[3.59569,6.49847],[3.59412,6.49938],[3.59256,6.49847],[3.59255,6.49666],[3.59412,6.49576],[3.59569,6.49666],[3.59569,6.49847]]]}},{"type":"Feature","properties":{"minutes":13.37,"people":1116,"clinic_min":18.36,"school_min":8.38,"k_clinic":5,"k_school":5,"within_15":1,"off_street":0,"ward":"Addo\u2013Okeira","lga":"Eti Osa","place":"Greenville Estate","place_m":1426},"geometry":{"type":"Polygon","coordinates":[[[3.59882,6.49847],[3.59726,6.49937],[3.59569,6.49847],[3.59569,6.49666],[3.59725,6.49575],[3.59882,6.49666],[3.59882,6.49847]]]}},{"type":"Feature","properties":{"minutes":17.96,"people":559,"clinic_min":24.55,"school_min":11.36,"k_clinic":5,"k_school":5,"within_15":0,"off_street":0,"ward":"Addo\u2013Okeira","lga":"Eti Osa","place":"Iranla","place_m":1344},"geometry":{"type":"Polygon","coordinates":[[[3.60195,6.49846],[3.60039,6.49937],[3.59882,6.49847],[3.59882,6.49666],[3.60038,6.49575],[3.60195,6.49665],[3.60195,6.49846]]]}},{"type":"Feature","properties":{"minutes":15.75,"people":922,"clinic_min":22.17,"school_min":9.33,"k_clinic":5,"k_school":5,"within_15":0,"off_street":0,"ward":"Addo\u2013Okeira","lga":"Eti Osa","place":"Iranla","place_m":1185},"geometry":{"type":"Polygon","coordinates":[[[3.60509,6.49846],[3.60352,6.49936],[3.60195,6.49846],[3.60195,6.49665],[3.60352,6.49575],[3.60508,6.49665],[3.60509,6.49846]]]}},{"type":"Feature","properties":{"minutes":15.79,"people":1245,"clinic_min":22.02,"school_min":9.57,"k_clinic":5,"k_school":5,"within_15":0,"off_street":0,"ward":"Addo\u2013Okeira","lga":"Eti Osa","place":"Cooperative Villa Settlement","place_m":934},"geometry":{"type":"Polygon","coordinates":[[[3.60822,6.49845],[3.60665,6.49936],[3.60509,6.49846],[3.60508,6.49665],[3.60665,6.49574],[3.60822,6.49664],[3.60822,6.49845]]]}},{"type":"Feature","properties":{"minutes":22.9,"people":920,"clinic_min":28.96,"school_min":16.83,"k_clinic":5,"k_school":5,"within_15":0,"off_street":0,"ward":"Addo\u2013Okeira","lga":"Eti Osa","place":"Cooperative Villa Settlement","place_m":602},"geometry":{"type":"Polygon","coordinates":[[[3.61135,6.49845],[3.60979,6.49936],[3.60822,6.49845],[3.60822,6.49664],[3.60978,6.49574],[3.61135,6.49664],[3.61135,6.49845]]]}},{"type":"Feature","properties":{"minutes":26.31,"people":799,"clinic_min":32.38,"school_min":20.24,"k_clinic":5,"k_school":5,"within_15":0,"off_street":0,"ward":"Addo\u2013Okeira","lga":"Eti Osa","place":"Cooperative Villa Settlement","place_m":303},"geometry":{"type":"Polygon","coordinates":[[[3.61449,6.49845],[3.61292,6.49935],[3.61135,6.49845],[3.61135,6.49664],[3.61292,6.49573],[3.61448,6.49664],[3.61449,6.49845]]]}},{"type":"Feature","properties":{"minutes":42.36,"people":967,"clinic_min":45.97,"school_min":38.76,"k_clinic":5,"k_school":5,"within_15":0,"off_street":1,"ward":"Addo\u2013Okeira","lga":"Eti Osa","place":"Cooperative Villa Settlement","place_m":248},"geometry":{"type":"Polygon","coordinates":[[[3.61762,6.49844],[3.61605,6.49935],[3.61449,6.49845],[3.61448,6.49664],[3.61605,6.49573],[3.61762,6.49663],[3.61762,6.49844]]]}},{"type":"Feature","properties":{"minutes":42.36,"people":682,"clinic_min":45.97,"school_min":38.76,"k_clinic":5,"k_school":5,"within_15":0,"off_street":1,"ward":"Addo\u2013Okeira","lga":"Eti Osa","place":"Cooperative Villa Settlement","place_m":521},"geometry":{"type":"Polygon","coordinates":[[[3.62075,6.49844],[3.61919,6.49935],[3.61762,6.49844],[3.61762,6.49663],[3.61918,6.49573],[3.62075,6.49663],[3.62075,6.49844]]]}},{"type":"Feature","properties":{"minutes":7.11,"people":1472,"clinic_min":8.27,"school_min":5.96,"k_clinic":5,"k_school":5,"within_15":1,"off_street":0,"ward":"Odo-Olowu","lga":"Surulere","place":"Odo Olowu","place_m":380},"geometry":{"type":"Polygon","coordinates":[[[3.32469,6.50143],[3.32312,6.50233],[3.32155,6.50143],[3.32155,6.49962],[3.32312,6.49872],[3.32468,6.49962],[3.32469,6.50143]]]}},{"type":"Feature","properties":{"minutes":2.96,"people":1259,"clinic_min":3.18,"school_min":2.73,"k_clinic":5,"k_school":5,"within_15":1,"off_street":0,"ward":"Odo Eran\u2013Ogunlana","lga":"Mushin","place":"Odo Olowu","place_m":431},"geometry":{"type":"Polygon","coordinates":[[[3.32782,6.50143],[3.32625,6.50233],[3.32469,6.50143],[3.32468,6.49962],[3.32625,6.49871],[3.32782,6.49962],[3.32782,6.50143]]]}},{"type":"Feature","properties":{"minutes":4.18,"people":1656,"clinic_min":3.83,"school_min":4.53,"k_clinic":5,"k_school":5,"within_15":1,"off_street":0,"ward":"Sanusi 1","lga":"Surulere","place":"Sanusi I","place_m":351},"geometry":{"type":"Polygon","coordinates":[[[3.33095,6.50143],[3.32939,6.50233],[3.32782,6.50143],[3.32782,6.49962],[3.32938,6.49871],[3.33095,6.49962],[3.33095,6.50143]]]}},{"type":"Feature","properties":{"minutes":3.37,"people":2189,"clinic_min":3.7,"school_min":3.03,"k_clinic":5,"k_school":5,"within_15":1,"off_street":0,"ward":"Sanusi 1","lga":"Surulere","place":"Sanusi I","place_m":40},"geometry":{"type":"Polygon","coordinates":[[[3.33408,6.50142],[3.33252,6.50233],[3.33095,6.50143],[3.33095,6.49962],[3.33252,6.49871],[3.33408,6.49961],[3.33408,6.50142]]]}},{"type":"Feature","properties":{"minutes":3.38,"people":1923,"clinic_min":4.35,"school_min":2.41,"k_clinic":5,"k_school":5,"within_15":1,"off_street":0,"ward":"Ogunsami\u2013Karounwi","lga":"Surulere","place":"Ijesha","place_m":278},"geometry":{"type":"Polygon","coordinates":[[[3.33722,6.50142],[3.33565,6.50233],[3.33408,6.50142],[3.33408,6.49961],[3.33565,6.49871],[3.33722,6.49961],[3.33722,6.50142]]]}},{"type":"Feature","properties":{"minutes":7.1,"people":1419,"clinic_min":9.48,"school_min":4.73,"k_clinic":5,"k_school":5,"within_15":1,"off_street":0,"ward":"Nuru Oniwo","lga":"Surulere","place":"Ijesha","place_m":133},"geometry":{"type":"Polygon","coordinates":[[[3.34035,6.50142],[3.33879,6.50232],[3.33722,6.50142],[3.33722,6.49961],[3.33878,6.49871],[3.34035,6.49961],[3.34035,6.50142]]]}},{"type":"Feature","properties":{"minutes":4.68,"people":1542,"clinic_min":5.81,"school_min":3.55,"k_clinic":5,"k_school":5,"within_15":1,"off_street":0,"ward":"Nuru Oniwo","lga":"Surulere","place":"Ijesha","place_m":444},"geometry":{"type":"Polygon","coordinates":[[[3.34348,6.50142],[3.34192,6.50232],[3.34035,6.50142],[3.34035,6.49961],[3.34192,6.4987],[3.34348,6.49961],[3.34348,6.50142]]]}},{"type":"Feature","properties":{"minutes":4.12,"people":1786,"clinic_min":3.92,"school_min":4.33,"k_clinic":5,"k_school":5,"within_15":1,"off_street":0,"ward":"Nuru Oniwo","lga":"Surulere","place":"Iganmu","place_m":569},"geometry":{"type":"Polygon","coordinates":[[[3.34662,6.50141],[3.34505,6.50232],[3.34348,6.50142],[3.34348,6.49961],[3.34505,6.4987],[3.34662,6.49961],[3.34662,6.50141]]]}},{"type":"Feature","properties":{"minutes":4.21,"people":1713,"clinic_min":4.37,"school_min":4.05,"k_clinic":5,"k_school":5,"within_15":1,"off_street":0,"ward":"Nuru Oniwo","lga":"Surulere","place":"Iganmu","place_m":416},"geometry":{"type":"Polygon","coordinates":[[[3.34975,6.50141],[3.34818,6.50232],[3.34662,6.50141],[3.34662,6.49961],[3.34818,6.4987],[3.34975,6.4996],[3.34975,6.50141]]]}},{"type":"Feature","properties":{"minutes":5.58,"people":1440,"clinic_min":6.78,"school_min":4.39,"k_clinic":5,"k_school":5,"within_15":1,"off_street":0,"ward":"Adeniran Ogunsanya","lga":"Surulere","place":"Iganmu","place_m":512},"geometry":{"type":"Polygon","coordinates":[[[3.35288,6.50141],[3.35132,6.50232],[3.34975,6.50141],[3.34975,6.4996],[3.35131,6.4987],[3.35288,6.4996],[3.35288,6.50141]]]}},{"type":"Feature","properties":{"minutes":5.28,"people":1732,"clinic_min":6.22,"school_min":4.34,"k_clinic":5,"k_school":5,"within_15":1,"off_street":0,"ward":"Shitta Bank Olemoh","lga":"Surulere","place":"Surulere","place_m":297},"geometry":{"type":"Polygon","coordinates":[[[3.35602,6.50141],[3.35445,6.50231],[3.35288,6.50141],[3.35288,6.4996],[3.35445,6.4987],[3.35602,6.4996],[3.35602,6.50141]]]}},{"type":"Feature","properties":{"minutes":7.4,"people":2991,"clinic_min":8.38,"school_min":6.42,"k_clinic":5,"k_school":5,"within_15":1,"off_street":0,"ward":"Shitta Bank Olemoh","lga":"Surulere","place":"Surulere","place_m":61},"geometry":{"type":"Polygon","coordinates":[[[3.35915,6.50141],[3.35758,6.50231],[3.35602,6.50141],[3.35602,6.4996],[3.35758,6.49869],[3.35915,6.4996],[3.35915,6.50141]]]}},{"type":"Feature","properties":{"minutes":5.27,"people":2041,"clinic_min":5.63,"school_min":4.91,"k_clinic":5,"k_school":5,"within_15":1,"off_street":0,"ward":"Gbaja Obele-Odan","lga":"Surulere","place":"Akerele","place_m":204},"geometry":{"type":"Polygon","coordinates":[[[3.36228,6.5014],[3.36072,6.50231],[3.35915,6.50141],[3.35915,6.4996],[3.36071,6.49869],[3.36228,6.49959],[3.36228,6.5014]]]}},{"type":"Feature","properties":{"minutes":9.4,"people":1159,"clinic_min":7.58,"school_min":11.23,"k_clinic":5,"k_school":5,"within_15":1,"off_street":0,"ward":"Aralile","lga":"Surulere","place":"Stadium","place_m":254},"geometry":{"type":"Polygon","coordinates":[[[3.36542,6.5014],[3.36385,6.50231],[3.36228,6.5014],[3.36228,6.49959],[3.36385,6.49869],[3.36541,6.49959],[3.36542,6.5014]]]}},{"type":"Feature","properties":{"minutes":6.47,"people":359,"clinic_min":10.37,"school_min":2.58,"k_clinic":5,"k_school":5,"within_15":1,"off_street":0,"ward":"Aralile","lga":"Surulere","place":"Stadium","place_m":293},"geometry":{"type":"Polygon","coordinates":[[[3.36855,6.5014],[3.36698,6.5023],[3.36542,6.5014],[3.36541,6.49959],[3.36698,6.49869],[3.36855,6.49959],[3.36855,6.5014]]]}},{"type":"Feature","properties":{"minutes":10.23,"people":638,"clinic_min":12.87,"school_min":7.58,"k_clinic":5,"k_school":5,"within_15":1,"off_street":0,"ward":"Iponri\u2013Olaleye","lga":"Lagos Mainland","place":"Ebute Metta Lagos Mainland","place_m":377},"geometry":{"type":"Polygon","coordinates":[[[3.37168,6.5014],[3.37012,6.5023],[3.36855,6.5014],[3.36855,6.49959],[3.37011,6.49868],[3.37168,6.49959],[3.37168,6.5014]]]}},{"type":"Feature","properties":{"minutes":12.68,"people":459,"clinic_min":17.52,"school_min":7.83,"k_clinic":5,"k_school":5,"within_15":1,"off_street":0,"ward":"Iponri\u2013Olaleye","lga":"Lagos Mainland","place":"Ebute Metta Lagos Mainland","place_m":295},"geometry":{"type":"Polygon","coordinates":[[[3.37481,6.50139],[3.37325,6.5023],[3.37168,6.5014],[3.37168,6.49959],[3.37325,6.49868],[3.37481,6.49959],[3.37481,6.50139]]]}},{"type":"Feature","properties":{"minutes":3.41,"people":1426,"clinic_min":3.9,"school_min":2.93,"k_clinic":5,"k_school":5,"within_15":1,"off_street":0,"ward":"Harvey","lga":"Lagos Mainland","place":"Alagomeji","place_m":196},"geometry":{"type":"Polygon","coordinates":[[[3.37795,6.50139],[3.37638,6.5023],[3.37481,6.50139],[3.37481,6.49959],[3.37638,6.49868],[3.37795,6.49958],[3.37795,6.50139]]]}},{"type":"Feature","properties":{"minutes":2.06,"people":1947,"clinic_min":2.37,"school_min":1.74,"k_clinic":5,"k_school":5,"within_15":1,"off_street":0,"ward":"Alagomeji","lga":"Lagos Mainland","place":"Alagomeji","place_m":176},"geometry":{"type":"Polygon","coordinates":[[[3.38108,6.50139],[3.37951,6.5023],[3.37795,6.50139],[3.37795,6.49958],[3.37951,6.49868],[3.38108,6.49958],[3.38108,6.50139]]]}},{"type":"Feature","properties":{"minutes":4.03,"people":1828,"clinic_min":5.69,"school_min":2.37,"k_clinic":5,"k_school":5,"within_15":1,"off_street":0,"ward":"Alagomeji","lga":"Lagos Mainland","place":"Commercial Avenue","place_m":273},"geometry":{"type":"Polygon","coordinates":[[[3.38421,6.50139],[3.38265,6.50229],[3.38108,6.50139],[3.38108,6.49958],[3.38265,6.49867],[3.38421,6.49958],[3.38421,6.50139]]]}},{"type":"Feature","properties":{"minutes":4.49,"people":3217,"clinic_min":5.61,"school_min":3.37,"k_clinic":5,"k_school":5,"within_15":1,"off_street":0,"ward":"Makoko","lga":"Lagos Mainland","place":"Commercial Avenue","place_m":295},"geometry":{"type":"Polygon","coordinates":[[[3.38735,6.50139],[3.38578,6.50229],[3.38421,6.50139],[3.38421,6.49958],[3.38578,6.49867],[3.38735,6.49958],[3.38735,6.50139]]]}},{"type":"Feature","properties":{"minutes":5.68,"people":3889,"clinic_min":7.41,"school_min":3.96,"k_clinic":5,"k_school":5,"within_15":1,"off_street":0,"ward":"Makoko","lga":"Lagos Mainland","place":"Ogayemi Close","place_m":130},"geometry":{"type":"Polygon","coordinates":[[[3.39048,6.50138],[3.38891,6.50229],[3.38735,6.50139],[3.38735,6.49958],[3.38891,6.49867],[3.39048,6.49957],[3.39048,6.50138]]]}},{"type":"Feature","properties":{"minutes":13.45,"people":3414,"clinic_min":16.83,"school_min":10.08,"k_clinic":5,"k_school":5,"within_15":1,"off_street":0,"ward":"Aderupoko\u2013Ijebu Qters","lga":"Lagos Mainland","place":"Apollo","place_m":284},"geometry":{"type":"Polygon","coordinates":[[[3.39361,6.50138],[3.39205,6.50229],[3.39048,6.50138],[3.39048,6.49957],[3.39204,6.49867],[3.39361,6.49957],[3.39361,6.50138]]]}},{"type":"Feature","properties":{"minutes":9.51,"people":6994,"clinic_min":14.4,"school_min":4.61,"k_clinic":5,"k_school":5,"within_15":1,"off_street":0,"ward":"Abule Oja","lga":"Lagos Mainland","place":"Apollo","place_m":610},"geometry":{"type":"Polygon","coordinates":[[[3.39675,6.50138],[3.39518,6.50228],[3.39361,6.50138],[3.39361,6.49957],[3.39518,6.49867],[3.39674,6.49957],[3.39675,6.50138]]]}},{"type":"Feature","properties":{"minutes":14.51,"people":304,"clinic_min":19.41,"school_min":9.61,"k_clinic":5,"k_school":5,"within_15":1,"off_street":0,"ward":"Abule Oja","lga":"Lagos Mainland","place":"Aderupoko","place_m":912},"geometry":{"type":"Polygon","coordinates":[[[3.39988,6.50138],[3.39831,6.50228],[3.39675,6.50138],[3.39674,6.49957],[3.39831,6.49866],[3.39988,6.49957],[3.39988,6.50138]]]}},{"type":"Feature","properties":{"minutes":8.83,"people":824,"clinic_min":9.27,"school_min":8.39,"k_clinic":5,"k_school":5,"within_15":1,"off_street":0,"ward":"Addo\u2013Okeira","lga":"Eti Osa","place":"Langbasa","place_m":508},"geometry":{"type":"Polygon","coordinates":[[[3.58159,6.5012],[3.58003,6.50211],[3.57846,6.5012],[3.57846,6.49939],[3.58002,6.49849],[3.58159,6.49939],[3.58159,6.5012]]]}},{"type":"Feature","properties":{"minutes":9.74,"people":1991,"clinic_min":10.34,"school_min":9.14,"k_clinic":5,"k_school":5,"within_15":1,"off_street":0,"ward":"Addo\u2013Okeira","lga":"Eti Osa","place":"Ado","place_m":491},"geometry":{"type":"Polygon","coordinates":[[[3.58473,6.5012],[3.58316,6.5021],[3.58159,6.5012],[3.58159,6.49939],[3.58316,6.49848],[3.58472,6.49939],[3.58473,6.5012]]]}},{"type":"Feature","properties":{"minutes":8.58,"people":1112,"clinic_min":8.61,"school_min":8.56,"k_clinic":5,"k_school":5,"within_15":1,"off_street":0,"ward":"Badore\u2013Langbasa","lga":"Eti Osa","place":"Ado","place_m":621},"geometry":{"type":"Polygon","coordinates":[[[3.58786,6.50119],[3.58629,6.5021],[3.58473,6.5012],[3.58472,6.49939],[3.58629,6.49848],[3.58786,6.49938],[3.58786,6.50119]]]}},{"type":"Feature","properties":{"minutes":6.23,"people":1161,"clinic_min":5.01,"school_min":7.45,"k_clinic":5,"k_school":5,"within_15":1,"off_street":0,"ward":"Badore\u2013Langbasa","lga":"Eti Osa","place":"Ado","place_m":878},"geometry":{"type":"Polygon","coordinates":[[[3.59099,6.50119],[3.58943,6.50209],[3.58786,6.50119],[3.58786,6.49938],[3.58942,6.49848],[3.59099,6.49938],[3.59099,6.50119]]]}},{"type":"Feature","properties":{"minutes":5.29,"people":1085,"clinic_min":7.49,"school_min":3.08,"k_clinic":5,"k_school":5,"within_15":1,"off_street":0,"ward":"Badore\u2013Langbasa","lga":"Eti Osa","place":"Greenville Estate","place_m":1073},"geometry":{"type":"Polygon","coordinates":[[[3.59412,6.50118],[3.59256,6.50209],[3.59099,6.50119],[3.59099,6.49938],[3.59256,6.49847],[3.59412,6.49938],[3.59412,6.50118]]]}},{"type":"Feature","properties":{"minutes":5.91,"people":1832,"clinic_min":8.43,"school_min":3.39,"k_clinic":5,"k_school":5,"within_15":1,"off_street":0,"ward":"Badore\u2013Langbasa","lga":"Eti Osa","place":"Greenville Estate","place_m":1092},"geometry":{"type":"Polygon","coordinates":[[[3.59726,6.50118],[3.59569,6.50209],[3.59412,6.50118],[3.59412,6.49938],[3.59569,6.49847],[3.59726,6.49937],[3.59726,6.50118]]]}},{"type":"Feature","properties":{"minutes":6.95,"people":1250,"clinic_min":12.22,"school_min":1.68,"k_clinic":5,"k_school":5,"within_15":1,"off_street":0,"ward":"Addo\u2013Okeira","lga":"Eti Osa","place":"Greenville Estate","place_m":1214},"geometry":{"type":"Polygon","coordinates":[[[3.60039,6.50118],[3.59883,6.50208],[3.59726,6.50118],[3.59726,6.49937],[3.59882,6.49847],[3.60039,6.49937],[3.60039,6.50118]]]}},{"type":"Feature","properties":{"minutes":10.18,"people":1211,"clinic_min":14.68,"school_min":5.68,"k_clinic":5,"k_school":5,"within_15":1,"off_street":0,"ward":"Addo\u2013Okeira","lga":"Eti Osa","place":"Greenville Estate","place_m":1412},"geometry":{"type":"Polygon","coordinates":[[[3.60352,6.50117],[3.60196,6.50208],[3.60039,6.50118],[3.60039,6.49937],[3.60195,6.49846],[3.60352,6.49936],[3.60352,6.50117]]]}},{"type":"Feature","properties":{"minutes":14.04,"people":990,"clinic_min":19.63,"school_min":8.46,"k_clinic":5,"k_school":5,"within_15":1,"off_street":0,"ward":"Addo\u2013Okeira","lga":"Eti Osa","place":"Cooperative Villa Settlement","place_m":1087},"geometry":{"type":"Polygon","coordinates":[[[3.60666,6.50117],[3.60509,6.50208],[3.60352,6.50117],[3.60352,6.49936],[3.60509,6.49846],[3.60665,6.49936],[3.60666,6.50117]]]}},{"type":"Feature","properties":{"minutes":14.83,"people":1037,"clinic_min":20.22,"school_min":9.44,"k_clinic":5,"k_school":5,"within_15":1,"off_street":0,"ward":"Badore\u2013Langbasa","lga":"Eti Osa","place":"Cooperative Villa Settlement","place_m":742},"geometry":{"type":"Polygon","coordinates":[[[3.60979,6.50117],[3.60822,6.50207],[3.60666,6.50117],[3.60665,6.49936],[3.60822,6.49845],[3.60979,6.49936],[3.60979,6.50117]]]}},{"type":"Feature","properties":{"minutes":19.76,"people":902,"clinic_min":24.8,"school_min":14.71,"k_clinic":5,"k_school":5,"within_15":0,"off_street":0,"ward":"Badore\u2013Langbasa","lga":"Eti Osa","place":"Cooperative Villa Settlement","place_m":400},"geometry":{"type":"Polygon","coordinates":[[[3.61292,6.50116],[3.61136,6.50207],[3.60979,6.50117],[3.60979,6.49936],[3.61135,6.49845],[3.61292,6.49935],[3.61292,6.50116]]]}},{"type":"Feature","properties":{"minutes":28.43,"people":788,"clinic_min":34.5,"school_min":22.37,"k_clinic":5,"k_school":5,"within_15":0,"off_street":1,"ward":"Addo\u2013Okeira","lga":"Eti Osa","place":"Cooperative Villa Settlement","place_m":99},"geometry":{"type":"Polygon","coordinates":[[[3.61606,6.50116],[3.61449,6.50206],[3.61292,6.50116],[3.61292,6.49935],[3.61449,6.49845],[3.61605,6.49935],[3.61606,6.50116]]]}},{"type":"Feature","properties":{"minutes":23.88,"people":784,"clinic_min":32.3,"school_min":15.46,"k_clinic":5,"k_school":5,"within_15":0,"off_street":0,"ward":"Addo\u2013Okeira","lga":"Eti Osa","place":"Cooperative Villa Settlement","place_m":315},"geometry":{"type":"Polygon","coordinates":[[[3.61919,6.50115],[3.61762,6.50206],[3.61606,6.50116],[3.61605,6.49935],[3.61762,6.49844],[3.61919,6.49935],[3.61919,6.50115]]]}},{"type":"Feature","properties":{"minutes":28.11,"people":113,"clinic_min":36.62,"school_min":19.6,"k_clinic":5,"k_school":5,"within_15":0,"off_street":0,"ward":"Badore\u2013Langbasa","lga":"Eti Osa","place":"Cooperative Villa Settlement","place_m":655},"geometry":{"type":"Polygon","coordinates":[[[3.62232,6.50115],[3.62076,6.50206],[3.61919,6.50115],[3.61919,6.49935],[3.62075,6.49844],[3.62232,6.49934],[3.62232,6.50115]]]}},{"type":"Feature","properties":{"minutes":32.4,"people":183,"clinic_min":40.91,"school_min":23.88,"k_clinic":5,"k_school":5,"within_15":0,"off_street":0,"ward":"Badore\u2013Langbasa","lga":"Eti Osa","place":"Cooperative Villa Settlement","place_m":999},"geometry":{"type":"Polygon","coordinates":[[[3.62545,6.50115],[3.62389,6.50205],[3.62232,6.50115],[3.62232,6.49934],[3.62388,6.49843],[3.62545,6.49934],[3.62545,6.50115]]]}},{"type":"Feature","properties":{"minutes":30.52,"people":16,"clinic_min":39.03,"school_min":22.0,"k_clinic":5,"k_school":5,"within_15":0,"off_street":1,"ward":"Badore\u2013Langbasa","lga":"Eti Osa","place":"Cooperative Villa Settlement","place_m":1345},"geometry":{"type":"Polygon","coordinates":[[[3.62859,6.50114],[3.62702,6.50205],[3.62545,6.50115],[3.62545,6.49934],[3.62702,6.49843],[3.62858,6.49933],[3.62859,6.50114]]]}},{"type":"Feature","properties":{"minutes":4.5,"people":1398,"clinic_min":6.49,"school_min":2.52,"k_clinic":5,"k_school":5,"within_15":1,"off_street":0,"ward":"Odo Eran\u2013Ogunlana","lga":"Mushin","place":"Itire Ijeshatedo","place_m":261},"geometry":{"type":"Polygon","coordinates":[[[3.32625,6.50414],[3.32469,6.50505],[3.32312,6.50414],[3.32312,6.50233],[3.32469,6.50143],[3.32625,6.50233],[3.32625,6.50414]]]}},{"type":"Feature","properties":{"minutes":3.38,"people":1954,"clinic_min":4.55,"school_min":2.21,"k_clinic":5,"k_school":5,"within_15":1,"off_street":0,"ward":"Odo Eran\u2013Ogunlana","lga":"Mushin","place":"Itire Ijeshatedo","place_m":291},"geometry":{"type":"Polygon","coordinates":[[[3.32939,6.50414],[3.32782,6.50505],[3.32625,6.50414],[3.32625,6.50233],[3.32782,6.50143],[3.32939,6.50233],[3.32939,6.50414]]]}},{"type":"Feature","properties":{"minutes":3.59,"people":1592,"clinic_min":3.63,"school_min":3.56,"k_clinic":5,"k_school":5,"within_15":1,"off_street":0,"ward":"Odo Eran\u2013Ogunlana","lga":"Mushin","place":"Ola","place_m":313},"geometry":{"type":"Polygon","coordinates":[[[3.33252,6.50414],[3.33095,6.50504],[3.32939,6.50414],[3.32939,6.50233],[3.33095,6.50143],[3.33252,6.50233],[3.33252,6.50414]]]}},{"type":"Feature","properties":{"minutes":3.89,"people":1628,"clinic_min":4.32,"school_min":3.45,"k_clinic":5,"k_school":5,"within_15":1,"off_street":0,"ward":"Ogunsami\u2013Karounwi","lga":"Surulere","place":"Mushin Ajina","place_m":11},"geometry":{"type":"Polygon","coordinates":[[[3.33565,6.50414],[3.33409,6.50504],[3.33252,6.50414],[3.33252,6.50233],[3.33408,6.50142],[3.33565,6.50233],[3.33565,6.50414]]]}},{"type":"Feature","properties":{"minutes":7.12,"people":2016,"clinic_min":7.65,"school_min":6.59,"k_clinic":5,"k_school":5,"within_15":1,"off_street":0,"ward":"Ogunsami\u2013Karounwi","lga":"Surulere","place":"Mushin Ajina","place_m":357},"geometry":{"type":"Polygon","coordinates":[[[3.33879,6.50413],[3.33722,6.50504],[3.33565,6.50414],[3.33565,6.50233],[3.33722,6.50142],[3.33879,6.50232],[3.33879,6.50413]]]}},{"type":"Feature","properties":{"minutes":4.46,"people":1884,"clinic_min":7.09,"school_min":1.82,"k_clinic":5,"k_school":5,"within_15":1,"off_street":0,"ward":"Nuru Oniwo","lga":"Surulere","place":"Baruwa","place_m":418},"geometry":{"type":"Polygon","coordinates":[[[3.34192,6.50413],[3.34035,6.50504],[3.33879,6.50413],[3.33879,6.50232],[3.34035,6.50142],[3.34192,6.50232],[3.34192,6.50413]]]}},{"type":"Feature","properties":{"minutes":3.55,"people":1516,"clinic_min":3.75,"school_min":3.35,"k_clinic":5,"k_school":5,"within_15":1,"off_street":0,"ward":"Baruwa (Surulere)","lga":"Surulere","place":"Baruwa","place_m":430},"geometry":{"type":"Polygon","coordinates":[[[3.34505,6.50413],[3.34349,6.50504],[3.34192,6.50413],[3.34192,6.50232],[3.34348,6.50142],[3.34505,6.50232],[3.34505,6.50413]]]}},{"type":"Feature","properties":{"minutes":3.51,"people":1747,"clinic_min":3.1,"school_min":3.91,"k_clinic":5,"k_school":5,"within_15":1,"off_street":0,"ward":"Ramoni","lga":"Surulere","place":"Ramoni","place_m":411},"geometry":{"type":"Polygon","coordinates":[[[3.34819,6.50413],[3.34662,6.50503],[3.34505,6.50413],[3.34505,6.50232],[3.34662,6.50141],[3.34818,6.50232],[3.34819,6.50413]]]}},{"type":"Feature","properties":{"minutes":2.77,"people":2119,"clinic_min":3.28,"school_min":2.25,"k_clinic":5,"k_school":5,"within_15":1,"off_street":0,"ward":"Babatunde Ayilara","lga":"Surulere","place":"Surulere","place_m":471},"geometry":{"type":"Polygon","coordinates":[[[3.35132,6.50413],[3.34975,6.50503],[3.34819,6.50413],[3.34818,6.50232],[3.34975,6.50141],[3.35132,6.50232],[3.35132,6.50413]]]}},{"type":"Feature","properties":{"minutes":3.56,"people":2081,"clinic_min":3.22,"school_min":3.9,"k_clinic":5,"k_school":5,"within_15":1,"off_street":0,"ward":"Shitta Bank Olemoh","lga":"Surulere","place":"Surulere","place_m":228},"geometry":{"type":"Polygon","coordinates":[[[3.35445,6.50412],[3.35289,6.50503],[3.35132,6.50413],[3.35132,6.50232],[3.35288,6.50141],[3.35445,6.50231],[3.35445,6.50412]]]}},{"type":"Feature","properties":{"minutes":6.48,"people":3338,"clinic_min":6.5,"school_min":6.45,"k_clinic":5,"k_school":5,"within_15":1,"off_street":0,"ward":"Shitta Bank Olemoh","lga":"Surulere","place":"Surulere","place_m":293},"geometry":{"type":"Polygon","coordinates":[[[3.35758,6.50412],[3.35602,6.50503],[3.35445,6.50412],[3.35445,6.50231],[3.35602,6.50141],[3.35758,6.50231],[3.35758,6.50412]]]}},{"type":"Feature","properties":{"minutes":2.52,"people":2265,"clinic_min":0.95,"school_min":4.1,"k_clinic":5,"k_school":5,"within_15":1,"off_street":0,"ward":"Gbaja Obele-Odan","lga":"Surulere","place":"Surulere","place_m":349},"geometry":{"type":"Polygon","coordinates":[[[3.36072,6.50412],[3.35915,6.50502],[3.35758,6.50412],[3.35758,6.50231],[3.35915,6.50141],[3.36072,6.50231],[3.36072,6.50412]]]}},{"type":"Feature","properties":{"minutes":4.02,"people":3220,"clinic_min":3.95,"school_min":4.1,"k_clinic":5,"k_school":5,"within_15":1,"off_street":0,"ward":"Gbaja Obele-Odan","lga":"Surulere","place":"Gbaja Community","place_m":183},"geometry":{"type":"Polygon","coordinates":[[[3.36385,6.50412],[3.36229,6.50502],[3.36072,6.50412],[3.36072,6.50231],[3.36228,6.5014],[3.36385,6.50231],[3.36385,6.50412]]]}},{"type":"Feature","properties":{"minutes":3.77,"people":2960,"clinic_min":5.83,"school_min":1.72,"k_clinic":5,"k_school":5,"within_15":1,"off_street":0,"ward":"Aralile","lga":"Surulere","place":"Aralile Community","place_m":32},"geometry":{"type":"Polygon","coordinates":[[[3.36698,6.50411],[3.36542,6.50502],[3.36385,6.50412],[3.36385,6.50231],[3.36542,6.5014],[3.36698,6.5023],[3.36698,6.50411]]]}},{"type":"Feature","properties":{"minutes":9.37,"people":1433,"clinic_min":10.08,"school_min":8.65,"k_clinic":5,"k_school":5,"within_15":1,"off_street":0,"ward":"Iponri\u2013Olaleye","lga":"Lagos Mainland","place":"Aralile Community","place_m":372},"geometry":{"type":"Polygon","coordinates":[[[3.37012,6.50411],[3.36855,6.50502],[3.36698,6.50411],[3.36698,6.5023],[3.36855,6.5014],[3.37012,6.5023],[3.37012,6.50411]]]}},{"type":"Feature","properties":{"minutes":10.72,"people":531,"clinic_min":13.31,"school_min":8.14,"k_clinic":5,"k_school":5,"within_15":1,"off_street":0,"ward":"Iponri\u2013Olaleye","lga":"Lagos Mainland","place":"Ebute Metta Lagos Mainland","place_m":585},"geometry":{"type":"Polygon","coordinates":[[[3.37325,6.50411],[3.37168,6.50502],[3.37012,6.50411],[3.37012,6.5023],[3.37168,6.5014],[3.37325,6.5023],[3.37325,6.50411]]]}},{"type":"Feature","properties":{"minutes":4.54,"people":1319,"clinic_min":6.47,"school_min":2.62,"k_clinic":5,"k_school":5,"within_15":1,"off_street":0,"ward":"Harvey","lga":"Lagos Mainland","place":"Sabo","place_m":465},"geometry":{"type":"Polygon","coordinates":[[[3.37638,6.50411],[3.37482,6.50501],[3.37325,6.50411],[3.37325,6.5023],[3.37481,6.50139],[3.37638,6.5023],[3.37638,6.50411]]]}},{"type":"Feature","properties":{"minutes":4.65,"people":1480,"clinic_min":6.08,"school_min":3.21,"k_clinic":5,"k_school":5,"within_15":1,"off_street":0,"ward":"Alagomeji","lga":"Lagos Mainland","place":"Sabo","place_m":295},"geometry":{"type":"Polygon","coordinates":[[[3.37952,6.5041],[3.37795,6.50501],[3.37638,6.50411],[3.37638,6.5023],[3.37795,6.50139],[3.37951,6.5023],[3.37952,6.5041]]]}},{"type":"Feature","properties":{"minutes":4.8,"people":1450,"clinic_min":6.46,"school_min":3.14,"k_clinic":5,"k_school":5,"within_15":1,"off_street":0,"ward":"Alagomeji","lga":"Lagos Mainland","place":"Rev Williams Avenue","place_m":253},"geometry":{"type":"Polygon","coordinates":[[[3.38265,6.5041],[3.38108,6.50501],[3.37952,6.5041],[3.37951,6.5023],[3.38108,6.50139],[3.38265,6.50229],[3.38265,6.5041]]]}},{"type":"Feature","properties":{"minutes":6.55,"people":1992,"clinic_min":7.62,"school_min":5.48,"k_clinic":5,"k_school":5,"within_15":1,"off_street":0,"ward":"Onike\u2013Oyadiran","lga":"Lagos Mainland","place":"Commercial Avenue","place_m":77},"geometry":{"type":"Polygon","coordinates":[[[3.38578,6.5041],[3.38422,6.50501],[3.38265,6.5041],[3.38265,6.50229],[3.38421,6.50139],[3.38578,6.50229],[3.38578,6.5041]]]}},{"type":"Feature","properties":{"minutes":7.64,"people":2136,"clinic_min":7.57,"school_min":7.72,"k_clinic":5,"k_school":5,"within_15":1,"off_street":0,"ward":"Aderupoko\u2013Ijebu Qters","lga":"Lagos Mainland","place":"Oke Anaye Close","place_m":54},"geometry":{"type":"Polygon","coordinates":[[[3.38892,6.5041],[3.38735,6.505],[3.38578,6.5041],[3.38578,6.50229],[3.38735,6.50139],[3.38891,6.50229],[3.38892,6.5041]]]}},{"type":"Feature","properties":{"minutes":7.95,"people":3663,"clinic_min":7.63,"school_min":8.28,"k_clinic":5,"k_school":5,"within_15":1,"off_street":0,"ward":"Aderupoko\u2013Ijebu Qters","lga":"Lagos Mainland","place":"Olabode Olayemi","place_m":186},"geometry":{"type":"Polygon","coordinates":[[[3.39205,6.5041],[3.39048,6.505],[3.38892,6.5041],[3.38891,6.50229],[3.39048,6.50138],[3.39205,6.50229],[3.39205,6.5041]]]}},{"type":"Feature","properties":{"minutes":8.32,"people":3905,"clinic_min":11.72,"school_min":4.93,"k_clinic":5,"k_school":5,"within_15":1,"off_street":0,"ward":"Aderupoko\u2013Ijebu Qters","lga":"Lagos Mainland","place":"Aderupoko","place_m":413},"geometry":{"type":"Polygon","coordinates":[[[3.39518,6.50409],[3.39362,6.505],[3.39205,6.5041],[3.39205,6.50229],[3.39361,6.50138],[3.39518,6.50228],[3.39518,6.50409]]]}},{"type":"Feature","properties":{"minutes":21.71,"people":27,"clinic_min":21.33,"school_min":22.09,"k_clinic":5,"k_school":5,"within_15":0,"off_street":0,"ward":"Abule Oja","lga":"Lagos Mainland","place":"Aderupoko","place_m":573},"geometry":{"type":"Polygon","coordinates":[[[3.39831,6.50409],[3.39675,6.505],[3.39518,6.50409],[3.39518,6.50228],[3.39675,6.50138],[3.39831,6.50228],[3.39831,6.50409]]]}},{"type":"Feature","properties":{"minutes":16.12,"people":56,"clinic_min":18.35,"school_min":13.89,"k_clinic":5,"k_school":5,"within_15":0,"off_street":0,"ward":"Badore\u2013Langbasa","lga":"Eti Osa","place":"Langbasa","place_m":702},"geometry":{"type":"Polygon","coordinates":[[[3.5769,6.50392],[3.57533,6.50482],[3.57376,6.50392],[3.57376,6.50211],[3.57533,6.50121],[3.57689,6.50211],[3.5769,6.50392]]]}},{"type":"Feature","properties":{"minutes":14.09,"people":795,"clinic_min":16.17,"school_min":12.01,"k_clinic":5,"k_school":5,"within_15":1,"off_street":0,"ward":"Badore\u2013Langbasa","lga":"Eti Osa","place":"Langbasa","place_m":378},"geometry":{"type":"Polygon","coordinates":[[[3.58003,6.50391],[3.57846,6.50482],[3.5769,6.50392],[3.57689,6.50211],[3.57846,6.5012],[3.58003,6.50211],[3.58003,6.50391]]]}},{"type":"Feature","properties":{"minutes":7.44,"people":2081,"clinic_min":8.61,"school_min":6.27,"k_clinic":5,"k_school":5,"within_15":1,"off_street":0,"ward":"Badore\u2013Langbasa","lga":"Eti Osa","place":"Langbasa","place_m":184},"geometry":{"type":"Polygon","coordinates":[[[3.58316,6.50391],[3.5816,6.50482],[3.58003,6.50391],[3.58003,6.50211],[3.58159,6.5012],[3.58316,6.5021],[3.58316,6.50391]]]}},{"type":"Feature","properties":{"minutes":9.02,"people":1521,"clinic_min":10.05,"school_min":7.98,"k_clinic":5,"k_school":5,"within_15":1,"off_street":0,"ward":"Badore\u2013Langbasa","lga":"Eti Osa","place":"Langbasa","place_m":406},"geometry":{"type":"Polygon","coordinates":[[[3.5863,6.50391],[3.58473,6.50481],[3.58316,6.50391],[3.58316,6.5021],[3.58473,6.5012],[3.58629,6.5021],[3.5863,6.50391]]]}},{"type":"Feature","properties":{"minutes":12.24,"people":1134,"clinic_min":14.16,"school_min":10.32,"k_clinic":5,"k_school":5,"within_15":1,"off_street":0,"ward":"Badore\u2013Langbasa","lga":"Eti Osa","place":"Langbasa","place_m":732},"geometry":{"type":"Polygon","coordinates":[[[3.58943,6.5039],[3.58786,6.50481],[3.5863,6.50391],[3.58629,6.5021],[3.58786,6.50119],[3.58943,6.50209],[3.58943,6.5039]]]}},{"type":"Feature","properties":{"minutes":12.44,"people":1256,"clinic_min":13.98,"school_min":10.9,"k_clinic":5,"k_school":5,"within_15":1,"off_street":0,"ward":"Badore\u2013Langbasa","lga":"Eti Osa","place":"Greenville Estate","place_m":819},"geometry":{"type":"Polygon","coordinates":[[[3.59256,6.5039],[3.591,6.50481],[3.58943,6.5039],[3.58943,6.50209],[3.59099,6.50119],[3.59256,6.50209],[3.59256,6.5039]]]}},{"type":"Feature","properties":{"minutes":7.9,"people":1008,"clinic_min":11.42,"school_min":4.38,"k_clinic":5,"k_school":5,"within_15":1,"off_street":0,"ward":"Badore\u2013Langbasa","lga":"Eti Osa","place":"Greenville Estate","place_m":769},"geometry":{"type":"Polygon","coordinates":[[[3.59569,6.5039],[3.59413,6.5048],[3.59256,6.5039],[3.59256,6.50209],[3.59412,6.50118],[3.59569,6.50209],[3.59569,6.5039]]]}},{"type":"Feature","properties":{"minutes":10.05,"people":1253,"clinic_min":13.03,"school_min":7.07,"k_clinic":5,"k_school":5,"within_15":1,"off_street":0,"ward":"Badore\u2013Langbasa","lga":"Eti Osa","place":"Greenville Estate","place_m":867},"geometry":{"type":"Polygon","coordinates":[[[3.59883,6.50389],[3.59726,6.5048],[3.59569,6.5039],[3.59569,6.50209],[3.59726,6.50118],[3.59883,6.50208],[3.59883,6.50389]]]}},{"type":"Feature","properties":{"minutes":6.97,"people":1130,"clinic_min":10.21,"school_min":3.73,"k_clinic":5,"k_school":5,"within_15":1,"off_street":0,"ward":"Badore\u2013Langbasa","lga":"Eti Osa","place":"Greenville Estate","place_m":1074},"geometry":{"type":"Polygon","coordinates":[[[3.60196,6.50389],[3.60039,6.5048],[3.59883,6.50389],[3.59883,6.50208],[3.60039,6.50118],[3.60196,6.50208],[3.60196,6.50389]]]}},{"type":"Feature","properties":{"minutes":10.39,"people":826,"clinic_min":13.21,"school_min":7.56,"k_clinic":5,"k_school":5,"within_15":1,"off_street":0,"ward":"Addo\u2013Okeira","lga":"Eti Osa","place":"Cooperative Villa Settlement","place_m":1315},"geometry":{"type":"Polygon","coordinates":[[[3.60509,6.50389],[3.60353,6.50479],[3.60196,6.50389],[3.60196,6.50208],[3.60352,6.50117],[3.60509,6.50208],[3.60509,6.50389]]]}},{"type":"Feature","properties":{"minutes":13.33,"people":1355,"clinic_min":17.69,"school_min":8.98,"k_clinic":5,"k_school":5,"within_15":1,"off_street":0,"ward":"Badore\u2013Langbasa","lga":"Eti Osa","place":"Cooperative Villa Settlement","place_m":989},"geometry":{"type":"Polygon","coordinates":[[[3.60823,6.50388],[3.60666,6.50479],[3.60509,6.50389],[3.60509,6.50208],[3.60666,6.50117],[3.60822,6.50207],[3.60823,6.50388]]]}},{"type":"Feature","properties":{"minutes":17.94,"people":555,"clinic_min":22.31,"school_min":13.57,"k_clinic":5,"k_school":5,"within_15":0,"off_street":0,"ward":"Badore\u2013Langbasa","lga":"Eti Osa","place":"Cooperative Villa Settlement","place_m":685},"geometry":{"type":"Polygon","coordinates":[[[3.61136,6.50388],[3.60979,6.50478],[3.60823,6.50388],[3.60822,6.50207],[3.60979,6.50117],[3.61136,6.50207],[3.61136,6.50388]]]}},{"type":"Feature","properties":{"minutes":18.46,"people":327,"clinic_min":22.97,"school_min":13.96,"k_clinic":5,"k_school":5,"within_15":0,"off_street":0,"ward":"Badore\u2013Langbasa","lga":"Eti Osa","place":"Cooperative Villa Settlement","place_m":445},"geometry":{"type":"Polygon","coordinates":[[[3.61449,6.50387],[3.61293,6.50478],[3.61136,6.50388],[3.61136,6.50207],[3.61292,6.50116],[3.61449,6.50206],[3.61449,6.50387]]]}},{"type":"Feature","properties":{"minutes":20.09,"people":840,"clinic_min":28.51,"school_min":11.67,"k_clinic":5,"k_school":5,"within_15":0,"off_street":0,"ward":"Badore\u2013Langbasa","lga":"Eti Osa","place":"Cooperative Villa Settlement","place_m":409},"geometry":{"type":"Polygon","coordinates":[[[3.61763,6.50387],[3.61606,6.50478],[3.61449,6.50387],[3.61449,6.50206],[3.61606,6.50116],[3.61762,6.50206],[3.61763,6.50387]]]}},{"type":"Feature","properties":{"minutes":24.73,"people":1389,"clinic_min":33.16,"school_min":16.31,"k_clinic":5,"k_school":5,"within_15":0,"off_street":0,"ward":"Badore\u2013Langbasa","lga":"Eti Osa","place":"Cooperative Villa Settlement","place_m":614},"geometry":{"type":"Polygon","coordinates":[[[3.62076,6.50387],[3.61919,6.50477],[3.61763,6.50387],[3.61762,6.50206],[3.61919,6.50115],[3.62076,6.50206],[3.62076,6.50387]]]}},{"type":"Feature","properties":{"minutes":27.66,"people":947,"clinic_min":36.17,"school_min":19.14,"k_clinic":5,"k_school":5,"within_15":0,"off_street":0,"ward":"Badore\u2013Langbasa","lga":"Eti Osa","place":"Cooperative Villa Settlement","place_m":909},"geometry":{"type":"Polygon","coordinates":[[[3.62389,6.50386],[3.62233,6.50477],[3.62076,6.50387],[3.62076,6.50206],[3.62232,6.50115],[3.62389,6.50205],[3.62389,6.50386]]]}},{"type":"Feature","properties":{"minutes":30.52,"people":113,"clinic_min":39.03,"school_min":22.0,"k_clinic":5,"k_school":5,"within_15":0,"off_street":0,"ward":"Badore\u2013Langbasa","lga":"Eti Osa","place":"Cooperative Villa Settlement","place_m":1231},"geometry":{"type":"Polygon","coordinates":[[[3.62702,6.50386],[3.62546,6.50476],[3.62389,6.50386],[3.62389,6.50205],[3.62545,6.50115],[3.62702,6.50205],[3.62702,6.50386]]]}},{"type":"Feature","properties":{"minutes":5.68,"people":1227,"clinic_min":7.79,"school_min":3.56,"k_clinic":5,"k_school":5,"within_15":1,"off_street":0,"ward":"Odo Eran\u2013Ogunlana","lga":"Mushin","place":"Itire Ijeshatedo","place_m":89},"geometry":{"type":"Polygon","coordinates":[[[3.32782,6.50685],[3.32626,6.50776],[3.32469,6.50686],[3.32469,6.50505],[3.32625,6.50414],[3.32782,6.50505],[3.32782,6.50685]]]}},{"type":"Feature","properties":{"minutes":5.08,"people":1879,"clinic_min":5.56,"school_min":4.59,"k_clinic":5,"k_school":5,"within_15":1,"off_street":0,"ward":"Odo Eran\u2013Ogunlana","lga":"Mushin","place":"Ola","place_m":314},"geometry":{"type":"Polygon","coordinates":[[[3.33096,6.50685],[3.32939,6.50776],[3.32782,6.50685],[3.32782,6.50505],[3.32939,6.50414],[3.33095,6.50504],[3.33096,6.50685]]]}},{"type":"Feature","properties":{"minutes":3.28,"people":2131,"clinic_min":4.71,"school_min":1.85,"k_clinic":5,"k_school":5,"within_15":1,"off_street":0,"ward":"Oduselu\u2013Ola","lga":"Mushin","place":"Ola","place_m":39},"geometry":{"type":"Polygon","coordinates":[[[3.33409,6.50685],[3.33252,6.50776],[3.33096,6.50685],[3.33095,6.50504],[3.33252,6.50414],[3.33409,6.50504],[3.33409,6.50685]]]}},{"type":"Feature","properties":{"minutes":6.24,"people":1727,"clinic_min":5.42,"school_min":7.05,"k_clinic":5,"k_school":5,"within_15":1,"off_street":0,"ward":"Ogunsami\u2013Karounwi","lga":"Surulere","place":"Mushin Ajina","place_m":352},"geometry":{"type":"Polygon","coordinates":[[[3.33722,6.50685],[3.33566,6.50775],[3.33409,6.50685],[3.33409,6.50504],[3.33565,6.50414],[3.33722,6.50504],[3.33722,6.50685]]]}},{"type":"Feature","properties":{"minutes":4.99,"people":1839,"clinic_min":7.35,"school_min":2.63,"k_clinic":5,"k_school":5,"within_15":1,"off_street":0,"ward":"Ogunsami\u2013Karounwi","lga":"Surulere","place":"Baruwa","place_m":343},"geometry":{"type":"Polygon","coordinates":[[[3.34035,6.50685],[3.33879,6.50775],[3.33722,6.50685],[3.33722,6.50504],[3.33879,6.50413],[3.34035,6.50504],[3.34035,6.50685]]]}},{"type":"Feature","properties":{"minutes":5.15,"people":1760,"clinic_min":5.97,"school_min":4.34,"k_clinic":5,"k_school":5,"within_15":1,"off_street":0,"ward":"Baruwa (Surulere)","lga":"Surulere","place":"Baruwa","place_m":88},"geometry":{"type":"Polygon","coordinates":[[[3.34349,6.50684],[3.34192,6.50775],[3.34035,6.50685],[3.34035,6.50504],[3.34192,6.50413],[3.34349,6.50504],[3.34349,6.50684]]]}},{"type":"Feature","properties":{"minutes":3.66,"people":2048,"clinic_min":4.91,"school_min":2.4,"k_clinic":5,"k_school":5,"within_15":1,"off_street":0,"ward":"Ramoni","lga":"Surulere","place":"Ramoni","place_m":136},"geometry":{"type":"Polygon","coordinates":[[[3.34662,6.50684],[3.34505,6.50775],[3.34349,6.50684],[3.34349,6.50504],[3.34505,6.50413],[3.34662,6.50503],[3.34662,6.50684]]]}},{"type":"Feature","properties":{"minutes":5.56,"people":1808,"clinic_min":5.08,"school_min":6.04,"k_clinic":5,"k_school":5,"within_15":1,"off_street":0,"ward":"Ramoni","lga":"Surulere","place":"Ramoni","place_m":276},"geometry":{"type":"Polygon","coordinates":[[[3.34975,6.50684],[3.34819,6.50775],[3.34662,6.50684],[3.34662,6.50503],[3.34819,6.50413],[3.34975,6.50503],[3.34975,6.50684]]]}},{"type":"Feature","properties":{"minutes":1.79,"people":1921,"clinic_min":1.76,"school_min":1.82,"k_clinic":5,"k_school":5,"within_15":1,"off_street":0,"ward":"Babatunde Ayilara","lga":"Surulere","place":"Surulere","place_m":259},"geometry":{"type":"Polygon","coordinates":[[[3.35289,6.50684],[3.35132,6.50774],[3.34975,6.50684],[3.34975,6.50503],[3.35132,6.50413],[3.35289,6.50503],[3.35289,6.50684]]]}},{"type":"Feature","properties":{"minutes":3.4,"people":2191,"clinic_min":3.0,"school_min":3.79,"k_clinic":5,"k_school":5,"within_15":1,"off_street":0,"ward":"Babatunde Ayilara","lga":"Surulere","place":"Surulere","place_m":132},"geometry":{"type":"Polygon","coordinates":[[[3.35602,6.50684],[3.35445,6.50774],[3.35289,6.50684],[3.35289,6.50503],[3.35445,6.50412],[3.35602,6.50503],[3.35602,6.50684]]]}},{"type":"Feature","properties":{"minutes":3.62,"people":3931,"clinic_min":4.19,"school_min":3.04,"k_clinic":5,"k_school":5,"within_15":1,"off_street":0,"ward":"Gbaja Obele-Odan","lga":"Surulere","place":"Babatunde Ayilara","place_m":244},"geometry":{"type":"Polygon","coordinates":[[[3.35915,6.50683],[3.35759,6.50774],[3.35602,6.50684],[3.35602,6.50503],[3.35758,6.50412],[3.35915,6.50502],[3.35915,6.50683]]]}},{"type":"Feature","properties":{"minutes":4.02,"people":1710,"clinic_min":5.95,"school_min":2.09,"k_clinic":5,"k_school":5,"within_15":1,"off_street":0,"ward":"Gbaja Obele-Odan","lga":"Surulere","place":"Gbaja Community","place_m":387},"geometry":{"type":"Polygon","coordinates":[[[3.36229,6.50683],[3.36072,6.50774],[3.35915,6.50683],[3.35915,6.50502],[3.36072,6.50412],[3.36229,6.50502],[3.36229,6.50683]]]}},{"type":"Feature","properties":{"minutes":4.14,"people":1306,"clinic_min":3.44,"school_min":4.84,"k_clinic":5,"k_school":5,"within_15":1,"off_street":0,"ward":"Mosafejo Ojuelegba","lga":"Surulere","place":"Gbaja Community","place_m":205},"geometry":{"type":"Polygon","coordinates":[[[3.36542,6.50683],[3.36385,6.50773],[3.36229,6.50683],[3.36229,6.50502],[3.36385,6.50412],[3.36542,6.50502],[3.36542,6.50683]]]}},{"type":"Feature","properties":{"minutes":3.38,"people":2191,"clinic_min":5.0,"school_min":1.76,"k_clinic":5,"k_school":5,"within_15":1,"off_street":0,"ward":"Aralile","lga":"Surulere","place":"Aralile Community","place_m":342},"geometry":{"type":"Polygon","coordinates":[[[3.36855,6.50683],[3.36699,6.50773],[3.36542,6.50683],[3.36542,6.50502],[3.36698,6.50411],[3.36855,6.50502],[3.36855,6.50683]]]}},{"type":"Feature","properties":{"minutes":6.26,"people":1339,"clinic_min":7.11,"school_min":5.41,"k_clinic":5,"k_school":5,"within_15":1,"off_street":0,"ward":"Mosafejo Ojuelegba","lga":"Surulere","place":"Harvey","place_m":466},"geometry":{"type":"Polygon","coordinates":[[[3.37169,6.50682],[3.37012,6.50773],[3.36855,6.50683],[3.36855,6.50502],[3.37012,6.50411],[3.37168,6.50502],[3.37169,6.50682]]]}},{"type":"Feature","properties":{"minutes":3.53,"people":1186,"clinic_min":3.62,"school_min":3.44,"k_clinic":5,"k_school":5,"within_15":1,"off_street":0,"ward":"Iponri\u2013Olaleye","lga":"Lagos Mainland","place":"Harvey","place_m":376},"geometry":{"type":"Polygon","coordinates":[[[3.37482,6.50682],[3.37325,6.50773],[3.37169,6.50682],[3.37168,6.50502],[3.37325,6.50411],[3.37482,6.50501],[3.37482,6.50682]]]}},{"type":"Feature","properties":{"minutes":4.23,"people":1171,"clinic_min":4.97,"school_min":3.49,"k_clinic":5,"k_school":5,"within_15":1,"off_street":0,"ward":"Harvey","lga":"Lagos Mainland","place":"Sabo","place_m":186},"geometry":{"type":"Polygon","coordinates":[[[3.37795,6.50682],[3.37639,6.50773],[3.37482,6.50682],[3.37482,6.50501],[3.37638,6.50411],[3.37795,6.50501],[3.37795,6.50682]]]}},{"type":"Feature","properties":{"minutes":3.97,"people":1079,"clinic_min":4.94,"school_min":3.01,"k_clinic":5,"k_school":5,"within_15":1,"off_street":0,"ward":"Onike\u2013Oyadiran","lga":"Lagos Mainland","place":"Sabo","place_m":160},"geometry":{"type":"Polygon","coordinates":[[[3.38108,6.50682],[3.37952,6.50772],[3.37795,6.50682],[3.37795,6.50501],[3.37952,6.5041],[3.38108,6.50501],[3.38108,6.50682]]]}},{"type":"Feature","properties":{"minutes":4.48,"people":1661,"clinic_min":5.69,"school_min":3.27,"k_clinic":5,"k_school":5,"within_15":1,"off_street":0,"ward":"Onike\u2013Oyadiran","lga":"Lagos Mainland","place":"Ajibade Close","place_m":75},"geometry":{"type":"Polygon","coordinates":[[[3.38422,6.50681],[3.38265,6.50772],[3.38108,6.50682],[3.38108,6.50501],[3.38265,6.5041],[3.38422,6.50501],[3.38422,6.50681]]]}},{"type":"Feature","properties":{"minutes":6.14,"people":2376,"clinic_min":6.36,"school_min":5.92,"k_clinic":5,"k_school":5,"within_15":1,"off_street":0,"ward":"Salami\u2013Baiyewunmi","lga":"Lagos Mainland","place":"Gbetho Street","place_m":201},"geometry":{"type":"Polygon","coordinates":[[[3.38735,6.50681],[3.38579,6.50772],[3.38422,6.50681],[3.38422,6.50501],[3.38578,6.5041],[3.38735,6.505],[3.38735,6.50681]]]}},{"type":"Feature","properties":{"minutes":4.6,"people":2235,"clinic_min":4.1,"school_min":5.1,"k_clinic":5,"k_school":5,"within_15":1,"off_street":0,"ward":"Salami\u2013Baiyewunmi","lga":"Lagos Mainland","place":"Joseph Harrison Street","place_m":127},"geometry":{"type":"Polygon","coordinates":[[[3.39048,6.50681],[3.38892,6.50772],[3.38735,6.50681],[3.38735,6.505],[3.38892,6.5041],[3.39048,6.505],[3.39048,6.50681]]]}},{"type":"Feature","properties":{"minutes":5.37,"people":2459,"clinic_min":6.65,"school_min":4.09,"k_clinic":5,"k_school":5,"within_15":1,"off_street":0,"ward":"Aderupoko\u2013Ijebu Qters","lga":"Lagos Mainland","place":"Aderupoko","place_m":161},"geometry":{"type":"Polygon","coordinates":[[[3.39362,6.50681],[3.39205,6.50771],[3.39048,6.50681],[3.39048,6.505],[3.39205,6.5041],[3.39362,6.505],[3.39362,6.50681]]]}},{"type":"Feature","properties":{"minutes":9.23,"people":1768,"clinic_min":11.28,"school_min":7.17,"k_clinic":5,"k_school":5,"within_15":1,"off_street":0,"ward":"Abule Oja","lga":"Lagos Mainland","place":"Aderupoko","place_m":252},"geometry":{"type":"Polygon","coordinates":[[[3.39675,6.50681],[3.39518,6.50771],[3.39362,6.50681],[3.39362,6.505],[3.39518,6.50409],[3.39675,6.505],[3.39675,6.50681]]]}},{"type":"Feature","properties":{"minutes":19.4,"people":219,"clinic_min":19.03,"school_min":19.78,"k_clinic":5,"k_school":5,"within_15":0,"off_street":0,"ward":"Abule Oja","lga":"Lagos Mainland","place":"Aderupoko","place_m":584},"geometry":{"type":"Polygon","coordinates":[[[3.39988,6.5068],[3.39832,6.50771],[3.39675,6.50681],[3.39675,6.505],[3.39831,6.50409],[3.39988,6.50499],[3.39988,6.5068]]]}},{"type":"Feature","properties":{"minutes":15.04,"people":253,"clinic_min":17.27,"school_min":12.81,"k_clinic":5,"k_school":5,"within_15":0,"off_street":0,"ward":"Badore\u2013Langbasa","lga":"Eti Osa","place":"Langbasa","place_m":517},"geometry":{"type":"Polygon","coordinates":[[[3.57847,6.50663],[3.5769,6.50754],[3.57533,6.50663],[3.57533,6.50482],[3.5769,6.50392],[3.57846,6.50482],[3.57847,6.50663]]]}},{"type":"Feature","properties":{"minutes":9.67,"people":1830,"clinic_min":12.27,"school_min":7.07,"k_clinic":5,"k_school":5,"within_15":1,"off_street":0,"ward":"Badore\u2013Langbasa","lga":"Eti Osa","place":"Langbasa","place_m":196},"geometry":{"type":"Polygon","coordinates":[[[3.5816,6.50663],[3.58003,6.50753],[3.57847,6.50663],[3.57846,6.50482],[3.58003,6.50391],[3.5816,6.50482],[3.5816,6.50663]]]}},{"type":"Feature","properties":{"minutes":9.28,"people":1619,"clinic_min":12.69,"school_min":5.87,"k_clinic":5,"k_school":5,"within_15":1,"off_street":0,"ward":"Badore\u2013Langbasa","lga":"Eti Osa","place":"Langbasa","place_m":222},"geometry":{"type":"Polygon","coordinates":[[[3.58473,6.50662],[3.58317,6.50753],[3.5816,6.50663],[3.5816,6.50482],[3.58316,6.50391],[3.58473,6.50481],[3.58473,6.50662]]]}},{"type":"Feature","properties":{"minutes":11.28,"people":1339,"clinic_min":14.34,"school_min":8.23,"k_clinic":5,"k_school":5,"within_15":1,"off_street":0,"ward":"Badore\u2013Langbasa","lga":"Eti Osa","place":"Langbasa","place_m":548},"geometry":{"type":"Polygon","coordinates":[[[3.58787,6.50662],[3.5863,6.50753],[3.58473,6.50662],[3.58473,6.50481],[3.5863,6.50391],[3.58786,6.50481],[3.58787,6.50662]]]}},{"type":"Feature","properties":{"minutes":12.36,"people":1558,"clinic_min":14.23,"school_min":10.5,"k_clinic":5,"k_school":5,"within_15":1,"off_street":0,"ward":"Badore\u2013Langbasa","lga":"Eti Osa","place":"Greenville Estate","place_m":656},"geometry":{"type":"Polygon","coordinates":[[[3.591,6.50662],[3.58943,6.50752],[3.58787,6.50662],[3.58786,6.50481],[3.58943,6.5039],[3.591,6.50481],[3.591,6.50662]]]}},{"type":"Feature","properties":{"minutes":19.24,"people":707,"clinic_min":21.25,"school_min":17.22,"k_clinic":5,"k_school":5,"within_15":0,"off_street":0,"ward":"Badore\u2013Langbasa","lga":"Eti Osa","place":"Greenville Estate","place_m":480},"geometry":{"type":"Polygon","coordinates":[[[3.59413,6.50661],[3.59257,6.50752],[3.591,6.50662],[3.591,6.50481],[3.59256,6.5039],[3.59413,6.5048],[3.59413,6.50661]]]}},{"type":"Feature","properties":{"minutes":11.38,"people":702,"clinic_min":14.89,"school_min":7.86,"k_clinic":5,"k_school":5,"within_15":1,"off_street":0,"ward":"Badore\u2013Langbasa","lga":"Eti Osa","place":"Greenville Estate","place_m":521},"geometry":{"type":"Polygon","coordinates":[[[3.59726,6.50661],[3.5957,6.50751],[3.59413,6.50661],[3.59413,6.5048],[3.59569,6.5039],[3.59726,6.5048],[3.59726,6.50661]]]}},{"type":"Feature","properties":{"minutes":16.15,"people":1314,"clinic_min":18.24,"school_min":14.05,"k_clinic":5,"k_school":5,"within_15":0,"off_street":0,"ward":"Badore\u2013Langbasa","lga":"Eti Osa","place":"Greenville Estate","place_m":743},"geometry":{"type":"Polygon","coordinates":[[[3.6004,6.5066],[3.59883,6.50751],[3.59726,6.50661],[3.59726,6.5048],[3.59883,6.50389],[3.60039,6.5048],[3.6004,6.5066]]]}},{"type":"Feature","properties":{"minutes":11.46,"people":805,"clinic_min":13.76,"school_min":9.15,"k_clinic":5,"k_school":5,"within_15":1,"off_street":0,"ward":"Badore\u2013Langbasa","lga":"Eti Osa","place":"Greenville Estate","place_m":1036},"geometry":{"type":"Polygon","coordinates":[[[3.60353,6.5066],[3.60196,6.50751],[3.6004,6.5066],[3.60039,6.5048],[3.60196,6.50389],[3.60353,6.50479],[3.60353,6.5066]]]}},{"type":"Feature","properties":{"minutes":12.41,"people":1020,"clinic_min":17.79,"school_min":7.03,"k_clinic":5,"k_school":5,"within_15":1,"off_street":0,"ward":"Badore\u2013Langbasa","lga":"Eti Osa","place":"Cooperative Villa Settlement","place_m":1284},"geometry":{"type":"Polygon","coordinates":[[[3.60666,6.5066],[3.6051,6.5075],[3.60353,6.5066],[3.60353,6.50479],[3.60509,6.50389],[3.60666,6.50479],[3.60666,6.5066]]]}},{"type":"Feature","properties":{"minutes":14.2,"people":875,"clinic_min":21.63,"school_min":6.77,"k_clinic":5,"k_school":5,"within_15":1,"off_street":0,"ward":"Badore\u2013Langbasa","lga":"Eti Osa","place":"Cooperative Villa Settlement","place_m":1008},"geometry":{"type":"Polygon","coordinates":[[[3.6098,6.50659],[3.60823,6.5075],[3.60666,6.5066],[3.60666,6.50479],[3.60823,6.50388],[3.60979,6.50478],[3.6098,6.50659]]]}},{"type":"Feature","properties":{"minutes":13.39,"people":447,"clinic_min":21.71,"school_min":5.06,"k_clinic":5,"k_school":5,"within_15":1,"off_street":0,"ward":"Badore\u2013Langbasa","lga":"Eti Osa","place":"Badore","place_m":731},"geometry":{"type":"Polygon","coordinates":[[[3.61293,6.50659],[3.61136,6.5075],[3.6098,6.50659],[3.60979,6.50478],[3.61136,6.50388],[3.61293,6.50478],[3.61293,6.50659]]]}},{"type":"Feature","properties":{"minutes":15.67,"people":1044,"clinic_min":23.99,"school_min":7.34,"k_clinic":5,"k_school":5,"within_15":0,"off_street":0,"ward":"Badore\u2013Langbasa","lga":"Eti Osa","place":"Badore","place_m":533},"geometry":{"type":"Polygon","coordinates":[[[3.61606,6.50659],[3.6145,6.50749],[3.61293,6.50659],[3.61293,6.50478],[3.61449,6.50387],[3.61606,6.50478],[3.61606,6.50659]]]}},{"type":"Feature","properties":{"minutes":20.51,"people":1112,"clinic_min":28.94,"school_min":12.09,"k_clinic":5,"k_school":5,"within_15":0,"off_street":0,"ward":"Badore\u2013Langbasa","lga":"Eti Osa","place":"Badore","place_m":523},"geometry":{"type":"Polygon","coordinates":[[[3.61919,6.50658],[3.61763,6.50749],[3.61606,6.50659],[3.61606,6.50478],[3.61763,6.50387],[3.61919,6.50477],[3.61919,6.50658]]]}},{"type":"Feature","properties":{"minutes":26.27,"people":892,"clinic_min":34.69,"school_min":17.85,"k_clinic":5,"k_school":5,"within_15":0,"off_street":0,"ward":"Badore\u2013Langbasa","lga":"Eti Osa","place":"Badore","place_m":710},"geometry":{"type":"Polygon","coordinates":[[[3.62233,6.50658],[3.62076,6.50748],[3.61919,6.50658],[3.61919,6.50477],[3.62076,6.50387],[3.62233,6.50477],[3.62233,6.50658]]]}},{"type":"Feature","properties":{"minutes":29.41,"people":449,"clinic_min":38.37,"school_min":20.44,"k_clinic":5,"k_school":5,"within_15":0,"off_street":0,"ward":"Badore\u2013Langbasa","lga":"Eti Osa","place":"Badore","place_m":987},"geometry":{"type":"Polygon","coordinates":[[[3.62546,6.50657],[3.6239,6.50748],[3.62233,6.50658],[3.62233,6.50477],[3.62389,6.50386],[3.62546,6.50476],[3.62546,6.50657]]]}},{"type":"Feature","properties":{"minutes":11.4,"people":777,"clinic_min":13.67,"school_min":9.13,"k_clinic":5,"k_school":5,"within_15":1,"off_street":0,"ward":"Odo Eran\u2013Ogunlana","lga":"Mushin","place":"Itire Ijeshatedo","place_m":414},"geometry":{"type":"Polygon","coordinates":[[[3.32626,6.50957],[3.32469,6.51048],[3.32312,6.50957],[3.32312,6.50776],[3.32469,6.50686],[3.32626,6.50776],[3.32626,6.50957]]]}},{"type":"Feature","properties":{"minutes":3.55,"people":2284,"clinic_min":5.22,"school_min":1.88,"k_clinic":5,"k_school":5,"within_15":1,"off_street":0,"ward":"Odo Eran\u2013Ogunlana","lga":"Mushin","place":"Itire Ijeshatedo","place_m":433},"geometry":{"type":"Polygon","coordinates":[[[3.32939,6.50957],[3.32782,6.51047],[3.32626,6.50957],[3.32626,6.50776],[3.32782,6.50685],[3.32939,6.50776],[3.32939,6.50957]]]}},{"type":"Feature","properties":{"minutes":3.93,"people":1932,"clinic_min":5.02,"school_min":2.84,"k_clinic":5,"k_school":5,"within_15":1,"off_street":0,"ward":"Oduselu\u2013Ola","lga":"Mushin","place":"Ola","place_m":350},"geometry":{"type":"Polygon","coordinates":[[[3.33252,6.50957],[3.33096,6.51047],[3.32939,6.50957],[3.32939,6.50776],[3.33096,6.50685],[3.33252,6.50776],[3.33252,6.50957]]]}},{"type":"Feature","properties":{"minutes":4.62,"people":2331,"clinic_min":5.15,"school_min":4.09,"k_clinic":5,"k_school":5,"within_15":1,"off_street":0,"ward":"Oduselu\u2013Ola","lga":"Mushin","place":"Itire Mushin","place_m":271},"geometry":{"type":"Polygon","coordinates":[[[3.33566,6.50956],[3.33409,6.51047],[3.33252,6.50957],[3.33252,6.50776],[3.33409,6.50685],[3.33566,6.50775],[3.33566,6.50956]]]}},{"type":"Feature","properties":{"minutes":6.61,"people":2447,"clinic_min":6.93,"school_min":6.3,"k_clinic":5,"k_school":5,"within_15":1,"off_street":0,"ward":"Ogunsami\u2013Karounwi","lga":"Surulere","place":"Itire Mushin","place_m":167},"geometry":{"type":"Polygon","coordinates":[[[3.33879,6.50956],[3.33722,6.51047],[3.33566,6.50956],[3.33566,6.50775],[3.33722,6.50685],[3.33879,6.50775],[3.33879,6.50956]]]}},{"type":"Feature","properties":{"minutes":4.25,"people":1758,"clinic_min":5.98,"school_min":2.53,"k_clinic":5,"k_school":5,"within_15":1,"off_street":0,"ward":"Baruwa (Surulere)","lga":"Surulere","place":"Baruwa","place_m":266},"geometry":{"type":"Polygon","coordinates":[[[3.34192,6.50956],[3.34036,6.51046],[3.33879,6.50956],[3.33879,6.50775],[3.34035,6.50685],[3.34192,6.50775],[3.34192,6.50956]]]}},{"type":"Feature","properties":{"minutes":3.95,"people":2356,"clinic_min":4.89,"school_min":3.01,"k_clinic":5,"k_school":5,"within_15":1,"off_street":0,"ward":"Baruwa (Surulere)","lga":"Surulere","place":"Baruwa","place_m":284},"geometry":{"type":"Polygon","coordinates":[[[3.34506,6.50956],[3.34349,6.51046],[3.34192,6.50956],[3.34192,6.50775],[3.34349,6.50684],[3.34505,6.50775],[3.34506,6.50956]]]}},{"type":"Feature","properties":{"minutes":3.97,"people":1747,"clinic_min":3.03,"school_min":4.91,"k_clinic":5,"k_school":5,"within_15":1,"off_street":0,"ward":"Ramoni","lga":"Surulere","place":"Ramoni","place_m":215},"geometry":{"type":"Polygon","coordinates":[[[3.34819,6.50955],[3.34662,6.51046],[3.34506,6.50956],[3.34505,6.50775],[3.34662,6.50684],[3.34819,6.50775],[3.34819,6.50955]]]}},{"type":"Feature","properties":{"minutes":3.79,"people":1647,"clinic_min":4.6,"school_min":2.99,"k_clinic":5,"k_school":5,"within_15":1,"off_street":0,"ward":"Babatunde Ayilara","lga":"Surulere","place":"Lawanson","place_m":459},"geometry":{"type":"Polygon","coordinates":[[[3.35132,6.50955],[3.34976,6.51046],[3.34819,6.50955],[3.34819,6.50775],[3.34975,6.50684],[3.35132,6.50774],[3.35132,6.50955]]]}},{"type":"Feature","properties":{"minutes":4.12,"people":1780,"clinic_min":5.01,"school_min":3.23,"k_clinic":5,"k_school":5,"within_15":1,"off_street":0,"ward":"Babatunde Ayilara","lga":"Surulere","place":"Babatunde Ayilara","place_m":361},"geometry":{"type":"Polygon","coordinates":[[[3.35446,6.50955],[3.35289,6.51046],[3.35132,6.50955],[3.35132,6.50774],[3.35289,6.50684],[3.35445,6.50774],[3.35446,6.50955]]]}},{"type":"Feature","properties":{"minutes":4.55,"people":1317,"clinic_min":5.39,"school_min":3.71,"k_clinic":5,"k_school":5,"within_15":1,"off_street":0,"ward":"Babatunde Ayilara","lga":"Surulere","place":"Babatunde Ayilara","place_m":148},"geometry":{"type":"Polygon","coordinates":[[[3.35759,6.50955],[3.35602,6.51045],[3.35446,6.50955],[3.35445,6.50774],[3.35602,6.50684],[3.35759,6.50774],[3.35759,6.50955]]]}},{"type":"Feature","properties":{"minutes":1.21,"people":2011,"clinic_min":2.26,"school_min":0.17,"k_clinic":5,"k_school":5,"within_15":1,"off_street":0,"ward":"Babatunde Ayilara","lga":"Surulere","place":"Babatunde Ayilara","place_m":391},"geometry":{"type":"Polygon","coordinates":[[[3.36072,6.50955],[3.35916,6.51045],[3.35759,6.50955],[3.35759,6.50774],[3.35915,6.50683],[3.36072,6.50774],[3.36072,6.50955]]]}},{"type":"Feature","properties":{"minutes":4.8,"people":1875,"clinic_min":5.0,"school_min":4.61,"k_clinic":5,"k_school":5,"within_15":1,"off_street":0,"ward":"Babatunde Ayilara","lga":"Surulere","place":"Ojuelegba","place_m":465},"geometry":{"type":"Polygon","coordinates":[[[3.36385,6.50954],[3.36229,6.51045],[3.36072,6.50955],[3.36072,6.50774],[3.36229,6.50683],[3.36385,6.50773],[3.36385,6.50954]]]}},{"type":"Feature","properties":{"minutes":4.68,"people":1571,"clinic_min":4.4,"school_min":4.96,"k_clinic":5,"k_school":5,"within_15":1,"off_street":0,"ward":"Mosafejo Ojuelegba","lga":"Surulere","place":"Ojuelegba","place_m":156},"geometry":{"type":"Polygon","coordinates":[[[3.36699,6.50954],[3.36542,6.51045],[3.36385,6.50954],[3.36385,6.50773],[3.36542,6.50683],[3.36699,6.50773],[3.36699,6.50954]]]}},{"type":"Feature","properties":{"minutes":4.78,"people":1808,"clinic_min":4.35,"school_min":5.2,"k_clinic":5,"k_school":5,"within_15":1,"off_street":0,"ward":"Mosafejo Ojuelegba","lga":"Surulere","place":"Ojuelegba","place_m":268},"geometry":{"type":"Polygon","coordinates":[[[3.37012,6.50954],[3.36856,6.51045],[3.36699,6.50954],[3.36699,6.50773],[3.36855,6.50683],[3.37012,6.50773],[3.37012,6.50954]]]}},{"type":"Feature","properties":{"minutes":5.02,"people":1040,"clinic_min":4.1,"school_min":5.93,"k_clinic":5,"k_school":5,"within_15":1,"off_street":0,"ward":"Iponri\u2013Olaleye","lga":"Lagos Mainland","place":"Harvey","place_m":130},"geometry":{"type":"Polygon","coordinates":[[[3.37325,6.50954],[3.37169,6.51044],[3.37012,6.50954],[3.37012,6.50773],[3.37169,6.50682],[3.37325,6.50773],[3.37325,6.50954]]]}},{"type":"Feature","properties":{"minutes":3.01,"people":1816,"clinic_min":2.62,"school_min":3.4,"k_clinic":5,"k_school":5,"within_15":1,"off_street":0,"ward":"Harvey","lga":"Lagos Mainland","place":"Harvey","place_m":248},"geometry":{"type":"Polygon","coordinates":[[[3.37639,6.50953],[3.37482,6.51044],[3.37325,6.50954],[3.37325,6.50773],[3.37482,6.50682],[3.37639,6.50773],[3.37639,6.50953]]]}},{"type":"Feature","properties":{"minutes":4.82,"people":1687,"clinic_min":6.07,"school_min":3.56,"k_clinic":5,"k_school":5,"within_15":1,"off_street":0,"ward":"Harvey","lga":"Lagos Mainland","place":"Birrel Avenue","place_m":87},"geometry":{"type":"Polygon","coordinates":[[[3.37952,6.50953],[3.37795,6.51044],[3.37639,6.50953],[3.37639,6.50773],[3.37795,6.50682],[3.37952,6.50772],[3.37952,6.50953]]]}},{"type":"Feature","properties":{"minutes":4.74,"people":984,"clinic_min":6.66,"school_min":2.82,"k_clinic":5,"k_school":5,"within_15":1,"off_street":0,"ward":"Onike\u2013Oyadiran","lga":"Lagos Mainland","place":"Birrel Avenue","place_m":262},"geometry":{"type":"Polygon","coordinates":[[[3.38265,6.50953],[3.38109,6.51044],[3.37952,6.50953],[3.37952,6.50772],[3.38108,6.50682],[3.38265,6.50772],[3.38265,6.50953]]]}},{"type":"Feature","properties":{"minutes":7.95,"people":1487,"clinic_min":9.26,"school_min":6.63,"k_clinic":5,"k_school":5,"within_15":1,"off_street":0,"ward":"Onike\u2013Oyadiran","lga":"Lagos Mainland","place":"Ajibade Close","place_m":276},"geometry":{"type":"Polygon","coordinates":[[[3.38579,6.50953],[3.38422,6.51043],[3.38265,6.50953],[3.38265,6.50772],[3.38422,6.50681],[3.38579,6.50772],[3.38579,6.50953]]]}},{"type":"Feature","properties":{"minutes":2.43,"people":1808,"clinic_min":3.01,"school_min":1.84,"k_clinic":5,"k_school":5,"within_15":1,"off_street":0,"ward":"Salami\u2013Baiyewunmi","lga":"Lagos Mainland","place":"Joseph Harrison Street","place_m":395},"geometry":{"type":"Polygon","coordinates":[[[3.38892,6.50953],[3.38735,6.51043],[3.38579,6.50953],[3.38579,6.50772],[3.38735,6.50681],[3.38892,6.50772],[3.38892,6.50953]]]}},{"type":"Feature","properties":{"minutes":4.51,"people":2690,"clinic_min":6.41,"school_min":2.61,"k_clinic":5,"k_school":5,"within_15":1,"off_street":0,"ward":"Salami\u2013Baiyewunmi","lga":"Lagos Mainland","place":"Arowolo","place_m":189},"geometry":{"type":"Polygon","coordinates":[[[3.39205,6.50952],[3.39049,6.51043],[3.38892,6.50953],[3.38892,6.50772],[3.39048,6.50681],[3.39205,6.50771],[3.39205,6.50952]]]}},{"type":"Feature","properties":{"minutes":9.94,"people":3041,"clinic_min":12.95,"school_min":6.94,"k_clinic":5,"k_school":5,"within_15":1,"off_street":0,"ward":"Salami\u2013Baiyewunmi","lga":"Lagos Mainland","place":"Aderupoko","place_m":199},"geometry":{"type":"Polygon","coordinates":[[[3.39519,6.50952],[3.39362,6.51043],[3.39205,6.50952],[3.39205,6.50771],[3.39362,6.50681],[3.39518,6.50771],[3.39519,6.50952]]]}},{"type":"Feature","properties":{"minutes":17.6,"people":482,"clinic_min":17.23,"school_min":17.98,"k_clinic":5,"k_school":5,"within_15":0,"off_street":0,"ward":"Abule Oja","lga":"Lagos Mainland","place":"Aderupoko","place_m":444},"geometry":{"type":"Polygon","coordinates":[[[3.39832,6.50952],[3.39675,6.51042],[3.39519,6.50952],[3.39518,6.50771],[3.39675,6.50681],[3.39832,6.50771],[3.39832,6.50952]]]}},{"type":"Feature","properties":{"minutes":12.23,"people":773,"clinic_min":15.48,"school_min":8.99,"k_clinic":5,"k_school":5,"within_15":1,"off_street":0,"ward":"Badore\u2013Langbasa","lga":"Eti Osa","place":"Langbasa","place_m":532},"geometry":{"type":"Polygon","coordinates":[[[3.58004,6.50934],[3.57847,6.51025],[3.5769,6.50935],[3.5769,6.50754],[3.57847,6.50663],[3.58003,6.50753],[3.58004,6.50934]]]}},{"type":"Feature","properties":{"minutes":13.88,"people":2121,"clinic_min":17.91,"school_min":9.85,"k_clinic":5,"k_school":5,"within_15":1,"off_street":0,"ward":"Badore\u2013Langbasa","lga":"Eti Osa","place":"Langbasa","place_m":417},"geometry":{"type":"Polygon","coordinates":[[[3.58317,6.50934],[3.5816,6.51024],[3.58004,6.50934],[3.58003,6.50753],[3.5816,6.50663],[3.58317,6.50753],[3.58317,6.50934]]]}},{"type":"Feature","properties":{"minutes":12.57,"people":1286,"clinic_min":17.98,"school_min":7.17,"k_clinic":5,"k_school":5,"within_15":1,"off_street":0,"ward":"Badore\u2013Langbasa","lga":"Eti Osa","place":"Langbasa","place_m":552},"geometry":{"type":"Polygon","coordinates":[[[3.5863,6.50933],[3.58474,6.51024],[3.58317,6.50934],[3.58317,6.50753],[3.58473,6.50662],[3.5863,6.50753],[3.5863,6.50933]]]}},{"type":"Feature","properties":{"minutes":15.15,"people":949,"clinic_min":20.92,"school_min":9.37,"k_clinic":5,"k_school":5,"within_15":0,"off_street":0,"ward":"Badore\u2013Langbasa","lga":"Eti Osa","place":"Greenville Estate","place_m":655},"geometry":{"type":"Polygon","coordinates":[[[3.58943,6.50933],[3.58787,6.51024],[3.5863,6.50933],[3.5863,6.50753],[3.58787,6.50662],[3.58943,6.50752],[3.58943,6.50933]]]}},{"type":"Feature","properties":{"minutes":17.83,"people":701,"clinic_min":19.55,"school_min":16.1,"k_clinic":5,"k_school":5,"within_15":0,"off_street":0,"ward":"Badore\u2013Langbasa","lga":"Eti Osa","place":"Greenville Estate","place_m":332},"geometry":{"type":"Polygon","coordinates":[[[3.59257,6.50933],[3.591,6.51023],[3.58943,6.50933],[3.58943,6.50752],[3.591,6.50662],[3.59257,6.50752],[3.59257,6.50933]]]}},{"type":"Feature","properties":{"minutes":18.75,"people":1449,"clinic_min":21.31,"school_min":16.18,"k_clinic":5,"k_school":5,"within_15":0,"off_street":0,"ward":"Badore\u2013Langbasa","lga":"Eti Osa","place":"Greenville Estate","place_m":177},"geometry":{"type":"Polygon","coordinates":[[[3.5957,6.50932],[3.59414,6.51023],[3.59257,6.50933],[3.59257,6.50752],[3.59413,6.50661],[3.5957,6.50751],[3.5957,6.50932]]]}},{"type":"Feature","properties":{"minutes":13.6,"people":1340,"clinic_min":16.41,"school_min":10.8,"k_clinic":5,"k_school":5,"within_15":1,"off_street":0,"ward":"Badore\u2013Langbasa","lga":"Eti Osa","place":"Greenville Estate","place_m":438},"geometry":{"type":"Polygon","coordinates":[[[3.59883,6.50932],[3.59727,6.51023],[3.5957,6.50932],[3.5957,6.50751],[3.59726,6.50661],[3.59883,6.50751],[3.59883,6.50932]]]}},{"type":"Feature","properties":{"minutes":13.69,"people":740,"clinic_min":15.86,"school_min":11.52,"k_clinic":5,"k_school":5,"within_15":1,"off_street":0,"ward":"Badore\u2013Langbasa","lga":"Eti Osa","place":"Greenville Estate","place_m":770},"geometry":{"type":"Polygon","coordinates":[[[3.60197,6.50932],[3.6004,6.51022],[3.59883,6.50932],[3.59883,6.50751],[3.6004,6.5066],[3.60196,6.50751],[3.60197,6.50932]]]}},{"type":"Feature","properties":{"minutes":15.55,"people":493,"clinic_min":18.29,"school_min":12.82,"k_clinic":5,"k_school":5,"within_15":0,"off_street":0,"ward":"Badore\u2013Langbasa","lga":"Eti Osa","place":"Greenville Estate","place_m":1111},"geometry":{"type":"Polygon","coordinates":[[[3.6051,6.50931],[3.60353,6.51022],[3.60197,6.50932],[3.60196,6.50751],[3.60353,6.5066],[3.6051,6.5075],[3.6051,6.50931]]]}},{"type":"Feature","properties":{"minutes":10.99,"people":1324,"clinic_min":16.19,"school_min":5.79,"k_clinic":5,"k_school":5,"within_15":1,"off_street":0,"ward":"Badore\u2013Langbasa","lga":"Eti Osa","place":"Badore","place_m":1072},"geometry":{"type":"Polygon","coordinates":[[[3.60823,6.50931],[3.60667,6.51022],[3.6051,6.50931],[3.6051,6.5075],[3.60666,6.5066],[3.60823,6.5075],[3.60823,6.50931]]]}},{"type":"Feature","properties":{"minutes":9.72,"people":755,"clinic_min":16.13,"school_min":3.31,"k_clinic":5,"k_school":5,"within_15":1,"off_street":0,"ward":"Badore\u2013Langbasa","lga":"Eti Osa","place":"Badore","place_m":735},"geometry":{"type":"Polygon","coordinates":[[[3.61137,6.5093],[3.6098,6.51021],[3.60823,6.50931],[3.60823,6.5075],[3.6098,6.50659],[3.61136,6.5075],[3.61137,6.5093]]]}},{"type":"Feature","properties":{"minutes":11.61,"people":1109,"clinic_min":19.56,"school_min":3.65,"k_clinic":5,"k_school":5,"within_15":1,"off_street":0,"ward":"Badore\u2013Langbasa","lga":"Eti Osa","place":"Badore","place_m":412},"geometry":{"type":"Polygon","coordinates":[[[3.6145,6.5093],[3.61293,6.51021],[3.61137,6.5093],[3.61136,6.5075],[3.61293,6.50659],[3.6145,6.50749],[3.6145,6.5093]]]}},{"type":"Feature","properties":{"minutes":17.57,"people":1615,"clinic_min":25.93,"school_min":9.2,"k_clinic":5,"k_school":5,"within_15":0,"off_street":0,"ward":"Badore\u2013Langbasa","lga":"Eti Osa","place":"Badore","place_m":199},"geometry":{"type":"Polygon","coordinates":[[[3.61763,6.5093],[3.61607,6.5102],[3.6145,6.5093],[3.6145,6.50749],[3.61606,6.50659],[3.61763,6.50749],[3.61763,6.5093]]]}},{"type":"Feature","properties":{"minutes":20.29,"people":991,"clinic_min":28.74,"school_min":11.84,"k_clinic":5,"k_school":5,"within_15":0,"off_street":0,"ward":"Badore\u2013Langbasa","lga":"Eti Osa","place":"Badore","place_m":387},"geometry":{"type":"Polygon","coordinates":[[[3.62076,6.50929],[3.6192,6.5102],[3.61763,6.5093],[3.61763,6.50749],[3.61919,6.50658],[3.62076,6.50748],[3.62076,6.50929]]]}},{"type":"Feature","properties":{"minutes":23.97,"people":419,"clinic_min":32.58,"school_min":15.36,"k_clinic":5,"k_school":5,"within_15":0,"off_street":0,"ward":"Badore\u2013Langbasa","lga":"Eti Osa","place":"Badore","place_m":707},"geometry":{"type":"Polygon","coordinates":[[[3.6239,6.50929],[3.62233,6.5102],[3.62076,6.50929],[3.62076,6.50748],[3.62233,6.50658],[3.6239,6.50748],[3.6239,6.50929]]]}},{"type":"Feature","properties":{"minutes":6.35,"people":1354,"clinic_min":7.86,"school_min":4.83,"k_clinic":5,"k_school":5,"within_15":1,"off_street":0,"ward":"Oduselu\u2013Ola","lga":"Mushin","place":"Ola","place_m":695},"geometry":{"type":"Polygon","coordinates":[[[3.33096,6.51228],[3.32939,6.51319],[3.32783,6.51228],[3.32782,6.51047],[3.32939,6.50957],[3.33096,6.51047],[3.33096,6.51228]]]}},{"type":"Feature","properties":{"minutes":5.35,"people":1856,"clinic_min":6.04,"school_min":4.65,"k_clinic":5,"k_school":5,"within_15":1,"off_street":0,"ward":"Oduselu\u2013Ola","lga":"Mushin","place":"Itire Mushin","place_m":447},"geometry":{"type":"Polygon","coordinates":[[[3.33409,6.51228],[3.33253,6.51318],[3.33096,6.51228],[3.33096,6.51047],[3.33252,6.50957],[3.33409,6.51047],[3.33409,6.51228]]]}},{"type":"Feature","properties":{"minutes":3.56,"people":2246,"clinic_min":4.0,"school_min":3.12,"k_clinic":5,"k_school":5,"within_15":1,"off_street":0,"ward":"Onitire","lga":"Mushin","place":"Itire Mushin","place_m":185},"geometry":{"type":"Polygon","coordinates":[[[3.33723,6.51228],[3.33566,6.51318],[3.33409,6.51228],[3.33409,6.51047],[3.33566,6.50956],[3.33722,6.51047],[3.33723,6.51228]]]}},{"type":"Feature","properties":{"minutes":4.37,"people":1670,"clinic_min":4.73,"school_min":4.02,"k_clinic":5,"k_school":5,"within_15":1,"off_street":0,"ward":"Onitire","lga":"Mushin","place":"Itire Surulere","place_m":324},"geometry":{"type":"Polygon","coordinates":[[[3.34036,6.51227],[3.33879,6.51318],[3.33723,6.51228],[3.33722,6.51047],[3.33879,6.50956],[3.34036,6.51046],[3.34036,6.51227]]]}},{"type":"Feature","properties":{"minutes":5.59,"people":2439,"clinic_min":5.79,"school_min":5.39,"k_clinic":5,"k_school":5,"within_15":1,"off_street":0,"ward":"Baruwa (Surulere)","lga":"Surulere","place":"Itire Surulere","place_m":421},"geometry":{"type":"Polygon","coordinates":[[[3.34349,6.51227],[3.34193,6.51318],[3.34036,6.51227],[3.34036,6.51046],[3.34192,6.50956],[3.34349,6.51046],[3.34349,6.51227]]]}},{"type":"Feature","properties":{"minutes":6.92,"people":2094,"clinic_min":6.78,"school_min":7.05,"k_clinic":5,"k_school":5,"within_15":1,"off_street":0,"ward":"Ramoni","lga":"Surulere","place":"Lawanson","place_m":403},"geometry":{"type":"Polygon","coordinates":[[[3.34662,6.51227],[3.34506,6.51318],[3.34349,6.51227],[3.34349,6.51046],[3.34506,6.50956],[3.34662,6.51046],[3.34662,6.51227]]]}},{"type":"Feature","properties":{"minutes":4.13,"people":1954,"clinic_min":2.22,"school_min":6.04,"k_clinic":5,"k_school":5,"within_15":1,"off_street":0,"ward":"Ramoni","lga":"Surulere","place":"Lawanson","place_m":141},"geometry":{"type":"Polygon","coordinates":[[[3.34976,6.51227],[3.34819,6.51317],[3.34662,6.51227],[3.34662,6.51046],[3.34819,6.50955],[3.34976,6.51046],[3.34976,6.51227]]]}},{"type":"Feature","properties":{"minutes":4.59,"people":1525,"clinic_min":6.46,"school_min":2.73,"k_clinic":5,"k_school":5,"within_15":1,"off_street":0,"ward":"Babatunde Ayilara","lga":"Surulere","place":"Lawanson","place_m":342},"geometry":{"type":"Polygon","coordinates":[[[3.35289,6.51227],[3.35132,6.51317],[3.34976,6.51227],[3.34976,6.51046],[3.35132,6.50955],[3.35289,6.51046],[3.35289,6.51227]]]}},{"type":"Feature","properties":{"minutes":5.64,"people":2200,"clinic_min":5.5,"school_min":5.78,"k_clinic":5,"k_school":5,"within_15":1,"off_street":0,"ward":"Babatunde Ayilara","lga":"Surulere","place":"Obele Oniwala","place_m":402},"geometry":{"type":"Polygon","coordinates":[[[3.35602,6.51226],[3.35446,6.51317],[3.35289,6.51227],[3.35289,6.51046],[3.35446,6.50955],[3.35602,6.51045],[3.35602,6.51226]]]}},{"type":"Feature","properties":{"minutes":2.21,"people":1380,"clinic_min":2.78,"school_min":1.64,"k_clinic":5,"k_school":5,"within_15":1,"off_street":0,"ward":"Babatunde Ayilara","lga":"Surulere","place":"Babatunde Ayilara","place_m":486},"geometry":{"type":"Polygon","coordinates":[[[3.35916,6.51226],[3.35759,6.51317],[3.35602,6.51226],[3.35602,6.51045],[3.35759,6.50955],[3.35916,6.51045],[3.35916,6.51226]]]}},{"type":"Feature","properties":{"minutes":4.66,"people":1863,"clinic_min":4.62,"school_min":4.7,"k_clinic":5,"k_school":5,"within_15":1,"off_street":0,"ward":"Akinhanmi Cole","lga":"Surulere","place":"Akinhanmi Cole","place_m":454},"geometry":{"type":"Polygon","coordinates":[[[3.36229,6.51226],[3.36072,6.51316],[3.35916,6.51226],[3.35916,6.51045],[3.36072,6.50955],[3.36229,6.51045],[3.36229,6.51226]]]}},{"type":"Feature","properties":{"minutes":5.92,"people":1058,"clinic_min":4.91,"school_min":6.92,"k_clinic":5,"k_school":5,"within_15":1,"off_street":0,"ward":"Mosafejo Ojuelegba","lga":"Surulere","place":"Ojuelegba","place_m":333},"geometry":{"type":"Polygon","coordinates":[[[3.36542,6.51226],[3.36386,6.51316],[3.36229,6.51226],[3.36229,6.51045],[3.36385,6.50954],[3.36542,6.51045],[3.36542,6.51226]]]}},{"type":"Feature","properties":{"minutes":4.45,"people":1492,"clinic_min":6.54,"school_min":2.36,"k_clinic":5,"k_school":5,"within_15":1,"off_street":0,"ward":"Mosafejo Ojuelegba","lga":"Surulere","place":"Ojuelegba","place_m":197},"geometry":{"type":"Polygon","coordinates":[[[3.36856,6.51225],[3.36699,6.51316],[3.36542,6.51226],[3.36542,6.51045],[3.36699,6.50954],[3.36856,6.51045],[3.36856,6.51225]]]}},{"type":"Feature","properties":{"minutes":8.07,"people":1344,"clinic_min":8.54,"school_min":7.61,"k_clinic":5,"k_school":5,"within_15":1,"off_street":0,"ward":"Harvey","lga":"Lagos Mainland","place":"Muritala Mohammed Way","place_m":71},"geometry":{"type":"Polygon","coordinates":[[[3.37169,6.51225],[3.37012,6.51316],[3.36856,6.51225],[3.36856,6.51045],[3.37012,6.50954],[3.37169,6.51044],[3.37169,6.51225]]]}},{"type":"Feature","properties":{"minutes":5.08,"people":1382,"clinic_min":4.12,"school_min":6.05,"k_clinic":5,"k_school":5,"within_15":1,"off_street":0,"ward":"Harvey","lga":"Lagos Mainland","place":"Harvey","place_m":238},"geometry":{"type":"Polygon","coordinates":[[[3.37482,6.51225],[3.37326,6.51316],[3.37169,6.51225],[3.37169,6.51044],[3.37325,6.50954],[3.37482,6.51044],[3.37482,6.51225]]]}},{"type":"Feature","properties":{"minutes":3.55,"people":1025,"clinic_min":4.03,"school_min":3.08,"k_clinic":5,"k_school":5,"within_15":1,"off_street":0,"ward":"Harvey","lga":"Lagos Mainland","place":"Ayo Opadokun Avenue","place_m":103},"geometry":{"type":"Polygon","coordinates":[[[3.37796,6.51225],[3.37639,6.51315],[3.37482,6.51225],[3.37482,6.51044],[3.37639,6.50953],[3.37795,6.51044],[3.37796,6.51225]]]}},{"type":"Feature","properties":{"minutes":5.86,"people":895,"clinic_min":6.62,"school_min":5.11,"k_clinic":5,"k_school":5,"within_15":1,"off_street":0,"ward":"Onike\u2013Oyadiran","lga":"Lagos Mainland","place":"Herbert Macaulay Way","place_m":217},"geometry":{"type":"Polygon","coordinates":[[[3.38109,6.51224],[3.37952,6.51315],[3.37796,6.51225],[3.37795,6.51044],[3.37952,6.50953],[3.38109,6.51044],[3.38109,6.51224]]]}},{"type":"Feature","properties":{"minutes":8.36,"people":1738,"clinic_min":10.7,"school_min":6.02,"k_clinic":5,"k_school":5,"within_15":1,"off_street":0,"ward":"Onike\u2013Oyadiran","lga":"Lagos Mainland","place":"Barikisu Iyede","place_m":231},"geometry":{"type":"Polygon","coordinates":[[[3.38422,6.51224],[3.38266,6.51315],[3.38109,6.51224],[3.38109,6.51044],[3.38265,6.50953],[3.38422,6.51043],[3.38422,6.51224]]]}},{"type":"Feature","properties":{"minutes":3.76,"people":1994,"clinic_min":3.62,"school_min":3.9,"k_clinic":5,"k_school":5,"within_15":1,"off_street":0,"ward":"Salami\u2013Baiyewunmi","lga":"Lagos Mainland","place":"Akintunde Close","place_m":105},"geometry":{"type":"Polygon","coordinates":[[[3.38736,6.51224],[3.38579,6.51315],[3.38422,6.51224],[3.38422,6.51043],[3.38579,6.50953],[3.38735,6.51043],[3.38736,6.51224]]]}},{"type":"Feature","properties":{"minutes":6.91,"people":684,"clinic_min":7.99,"school_min":5.83,"k_clinic":5,"k_school":5,"within_15":1,"off_street":0,"ward":"Abule Oja","lga":"Lagos Mainland","place":"Akintunde Close","place_m":451},"geometry":{"type":"Polygon","coordinates":[[[3.39049,6.51224],[3.38892,6.51314],[3.38736,6.51224],[3.38735,6.51043],[3.38892,6.50953],[3.39049,6.51043],[3.39049,6.51224]]]}},{"type":"Feature","properties":{"minutes":11.28,"people":824,"clinic_min":11.48,"school_min":11.09,"k_clinic":5,"k_school":5,"within_15":1,"off_street":0,"ward":"Abule Oja","lga":"Lagos Mainland","place":"Arowolo","place_m":435},"geometry":{"type":"Polygon","coordinates":[[[3.39362,6.51224],[3.39206,6.51314],[3.39049,6.51224],[3.39049,6.51043],[3.39205,6.50952],[3.39362,6.51043],[3.39362,6.51224]]]}},{"type":"Feature","properties":{"minutes":13.9,"people":694,"clinic_min":13.52,"school_min":14.27,"k_clinic":5,"k_school":5,"within_15":1,"off_street":0,"ward":"Abule Oja","lga":"Lagos Mainland","place":"Aderupoko","place_m":541},"geometry":{"type":"Polygon","coordinates":[[[3.39675,6.51223],[3.39519,6.51314],[3.39362,6.51224],[3.39362,6.51043],[3.39519,6.50952],[3.39675,6.51042],[3.39675,6.51223]]]}},{"type":"Feature","properties":{"minutes":12.78,"people":391,"clinic_min":12.4,"school_min":13.16,"k_clinic":5,"k_school":5,"within_15":1,"off_street":0,"ward":"Abule Oja","lga":"Lagos Mainland","place":"Aderupoko","place_m":755},"geometry":{"type":"Polygon","coordinates":[[[3.39989,6.51223],[3.39832,6.51314],[3.39675,6.51223],[3.39675,6.51042],[3.39832,6.50952],[3.39989,6.51042],[3.39989,6.51223]]]}},{"type":"Feature","properties":{"minutes":28.68,"people":69,"clinic_min":29.68,"school_min":27.68,"k_clinic":5,"k_school":5,"within_15":0,"off_street":0,"ward":"Abule Oja","lga":"Lagos Mainland","place":"Aderupoko","place_m":1043},"geometry":{"type":"Polygon","coordinates":[[[3.40302,6.51223],[3.40145,6.51313],[3.39989,6.51223],[3.39989,6.51042],[3.40145,6.50952],[3.40302,6.51042],[3.40302,6.51223]]]}},{"type":"Feature","properties":{"minutes":13.41,"people":530,"clinic_min":16.66,"school_min":10.17,"k_clinic":5,"k_school":5,"within_15":1,"off_street":0,"ward":"Badore\u2013Langbasa","lga":"Eti Osa","place":"Langbasa","place_m":734},"geometry":{"type":"Polygon","coordinates":[[[3.58161,6.51205],[3.58004,6.51296],[3.57847,6.51206],[3.57847,6.51025],[3.58004,6.50934],[3.5816,6.51024],[3.58161,6.51205]]]}},{"type":"Feature","properties":{"minutes":16.28,"people":1699,"clinic_min":21.04,"school_min":11.52,"k_clinic":5,"k_school":5,"within_15":0,"off_street":0,"ward":"Badore\u2013Langbasa","lga":"Eti Osa","place":"Langbasa","place_m":741},"geometry":{"type":"Polygon","coordinates":[[[3.58474,6.51205],[3.58317,6.51296],[3.58161,6.51205],[3.5816,6.51024],[3.58317,6.50934],[3.58474,6.51024],[3.58474,6.51205]]]}},{"type":"Feature","properties":{"minutes":20.13,"people":1142,"clinic_min":26.06,"school_min":14.21,"k_clinic":5,"k_school":5,"within_15":0,"off_street":0,"ward":"Badore\u2013Langbasa","lga":"Eti Osa","place":"Greenville Estate","place_m":818},"geometry":{"type":"Polygon","coordinates":[[[3.58787,6.51205],[3.58631,6.51295],[3.58474,6.51205],[3.58474,6.51024],[3.5863,6.50933],[3.58787,6.51024],[3.58787,6.51205]]]}},{"type":"Feature","properties":{"minutes":16.42,"people":820,"clinic_min":21.76,"school_min":11.07,"k_clinic":5,"k_school":5,"within_15":0,"off_street":0,"ward":"Badore\u2013Langbasa","lga":"Eti Osa","place":"Greenville Estate","place_m":479},"geometry":{"type":"Polygon","coordinates":[[[3.591,6.51204],[3.58944,6.51295],[3.58787,6.51205],[3.58787,6.51024],[3.58943,6.50933],[3.591,6.51023],[3.591,6.51204]]]}},{"type":"Feature","properties":{"minutes":18.98,"people":447,"clinic_min":21.23,"school_min":16.73,"k_clinic":5,"k_school":5,"within_15":0,"off_street":0,"ward":"Badore\u2013Langbasa","lga":"Eti Osa","place":"Greenville Estate","place_m":175},"geometry":{"type":"Polygon","coordinates":[[[3.59414,6.51204],[3.59257,6.51295],[3.591,6.51204],[3.591,6.51023],[3.59257,6.50933],[3.59414,6.51023],[3.59414,6.51204]]]}},{"type":"Feature","properties":{"minutes":19.64,"people":1078,"clinic_min":22.92,"school_min":16.36,"k_clinic":5,"k_school":5,"within_15":0,"off_street":0,"ward":"Badore\u2013Langbasa","lga":"Eti Osa","place":"Greenville Estate","place_m":268},"geometry":{"type":"Polygon","coordinates":[[[3.59727,6.51204],[3.59571,6.51294],[3.59414,6.51204],[3.59414,6.51023],[3.5957,6.50932],[3.59727,6.51023],[3.59727,6.51204]]]}},{"type":"Feature","properties":{"minutes":17.07,"people":684,"clinic_min":19.23,"school_min":14.9,"k_clinic":5,"k_school":5,"within_15":0,"off_street":0,"ward":"Badore\u2013Langbasa","lga":"Eti Osa","place":"Greenville Estate","place_m":594},"geometry":{"type":"Polygon","coordinates":[[[3.6004,6.51203],[3.59884,6.51294],[3.59727,6.51204],[3.59727,6.51023],[3.59883,6.50932],[3.6004,6.51022],[3.6004,6.51203]]]}},{"type":"Feature","properties":{"minutes":17.66,"people":112,"clinic_min":21.27,"school_min":14.05,"k_clinic":5,"k_school":5,"within_15":0,"off_street":0,"ward":"Badore\u2013Langbasa","lga":"Eti Osa","place":"Greenville Estate","place_m":935},"geometry":{"type":"Polygon","coordinates":[[[3.60354,6.51203],[3.60197,6.51293],[3.6004,6.51203],[3.6004,6.51022],[3.60197,6.50932],[3.60353,6.51022],[3.60354,6.51203]]]}},{"type":"Feature","properties":{"minutes":13.75,"people":822,"clinic_min":17.55,"school_min":9.95,"k_clinic":5,"k_school":5,"within_15":1,"off_street":0,"ward":"Badore\u2013Langbasa","lga":"Eti Osa","place":"Badore","place_m":1231},"geometry":{"type":"Polygon","coordinates":[[[3.60667,6.51202],[3.6051,6.51293],[3.60354,6.51203],[3.60353,6.51022],[3.6051,6.50931],[3.60667,6.51022],[3.60667,6.51202]]]}},{"type":"Feature","properties":{"minutes":11.31,"people":191,"clinic_min":18.09,"school_min":4.52,"k_clinic":5,"k_school":5,"within_15":1,"off_street":0,"ward":"Badore\u2013Langbasa","lga":"Eti Osa","place":"Badore","place_m":886},"geometry":{"type":"Polygon","coordinates":[[[3.6098,6.51202],[3.60824,6.51293],[3.60667,6.51202],[3.60667,6.51022],[3.60823,6.50931],[3.6098,6.51021],[3.6098,6.51202]]]}},{"type":"Feature","properties":{"minutes":14.68,"people":216,"clinic_min":21.41,"school_min":7.95,"k_clinic":5,"k_school":5,"within_15":1,"off_street":0,"ward":"Badore\u2013Langbasa","lga":"Eti Osa","place":"Badore","place_m":544},"geometry":{"type":"Polygon","coordinates":[[[3.61294,6.51202],[3.61137,6.51292],[3.6098,6.51202],[3.6098,6.51021],[3.61137,6.5093],[3.61293,6.51021],[3.61294,6.51202]]]}},{"type":"Feature","properties":{"minutes":13.28,"people":994,"clinic_min":21.94,"school_min":4.62,"k_clinic":5,"k_school":5,"within_15":1,"off_street":0,"ward":"Badore\u2013Langbasa","lga":"Eti Osa","place":"Badore","place_m":213},"geometry":{"type":"Polygon","coordinates":[[[3.61607,6.51201],[3.6145,6.51292],[3.61294,6.51202],[3.61293,6.51021],[3.6145,6.5093],[3.61607,6.5102],[3.61607,6.51201]]]}},{"type":"Feature","properties":{"minutes":17.95,"people":517,"clinic_min":26.35,"school_min":9.55,"k_clinic":5,"k_school":5,"within_15":0,"off_street":0,"ward":"Badore\u2013Langbasa","lga":"Eti Osa","place":"Badore","place_m":188},"geometry":{"type":"Polygon","coordinates":[[[3.6192,6.51201],[3.61764,6.51292],[3.61607,6.51201],[3.61607,6.5102],[3.61763,6.5093],[3.6192,6.5102],[3.6192,6.51201]]]}},{"type":"Feature","properties":{"minutes":5.67,"people":936,"clinic_min":5.92,"school_min":5.41,"k_clinic":5,"k_school":5,"within_15":1,"off_street":0,"ward":"Oduselu\u2013Ola","lga":"Mushin","place":"Mechanic Villiage","place_m":427},"geometry":{"type":"Polygon","coordinates":[[[3.33566,6.51499],[3.33409,6.5159],[3.33253,6.51499],[3.33253,6.51318],[3.33409,6.51228],[3.33566,6.51318],[3.33566,6.51499]]]}},{"type":"Feature","properties":{"minutes":6.49,"people":1730,"clinic_min":7.42,"school_min":5.56,"k_clinic":5,"k_school":5,"within_15":1,"off_street":0,"ward":"Onitire","lga":"Mushin","place":"Itire Surulere","place_m":243},"geometry":{"type":"Polygon","coordinates":[[[3.33879,6.51499],[3.33723,6.51589],[3.33566,6.51499],[3.33566,6.51318],[3.33723,6.51228],[3.33879,6.51318],[3.33879,6.51499]]]}},{"type":"Feature","properties":{"minutes":4.63,"people":1880,"clinic_min":5.02,"school_min":4.24,"k_clinic":5,"k_school":5,"within_15":1,"off_street":0,"ward":"Onitire","lga":"Mushin","place":"Itire Surulere","place_m":106},"geometry":{"type":"Polygon","coordinates":[[[3.34193,6.51499],[3.34036,6.51589],[3.33879,6.51499],[3.33879,6.51318],[3.34036,6.51227],[3.34193,6.51318],[3.34193,6.51499]]]}},{"type":"Feature","properties":{"minutes":2.59,"people":1567,"clinic_min":2.74,"school_min":2.45,"k_clinic":5,"k_school":5,"within_15":1,"off_street":0,"ward":"Onitire","lga":"Mushin","place":"Odo Shimowu","place_m":381},"geometry":{"type":"Polygon","coordinates":[[[3.34506,6.51498],[3.34349,6.51589],[3.34193,6.51499],[3.34193,6.51318],[3.34349,6.51227],[3.34506,6.51318],[3.34506,6.51498]]]}},{"type":"Feature","properties":{"minutes":5.59,"people":2091,"clinic_min":5.84,"school_min":5.34,"k_clinic":5,"k_school":5,"within_15":1,"off_street":0,"ward":"Onitire","lga":"Mushin","place":"Lawanson","place_m":263},"geometry":{"type":"Polygon","coordinates":[[[3.34819,6.51498],[3.34663,6.51589],[3.34506,6.51498],[3.34506,6.51318],[3.34662,6.51227],[3.34819,6.51317],[3.34819,6.51498]]]}},{"type":"Feature","properties":{"minutes":8.69,"people":2379,"clinic_min":10.47,"school_min":6.91,"k_clinic":5,"k_school":5,"within_15":1,"off_street":0,"ward":"Obele Oniwala","lga":"Surulere","place":"Lawanson","place_m":215},"geometry":{"type":"Polygon","coordinates":[[[3.35133,6.51498],[3.34976,6.51589],[3.34819,6.51498],[3.34819,6.51317],[3.34976,6.51227],[3.35132,6.51317],[3.35133,6.51498]]]}},{"type":"Feature","properties":{"minutes":6.59,"people":1685,"clinic_min":6.78,"school_min":6.41,"k_clinic":5,"k_school":5,"within_15":1,"off_street":0,"ward":"Obele Oniwala","lga":"Surulere","place":"Obele Oniwala","place_m":135},"geometry":{"type":"Polygon","coordinates":[[[3.35446,6.51498],[3.35289,6.51588],[3.35133,6.51498],[3.35132,6.51317],[3.35289,6.51227],[3.35446,6.51317],[3.35446,6.51498]]]}},{"type":"Feature","properties":{"minutes":3.14,"people":2017,"clinic_min":2.69,"school_min":3.59,"k_clinic":5,"k_school":5,"within_15":1,"off_street":0,"ward":"Obele Oniwala","lga":"Surulere","place":"Obele Oniwala","place_m":267},"geometry":{"type":"Polygon","coordinates":[[[3.35759,6.51498],[3.35603,6.51588],[3.35446,6.51498],[3.35446,6.51317],[3.35602,6.51226],[3.35759,6.51317],[3.35759,6.51498]]]}},{"type":"Feature","properties":{"minutes":3.25,"people":1609,"clinic_min":2.87,"school_min":3.64,"k_clinic":5,"k_school":5,"within_15":1,"off_street":0,"ward":"Idi-Araba","lga":"Mushin","place":"Akinhanmi Cole","place_m":344},"geometry":{"type":"Polygon","coordinates":[[[3.36073,6.51497],[3.35916,6.51588],[3.35759,6.51498],[3.35759,6.51317],[3.35916,6.51226],[3.36072,6.51316],[3.36073,6.51497]]]}},{"type":"Feature","properties":{"minutes":3.55,"people":2097,"clinic_min":3.88,"school_min":3.23,"k_clinic":5,"k_school":5,"within_15":1,"off_street":0,"ward":"Akinhanmi Cole","lga":"Surulere","place":"Akinhanmi Cole","place_m":133},"geometry":{"type":"Polygon","coordinates":[[[3.36386,6.51497],[3.36229,6.51588],[3.36073,6.51497],[3.36072,6.51316],[3.36229,6.51226],[3.36386,6.51316],[3.36386,6.51497]]]}},{"type":"Feature","properties":{"minutes":7.68,"people":1132,"clinic_min":7.59,"school_min":7.76,"k_clinic":5,"k_school":5,"within_15":1,"off_street":0,"ward":"Mosafejo Ojuelegba","lga":"Surulere","place":"Akinhanmi Cole","place_m":397},"geometry":{"type":"Polygon","coordinates":[[[3.36699,6.51497],[3.36543,6.51587],[3.36386,6.51497],[3.36386,6.51316],[3.36542,6.51226],[3.36699,6.51316],[3.36699,6.51497]]]}},{"type":"Feature","properties":{"minutes":7.32,"people":1427,"clinic_min":10.1,"school_min":4.54,"k_clinic":5,"k_school":5,"within_15":1,"off_street":0,"ward":"Mosafejo Ojuelegba","lga":"Surulere","place":"Muritala Mohammed Way","place_m":393},"geometry":{"type":"Polygon","coordinates":[[[3.37013,6.51497],[3.36856,6.51587],[3.36699,6.51497],[3.36699,6.51316],[3.36856,6.51225],[3.37012,6.51316],[3.37013,6.51497]]]}},{"type":"Feature","properties":{"minutes":9.12,"people":1307,"clinic_min":8.72,"school_min":9.52,"k_clinic":5,"k_school":5,"within_15":1,"off_street":0,"ward":"Harvey","lga":"Lagos Mainland","place":"Muritala Mohammed Way","place_m":326},"geometry":{"type":"Polygon","coordinates":[[[3.37326,6.51496],[3.37169,6.51587],[3.37013,6.51497],[3.37012,6.51316],[3.37169,6.51225],[3.37326,6.51316],[3.37326,6.51496]]]}},{"type":"Feature","properties":{"minutes":10.19,"people":1033,"clinic_min":13.77,"school_min":6.61,"k_clinic":5,"k_school":5,"within_15":1,"off_street":0,"ward":"Harvey","lga":"Lagos Mainland","place":"Yaba Tech","place_m":193},"geometry":{"type":"Polygon","coordinates":[[[3.37639,6.51496],[3.37483,6.51587],[3.37326,6.51496],[3.37326,6.51316],[3.37482,6.51225],[3.37639,6.51315],[3.37639,6.51496]]]}},{"type":"Feature","properties":{"minutes":6.53,"people":1270,"clinic_min":7.84,"school_min":5.22,"k_clinic":5,"k_school":5,"within_15":1,"off_street":0,"ward":"Onike\u2013Oyadiran","lga":"Lagos Mainland","place":"Ibikunle","place_m":160},"geometry":{"type":"Polygon","coordinates":[[[3.37952,6.51496],[3.37796,6.51587],[3.37639,6.51496],[3.37639,6.51315],[3.37796,6.51225],[3.37952,6.51315],[3.37952,6.51496]]]}},{"type":"Feature","properties":{"minutes":14.3,"people":230,"clinic_min":16.4,"school_min":12.19,"k_clinic":5,"k_school":5,"within_15":1,"off_street":0,"ward":"Onike\u2013Oyadiran","lga":"Lagos Mainland","place":"Barikisu Iyede","place_m":173},"geometry":{"type":"Polygon","coordinates":[[[3.38266,6.51496],[3.38109,6.51586],[3.37952,6.51496],[3.37952,6.51315],[3.38109,6.51224],[3.38266,6.51315],[3.38266,6.51496]]]}},{"type":"Feature","properties":{"minutes":4.9,"people":1507,"clinic_min":5.84,"school_min":3.97,"k_clinic":5,"k_school":5,"within_15":1,"off_street":0,"ward":"Onike\u2013Oyadiran","lga":"Lagos Mainland","place":"Barikisu Iyede","place_m":200},"geometry":{"type":"Polygon","coordinates":[[[3.38579,6.51496],[3.38422,6.51586],[3.38266,6.51496],[3.38266,6.51315],[3.38422,6.51224],[3.38579,6.51315],[3.38579,6.51496]]]}},{"type":"Feature","properties":{"minutes":11.32,"people":930,"clinic_min":13.17,"school_min":9.47,"k_clinic":5,"k_school":5,"within_15":1,"off_street":0,"ward":"Abule Oja","lga":"Lagos Mainland","place":"Akintunde Close","place_m":417},"geometry":{"type":"Polygon","coordinates":[[[3.38892,6.51495],[3.38736,6.51586],[3.38579,6.51496],[3.38579,6.51315],[3.38736,6.51224],[3.38892,6.51314],[3.38892,6.51495]]]}},{"type":"Feature","properties":{"minutes":15.87,"people":274,"clinic_min":16.24,"school_min":15.5,"k_clinic":5,"k_school":5,"within_15":0,"off_street":0,"ward":"Abule Oja","lga":"Lagos Mainland","place":"Akintunde Close","place_m":697},"geometry":{"type":"Polygon","coordinates":[[[3.39206,6.51495],[3.39049,6.51586],[3.38892,6.51495],[3.38892,6.51314],[3.39049,6.51224],[3.39206,6.51314],[3.39206,6.51495]]]}},{"type":"Feature","properties":{"minutes":12.6,"people":367,"clinic_min":12.71,"school_min":12.48,"k_clinic":5,"k_school":5,"within_15":1,"off_street":0,"ward":"Abule Oja","lga":"Lagos Mainland","place":"Arowolo","place_m":763},"geometry":{"type":"Polygon","coordinates":[[[3.39519,6.51495],[3.39362,6.51585],[3.39206,6.51495],[3.39206,6.51314],[3.39362,6.51224],[3.39519,6.51314],[3.39519,6.51495]]]}},{"type":"Feature","properties":{"minutes":7.98,"people":702,"clinic_min":7.23,"school_min":8.73,"k_clinic":5,"k_school":5,"within_15":1,"off_street":0,"ward":"Abule Oja","lga":"Lagos Mainland","place":"Aderupoko","place_m":887},"geometry":{"type":"Polygon","coordinates":[[[3.39832,6.51495],[3.39676,6.51585],[3.39519,6.51495],[3.39519,6.51314],[3.39675,6.51223],[3.39832,6.51314],[3.39832,6.51495]]]}},{"type":"Feature","properties":{"minutes":11.8,"people":192,"clinic_min":12.38,"school_min":11.22,"k_clinic":5,"k_school":5,"within_15":1,"off_street":0,"ward":"Abule Oja","lga":"Lagos Mainland","place":"Aderupoko","place_m":1088},"geometry":{"type":"Polygon","coordinates":[[[3.40146,6.51494],[3.39989,6.51585],[3.39832,6.51495],[3.39832,6.51314],[3.39989,6.51223],[3.40145,6.51313],[3.40146,6.51494]]]}},{"type":"Feature","properties":{"minutes":27.34,"people":119,"clinic_min":28.35,"school_min":26.34,"k_clinic":5,"k_school":5,"within_15":0,"off_street":0,"ward":"Abule Oja","lga":"Lagos Mainland","place":"Aderupoko","place_m":1350},"geometry":{"type":"Polygon","coordinates":[[[3.40459,6.51494],[3.40302,6.51585],[3.40146,6.51494],[3.40145,6.51313],[3.40302,6.51223],[3.40459,6.51313],[3.40459,6.51494]]]}},{"type":"Feature","properties":{"minutes":19.2,"people":131,"clinic_min":25.13,"school_min":13.28,"k_clinic":5,"k_school":5,"within_15":0,"off_street":0,"ward":"Badore\u2013Langbasa","lga":"Eti Osa","place":"Greenville Estate","place_m":1072},"geometry":{"type":"Polygon","coordinates":[[[3.58631,6.51476],[3.58474,6.51567],[3.58318,6.51477],[3.58317,6.51296],[3.58474,6.51205],[3.58631,6.51295],[3.58631,6.51476]]]}},{"type":"Feature","properties":{"minutes":20.19,"people":98,"clinic_min":25.77,"school_min":14.61,"k_clinic":5,"k_school":5,"within_15":0,"off_street":0,"ward":"Badore\u2013Langbasa","lga":"Eti Osa","place":"Greenville Estate","place_m":768},"geometry":{"type":"Polygon","coordinates":[[[3.58944,6.51476],[3.58788,6.51566],[3.58631,6.51476],[3.58631,6.51295],[3.58787,6.51205],[3.58944,6.51295],[3.58944,6.51476]]]}},{"type":"Feature","properties":{"minutes":19.95,"people":36,"clinic_min":25.29,"school_min":14.61,"k_clinic":5,"k_school":5,"within_15":0,"off_street":0,"ward":"Badore\u2013Langbasa","lga":"Eti Osa","place":"Greenville Estate","place_m":520},"geometry":{"type":"Polygon","coordinates":[[[3.59257,6.51475],[3.59101,6.51566],[3.58944,6.51476],[3.58944,6.51295],[3.591,6.51204],[3.59257,6.51295],[3.59257,6.51475]]]}},{"type":"Feature","properties":{"minutes":21.19,"people":142,"clinic_min":23.82,"school_min":18.57,"k_clinic":5,"k_school":5,"within_15":0,"off_street":0,"ward":"Badore\u2013Langbasa","lga":"Eti Osa","place":"Greenville Estate","place_m":437},"geometry":{"type":"Polygon","coordinates":[[[3.59571,6.51475],[3.59414,6.51566],[3.59257,6.51475],[3.59257,6.51295],[3.59414,6.51204],[3.59571,6.51294],[3.59571,6.51475]]]}},{"type":"Feature","properties":{"minutes":22.69,"people":503,"clinic_min":24.86,"school_min":20.52,"k_clinic":5,"k_school":5,"within_15":0,"off_street":0,"ward":"Badore\u2013Langbasa","lga":"Eti Osa","place":"Greenville Estate","place_m":593},"geometry":{"type":"Polygon","coordinates":[[[3.59884,6.51475],[3.59727,6.51565],[3.59571,6.51475],[3.59571,6.51294],[3.59727,6.51204],[3.59884,6.51294],[3.59884,6.51475]]]}},{"type":"Feature","properties":{"minutes":21.29,"people":127,"clinic_min":23.46,"school_min":19.12,"k_clinic":5,"k_school":5,"within_15":0,"off_street":0,"ward":"Badore\u2013Langbasa","lga":"Eti Osa","place":"Greenville Estate","place_m":868},"geometry":{"type":"Polygon","coordinates":[[[3.60197,6.51474],[3.60041,6.51565],[3.59884,6.51475],[3.59884,6.51294],[3.6004,6.51203],[3.60197,6.51293],[3.60197,6.51474]]]}},{"type":"Feature","properties":{"minutes":19.3,"people":269,"clinic_min":22.91,"school_min":15.7,"k_clinic":5,"k_school":5,"within_15":0,"off_street":0,"ward":"Badore\u2013Langbasa","lga":"Eti Osa","place":"Greenville Estate","place_m":1181},"geometry":{"type":"Polygon","coordinates":[[[3.60511,6.51474],[3.60354,6.51565],[3.60197,6.51474],[3.60197,6.51293],[3.60354,6.51203],[3.6051,6.51293],[3.60511,6.51474]]]}},{"type":"Feature","properties":{"minutes":18.92,"people":1126,"clinic_min":24.01,"school_min":13.83,"k_clinic":5,"k_school":5,"within_15":0,"off_street":0,"ward":"Badore\u2013Langbasa","lga":"Eti Osa","place":"Badore","place_m":1128},"geometry":{"type":"Polygon","coordinates":[[[3.60824,6.51474],[3.60667,6.51564],[3.60511,6.51474],[3.6051,6.51293],[3.60667,6.51202],[3.60824,6.51293],[3.60824,6.51474]]]}},{"type":"Feature","properties":{"minutes":17.56,"people":5,"clinic_min":24.29,"school_min":10.83,"k_clinic":5,"k_school":5,"within_15":0,"off_street":0,"ward":"Badore\u2013Langbasa","lga":"Eti Osa","place":"Badore","place_m":813},"geometry":{"type":"Polygon","coordinates":[[[3.61137,6.51473],[3.60981,6.51564],[3.60824,6.51474],[3.60824,6.51293],[3.6098,6.51202],[3.61137,6.51292],[3.61137,6.51473]]]}},{"type":"Feature","properties":{"minutes":4.14,"people":1127,"clinic_min":6.3,"school_min":1.97,"k_clinic":5,"k_school":5,"within_15":1,"off_street":0,"ward":"Onitire","lga":"Mushin","place":"Mechanic Villiage","place_m":93},"geometry":{"type":"Polygon","coordinates":[[[3.33723,6.5177],[3.33566,6.51861],[3.3341,6.51771],[3.33409,6.5159],[3.33566,6.51499],[3.33723,6.51589],[3.33723,6.5177]]]}},{"type":"Feature","properties":{"minutes":10.43,"people":1799,"clinic_min":11.07,"school_min":9.78,"k_clinic":5,"k_school":5,"within_15":1,"off_street":0,"ward":"Onitire","lga":"Mushin","place":"Afolabi Street","place_m":69},"geometry":{"type":"Polygon","coordinates":[[[3.34036,6.5177],[3.3388,6.51861],[3.33723,6.5177],[3.33723,6.51589],[3.33879,6.51499],[3.34036,6.51589],[3.34036,6.5177]]]}},{"type":"Feature","properties":{"minutes":5.87,"people":1837,"clinic_min":6.52,"school_min":5.23,"k_clinic":5,"k_school":5,"within_15":1,"off_street":0,"ward":"Onitire","lga":"Mushin","place":"Oyinkan","place_m":165},"geometry":{"type":"Polygon","coordinates":[[[3.3435,6.5177],[3.34193,6.51861],[3.34036,6.5177],[3.34036,6.51589],[3.34193,6.51499],[3.34349,6.51589],[3.3435,6.5177]]]}},{"type":"Feature","properties":{"minutes":7.65,"people":2225,"clinic_min":8.21,"school_min":7.09,"k_clinic":5,"k_school":5,"within_15":1,"off_street":0,"ward":"Moshalashi\u2013Agoro","lga":"Mushin","place":"Odo Shimowu","place_m":125},"geometry":{"type":"Polygon","coordinates":[[[3.34663,6.5177],[3.34506,6.5186],[3.3435,6.5177],[3.34349,6.51589],[3.34506,6.51498],[3.34663,6.51589],[3.34663,6.5177]]]}},{"type":"Feature","properties":{"minutes":4.32,"people":1967,"clinic_min":5.07,"school_min":3.57,"k_clinic":5,"k_school":5,"within_15":1,"off_street":0,"ward":"Moshalashi\u2013Agoro","lga":"Mushin","place":"Odo Shimowu","place_m":454},"geometry":{"type":"Polygon","coordinates":[[[3.34976,6.5177],[3.3482,6.5186],[3.34663,6.5177],[3.34663,6.51589],[3.34819,6.51498],[3.34976,6.51589],[3.34976,6.5177]]]}},{"type":"Feature","properties":{"minutes":9.59,"people":2009,"clinic_min":10.54,"school_min":8.65,"k_clinic":5,"k_school":5,"within_15":1,"off_street":0,"ward":"Idi-Araba","lga":"Mushin","place":"Obele Oniwala","place_m":339},"geometry":{"type":"Polygon","coordinates":[[[3.35289,6.51769],[3.35133,6.5186],[3.34976,6.5177],[3.34976,6.51589],[3.35133,6.51498],[3.35289,6.51588],[3.35289,6.51769]]]}},{"type":"Feature","properties":{"minutes":5.73,"people":729,"clinic_min":4.95,"school_min":6.51,"k_clinic":5,"k_school":5,"within_15":1,"off_street":0,"ward":"Idi-Araba","lga":"Mushin","place":"Obele Oniwala","place_m":219},"geometry":{"type":"Polygon","coordinates":[[[3.35603,6.51769],[3.35446,6.5186],[3.35289,6.51769],[3.35289,6.51588],[3.35446,6.51498],[3.35603,6.51588],[3.35603,6.51769]]]}},{"type":"Feature","properties":{"minutes":11.02,"people":867,"clinic_min":10.38,"school_min":11.66,"k_clinic":5,"k_school":5,"within_15":1,"off_street":0,"ward":"Idi-Araba","lga":"Mushin","place":"Martins Street","place_m":468},"geometry":{"type":"Polygon","coordinates":[[[3.35916,6.51769],[3.3576,6.51859],[3.35603,6.51769],[3.35603,6.51588],[3.35759,6.51498],[3.35916,6.51588],[3.35916,6.51769]]]}},{"type":"Feature","properties":{"minutes":1.76,"people":2144,"clinic_min":1.14,"school_min":2.38,"k_clinic":5,"k_school":5,"within_15":1,"off_street":0,"ward":"Idi-Araba","lga":"Mushin","place":"Akinhanmi Cole","place_m":223},"geometry":{"type":"Polygon","coordinates":[[[3.36229,6.51769],[3.36073,6.51859],[3.35916,6.51769],[3.35916,6.51588],[3.36073,6.51497],[3.36229,6.51588],[3.36229,6.51769]]]}},{"type":"Feature","properties":{"minutes":3.55,"people":1639,"clinic_min":4.07,"school_min":3.03,"k_clinic":5,"k_school":5,"within_15":1,"off_street":0,"ward":"Akinhanmi Cole","lga":"Surulere","place":"Akinhanmi Cole","place_m":263},"geometry":{"type":"Polygon","coordinates":[[[3.36543,6.51768],[3.36386,6.51859],[3.36229,6.51769],[3.36229,6.51588],[3.36386,6.51497],[3.36543,6.51587],[3.36543,6.51768]]]}},{"type":"Feature","properties":{"minutes":2.7,"people":1026,"clinic_min":4.22,"school_min":1.18,"k_clinic":5,"k_school":5,"within_15":1,"off_street":0,"ward":"Harvey","lga":"Lagos Mainland","place":"Akinhanmi Cole","place_m":573},"geometry":{"type":"Polygon","coordinates":[[[3.36856,6.51768],[3.36699,6.51859],[3.36543,6.51768],[3.36543,6.51587],[3.36699,6.51497],[3.36856,6.51587],[3.36856,6.51768]]]}},{"type":"Feature","properties":{"minutes":4.78,"people":1322,"clinic_min":5.76,"school_min":3.8,"k_clinic":5,"k_school":5,"within_15":1,"off_street":0,"ward":"Harvey","lga":"Lagos Mainland","place":"Alakija Street","place_m":392},"geometry":{"type":"Polygon","coordinates":[[[3.37169,6.51768],[3.37013,6.51859],[3.36856,6.51768],[3.36856,6.51587],[3.37013,6.51497],[3.37169,6.51587],[3.37169,6.51768]]]}},{"type":"Feature","properties":{"minutes":9.18,"people":1063,"clinic_min":12.6,"school_min":5.76,"k_clinic":5,"k_school":5,"within_15":1,"off_street":0,"ward":"Harvey","lga":"Lagos Mainland","place":"Yaba Tech","place_m":275},"geometry":{"type":"Polygon","coordinates":[[[3.37483,6.51768],[3.37326,6.51858],[3.37169,6.51768],[3.37169,6.51587],[3.37326,6.51496],[3.37483,6.51587],[3.37483,6.51768]]]}},{"type":"Feature","properties":{"minutes":7.91,"people":918,"clinic_min":10.12,"school_min":5.69,"k_clinic":5,"k_school":5,"within_15":1,"off_street":0,"ward":"Harvey","lga":"Lagos Mainland","place":"Yaba Tech","place_m":158},"geometry":{"type":"Polygon","coordinates":[[[3.37796,6.51767],[3.37639,6.51858],[3.37483,6.51768],[3.37483,6.51587],[3.37639,6.51496],[3.37796,6.51587],[3.37796,6.51767]]]}},{"type":"Feature","properties":{"minutes":12.07,"people":557,"clinic_min":13.78,"school_min":10.36,"k_clinic":5,"k_school":5,"within_15":1,"off_street":0,"ward":"Harvey","lga":"Lagos Mainland","place":"Areago Street","place_m":193},"geometry":{"type":"Polygon","coordinates":[[[3.38109,6.51767],[3.37953,6.51858],[3.37796,6.51767],[3.37796,6.51587],[3.37952,6.51496],[3.38109,6.51586],[3.38109,6.51767]]]}},{"type":"Feature","properties":{"minutes":4.8,"people":1863,"clinic_min":7.96,"school_min":1.64,"k_clinic":5,"k_school":5,"within_15":1,"off_street":0,"ward":"Onike\u2013Oyadiran","lga":"Lagos Mainland","place":"Akanbi","place_m":148},"geometry":{"type":"Polygon","coordinates":[[[3.38423,6.51767],[3.38266,6.51858],[3.38109,6.51767],[3.38109,6.51586],[3.38266,6.51496],[3.38422,6.51586],[3.38423,6.51767]]]}},{"type":"Feature","properties":{"minutes":7.23,"people":1061,"clinic_min":11.32,"school_min":3.15,"k_clinic":5,"k_school":5,"within_15":1,"off_street":0,"ward":"Abule Oja","lga":"Lagos Mainland","place":"Akanbi","place_m":395},"geometry":{"type":"Polygon","coordinates":[[[3.38736,6.51767],[3.38579,6.51857],[3.38423,6.51767],[3.38422,6.51586],[3.38579,6.51496],[3.38736,6.51586],[3.38736,6.51767]]]}},{"type":"Feature","properties":{"minutes":11.53,"people":531,"clinic_min":15.58,"school_min":7.48,"k_clinic":5,"k_school":5,"within_15":1,"off_street":0,"ward":"Abule Oja","lga":"Lagos Mainland","place":"Akanbi","place_m":728},"geometry":{"type":"Polygon","coordinates":[[[3.39049,6.51767],[3.38893,6.51857],[3.38736,6.51767],[3.38736,6.51586],[3.38892,6.51495],[3.39049,6.51586],[3.39049,6.51767]]]}},{"type":"Feature","properties":{"minutes":13.28,"people":417,"clinic_min":13.77,"school_min":12.78,"k_clinic":5,"k_school":5,"within_15":1,"off_street":0,"ward":"Abule Oja","lga":"Lagos Mainland","place":"Akintunde Close","place_m":1005},"geometry":{"type":"Polygon","coordinates":[[[3.39363,6.51766],[3.39206,6.51857],[3.39049,6.51767],[3.39049,6.51586],[3.39206,6.51495],[3.39362,6.51585],[3.39363,6.51766]]]}},{"type":"Feature","properties":{"minutes":14.57,"people":673,"clinic_min":16.62,"school_min":12.53,"k_clinic":5,"k_school":5,"within_15":1,"off_street":0,"ward":"Abule Oja","lga":"Lagos Mainland","place":"Arowolo","place_m":1103},"geometry":{"type":"Polygon","coordinates":[[[3.39676,6.51766],[3.39519,6.51857],[3.39363,6.51766],[3.39362,6.51585],[3.39519,6.51495],[3.39676,6.51585],[3.39676,6.51766]]]}},{"type":"Feature","properties":{"minutes":11.35,"people":1504,"clinic_min":12.37,"school_min":10.33,"k_clinic":5,"k_school":5,"within_15":1,"off_street":0,"ward":"Abule Oja","lga":"Lagos Mainland","place":"Aderupoko","place_m":1233},"geometry":{"type":"Polygon","coordinates":[[[3.39989,6.51766],[3.39833,6.51856],[3.39676,6.51766],[3.39676,6.51585],[3.39832,6.51495],[3.39989,6.51585],[3.39989,6.51766]]]}},{"type":"Feature","properties":{"minutes":17.34,"people":187,"clinic_min":19.18,"school_min":15.5,"k_clinic":5,"k_school":5,"within_15":0,"off_street":0,"ward":"Abule Oja","lga":"Lagos Mainland","place":"Ilaje","place_m":1387},"geometry":{"type":"Polygon","coordinates":[[[3.40303,6.51766],[3.40146,6.51856],[3.39989,6.51766],[3.39989,6.51585],[3.40146,6.51494],[3.40302,6.51585],[3.40303,6.51766]]]}},{"type":"Feature","properties":{"minutes":2.29,"people":1693,"clinic_min":3.07,"school_min":1.51,"k_clinic":5,"k_school":5,"within_15":1,"off_street":0,"ward":"Igbehin","lga":"Mushin","place":"Ajeabo","place_m":67},"geometry":{"type":"Polygon","coordinates":[[[3.3388,6.52042],[3.33723,6.52132],[3.33566,6.52042],[3.33566,6.51861],[3.33723,6.5177],[3.3388,6.51861],[3.3388,6.52042]]]}},{"type":"Feature","properties":{"minutes":3.19,"people":1725,"clinic_min":3.21,"school_min":3.17,"k_clinic":5,"k_school":5,"within_15":1,"off_street":0,"ward":"Igbehin","lga":"Mushin","place":"Kekereowo","place_m":70},"geometry":{"type":"Polygon","coordinates":[[[3.34193,6.52041],[3.34036,6.52132],[3.3388,6.52042],[3.3388,6.51861],[3.34036,6.5177],[3.34193,6.51861],[3.34193,6.52041]]]}},{"type":"Feature","properties":{"minutes":3.69,"people":2058,"clinic_min":4.03,"school_min":3.34,"k_clinic":5,"k_school":5,"within_15":1,"off_street":0,"ward":"Igbehin","lga":"Mushin","place":"Afisi","place_m":39},"geometry":{"type":"Polygon","coordinates":[[[3.34506,6.52041],[3.3435,6.52132],[3.34193,6.52041],[3.34193,6.51861],[3.3435,6.5177],[3.34506,6.5186],[3.34506,6.52041]]]}},{"type":"Feature","properties":{"minutes":3.14,"people":2256,"clinic_min":3.42,"school_min":2.85,"k_clinic":5,"k_school":5,"within_15":1,"off_street":0,"ward":"Moshalashi\u2013Agoro","lga":"Mushin","place":"Rasheed Line","place_m":153},"geometry":{"type":"Polygon","coordinates":[[[3.3482,6.52041],[3.34663,6.52132],[3.34506,6.52041],[3.34506,6.5186],[3.34663,6.5177],[3.3482,6.5186],[3.3482,6.52041]]]}},{"type":"Feature","properties":{"minutes":5.34,"people":2528,"clinic_min":5.05,"school_min":5.64,"k_clinic":5,"k_school":5,"within_15":1,"off_street":0,"ward":"Idi-Araba","lga":"Mushin","place":"Onoyungbo","place_m":445},"geometry":{"type":"Polygon","coordinates":[[[3.35133,6.52041],[3.34976,6.52131],[3.3482,6.52041],[3.3482,6.5186],[3.34976,6.5177],[3.35133,6.5186],[3.35133,6.52041]]]}},{"type":"Feature","properties":{"minutes":6.95,"people":763,"clinic_min":6.9,"school_min":7.0,"k_clinic":5,"k_school":5,"within_15":1,"off_street":0,"ward":"Idi-Araba","lga":"Mushin","place":"Akintola Close","place_m":378},"geometry":{"type":"Polygon","coordinates":[[[3.35446,6.52041],[3.3529,6.52131],[3.35133,6.52041],[3.35133,6.5186],[3.35289,6.51769],[3.35446,6.5186],[3.35446,6.52041]]]}},{"type":"Feature","properties":{"minutes":8.85,"people":843,"clinic_min":8.64,"school_min":9.06,"k_clinic":5,"k_school":5,"within_15":1,"off_street":0,"ward":"Idi-Araba","lga":"Mushin","place":"Akintola Close","place_m":232},"geometry":{"type":"Polygon","coordinates":[[[3.3576,6.5204],[3.35603,6.52131],[3.35446,6.52041],[3.35446,6.5186],[3.35603,6.51769],[3.3576,6.51859],[3.3576,6.5204]]]}},{"type":"Feature","properties":{"minutes":3.29,"people":1048,"clinic_min":3.24,"school_min":3.34,"k_clinic":5,"k_school":5,"within_15":1,"off_street":0,"ward":"Idi-Araba","lga":"Mushin","place":"Idowu Lane","place_m":239},"geometry":{"type":"Polygon","coordinates":[[[3.36073,6.5204],[3.35916,6.52131],[3.3576,6.5204],[3.3576,6.51859],[3.35916,6.51769],[3.36073,6.51859],[3.36073,6.5204]]]}},{"type":"Feature","properties":{"minutes":2.57,"people":1872,"clinic_min":2.28,"school_min":2.86,"k_clinic":5,"k_school":5,"within_15":1,"off_street":0,"ward":"Idi-Araba","lga":"Mushin","place":"Olaniyan","place_m":402},"geometry":{"type":"Polygon","coordinates":[[[3.36386,6.5204],[3.3623,6.5213],[3.36073,6.5204],[3.36073,6.51859],[3.36229,6.51769],[3.36386,6.51859],[3.36386,6.5204]]]}},{"type":"Feature","properties":{"minutes":3.19,"people":1732,"clinic_min":2.75,"school_min":3.63,"k_clinic":5,"k_school":5,"within_15":1,"off_street":0,"ward":"Alakara","lga":"Mushin","place":"Igbobi Sabe","place_m":465},"geometry":{"type":"Polygon","coordinates":[[[3.367,6.5204],[3.36543,6.5213],[3.36386,6.5204],[3.36386,6.51859],[3.36543,6.51768],[3.36699,6.51859],[3.367,6.5204]]]}},{"type":"Feature","properties":{"minutes":6.1,"people":1914,"clinic_min":6.91,"school_min":5.29,"k_clinic":5,"k_school":5,"within_15":1,"off_street":0,"ward":"Harvey","lga":"Lagos Mainland","place":"Goblin Sabe Rd","place_m":246},"geometry":{"type":"Polygon","coordinates":[[[3.37013,6.52039],[3.36856,6.5213],[3.367,6.5204],[3.36699,6.51859],[3.36856,6.51768],[3.37013,6.51859],[3.37013,6.52039]]]}},{"type":"Feature","properties":{"minutes":3.96,"people":1439,"clinic_min":5.44,"school_min":2.47,"k_clinic":5,"k_school":5,"within_15":1,"off_street":0,"ward":"Harvey","lga":"Lagos Mainland","place":"Alakija Street","place_m":48},"geometry":{"type":"Polygon","coordinates":[[[3.37326,6.52039],[3.3717,6.5213],[3.37013,6.52039],[3.37013,6.51859],[3.37169,6.51768],[3.37326,6.51858],[3.37326,6.52039]]]}},{"type":"Feature","properties":{"minutes":7.31,"people":1029,"clinic_min":8.67,"school_min":5.96,"k_clinic":5,"k_school":5,"within_15":1,"off_street":0,"ward":"Harvey","lga":"Lagos Mainland","place":"Yaba","place_m":28},"geometry":{"type":"Polygon","coordinates":[[[3.3764,6.52039],[3.37483,6.5213],[3.37326,6.52039],[3.37326,6.51858],[3.37483,6.51768],[3.37639,6.51858],[3.3764,6.52039]]]}},{"type":"Feature","properties":{"minutes":10.9,"people":644,"clinic_min":12.65,"school_min":9.15,"k_clinic":5,"k_school":5,"within_15":1,"off_street":0,"ward":"Harvey","lga":"Lagos Mainland","place":"Yaba","place_m":368},"geometry":{"type":"Polygon","coordinates":[[[3.37953,6.52039],[3.37796,6.52129],[3.3764,6.52039],[3.37639,6.51858],[3.37796,6.51767],[3.37953,6.51858],[3.37953,6.52039]]]}},{"type":"Feature","properties":{"minutes":5.34,"people":1959,"clinic_min":7.99,"school_min":2.69,"k_clinic":5,"k_school":5,"within_15":1,"off_street":0,"ward":"Abule Oja","lga":"Lagos Mainland","place":"Ajayi Bembe","place_m":211},"geometry":{"type":"Polygon","coordinates":[[[3.38266,6.52039],[3.3811,6.52129],[3.37953,6.52039],[3.37953,6.51858],[3.38109,6.51767],[3.38266,6.51858],[3.38266,6.52039]]]}},{"type":"Feature","properties":{"minutes":6.05,"people":1073,"clinic_min":8.93,"school_min":3.17,"k_clinic":5,"k_school":5,"within_15":1,"off_street":0,"ward":"Abule Oja","lga":"Lagos Mainland","place":"Ajayi Bembe","place_m":148},"geometry":{"type":"Polygon","coordinates":[[[3.38579,6.52038],[3.38423,6.52129],[3.38266,6.52039],[3.38266,6.51858],[3.38423,6.51767],[3.38579,6.51857],[3.38579,6.52038]]]}},{"type":"Feature","properties":{"minutes":9.68,"people":210,"clinic_min":12.01,"school_min":7.34,"k_clinic":5,"k_school":5,"within_15":1,"off_street":0,"ward":"Abule Oja","lga":"Lagos Mainland","place":"Ajayi Bembe","place_m":489},"geometry":{"type":"Polygon","coordinates":[[[3.38893,6.52038],[3.38736,6.52129],[3.38579,6.52038],[3.38579,6.51857],[3.38736,6.51767],[3.38893,6.51857],[3.38893,6.52038]]]}},{"type":"Feature","properties":{"minutes":12.88,"people":386,"clinic_min":15.69,"school_min":10.07,"k_clinic":5,"k_school":5,"within_15":1,"off_street":0,"ward":"Abule Oja","lga":"Lagos Mainland","place":"Unilag","place_m":724},"geometry":{"type":"Polygon","coordinates":[[[3.39206,6.52038],[3.3905,6.52128],[3.38893,6.52038],[3.38893,6.51857],[3.39049,6.51767],[3.39206,6.51857],[3.39206,6.52038]]]}},{"type":"Feature","properties":{"minutes":15.89,"people":633,"clinic_min":18.08,"school_min":13.71,"k_clinic":5,"k_school":5,"within_15":0,"off_street":0,"ward":"Abule Oja","lga":"Lagos Mainland","place":"Ilaje","place_m":989},"geometry":{"type":"Polygon","coordinates":[[[3.39519,6.52038],[3.39363,6.52128],[3.39206,6.52038],[3.39206,6.51857],[3.39363,6.51766],[3.39519,6.51857],[3.39519,6.52038]]]}},{"type":"Feature","properties":{"minutes":11.9,"people":550,"clinic_min":13.91,"school_min":9.89,"k_clinic":5,"k_school":5,"within_15":1,"off_street":0,"ward":"Abule Oja","lga":"Lagos Mainland","place":"Ilaje","place_m":955},"geometry":{"type":"Polygon","coordinates":[[[3.39833,6.52037],[3.39676,6.52128],[3.39519,6.52038],[3.39519,6.51857],[3.39676,6.51766],[3.39833,6.51856],[3.39833,6.52037]]]}},{"type":"Feature","properties":{"minutes":14.17,"people":534,"clinic_min":16.14,"school_min":12.2,"k_clinic":5,"k_school":5,"within_15":1,"off_street":0,"ward":"Abule Oja","lga":"Lagos Mainland","place":"Ilaje","place_m":1042},"geometry":{"type":"Polygon","coordinates":[[[3.40146,6.52037],[3.39989,6.52128],[3.39833,6.52037],[3.39833,6.51856],[3.39989,6.51766],[3.40146,6.51856],[3.40146,6.52037]]]}},{"type":"Feature","properties":{"minutes":5.84,"people":1405,"clinic_min":6.0,"school_min":5.68,"k_clinic":5,"k_school":5,"within_15":1,"off_street":0,"ward":"Igbehin","lga":"Mushin","place":"Unity Avenue","place_m":20},"geometry":{"type":"Polygon","coordinates":[[[3.33723,6.52313],[3.33567,6.52404],[3.3341,6.52313],[3.3341,6.52132],[3.33566,6.52042],[3.33723,6.52132],[3.33723,6.52313]]]}},{"type":"Feature","properties":{"minutes":2.45,"people":1373,"clinic_min":2.6,"school_min":2.31,"k_clinic":5,"k_school":5,"within_15":1,"off_street":0,"ward":"Igbehin","lga":"Mushin","place":"Amusa","place_m":73},"geometry":{"type":"Polygon","coordinates":[[[3.34037,6.52313],[3.3388,6.52403],[3.33723,6.52313],[3.33723,6.52132],[3.3388,6.52042],[3.34036,6.52132],[3.34037,6.52313]]]}},{"type":"Feature","properties":{"minutes":3.59,"people":1704,"clinic_min":3.72,"school_min":3.47,"k_clinic":5,"k_school":5,"within_15":1,"off_street":0,"ward":"Igbehin","lga":"Mushin","place":"Salamotu","place_m":51},"geometry":{"type":"Polygon","coordinates":[[[3.3435,6.52313],[3.34193,6.52403],[3.34037,6.52313],[3.34036,6.52132],[3.34193,6.52041],[3.3435,6.52132],[3.3435,6.52313]]]}},{"type":"Feature","properties":{"minutes":1.71,"people":1752,"clinic_min":1.78,"school_min":1.64,"k_clinic":5,"k_school":5,"within_15":1,"off_street":0,"ward":"Igbehin","lga":"Mushin","place":"Olafimihan Street","place_m":22},"geometry":{"type":"Polygon","coordinates":[[[3.34663,6.52312],[3.34507,6.52403],[3.3435,6.52313],[3.3435,6.52132],[3.34506,6.52041],[3.34663,6.52132],[3.34663,6.52312]]]}},{"type":"Feature","properties":{"minutes":5.68,"people":2772,"clinic_min":5.85,"school_min":5.51,"k_clinic":5,"k_school":5,"within_15":1,"off_street":0,"ward":"Moshalashi\u2013Agoro","lga":"Mushin","place":"Olarewaju","place_m":226},"geometry":{"type":"Polygon","coordinates":[[[3.34977,6.52312],[3.3482,6.52403],[3.34663,6.52312],[3.34663,6.52132],[3.3482,6.52041],[3.34976,6.52131],[3.34977,6.52312]]]}},{"type":"Feature","properties":{"minutes":5.96,"people":1897,"clinic_min":6.45,"school_min":5.46,"k_clinic":5,"k_school":5,"within_15":1,"off_street":0,"ward":"Moshalashi\u2013Agoro","lga":"Mushin","place":"Cardoso Street","place_m":318},"geometry":{"type":"Polygon","coordinates":[[[3.3529,6.52312],[3.35133,6.52403],[3.34977,6.52312],[3.34976,6.52131],[3.35133,6.52041],[3.3529,6.52131],[3.3529,6.52312]]]}},{"type":"Feature","properties":{"minutes":3.29,"people":2046,"clinic_min":4.32,"school_min":2.27,"k_clinic":5,"k_school":5,"within_15":1,"off_street":0,"ward":"Idi-Araba","lga":"Mushin","place":"Cardoso Street","place_m":90},"geometry":{"type":"Polygon","coordinates":[[[3.35603,6.52312],[3.35447,6.52402],[3.3529,6.52312],[3.3529,6.52131],[3.35446,6.52041],[3.35603,6.52131],[3.35603,6.52312]]]}},{"type":"Feature","properties":{"minutes":4.74,"people":2178,"clinic_min":5.62,"school_min":3.85,"k_clinic":5,"k_school":5,"within_15":1,"off_street":0,"ward":"Babalosa 2","lga":"Mushin","place":"Aluko Street","place_m":31},"geometry":{"type":"Polygon","coordinates":[[[3.35916,6.52312],[3.3576,6.52402],[3.35603,6.52312],[3.35603,6.52131],[3.3576,6.5204],[3.35916,6.52131],[3.35916,6.52312]]]}},{"type":"Feature","properties":{"minutes":6.08,"people":2106,"clinic_min":7.91,"school_min":4.26,"k_clinic":5,"k_school":5,"within_15":1,"off_street":0,"ward":"Babalosa 2","lga":"Mushin","place":"Folami Street","place_m":93},"geometry":{"type":"Polygon","coordinates":[[[3.3623,6.52311],[3.36073,6.52402],[3.35916,6.52312],[3.35916,6.52131],[3.36073,6.5204],[3.3623,6.5213],[3.3623,6.52311]]]}},{"type":"Feature","properties":{"minutes":4.17,"people":1335,"clinic_min":5.48,"school_min":2.87,"k_clinic":5,"k_school":5,"within_15":1,"off_street":0,"ward":"Alakara","lga":"Mushin","place":"Akinbiyi","place_m":396},"geometry":{"type":"Polygon","coordinates":[[[3.36543,6.52311],[3.36387,6.52402],[3.3623,6.52311],[3.3623,6.5213],[3.36386,6.5204],[3.36543,6.5213],[3.36543,6.52311]]]}},{"type":"Feature","properties":{"minutes":5.9,"people":1833,"clinic_min":4.81,"school_min":6.99,"k_clinic":5,"k_school":5,"within_15":1,"off_street":0,"ward":"Alakara","lga":"Mushin","place":"Onayade Community","place_m":164},"geometry":{"type":"Polygon","coordinates":[[[3.36856,6.52311],[3.367,6.52402],[3.36543,6.52311],[3.36543,6.5213],[3.367,6.5204],[3.36856,6.5213],[3.36856,6.52311]]]}},{"type":"Feature","properties":{"minutes":2.45,"people":1697,"clinic_min":2.16,"school_min":2.74,"k_clinic":5,"k_school":5,"within_15":1,"off_street":0,"ward":"Harvey","lga":"Lagos Mainland","place":"Oweh","place_m":149},"geometry":{"type":"Polygon","coordinates":[[[3.3717,6.52311],[3.37013,6.52401],[3.36856,6.52311],[3.36856,6.5213],[3.37013,6.52039],[3.3717,6.5213],[3.3717,6.52311]]]}},{"type":"Feature","properties":{"minutes":6.24,"people":1092,"clinic_min":8.44,"school_min":4.04,"k_clinic":5,"k_school":5,"within_15":1,"off_street":0,"ward":"Harvey","lga":"Lagos Mainland","place":"Alakija Street","place_m":302},"geometry":{"type":"Polygon","coordinates":[[[3.37483,6.5231],[3.37326,6.52401],[3.3717,6.52311],[3.3717,6.5213],[3.37326,6.52039],[3.37483,6.5213],[3.37483,6.5231]]]}},{"type":"Feature","properties":{"minutes":7.88,"people":1437,"clinic_min":8.21,"school_min":7.54,"k_clinic":5,"k_school":5,"within_15":1,"off_street":0,"ward":"Harvey","lga":"Lagos Mainland","place":"Yaba","place_m":343},"geometry":{"type":"Polygon","coordinates":[[[3.37796,6.5231],[3.3764,6.52401],[3.37483,6.5231],[3.37483,6.5213],[3.3764,6.52039],[3.37796,6.52129],[3.37796,6.5231]]]}},{"type":"Feature","properties":{"minutes":3.37,"people":1794,"clinic_min":3.86,"school_min":2.88,"k_clinic":5,"k_school":5,"within_15":1,"off_street":0,"ward":"Abule Oja","lga":"Lagos Mainland","place":"Ajayi Bembe","place_m":456},"geometry":{"type":"Polygon","coordinates":[[[3.3811,6.5231],[3.37953,6.52401],[3.37796,6.5231],[3.37796,6.52129],[3.37953,6.52039],[3.3811,6.52129],[3.3811,6.5231]]]}},{"type":"Feature","properties":{"minutes":4.24,"people":1133,"clinic_min":5.31,"school_min":3.17,"k_clinic":5,"k_school":5,"within_15":1,"off_street":0,"ward":"Abule Oja","lga":"Lagos Mainland","place":"Ajayi Bembe","place_m":256},"geometry":{"type":"Polygon","coordinates":[[[3.38423,6.5231],[3.38266,6.524],[3.3811,6.5231],[3.3811,6.52129],[3.38266,6.52039],[3.38423,6.52129],[3.38423,6.5231]]]}},{"type":"Feature","properties":{"minutes":3.56,"people":886,"clinic_min":4.55,"school_min":2.57,"k_clinic":5,"k_school":5,"within_15":1,"off_street":0,"ward":"Abule Oja","lga":"Lagos Mainland","place":"Unilag","place_m":191},"geometry":{"type":"Polygon","coordinates":[[[3.38736,6.5231],[3.3858,6.524],[3.38423,6.5231],[3.38423,6.52129],[3.38579,6.52038],[3.38736,6.52129],[3.38736,6.5231]]]}},{"type":"Feature","properties":{"minutes":3.34,"people":71,"clinic_min":4.14,"school_min":2.53,"k_clinic":5,"k_school":5,"within_15":1,"off_street":0,"ward":"Abule Oja","lga":"Lagos Mainland","place":"Unilag","place_m":407},"geometry":{"type":"Polygon","coordinates":[[[3.3905,6.52309],[3.38893,6.524],[3.38736,6.5231],[3.38736,6.52129],[3.38893,6.52038],[3.3905,6.52128],[3.3905,6.52309]]]}},{"type":"Feature","properties":{"minutes":7.66,"people":122,"clinic_min":9.18,"school_min":6.15,"k_clinic":5,"k_school":5,"within_15":1,"off_street":0,"ward":"Abule Oja","lga":"Lagos Mainland","place":"Unilag","place_m":732},"geometry":{"type":"Polygon","coordinates":[[[3.39363,6.52309],[3.39206,6.524],[3.3905,6.52309],[3.3905,6.52128],[3.39206,6.52038],[3.39363,6.52128],[3.39363,6.52309]]]}},{"type":"Feature","properties":{"minutes":14.57,"people":213,"clinic_min":16.62,"school_min":12.52,"k_clinic":5,"k_school":5,"within_15":1,"off_street":0,"ward":"Abule Oja","lga":"Lagos Mainland","place":"Ilaje","place_m":658},"geometry":{"type":"Polygon","coordinates":[[[3.39676,6.52309],[3.3952,6.52399],[3.39363,6.52309],[3.39363,6.52128],[3.39519,6.52038],[3.39676,6.52128],[3.39676,6.52309]]]}},{"type":"Feature","properties":{"minutes":19.54,"people":291,"clinic_min":21.57,"school_min":17.51,"k_clinic":5,"k_school":5,"within_15":0,"off_street":0,"ward":"Abule Oja","lga":"Lagos Mainland","place":"Ilaje","place_m":698},"geometry":{"type":"Polygon","coordinates":[[[3.3999,6.52309],[3.39833,6.52399],[3.39676,6.52309],[3.39676,6.52128],[3.39833,6.52037],[3.39989,6.52128],[3.3999,6.52309]]]}},{"type":"Feature","properties":{"minutes":8.53,"people":972,"clinic_min":8.69,"school_min":8.36,"k_clinic":5,"k_school":5,"within_15":1,"off_street":0,"ward":"Alafia\u2013Adeoyo","lga":"Mushin","place":"Araba","place_m":303},"geometry":{"type":"Polygon","coordinates":[[[3.3388,6.52584],[3.33723,6.52675],[3.33567,6.52585],[3.33567,6.52404],[3.33723,6.52313],[3.3388,6.52403],[3.3388,6.52584]]]}},{"type":"Feature","properties":{"minutes":3.17,"people":1291,"clinic_min":3.08,"school_min":3.27,"k_clinic":5,"k_school":5,"within_15":1,"off_street":0,"ward":"Alafia\u2013Adeoyo","lga":"Mushin","place":"Salamotu","place_m":296},"geometry":{"type":"Polygon","coordinates":[[[3.34193,6.52584],[3.34037,6.52675],[3.3388,6.52584],[3.3388,6.52403],[3.34037,6.52313],[3.34193,6.52403],[3.34193,6.52584]]]}},{"type":"Feature","properties":{"minutes":4.59,"people":1718,"clinic_min":4.94,"school_min":4.24,"k_clinic":5,"k_school":5,"within_15":1,"off_street":0,"ward":"Alafia\u2013Adeoyo","lga":"Mushin","place":"Ilasamaja","place_m":249},"geometry":{"type":"Polygon","coordinates":[[[3.34507,6.52584],[3.3435,6.52675],[3.34193,6.52584],[3.34193,6.52403],[3.3435,6.52313],[3.34507,6.52403],[3.34507,6.52584]]]}},{"type":"Feature","properties":{"minutes":4.98,"people":2276,"clinic_min":6.41,"school_min":3.55,"k_clinic":5,"k_school":5,"within_15":1,"off_street":0,"ward":"Alafia\u2013Adeoyo","lga":"Mushin","place":"Olarewaju","place_m":121},"geometry":{"type":"Polygon","coordinates":[[[3.3482,6.52584],[3.34663,6.52674],[3.34507,6.52584],[3.34507,6.52403],[3.34663,6.52312],[3.3482,6.52403],[3.3482,6.52584]]]}},{"type":"Feature","properties":{"minutes":5.8,"people":2695,"clinic_min":6.68,"school_min":4.91,"k_clinic":5,"k_school":5,"within_15":1,"off_street":0,"ward":"Moshalashi\u2013Agoro","lga":"Mushin","place":"Olarewaju","place_m":300},"geometry":{"type":"Polygon","coordinates":[[[3.35133,6.52584],[3.34977,6.52674],[3.3482,6.52584],[3.3482,6.52403],[3.34977,6.52312],[3.35133,6.52403],[3.35133,6.52584]]]}},{"type":"Feature","properties":{"minutes":4.13,"people":2504,"clinic_min":3.21,"school_min":5.05,"k_clinic":5,"k_school":5,"within_15":1,"off_street":0,"ward":"Babalosa 2","lga":"Mushin","place":"Adeyemi","place_m":166},"geometry":{"type":"Polygon","coordinates":[[[3.35447,6.52583],[3.3529,6.52674],[3.35133,6.52584],[3.35133,6.52403],[3.3529,6.52312],[3.35447,6.52402],[3.35447,6.52583]]]}},{"type":"Feature","properties":{"minutes":3.64,"people":2142,"clinic_min":2.78,"school_min":4.51,"k_clinic":5,"k_school":5,"within_15":1,"off_street":0,"ward":"Babalosa 2","lga":"Mushin","place":"Omoniyi Street","place_m":8},"geometry":{"type":"Polygon","coordinates":[[[3.3576,6.52583],[3.35603,6.52674],[3.35447,6.52583],[3.35447,6.52402],[3.35603,6.52312],[3.3576,6.52402],[3.3576,6.52583]]]}},{"type":"Feature","properties":{"minutes":7.32,"people":2200,"clinic_min":7.95,"school_min":6.69,"k_clinic":5,"k_school":5,"within_15":1,"off_street":0,"ward":"Babalosa 2","lga":"Mushin","place":"Oduntan","place_m":41},"geometry":{"type":"Polygon","coordinates":[[[3.36073,6.52583],[3.35917,6.52673],[3.3576,6.52583],[3.3576,6.52402],[3.35916,6.52312],[3.36073,6.52402],[3.36073,6.52583]]]}},{"type":"Feature","properties":{"minutes":4.37,"people":2324,"clinic_min":7.49,"school_min":1.26,"k_clinic":5,"k_school":5,"within_15":1,"off_street":0,"ward":"Idi-Oro\u2013Odi Olowo","lga":"Mushin","place":"Akinbiyi","place_m":69},"geometry":{"type":"Polygon","coordinates":[[[3.36387,6.52583],[3.3623,6.52673],[3.36073,6.52583],[3.36073,6.52402],[3.3623,6.52311],[3.36387,6.52402],[3.36387,6.52583]]]}},{"type":"Feature","properties":{"minutes":8.56,"people":2766,"clinic_min":7.76,"school_min":9.36,"k_clinic":5,"k_school":5,"within_15":1,"off_street":0,"ward":"Alakara","lga":"Mushin","place":"Balogun","place_m":227},"geometry":{"type":"Polygon","coordinates":[[[3.367,6.52582],[3.36543,6.52673],[3.36387,6.52583],[3.36387,6.52402],[3.36543,6.52311],[3.367,6.52402],[3.367,6.52582]]]}},{"type":"Feature","properties":{"minutes":5.6,"people":2231,"clinic_min":5.28,"school_min":5.91,"k_clinic":5,"k_school":5,"within_15":1,"off_street":0,"ward":"Harvey","lga":"Lagos Mainland","place":"Oweh","place_m":205},"geometry":{"type":"Polygon","coordinates":[[[3.37013,6.52582],[3.36857,6.52673],[3.367,6.52582],[3.367,6.52402],[3.36856,6.52311],[3.37013,6.52401],[3.37013,6.52582]]]}},{"type":"Feature","properties":{"minutes":4.11,"people":1672,"clinic_min":4.5,"school_min":3.72,"k_clinic":5,"k_school":5,"within_15":1,"off_street":0,"ward":"Harvey","lga":"Lagos Mainland","place":"Oweh","place_m":265},"geometry":{"type":"Polygon","coordinates":[[[3.37327,6.52582],[3.3717,6.52673],[3.37013,6.52582],[3.37013,6.52401],[3.3717,6.52311],[3.37326,6.52401],[3.37327,6.52582]]]}},{"type":"Feature","properties":{"minutes":8.31,"people":1309,"clinic_min":9.19,"school_min":7.43,"k_clinic":5,"k_school":5,"within_15":1,"off_street":0,"ward":"Harvey","lga":"Lagos Mainland","place":"Morocco","place_m":322},"geometry":{"type":"Polygon","coordinates":[[[3.3764,6.52582],[3.37483,6.52672],[3.37327,6.52582],[3.37326,6.52401],[3.37483,6.5231],[3.3764,6.52401],[3.3764,6.52582]]]}},{"type":"Feature","properties":{"minutes":4.87,"people":2570,"clinic_min":3.98,"school_min":5.76,"k_clinic":5,"k_school":5,"within_15":1,"off_street":0,"ward":"Abule Ijesha","lga":"Lagos Mainland","place":"Abule Ijesha","place_m":121},"geometry":{"type":"Polygon","coordinates":[[[3.37953,6.52582],[3.37797,6.52672],[3.3764,6.52582],[3.3764,6.52401],[3.37796,6.5231],[3.37953,6.52401],[3.37953,6.52582]]]}},{"type":"Feature","properties":{"minutes":4.98,"people":2250,"clinic_min":5.14,"school_min":4.83,"k_clinic":5,"k_school":5,"within_15":1,"off_street":0,"ward":"Abule Ijesha","lga":"Lagos Mainland","place":"Abule Ijesha","place_m":394},"geometry":{"type":"Polygon","coordinates":[[[3.38267,6.52581],[3.3811,6.52672],[3.37953,6.52582],[3.37953,6.52401],[3.3811,6.5231],[3.38266,6.524],[3.38267,6.52581]]]}},{"type":"Feature","properties":{"minutes":2.68,"people":2201,"clinic_min":1.47,"school_min":3.88,"k_clinic":5,"k_school":5,"within_15":1,"off_street":0,"ward":"Igbari","lga":"Shomolu","place":"Unilag","place_m":194},"geometry":{"type":"Polygon","coordinates":[[[3.3858,6.52581],[3.38423,6.52672],[3.38267,6.52581],[3.38266,6.524],[3.38423,6.5231],[3.3858,6.524],[3.3858,6.52581]]]}},{"type":"Feature","properties":{"minutes":2.41,"people":2132,"clinic_min":2.96,"school_min":1.86,"k_clinic":5,"k_school":5,"within_15":1,"off_street":0,"ward":"Akoka\u2013Anu-Oluwapo","lga":"Shomolu","place":"Unilag","place_m":217},"geometry":{"type":"Polygon","coordinates":[[[3.38893,6.52581],[3.38737,6.52671],[3.3858,6.52581],[3.3858,6.524],[3.38736,6.5231],[3.38893,6.524],[3.38893,6.52581]]]}},{"type":"Feature","properties":{"minutes":5.59,"people":1578,"clinic_min":7.06,"school_min":4.12,"k_clinic":5,"k_school":5,"within_15":1,"off_street":0,"ward":"Akoka\u2013Anu-Oluwapo","lga":"Shomolu","place":"Unilag","place_m":544},"geometry":{"type":"Polygon","coordinates":[[[3.39207,6.52581],[3.3905,6.52671],[3.38893,6.52581],[3.38893,6.524],[3.3905,6.52309],[3.39206,6.524],[3.39207,6.52581]]]}},{"type":"Feature","properties":{"minutes":8.85,"people":2047,"clinic_min":11.31,"school_min":6.39,"k_clinic":5,"k_school":5,"within_15":1,"off_street":0,"ward":"Akoka\u2013Anu-Oluwapo","lga":"Shomolu","place":"Ilaje","place_m":442},"geometry":{"type":"Polygon","coordinates":[[[3.3952,6.5258],[3.39363,6.52671],[3.39207,6.52581],[3.39206,6.524],[3.39363,6.52309],[3.3952,6.52399],[3.3952,6.5258]]]}},{"type":"Feature","properties":{"minutes":10.44,"people":2377,"clinic_min":12.64,"school_min":8.25,"k_clinic":5,"k_school":5,"within_15":1,"off_street":0,"ward":"Akoka\u2013Anu-Oluwapo","lga":"Shomolu","place":"Ilaje","place_m":360},"geometry":{"type":"Polygon","coordinates":[[[3.39833,6.5258],[3.39677,6.52671],[3.3952,6.5258],[3.3952,6.52399],[3.39676,6.52309],[3.39833,6.52399],[3.39833,6.5258]]]}},{"type":"Feature","properties":{"minutes":15.28,"people":1324,"clinic_min":17.33,"school_min":13.22,"k_clinic":5,"k_school":5,"within_15":0,"off_street":0,"ward":"Akoka\u2013Anu-Oluwapo","lga":"Shomolu","place":"Ilaje","place_m":551},"geometry":{"type":"Polygon","coordinates":[[[3.40146,6.5258],[3.3999,6.5267],[3.39833,6.5258],[3.39833,6.52399],[3.3999,6.52309],[3.40146,6.52399],[3.40146,6.5258]]]}},{"type":"Feature","properties":{"minutes":4.3,"people":732,"clinic_min":6.97,"school_min":1.62,"k_clinic":5,"k_school":5,"within_15":1,"off_street":0,"ward":"Alafia\u2013Adeoyo","lga":"Mushin","place":"Araba","place_m":639},"geometry":{"type":"Polygon","coordinates":[[[3.34037,6.52856],[3.3388,6.52946],[3.33724,6.52856],[3.33723,6.52675],[3.3388,6.52584],[3.34037,6.52675],[3.34037,6.52856]]]}},{"type":"Feature","properties":{"minutes":3.55,"people":1633,"clinic_min":3.62,"school_min":3.48,"k_clinic":5,"k_school":5,"within_15":1,"off_street":0,"ward":"Alafia\u2013Adeoyo","lga":"Mushin","place":"Sadiku Apapa Express","place_m":555},"geometry":{"type":"Polygon","coordinates":[[[3.3435,6.52855],[3.34194,6.52946],[3.34037,6.52856],[3.34037,6.52675],[3.34193,6.52584],[3.3435,6.52675],[3.3435,6.52855]]]}},{"type":"Feature","properties":{"minutes":4.02,"people":2342,"clinic_min":2.61,"school_min":5.44,"k_clinic":5,"k_school":5,"within_15":1,"off_street":0,"ward":"Alafia\u2013Adeoyo","lga":"Mushin","place":"Ojuwoye","place_m":375},"geometry":{"type":"Polygon","coordinates":[[[3.34664,6.52855],[3.34507,6.52946],[3.3435,6.52855],[3.3435,6.52675],[3.34507,6.52584],[3.34663,6.52674],[3.34664,6.52855]]]}},{"type":"Feature","properties":{"minutes":4.47,"people":2304,"clinic_min":4.86,"school_min":4.09,"k_clinic":5,"k_school":5,"within_15":1,"off_street":0,"ward":"Alafia\u2013Adeoyo","lga":"Mushin","place":"Ojuwoye","place_m":95},"geometry":{"type":"Polygon","coordinates":[[[3.34977,6.52855],[3.3482,6.52946],[3.34664,6.52855],[3.34663,6.52674],[3.3482,6.52584],[3.34977,6.52674],[3.34977,6.52855]]]}},{"type":"Feature","properties":{"minutes":4.53,"people":2195,"clinic_min":4.16,"school_min":4.91,"k_clinic":5,"k_school":5,"within_15":1,"off_street":0,"ward":"Moshalashi\u2013Agoro","lga":"Mushin","place":"Kelani Off Moshalashi","place_m":318},"geometry":{"type":"Polygon","coordinates":[[[3.3529,6.52855],[3.35134,6.52945],[3.34977,6.52855],[3.34977,6.52674],[3.35133,6.52584],[3.3529,6.52674],[3.3529,6.52855]]]}},{"type":"Feature","properties":{"minutes":3.58,"people":2168,"clinic_min":3.15,"school_min":4.01,"k_clinic":5,"k_school":5,"within_15":1,"off_street":0,"ward":"Babalosa 1","lga":"Mushin","place":"Aganran","place_m":52},"geometry":{"type":"Polygon","coordinates":[[[3.35604,6.52855],[3.35447,6.52945],[3.3529,6.52855],[3.3529,6.52674],[3.35447,6.52583],[3.35603,6.52674],[3.35604,6.52855]]]}},{"type":"Feature","properties":{"minutes":2.69,"people":2155,"clinic_min":2.54,"school_min":2.84,"k_clinic":5,"k_school":5,"within_15":1,"off_street":0,"ward":"Idi-Oro\u2013Odi Olowo","lga":"Mushin","place":"Asabi","place_m":55},"geometry":{"type":"Polygon","coordinates":[[[3.35917,6.52854],[3.3576,6.52945],[3.35604,6.52855],[3.35603,6.52674],[3.3576,6.52583],[3.35917,6.52673],[3.35917,6.52854]]]}},{"type":"Feature","properties":{"minutes":3.95,"people":2990,"clinic_min":5.27,"school_min":2.62,"k_clinic":5,"k_school":5,"within_15":1,"off_street":0,"ward":"Idi-Oro\u2013Odi Olowo","lga":"Mushin","place":"Ibrahimo","place_m":54},"geometry":{"type":"Polygon","coordinates":[[[3.3623,6.52854],[3.36074,6.52945],[3.35917,6.52854],[3.35917,6.52673],[3.36073,6.52583],[3.3623,6.52673],[3.3623,6.52854]]]}},{"type":"Feature","properties":{"minutes":5.52,"people":1848,"clinic_min":6.57,"school_min":4.47,"k_clinic":5,"k_school":5,"within_15":1,"off_street":0,"ward":"Alakara","lga":"Mushin","place":"Aileru","place_m":114},"geometry":{"type":"Polygon","coordinates":[[[3.36544,6.52854],[3.36387,6.52944],[3.3623,6.52854],[3.3623,6.52673],[3.36387,6.52583],[3.36543,6.52673],[3.36544,6.52854]]]}},{"type":"Feature","properties":{"minutes":5.77,"people":1898,"clinic_min":5.67,"school_min":5.87,"k_clinic":5,"k_school":5,"within_15":1,"off_street":0,"ward":"Alakara","lga":"Mushin","place":"Ayonuga","place_m":152},"geometry":{"type":"Polygon","coordinates":[[[3.36857,6.52854],[3.367,6.52944],[3.36544,6.52854],[3.36543,6.52673],[3.367,6.52582],[3.36857,6.52673],[3.36857,6.52854]]]}},{"type":"Feature","properties":{"minutes":6.89,"people":1809,"clinic_min":8.32,"school_min":5.46,"k_clinic":5,"k_school":5,"within_15":1,"off_street":0,"ward":"Igbobi\u2013Fadeyi","lga":"Shomolu","place":"Oweh","place_m":458},"geometry":{"type":"Polygon","coordinates":[[[3.3717,6.52853],[3.37014,6.52944],[3.36857,6.52854],[3.36857,6.52673],[3.37013,6.52582],[3.3717,6.52673],[3.3717,6.52853]]]}},{"type":"Feature","properties":{"minutes":6.58,"people":978,"clinic_min":8.25,"school_min":4.91,"k_clinic":5,"k_school":5,"within_15":1,"off_street":0,"ward":"Igbobi\u2013Fadeyi","lga":"Shomolu","place":"Morocco","place_m":117},"geometry":{"type":"Polygon","coordinates":[[[3.37483,6.52853],[3.37327,6.52944],[3.3717,6.52853],[3.3717,6.52673],[3.37327,6.52582],[3.37483,6.52672],[3.37483,6.52853]]]}},{"type":"Feature","properties":{"minutes":3.65,"people":1494,"clinic_min":5.47,"school_min":1.84,"k_clinic":5,"k_school":5,"within_15":1,"off_street":0,"ward":"Abule Ijesha","lga":"Lagos Mainland","place":"Morocco","place_m":231},"geometry":{"type":"Polygon","coordinates":[[[3.37797,6.52853],[3.3764,6.52944],[3.37483,6.52853],[3.37483,6.52672],[3.3764,6.52582],[3.37797,6.52672],[3.37797,6.52853]]]}},{"type":"Feature","properties":{"minutes":5.0,"people":1635,"clinic_min":5.2,"school_min":4.81,"k_clinic":5,"k_school":5,"within_15":1,"off_street":0,"ward":"Bajulaiye","lga":"Shomolu","place":"Abule Ijesha","place_m":273},"geometry":{"type":"Polygon","coordinates":[[[3.3811,6.52853],[3.37954,6.52943],[3.37797,6.52853],[3.37797,6.52672],[3.37953,6.52582],[3.3811,6.52672],[3.3811,6.52853]]]}},{"type":"Feature","properties":{"minutes":6.26,"people":1789,"clinic_min":7.66,"school_min":4.86,"k_clinic":5,"k_school":5,"within_15":1,"off_street":0,"ward":"Igbari","lga":"Shomolu","place":"Igbari","place_m":164},"geometry":{"type":"Polygon","coordinates":[[[3.38423,6.52853],[3.38267,6.52943],[3.3811,6.52853],[3.3811,6.52672],[3.38267,6.52581],[3.38423,6.52672],[3.38423,6.52853]]]}},{"type":"Feature","properties":{"minutes":4.73,"people":2758,"clinic_min":3.76,"school_min":5.7,"k_clinic":5,"k_school":5,"within_15":1,"off_street":0,"ward":"Igbari","lga":"Shomolu","place":"Igbari","place_m":183},"geometry":{"type":"Polygon","coordinates":[[[3.38737,6.52852],[3.3858,6.52943],[3.38423,6.52853],[3.38423,6.52672],[3.3858,6.52581],[3.38737,6.52671],[3.38737,6.52852]]]}},{"type":"Feature","properties":{"minutes":3.78,"people":1686,"clinic_min":5.58,"school_min":1.97,"k_clinic":5,"k_school":5,"within_15":1,"off_street":0,"ward":"Akoka\u2013Anu-Oluwapo","lga":"Shomolu","place":"Akoka","place_m":477},"geometry":{"type":"Polygon","coordinates":[[[3.3905,6.52852],[3.38893,6.52943],[3.38737,6.52852],[3.38737,6.52671],[3.38893,6.52581],[3.3905,6.52671],[3.3905,6.52852]]]}},{"type":"Feature","properties":{"minutes":7.76,"people":1962,"clinic_min":8.42,"school_min":7.09,"k_clinic":5,"k_school":5,"within_15":1,"off_street":0,"ward":"Akoka\u2013Anu-Oluwapo","lga":"Shomolu","place":"Ilaje","place_m":444},"geometry":{"type":"Polygon","coordinates":[[[3.39363,6.52852],[3.39207,6.52942],[3.3905,6.52852],[3.3905,6.52671],[3.39207,6.52581],[3.39363,6.52671],[3.39363,6.52852]]]}},{"type":"Feature","properties":{"minutes":9.2,"people":3017,"clinic_min":9.53,"school_min":8.88,"k_clinic":5,"k_school":5,"within_15":1,"off_street":0,"ward":"Akoka\u2013Anu-Oluwapo","lga":"Shomolu","place":"Ilaje","place_m":108},"geometry":{"type":"Polygon","coordinates":[[[3.39677,6.52852],[3.3952,6.52942],[3.39363,6.52852],[3.39363,6.52671],[3.3952,6.5258],[3.39677,6.52671],[3.39677,6.52852]]]}},{"type":"Feature","properties":{"minutes":8.75,"people":3578,"clinic_min":9.4,"school_min":8.11,"k_clinic":5,"k_school":5,"within_15":1,"off_street":0,"ward":"Akoka\u2013Anu-Oluwapo","lga":"Shomolu","place":"Ilaje","place_m":257},"geometry":{"type":"Polygon","coordinates":[[[3.3999,6.52851],[3.39833,6.52942],[3.39677,6.52852],[3.39677,6.52671],[3.39833,6.5258],[3.3999,6.5267],[3.3999,6.52851]]]}},{"type":"Feature","properties":{"minutes":10.08,"people":892,"clinic_min":11.43,"school_min":8.74,"k_clinic":5,"k_school":5,"within_15":1,"off_street":0,"ward":"Alafia\u2013Adeoyo","lga":"Mushin","place":"Iyana Isolo","place_m":370},"geometry":{"type":"Polygon","coordinates":[[[3.3388,6.53127],[3.33724,6.53218],[3.33567,6.53127],[3.33567,6.52946],[3.33724,6.52856],[3.3388,6.52946],[3.3388,6.53127]]]}},{"type":"Feature","properties":{"minutes":3.18,"people":1487,"clinic_min":3.03,"school_min":3.32,"k_clinic":5,"k_school":5,"within_15":1,"off_street":0,"ward":"Alafia\u2013Adeoyo","lga":"Mushin","place":"Iyana Isolo","place_m":694},"geometry":{"type":"Polygon","coordinates":[[[3.34194,6.53127],[3.34037,6.53218],[3.3388,6.53127],[3.3388,6.52946],[3.34037,6.52856],[3.34194,6.52946],[3.34194,6.53127]]]}},{"type":"Feature","properties":{"minutes":2.74,"people":1684,"clinic_min":1.64,"school_min":3.84,"k_clinic":5,"k_school":5,"within_15":1,"off_street":0,"ward":"Alafia\u2013Adeoyo","lga":"Mushin","place":"Ojuwoye","place_m":575},"geometry":{"type":"Polygon","coordinates":[[[3.34507,6.53127],[3.34351,6.53217],[3.34194,6.53127],[3.34194,6.52946],[3.3435,6.52855],[3.34507,6.52946],[3.34507,6.53127]]]}},{"type":"Feature","properties":{"minutes":2.5,"people":2097,"clinic_min":2.51,"school_min":2.49,"k_clinic":5,"k_school":5,"within_15":1,"off_street":0,"ward":"Mushin\u2013Atewolara","lga":"Mushin","place":"Ojuwoye","place_m":280},"geometry":{"type":"Polygon","coordinates":[[[3.3482,6.53127],[3.34664,6.53217],[3.34507,6.53127],[3.34507,6.52946],[3.34664,6.52855],[3.3482,6.52946],[3.3482,6.53127]]]}},{"type":"Feature","properties":{"minutes":4.25,"people":2032,"clinic_min":5.61,"school_min":2.89,"k_clinic":5,"k_school":5,"within_15":1,"off_street":0,"ward":"Mushin\u2013Atewolara","lga":"Mushin","place":"Ojuwoye","place_m":259},"geometry":{"type":"Polygon","coordinates":[[[3.35134,6.53126],[3.34977,6.53217],[3.3482,6.53127],[3.3482,6.52946],[3.34977,6.52855],[3.35134,6.52945],[3.35134,6.53126]]]}},{"type":"Feature","properties":{"minutes":3.65,"people":1671,"clinic_min":3.36,"school_min":3.94,"k_clinic":5,"k_school":5,"within_15":1,"off_street":0,"ward":"Mushin\u2013Atewolara","lga":"Mushin","place":"Ajibore","place_m":163},"geometry":{"type":"Polygon","coordinates":[[[3.35447,6.53126],[3.3529,6.53217],[3.35134,6.53126],[3.35134,6.52945],[3.3529,6.52855],[3.35447,6.52945],[3.35447,6.53126]]]}},{"type":"Feature","properties":{"minutes":3.26,"people":2326,"clinic_min":3.3,"school_min":3.23,"k_clinic":5,"k_school":5,"within_15":1,"off_street":0,"ward":"Babalosa 1","lga":"Mushin","place":"Williams Ladega Street","place_m":12},"geometry":{"type":"Polygon","coordinates":[[[3.3576,6.53126],[3.35604,6.53216],[3.35447,6.53126],[3.35447,6.52945],[3.35604,6.52855],[3.3576,6.52945],[3.3576,6.53126]]]}},{"type":"Feature","properties":{"minutes":3.48,"people":2515,"clinic_min":3.85,"school_min":3.1,"k_clinic":5,"k_school":5,"within_15":1,"off_street":0,"ward":"Babalosa 1","lga":"Mushin","place":"Olomowewe","place_m":85},"geometry":{"type":"Polygon","coordinates":[[[3.36074,6.53126],[3.35917,6.53216],[3.3576,6.53126],[3.3576,6.52945],[3.35917,6.52854],[3.36074,6.52945],[3.36074,6.53126]]]}},{"type":"Feature","properties":{"minutes":5.44,"people":2366,"clinic_min":6.11,"school_min":4.78,"k_clinic":5,"k_school":5,"within_15":1,"off_street":0,"ward":"Idi-Oro\u2013Odi Olowo","lga":"Mushin","place":"Igbeyin Adun","place_m":74},"geometry":{"type":"Polygon","coordinates":[[[3.36387,6.53125],[3.3623,6.53216],[3.36074,6.53126],[3.36074,6.52945],[3.3623,6.52854],[3.36387,6.52944],[3.36387,6.53125]]]}},{"type":"Feature","properties":{"minutes":3.81,"people":2163,"clinic_min":4.35,"school_min":3.27,"k_clinic":5,"k_school":5,"within_15":1,"off_street":0,"ward":"Kayode\u2013Fadeyi","lga":"Mushin","place":"Okoya","place_m":203},"geometry":{"type":"Polygon","coordinates":[[[3.367,6.53125],[3.36544,6.53216],[3.36387,6.53125],[3.36387,6.52944],[3.36544,6.52854],[3.367,6.52944],[3.367,6.53125]]]}},{"type":"Feature","properties":{"minutes":12.31,"people":1019,"clinic_min":12.18,"school_min":12.44,"k_clinic":5,"k_school":5,"within_15":1,"off_street":0,"ward":"Igbobi\u2013Fadeyi","lga":"Shomolu","place":"Ayonuga","place_m":470},"geometry":{"type":"Polygon","coordinates":[[[3.37014,6.53125],[3.36857,6.53216],[3.367,6.53125],[3.367,6.52944],[3.36857,6.52854],[3.37014,6.52944],[3.37014,6.53125]]]}},{"type":"Feature","properties":{"minutes":8.82,"people":637,"clinic_min":11.59,"school_min":6.05,"k_clinic":5,"k_school":5,"within_15":1,"off_street":0,"ward":"Igbobi\u2013Fadeyi","lga":"Shomolu","place":"Morocco","place_m":405},"geometry":{"type":"Polygon","coordinates":[[[3.37327,6.53125],[3.3717,6.53215],[3.37014,6.53125],[3.37014,6.52944],[3.3717,6.52853],[3.37327,6.52944],[3.37327,6.53125]]]}},{"type":"Feature","properties":{"minutes":6.42,"people":2625,"clinic_min":6.83,"school_min":6.01,"k_clinic":5,"k_school":5,"within_15":1,"off_street":0,"ward":"Bashua East and West","lga":"Shomolu","place":"Bashua","place_m":101},"geometry":{"type":"Polygon","coordinates":[[[3.3764,6.53124],[3.37484,6.53215],[3.37327,6.53125],[3.37327,6.52944],[3.37483,6.52853],[3.3764,6.52944],[3.3764,6.53124]]]}},{"type":"Feature","properties":{"minutes":3.24,"people":2092,"clinic_min":4.02,"school_min":2.47,"k_clinic":5,"k_school":5,"within_15":1,"off_street":0,"ward":"Okesuna\u2013Alase","lga":"Shomolu","place":"Bashua","place_m":269},"geometry":{"type":"Polygon","coordinates":[[[3.37954,6.53124],[3.37797,6.53215],[3.3764,6.53124],[3.3764,6.52944],[3.37797,6.52853],[3.37954,6.52943],[3.37954,6.53124]]]}},{"type":"Feature","properties":{"minutes":4.17,"people":2201,"clinic_min":4.66,"school_min":3.68,"k_clinic":5,"k_school":5,"within_15":1,"off_street":0,"ward":"Bajulaiye","lga":"Shomolu","place":"Bajulaiye","place_m":152},"geometry":{"type":"Polygon","coordinates":[[[3.38267,6.53124],[3.3811,6.53215],[3.37954,6.53124],[3.37954,6.52943],[3.3811,6.52853],[3.38267,6.52943],[3.38267,6.53124]]]}},{"type":"Feature","properties":{"minutes":5.29,"people":2082,"clinic_min":5.68,"school_min":4.9,"k_clinic":5,"k_school":5,"within_15":1,"off_street":0,"ward":"Bajulaiye","lga":"Shomolu","place":"Bajulaiye","place_m":252},"geometry":{"type":"Polygon","coordinates":[[[3.3858,6.53124],[3.38424,6.53214],[3.38267,6.53124],[3.38267,6.52943],[3.38423,6.52853],[3.3858,6.52943],[3.3858,6.53124]]]}},{"type":"Feature","properties":{"minutes":6.26,"people":1441,"clinic_min":7.19,"school_min":5.33,"k_clinic":5,"k_school":5,"within_15":1,"off_street":0,"ward":"Owode\u2013Orile Bariga","lga":"Shomolu","place":"Akoka","place_m":249},"geometry":{"type":"Polygon","coordinates":[[[3.38894,6.53124],[3.38737,6.53214],[3.3858,6.53124],[3.3858,6.52943],[3.38737,6.52852],[3.38893,6.52943],[3.38894,6.53124]]]}},{"type":"Feature","properties":{"minutes":5.41,"people":1734,"clinic_min":5.86,"school_min":4.96,"k_clinic":5,"k_school":5,"within_15":1,"off_street":0,"ward":"Akoka\u2013Anu-Oluwapo","lga":"Shomolu","place":"Akoka","place_m":245},"geometry":{"type":"Polygon","coordinates":[[[3.39207,6.53123],[3.3905,6.53214],[3.38894,6.53124],[3.38893,6.52943],[3.3905,6.52852],[3.39207,6.52942],[3.39207,6.53123]]]}},{"type":"Feature","properties":{"minutes":5.7,"people":3437,"clinic_min":4.69,"school_min":6.72,"k_clinic":5,"k_school":5,"within_15":1,"off_street":0,"ward":"Akoka\u2013Anu-Oluwapo","lga":"Shomolu","place":"Ilaje","place_m":366},"geometry":{"type":"Polygon","coordinates":[[[3.3952,6.53123],[3.39364,6.53214],[3.39207,6.53123],[3.39207,6.52942],[3.39363,6.52852],[3.3952,6.52942],[3.3952,6.53123]]]}},{"type":"Feature","properties":{"minutes":8.27,"people":3039,"clinic_min":7.93,"school_min":8.6,"k_clinic":5,"k_school":5,"within_15":1,"off_street":0,"ward":"Ilaje","lga":"Shomolu","place":"Ilaje","place_m":261},"geometry":{"type":"Polygon","coordinates":[[[3.39834,6.53123],[3.39677,6.53213],[3.3952,6.53123],[3.3952,6.52942],[3.39677,6.52852],[3.39833,6.52942],[3.39834,6.53123]]]}},{"type":"Feature","properties":{"minutes":9.84,"people":3713,"clinic_min":9.61,"school_min":10.07,"k_clinic":5,"k_school":5,"within_15":1,"off_street":0,"ward":"Ilaje","lga":"Shomolu","place":"Ilaje","place_m":492},"geometry":{"type":"Polygon","coordinates":[[[3.40147,6.53123],[3.3999,6.53213],[3.39834,6.53123],[3.39833,6.52942],[3.3999,6.52851],[3.40147,6.52942],[3.40147,6.53123]]]}},{"type":"Feature","properties":{"minutes":3.85,"people":857,"clinic_min":4.58,"school_min":3.12,"k_clinic":5,"k_school":5,"within_15":1,"off_street":0,"ward":"Papa Ajao","lga":"Mushin","place":"Iyana Isolo","place_m":513},"geometry":{"type":"Polygon","coordinates":[[[3.34037,6.53398],[3.33881,6.53489],[3.33724,6.53399],[3.33724,6.53218],[3.3388,6.53127],[3.34037,6.53218],[3.34037,6.53398]]]}},{"type":"Feature","properties":{"minutes":2.8,"people":1740,"clinic_min":3.42,"school_min":2.19,"k_clinic":5,"k_school":5,"within_15":1,"off_street":0,"ward":"Papa Ajao","lga":"Mushin","place":"Ladipo","place_m":727},"geometry":{"type":"Polygon","coordinates":[[[3.34351,6.53398],[3.34194,6.53489],[3.34037,6.53398],[3.34037,6.53218],[3.34194,6.53127],[3.34351,6.53217],[3.34351,6.53398]]]}},{"type":"Feature","properties":{"minutes":2.99,"people":1644,"clinic_min":2.38,"school_min":3.6,"k_clinic":5,"k_school":5,"within_15":1,"off_street":0,"ward":"Mushin\u2013Atewolara","lga":"Mushin","place":"Ladipo","place_m":397},"geometry":{"type":"Polygon","coordinates":[[[3.34664,6.53398],[3.34507,6.53489],[3.34351,6.53398],[3.34351,6.53217],[3.34507,6.53127],[3.34664,6.53217],[3.34664,6.53398]]]}},{"type":"Feature","properties":{"minutes":2.98,"people":2278,"clinic_min":3.27,"school_min":2.68,"k_clinic":5,"k_school":5,"within_15":1,"off_street":0,"ward":"Mushin\u2013Atewolara","lga":"Mushin","place":"Ladipo","place_m":160},"geometry":{"type":"Polygon","coordinates":[[[3.34977,6.53398],[3.34821,6.53488],[3.34664,6.53398],[3.34664,6.53217],[3.3482,6.53127],[3.34977,6.53217],[3.34977,6.53398]]]}},{"type":"Feature","properties":{"minutes":4.59,"people":1591,"clinic_min":4.33,"school_min":4.85,"k_clinic":5,"k_school":5,"within_15":1,"off_street":0,"ward":"Mushin\u2013Atewolara","lga":"Mushin","place":"Ladipo","place_m":366},"geometry":{"type":"Polygon","coordinates":[[[3.35291,6.53398],[3.35134,6.53488],[3.34977,6.53398],[3.34977,6.53217],[3.35134,6.53126],[3.3529,6.53217],[3.35291,6.53398]]]}},{"type":"Feature","properties":{"minutes":3.09,"people":2016,"clinic_min":3.51,"school_min":2.66,"k_clinic":5,"k_school":5,"within_15":1,"off_street":0,"ward":"Ojuwoye","lga":"Mushin","place":"Odi Olowo Mushin","place_m":73},"geometry":{"type":"Polygon","coordinates":[[[3.35604,6.53397],[3.35447,6.53488],[3.35291,6.53398],[3.3529,6.53217],[3.35447,6.53126],[3.35604,6.53216],[3.35604,6.53397]]]}},{"type":"Feature","properties":{"minutes":2.9,"people":1995,"clinic_min":4.13,"school_min":1.67,"k_clinic":5,"k_school":5,"within_15":1,"off_street":0,"ward":"Babalosa 1","lga":"Mushin","place":"Shokunbi","place_m":152},"geometry":{"type":"Polygon","coordinates":[[[3.35917,6.53397],[3.35761,6.53488],[3.35604,6.53397],[3.35604,6.53216],[3.3576,6.53126],[3.35917,6.53216],[3.35917,6.53397]]]}},{"type":"Feature","properties":{"minutes":4.4,"people":2466,"clinic_min":5.64,"school_min":3.16,"k_clinic":5,"k_school":5,"within_15":1,"off_street":0,"ward":"Olateju","lga":"Mushin","place":"Jidanu","place_m":200},"geometry":{"type":"Polygon","coordinates":[[[3.36231,6.53397],[3.36074,6.53487],[3.35917,6.53397],[3.35917,6.53216],[3.36074,6.53126],[3.3623,6.53216],[3.36231,6.53397]]]}},{"type":"Feature","properties":{"minutes":4.24,"people":1994,"clinic_min":5.53,"school_min":2.95,"k_clinic":5,"k_school":5,"within_15":1,"off_street":0,"ward":"Kayode\u2013Fadeyi","lga":"Mushin","place":"Okoya","place_m":144},"geometry":{"type":"Polygon","coordinates":[[[3.36544,6.53397],[3.36387,6.53487],[3.36231,6.53397],[3.3623,6.53216],[3.36387,6.53125],[3.36544,6.53216],[3.36544,6.53397]]]}},{"type":"Feature","properties":{"minutes":5.61,"people":1741,"clinic_min":6.13,"school_min":5.08,"k_clinic":5,"k_school":5,"within_15":1,"off_street":0,"ward":"Kayode\u2013Fadeyi","lga":"Mushin","place":"Okoya","place_m":294},"geometry":{"type":"Polygon","coordinates":[[[3.36857,6.53396],[3.36701,6.53487],[3.36544,6.53397],[3.36544,6.53216],[3.367,6.53125],[3.36857,6.53216],[3.36857,6.53396]]]}},{"type":"Feature","properties":{"minutes":5.19,"people":1414,"clinic_min":6.11,"school_min":4.26,"k_clinic":5,"k_school":5,"within_15":1,"off_street":0,"ward":"Onipanu","lga":"Shomolu","place":"Shomolu","place_m":361},"geometry":{"type":"Polygon","coordinates":[[[3.37171,6.53396],[3.37014,6.53487],[3.36857,6.53396],[3.36857,6.53216],[3.37014,6.53125],[3.3717,6.53215],[3.37171,6.53396]]]}},{"type":"Feature","properties":{"minutes":7.23,"people":2192,"clinic_min":7.51,"school_min":6.94,"k_clinic":5,"k_school":5,"within_15":1,"off_street":0,"ward":"Igbobi\u2013Fadeyi","lga":"Shomolu","place":"Alade","place_m":338},"geometry":{"type":"Polygon","coordinates":[[[3.37484,6.53396],[3.37327,6.53487],[3.37171,6.53396],[3.3717,6.53215],[3.37327,6.53125],[3.37484,6.53215],[3.37484,6.53396]]]}},{"type":"Feature","properties":{"minutes":4.8,"people":2506,"clinic_min":4.9,"school_min":4.7,"k_clinic":5,"k_school":5,"within_15":1,"off_street":0,"ward":"Bashua East and West","lga":"Shomolu","place":"Alade","place_m":99},"geometry":{"type":"Polygon","coordinates":[[[3.37797,6.53396],[3.37641,6.53486],[3.37484,6.53396],[3.37484,6.53215],[3.3764,6.53124],[3.37797,6.53215],[3.37797,6.53396]]]}},{"type":"Feature","properties":{"minutes":4.77,"people":1838,"clinic_min":4.14,"school_min":5.4,"k_clinic":5,"k_school":5,"within_15":1,"off_street":0,"ward":"Okesuna\u2013Alase","lga":"Shomolu","place":"Humuani","place_m":119},"geometry":{"type":"Polygon","coordinates":[[[3.38111,6.53396],[3.37954,6.53486],[3.37797,6.53396],[3.37797,6.53215],[3.37954,6.53124],[3.3811,6.53215],[3.38111,6.53396]]]}},{"type":"Feature","properties":{"minutes":4.44,"people":2289,"clinic_min":4.26,"school_min":4.61,"k_clinic":5,"k_school":5,"within_15":1,"off_street":0,"ward":"Okesuna\u2013Alase","lga":"Shomolu","place":"Bajulaiye","place_m":209},"geometry":{"type":"Polygon","coordinates":[[[3.38424,6.53395],[3.38267,6.53486],[3.38111,6.53396],[3.3811,6.53215],[3.38267,6.53124],[3.38424,6.53214],[3.38424,6.53395]]]}},{"type":"Feature","properties":{"minutes":6.71,"people":2002,"clinic_min":6.65,"school_min":6.77,"k_clinic":5,"k_school":5,"within_15":1,"off_street":0,"ward":"Owode\u2013Orile Bariga","lga":"Shomolu","place":"Owode Orile Bariga","place_m":181},"geometry":{"type":"Polygon","coordinates":[[[3.38737,6.53395],[3.38581,6.53486],[3.38424,6.53395],[3.38424,6.53214],[3.3858,6.53124],[3.38737,6.53214],[3.38737,6.53395]]]}},{"type":"Feature","properties":{"minutes":3.37,"people":1175,"clinic_min":4.02,"school_min":2.73,"k_clinic":5,"k_school":5,"within_15":1,"off_street":0,"ward":"Owode\u2013Orile Bariga","lga":"Shomolu","place":"Akoka","place_m":123},"geometry":{"type":"Polygon","coordinates":[[[3.39051,6.53395],[3.38894,6.53485],[3.38737,6.53395],[3.38737,6.53214],[3.38894,6.53124],[3.3905,6.53214],[3.39051,6.53395]]]}},{"type":"Feature","properties":{"minutes":3.02,"people":1805,"clinic_min":2.18,"school_min":3.87,"k_clinic":5,"k_school":5,"within_15":1,"off_street":0,"ward":"Akoka\u2013Anu-Oluwapo","lga":"Shomolu","place":"Odunsi","place_m":327},"geometry":{"type":"Polygon","coordinates":[[[3.39364,6.53395],[3.39207,6.53485],[3.39051,6.53395],[3.3905,6.53214],[3.39207,6.53123],[3.39364,6.53214],[3.39364,6.53395]]]}},{"type":"Feature","properties":{"minutes":4.7,"people":3453,"clinic_min":4.66,"school_min":4.75,"k_clinic":5,"k_school":5,"within_15":1,"off_street":0,"ward":"Ilaje","lga":"Shomolu","place":"Odunsi","place_m":290},"geometry":{"type":"Polygon","coordinates":[[[3.39677,6.53394],[3.39521,6.53485],[3.39364,6.53395],[3.39364,6.53214],[3.3952,6.53123],[3.39677,6.53213],[3.39677,6.53394]]]}},{"type":"Feature","properties":{"minutes":7.64,"people":4325,"clinic_min":7.11,"school_min":8.16,"k_clinic":5,"k_school":5,"within_15":1,"off_street":0,"ward":"Ilaje","lga":"Shomolu","place":"Odunsi","place_m":549},"geometry":{"type":"Polygon","coordinates":[[[3.3999,6.53394],[3.39834,6.53485],[3.39677,6.53394],[3.39677,6.53213],[3.39834,6.53123],[3.3999,6.53213],[3.3999,6.53394]]]}},{"type":"Feature","properties":{"minutes":11.29,"people":596,"clinic_min":11.92,"school_min":10.66,"k_clinic":5,"k_school":5,"within_15":1,"off_street":0,"ward":"Papa Ajao","lga":"Mushin","place":"Iyana Isolo","place_m":533},"geometry":{"type":"Polygon","coordinates":[[[3.33881,6.5367],[3.33724,6.5376],[3.33567,6.5367],[3.33567,6.53489],[3.33724,6.53399],[3.33881,6.53489],[3.33881,6.5367]]]}},{"type":"Feature","properties":{"minutes":2.88,"people":1499,"clinic_min":2.61,"school_min":3.15,"k_clinic":5,"k_school":5,"within_15":1,"off_street":0,"ward":"Papa Ajao","lga":"Mushin","place":"Iyana Isolo","place_m":793},"geometry":{"type":"Polygon","coordinates":[[[3.34194,6.5367],[3.34038,6.5376],[3.33881,6.5367],[3.33881,6.53489],[3.34037,6.53398],[3.34194,6.53489],[3.34194,6.5367]]]}},{"type":"Feature","properties":{"minutes":3.39,"people":1786,"clinic_min":2.93,"school_min":3.85,"k_clinic":5,"k_school":5,"within_15":1,"off_street":0,"ward":"Papa Ajao","lga":"Mushin","place":"Ladipo","place_m":555},"geometry":{"type":"Polygon","coordinates":[[[3.34507,6.53669],[3.34351,6.5376],[3.34194,6.5367],[3.34194,6.53489],[3.34351,6.53398],[3.34507,6.53489],[3.34507,6.53669]]]}},{"type":"Feature","properties":{"minutes":3.43,"people":1480,"clinic_min":4.24,"school_min":2.63,"k_clinic":5,"k_school":5,"within_15":1,"off_street":0,"ward":"Papa Ajao","lga":"Mushin","place":"Ladipo","place_m":237},"geometry":{"type":"Polygon","coordinates":[[[3.34821,6.53669],[3.34664,6.5376],[3.34507,6.53669],[3.34507,6.53489],[3.34664,6.53398],[3.34821,6.53488],[3.34821,6.53669]]]}},{"type":"Feature","properties":{"minutes":3.01,"people":1927,"clinic_min":4.14,"school_min":1.87,"k_clinic":5,"k_school":5,"within_15":1,"off_street":0,"ward":"Mushin\u2013Atewolara","lga":"Mushin","place":"Olorunshogo Mushin","place_m":171},"geometry":{"type":"Polygon","coordinates":[[[3.35134,6.53669],[3.34978,6.5376],[3.34821,6.53669],[3.34821,6.53488],[3.34977,6.53398],[3.35134,6.53488],[3.35134,6.53669]]]}},{"type":"Feature","properties":{"minutes":4.14,"people":1541,"clinic_min":3.78,"school_min":4.5,"k_clinic":5,"k_school":5,"within_15":1,"off_street":0,"ward":"Mushin\u2013Atewolara","lga":"Mushin","place":"Odi Olowo Mushin","place_m":378},"geometry":{"type":"Polygon","coordinates":[[[3.35447,6.53669],[3.35291,6.53759],[3.35134,6.53669],[3.35134,6.53488],[3.35291,6.53398],[3.35447,6.53488],[3.35447,6.53669]]]}},{"type":"Feature","properties":{"minutes":4.1,"people":2481,"clinic_min":3.89,"school_min":4.32,"k_clinic":5,"k_school":5,"within_15":1,"off_street":0,"ward":"Ojuwoye","lga":"Mushin","place":"Kumuyi Street","place_m":255},"geometry":{"type":"Polygon","coordinates":[[[3.35761,6.53669],[3.35604,6.53759],[3.35447,6.53669],[3.35447,6.53488],[3.35604,6.53397],[3.35761,6.53488],[3.35761,6.53669]]]}},{"type":"Feature","properties":{"minutes":6.05,"people":2171,"clinic_min":6.76,"school_min":5.34,"k_clinic":5,"k_school":5,"within_15":1,"off_street":0,"ward":"Olateju","lga":"Mushin","place":"Jidanu","place_m":119},"geometry":{"type":"Polygon","coordinates":[[[3.36074,6.53668],[3.35918,6.53759],[3.35761,6.53669],[3.35761,6.53488],[3.35917,6.53397],[3.36074,6.53487],[3.36074,6.53668]]]}},{"type":"Feature","properties":{"minutes":5.2,"people":2460,"clinic_min":6.96,"school_min":3.43,"k_clinic":5,"k_school":5,"within_15":1,"off_street":0,"ward":"Owodunni","lga":"Mushin","place":"Owodunni","place_m":182},"geometry":{"type":"Polygon","coordinates":[[[3.36387,6.53668],[3.36231,6.53759],[3.36074,6.53668],[3.36074,6.53487],[3.36231,6.53397],[3.36387,6.53487],[3.36387,6.53668]]]}},{"type":"Feature","properties":{"minutes":3.47,"people":1955,"clinic_min":5.41,"school_min":1.54,"k_clinic":5,"k_school":5,"within_15":1,"off_street":0,"ward":"Kayode\u2013Fadeyi","lga":"Mushin","place":"Owodunni","place_m":236},"geometry":{"type":"Polygon","coordinates":[[[3.36701,6.53668],[3.36544,6.53759],[3.36387,6.53668],[3.36387,6.53487],[3.36544,6.53397],[3.36701,6.53487],[3.36701,6.53668]]]}},{"type":"Feature","properties":{"minutes":4.85,"people":1467,"clinic_min":4.56,"school_min":5.14,"k_clinic":5,"k_school":5,"within_15":1,"off_street":0,"ward":"Onipanu","lga":"Shomolu","place":"Shomolu","place_m":15},"geometry":{"type":"Polygon","coordinates":[[[3.37014,6.53668],[3.36857,6.53758],[3.36701,6.53668],[3.36701,6.53487],[3.36857,6.53396],[3.37014,6.53487],[3.37014,6.53668]]]}},{"type":"Feature","properties":{"minutes":2.77,"people":2448,"clinic_min":2.28,"school_min":3.26,"k_clinic":5,"k_school":5,"within_15":1,"off_street":0,"ward":"Onipanu","lga":"Shomolu","place":"Shomolu","place_m":357},"geometry":{"type":"Polygon","coordinates":[[[3.37327,6.53667],[3.37171,6.53758],[3.37014,6.53668],[3.37014,6.53487],[3.37171,6.53396],[3.37327,6.53487],[3.37327,6.53667]]]}},{"type":"Feature","properties":{"minutes":3.17,"people":2996,"clinic_min":4.91,"school_min":1.43,"k_clinic":5,"k_school":5,"within_15":1,"off_street":0,"ward":"Orile Somolu\u2013Alade","lga":"Shomolu","place":"Kogi","place_m":220},"geometry":{"type":"Polygon","coordinates":[[[3.37641,6.53667],[3.37484,6.53758],[3.37327,6.53667],[3.37327,6.53487],[3.37484,6.53396],[3.37641,6.53486],[3.37641,6.53667]]]}},{"type":"Feature","properties":{"minutes":4.31,"people":2459,"clinic_min":4.82,"school_min":3.81,"k_clinic":5,"k_school":5,"within_15":1,"off_street":0,"ward":"Ibuowo\u2013Owotutu","lga":"Shomolu","place":"Kogi","place_m":128},"geometry":{"type":"Polygon","coordinates":[[[3.37954,6.53667],[3.37797,6.53758],[3.37641,6.53667],[3.37641,6.53486],[3.37797,6.53396],[3.37954,6.53486],[3.37954,6.53667]]]}},{"type":"Feature","properties":{"minutes":4.77,"people":2511,"clinic_min":5.18,"school_min":4.35,"k_clinic":5,"k_school":5,"within_15":1,"off_street":0,"ward":"Owode\u2013Orile Bariga","lga":"Shomolu","place":"Akani","place_m":223},"geometry":{"type":"Polygon","coordinates":[[[3.38267,6.53667],[3.38111,6.53757],[3.37954,6.53667],[3.37954,6.53486],[3.38111,6.53396],[3.38267,6.53486],[3.38267,6.53667]]]}},{"type":"Feature","properties":{"minutes":4.66,"people":2208,"clinic_min":4.68,"school_min":4.64,"k_clinic":5,"k_school":5,"within_15":1,"off_street":0,"ward":"Owode\u2013Orile Bariga","lga":"Shomolu","place":"Owode Orile Bariga","place_m":169},"geometry":{"type":"Polygon","coordinates":[[[3.38581,6.53667],[3.38424,6.53757],[3.38267,6.53667],[3.38267,6.53486],[3.38424,6.53395],[3.38581,6.53486],[3.38581,6.53667]]]}},{"type":"Feature","properties":{"minutes":3.92,"people":2516,"clinic_min":4.3,"school_min":3.54,"k_clinic":5,"k_school":5,"within_15":1,"off_street":0,"ward":"Aiyetoro\u2013Mafowoku","lga":"Shomolu","place":"Owode Orile Bariga","place_m":278},"geometry":{"type":"Polygon","coordinates":[[[3.38894,6.53666],[3.38737,6.53757],[3.38581,6.53667],[3.38581,6.53486],[3.38737,6.53395],[3.38894,6.53485],[3.38894,6.53666]]]}},{"type":"Feature","properties":{"minutes":1.95,"people":1816,"clinic_min":2.69,"school_min":1.2,"k_clinic":5,"k_school":5,"within_15":1,"off_street":0,"ward":"Apelehin","lga":"Shomolu","place":"Olusoji","place_m":382},"geometry":{"type":"Polygon","coordinates":[[[3.39207,6.53666],[3.39051,6.53757],[3.38894,6.53666],[3.38894,6.53485],[3.39051,6.53395],[3.39207,6.53485],[3.39207,6.53666]]]}},{"type":"Feature","properties":{"minutes":3.64,"people":3351,"clinic_min":4.33,"school_min":2.96,"k_clinic":5,"k_school":5,"within_15":1,"off_street":0,"ward":"Ilaje","lga":"Shomolu","place":"Odunsi","place_m":57},"geometry":{"type":"Polygon","coordinates":[[[3.39521,6.53666],[3.39364,6.53756],[3.39207,6.53666],[3.39207,6.53485],[3.39364,6.53395],[3.39521,6.53485],[3.39521,6.53666]]]}},{"type":"Feature","properties":{"minutes":6.6,"people":3480,"clinic_min":7.02,"school_min":6.18,"k_clinic":5,"k_school":5,"within_15":1,"off_street":0,"ward":"Ilaje","lga":"Shomolu","place":"Odunsi","place_m":317},"geometry":{"type":"Polygon","coordinates":[[[3.39834,6.53666],[3.39677,6.53756],[3.39521,6.53666],[3.39521,6.53485],[3.39677,6.53394],[3.39834,6.53485],[3.39834,6.53666]]]}},{"type":"Feature","properties":{"minutes":7.53,"people":1940,"clinic_min":8.27,"school_min":6.8,"k_clinic":5,"k_school":5,"within_15":1,"off_street":0,"ward":"Ilaje","lga":"Shomolu","place":"Odunsi","place_m":662},"geometry":{"type":"Polygon","coordinates":[[[3.40147,6.53665],[3.39991,6.53756],[3.39834,6.53666],[3.39834,6.53485],[3.3999,6.53394],[3.40147,6.53484],[3.40147,6.53665]]]}},{"type":"Feature","properties":{"minutes":5.66,"people":534,"clinic_min":4.63,"school_min":6.69,"k_clinic":5,"k_school":5,"within_15":1,"off_street":0,"ward":"Papa Ajao","lga":"Mushin","place":"Aswani","place_m":666},"geometry":{"type":"Polygon","coordinates":[[[3.34038,6.53941],[3.33881,6.54032],[3.33724,6.53941],[3.33724,6.5376],[3.33881,6.5367],[3.34038,6.5376],[3.34038,6.53941]]]}},{"type":"Feature","properties":{"minutes":4.91,"people":1836,"clinic_min":4.56,"school_min":5.27,"k_clinic":5,"k_school":5,"within_15":1,"off_street":0,"ward":"Papa Ajao","lga":"Mushin","place":"Odo Aladura","place_m":667},"geometry":{"type":"Polygon","coordinates":[[[3.34351,6.53941],[3.34194,6.54032],[3.34038,6.53941],[3.34038,6.5376],[3.34194,6.5367],[3.34351,6.5376],[3.34351,6.53941]]]}},{"type":"Feature","properties":{"minutes":4.14,"people":1564,"clinic_min":5.35,"school_min":2.93,"k_clinic":5,"k_school":5,"within_15":1,"off_street":0,"ward":"Papa Ajao","lga":"Mushin","place":"Olorunshogo Mushin","place_m":488},"geometry":{"type":"Polygon","coordinates":[[[3.34664,6.53941],[3.34508,6.54031],[3.34351,6.53941],[3.34351,6.5376],[3.34507,6.53669],[3.34664,6.5376],[3.34664,6.53941]]]}},{"type":"Feature","properties":{"minutes":7.07,"people":1011,"clinic_min":8.91,"school_min":5.22,"k_clinic":5,"k_school":5,"within_15":1,"off_street":0,"ward":"Mushin\u2013Atewolara","lga":"Mushin","place":"Olorunshogo Mushin","place_m":184},"geometry":{"type":"Polygon","coordinates":[[[3.34978,6.53941],[3.34821,6.54031],[3.34664,6.53941],[3.34664,6.5376],[3.34821,6.53669],[3.34978,6.5376],[3.34978,6.53941]]]}},{"type":"Feature","properties":{"minutes":4.66,"people":1360,"clinic_min":5.19,"school_min":4.14,"k_clinic":5,"k_school":5,"within_15":1,"off_street":0,"ward":"Mushin\u2013Atewolara","lga":"Mushin","place":"Olorunshogo Mushin","place_m":263},"geometry":{"type":"Polygon","coordinates":[[[3.35291,6.5394],[3.35134,6.54031],[3.34978,6.53941],[3.34978,6.5376],[3.35134,6.53669],[3.35291,6.53759],[3.35291,6.5394]]]}},{"type":"Feature","properties":{"minutes":3.93,"people":1513,"clinic_min":4.35,"school_min":3.51,"k_clinic":5,"k_school":5,"within_15":1,"off_street":0,"ward":"Mushin\u2013Atewolara","lga":"Mushin","place":"Kumuyi Street","place_m":574},"geometry":{"type":"Polygon","coordinates":[[[3.35604,6.5394],[3.35448,6.54031],[3.35291,6.5394],[3.35291,6.53759],[3.35447,6.53669],[3.35604,6.53759],[3.35604,6.5394]]]}},{"type":"Feature","properties":{"minutes":6.27,"people":1315,"clinic_min":6.62,"school_min":5.92,"k_clinic":5,"k_school":5,"within_15":1,"off_street":0,"ward":"Olateju","lga":"Mushin","place":"Jidanu","place_m":465},"geometry":{"type":"Polygon","coordinates":[[[3.35918,6.5394],[3.35761,6.5403],[3.35604,6.5394],[3.35604,6.53759],[3.35761,6.53669],[3.35918,6.53759],[3.35918,6.5394]]]}},{"type":"Feature","properties":{"minutes":3.87,"people":2505,"clinic_min":4.72,"school_min":3.02,"k_clinic":5,"k_school":5,"within_15":1,"off_street":0,"ward":"Ilupeju","lga":"Mushin","place":"Owodunni","place_m":364},"geometry":{"type":"Polygon","coordinates":[[[3.36231,6.5394],[3.36074,6.5403],[3.35918,6.5394],[3.35918,6.53759],[3.36074,6.53668],[3.36231,6.53759],[3.36231,6.5394]]]}},{"type":"Feature","properties":{"minutes":2.06,"people":1653,"clinic_min":2.65,"school_min":1.46,"k_clinic":5,"k_school":5,"within_15":1,"off_street":0,"ward":"Owodunni","lga":"Mushin","place":"Owodunni","place_m":187},"geometry":{"type":"Polygon","coordinates":[[[3.36544,6.53939],[3.36388,6.5403],[3.36231,6.5394],[3.36231,6.53759],[3.36387,6.53668],[3.36544,6.53759],[3.36544,6.53939]]]}},{"type":"Feature","properties":{"minutes":4.01,"people":1455,"clinic_min":4.43,"school_min":3.59,"k_clinic":5,"k_school":5,"within_15":1,"off_street":0,"ward":"Owodunni","lga":"Mushin","place":"Shomolu","place_m":332},"geometry":{"type":"Polygon","coordinates":[[[3.36858,6.53939],[3.36701,6.5403],[3.36544,6.53939],[3.36544,6.53759],[3.36701,6.53668],[3.36857,6.53758],[3.36858,6.53939]]]}},{"type":"Feature","properties":{"minutes":3.66,"people":2342,"clinic_min":3.85,"school_min":3.47,"k_clinic":5,"k_school":5,"within_15":1,"off_street":0,"ward":"Ijebu Tedo","lga":"Shomolu","place":"Shomolu","place_m":342},"geometry":{"type":"Polygon","coordinates":[[[3.37171,6.53939],[3.37014,6.5403],[3.36858,6.53939],[3.36857,6.53758],[3.37014,6.53668],[3.37171,6.53758],[3.37171,6.53939]]]}},{"type":"Feature","properties":{"minutes":3.78,"people":2582,"clinic_min":3.93,"school_min":3.62,"k_clinic":5,"k_school":5,"within_15":1,"off_street":0,"ward":"Pedro\u2013Gbagada","lga":"Shomolu","place":"Pedro","place_m":464},"geometry":{"type":"Polygon","coordinates":[[[3.37484,6.53939],[3.37328,6.54029],[3.37171,6.53939],[3.37171,6.53758],[3.37327,6.53667],[3.37484,6.53758],[3.37484,6.53939]]]}},{"type":"Feature","properties":{"minutes":5.7,"people":2000,"clinic_min":6.19,"school_min":5.2,"k_clinic":5,"k_school":5,"within_15":1,"off_street":0,"ward":"Orile Somolu\u2013Alade","lga":"Shomolu","place":"Kogi","place_m":320},"geometry":{"type":"Polygon","coordinates":[[[3.37798,6.53939],[3.37641,6.54029],[3.37484,6.53939],[3.37484,6.53758],[3.37641,6.53667],[3.37797,6.53758],[3.37798,6.53939]]]}},{"type":"Feature","properties":{"minutes":3.18,"people":2036,"clinic_min":3.06,"school_min":3.3,"k_clinic":5,"k_school":5,"within_15":1,"off_street":0,"ward":"Ibuowo\u2013Owotutu","lga":"Shomolu","place":"Akani","place_m":242},"geometry":{"type":"Polygon","coordinates":[[[3.38111,6.53938],[3.37954,6.54029],[3.37798,6.53939],[3.37797,6.53758],[3.37954,6.53667],[3.38111,6.53757],[3.38111,6.53938]]]}},{"type":"Feature","properties":{"minutes":2.62,"people":2524,"clinic_min":3.66,"school_min":1.59,"k_clinic":5,"k_school":5,"within_15":1,"off_street":0,"ward":"Owode\u2013Orile Bariga","lga":"Shomolu","place":"Akani","place_m":455},"geometry":{"type":"Polygon","coordinates":[[[3.38424,6.53938],[3.38268,6.54029],[3.38111,6.53938],[3.38111,6.53757],[3.38267,6.53667],[3.38424,6.53757],[3.38424,6.53938]]]}},{"type":"Feature","properties":{"minutes":3.98,"people":2714,"clinic_min":4.97,"school_min":2.99,"k_clinic":5,"k_school":5,"within_15":1,"off_street":0,"ward":"Aiyetoro\u2013Mafowoku","lga":"Shomolu","place":"Bariga","place_m":244},"geometry":{"type":"Polygon","coordinates":[[[3.38738,6.53938],[3.38581,6.54028],[3.38424,6.53938],[3.38424,6.53757],[3.38581,6.53667],[3.38737,6.53757],[3.38738,6.53938]]]}},{"type":"Feature","properties":{"minutes":3.8,"people":2834,"clinic_min":4.56,"school_min":3.05,"k_clinic":5,"k_school":5,"within_15":1,"off_street":0,"ward":"Aiyetoro\u2013Mafowoku","lga":"Shomolu","place":"Bariga","place_m":118},"geometry":{"type":"Polygon","coordinates":[[[3.39051,6.53938],[3.38894,6.54028],[3.38738,6.53938],[3.38737,6.53757],[3.38894,6.53666],[3.39051,6.53757],[3.39051,6.53938]]]}},{"type":"Feature","properties":{"minutes":3.89,"people":2349,"clinic_min":4.37,"school_min":3.42,"k_clinic":5,"k_school":5,"within_15":1,"off_street":0,"ward":"Apelehin","lga":"Shomolu","place":"Olusoji","place_m":229},"geometry":{"type":"Polygon","coordinates":[[[3.39364,6.53937],[3.39208,6.54028],[3.39051,6.53938],[3.39051,6.53757],[3.39207,6.53666],[3.39364,6.53756],[3.39364,6.53937]]]}},{"type":"Feature","properties":{"minutes":3.54,"people":3237,"clinic_min":3.39,"school_min":3.69,"k_clinic":5,"k_school":5,"within_15":1,"off_street":0,"ward":"Ilaje","lga":"Shomolu","place":"Odunsi","place_m":374},"geometry":{"type":"Polygon","coordinates":[[[3.39678,6.53937],[3.39521,6.54028],[3.39364,6.53937],[3.39364,6.53756],[3.39521,6.53666],[3.39677,6.53756],[3.39678,6.53937]]]}},{"type":"Feature","properties":{"minutes":4.18,"people":3567,"clinic_min":4.93,"school_min":3.43,"k_clinic":5,"k_school":5,"within_15":1,"off_street":0,"ward":"Ilaje","lga":"Shomolu","place":"Odunsi","place_m":597},"geometry":{"type":"Polygon","coordinates":[[[3.39991,6.53937],[3.39834,6.54027],[3.39678,6.53937],[3.39677,6.53756],[3.39834,6.53666],[3.39991,6.53756],[3.39991,6.53937]]]}},{"type":"Feature","properties":{"minutes":6.84,"people":853,"clinic_min":6.58,"school_min":7.09,"k_clinic":5,"k_school":5,"within_15":1,"off_street":0,"ward":"Papa Ajao","lga":"Mushin","place":"Odo Aladura","place_m":450},"geometry":{"type":"Polygon","coordinates":[[[3.34195,6.54212],[3.34038,6.54303],[3.33881,6.54213],[3.33881,6.54032],[3.34038,6.53941],[3.34194,6.54032],[3.34195,6.54212]]]}},{"type":"Feature","properties":{"minutes":5.4,"people":1302,"clinic_min":7.08,"school_min":3.71,"k_clinic":5,"k_school":5,"within_15":1,"off_street":0,"ward":"Papa Ajao","lga":"Mushin","place":"Odo Aladura","place_m":369},"geometry":{"type":"Polygon","coordinates":[[[3.34508,6.54212],[3.34351,6.54303],[3.34195,6.54212],[3.34194,6.54032],[3.34351,6.53941],[3.34508,6.54031],[3.34508,6.54212]]]}},{"type":"Feature","properties":{"minutes":9.01,"people":1041,"clinic_min":10.59,"school_min":7.43,"k_clinic":5,"k_school":5,"within_15":1,"off_street":0,"ward":"Papa Ajao","lga":"Mushin","place":"Olorunshogo Mushin","place_m":527},"geometry":{"type":"Polygon","coordinates":[[[3.34821,6.54212],[3.34665,6.54303],[3.34508,6.54212],[3.34508,6.54031],[3.34664,6.53941],[3.34821,6.54031],[3.34821,6.54212]]]}},{"type":"Feature","properties":{"minutes":12.74,"people":734,"clinic_min":14.32,"school_min":11.16,"k_clinic":5,"k_school":5,"within_15":1,"off_street":0,"ward":"Mushin\u2013Atewolara","lga":"Mushin","place":"Olorunshogo Mushin","place_m":440},"geometry":{"type":"Polygon","coordinates":[[[3.35135,6.54212],[3.34978,6.54302],[3.34821,6.54212],[3.34821,6.54031],[3.34978,6.53941],[3.35134,6.54031],[3.35135,6.54212]]]}},{"type":"Feature","properties":{"minutes":18.62,"people":813,"clinic_min":20.31,"school_min":16.93,"k_clinic":5,"k_school":5,"within_15":0,"off_street":0,"ward":"Mushin\u2013Atewolara","lga":"Mushin","place":"Olorunshogo Mushin","place_m":590},"geometry":{"type":"Polygon","coordinates":[[[3.35448,6.54212],[3.35291,6.54302],[3.35135,6.54212],[3.35134,6.54031],[3.35291,6.5394],[3.35448,6.54031],[3.35448,6.54212]]]}},{"type":"Feature","properties":{"minutes":7.28,"people":1085,"clinic_min":7.67,"school_min":6.88,"k_clinic":5,"k_school":5,"within_15":1,"off_street":0,"ward":"Mushin\u2013Atewolara","lga":"Mushin","place":"Kappa Mushin","place_m":754},"geometry":{"type":"Polygon","coordinates":[[[3.35761,6.54211],[3.35605,6.54302],[3.35448,6.54212],[3.35448,6.54031],[3.35604,6.5394],[3.35761,6.5403],[3.35761,6.54211]]]}},{"type":"Feature","properties":{"minutes":6.61,"people":2109,"clinic_min":7.78,"school_min":5.44,"k_clinic":5,"k_school":5,"within_15":1,"off_street":0,"ward":"Ilupeju","lga":"Mushin","place":"Onipanu","place_m":592},"geometry":{"type":"Polygon","coordinates":[[[3.36075,6.54211],[3.35918,6.54302],[3.35761,6.54211],[3.35761,6.5403],[3.35918,6.5394],[3.36074,6.5403],[3.36075,6.54211]]]}},{"type":"Feature","properties":{"minutes":3.46,"people":1974,"clinic_min":3.78,"school_min":3.14,"k_clinic":5,"k_school":5,"within_15":1,"off_street":0,"ward":"Ilupeju","lga":"Mushin","place":"Onipanu","place_m":489},"geometry":{"type":"Polygon","coordinates":[[[3.36388,6.54211],[3.36231,6.54302],[3.36075,6.54211],[3.36074,6.5403],[3.36231,6.5394],[3.36388,6.5403],[3.36388,6.54211]]]}},{"type":"Feature","properties":{"minutes":8.45,"people":1479,"clinic_min":8.53,"school_min":8.36,"k_clinic":5,"k_school":5,"within_15":1,"off_street":0,"ward":"Ilupeju","lga":"Mushin","place":"Palmgrove","place_m":333},"geometry":{"type":"Polygon","coordinates":[[[3.36701,6.54211],[3.36545,6.54301],[3.36388,6.54211],[3.36388,6.5403],[3.36544,6.53939],[3.36701,6.5403],[3.36701,6.54211]]]}},{"type":"Feature","properties":{"minutes":4.68,"people":1909,"clinic_min":5.15,"school_min":4.21,"k_clinic":5,"k_school":5,"within_15":1,"off_street":0,"ward":"Ijebu Tedo","lga":"Shomolu","place":"Palmgrove","place_m":64},"geometry":{"type":"Polygon","coordinates":[[[3.37014,6.5421],[3.36858,6.54301],[3.36701,6.54211],[3.36701,6.5403],[3.36858,6.53939],[3.37014,6.5403],[3.37014,6.5421]]]}},{"type":"Feature","properties":{"minutes":3.52,"people":2240,"clinic_min":4.5,"school_min":2.53,"k_clinic":5,"k_school":5,"within_15":1,"off_street":0,"ward":"Ijebu Tedo","lga":"Shomolu","place":"Palmgrove","place_m":371},"geometry":{"type":"Polygon","coordinates":[[[3.37328,6.5421],[3.37171,6.54301],[3.37014,6.5421],[3.37014,6.5403],[3.37171,6.53939],[3.37328,6.54029],[3.37328,6.5421]]]}},{"type":"Feature","properties":{"minutes":4.65,"people":1715,"clinic_min":5.11,"school_min":4.19,"k_clinic":5,"k_school":5,"within_15":1,"off_street":0,"ward":"Pedro\u2013Gbagada","lga":"Shomolu","place":"Pedro","place_m":133},"geometry":{"type":"Polygon","coordinates":[[[3.37641,6.5421],[3.37485,6.54301],[3.37328,6.5421],[3.37328,6.54029],[3.37484,6.53939],[3.37641,6.54029],[3.37641,6.5421]]]}},{"type":"Feature","properties":{"minutes":4.84,"people":1794,"clinic_min":4.99,"school_min":4.7,"k_clinic":5,"k_school":5,"within_15":1,"off_street":0,"ward":"Ibuowo\u2013Owotutu","lga":"Shomolu","place":"Ogumbo","place_m":221},"geometry":{"type":"Polygon","coordinates":[[[3.37954,6.5421],[3.37798,6.543],[3.37641,6.5421],[3.37641,6.54029],[3.37798,6.53939],[3.37954,6.54029],[3.37954,6.5421]]]}},{"type":"Feature","properties":{"minutes":2.45,"people":2357,"clinic_min":1.54,"school_min":3.36,"k_clinic":5,"k_school":5,"within_15":1,"off_street":0,"ward":"Ibuowo\u2013Owotutu","lga":"Shomolu","place":"Ogumbo","place_m":202},"geometry":{"type":"Polygon","coordinates":[[[3.38268,6.5421],[3.38111,6.543],[3.37954,6.5421],[3.37954,6.54029],[3.38111,6.53938],[3.38268,6.54029],[3.38268,6.5421]]]}},{"type":"Feature","properties":{"minutes":3.15,"people":2476,"clinic_min":3.82,"school_min":2.48,"k_clinic":5,"k_school":5,"within_15":1,"off_street":0,"ward":"Aiyetoro\u2013Mafowoku","lga":"Shomolu","place":"Ladilack","place_m":277},"geometry":{"type":"Polygon","coordinates":[[[3.38581,6.54209],[3.38425,6.543],[3.38268,6.5421],[3.38268,6.54029],[3.38424,6.53938],[3.38581,6.54028],[3.38581,6.54209]]]}},{"type":"Feature","properties":{"minutes":5.42,"people":3004,"clinic_min":6.38,"school_min":4.45,"k_clinic":5,"k_school":5,"within_15":1,"off_street":0,"ward":"Aiyetoro\u2013Mafowoku","lga":"Shomolu","place":"Ladilack","place_m":84},"geometry":{"type":"Polygon","coordinates":[[[3.38894,6.54209],[3.38738,6.543],[3.38581,6.54209],[3.38581,6.54028],[3.38738,6.53938],[3.38894,6.54028],[3.38894,6.54209]]]}},{"type":"Feature","properties":{"minutes":4.58,"people":1835,"clinic_min":6.22,"school_min":2.94,"k_clinic":5,"k_school":5,"within_15":1,"off_street":0,"ward":"Apelehin","lga":"Shomolu","place":"Buraimon","place_m":153},"geometry":{"type":"Polygon","coordinates":[[[3.39208,6.54209],[3.39051,6.54299],[3.38894,6.54209],[3.38894,6.54028],[3.39051,6.53938],[3.39208,6.54028],[3.39208,6.54209]]]}},{"type":"Feature","properties":{"minutes":4.76,"people":3036,"clinic_min":3.08,"school_min":6.43,"k_clinic":5,"k_school":5,"within_15":1,"off_street":0,"ward":"Seriki-Okuta","lga":"Shomolu","place":"Buraimon","place_m":213},"geometry":{"type":"Polygon","coordinates":[[[3.39521,6.54209],[3.39365,6.54299],[3.39208,6.54209],[3.39208,6.54028],[3.39364,6.53937],[3.39521,6.54028],[3.39521,6.54209]]]}},{"type":"Feature","properties":{"minutes":4.44,"people":3826,"clinic_min":4.31,"school_min":4.56,"k_clinic":5,"k_school":5,"within_15":1,"off_street":0,"ward":"Seriki-Okuta","lga":"Shomolu","place":"Ekore Oworo","place_m":316},"geometry":{"type":"Polygon","coordinates":[[[3.39834,6.54208],[3.39678,6.54299],[3.39521,6.54209],[3.39521,6.54028],[3.39678,6.53937],[3.39834,6.54027],[3.39834,6.54208]]]}},{"type":"Feature","properties":{"minutes":11.21,"people":917,"clinic_min":10.84,"school_min":11.58,"k_clinic":5,"k_school":5,"within_15":1,"off_street":0,"ward":"Papa Ajao","lga":"Mushin","place":"Odo Aladura","place_m":447},"geometry":{"type":"Polygon","coordinates":[[[3.34038,6.54484],[3.33881,6.54575],[3.33725,6.54484],[3.33725,6.54303],[3.33881,6.54213],[3.34038,6.54303],[3.34038,6.54484]]]}},{"type":"Feature","properties":{"minutes":6.32,"people":1062,"clinic_min":6.92,"school_min":5.71,"k_clinic":5,"k_school":5,"within_15":1,"off_street":0,"ward":"Papa Ajao","lga":"Mushin","place":"Odo Aladura","place_m":114},"geometry":{"type":"Polygon","coordinates":[[[3.34351,6.54484],[3.34195,6.54574],[3.34038,6.54484],[3.34038,6.54303],[3.34195,6.54212],[3.34351,6.54303],[3.34351,6.54484]]]}},{"type":"Feature","properties":{"minutes":14.68,"people":754,"clinic_min":19.84,"school_min":9.52,"k_clinic":5,"k_school":5,"within_15":1,"off_street":0,"ward":"Papa Ajao","lga":"Mushin","place":"Odo Aladura","place_m":257},"geometry":{"type":"Polygon","coordinates":[[[3.34665,6.54484],[3.34508,6.54574],[3.34351,6.54484],[3.34351,6.54303],[3.34508,6.54212],[3.34665,6.54303],[3.34665,6.54484]]]}},{"type":"Feature","properties":{"minutes":14.17,"people":713,"clinic_min":15.33,"school_min":13.01,"k_clinic":5,"k_school":5,"within_15":1,"off_street":0,"ward":"Papa Ajao","lga":"Mushin","place":"Odo Aladura","place_m":600},"geometry":{"type":"Polygon","coordinates":[[[3.34978,6.54483],[3.34821,6.54574],[3.34665,6.54484],[3.34665,6.54303],[3.34821,6.54212],[3.34978,6.54302],[3.34978,6.54483]]]}},{"type":"Feature","properties":{"minutes":12.21,"people":766,"clinic_min":13.01,"school_min":11.41,"k_clinic":5,"k_school":5,"within_15":1,"off_street":0,"ward":"Mushin\u2013Atewolara","lga":"Mushin","place":"Kappa Mushin","place_m":605},"geometry":{"type":"Polygon","coordinates":[[[3.35291,6.54483],[3.35135,6.54574],[3.34978,6.54483],[3.34978,6.54302],[3.35135,6.54212],[3.35291,6.54302],[3.35291,6.54483]]]}},{"type":"Feature","properties":{"minutes":16.14,"people":735,"clinic_min":17.82,"school_min":14.45,"k_clinic":5,"k_school":5,"within_15":0,"off_street":0,"ward":"Mushin\u2013Atewolara","lga":"Mushin","place":"Kappa Mushin","place_m":450},"geometry":{"type":"Polygon","coordinates":[[[3.35605,6.54483],[3.35448,6.54573],[3.35291,6.54483],[3.35291,6.54302],[3.35448,6.54212],[3.35605,6.54302],[3.35605,6.54483]]]}},{"type":"Feature","properties":{"minutes":6.92,"people":759,"clinic_min":7.29,"school_min":6.54,"k_clinic":5,"k_school":5,"within_15":1,"off_street":0,"ward":"Ilupeju","lga":"Mushin","place":"Kappa Mushin","place_m":529},"geometry":{"type":"Polygon","coordinates":[[[3.35918,6.54483],[3.35761,6.54573],[3.35605,6.54483],[3.35605,6.54302],[3.35761,6.54211],[3.35918,6.54302],[3.35918,6.54483]]]}},{"type":"Feature","properties":{"minutes":5.4,"people":1682,"clinic_min":5.35,"school_min":5.45,"k_clinic":5,"k_school":5,"within_15":1,"off_street":0,"ward":"Ilupeju","lga":"Mushin","place":"Onipanu","place_m":248},"geometry":{"type":"Polygon","coordinates":[[[3.36231,6.54482],[3.36075,6.54573],[3.35918,6.54483],[3.35918,6.54302],[3.36075,6.54211],[3.36231,6.54302],[3.36231,6.54482]]]}},{"type":"Feature","properties":{"minutes":7.8,"people":1403,"clinic_min":8.71,"school_min":6.9,"k_clinic":5,"k_school":5,"within_15":1,"off_street":0,"ward":"Ilupeju","lga":"Mushin","place":"Onipanu","place_m":264},"geometry":{"type":"Polygon","coordinates":[[[3.36545,6.54482],[3.36388,6.54573],[3.36231,6.54482],[3.36231,6.54302],[3.36388,6.54211],[3.36545,6.54301],[3.36545,6.54482]]]}},{"type":"Feature","properties":{"minutes":6.09,"people":1190,"clinic_min":6.23,"school_min":5.94,"k_clinic":5,"k_school":5,"within_15":1,"off_street":0,"ward":"Ilupeju","lga":"Mushin","place":"Palmgrove","place_m":284},"geometry":{"type":"Polygon","coordinates":[[[3.36858,6.54482],[3.36701,6.54573],[3.36545,6.54482],[3.36545,6.54301],[3.36701,6.54211],[3.36858,6.54301],[3.36858,6.54482]]]}},{"type":"Feature","properties":{"minutes":5.94,"people":2265,"clinic_min":5.77,"school_min":6.1,"k_clinic":5,"k_school":5,"within_15":1,"off_street":0,"ward":"Ijebu Tedo","lga":"Shomolu","place":"Palmgrove","place_m":307},"geometry":{"type":"Polygon","coordinates":[[[3.37171,6.54482],[3.37015,6.54572],[3.36858,6.54482],[3.36858,6.54301],[3.37014,6.5421],[3.37171,6.54301],[3.37171,6.54482]]]}},{"type":"Feature","properties":{"minutes":3.58,"people":1914,"clinic_min":3.61,"school_min":3.54,"k_clinic":5,"k_school":5,"within_15":1,"off_street":0,"ward":"Pedro\u2013Gbagada","lga":"Shomolu","place":"Pedro","place_m":375},"geometry":{"type":"Polygon","coordinates":[[[3.37485,6.54482],[3.37328,6.54572],[3.37171,6.54482],[3.37171,6.54301],[3.37328,6.5421],[3.37485,6.54301],[3.37485,6.54482]]]}},{"type":"Feature","properties":{"minutes":2.55,"people":2350,"clinic_min":2.62,"school_min":2.47,"k_clinic":5,"k_school":5,"within_15":1,"off_street":0,"ward":"Apelehin","lga":"Shomolu","place":"Pedro","place_m":244},"geometry":{"type":"Polygon","coordinates":[[[3.37798,6.54481],[3.37641,6.54572],[3.37485,6.54482],[3.37485,6.54301],[3.37641,6.5421],[3.37798,6.543],[3.37798,6.54481]]]}},{"type":"Feature","properties":{"minutes":2.97,"people":2062,"clinic_min":3.82,"school_min":2.12,"k_clinic":5,"k_school":5,"within_15":1,"off_street":0,"ward":"Ibuowo\u2013Owotutu","lga":"Shomolu","place":"Ogumbo","place_m":179},"geometry":{"type":"Polygon","coordinates":[[[3.38111,6.54481],[3.37955,6.54572],[3.37798,6.54481],[3.37798,6.543],[3.37954,6.5421],[3.38111,6.543],[3.38111,6.54481]]]}},{"type":"Feature","properties":{"minutes":5.34,"people":2616,"clinic_min":5.73,"school_min":4.95,"k_clinic":5,"k_school":5,"within_15":1,"off_street":0,"ward":"Ibuowo\u2013Owotutu","lga":"Shomolu","place":"Ogumbo","place_m":380},"geometry":{"type":"Polygon","coordinates":[[[3.38425,6.54481],[3.38268,6.54571],[3.38111,6.54481],[3.38111,6.543],[3.38268,6.5421],[3.38425,6.543],[3.38425,6.54481]]]}},{"type":"Feature","properties":{"minutes":4.77,"people":2133,"clinic_min":6.06,"school_min":3.48,"k_clinic":5,"k_school":5,"within_15":1,"off_street":0,"ward":"Aiyetoro\u2013Mafowoku","lga":"Shomolu","place":"Ladilack","place_m":276},"geometry":{"type":"Polygon","coordinates":[[[3.38738,6.54481],[3.38581,6.54571],[3.38425,6.54481],[3.38425,6.543],[3.38581,6.54209],[3.38738,6.543],[3.38738,6.54481]]]}},{"type":"Feature","properties":{"minutes":5.43,"people":1587,"clinic_min":8.31,"school_min":2.56,"k_clinic":5,"k_school":5,"within_15":1,"off_street":0,"ward":"Apelehin","lga":"Shomolu","place":"Ladilack","place_m":356},"geometry":{"type":"Polygon","coordinates":[[[3.39051,6.5448],[3.38895,6.54571],[3.38738,6.54481],[3.38738,6.543],[3.38894,6.54209],[3.39051,6.54299],[3.39051,6.5448]]]}},{"type":"Feature","properties":{"minutes":3.14,"people":1502,"clinic_min":3.84,"school_min":2.43,"k_clinic":5,"k_school":5,"within_15":1,"off_street":0,"ward":"Apelehin","lga":"Shomolu","place":"Buraimon","place_m":361},"geometry":{"type":"Polygon","coordinates":[[[3.39365,6.5448],[3.39208,6.54571],[3.39051,6.5448],[3.39051,6.54299],[3.39208,6.54209],[3.39365,6.54299],[3.39365,6.5448]]]}},{"type":"Feature","properties":{"minutes":5.14,"people":3465,"clinic_min":4.37,"school_min":5.91,"k_clinic":5,"k_school":5,"within_15":1,"off_street":0,"ward":"Seriki-Okuta","lga":"Shomolu","place":"Ekore Oworo","place_m":110},"geometry":{"type":"Polygon","coordinates":[[[3.39678,6.5448],[3.39521,6.5457],[3.39365,6.5448],[3.39365,6.54299],[3.39521,6.54209],[3.39678,6.54299],[3.39678,6.5448]]]}},{"type":"Feature","properties":{"minutes":10.01,"people":2520,"clinic_min":9.98,"school_min":10.04,"k_clinic":5,"k_school":5,"within_15":1,"off_street":0,"ward":"Seriki-Okuta","lga":"Shomolu","place":"Ekore Oworo","place_m":237},"geometry":{"type":"Polygon","coordinates":[[[3.39991,6.5448],[3.39835,6.5457],[3.39678,6.5448],[3.39678,6.54299],[3.39834,6.54208],[3.39991,6.54299],[3.39991,6.5448]]]}},{"type":"Feature","properties":{"minutes":13.12,"people":521,"clinic_min":12.98,"school_min":13.25,"k_clinic":5,"k_school":5,"within_15":1,"off_street":0,"ward":"Papa Ajao","lga":"Mushin","place":"Odo Aladura","place_m":361},"geometry":{"type":"Polygon","coordinates":[[[3.34195,6.54755],[3.34038,6.54846],[3.33882,6.54755],[3.33881,6.54575],[3.34038,6.54484],[3.34195,6.54574],[3.34195,6.54755]]]}},{"type":"Feature","properties":{"minutes":14.39,"people":590,"clinic_min":18.15,"school_min":10.63,"k_clinic":5,"k_school":5,"within_15":1,"off_street":0,"ward":"Papa Ajao","lga":"Mushin","place":"Odo Aladura","place_m":252},"geometry":{"type":"Polygon","coordinates":[[[3.34508,6.54755],[3.34352,6.54846],[3.34195,6.54755],[3.34195,6.54574],[3.34351,6.54484],[3.34508,6.54574],[3.34508,6.54755]]]}},{"type":"Feature","properties":{"minutes":12.35,"people":445,"clinic_min":17.44,"school_min":7.27,"k_clinic":5,"k_school":5,"within_15":1,"off_street":0,"ward":"Papa Ajao","lga":"Mushin","place":"Odo Aladura","place_m":486},"geometry":{"type":"Polygon","coordinates":[[[3.34822,6.54755],[3.34665,6.54845],[3.34508,6.54755],[3.34508,6.54574],[3.34665,6.54484],[3.34821,6.54574],[3.34822,6.54755]]]}},{"type":"Feature","properties":{"minutes":10.81,"people":721,"clinic_min":14.82,"school_min":6.79,"k_clinic":5,"k_school":5,"within_15":1,"off_street":0,"ward":"Papa Ajao","lga":"Mushin","place":"Kappa Mushin","place_m":601},"geometry":{"type":"Polygon","coordinates":[[[3.35135,6.54755],[3.34978,6.54845],[3.34822,6.54755],[3.34821,6.54574],[3.34978,6.54483],[3.35135,6.54574],[3.35135,6.54755]]]}},{"type":"Feature","properties":{"minutes":12.06,"people":630,"clinic_min":13.76,"school_min":10.36,"k_clinic":5,"k_school":5,"within_15":1,"off_street":0,"ward":"Papa Ajao","lga":"Mushin","place":"Kappa Mushin","place_m":278},"geometry":{"type":"Polygon","coordinates":[[[3.35448,6.54754],[3.35292,6.54845],[3.35135,6.54755],[3.35135,6.54574],[3.35291,6.54483],[3.35448,6.54573],[3.35448,6.54754]]]}},{"type":"Feature","properties":{"minutes":9.56,"people":766,"clinic_min":10.51,"school_min":8.61,"k_clinic":5,"k_school":5,"within_15":1,"off_street":0,"ward":"Ilupeju Industrial","lga":"Mushin","place":"Kappa Mushin","place_m":183},"geometry":{"type":"Polygon","coordinates":[[[3.35762,6.54754],[3.35605,6.54845],[3.35448,6.54754],[3.35448,6.54573],[3.35605,6.54483],[3.35761,6.54573],[3.35762,6.54754]]]}},{"type":"Feature","properties":{"minutes":5.92,"people":1486,"clinic_min":5.97,"school_min":5.87,"k_clinic":5,"k_school":5,"within_15":1,"off_street":0,"ward":"Ilupeju Industrial","lga":"Mushin","place":"Onipanu","place_m":353},"geometry":{"type":"Polygon","coordinates":[[[3.36075,6.54754],[3.35918,6.54844],[3.35762,6.54754],[3.35761,6.54573],[3.35918,6.54483],[3.36075,6.54573],[3.36075,6.54754]]]}},{"type":"Feature","properties":{"minutes":3.88,"people":2020,"clinic_min":4.33,"school_min":3.42,"k_clinic":5,"k_school":5,"within_15":1,"off_street":0,"ward":"Ilupeju Industrial","lga":"Mushin","place":"Onipanu","place_m":112},"geometry":{"type":"Polygon","coordinates":[[[3.36388,6.54754],[3.36232,6.54844],[3.36075,6.54754],[3.36075,6.54573],[3.36231,6.54482],[3.36388,6.54573],[3.36388,6.54754]]]}},{"type":"Feature","properties":{"minutes":5.55,"people":1389,"clinic_min":5.09,"school_min":6.0,"k_clinic":5,"k_school":5,"within_15":1,"off_street":0,"ward":"Ilupeju","lga":"Mushin","place":"Onipanu","place_m":375},"geometry":{"type":"Polygon","coordinates":[[[3.36702,6.54753],[3.36545,6.54844],[3.36388,6.54754],[3.36388,6.54573],[3.36545,6.54482],[3.36701,6.54573],[3.36702,6.54753]]]}},{"type":"Feature","properties":{"minutes":5.78,"people":999,"clinic_min":6.76,"school_min":4.8,"k_clinic":5,"k_school":5,"within_15":1,"off_street":0,"ward":"Pedro\u2013Gbagada","lga":"Shomolu","place":"Obanikoro","place_m":366},"geometry":{"type":"Polygon","coordinates":[[[3.37015,6.54753],[3.36858,6.54844],[3.36702,6.54753],[3.36701,6.54573],[3.36858,6.54482],[3.37015,6.54572],[3.37015,6.54753]]]}},{"type":"Feature","properties":{"minutes":6.75,"people":1031,"clinic_min":9.27,"school_min":4.23,"k_clinic":5,"k_school":5,"within_15":1,"off_street":0,"ward":"Pedro\u2013Gbagada","lga":"Shomolu","place":"Obanikoro","place_m":416},"geometry":{"type":"Polygon","coordinates":[[[3.37328,6.54753],[3.37172,6.54844],[3.37015,6.54753],[3.37015,6.54572],[3.37171,6.54482],[3.37328,6.54572],[3.37328,6.54753]]]}},{"type":"Feature","properties":{"minutes":2.79,"people":1921,"clinic_min":3.67,"school_min":1.92,"k_clinic":5,"k_school":5,"within_15":1,"off_street":0,"ward":"Pedro\u2013Gbagada","lga":"Shomolu","place":"Redemption Cresent","place_m":502},"geometry":{"type":"Polygon","coordinates":[[[3.37642,6.54753],[3.37485,6.54843],[3.37328,6.54753],[3.37328,6.54572],[3.37485,6.54482],[3.37641,6.54572],[3.37642,6.54753]]]}},{"type":"Feature","properties":{"minutes":3.73,"people":1201,"clinic_min":4.62,"school_min":2.84,"k_clinic":5,"k_school":5,"within_15":1,"off_street":0,"ward":"Apelehin","lga":"Shomolu","place":"Redemption Cresent","place_m":394},"geometry":{"type":"Polygon","coordinates":[[[3.37955,6.54753],[3.37798,6.54843],[3.37642,6.54753],[3.37641,6.54572],[3.37798,6.54481],[3.37955,6.54572],[3.37955,6.54753]]]}},{"type":"Feature","properties":{"minutes":5.5,"people":1203,"clinic_min":7.37,"school_min":3.62,"k_clinic":5,"k_school":5,"within_15":1,"off_street":0,"ward":"Apelehin","lga":"Shomolu","place":"Mafowoku","place_m":402},"geometry":{"type":"Polygon","coordinates":[[[3.38268,6.54752],[3.38112,6.54843],[3.37955,6.54753],[3.37955,6.54572],[3.38111,6.54481],[3.38268,6.54571],[3.38268,6.54752]]]}},{"type":"Feature","properties":{"minutes":4.48,"people":1354,"clinic_min":5.31,"school_min":3.65,"k_clinic":5,"k_school":5,"within_15":1,"off_street":0,"ward":"Apelehin","lga":"Shomolu","place":"Mafowoku","place_m":93},"geometry":{"type":"Polygon","coordinates":[[[3.38582,6.54752],[3.38425,6.54843],[3.38268,6.54752],[3.38268,6.54571],[3.38425,6.54481],[3.38581,6.54571],[3.38582,6.54752]]]}},{"type":"Feature","properties":{"minutes":3.77,"people":1887,"clinic_min":5.2,"school_min":2.33,"k_clinic":5,"k_school":5,"within_15":1,"off_street":0,"ward":"Apelehin","lga":"Shomolu","place":"Mafowoku","place_m":310},"geometry":{"type":"Polygon","coordinates":[[[3.38895,6.54752],[3.38738,6.54842],[3.38582,6.54752],[3.38581,6.54571],[3.38738,6.54481],[3.38895,6.54571],[3.38895,6.54752]]]}},{"type":"Feature","properties":{"minutes":3.77,"people":1423,"clinic_min":6.7,"school_min":0.84,"k_clinic":5,"k_school":5,"within_15":1,"off_street":0,"ward":"Apelehin","lga":"Shomolu","place":"New Garage","place_m":332},"geometry":{"type":"Polygon","coordinates":[[[3.39208,6.54752],[3.39052,6.54842],[3.38895,6.54752],[3.38895,6.54571],[3.39051,6.5448],[3.39208,6.54571],[3.39208,6.54752]]]}},{"type":"Feature","properties":{"minutes":5.42,"people":2727,"clinic_min":5.19,"school_min":5.64,"k_clinic":5,"k_school":5,"within_15":1,"off_street":0,"ward":"Apelehin","lga":"Shomolu","place":"New Garage","place_m":167},"geometry":{"type":"Polygon","coordinates":[[[3.39522,6.54751],[3.39365,6.54842],[3.39208,6.54752],[3.39208,6.54571],[3.39365,6.5448],[3.39521,6.5457],[3.39522,6.54751]]]}},{"type":"Feature","properties":{"minutes":7.17,"people":1826,"clinic_min":6.5,"school_min":7.85,"k_clinic":5,"k_school":5,"within_15":1,"off_street":0,"ward":"Seriki-Okuta","lga":"Shomolu","place":"Ekore Oworo","place_m":297},"geometry":{"type":"Polygon","coordinates":[[[3.39835,6.54751],[3.39678,6.54842],[3.39522,6.54751],[3.39521,6.5457],[3.39678,6.5448],[3.39835,6.5457],[3.39835,6.54751]]]}},{"type":"Feature","properties":{"minutes":5.34,"people":799,"clinic_min":5.28,"school_min":5.4,"k_clinic":5,"k_school":5,"within_15":1,"off_street":0,"ward":"Papa Ajao","lga":"Mushin","place":"Afariogun","place_m":618},"geometry":{"type":"Polygon","coordinates":[[[3.34038,6.55027],[3.33882,6.55117],[3.33725,6.55027],[3.33725,6.54846],[3.33882,6.54755],[3.34038,6.54846],[3.34038,6.55027]]]}},{"type":"Feature","properties":{"minutes":14.4,"people":576,"clinic_min":17.3,"school_min":11.49,"k_clinic":5,"k_school":5,"within_15":1,"off_street":0,"ward":"Papa Ajao","lga":"Mushin","place":"Afariogun","place_m":479},"geometry":{"type":"Polygon","coordinates":[[[3.34352,6.55026],[3.34195,6.55117],[3.34038,6.55027],[3.34038,6.54846],[3.34195,6.54755],[3.34352,6.54846],[3.34352,6.55026]]]}},{"type":"Feature","properties":{"minutes":13.94,"people":561,"clinic_min":17.98,"school_min":9.9,"k_clinic":5,"k_school":5,"within_15":1,"off_street":0,"ward":"Papa Ajao","lga":"Mushin","place":"Afariogun","place_m":562},"geometry":{"type":"Polygon","coordinates":[[[3.34665,6.55026],[3.34508,6.55117],[3.34352,6.55026],[3.34352,6.54846],[3.34508,6.54755],[3.34665,6.54845],[3.34665,6.55026]]]}},{"type":"Feature","properties":{"minutes":11.86,"people":553,"clinic_min":16.14,"school_min":7.58,"k_clinic":5,"k_school":5,"within_15":1,"off_street":0,"ward":"Papa Ajao","lga":"Mushin","place":"Kappa Mushin","place_m":771},"geometry":{"type":"Polygon","coordinates":[[[3.34978,6.55026],[3.34822,6.55117],[3.34665,6.55026],[3.34665,6.54845],[3.34822,6.54755],[3.34978,6.54845],[3.34978,6.55026]]]}},{"type":"Feature","properties":{"minutes":10.75,"people":485,"clinic_min":15.02,"school_min":6.49,"k_clinic":5,"k_school":5,"within_15":1,"off_street":0,"ward":"Papa Ajao","lga":"Mushin","place":"Kappa Mushin","place_m":437},"geometry":{"type":"Polygon","coordinates":[[[3.35292,6.55026],[3.35135,6.55116],[3.34978,6.55026],[3.34978,6.54845],[3.35135,6.54755],[3.35292,6.54845],[3.35292,6.55026]]]}},{"type":"Feature","properties":{"minutes":9.59,"people":513,"clinic_min":8.99,"school_min":10.19,"k_clinic":5,"k_school":5,"within_15":1,"off_street":0,"ward":"Ilupeju Industrial","lga":"Mushin","place":"Kappa Mushin","place_m":166},"geometry":{"type":"Polygon","coordinates":[[[3.35605,6.55026],[3.35448,6.55116],[3.35292,6.55026],[3.35292,6.54845],[3.35448,6.54754],[3.35605,6.54845],[3.35605,6.55026]]]}},{"type":"Feature","properties":{"minutes":5.34,"people":1373,"clinic_min":4.52,"school_min":6.17,"k_clinic":5,"k_school":5,"within_15":1,"off_street":0,"ward":"Ilupeju Industrial","lga":"Mushin","place":"Kappa Mushin","place_m":323},"geometry":{"type":"Polygon","coordinates":[[[3.35918,6.55025],[3.35762,6.55116],[3.35605,6.55026],[3.35605,6.54845],[3.35762,6.54754],[3.35918,6.54844],[3.35918,6.55025]]]}},{"type":"Feature","properties":{"minutes":3.53,"people":2119,"clinic_min":2.59,"school_min":4.48,"k_clinic":5,"k_school":5,"within_15":1,"off_street":0,"ward":"Ilupeju Industrial","lga":"Mushin","place":"Onipanu","place_m":442},"geometry":{"type":"Polygon","coordinates":[[[3.36232,6.55025],[3.36075,6.55116],[3.35918,6.55025],[3.35918,6.54844],[3.36075,6.54754],[3.36232,6.54844],[3.36232,6.55025]]]}},{"type":"Feature","properties":{"minutes":7.54,"people":1547,"clinic_min":8.22,"school_min":6.87,"k_clinic":5,"k_school":5,"within_15":1,"off_street":0,"ward":"Ilupeju Industrial","lga":"Mushin","place":"Onipanu","place_m":345},"geometry":{"type":"Polygon","coordinates":[[[3.36545,6.55025],[3.36388,6.55116],[3.36232,6.55025],[3.36232,6.54844],[3.36388,6.54754],[3.36545,6.54844],[3.36545,6.55025]]]}},{"type":"Feature","properties":{"minutes":5.42,"people":1276,"clinic_min":5.08,"school_min":5.76,"k_clinic":5,"k_school":5,"within_15":1,"off_street":0,"ward":"Pedro\u2013Gbagada","lga":"Shomolu","place":"Obanikoro","place_m":294},"geometry":{"type":"Polygon","coordinates":[[[3.36858,6.55025],[3.36702,6.55115],[3.36545,6.55025],[3.36545,6.54844],[3.36702,6.54753],[3.36858,6.54844],[3.36858,6.55025]]]}},{"type":"Feature","properties":{"minutes":3.6,"people":1961,"clinic_min":3.64,"school_min":3.56,"k_clinic":5,"k_school":5,"within_15":1,"off_street":0,"ward":"Pedro\u2013Gbagada","lga":"Shomolu","place":"Obanikoro","place_m":73},"geometry":{"type":"Polygon","coordinates":[[[3.37172,6.55024],[3.37015,6.55115],[3.36858,6.55025],[3.36858,6.54844],[3.37015,6.54753],[3.37172,6.54844],[3.37172,6.55024]]]}},{"type":"Feature","properties":{"minutes":7.54,"people":1623,"clinic_min":8.09,"school_min":7.0,"k_clinic":5,"k_school":5,"within_15":1,"off_street":0,"ward":"Pedro\u2013Gbagada","lga":"Shomolu","place":"Obanikoro","place_m":405},"geometry":{"type":"Polygon","coordinates":[[[3.37485,6.55024],[3.37328,6.55115],[3.37172,6.55024],[3.37172,6.54844],[3.37328,6.54753],[3.37485,6.54843],[3.37485,6.55024]]]}},{"type":"Feature","properties":{"minutes":6.62,"people":1416,"clinic_min":7.97,"school_min":5.27,"k_clinic":5,"k_school":5,"within_15":1,"off_street":0,"ward":"Pedro\u2013Gbagada","lga":"Shomolu","place":"Redemption Cresent","place_m":167},"geometry":{"type":"Polygon","coordinates":[[[3.37798,6.55024],[3.37642,6.55115],[3.37485,6.55024],[3.37485,6.54843],[3.37642,6.54753],[3.37798,6.54843],[3.37798,6.55024]]]}},{"type":"Feature","properties":{"minutes":5.54,"people":1008,"clinic_min":5.34,"school_min":5.75,"k_clinic":5,"k_school":5,"within_15":1,"off_street":0,"ward":"Apelehin","lga":"Shomolu","place":"New Garage","place_m":185},"geometry":{"type":"Polygon","coordinates":[[[3.39365,6.55023],[3.39209,6.55113],[3.39052,6.55023],[3.39052,6.54842],[3.39208,6.54752],[3.39365,6.54842],[3.39365,6.55023]]]}},{"type":"Feature","properties":{"minutes":6.45,"people":1826,"clinic_min":6.46,"school_min":6.43,"k_clinic":5,"k_school":5,"within_15":1,"off_street":0,"ward":"Seriki-Okuta","lga":"Shomolu","place":"New Garage","place_m":269},"geometry":{"type":"Polygon","coordinates":[[[3.39678,6.55023],[3.39522,6.55113],[3.39365,6.55023],[3.39365,6.54842],[3.39522,6.54751],[3.39678,6.54842],[3.39678,6.55023]]]}},{"type":"Feature","properties":{"minutes":12.38,"people":822,"clinic_min":14.34,"school_min":10.43,"k_clinic":5,"k_school":5,"within_15":1,"off_street":0,"ward":"Papa Ajao","lga":"Mushin","place":"Afariogun","place_m":217},"geometry":{"type":"Polygon","coordinates":[[[3.34509,6.55298],[3.34352,6.55388],[3.34195,6.55298],[3.34195,6.55117],[3.34352,6.55026],[3.34508,6.55117],[3.34509,6.55298]]]}},{"type":"Feature","properties":{"minutes":9.22,"people":590,"clinic_min":10.87,"school_min":7.57,"k_clinic":5,"k_school":5,"within_15":1,"off_street":0,"ward":"Papa Ajao","lga":"Mushin","place":"Afariogun","place_m":504},"geometry":{"type":"Polygon","coordinates":[[[3.34822,6.55298],[3.34665,6.55388],[3.34509,6.55298],[3.34508,6.55117],[3.34665,6.55026],[3.34822,6.55117],[3.34822,6.55298]]]}},{"type":"Feature","properties":{"minutes":8.61,"people":838,"clinic_min":11.62,"school_min":5.6,"k_clinic":5,"k_school":5,"within_15":1,"off_street":0,"ward":"Papa Ajao","lga":"Mushin","place":"Oshodi","place_m":549},"geometry":{"type":"Polygon","coordinates":[[[3.35135,6.55297],[3.34979,6.55388],[3.34822,6.55298],[3.34822,6.55117],[3.34978,6.55026],[3.35135,6.55116],[3.35135,6.55297]]]}},{"type":"Feature","properties":{"minutes":11.25,"people":503,"clinic_min":14.28,"school_min":8.22,"k_clinic":5,"k_school":5,"within_15":1,"off_street":0,"ward":"Papa Ajao","lga":"Mushin","place":"Illupeju","place_m":326},"geometry":{"type":"Polygon","coordinates":[[[3.35449,6.55297],[3.35292,6.55388],[3.35135,6.55297],[3.35135,6.55116],[3.35292,6.55026],[3.35448,6.55116],[3.35449,6.55297]]]}},{"type":"Feature","properties":{"minutes":7.48,"people":520,"clinic_min":6.94,"school_min":8.02,"k_clinic":5,"k_school":5,"within_15":1,"off_street":0,"ward":"Ilupeju Industrial","lga":"Mushin","place":"Illupeju","place_m":346},"geometry":{"type":"Polygon","coordinates":[[[3.35762,6.55297],[3.35605,6.55387],[3.35449,6.55297],[3.35448,6.55116],[3.35605,6.55026],[3.35762,6.55116],[3.35762,6.55297]]]}},{"type":"Feature","properties":{"minutes":4.93,"people":1545,"clinic_min":4.39,"school_min":5.47,"k_clinic":5,"k_school":5,"within_15":1,"off_street":0,"ward":"Ilupeju Industrial","lga":"Mushin","place":"Onipanu","place_m":542},"geometry":{"type":"Polygon","coordinates":[[[3.36075,6.55297],[3.35919,6.55387],[3.35762,6.55297],[3.35762,6.55116],[3.35918,6.55025],[3.36075,6.55116],[3.36075,6.55297]]]}},{"type":"Feature","properties":{"minutes":4.81,"people":1986,"clinic_min":4.65,"school_min":4.97,"k_clinic":5,"k_school":5,"within_15":1,"off_street":0,"ward":"Ilupeju Industrial","lga":"Mushin","place":"Onipanu","place_m":199},"geometry":{"type":"Polygon","coordinates":[[[3.36389,6.55296],[3.36232,6.55387],[3.36075,6.55297],[3.36075,6.55116],[3.36232,6.55025],[3.36388,6.55116],[3.36389,6.55296]]]}},{"type":"Feature","properties":{"minutes":10.77,"people":1473,"clinic_min":10.97,"school_min":10.57,"k_clinic":5,"k_school":5,"within_15":1,"off_street":0,"ward":"Ilupeju Industrial","lga":"Mushin","place":"Onipanu","place_m":158},"geometry":{"type":"Polygon","coordinates":[[[3.36702,6.55296],[3.36545,6.55387],[3.36389,6.55296],[3.36388,6.55116],[3.36545,6.55025],[3.36702,6.55115],[3.36702,6.55296]]]}},{"type":"Feature","properties":{"minutes":8.44,"people":1379,"clinic_min":7.96,"school_min":8.93,"k_clinic":5,"k_school":5,"within_15":1,"off_street":0,"ward":"Pedro\u2013Gbagada","lga":"Shomolu","place":"Obanikoro","place_m":279},"geometry":{"type":"Polygon","coordinates":[[[3.37015,6.55296],[3.36859,6.55387],[3.36702,6.55296],[3.36702,6.55115],[3.36858,6.55025],[3.37015,6.55115],[3.37015,6.55296]]]}},{"type":"Feature","properties":{"minutes":10.51,"people":585,"clinic_min":10.12,"school_min":10.91,"k_clinic":5,"k_school":5,"within_15":1,"off_street":0,"ward":"Pedro\u2013Gbagada","lga":"Shomolu","place":"Obanikoro","place_m":341},"geometry":{"type":"Polygon","coordinates":[[[3.37329,6.55296],[3.37172,6.55386],[3.37015,6.55296],[3.37015,6.55115],[3.37172,6.55024],[3.37328,6.55115],[3.37329,6.55296]]]}},{"type":"Feature","properties":{"minutes":9.69,"people":579,"clinic_min":10.53,"school_min":8.85,"k_clinic":5,"k_school":5,"within_15":1,"off_street":0,"ward":"Pedro\u2013Gbagada","lga":"Shomolu","place":"Millennium Estate","place_m":345},"geometry":{"type":"Polygon","coordinates":[[[3.37642,6.55296],[3.37485,6.55386],[3.37329,6.55296],[3.37328,6.55115],[3.37485,6.55024],[3.37642,6.55115],[3.37642,6.55296]]]}},{"type":"Feature","properties":{"minutes":6.74,"people":167,"clinic_min":7.69,"school_min":5.79,"k_clinic":5,"k_school":5,"within_15":1,"off_street":0,"ward":"Papa Ajao","lga":"Mushin","place":"Oshodi","place_m":326},"geometry":{"type":"Polygon","coordinates":[[[3.35292,6.55569],[3.35136,6.55659],[3.34979,6.55569],[3.34979,6.55388],[3.35135,6.55297],[3.35292,6.55388],[3.35292,6.55569]]]}},{"type":"Feature","properties":{"minutes":6.08,"people":566,"clinic_min":6.85,"school_min":5.32,"k_clinic":5,"k_school":5,"within_15":1,"off_street":0,"ward":"Ilupeju Industrial","lga":"Mushin","place":"Illupeju","place_m":23},"geometry":{"type":"Polygon","coordinates":[[[3.35605,6.55568],[3.35449,6.55659],[3.35292,6.55569],[3.35292,6.55388],[3.35449,6.55297],[3.35605,6.55387],[3.35605,6.55568]]]}},{"type":"Feature","properties":{"minutes":9.38,"people":509,"clinic_min":9.05,"school_min":9.7,"k_clinic":5,"k_school":5,"within_15":1,"off_street":0,"ward":"Ilupeju Industrial","lga":"Mushin","place":"Town Planning Way","place_m":210},"geometry":{"type":"Polygon","coordinates":[[[3.35919,6.55568],[3.35762,6.55659],[3.35605,6.55568],[3.35605,6.55387],[3.35762,6.55297],[3.35919,6.55387],[3.35919,6.55568]]]}},{"type":"Feature","properties":{"minutes":6.87,"people":1687,"clinic_min":5.99,"school_min":7.74,"k_clinic":5,"k_school":5,"within_15":1,"off_street":0,"ward":"Ilupeju Industrial","lga":"Mushin","place":"Town Planning Way","place_m":427},"geometry":{"type":"Polygon","coordinates":[[[3.36232,6.55568],[3.36076,6.55659],[3.35919,6.55568],[3.35919,6.55387],[3.36075,6.55297],[3.36232,6.55387],[3.36232,6.55568]]]}},{"type":"Feature","properties":{"minutes":9.1,"people":1702,"clinic_min":8.36,"school_min":9.84,"k_clinic":5,"k_school":5,"within_15":1,"off_street":0,"ward":"Ilupeju Industrial","lga":"Mushin","place":"Onipanu","place_m":257},"geometry":{"type":"Polygon","coordinates":[[[3.36545,6.55568],[3.36389,6.55658],[3.36232,6.55568],[3.36232,6.55387],[3.36389,6.55296],[3.36545,6.55387],[3.36545,6.55568]]]}},{"type":"Feature","properties":{"minutes":8.44,"people":1408,"clinic_min":7.69,"school_min":9.19,"k_clinic":5,"k_school":5,"within_15":1,"off_street":0,"ward":"Pedro\u2013Gbagada","lga":"Shomolu","place":"Onipanu","place_m":414},"geometry":{"type":"Polygon","coordinates":[[[3.36859,6.55567],[3.36702,6.55658],[3.36545,6.55568],[3.36545,6.55387],[3.36702,6.55296],[3.36859,6.55387],[3.36859,6.55567]]]}},{"type":"Feature","properties":{"minutes":8.07,"people":1117,"clinic_min":8.13,"school_min":8.01,"k_clinic":5,"k_school":5,"within_15":1,"off_street":0,"ward":"Pedro\u2013Gbagada","lga":"Shomolu","place":"Anthony Village","place_m":498},"geometry":{"type":"Polygon","coordinates":[[[3.37172,6.55567],[3.37016,6.55658],[3.36859,6.55567],[3.36859,6.55387],[3.37015,6.55296],[3.37172,6.55386],[3.37172,6.55567]]]}},{"type":"Feature","properties":{"minutes":11.17,"people":691,"clinic_min":13.46,"school_min":8.87,"k_clinic":5,"k_school":5,"within_15":1,"off_street":0,"ward":"Ilupeju Industrial","lga":"Mushin","place":"Town Planning Way","place_m":173},"geometry":{"type":"Polygon","coordinates":[[[3.35762,6.5584],[3.35606,6.5593],[3.35449,6.5584],[3.35449,6.55659],[3.35605,6.55568],[3.35762,6.55659],[3.35762,6.5584]]]}},{"type":"Feature","properties":{"minutes":6.04,"people":744,"clinic_min":5.26,"school_min":6.83,"k_clinic":5,"k_school":5,"within_15":1,"off_street":0,"ward":"Ilupeju Industrial","lga":"Mushin","place":"Town Planning Way","place_m":220},"geometry":{"type":"Polygon","coordinates":[[[3.36076,6.55839],[3.35919,6.5593],[3.35762,6.5584],[3.35762,6.55659],[3.35919,6.55568],[3.36076,6.55659],[3.36076,6.55839]]]}},{"type":"Feature","properties":{"minutes":6.09,"people":1377,"clinic_min":4.12,"school_min":8.05,"k_clinic":5,"k_school":5,"within_15":1,"off_street":0,"ward":"Ilupeju Industrial","lga":"Mushin","place":"Town Planning Way","place_m":554},"geometry":{"type":"Polygon","coordinates":[[[3.36389,6.55839],[3.36232,6.5593],[3.36076,6.55839],[3.36076,6.55659],[3.36232,6.55568],[3.36389,6.55658],[3.36389,6.55839]]]}},{"type":"Feature","properties":{"minutes":7.89,"people":663,"clinic_min":5.92,"school_min":9.86,"k_clinic":5,"k_school":5,"within_15":1,"off_street":0,"ward":"Ilupeju Industrial","lga":"Mushin","place":"Anthony Village","place_m":454},"geometry":{"type":"Polygon","coordinates":[[[3.36702,6.55839],[3.36546,6.5593],[3.36389,6.55839],[3.36389,6.55658],[3.36545,6.55568],[3.36702,6.55658],[3.36702,6.55839]]]}},{"type":"Feature","properties":{"minutes":10.22,"people":1253,"clinic_min":9.74,"school_min":10.7,"k_clinic":5,"k_school":5,"within_15":1,"off_street":0,"ward":"Pedro\u2013Gbagada","lga":"Shomolu","place":"Anthony Village","place_m":199},"geometry":{"type":"Polygon","coordinates":[[[3.37016,6.55839],[3.36859,6.55929],[3.36702,6.55839],[3.36702,6.55658],[3.36859,6.55567],[3.37016,6.55658],[3.37016,6.55839]]]}}]}