{"type":"FeatureCollection","features":[{"type":"Feature","properties":{"name":"Wisma Field Primary and Secondary School","kind":"school","ownership":"Private","level":"Formal","kind_detail":"Mixed","lga":"Lagos Mainland","ward":"Aloba / Desalu"},"geometry":{"type":"Point","coordinates":[3.37296,6.485]}},{"type":"Feature","properties":{"name":"Oduduwa Senior Secondary School","kind":"school","ownership":"Public","level":"Formal","kind_detail":"Secondary","lga":"Mushin","ward":"Papa Ajao"},"geometry":{"type":"Point","coordinates":[3.34386,6.54182]}},{"type":"Feature","properties":{"name":"Ogunlade Primary And Secondary School","kind":"school","ownership":"Private","level":"Formal","kind_detail":"Mixed","lga":"Mushin","ward":"Idi-Araba"},"geometry":{"type":"Point","coordinates":[3.36048,6.51755]}},{"type":"Feature","properties":{"name":"New State Creche Nursery Primary And Secondary Mushin","kind":"school","ownership":"Private","level":"Formal","kind_detail":"Mixed","lga":"Mushin","ward":"Mushin / Atewolara"},"geometry":{"type":"Point","coordinates":[3.34938,6.53654]}},{"type":"Feature","properties":{"name":"Piousway Primary And Secondary School","kind":"school","ownership":"Private","level":"Formal","kind_detail":"Mixed","lga":"Surulere","ward":"Coker"},"geometry":{"type":"Point","coordinates":[3.33011,6.47593]}},{"type":"Feature","properties":{"name":"Hill Top Brain Secondary School","kind":"school","ownership":"Private","level":"Formal","kind_detail":"Secondary","lga":"Surulere","ward":"Coker"},"geometry":{"type":"Point","coordinates":[3.32913,6.47636]}},{"type":"Feature","properties":{"name":"Edidot Primary School","kind":"school","ownership":"Private","level":"Formal","kind_detail":"Primary","lga":"Eti Osa","ward":"Badore / Langbasa"},"geometry":{"type":"Point","coordinates":[3.59915,6.50166]}},{"type":"Feature","properties":{"name":"Ikota Primary School","kind":"school","ownership":"Public Private","level":"Formal","kind_detail":"Primary","lga":"Eti Osa","ward":"Ajiran / Osapa"},"geometry":{"type":"Point","coordinates":[3.54918,6.44978]}},{"type":"Feature","properties":{"name":"Bright Future Nursery And Primary School","kind":"school","ownership":"Private","level":"Formal","kind_detail":"Primary","lga":"Lagos Mainland","ward":"Makoko"},"geometry":{"type":"Point","coordinates":[3.38936,6.49751]}},{"type":"Feature","properties":{"name":"Divine Gift Nursery And Primary School","kind":"school","ownership":"Private","level":"Formal","kind_detail":"Primary","lga":"Lagos Mainland","ward":"Abule Oja"},"geometry":{"type":"Point","coordinates":[3.38209,6.51962]}},{"type":"Feature","properties":{"name":"El Precious Stones Nursery And Primary School","kind":"school","ownership":"Faith Based","level":"Formal","kind_detail":"Primary","lga":"Lagos Mainland","ward":"Abule Oja"},"geometry":{"type":"Point","coordinates":[3.38276,6.52051]}},{"type":"Feature","properties":{"name":"Prime Day Nursery And Primary School","kind":"school","ownership":"Private","level":"Formal","kind_detail":"Primary","lga":"Lagos Mainland","ward":"Okobaba"},"geometry":{"type":"Point","coordinates":[3.38877,6.48627]}},{"type":"Feature","properties":{"name":"University Of Lagos Women Society Creche Nursery And Primary School","kind":"school","ownership":"Private","level":"Formal","kind_detail":"Primary","lga":"Lagos Mainland","ward":"Abule Oja"},"geometry":{"type":"Point","coordinates":[3.39748,6.51522]}},{"type":"Feature","properties":{"name":"Kidland Nursery And Primary School","kind":"school","ownership":"Public","level":"Formal","kind_detail":"Primary","lga":"Eti Osa","ward":"Tarkwa Bay"},"geometry":{"type":"Point","coordinates":[3.39283,6.40333]}},{"type":"Feature","properties":{"name":"Liberty Bells Nursery And Primary School","kind":"school","ownership":"Private","level":"Formal","kind_detail":"Primary","lga":"Eti Osa","ward":"Badore / Langbasa"},"geometry":{"type":"Point","coordinates":[3.60572,6.50767]}},{"type":"Feature","properties":{"name":"Mobolaji Bank Anthony Primary School","kind":"school","ownership":"Public","level":"Formal","kind_detail":"Primary","lga":"Lagos Mainland","ward":"Onike / Oyadiran"},"geometry":{"type":"Point","coordinates":[3.3788,6.50772]}},{"type":"Feature","properties":{"name":"Aunty Ayo International Primary Secondary School","kind":"school","ownership":"Public","level":"Formal","kind_detail":"Mixed","lga":"Eti Osa","ward":"Obalende"},"geometry":{"type":"Point","coordinates":[3.41274,6.44447]}},{"type":"Feature","properties":{"name":"Hope Kiddy Primary School","kind":"school","ownership":"Private","level":"Formal","kind_detail":"Primary","lga":"Lagos Mainland","ward":"Abule Oja"},"geometry":{"type":"Point","coordinates":[3.38192,6.52086]}},{"type":"Feature","properties":{"name":"Nancy Nursery and Primary School","kind":"school","ownership":"Private","level":"Formal","kind_detail":"Primary","lga":"Apapa","ward":"Badia"},"geometry":{"type":"Point","coordinates":[3.36018,6.46793]}},{"type":"Feature","properties":{"name":"Yusau Popoola Olashile Sodeinde Primary School","kind":"school","ownership":"Private","level":"Formal","kind_detail":"Primary","lga":"Shomolu","ward":"Owode  / Orile Bariga"},"geometry":{"type":"Point","coordinates":[3.38301,6.5381]}},{"type":"Feature","properties":{"name":"Jenrise Oluwa Primary and Secondary School","kind":"school","ownership":"Private","level":"Formal","kind_detail":"Mixed","lga":"Apapa","ward":"Abete"},"geometry":{"type":"Point","coordinates":[3.35856,6.46523]}},{"type":"Feature","properties":{"name":"Testimony Nursery Primary and College","kind":"school","ownership":"Private","level":"Formal","kind_detail":"Mixed","lga":"Lagos Mainland","ward":"Botanical Garden"},"geometry":{"type":"Point","coordinates":[3.37972,6.47937]}},{"type":"Feature","properties":{"name":"Iranwo Edumare Primary School Now Westerville Primary School","kind":"school","ownership":"Private","level":"Formal","kind_detail":"Primary","lga":"Shomolu","ward":"Apelehin"},"geometry":{"type":"Point","coordinates":[3.37675,6.54478]}},{"type":"Feature","properties":{"name":"Glittering Stars Primary and Secondary School","kind":"school","ownership":"Private","level":"Formal","kind_detail":"Mixed","lga":"Lagos Mainland","ward":"Aloba / Desalu"},"geometry":{"type":"Point","coordinates":[3.36803,6.48507]}},{"type":"Feature","properties":{"name":"Tom Caleb Nursery and Primary School","kind":"school","ownership":"Private","level":"Formal","kind_detail":"Primary","lga":"Mushin","ward":"Ilupeju"},"geometry":{"type":"Point","coordinates":[3.35863,6.54107]}},{"type":"Feature","properties":{"name":"Champions Foundation Nursery And Primary School","kind":"school","ownership":"Private","level":"Formal","kind_detail":"Primary","lga":"Lagos Mainland","ward":"Okobaba"},"geometry":{"type":"Point","coordinates":[3.38576,6.48994]}},{"type":"Feature","properties":{"name":"Amazing Elect Redeemer Nursery And Primary School","kind":"school","ownership":"Private","level":"Formal","kind_detail":"Primary","lga":"Eti Osa","ward":"Ikate / Lekki"},"geometry":{"type":"Point","coordinates":[3.46954,6.44793]}},{"type":"Feature","properties":{"name":"Auxamo Primary School","kind":"school","ownership":"Private","level":"Formal","kind_detail":"Primary","lga":"Lagos Mainland","ward":"Onike / Oyadiran"},"geometry":{"type":"Point","coordinates":[3.38395,6.50718]}},{"type":"Feature","properties":{"name":"Oduduwa Primary School","kind":"school","ownership":"Public","level":"Formal","kind_detail":"Primary","lga":"Mushin","ward":"Papa Ajao"},"geometry":{"type":"Point","coordinates":[3.3446,6.53977]}},{"type":"Feature","properties":{"name":"Dosumu Primary School","kind":"school","ownership":"Public","level":"Formal","kind_detail":"Primary","lga":"Mushin","ward":"Onitire"},"geometry":{"type":"Point","coordinates":[3.34233,6.51443]}},{"type":"Feature","properties":{"name":"Perfect Will Primary School Langbasa","kind":"school","ownership":"Private","level":"Formal","kind_detail":"Primary","lga":"Eti Osa","ward":"Badore / Langbasa"},"geometry":{"type":"Point","coordinates":[3.58351,6.50165]}},{"type":"Feature","properties":{"name":"Mighty Gem Nursery And Primary School","kind":"school","ownership":"Private","level":"Formal","kind_detail":"Primary","lga":"Lagos Mainland","ward":"Makoko"},"geometry":{"type":"Point","coordinates":[3.38596,6.49673]}},{"type":"Feature","properties":{"name":"Ansarudeen Primary School","kind":"school","ownership":"Public","level":"Formal","kind_detail":"Primary","lga":"Lagos Island","ward":"Oke-Arin / Idumota"},"geometry":{"type":"Point","coordinates":[3.3846,6.46009]}},{"type":"Feature","properties":{"name":"Sheback Nursery And Primary School","kind":"school","ownership":"Private","level":"Formal","kind_detail":"Primary","lga":"Eti Osa","ward":"Badore / Langbasa"},"geometry":{"type":"Point","coordinates":[3.58347,6.50606]}},{"type":"Feature","properties":{"name":"Agege Motor Primary School","kind":"school","ownership":"Public","level":"Formal","kind_detail":"Primary","lga":"Mushin","ward":"Babalosa 1"},"geometry":{"type":"Point","coordinates":[3.35498,6.52758]}},{"type":"Feature","properties":{"name":"Lekki Muslim Nursery And Primary School","kind":"school","ownership":"Private","level":"Formal","kind_detail":"Primary","lga":"Eti Osa","ward":"Ikate / Lekki"},"geometry":{"type":"Point","coordinates":[3.47467,6.43844]}},{"type":"Feature","properties":{"name":"Straight Path Nursery And Primary School","kind":"school","ownership":"Private","level":"Formal","kind_detail":"Primary","lga":"Mushin","ward":"Igbehin"},"geometry":{"type":"Point","coordinates":[3.34471,6.52029]}},{"type":"Feature","properties":{"name":"Ishaga Close Primary School","kind":"school","ownership":"Public","level":"Formal","kind_detail":"Primary","lga":"Mushin","ward":"Igbehin"},"geometry":{"type":"Point","coordinates":[3.34575,6.51994]}},{"type":"Feature","properties":{"name":"Bethesda Nursery And Primary School","kind":"school","ownership":"Private","level":"Formal","kind_detail":"Primary","lga":"Eti Osa","ward":"Ajah"},"geometry":{"type":"Point","coordinates":[3.56142,6.44992]}},{"type":"Feature","properties":{"name":"Ansarudeen Primary School","kind":"school","ownership":"Public","level":"Formal","kind_detail":"Primary","lga":"Lagos Mainland","ward":"Okobaba"},"geometry":{"type":"Point","coordinates":[3.38832,6.48669]}},{"type":"Feature","properties":{"name":"Our Lady Of Apostle Primary School","kind":"school","ownership":"Public","level":"Formal","kind_detail":"Primary","lga":"Lagos Mainland","ward":"Onike / Oyadiran"},"geometry":{"type":"Point","coordinates":[3.3783,6.51004]}},{"type":"Feature","properties":{"name":"Saint Dominic Catholic Primary School","kind":"school","ownership":"Public","level":"Formal","kind_detail":"Primary","lga":"Lagos Mainland","ward":"Onike / Oyadiran"},"geometry":{"type":"Point","coordinates":[3.37902,6.50867]}},{"type":"Feature","properties":{"name":"Ijora Oloye Nursery And Primary School","kind":"school","ownership":"Public","level":"Formal","kind_detail":"Primary","lga":"Apapa","ward":"Ijora"},"geometry":{"type":"Point","coordinates":[3.3661,6.46816]}},{"type":"Feature","properties":{"name":"Akoka Nursery And Primary School","kind":"school","ownership":"Public","level":"Formal","kind_detail":"Primary","lga":"Lagos Mainland","ward":"Abule Oja"},"geometry":{"type":"Point","coordinates":[3.38509,6.51812]}},{"type":"Feature","properties":{"name":"Edward Blyden Memorial Primary School","kind":"school","ownership":"Public","level":"Formal","kind_detail":"Primary","lga":"Lagos Island","ward":"Lafiaji"},"geometry":{"type":"Point","coordinates":[3.40396,6.45293]}},{"type":"Feature","properties":{"name":"Jamatu Islammiyah Primary School","kind":"school","ownership":"Public","level":"Formal","kind_detail":"Primary","lga":"Lagos Island","ward":"Epetedo East"},"geometry":{"type":"Point","coordinates":[3.40201,6.4558]}},{"type":"Feature","properties":{"name":"Seventh Day Adventist Primary School","kind":"school","ownership":"Faith Based","level":"Formal","kind_detail":"Primary","lga":"Lagos Mainland","ward":"Abule Oja"},"geometry":{"type":"Point","coordinates":[3.38243,6.51979]}},{"type":"Feature","properties":{"name":"Lagos State Model Primary School Marwa","kind":"school","ownership":"Public","level":"Formal","kind_detail":"Primary","lga":"Eti Osa","ward":"Ikate / Lekki"},"geometry":{"type":"Point","coordinates":[3.46905,6.43233]}},{"type":"Feature","properties":{"name":"Airforce Nursery And Primary School","kind":"school","ownership":"Private","level":"Formal","kind_detail":"Primary","lga":"Eti Osa","ward":"Victoria Island"},"geometry":{"type":"Point","coordinates":[3.40931,6.43208]}},{"type":"Feature","properties":{"name":"Akinlade Primary School Eti Osa","kind":"school","ownership":"Public","level":"Formal","kind_detail":"Primary","lga":"Eti Osa","ward":"Okun Ajah / Okunmopo"},"geometry":{"type":"Point","coordinates":[3.61887,6.4277]}},{"type":"Feature","properties":{"name":"Itire Answarudeen Primary School","kind":"school","ownership":"Public","level":"Formal","kind_detail":"Primary","lga":"Mushin","ward":"Onitire"},"geometry":{"type":"Point","coordinates":[3.33578,6.5097]}},{"type":"Feature","properties":{"name":"Ame Muqsaq Kiddies Nursery And Primary School","kind":"school","ownership":"Private","level":"Formal","kind_detail":"Primary","lga":"Lagos Island","ward":"Epetedo East"},"geometry":{"type":"Point","coordinates":[3.40059,6.45413]}},{"type":"Feature","properties":{"name":"Ago Ijaiye Methodist Primary School","kind":"school","ownership":"Public","level":"Formal","kind_detail":"Primary","lga":"Lagos Mainland","ward":"Ojo-Oniyun"},"geometry":{"type":"Point","coordinates":[3.3805,6.48253]}},{"type":"Feature","properties":{"name":"Ajeromi Nursery And Primary School Ijora Badia","kind":"school","ownership":"Public","level":"Formal","kind_detail":"Primary","lga":"Apapa","ward":"Badia"},"geometry":{"type":"Point","coordinates":[3.36121,6.47431]}},{"type":"Feature","properties":{"name":"Ladipo Primary School","kind":"school","ownership":"Public","level":"Formal","kind_detail":"Primary","lga":"Mushin","ward":"Papa Ajao"},"geometry":{"type":"Point","coordinates":[3.34479,6.54181]}},{"type":"Feature","properties":{"name":"Ayetoro Primary School","kind":"school","ownership":"Public","level":"Formal","kind_detail":"Primary","lga":"Shomolu","ward":"Akoka / Anu-Oluwapo"},"geometry":{"type":"Point","coordinates":[3.38812,6.5277]}},{"type":"Feature","properties":{"name":"Saint Michael Primary School","kind":"school","ownership":"Public","level":"Formal","kind_detail":"Primary","lga":"Mushin","ward":"Babalosa 1"},"geometry":{"type":"Point","coordinates":[3.35623,6.52761]}},{"type":"Feature","properties":{"name":"Abiodun Primary School","kind":"school","ownership":"Public","level":"Formal","kind_detail":"Primary","lga":"Mushin","ward":"Babalosa 1"},"geometry":{"type":"Point","coordinates":[3.35553,6.52764]}},{"type":"Feature","properties":{"name":"Korede Nursery And Primary School","kind":"school","ownership":"Private","level":"Formal","kind_detail":"Primary","lga":"Apapa","ward":"Badia"},"geometry":{"type":"Point","coordinates":[3.35762,6.46873]}},{"type":"Feature","properties":{"name":"Basua Military Primary School","kind":"school","ownership":"Public","level":"Formal","kind_detail":"Primary","lga":"Lagos Mainland","ward":"Abule Ijesha"},"geometry":{"type":"Point","coordinates":[3.37655,6.52738]}},{"type":"Feature","properties":{"name":"St Peters Catholic Nursery And Primary School","kind":"school","ownership":"Faith Based","level":"Formal","kind_detail":"Primary","lga":"Lagos Mainland","ward":"Aloba / Desalu"},"geometry":{"type":"Point","coordinates":[3.36983,6.48192]}},{"type":"Feature","properties":{"name":"St Pauls Catholic Nursery And Primary School","kind":"school","ownership":"Faith Based","level":"Formal","kind_detail":"Primary","lga":"Lagos Mainland","ward":"Aloba / Desalu"},"geometry":{"type":"Point","coordinates":[3.3702,6.48221]}},{"type":"Feature","properties":{"name":"Iponri Olaleye Community Nursery And Primary School Iponri","kind":"school","ownership":"Public Private","level":"Formal","kind_detail":"Primary","lga":"Lagos Mainland","ward":"Iponri / Olaleye"},"geometry":{"type":"Point","coordinates":[3.36638,6.48794]}},{"type":"Feature","properties":{"name":"Yaba Methodist Primary School","kind":"school","ownership":"Public","level":"Formal","kind_detail":"Primary","lga":"Lagos Mainland","ward":"Harvey"},"geometry":{"type":"Point","coordinates":[3.37672,6.50425]}},{"type":"Feature","properties":{"name":"Rizta Nursery And Primary School","kind":"school","ownership":"Private Faith Based","level":"Formal","kind_detail":"Primary","lga":"Lagos Mainland","ward":"Okobaba"},"geometry":{"type":"Point","coordinates":[3.38797,6.48977]}},{"type":"Feature","properties":{"name":"Avital Nursery And Primary School","kind":"school","ownership":"Private","level":"Formal","kind_detail":"Primary","lga":"Surulere","ward":"Irone"},"geometry":{"type":"Point","coordinates":[3.33362,6.48263]}},{"type":"Feature","properties":{"name":"Orile Iganmu Nursery And Primary School","kind":"school","ownership":"Public","level":"Formal","kind_detail":"Primary","lga":"Surulere","ward":"Coker"},"geometry":{"type":"Point","coordinates":[3.33023,6.47234]}},{"type":"Feature","properties":{"name":"Ikoyi Nursery And Primary School Osborne","kind":"school","ownership":"Public","level":"Formal","kind_detail":"Primary","lga":"Eti Osa","ward":"Ikoyi 1"},"geometry":{"type":"Point","coordinates":[3.42703,6.46284]}},{"type":"Feature","properties":{"name":"Al Mubarak Nursery And Primary School","kind":"school","ownership":"Private","level":"Formal","kind_detail":"Primary","lga":"Surulere","ward":"Akinhanmi Cole"},"geometry":{"type":"Point","coordinates":[3.36105,6.51188]}},{"type":"Feature","properties":{"name":"Bencent Nursery And Primary School","kind":"school","ownership":"Private","level":"Formal","kind_detail":"Primary","lga":"Mushin","ward":"Oduselu / Ola"},"geometry":{"type":"Point","coordinates":[3.33315,6.50633]}},{"type":"Feature","properties":{"name":"Local Authority Primary School Surulere","kind":"school","ownership":"Public","level":"Formal","kind_detail":"Primary","lga":"Surulere","ward":"Bale"},"geometry":{"type":"Point","coordinates":[3.33607,6.47921]}},{"type":"Feature","properties":{"name":"Olive Nursery And Primary School","kind":"school","ownership":"Private","level":"Formal","kind_detail":"Primary","lga":"Surulere","ward":"Coker"},"geometry":{"type":"Point","coordinates":[3.33275,6.47558]}},{"type":"Feature","properties":{"name":"Alafia Nursery And Primary School","kind":"school","ownership":"Public","level":"Formal","kind_detail":"Primary","lga":"Surulere","ward":"Coker"},"geometry":{"type":"Point","coordinates":[3.3316,6.47239]}},{"type":"Feature","properties":{"name":"St Michael Primary School","kind":"school","ownership":"Private","level":"Formal","kind_detail":"Primary","lga":"Surulere","ward":"Coker"},"geometry":{"type":"Point","coordinates":[3.33519,6.47524]}},{"type":"Feature","properties":{"name":"Hill Top Brain Primary School","kind":"school","ownership":"Private","level":"Formal","kind_detail":"Primary","lga":"Surulere","ward":"Coker"},"geometry":{"type":"Point","coordinates":[3.32891,6.47625]}},{"type":"Feature","properties":{"name":"Aiyetoro African Church Primary School","kind":"school","ownership":"Public","level":"Formal","kind_detail":"Primary","lga":"Lagos Mainland","ward":"Adekunle / Aiyetoro"},"geometry":{"type":"Point","coordinates":[3.38522,6.49502]}},{"type":"Feature","properties":{"name":"Red Cross Primary School","kind":"school","ownership":"Private","level":"Formal","kind_detail":"Primary","lga":"Lagos Mainland","ward":"Adekunle / Aiyetoro"},"geometry":{"type":"Point","coordinates":[3.38237,6.49353]}},{"type":"Feature","properties":{"name":"Real Joy Nursery And Primary School","kind":"school","ownership":"Private","level":"Formal","kind_detail":"Primary","lga":"Eti Osa","ward":"Sangotedo"},"geometry":{"type":"Point","coordinates":[3.60813,6.4707]}},{"type":"Feature","properties":{"name":"Chongtami Nursery And Primary School","kind":"school","ownership":"Private","level":"Formal","kind_detail":"Primary","lga":"Lagos Mainland","ward":"Botanical Garden"},"geometry":{"type":"Point","coordinates":[3.37415,6.48187]}},{"type":"Feature","properties":{"name":"Gods Wonder Kiddies Nursery And Primary School 1","kind":"school","ownership":"Private","level":"Formal","kind_detail":"Primary","lga":"Lagos Mainland","ward":"Botanical Garden"},"geometry":{"type":"Point","coordinates":[3.37173,6.48226]}},{"type":"Feature","properties":{"name":"Baptist Nursery and Primary School Marine Beach Apapa","kind":"school","ownership":"Public","level":"Formal","kind_detail":"Primary","lga":"Apapa","ward":"Marine Beach"},"geometry":{"type":"Point","coordinates":[3.36025,6.45722]}},{"type":"Feature","properties":{"name":"Sunny Fields Primary School","kind":"school","ownership":"Private","level":"Formal","kind_detail":"Primary","lga":"Surulere","ward":"Adeniran Ogunsanya"},"geometry":{"type":"Point","coordinates":[3.34996,6.49768]}},{"type":"Feature","properties":{"name":"Pelgen Nursery And Primary School","kind":"school","ownership":"Private","level":"Formal","kind_detail":"Primary","lga":"Shomolu","ward":"Ijebu Tedo"},"geometry":{"type":"Point","coordinates":[3.37175,6.54058]}},{"type":"Feature","properties":{"name":"Wesley Primary School Shomolu","kind":"school","ownership":"Public","level":"Formal","kind_detail":"Primary","lga":"Shomolu","ward":"Ijebu Tedo"},"geometry":{"type":"Point","coordinates":[3.37104,6.53958]}},{"type":"Feature","properties":{"name":"Ireti Primary School","kind":"school","ownership":"Public","level":"Formal","kind_detail":"Primary","lga":"Eti Osa","ward":"Falomo / Oyinkan Abayomi"},"geometry":{"type":"Point","coordinates":[3.43642,6.44478]}},{"type":"Feature","properties":{"name":"St Cecilia Nursery And Primary School","kind":"school","ownership":"Private","level":"Formal","kind_detail":"Primary","lga":"Surulere","ward":"Mosafejo Ojuelegba"},"geometry":{"type":"Point","coordinates":[3.36668,6.50654]}},{"type":"Feature","properties":{"name":"Christ Church Cathedral Primary School","kind":"school","ownership":"Public","level":"Formal","kind_detail":"Primary","lga":"Lagos Island","ward":"Ajele"},"geometry":{"type":"Point","coordinates":[3.39129,6.45066]}},{"type":"Feature","properties":{"name":"St Mary Convent Primary School","kind":"school","ownership":"Public","level":"Formal","kind_detail":"Primary","lga":"Lagos Island","ward":"Ajele"},"geometry":{"type":"Point","coordinates":[3.39362,6.45033]}},{"type":"Feature","properties":{"name":"Abuleayo Primary School","kind":"school","ownership":"Public","level":"Formal","kind_detail":"Primary","lga":"Shomolu","ward":"Apelehin"},"geometry":{"type":"Point","coordinates":[3.38932,6.54203]}},{"type":"Feature","properties":{"name":"Nigerian Railway Hospital Primary School","kind":"school","ownership":"Public","level":"Formal","kind_detail":"Primary","lga":"Lagos Mainland","ward":"Iponri / Olaleye"},"geometry":{"type":"Point","coordinates":[3.37265,6.50325]}},{"type":"Feature","properties":{"name":"Avillah Nursery And Primary School","kind":"school","ownership":"Private","level":"Formal","kind_detail":"Primary","lga":"Eti Osa","ward":"Maroko / Okun Alfa"},"geometry":{"type":"Point","coordinates":[3.52423,6.43616]}},{"type":"Feature","properties":{"name":"La Nursery And Primary School Amuwo Odofin","kind":"school","ownership":"Private","level":"Formal","kind_detail":"Primary","lga":"Apapa","ward":"Abraham Adesanya"},"geometry":{"type":"Point","coordinates":[3.37672,6.43121]}},{"type":"Feature","properties":{"name":"Glorious Bequest Nursery And Primary School","kind":"school","ownership":"Private","level":"Formal","kind_detail":"Primary","lga":"Apapa","ward":"Abraham Adesanya"},"geometry":{"type":"Point","coordinates":[3.37288,6.42872]}},{"type":"Feature","properties":{"name":"Better Light Nursery And Primary School","kind":"school","ownership":"Private","level":"Formal","kind_detail":"Primary","lga":"Apapa","ward":"Abraham Adesanya"},"geometry":{"type":"Point","coordinates":[3.35917,6.42421]}},{"type":"Feature","properties":{"name":"Efemena Quality Nursery And Primary School","kind":"school","ownership":"Private","level":"Formal","kind_detail":"Primary","lga":"Apapa","ward":"Abraham Adesanya"},"geometry":{"type":"Point","coordinates":[3.35864,6.42692]}},{"type":"Feature","properties":{"name":"Success Gate Nursery And Primary School","kind":"school","ownership":"Private","level":"Formal","kind_detail":"Primary","lga":"Apapa","ward":"Abraham Adesanya"},"geometry":{"type":"Point","coordinates":[3.36318,6.41936]}},{"type":"Feature","properties":{"name":"Morning Glory Nursery And Primary School Tomaro","kind":"school","ownership":"Private","level":"Formal","kind_detail":"Primary","lga":"Apapa","ward":"Abraham Adesanya"},"geometry":{"type":"Point","coordinates":[3.36418,6.41879]}},{"type":"Feature","properties":{"name":"Mustard Montesorri Primary School","kind":"school","ownership":"Private","level":"Formal","kind_detail":"Primary","lga":"Surulere","ward":"Babatunde Ayilara"},"geometry":{"type":"Point","coordinates":[3.35885,6.50891]}},{"type":"Feature","properties":{"name":"Madona Primary School","kind":"school","ownership":"Private","level":"Formal","kind_detail":"Primary","lga":"Surulere","ward":"Savage"},"geometry":{"type":"Point","coordinates":[3.348,6.48129]}},{"type":"Feature","properties":{"name":"Sangreal Nursery And Primary School","kind":"school","ownership":"Private","level":"Formal","kind_detail":"Primary","lga":"Surulere","ward":"Sanusi 1"},"geometry":{"type":"Point","coordinates":[3.3361,6.49869]}},{"type":"Feature","properties":{"name":"Presbyterian Nursery And Primary School","kind":"school","ownership":"Faith Based","level":"Formal","kind_detail":"Primary","lga":"Surulere","ward":"Sanusi 1"},"geometry":{"type":"Point","coordinates":[3.33664,6.49826]}},{"type":"Feature","properties":{"name":"Odof Peace Nursery And Primary School","kind":"school","ownership":"Private","level":"Formal","kind_detail":"Primary","lga":"Surulere","ward":"Ogunsami / Karounwi"},"geometry":{"type":"Point","coordinates":[3.33675,6.50087]}},{"type":"Feature","properties":{"name":"Seun Dam Nursery And Primary School","kind":"school","ownership":"Private","level":"Formal","kind_detail":"Primary","lga":"Surulere","ward":"Nuru Oniwo"},"geometry":{"type":"Point","coordinates":[3.33851,6.49899]}},{"type":"Feature","properties":{"name":"Angela Nursery And Primary School","kind":"school","ownership":"Private","level":"Formal","kind_detail":"Primary","lga":"Surulere","ward":"Nuru Oniwo"},"geometry":{"type":"Point","coordinates":[3.33896,6.49842]}},{"type":"Feature","properties":{"name":"Baytul Moonerwar Nursery And Primary School","kind":"school","ownership":"Private","level":"Formal","kind_detail":"Primary","lga":"Surulere","ward":"Nuru Oniwo"},"geometry":{"type":"Point","coordinates":[3.33752,6.49823]}},{"type":"Feature","properties":{"name":"Adeife Sidipo Shinseki Memorial Primary School","kind":"school","ownership":"Public","level":"Formal","kind_detail":"Primary","lga":"Shomolu","ward":"Ilaje"},"geometry":{"type":"Point","coordinates":[3.39662,6.53761]}},{"type":"Feature","properties":{"name":"Silver And Gold Nursery And Primary School","kind":"school","ownership":"Private","level":"Formal","kind_detail":"Primary","lga":"Shomolu","ward":"Ilaje"},"geometry":{"type":"Point","coordinates":[3.39501,6.53514]}},{"type":"Feature","properties":{"name":"Linzy Primary School","kind":"school","ownership":"Private","level":"Formal","kind_detail":"Primary","lga":"Eti Osa","ward":"Maroko / Okun Alfa"},"geometry":{"type":"Point","coordinates":[3.52298,6.43083]}},{"type":"Feature","properties":{"name":"New Bridge Primary School","kind":"school","ownership":"Private","level":"Formal","kind_detail":"Primary","lga":"Surulere","ward":"Jinadu Aiyetoro"},"geometry":{"type":"Point","coordinates":[3.34544,6.49191]}},{"type":"Feature","properties":{"name":"Angel On Mission Primary School","kind":"school","ownership":"Private","level":"Formal","kind_detail":"Primary","lga":"Surulere","ward":"Jinadu Aiyetoro"},"geometry":{"type":"Point","coordinates":[3.3436,6.49451]}},{"type":"Feature","properties":{"name":"Sunshine Nursery And Primary School","kind":"school","ownership":"Private","level":"Formal","kind_detail":"Primary","lga":"Surulere","ward":"Jinadu Aiyetoro"},"geometry":{"type":"Point","coordinates":[3.33886,6.49374]}},{"type":"Feature","properties":{"name":"Nacomyo Nursery And Primary School","kind":"school","ownership":"Private","level":"Formal","kind_detail":"Primary","lga":"Lagos Island","ward":"Okepopo East"},"geometry":{"type":"Point","coordinates":[3.39655,6.45592]}},{"type":"Feature","properties":{"name":"Soladay Nursery And Primary School","kind":"school","ownership":"Private","level":"Formal","kind_detail":"Primary","lga":"Shomolu","ward":"Apelehin"},"geometry":{"type":"Point","coordinates":[3.3904,6.53748]}},{"type":"Feature","properties":{"name":"Adedoyin Nursery And Primary School","kind":"school","ownership":"Private","level":"Formal","kind_detail":"Primary","lga":"Shomolu","ward":"Aiyetoro / Mafowoku"},"geometry":{"type":"Point","coordinates":[3.38884,6.53693]}},{"type":"Feature","properties":{"name":"Limelight Nursery And Primary School","kind":"school","ownership":"Private","level":"Formal","kind_detail":"Primary","lga":"Shomolu","ward":"Aiyetoro / Mafowoku"},"geometry":{"type":"Point","coordinates":[3.38839,6.53836]}},{"type":"Feature","properties":{"name":"Flourish Nursery And Primary School","kind":"school","ownership":"Private","level":"Formal","kind_detail":"Primary","lga":"Eti Osa","ward":"Ajah"},"geometry":{"type":"Point","coordinates":[3.56145,6.4658]}},{"type":"Feature","properties":{"name":"Morufudeen Primary School","kind":"school","ownership":"Public","level":"Formal","kind_detail":"Primary","lga":"Shomolu","ward":"Ibuowo / Owotutu"},"geometry":{"type":"Point","coordinates":[3.37999,6.54389]}},{"type":"Feature","properties":{"name":"Ark Of The Lord Primary School","kind":"school","ownership":"Faith Based","level":"Formal","kind_detail":"Primary","lga":"Eti Osa","ward":"Ajah"},"geometry":{"type":"Point","coordinates":[3.57487,6.47041]}},{"type":"Feature","properties":{"name":"Okay Nursery And Primary School Odan","kind":"school","ownership":"Private","level":"Formal","kind_detail":"Primary","lga":"Apapa","ward":"Gaskiya"},"geometry":{"type":"Point","coordinates":[3.35258,6.46718]}},{"type":"Feature","properties":{"name":"Pedrisi Nursery And Primary School","kind":"school","ownership":"Private","level":"Formal","kind_detail":"Primary","lga":"Eti Osa","ward":"Ajah"},"geometry":{"type":"Point","coordinates":[3.56888,6.45503]}},{"type":"Feature","properties":{"name":"Oroku Nursery And Primary School Ebute Meta","kind":"school","ownership":"Public","level":"Formal","kind_detail":"Primary","lga":"Lagos Mainland","ward":"Ojo-Oniyun"},"geometry":{"type":"Point","coordinates":[3.37483,6.48411]}},{"type":"Feature","properties":{"name":"Philat Nursery And Primary School","kind":"school","ownership":"Private","level":"Formal","kind_detail":"Primary","lga":"Mushin","ward":"Kayode / Fadeyi"},"geometry":{"type":"Point","coordinates":[3.36537,6.53445]}},{"type":"Feature","properties":{"name":"Ikoyi Nusery And Primary School","kind":"school","ownership":"Private","level":"Formal","kind_detail":"Primary","lga":"Eti Osa","ward":"Ikoyi 2"},"geometry":{"type":"Point","coordinates":[3.42117,6.45253]}},{"type":"Feature","properties":{"name":"Nigerian Girls Guide Association Nursery And Primary School","kind":"school","ownership":"Private","level":"Formal","kind_detail":"Primary","lga":"Eti Osa","ward":"Ikoyi 2"},"geometry":{"type":"Point","coordinates":[3.42352,6.44579]}},{"type":"Feature","properties":{"name":"Coker Primary School","kind":"school","ownership":"Public","level":"Formal","kind_detail":"Primary","lga":"Surulere","ward":"Coker"},"geometry":{"type":"Point","coordinates":[3.33291,6.47343]}},{"type":"Feature","properties":{"name":"Funktob Nursery and Primary School","kind":"school","ownership":"Private","level":"Formal","kind_detail":"Primary","lga":"Shomolu","ward":"Ijebu Tedo"},"geometry":{"type":"Point","coordinates":[3.36973,6.54127]}},{"type":"Feature","properties":{"name":"Lagos Island Local Government Primary School","kind":"school","ownership":"Public","level":"Formal","kind_detail":"Primary","lga":"Lagos Island","ward":"Lafiaji"},"geometry":{"type":"Point","coordinates":[3.40239,6.45554]}},{"type":"Feature","properties":{"name":"Fazil Omar Ahmadiyya Primary School","kind":"school","ownership":"Public","level":"Formal","kind_detail":"Primary","lga":"Lagos Island","ward":"Lafiaji"},"geometry":{"type":"Point","coordinates":[3.40238,6.4552]}},{"type":"Feature","properties":{"name":"African Church Primary School Abule Oja","kind":"school","ownership":"Public","level":"Formal","kind_detail":"Primary","lga":"Lagos Mainland","ward":"Onike / Oyadiran"},"geometry":{"type":"Point","coordinates":[3.38203,6.51644]}},{"type":"Feature","properties":{"name":"Duro Oyedoyin Primary School Ijeshatedo","kind":"school","ownership":"Public","level":"Formal","kind_detail":"Primary","lga":"Surulere","ward":"Airways"},"geometry":{"type":"Point","coordinates":[3.32897,6.49153]}},{"type":"Feature","properties":{"name":"Arch Bishop Taylor Memorial Nursery And Primary School","kind":"school","ownership":"Public","level":"Formal","kind_detail":"Primary","lga":"Eti Osa","ward":"Kuramo School / Lekki"},"geometry":{"type":"Point","coordinates":[3.4287,6.42696]}},{"type":"Feature","properties":{"name":"Kuramo Nursery And Primary School","kind":"school","ownership":"Public","level":"Formal","kind_detail":"Primary","lga":"Eti Osa","ward":"Kuramo School / Lekki"},"geometry":{"type":"Point","coordinates":[3.42894,6.4273]}},{"type":"Feature","properties":{"name":"Ifaadat Nursery And Primary School","kind":"school","ownership":"Private","level":"Formal","kind_detail":"Primary","lga":"Lagos Island","ward":"Epetedo West"},"geometry":{"type":"Point","coordinates":[3.39932,6.45661]}},{"type":"Feature","properties":{"name":"Animashaun Nursery And Primary School","kind":"school","ownership":"Public","level":"Formal","kind_detail":"Primary","lga":"Surulere","ward":"Agunbiade"},"geometry":{"type":"Point","coordinates":[3.33384,6.49517]}},{"type":"Feature","properties":{"name":"Lagos Mainland Local Government Primary School Ijero","kind":"school","ownership":"Public","level":"Formal","kind_detail":"Primary","lga":"Lagos Mainland","ward":"Iponri / Olaleye"},"geometry":{"type":"Point","coordinates":[3.37923,6.48332]}},{"type":"Feature","properties":{"name":"Central Primary School Orile","kind":"school","ownership":"Public","level":"Formal","kind_detail":"Primary","lga":"Surulere","ward":"Osho"},"geometry":{"type":"Point","coordinates":[3.33622,6.47985]}},{"type":"Feature","properties":{"name":"Umoru Memorial Primary School 2","kind":"school","ownership":"Public","level":"Formal","kind_detail":"Primary","lga":"Surulere","ward":"Coker"},"geometry":{"type":"Point","coordinates":[3.33238,6.47276]}},{"type":"Feature","properties":{"name":"Umoru Memorial Primary School 1","kind":"school","ownership":"Public","level":"Formal","kind_detail":"Primary","lga":"Surulere","ward":"Coker"},"geometry":{"type":"Point","coordinates":[3.33217,6.47261]}},{"type":"Feature","properties":{"name":"Atara Health Centre Nursery And Primary School","kind":"school","ownership":"Public","level":"Formal","kind_detail":"Primary","lga":"Surulere","ward":"Jinadu Aiyetoro"},"geometry":{"type":"Point","coordinates":[3.33841,6.48517]}},{"type":"Feature","properties":{"name":"Gods Wonder Kiddies Nursery And Primary School","kind":"school","ownership":"Private","level":"Formal","kind_detail":"Primary","lga":"Lagos Mainland","ward":"Aloba / Desalu"},"geometry":{"type":"Point","coordinates":[3.37108,6.48455]}},{"type":"Feature","properties":{"name":"Holy Trinity Primary School","kind":"school","ownership":"Public","level":"Formal","kind_detail":"Primary","lga":"Lagos Island","ward":"Idumoyingbo"},"geometry":{"type":"Point","coordinates":[3.38753,6.46414]}},{"type":"Feature","properties":{"name":"Methodist Nursery And Primary School","kind":"school","ownership":"Private","level":"Formal","kind_detail":"Primary","lga":"Apapa","ward":"Abraham Adesanya"},"geometry":{"type":"Point","coordinates":[3.36803,6.44244]}},{"type":"Feature","properties":{"name":"Otto Primary School","kind":"school","ownership":"Public","level":"Formal","kind_detail":"Primary","lga":"Lagos Mainland","ward":"Otto"},"geometry":{"type":"Point","coordinates":[3.38007,6.47329]}},{"type":"Feature","properties":{"name":"Nanti Community Primary School","kind":"school","ownership":"Public","level":"Formal","kind_detail":"Primary","lga":"Apapa","ward":"Abraham Adesanya"},"geometry":{"type":"Point","coordinates":[3.34627,6.42723]}},{"type":"Feature","properties":{"name":"Ereko Methodist Primary School","kind":"school","ownership":"Public","level":"Formal","kind_detail":"Primary","lga":"Lagos Island","ward":"Araromi Odo"},"geometry":{"type":"Point","coordinates":[3.40595,6.44777]}},{"type":"Feature","properties":{"name":"Hope Primary School","kind":"school","ownership":"Public","level":"Formal","kind_detail":"Primary","lga":"Eti Osa","ward":"Falomo / Oyinkan Abayomi"},"geometry":{"type":"Point","coordinates":[3.43656,6.44426]}},{"type":"Feature","properties":{"name":"Image Makers Nursery And Primary School","kind":"school","ownership":"Private","level":"Formal","kind_detail":"Primary","lga":"Surulere","ward":"Mosafejo Ojuelegba"},"geometry":{"type":"Point","coordinates":[3.36758,6.51202]}},{"type":"Feature","properties":{"name":"St Peters Primary School","kind":"school","ownership":"Public","level":"Formal","kind_detail":"Primary","lga":"Lagos Island","ward":"Ajele"},"geometry":{"type":"Point","coordinates":[3.39269,6.45142]}},{"type":"Feature","properties":{"name":"Holy Cross Catholic Primary School","kind":"school","ownership":"Public","level":"Formal","kind_detail":"Primary","lga":"Lagos Island","ward":"Ajele"},"geometry":{"type":"Point","coordinates":[3.39637,6.45058]}},{"type":"Feature","properties":{"name":"Maryanne Nursery And Primary School","kind":"school","ownership":"Private","level":"Formal","kind_detail":"Primary","lga":"Lagos Island","ward":"Ajele"},"geometry":{"type":"Point","coordinates":[3.39584,6.45085]}},{"type":"Feature","properties":{"name":"Ebute Elefun Nursery And Primary School","kind":"school","ownership":"Public","level":"Formal","kind_detail":"Primary","lga":"Lagos Island","ward":"Ajele"},"geometry":{"type":"Point","coordinates":[3.39665,6.45113]}},{"type":"Feature","properties":{"name":"Lady Bird Nursery And Primary School","kind":"school","ownership":"Private","level":"Formal","kind_detail":"Primary","lga":"Shomolu","ward":"Apelehin"},"geometry":{"type":"Point","coordinates":[3.39064,6.54615]}},{"type":"Feature","properties":{"name":"Itan Agan Community Primary School","kind":"school","ownership":"Public","level":"Formal","kind_detail":"Primary","lga":"Apapa","ward":"Abraham Adesanya"},"geometry":{"type":"Point","coordinates":[3.36196,6.4254]}},{"type":"Feature","properties":{"name":"Lagos Mainland Lga Primary School","kind":"school","ownership":"Public","level":"Formal","kind_detail":"Primary","lga":"Lagos Mainland","ward":"Harvey"},"geometry":{"type":"Point","coordinates":[3.3687,6.52256]}},{"type":"Feature","properties":{"name":"Abina Omololu Nursery And Primary School","kind":"school","ownership":"Public","level":"Formal","kind_detail":"Primary","lga":"Surulere","ward":"Gbaja Obele-Odan"},"geometry":{"type":"Point","coordinates":[3.35886,6.50588]}},{"type":"Feature","properties":{"name":"Randle Avenue Nursery And Primary School","kind":"school","ownership":"Public","level":"Formal","kind_detail":"Primary","lga":"Surulere","ward":"Babatunde Ayilara"},"geometry":{"type":"Point","coordinates":[3.35807,6.51162]}},{"type":"Feature","properties":{"name":"Al Wajud Nursery And Primary School","kind":"school","ownership":"Public","level":"Formal","kind_detail":"Primary","lga":"Surulere","ward":"Babatunde Ayilara"},"geometry":{"type":"Point","coordinates":[3.35007,6.51076]}},{"type":"Feature","properties":{"name":"Ansar Ud Deen Nursery And Primary School Lawanson","kind":"school","ownership":"Public","level":"Formal","kind_detail":"Primary","lga":"Surulere","ward":"Babatunde Ayilara"},"geometry":{"type":"Point","coordinates":[3.35012,6.51115]}},{"type":"Feature","properties":{"name":"Gemstone Nursery And Primary School","kind":"school","ownership":"Private","level":"Formal","kind_detail":"Primary","lga":"Shomolu","ward":"Apelehin"},"geometry":{"type":"Point","coordinates":[3.39326,6.54815]}},{"type":"Feature","properties":{"name":"Amwar Ul Islam Primary School","kind":"school","ownership":"Public","level":"Formal","kind_detail":"Primary","lga":"Lagos Island","ward":"Oke-Olowogbowo"},"geometry":{"type":"Point","coordinates":[3.38147,6.45991]}},{"type":"Feature","properties":{"name":"Erinoso Primary School Ijeshatedo","kind":"school","ownership":"Public","level":"Formal","kind_detail":"Primary","lga":"Surulere","ward":"Sanusi 1"},"geometry":{"type":"Point","coordinates":[3.33216,6.50366]}},{"type":"Feature","properties":{"name":"Olowogbowo Methodist Primary School","kind":"school","ownership":"Public","level":"Formal","kind_detail":"Primary","lga":"Lagos Island","ward":"Oke-Olowogbowo"},"geometry":{"type":"Point","coordinates":[3.38152,6.45765]}},{"type":"Feature","properties":{"name":"St Joseph Catholic Primary School","kind":"school","ownership":"Public","level":"Formal","kind_detail":"Primary","lga":"Lagos Island","ward":"Oke-Olowogbowo"},"geometry":{"type":"Point","coordinates":[3.38091,6.45908]}},{"type":"Feature","properties":{"name":"United Nursery And Primary School Bombay","kind":"school","ownership":"Public","level":"Formal","kind_detail":"Primary","lga":"Apapa","ward":"Abraham Adesanya"},"geometry":{"type":"Point","coordinates":[3.3646,6.4413]}},{"type":"Feature","properties":{"name":"St John Primary School","kind":"school","ownership":"Public","level":"Formal","kind_detail":"Primary","lga":"Lagos Island","ward":"Oko-Awo / Agarawu"},"geometry":{"type":"Point","coordinates":[3.39036,6.45728]}},{"type":"Feature","properties":{"name":"St Pauls Anglican Primary School","kind":"school","ownership":"Public","level":"Formal","kind_detail":"Primary","lga":"Lagos Island","ward":"Oluwole"},"geometry":{"type":"Point","coordinates":[3.38493,6.45614]}},{"type":"Feature","properties":{"name":"Bolafade Nursery And Primary School","kind":"school","ownership":"Private","level":"Formal","kind_detail":"Primary","lga":"Lagos Island","ward":"Okepopo West"},"geometry":{"type":"Point","coordinates":[3.39573,6.45585]}},{"type":"Feature","properties":{"name":"Olakeji Nursery And Primary School","kind":"school","ownership":"Private","level":"Formal","kind_detail":"Primary","lga":"Lagos Island","ward":"Okepopo East"},"geometry":{"type":"Point","coordinates":[3.39675,6.45608]}},{"type":"Feature","properties":{"name":"Herbert Macaulay Nursery And Primary School","kind":"school","ownership":"Public","level":"Formal","kind_detail":"Primary","lga":"Lagos Mainland","ward":"Adekunle / Aiyetoro"},"geometry":{"type":"Point","coordinates":[3.38264,6.4924]}},{"type":"Feature","properties":{"name":"Pedro Primary School","kind":"school","ownership":"Public","level":"Formal","kind_detail":"Primary","lga":"Shomolu","ward":"Apelehin"},"geometry":{"type":"Point","coordinates":[3.37649,6.54362]}},{"type":"Feature","properties":{"name":"Igbehin Adun Primary School Pedro Somolu","kind":"school","ownership":"Public","level":"Formal","kind_detail":"Primary","lga":"Shomolu","ward":"Pedro / Gbagada"},"geometry":{"type":"Point","coordinates":[3.37605,6.54569]}},{"type":"Feature","properties":{"name":"Anglican Nursery And Primary School Marine Beach","kind":"school","ownership":"Public","level":"Formal","kind_detail":"Primary","lga":"Apapa","ward":"Marine Beach"},"geometry":{"type":"Point","coordinates":[3.36313,6.45841]}},{"type":"Feature","properties":{"name":"Salvation Army Nursery And Primary School","kind":"school","ownership":"Public","level":"Formal","kind_detail":"Primary","lga":"Surulere","ward":"Aralile"},"geometry":{"type":"Point","coordinates":[3.36627,6.50192]}},{"type":"Feature","properties":{"name":"Abimbola Gibson Memorial Primary School","kind":"school","ownership":"Public","level":"Formal","kind_detail":"Primary","lga":"Surulere","ward":"Aralile"},"geometry":{"type":"Point","coordinates":[3.36548,6.50212]}},{"type":"Feature","properties":{"name":"Dedeke Memorial Nursery And Primary School","kind":"school","ownership":"Public","level":"Formal","kind_detail":"Primary","lga":"Surulere","ward":"Gbaja Obele-Odan"},"geometry":{"type":"Point","coordinates":[3.35776,6.50379]}},{"type":"Feature","properties":{"name":"Shitta Nursery And Primary School","kind":"school","ownership":"Public","level":"Formal","kind_detail":"Primary","lga":"Surulere","ward":"Gbaja Obele-Odan"},"geometry":{"type":"Point","coordinates":[3.3599,6.50126]}},{"type":"Feature","properties":{"name":"Christ Divine Favour Nursery And Primary School","kind":"school","ownership":"Private Faith Based","level":"Formal","kind_detail":"Primary","lga":"Lagos Mainland","ward":"Harvey"},"geometry":{"type":"Point","coordinates":[3.3769,6.50063]}},{"type":"Feature","properties":{"name":"St Theresa Nursery And Primary School Marine Beach","kind":"school","ownership":"Public","level":"Formal","kind_detail":"Primary","lga":"Apapa","ward":"Marine Beach"},"geometry":{"type":"Point","coordinates":[3.36304,6.45995]}},{"type":"Feature","properties":{"name":"Union Baptist Primary School","kind":"school","ownership":"Public","level":"Formal","kind_detail":"Primary","lga":"Lagos Island","ward":"Idunganran / Idumagbo"},"geometry":{"type":"Point","coordinates":[3.39357,6.46272]}},{"type":"Feature","properties":{"name":"Philomena Nursery Primary School","kind":"school","ownership":"Public","level":"Formal","kind_detail":"Primary","lga":"Lagos Mainland","ward":"Alagomeji"},"geometry":{"type":"Point","coordinates":[3.37911,6.50026]}},{"type":"Feature","properties":{"name":"Foursquare Nursery Primary School","kind":"school","ownership":"Public","level":"Formal","kind_detail":"Primary","lga":"Lagos Mainland","ward":"Alagomeji"},"geometry":{"type":"Point","coordinates":[3.38046,6.49988]}},{"type":"Feature","properties":{"name":"Rosa Alba Nursery Primary School","kind":"school","ownership":"Public","level":"Formal","kind_detail":"Primary","lga":"Lagos Mainland","ward":"Salami /  Baiyewunmi"},"geometry":{"type":"Point","coordinates":[3.38617,6.50714]}},{"type":"Feature","properties":{"name":"Greenfield Nursery Primary School","kind":"school","ownership":"Public","level":"Formal","kind_detail":"Primary","lga":"Eti Osa","ward":"Ajiran / Osapa"},"geometry":{"type":"Point","coordinates":[3.51218,6.44034]}},{"type":"Feature","properties":{"name":"Mercy Everlyn Nursery And Primary School","kind":"school","ownership":"Public","level":"Formal","kind_detail":"Primary","lga":"Surulere","ward":"Agunbiade"},"geometry":{"type":"Point","coordinates":[3.32878,6.49726]}},{"type":"Feature","properties":{"name":"Caroline International Nursery Primary School","kind":"school","ownership":"Public","level":"Formal","kind_detail":"Primary","lga":"Lagos Mainland","ward":"Salami /  Baiyewunmi"},"geometry":{"type":"Point","coordinates":[3.38507,6.50963]}},{"type":"Feature","properties":{"name":"Muhammadiya Island Primary School","kind":"school","ownership":"Public","level":"Formal","kind_detail":"Primary","lga":"Apapa","ward":"Abraham Adesanya"},"geometry":{"type":"Point","coordinates":[3.36529,6.41809]}},{"type":"Feature","properties":{"name":"Gods Love Primary School","kind":"school","ownership":"Public","level":"Formal","kind_detail":"Primary","lga":"Apapa","ward":"Abraham Adesanya"},"geometry":{"type":"Point","coordinates":[3.362,6.4206]}},{"type":"Feature","properties":{"name":"Ansar Ud Deen Nursery and Primary School","kind":"school","ownership":"Private","level":"Formal","kind_detail":"Primary","lga":"Lagos Mainland","ward":"Okobaba"},"geometry":{"type":"Point","coordinates":[3.38612,6.48791]}},{"type":"Feature","properties":{"name":"Arena of Blessing Nursery and Primary School","kind":"school","ownership":"Private","level":"Formal","kind_detail":"Primary","lga":"Lagos Mainland","ward":"Makoko"},"geometry":{"type":"Point","coordinates":[3.38806,6.50091]}},{"type":"Feature","properties":{"name":"Villa Vintage Nursery and Primary School","kind":"school","ownership":"Private","level":"Formal","kind_detail":"Primary","lga":"Lagos Mainland","ward":"Okobaba"},"geometry":{"type":"Point","coordinates":[3.38851,6.485]}},{"type":"Feature","properties":{"name":"Akachi Nursery and Primary School","kind":"school","ownership":"Private","level":"Formal","kind_detail":"Primary","lga":"Lagos Mainland","ward":"Makoko"},"geometry":{"type":"Point","coordinates":[3.38587,6.49655]}},{"type":"Feature","properties":{"name":"God Wish Nursery and Primary School","kind":"school","ownership":"Private","level":"Formal","kind_detail":"Primary","lga":"Lagos Mainland","ward":"Iponri / Olaleye"},"geometry":{"type":"Point","coordinates":[3.36694,6.48954]}},{"type":"Feature","properties":{"name":"Ajiran Community Primary School","kind":"school","ownership":"Public","level":"Formal","kind_detail":"Primary","lga":"Eti Osa","ward":"Ajiran / Osapa"},"geometry":{"type":"Point","coordinates":[3.52137,6.44913]}},{"type":"Feature","properties":{"name":"Itedo Community Primary School","kind":"school","ownership":"Public","level":"Formal","kind_detail":"Primary","lga":"Eti Osa","ward":"Ikate / Lekki"},"geometry":{"type":"Point","coordinates":[3.48335,6.44482]}},{"type":"Feature","properties":{"name":"Ogombo Primary School","kind":"school","ownership":"Public","level":"Formal","kind_detail":"Primary","lga":"Eti Osa","ward":"Okun Ajah / Okunmopo"},"geometry":{"type":"Point","coordinates":[3.61286,6.45081]}},{"type":"Feature","properties":{"name":"Okun Ajah Primary School","kind":"school","ownership":"Public","level":"Formal","kind_detail":"Primary","lga":"Eti Osa","ward":"Okun Ajah / Okunmopo"},"geometry":{"type":"Point","coordinates":[3.58441,6.42716]}},{"type":"Feature","properties":{"name":"Community Primary School Abijo","kind":"school","ownership":"Public","level":"Formal","kind_detail":"Primary","lga":"Eti Osa","ward":"Sangotedo"},"geometry":{"type":"Point","coordinates":[3.66562,6.46839]}},{"type":"Feature","properties":{"name":"Folly Lat Nursery and Primary School","kind":"school","ownership":"Private","level":"Formal","kind_detail":"Primary","lga":"Lagos Mainland","ward":"Salami /  Baiyewunmi"},"geometry":{"type":"Point","coordinates":[3.39057,6.50865]}},{"type":"Feature","properties":{"name":"Okobaba Salvation Army Primary School","kind":"school","ownership":"Public","level":"Formal","kind_detail":"Primary","lga":"Lagos Mainland","ward":"Okobaba"},"geometry":{"type":"Point","coordinates":[3.38959,6.4899]}},{"type":"Feature","properties":{"name":"Estadis Primary School","kind":"school","ownership":"Private","level":"Formal","kind_detail":"Primary","lga":"Shomolu","ward":"Akoka / Anu-Oluwapo"},"geometry":{"type":"Point","coordinates":[3.39699,6.528]}},{"type":"Feature","properties":{"name":"Presbyterian Nursery and Primary School","kind":"school","ownership":"Faith Based","level":"Formal","kind_detail":"Primary","lga":"Lagos Mainland","ward":"Makoko"},"geometry":{"type":"Point","coordinates":[3.38655,6.4977]}},{"type":"Feature","properties":{"name":"St Augustine Nursery and Primary School","kind":"school","ownership":"Public","level":"Formal","kind_detail":"Primary","lga":"Lagos Mainland","ward":"Abule Ijesha"},"geometry":{"type":"Point","coordinates":[3.37605,6.52759]}},{"type":"Feature","properties":{"name":"Langbasa Primary School","kind":"school","ownership":"Public","level":"Formal","kind_detail":"Primary","lga":"Eti Osa","ward":"Badore / Langbasa"},"geometry":{"type":"Point","coordinates":[3.58069,6.5055]}},{"type":"Feature","properties":{"name":"St Agnes Nursery and Primary School","kind":"school","ownership":"Public","level":"Formal","kind_detail":"Primary","lga":"Lagos Mainland","ward":"Onike / Oyadiran"},"geometry":{"type":"Point","coordinates":[3.37967,6.50874]}},{"type":"Feature","properties":{"name":"Oluwole Primary School","kind":"school","ownership":"Public","level":"Formal","kind_detail":"Primary","lga":"Lagos Mainland","ward":"Abule Oja"},"geometry":{"type":"Point","coordinates":[3.38556,6.51814]}},{"type":"Feature","properties":{"name":"Baptist Primary School","kind":"school","ownership":"Public","level":"Formal","kind_detail":"Primary","lga":"Shomolu","ward":"Onipanu"},"geometry":{"type":"Point","coordinates":[3.36955,6.53564]}},{"type":"Feature","properties":{"name":"Agunbiade Nursery Primary School","kind":"school","ownership":"Public","level":"Formal","kind_detail":"Primary","lga":"Shomolu","ward":"Onipanu"},"geometry":{"type":"Point","coordinates":[3.37003,6.53514]}},{"type":"Feature","properties":{"name":"Odunlade Primary School","kind":"school","ownership":"Public","level":"Formal","kind_detail":"Primary","lga":"Shomolu","ward":"Onipanu"},"geometry":{"type":"Point","coordinates":[3.37006,6.53574]}},{"type":"Feature","properties":{"name":"Adebule Nursery and Primary School","kind":"school","ownership":"Public","level":"Formal","kind_detail":"Primary","lga":"Shomolu","ward":"Bajulaiye"},"geometry":{"type":"Point","coordinates":[3.3829,6.529]}},{"type":"Feature","properties":{"name":"Jehova Shalom Nursery and Primary School","kind":"school","ownership":"Public","level":"Formal","kind_detail":"Primary","lga":"Lagos Mainland","ward":"Abule Ijesha"},"geometry":{"type":"Point","coordinates":[3.37706,6.52756]}},{"type":"Feature","properties":{"name":"St Paul U N A Nursery and Primary School","kind":"school","ownership":"Public","level":"Formal","kind_detail":"Primary","lga":"Lagos Mainland","ward":"Abule Ijesha"},"geometry":{"type":"Point","coordinates":[3.37637,6.52848]}},{"type":"Feature","properties":{"name":"Sangotedo Primary School","kind":"school","ownership":"Public","level":"Formal","kind_detail":"Primary","lga":"Eti Osa","ward":"Sangotedo"},"geometry":{"type":"Point","coordinates":[3.636,6.473]}},{"type":"Feature","properties":{"name":"Badore Nursery and Primary School","kind":"school","ownership":"Public","level":"Formal","kind_detail":"Primary","lga":"Eti Osa","ward":"Badore / Langbasa"},"geometry":{"type":"Point","coordinates":[3.6136,6.51092]}},{"type":"Feature","properties":{"name":"State Nursery and Primary School","kind":"school","ownership":"Public","level":"Formal","kind_detail":"Primary","lga":"Apapa","ward":"Apapa"},"geometry":{"type":"Point","coordinates":[3.35896,6.45235]}},{"type":"Feature","properties":{"name":"Arakan Barracks Nursery and Primary School Apapa","kind":"school","ownership":"Public","level":"Formal","kind_detail":"Primary","lga":"Apapa","ward":"Apapa"},"geometry":{"type":"Point","coordinates":[3.35851,6.4524]}},{"type":"Feature","properties":{"name":"Olojowon Demonstration Primary School","kind":"school","ownership":"Public","level":"Formal","kind_detail":"Primary","lga":"Apapa","ward":"Badia"},"geometry":{"type":"Point","coordinates":[3.36079,6.47452]}},{"type":"Feature","properties":{"name":"Fazil Omar Primary School","kind":"school","ownership":"Public","level":"Formal","kind_detail":"Primary","lga":"Lagos Mainland","ward":"Salami /  Baiyewunmi"},"geometry":{"type":"Point","coordinates":[3.39117,6.50771]}},{"type":"Feature","properties":{"name":"Ahmadiyya Primary School","kind":"school","ownership":"Public","level":"Formal","kind_detail":"Primary","lga":"Lagos Mainland","ward":"Salami /  Baiyewunmi"},"geometry":{"type":"Point","coordinates":[3.39153,6.50792]}},{"type":"Feature","properties":{"name":"Saint Patrick Catholic Primary School","kind":"school","ownership":"Public","level":"Formal","kind_detail":"Primary","lga":"Lagos Mainland","ward":"Onike / Oyadiran"},"geometry":{"type":"Point","coordinates":[3.38,6.50856]}},{"type":"Feature","properties":{"name":"National Primary School","kind":"school","ownership":"Public","level":"Formal","kind_detail":"Primary","lga":"Lagos Mainland","ward":"Abule Oja"},"geometry":{"type":"Point","coordinates":[3.38107,6.52138]}},{"type":"Feature","properties":{"name":"Ansar Ud Deen Nursery and Primary School","kind":"school","ownership":"Public","level":"Formal","kind_detail":"Primary","lga":"Lagos Island","ward":"Epetedo East"},"geometry":{"type":"Point","coordinates":[3.39945,6.45545]}},{"type":"Feature","properties":{"name":"Salvation Army Primary School Okobaba","kind":"school","ownership":"Public","level":"Formal","kind_detail":"Primary","lga":"Lagos Mainland","ward":"Okobaba"},"geometry":{"type":"Point","coordinates":[3.38941,6.48964]}},{"type":"Feature","properties":{"name":"Temitope Nursery and Primary School","kind":"school","ownership":"Private","level":"Formal","kind_detail":"Primary","lga":"Shomolu","ward":"Onipanu"},"geometry":{"type":"Point","coordinates":[3.37054,6.53548]}},{"type":"Feature","properties":{"name":"Oladavies Nursery and Primary School","kind":"school","ownership":"Private","level":"Formal","kind_detail":"Primary","lga":"Lagos Mainland","ward":"Okobaba"},"geometry":{"type":"Point","coordinates":[3.38786,6.48653]}},{"type":"Feature","properties":{"name":"Maromipin Nursery and Primary School","kind":"school","ownership":"Private","level":"Formal","kind_detail":"Primary","lga":"Lagos Mainland","ward":"Makoko"},"geometry":{"type":"Point","coordinates":[3.38766,6.49973]}},{"type":"Feature","properties":{"name":"Funkayo Nursery and Primary School","kind":"school","ownership":"Private","level":"Formal","kind_detail":"Primary","lga":"Lagos Mainland","ward":"Makoko"},"geometry":{"type":"Point","coordinates":[3.38502,6.49864]}},{"type":"Feature","properties":{"name":"Standard Wisdom Nursery and Primary School","kind":"school","ownership":"Private","level":"Formal","kind_detail":"Primary","lga":"Eti Osa","ward":"Okun Ajah / Okunmopo"},"geometry":{"type":"Point","coordinates":[3.61203,6.45069]}},{"type":"Feature","properties":{"name":"Crown of Roses Nursery and Primary School","kind":"school","ownership":"Private","level":"Formal","kind_detail":"Primary","lga":"Eti Osa","ward":"Okun Ajah / Okunmopo"},"geometry":{"type":"Point","coordinates":[3.61257,6.45173]}},{"type":"Feature","properties":{"name":"Shekinat Glory Nursery and Primary School","kind":"school","ownership":"Private","level":"Formal","kind_detail":"Primary","lga":"Lagos Mainland","ward":"Ojo-Oniyun"},"geometry":{"type":"Point","coordinates":[3.3768,6.48295]}},{"type":"Feature","properties":{"name":"Kiddies International Nursery and Primary School","kind":"school","ownership":"Private","level":"Formal","kind_detail":"Primary","lga":"Apapa","ward":"Ijora"},"geometry":{"type":"Point","coordinates":[3.36578,6.46495]}},{"type":"Feature","properties":{"name":"Ayyub International Nursery and Primary School","kind":"school","ownership":"Private","level":"Formal","kind_detail":"Primary","lga":"Apapa","ward":"Ijora"},"geometry":{"type":"Point","coordinates":[3.36531,6.46502]}},{"type":"Feature","properties":{"name":"Christ Nursery and Primary School","kind":"school","ownership":"Private","level":"Formal","kind_detail":"Primary","lga":"Apapa","ward":"Badia"},"geometry":{"type":"Point","coordinates":[3.359,6.46771]}},{"type":"Feature","properties":{"name":"Hamrask Nursery and Primary School","kind":"school","ownership":"Private","level":"Formal","kind_detail":"Primary","lga":"Apapa","ward":"Badia"},"geometry":{"type":"Point","coordinates":[3.35645,6.46726]}},{"type":"Feature","properties":{"name":"Hippies Nursery and Primary School","kind":"school","ownership":"Private","level":"Formal","kind_detail":"Primary","lga":"Apapa","ward":"Badia"},"geometry":{"type":"Point","coordinates":[3.35501,6.46823]}},{"type":"Feature","properties":{"name":"Oluwatoyin Nursery and Primary School","kind":"school","ownership":"Private","level":"Formal","kind_detail":"Primary","lga":"Apapa","ward":"Badia"},"geometry":{"type":"Point","coordinates":[3.35618,6.46787]}},{"type":"Feature","properties":{"name":"Osho Nursery and Primary School","kind":"school","ownership":"Private","level":"Formal","kind_detail":"Primary","lga":"Apapa","ward":"Sari"},"geometry":{"type":"Point","coordinates":[3.34933,6.47695]}},{"type":"Feature","properties":{"name":"Unique Children Nursery and Primary School","kind":"school","ownership":"Private","level":"Formal","kind_detail":"Primary","lga":"Apapa","ward":"Sari"},"geometry":{"type":"Point","coordinates":[3.34763,6.4767]}},{"type":"Feature","properties":{"name":"Heroes Children Nursery and Primary School","kind":"school","ownership":"Private","level":"Formal","kind_detail":"Primary","lga":"Apapa","ward":"Badia"},"geometry":{"type":"Point","coordinates":[3.35577,6.46831]}},{"type":"Feature","properties":{"name":"Confidence Nursery and Primary School","kind":"school","ownership":"Private","level":"Formal","kind_detail":"Primary","lga":"Apapa","ward":"Sari"},"geometry":{"type":"Point","coordinates":[3.35236,6.47832]}},{"type":"Feature","properties":{"name":"Mercy Land Nursery and Primary School","kind":"school","ownership":"Private","level":"Formal","kind_detail":"Primary","lga":"Apapa","ward":"Ijora"},"geometry":{"type":"Point","coordinates":[3.36765,6.46682]}},{"type":"Feature","properties":{"name":"Favour Nursery and Primary School","kind":"school","ownership":"Private","level":"Formal","kind_detail":"Primary","lga":"Apapa","ward":"Sari"},"geometry":{"type":"Point","coordinates":[3.3524,6.47683]}},{"type":"Feature","properties":{"name":"Bright Prospect Nursery and Primary School","kind":"school","ownership":"Private","level":"Formal","kind_detail":"Primary","lga":"Apapa","ward":"Badia"},"geometry":{"type":"Point","coordinates":[3.35923,6.46819]}},{"type":"Feature","properties":{"name":"Omolayo Nursery and Primary School","kind":"school","ownership":"Private","level":"Formal","kind_detail":"Primary","lga":"Apapa","ward":"Badia"},"geometry":{"type":"Point","coordinates":[3.35998,6.46888]}},{"type":"Feature","properties":{"name":"Al Mubayinat Nursery and Primary School","kind":"school","ownership":"Private","level":"Formal","kind_detail":"Primary","lga":"Apapa","ward":"Sari"},"geometry":{"type":"Point","coordinates":[3.3523,6.47771]}},{"type":"Feature","properties":{"name":"Tuna Take Nursery and Primary School","kind":"school","ownership":"Private","level":"Formal","kind_detail":"Primary","lga":"Apapa","ward":"Ijora"},"geometry":{"type":"Point","coordinates":[3.3682,6.46589]}},{"type":"Feature","properties":{"name":"Anuoluwa Nursery and Primary School","kind":"school","ownership":"Private","level":"Formal","kind_detail":"Primary","lga":"Apapa","ward":"Sari"},"geometry":{"type":"Point","coordinates":[3.35169,6.47522]}},{"type":"Feature","properties":{"name":"Alao Nursery and Primary Primary School","kind":"school","ownership":"Private","level":"Formal","kind_detail":"Primary","lga":"Apapa","ward":"Badia"},"geometry":{"type":"Point","coordinates":[3.36056,6.46648]}},{"type":"Feature","properties":{"name":"Morning Star Nursery and Primary School","kind":"school","ownership":"Private","level":"Formal","kind_detail":"Primary","lga":"Apapa","ward":"Badia"},"geometry":{"type":"Point","coordinates":[3.35573,6.46737]}},{"type":"Feature","properties":{"name":"Jolbak Nursery and Primary School","kind":"school","ownership":"Private","level":"Formal","kind_detail":"Primary","lga":"Apapa","ward":"Sari"},"geometry":{"type":"Point","coordinates":[3.35166,6.47439]}},{"type":"Feature","properties":{"name":"Daphdick Nursery and Primary School","kind":"school","ownership":"Private","level":"Formal","kind_detail":"Primary","lga":"Apapa","ward":"Sari"},"geometry":{"type":"Point","coordinates":[3.35048,6.47411]}},{"type":"Feature","properties":{"name":"Annointed Children Nursery and Primary School","kind":"school","ownership":"Private","level":"Formal","kind_detail":"Primary","lga":"Lagos Mainland","ward":"Makoko"},"geometry":{"type":"Point","coordinates":[3.38933,6.49973]}},{"type":"Feature","properties":{"name":"Setop Nursery and Primary School","kind":"school","ownership":"Private","level":"Formal","kind_detail":"Primary","lga":"Lagos Mainland","ward":"Okobaba"},"geometry":{"type":"Point","coordinates":[3.38744,6.48853]}},{"type":"Feature","properties":{"name":"Premodial Nursery and Primary School","kind":"school","ownership":"Private","level":"Formal","kind_detail":"Primary","lga":"Lagos Mainland","ward":"Okobaba"},"geometry":{"type":"Point","coordinates":[3.39012,6.48592]}},{"type":"Feature","properties":{"name":"Hope Light Nursery and Primary School","kind":"school","ownership":"Private","level":"Formal","kind_detail":"Primary","lga":"Lagos Mainland","ward":"Okobaba"},"geometry":{"type":"Point","coordinates":[3.38981,6.4882]}},{"type":"Feature","properties":{"name":"Seylek Nursery and Primary School","kind":"school","ownership":"Private","level":"Formal","kind_detail":"Primary","lga":"Lagos Mainland","ward":"Okobaba"},"geometry":{"type":"Point","coordinates":[3.38906,6.48604]}},{"type":"Feature","properties":{"name":"Todun Nursery and Primary School","kind":"school","ownership":"Private","level":"Formal","kind_detail":"Primary","lga":"Lagos Mainland","ward":"Salami /  Baiyewunmi"},"geometry":{"type":"Point","coordinates":[3.39074,6.50914]}},{"type":"Feature","properties":{"name":"Telei Nursery and Primary School","kind":"school","ownership":"Private","level":"Formal","kind_detail":"Primary","lga":"Lagos Mainland","ward":"Makoko"},"geometry":{"type":"Point","coordinates":[3.38642,6.49799]}},{"type":"Feature","properties":{"name":"Effiong Nursery and Primary School","kind":"school","ownership":"Private","level":"Formal","kind_detail":"Primary","lga":"Lagos Island","ward":"Epetedo East"},"geometry":{"type":"Point","coordinates":[3.39978,6.45447]}},{"type":"Feature","properties":{"name":"Aminu Billahi Nursery and Primary School","kind":"school","ownership":"Private","level":"Formal","kind_detail":"Primary","lga":"Lagos Island","ward":"Idunganran / Idumagbo"},"geometry":{"type":"Point","coordinates":[3.39124,6.46318]}},{"type":"Feature","properties":{"name":"Ikedola Nursery and Primary School","kind":"school","ownership":"Private","level":"Formal","kind_detail":"Primary","lga":"Lagos Island","ward":"Epetedo East"},"geometry":{"type":"Point","coordinates":[3.40017,6.45501]}},{"type":"Feature","properties":{"name":"National Council of Women Society Nigeria Nursery and Primary School","kind":"school","ownership":"Private","level":"Formal","kind_detail":"Primary","lga":"Lagos Island","ward":"Oke-Arin / Idumota"},"geometry":{"type":"Point","coordinates":[3.38604,6.46346]}},{"type":"Feature","properties":{"name":"Rebothot Nursery and Primary School","kind":"school","ownership":"Private","level":"Formal","kind_detail":"Primary","lga":"Lagos Mainland","ward":"Iponri / Olaleye"},"geometry":{"type":"Point","coordinates":[3.36594,6.4863]}},{"type":"Feature","properties":{"name":"Jostana Nursery and Primary School","kind":"school","ownership":"Private","level":"Formal","kind_detail":"Primary","lga":"Lagos Mainland","ward":"Iponri / Olaleye"},"geometry":{"type":"Point","coordinates":[3.36451,6.48897]}},{"type":"Feature","properties":{"name":"Alade Nursery and Primary School","kind":"school","ownership":"Private","level":"Formal","kind_detail":"Primary","lga":"Lagos Mainland","ward":"Iponri / Olaleye"},"geometry":{"type":"Point","coordinates":[3.36828,6.48926]}},{"type":"Feature","properties":{"name":"Addo Primary School","kind":"school","ownership":"Public","level":"Formal","kind_detail":"Primary","lga":"Eti Osa","ward":"Addo / Okeira"},"geometry":{"type":"Point","coordinates":[3.58404,6.49759]}},{"type":"Feature","properties":{"name":"Jossy Nursery and Primary School","kind":"school","ownership":"Private","level":"Formal","kind_detail":"Primary","lga":"Apapa","ward":"Sari"},"geometry":{"type":"Point","coordinates":[3.35323,6.47384]}},{"type":"Feature","properties":{"name":"Orile Iganmu Primary School","kind":"school","ownership":"Public","level":"Formal","kind_detail":"Primary","lga":"Surulere","ward":"Coker"},"geometry":{"type":"Point","coordinates":[3.33269,6.47297]}},{"type":"Feature","properties":{"name":"Virgin Nursery and Primary School","kind":"school","ownership":"Private","level":"Formal","kind_detail":"Primary","lga":"Mushin","ward":"Alakara"},"geometry":{"type":"Point","coordinates":[3.36376,6.524]}},{"type":"Feature","properties":{"name":"Al Iman Nursery and Primary School","kind":"school","ownership":"Private","level":"Formal","kind_detail":"Primary","lga":"Mushin","ward":"Onitire"},"geometry":{"type":"Point","coordinates":[3.33664,6.51724]}},{"type":"Feature","properties":{"name":"Footsteps Nursery and Primary School","kind":"school","ownership":"Private","level":"Formal","kind_detail":"Primary","lga":"Surulere","ward":"Obele Oniwala"},"geometry":{"type":"Point","coordinates":[3.35633,6.5129]}},{"type":"Feature","properties":{"name":"T F H Nursery and Primary School","kind":"school","ownership":"Private","level":"Formal","kind_detail":"Primary","lga":"Mushin","ward":"Alakara"},"geometry":{"type":"Point","coordinates":[3.36535,6.52253]}},{"type":"Feature","properties":{"name":"Ibikunle Nursery and Primary School","kind":"school","ownership":"Private","level":"Formal","kind_detail":"Primary","lga":"Surulere","ward":"Akinhanmi Cole"},"geometry":{"type":"Point","coordinates":[3.36162,6.51471]}},{"type":"Feature","properties":{"name":"Ansarr Udeen Nursery and Primary School","kind":"school","ownership":"Private","level":"Formal","kind_detail":"Primary","lga":"Surulere","ward":"Akinhanmi Cole"},"geometry":{"type":"Point","coordinates":[3.36362,6.51612]}},{"type":"Feature","properties":{"name":"Mattina Nursery and Primary School","kind":"school","ownership":"Private","level":"Formal","kind_detail":"Primary","lga":"Surulere","ward":"Akinhanmi Cole"},"geometry":{"type":"Point","coordinates":[3.36326,6.51884]}},{"type":"Feature","properties":{"name":"Eveland Nursery and Primary School","kind":"school","ownership":"Private","level":"Formal","kind_detail":"Primary","lga":"Mushin","ward":"Idi-Araba"},"geometry":{"type":"Point","coordinates":[3.36003,6.51423]}},{"type":"Feature","properties":{"name":"Daygrace Nursery and Primary School","kind":"school","ownership":"Private","level":"Formal","kind_detail":"Primary","lga":"Mushin","ward":"Oduselu / Ola"},"geometry":{"type":"Point","coordinates":[3.33104,6.50902]}},{"type":"Feature","properties":{"name":"Happy Gate Nursery and Primary School","kind":"school","ownership":"Private","level":"Formal","kind_detail":"Primary","lga":"Mushin","ward":"Babalosa 2"},"geometry":{"type":"Point","coordinates":[3.35424,6.52292]}},{"type":"Feature","properties":{"name":"Odo Olowo Nursery and Primary School","kind":"school","ownership":"Public","level":"Formal","kind_detail":"Primary","lga":"Surulere","ward":"Odo-Olowu"},"geometry":{"type":"Point","coordinates":[3.3233,6.49755]}},{"type":"Feature","properties":{"name":"Imam Shuaib Nursery and Primary School","kind":"school","ownership":"Public","level":"Formal","kind_detail":"Primary","lga":"Surulere","ward":"Sanusi 1"},"geometry":{"type":"Point","coordinates":[3.33007,6.49962]}},{"type":"Feature","properties":{"name":"Aguntasolo Nursery and Primary School","kind":"school","ownership":"Public","level":"Formal","kind_detail":"Primary","lga":"Surulere","ward":"Airways"},"geometry":{"type":"Point","coordinates":[3.32991,6.48973]}},{"type":"Feature","properties":{"name":"Obele Odan Nursery and Primary School","kind":"school","ownership":"Public","level":"Formal","kind_detail":"Primary","lga":"Surulere","ward":"Obele Oniwala"},"geometry":{"type":"Point","coordinates":[3.35699,6.51275]}},{"type":"Feature","properties":{"name":"Adeniji Primary School","kind":"school","ownership":"Public","level":"Formal","kind_detail":"Primary","lga":"Surulere","ward":"Obele Oniwala"},"geometry":{"type":"Point","coordinates":[3.35702,6.51312]}},{"type":"Feature","properties":{"name":"Muslim Primary School","kind":"school","ownership":"Public","level":"Formal","kind_detail":"Primary","lga":"Surulere","ward":"Obele Oniwala"},"geometry":{"type":"Point","coordinates":[3.34945,6.51395]}},{"type":"Feature","properties":{"name":"Obele Primary School","kind":"school","ownership":"Public","level":"Formal","kind_detail":"Primary","lga":"Surulere","ward":"Obele Oniwala"},"geometry":{"type":"Point","coordinates":[3.35096,6.51297]}},{"type":"Feature","properties":{"name":"Holy Rosary Primary School","kind":"school","ownership":"Public","level":"Formal","kind_detail":"Primary","lga":"Mushin","ward":"Idi-Araba"},"geometry":{"type":"Point","coordinates":[3.36004,6.51462]}},{"type":"Feature","properties":{"name":"Alafia Oluwo Primary School","kind":"school","ownership":"Public","level":"Formal","kind_detail":"Primary","lga":"Mushin","ward":"Alafia / Adeoyo"},"geometry":{"type":"Point","coordinates":[3.34543,6.52279]}},{"type":"Feature","properties":{"name":"Mainland Model Primary School","kind":"school","ownership":"Public","level":"Formal","kind_detail":"Primary","lga":"Mushin","ward":"Babalosa 2"},"geometry":{"type":"Point","coordinates":[3.35398,6.5233]}},{"type":"Feature","properties":{"name":"Canal Nursery and Primary School","kind":"school","ownership":"Public","level":"Formal","kind_detail":"Primary","lga":"Surulere","ward":"Bale"},"geometry":{"type":"Point","coordinates":[3.33801,6.47563]}},{"type":"Feature","properties":{"name":"Ijesatedo Primary School","kind":"school","ownership":"Public","level":"Formal","kind_detail":"Primary","lga":"Surulere","ward":"Odo-Olowu"},"geometry":{"type":"Point","coordinates":[3.32628,6.49783]}},{"type":"Feature","properties":{"name":"Itana Primary School","kind":"school","ownership":"Public","level":"Formal","kind_detail":"Primary","lga":"Surulere","ward":"Jinadu Aiyetoro"},"geometry":{"type":"Point","coordinates":[3.33972,6.48913]}},{"type":"Feature","properties":{"name":"St Thomas Aquina Primary School","kind":"school","ownership":"Public","level":"Formal","kind_detail":"Primary","lga":"Mushin","ward":"Idi-Araba"},"geometry":{"type":"Point","coordinates":[3.35862,6.51501]}},{"type":"Feature","properties":{"name":"St Joseph Nursery and Primary School","kind":"school","ownership":"Public","level":"Formal","kind_detail":"Primary","lga":"Mushin","ward":"Idi-Araba"},"geometry":{"type":"Point","coordinates":[3.3585,6.51535]}},{"type":"Feature","properties":{"name":"Biney Memorial Primary School","kind":"school","ownership":"Public","level":"Formal","kind_detail":"Primary","lga":"Lagos Mainland","ward":"Harvey"},"geometry":{"type":"Point","coordinates":[3.36632,6.51699]}},{"type":"Feature","properties":{"name":"Alakara and Anglikan Primary School","kind":"school","ownership":"Public","level":"Formal","kind_detail":"Primary","lga":"Mushin","ward":"Alakara"},"geometry":{"type":"Point","coordinates":[3.36458,6.52125]}},{"type":"Feature","properties":{"name":"Our Lady of Fatima Nursery and Primary School","kind":"school","ownership":"Public","level":"Formal","kind_detail":"Primary","lga":"Mushin","ward":"Idi-Araba"},"geometry":{"type":"Point","coordinates":[3.36039,6.51446]}},{"type":"Feature","properties":{"name":"Christ Central Primary School","kind":"school","ownership":"Public","level":"Formal","kind_detail":"Primary","lga":"Mushin","ward":"Ilupeju"},"geometry":{"type":"Point","coordinates":[3.36083,6.53841]}},{"type":"Feature","properties":{"name":"Kosy Bethel Primary School","kind":"school","ownership":"Public","level":"Formal","kind_detail":"Primary","lga":"Mushin","ward":"Ilupeju"},"geometry":{"type":"Point","coordinates":[3.36078,6.53921]}},{"type":"Feature","properties":{"name":"Ajenifuja Primary School","kind":"school","ownership":"Public","level":"Formal","kind_detail":"Primary","lga":"Mushin","ward":"Ilupeju"},"geometry":{"type":"Point","coordinates":[3.36094,6.53874]}},{"type":"Feature","properties":{"name":"St Paul Anglican Primary School","kind":"school","ownership":"Public","level":"Formal","kind_detail":"Primary","lga":"Mushin","ward":"Alakara"},"geometry":{"type":"Point","coordinates":[3.36476,6.5222]}},{"type":"Feature","properties":{"name":"St John Anglican Primary School","kind":"school","ownership":"Public","level":"Formal","kind_detail":"Primary","lga":"Mushin","ward":"Alakara"},"geometry":{"type":"Point","coordinates":[3.36492,6.52169]}},{"type":"Feature","properties":{"name":"Aina Sogunro Memorial Primary School","kind":"school","ownership":"Public","level":"Integrated","kind_detail":"Primary","lga":"Mushin","ward":"Idi-Araba"},"geometry":{"type":"Point","coordinates":[3.35835,6.51573]}},{"type":"Feature","properties":{"name":"Jehovah Jireh Nursery and Primary School","kind":"school","ownership":"Public","level":"Formal","kind_detail":"Primary","lga":"Surulere","ward":"Akinhanmi Cole"},"geometry":{"type":"Point","coordinates":[3.36481,6.51814]}},{"type":"Feature","properties":{"name":"Anglican Girls Nursery and Primary School","kind":"school","ownership":"Public","level":"Formal","kind_detail":"Primary","lga":"Surulere","ward":"Akinhanmi Cole"},"geometry":{"type":"Point","coordinates":[3.36283,6.5155]}},{"type":"Feature","properties":{"name":"Shamsudeen Islamic Primary School","kind":"school","ownership":"Public","level":"Formal","kind_detail":"Primary","lga":"Surulere","ward":"Akinhanmi Cole"},"geometry":{"type":"Point","coordinates":[3.3621,6.51106]}},{"type":"Feature","properties":{"name":"Adeniyi Primary School","kind":"school","ownership":"Public","level":"Formal","kind_detail":"Primary","lga":"Mushin","ward":"Onitire"},"geometry":{"type":"Point","coordinates":[3.33514,6.51736]}},{"type":"Feature","properties":{"name":"Durojaye Primary School","kind":"school","ownership":"Public","level":"Formal","kind_detail":"Primary","lga":"Mushin","ward":"Onitire"},"geometry":{"type":"Point","coordinates":[3.3355,6.51727]}},{"type":"Feature","properties":{"name":"St Phillip Primary School","kind":"school","ownership":"Public","level":"Formal","kind_detail":"Primary","lga":"Mushin","ward":"Mushin / Atewolara"},"geometry":{"type":"Point","coordinates":[3.35371,6.53899]}},{"type":"Feature","properties":{"name":"Oduduwa Nursery and Primary School Ladipo","kind":"school","ownership":"Public","level":"Formal","kind_detail":"Primary","lga":"Mushin","ward":"Mushin / Atewolara"},"geometry":{"type":"Point","coordinates":[3.34751,6.53705]}},{"type":"Feature","properties":{"name":"Papa Ajao Primary School","kind":"school","ownership":"Public","level":"Formal","kind_detail":"Primary","lga":"Mushin","ward":"Mushin / Atewolara"},"geometry":{"type":"Point","coordinates":[3.34659,6.53783]}},{"type":"Feature","properties":{"name":"Palm Avenue Primary School","kind":"school","ownership":"Public","level":"Formal","kind_detail":"Primary","lga":"Mushin","ward":"Mushin / Atewolara"},"geometry":{"type":"Point","coordinates":[3.34977,6.53699]}},{"type":"Feature","properties":{"name":"Akodu Primary School","kind":"school","ownership":"Public","level":"Formal","kind_detail":"Primary","lga":"Mushin","ward":"Babalosa 2"},"geometry":{"type":"Point","coordinates":[3.35229,6.52385]}},{"type":"Feature","properties":{"name":"Aunty Dare Memorial Nursery and Primary School","kind":"school","ownership":"Private","level":"Formal","kind_detail":"Primary","lga":"Surulere","ward":"Osho"},"geometry":{"type":"Point","coordinates":[3.3368,6.48023]}},{"type":"Feature","properties":{"name":"Rejoice Nursery and Primary School","kind":"school","ownership":"Private","level":"Formal","kind_detail":"Primary","lga":"Surulere","ward":"Osho"},"geometry":{"type":"Point","coordinates":[3.34027,6.4838]}},{"type":"Feature","properties":{"name":"Aunty Lade Nursery and Primary School","kind":"school","ownership":"Private","level":"Formal","kind_detail":"Primary","lga":"Surulere","ward":"Agunbiade"},"geometry":{"type":"Point","coordinates":[3.33094,6.49634]}},{"type":"Feature","properties":{"name":"Zikino Nursery and Primary School","kind":"school","ownership":"Private","level":"Formal","kind_detail":"Primary","lga":"Surulere","ward":"Agunbiade"},"geometry":{"type":"Point","coordinates":[3.3329,6.49627]}},{"type":"Feature","properties":{"name":"C N M Nursery and Primary School","kind":"school","ownership":"Private","level":"Formal","kind_detail":"Primary","lga":"Lagos Mainland","ward":"Iponri / Olaleye"},"geometry":{"type":"Point","coordinates":[3.37903,6.48299]}},{"type":"Feature","properties":{"name":"Soroptimist International Nursery and Primary School","kind":"school","ownership":"Private","level":"Formal","kind_detail":"Primary","lga":"Apapa","ward":"Abraham Adesanya"},"geometry":{"type":"Point","coordinates":[3.36952,6.44398]}},{"type":"Feature","properties":{"name":"Tender Legend Nursery and Primary School","kind":"school","ownership":"Private","level":"Formal","kind_detail":"Primary","lga":"Lagos Mainland","ward":"Freeman / Glover"},"geometry":{"type":"Point","coordinates":[3.38537,6.48572]}},{"type":"Feature","properties":{"name":"Lifetree Nursery and Primary School","kind":"school","ownership":"Private","level":"Formal","kind_detail":"Primary","lga":"Lagos Mainland","ward":"Freeman / Glover"},"geometry":{"type":"Point","coordinates":[3.38584,6.48525]}},{"type":"Feature","properties":{"name":"Mutais Nursery and Primary School","kind":"school","ownership":"Private","level":"Formal","kind_detail":"Primary","lga":"Lagos Mainland","ward":"Oyingbo"},"geometry":{"type":"Point","coordinates":[3.38785,6.47841]}},{"type":"Feature","properties":{"name":"Amlat Nursery and Primary School","kind":"school","ownership":"Private","level":"Formal","kind_detail":"Primary","lga":"Lagos Mainland","ward":"Freeman / Glover"},"geometry":{"type":"Point","coordinates":[3.38548,6.48545]}},{"type":"Feature","properties":{"name":"New Africa Nursery and Primary School","kind":"school","ownership":"Private","level":"Formal","kind_detail":"Primary","lga":"Lagos Mainland","ward":"Araromi"},"geometry":{"type":"Point","coordinates":[3.38742,6.48337]}},{"type":"Feature","properties":{"name":"Demsol Nursery and Primary School","kind":"school","ownership":"Private","level":"Formal","kind_detail":"Primary","lga":"Lagos Mainland","ward":"Botanical Garden"},"geometry":{"type":"Point","coordinates":[3.38062,6.4791]}},{"type":"Feature","properties":{"name":"Modern Day Nursery and Primary School","kind":"school","ownership":"Private","level":"Formal","kind_detail":"Primary","lga":"Lagos Mainland","ward":"Freeman / Glover"},"geometry":{"type":"Point","coordinates":[3.38589,6.48745]}},{"type":"Feature","properties":{"name":"Libra Montessori Nursery and Primary School","kind":"school","ownership":"Private","level":"Formal","kind_detail":"Primary","lga":"Lagos Mainland","ward":"Araromi"},"geometry":{"type":"Point","coordinates":[3.38924,6.48405]}},{"type":"Feature","properties":{"name":"Bestway Nursery and Primary School","kind":"school","ownership":"Private","level":"Formal","kind_detail":"Primary","lga":"Lagos Mainland","ward":"Alagomeji"},"geometry":{"type":"Point","coordinates":[3.38407,6.49949]}},{"type":"Feature","properties":{"name":"Shomaa Impressive Nursery and Primary School","kind":"school","ownership":"Private","level":"Formal","kind_detail":"Primary","lga":"Lagos Mainland","ward":"Makoko"},"geometry":{"type":"Point","coordinates":[3.38507,6.50274]}},{"type":"Feature","properties":{"name":"Al Mujahidun Nursery and Primary School","kind":"school","ownership":"Private","level":"Integrated","kind_detail":"Primary","lga":"Lagos Mainland","ward":"Makoko"},"geometry":{"type":"Point","coordinates":[3.38482,6.5021]}},{"type":"Feature","properties":{"name":"Sharp Kiddies Primary School","kind":"school","ownership":"Private","level":"Formal","kind_detail":"Primary","lga":"Lagos Island","ward":"Okepopo East"},"geometry":{"type":"Point","coordinates":[3.39549,6.45396]}},{"type":"Feature","properties":{"name":"Tees Lolly Day Nursery and Primary School","kind":"school","ownership":"Private","level":"Formal","kind_detail":"Primary","lga":"Lagos Island","ward":"Okepopo West"},"geometry":{"type":"Point","coordinates":[3.39477,6.45329]}},{"type":"Feature","properties":{"name":"Kolad Nursery and Primary School","kind":"school","ownership":"Private","level":"Formal","kind_detail":"Primary","lga":"Lagos Island","ward":"Epetedo West"},"geometry":{"type":"Point","coordinates":[3.39903,6.45199]}},{"type":"Feature","properties":{"name":"Subulusalam Nursery and Primary School","kind":"school","ownership":"Private","level":"Integrated","kind_detail":"Primary","lga":"Lagos Island","ward":"Epetedo East"},"geometry":{"type":"Point","coordinates":[3.40107,6.45247]}},{"type":"Feature","properties":{"name":"National Orthopedic Primary School","kind":"school","ownership":"Public","level":"Formal","kind_detail":"Primary","lga":"Shomolu","ward":"Igbobi / Fadeyi"},"geometry":{"type":"Point","coordinates":[3.37354,6.53134]}},{"type":"Feature","properties":{"name":"Jinadu Primary School","kind":"school","ownership":"Public","level":"Formal","kind_detail":"Primary","lga":"Eti Osa","ward":"Ikoyi 2"},"geometry":{"type":"Point","coordinates":[3.42052,6.44332]}},{"type":"Feature","properties":{"name":"Obalende Primary School","kind":"school","ownership":"Public","level":"Formal","kind_detail":"Primary","lga":"Eti Osa","ward":"Ijeh / Dolphin Estate"},"geometry":{"type":"Point","coordinates":[3.40918,6.45255]}},{"type":"Feature","properties":{"name":"Jama Al Tul Islamiyyat Primary School","kind":"school","ownership":"Public","level":"Formal","kind_detail":"Primary","lga":"Eti Osa","ward":"Maroko / Okun Alfa"},"geometry":{"type":"Point","coordinates":[3.52218,6.43359]}},{"type":"Feature","properties":{"name":"Maiyegun Community Primary School","kind":"school","ownership":"Public","level":"Formal","kind_detail":"Primary","lga":"Eti Osa","ward":"Maroko / Okun Alfa"},"geometry":{"type":"Point","coordinates":[3.51017,6.43271]}},{"type":"Feature","properties":{"name":"Ireti Primary School","kind":"school","ownership":"Public","level":"Formal","kind_detail":"Primary","lga":"Apapa","ward":"Owoseni"},"geometry":{"type":"Point","coordinates":[3.35714,6.4723]}},{"type":"Feature","properties":{"name":"Onitolo Nursery and Primary School","kind":"school","ownership":"Public","level":"Formal","kind_detail":"Primary","lga":"Surulere","ward":"Gbaja Obele-Odan"},"geometry":{"type":"Point","coordinates":[3.36008,6.50479]}},{"type":"Feature","properties":{"name":"Raufu Williams Primary School","kind":"school","ownership":"Public","level":"Formal","kind_detail":"Primary","lga":"Surulere","ward":"Adeniran Ogunsanya"},"geometry":{"type":"Point","coordinates":[3.34986,6.4961]}},{"type":"Feature","properties":{"name":"Gbaja Primary School","kind":"school","ownership":"Private","level":"Formal","kind_detail":"Primary","lga":"Surulere","ward":"Gbaja Obele-Odan"},"geometry":{"type":"Point","coordinates":[3.36186,6.50543]}},{"type":"Feature","properties":{"name":"Assemblies of God Nursery and Primary School","kind":"school","ownership":"Faith Based","level":"Formal","kind_detail":"Primary","lga":"Surulere","ward":"Ramoni"},"geometry":{"type":"Point","coordinates":[3.34693,6.50308]}},{"type":"Feature","properties":{"name":"Bariga Primary School Bariga","kind":"school","ownership":"Public","level":"Formal","kind_detail":"Primary","lga":"Shomolu","ward":"Apelehin"},"geometry":{"type":"Point","coordinates":[3.38934,6.5424]}},{"type":"Feature","properties":{"name":"Oduduwa Primary School","kind":"school","ownership":"Public","level":"Formal","kind_detail":"Primary","lga":"Shomolu","ward":"Apelehin"},"geometry":{"type":"Point","coordinates":[3.3909,6.54624]}},{"type":"Feature","properties":{"name":"National Primary School Bariga","kind":"school","ownership":"Public","level":"Formal","kind_detail":"Primary","lga":"Shomolu","ward":"Apelehin"},"geometry":{"type":"Point","coordinates":[3.39076,6.54676]}},{"type":"Feature","properties":{"name":"Ijebu Tedo Nursery and Primary School","kind":"school","ownership":"Public","level":"Formal","kind_detail":"Primary","lga":"Shomolu","ward":"Ijebu Tedo"},"geometry":{"type":"Point","coordinates":[3.36776,6.54206]}},{"type":"Feature","properties":{"name":"C M S Primary School","kind":"school","ownership":"Public","level":"Formal","kind_detail":"Primary","lga":"Shomolu","ward":"Owode  / Orile Bariga"},"geometry":{"type":"Point","coordinates":[3.38959,6.53587]}},{"type":"Feature","properties":{"name":"Nathan Nursery and Primary School","kind":"school","ownership":"Public","level":"Formal","kind_detail":"Primary","lga":"Surulere","ward":"Mosafejo Ojuelegba"},"geometry":{"type":"Point","coordinates":[3.36743,6.51135]}},{"type":"Feature","properties":{"name":"Ebenezer Nursery and Primary School","kind":"school","ownership":"Public","level":"Formal","kind_detail":"Primary","lga":"Lagos Mainland","ward":"Botanical Garden"},"geometry":{"type":"Point","coordinates":[3.37468,6.47714]}},{"type":"Feature","properties":{"name":"Banjo Nursery and Primary School","kind":"school","ownership":"Public","level":"Formal","kind_detail":"Primary","lga":"Lagos Mainland","ward":"Botanical Garden"},"geometry":{"type":"Point","coordinates":[3.37404,6.47722]}},{"type":"Feature","properties":{"name":"Kadara Nursery and Primary School","kind":"school","ownership":"Public","level":"Formal","kind_detail":"Primary","lga":"Lagos Mainland","ward":"Araromi"},"geometry":{"type":"Point","coordinates":[3.38832,6.48214]}},{"type":"Feature","properties":{"name":"St Jude Nursery and Primary School","kind":"school","ownership":"Public","level":"Formal","kind_detail":"Primary","lga":"Lagos Mainland","ward":"Freeman / Glover"},"geometry":{"type":"Point","coordinates":[3.38357,6.48527]}},{"type":"Feature","properties":{"name":"Ago Egba African Church Nursery and Primary School","kind":"school","ownership":"Public","level":"Formal","kind_detail":"Primary","lga":"Lagos Mainland","ward":"Freeman / Glover"},"geometry":{"type":"Point","coordinates":[3.38294,6.48436]}},{"type":"Feature","properties":{"name":"Central Baptist Nursery and Primary School","kind":"school","ownership":"Public","level":"Formal","kind_detail":"Primary","lga":"Lagos Mainland","ward":"Oyingbo"},"geometry":{"type":"Point","coordinates":[3.38791,6.48028]}},{"type":"Feature","properties":{"name":"Christ Church Primary School","kind":"school","ownership":"Public","level":"Formal","kind_detail":"Primary","lga":"Lagos Mainland","ward":"Oyingbo"},"geometry":{"type":"Point","coordinates":[3.3847,6.48286]}},{"type":"Feature","properties":{"name":"St Matthias Boys Primary School","kind":"school","ownership":"Public","level":"Formal","kind_detail":"Primary","lga":"Lagos Island","ward":"Lafiaji"},"geometry":{"type":"Point","coordinates":[3.40539,6.45079]}},{"type":"Feature","properties":{"name":"Methodist Nursery and Primary School","kind":"school","ownership":"Public","level":"Formal","kind_detail":"Primary","lga":"Surulere","ward":"Babatunde Ayilara"},"geometry":{"type":"Point","coordinates":[3.35007,6.50889]}},{"type":"Feature","properties":{"name":"Idi Odo Nursery and Primary Schooll Gbagda","kind":"school","ownership":"Public","level":"Formal","kind_detail":"Primary","lga":"Shomolu","ward":"Apelehin"},"geometry":{"type":"Point","coordinates":[3.38039,6.54769]}},{"type":"Feature","properties":{"name":"Gagada East Primary School","kind":"school","ownership":"Public","level":"Formal","kind_detail":"Primary","lga":"Shomolu","ward":"Apelehin"},"geometry":{"type":"Point","coordinates":[3.39059,6.54664]}},{"type":"Feature","properties":{"name":"Apeleyin Primary School","kind":"school","ownership":"Public","level":"Formal","kind_detail":"Primary","lga":"Shomolu","ward":"Apelehin"},"geometry":{"type":"Point","coordinates":[3.39124,6.54646]}},{"type":"Feature","properties":{"name":"Abule Ayo Primary School","kind":"school","ownership":"Public","level":"Formal","kind_detail":"Primary","lga":"Shomolu","ward":"Apelehin"},"geometry":{"type":"Point","coordinates":[3.38952,6.54218]}},{"type":"Feature","properties":{"name":"Alubarika Primary School","kind":"school","ownership":"Public","level":"Formal","kind_detail":"Primary","lga":"Shomolu","ward":"Apelehin"},"geometry":{"type":"Point","coordinates":[3.39079,6.54073]}},{"type":"Feature","properties":{"name":"St Theresa Primary School Bariga","kind":"school","ownership":"Public","level":"Formal","kind_detail":"Primary","lga":"Shomolu","ward":"Apelehin"},"geometry":{"type":"Point","coordinates":[3.38968,6.54198]}},{"type":"Feature","properties":{"name":"Temple Primary School","kind":"school","ownership":"Public","level":"Formal","kind_detail":"Primary","lga":"Shomolu","ward":"Apelehin"},"geometry":{"type":"Point","coordinates":[3.39103,6.54092]}},{"type":"Feature","properties":{"name":"Bariga Primary School","kind":"school","ownership":"Public","level":"Formal","kind_detail":"Primary","lga":"Shomolu","ward":"Apelehin"},"geometry":{"type":"Point","coordinates":[3.38995,6.54235]}},{"type":"Feature","properties":{"name":"Fadeyi Nursery and Primary School","kind":"school","ownership":"Public","level":"Formal","kind_detail":"Primary","lga":"Lagos Mainland","ward":"Harvey"},"geometry":{"type":"Point","coordinates":[3.36944,6.52246]}},{"type":"Feature","properties":{"name":"Onayade Community Primary School Fadeyi","kind":"school","ownership":"Public","level":"Formal","kind_detail":"Primary","lga":"Lagos Mainland","ward":"Harvey"},"geometry":{"type":"Point","coordinates":[3.36955,6.52206]}},{"type":"Feature","properties":{"name":"Mahoung Military Primary School","kind":"school","ownership":"Public","level":"Formal","kind_detail":"Primary","lga":"Lagos Mainland","ward":"Harvey"},"geometry":{"type":"Point","coordinates":[3.37335,6.52339]}},{"type":"Feature","properties":{"name":"Hussey Military Primary School","kind":"school","ownership":"Public","level":"Formal","kind_detail":"Primary","lga":"Lagos Mainland","ward":"Harvey"},"geometry":{"type":"Point","coordinates":[3.37319,6.52393]}},{"type":"Feature","properties":{"name":"Modupe Primary School","kind":"school","ownership":"Public","level":"Formal","kind_detail":"Primary","lga":"Shomolu","ward":"Igbari"},"geometry":{"type":"Point","coordinates":[3.38165,6.52651]}},{"type":"Feature","properties":{"name":"Oke Meta Memorial Primary School","kind":"school","ownership":"Public","level":"Formal","kind_detail":"Primary","lga":"Shomolu","ward":"Okesuna / Alase"},"geometry":{"type":"Point","coordinates":[3.37695,6.52973]}},{"type":"Feature","properties":{"name":"St Peter and Paul Nursery and Primary School","kind":"school","ownership":"Public","level":"Formal","kind_detail":"Primary","lga":"Shomolu","ward":"Orile Somolu / Alade"},"geometry":{"type":"Point","coordinates":[3.37493,6.53567]}},{"type":"Feature","properties":{"name":"Igbobi Nursery and Primary School","kind":"school","ownership":"Public","level":"Formal","kind_detail":"Primary","lga":"Shomolu","ward":"Igbobi / Fadeyi"},"geometry":{"type":"Point","coordinates":[3.3725,6.52962]}},{"type":"Feature","properties":{"name":"Idowu Primary School Ilaje Bariga","kind":"school","ownership":"Public","level":"Formal","kind_detail":"Primary","lga":"Shomolu","ward":"Owode  / Orile Bariga"},"geometry":{"type":"Point","coordinates":[3.38966,6.53495]}},{"type":"Feature","properties":{"name":"Arch Deacon Adelaja Primary School","kind":"school","ownership":"Public","level":"Formal","kind_detail":"Primary","lga":"Shomolu","ward":"Owode  / Orile Bariga"},"geometry":{"type":"Point","coordinates":[3.39071,6.53467]}},{"type":"Feature","properties":{"name":"Aiyetoro Primary School Akoka","kind":"school","ownership":"Public","level":"Formal","kind_detail":"Primary","lga":"Shomolu","ward":"Owode  / Orile Bariga"},"geometry":{"type":"Point","coordinates":[3.39045,6.53483]}},{"type":"Feature","properties":{"name":"Wesley Nursery and Primary School","kind":"school","ownership":"Public","level":"Formal","kind_detail":"Primary","lga":"Shomolu","ward":"Ijebu Tedo"},"geometry":{"type":"Point","coordinates":[3.37157,6.53938]}},{"type":"Feature","properties":{"name":"Bishop Crowther Memorial Primary School","kind":"school","ownership":"Public","level":"Formal","kind_detail":"Primary","lga":"Shomolu","ward":"Owode  / Orile Bariga"},"geometry":{"type":"Point","coordinates":[3.39033,6.53535]}},{"type":"Feature","properties":{"name":"Awoyaya Primary School","kind":"school","ownership":"Public","level":"Formal","kind_detail":"Primary","lga":"Eti Osa","ward":"1004 / Aboyade"},"geometry":{"type":"Point","coordinates":[3.43867,6.43597]}},{"type":"Feature","properties":{"name":"Ikoyi Nursery and Primary School","kind":"school","ownership":"Public","level":"Formal","kind_detail":"Primary","lga":"Eti Osa","ward":"Ikoyi 1"},"geometry":{"type":"Point","coordinates":[3.42494,6.46166]}},{"type":"Feature","properties":{"name":"Victoria Island Primary School","kind":"school","ownership":"Public","level":"Formal","kind_detail":"Primary","lga":"Eti Osa","ward":"1004 / Aboyade"},"geometry":{"type":"Point","coordinates":[3.43835,6.43635]}},{"type":"Feature","properties":{"name":"Doodan Barracks Primary School","kind":"school","ownership":"Public","level":"Formal","kind_detail":"Primary","lga":"Eti Osa","ward":"Obalende"},"geometry":{"type":"Point","coordinates":[3.41474,6.45011]}},{"type":"Feature","properties":{"name":"Olomu Primary School Ajah Lagos","kind":"school","ownership":"Public","level":"Formal","kind_detail":"Primary","lga":"Eti Osa","ward":"Ajah"},"geometry":{"type":"Point","coordinates":[3.56468,6.46976]}},{"type":"Feature","properties":{"name":"Ire Akari Nursery and Primary School II","kind":"school","ownership":"Public","level":"Formal","kind_detail":"Primary","lga":"Apapa","ward":"Alafia"},"geometry":{"type":"Point","coordinates":[3.34172,6.47471]}},{"type":"Feature","properties":{"name":"Ijero Baptist Primary School","kind":"school","ownership":"Public","level":"Formal","kind_detail":"Primary","lga":"Lagos Mainland","ward":"Botanical Garden"},"geometry":{"type":"Point","coordinates":[3.37347,6.48231]}},{"type":"Feature","properties":{"name":"Catholic Girls Nursery and Primary School","kind":"school","ownership":"Public","level":"Formal","kind_detail":"Primary","lga":"Lagos Mainland","ward":"Freeman / Glover"},"geometry":{"type":"Point","coordinates":[3.38244,6.48506]}},{"type":"Feature","properties":{"name":"Sagbokoji Nursery and Primary School","kind":"school","ownership":"Public","level":"Formal","kind_detail":"Primary","lga":"Apapa","ward":"Abraham Adesanya"},"geometry":{"type":"Point","coordinates":[3.37699,6.43158]}},{"type":"Feature","properties":{"name":"Ireti Nursery and Primary School","kind":"school","ownership":"Public","level":"Formal","kind_detail":"Primary","lga":"Apapa","ward":"Marine Beach"},"geometry":{"type":"Point","coordinates":[3.35977,6.45677]}},{"type":"Feature","properties":{"name":"Badia Nursery and Primary School","kind":"school","ownership":"Public","level":"Formal","kind_detail":"Primary","lga":"Apapa","ward":"Marine Beach"},"geometry":{"type":"Point","coordinates":[3.36322,6.45866]}},{"type":"Feature","properties":{"name":"Army Children Nursery and Primary School","kind":"school","ownership":"Public","level":"Formal","kind_detail":"Primary","lga":"Apapa","ward":"Marine Beach"},"geometry":{"type":"Point","coordinates":[3.35802,6.45616]}},{"type":"Feature","properties":{"name":"Bishop Kodji Nursery and Primary School","kind":"school","ownership":"Public","level":"Formal","kind_detail":"Primary","lga":"Apapa","ward":"Abraham Adesanya"},"geometry":{"type":"Point","coordinates":[3.3796,6.43244]}},{"type":"Feature","properties":{"name":"Lagos Street African Church Primary School","kind":"school","ownership":"Public","level":"Formal","kind_detail":"Primary","lga":"Lagos Mainland","ward":"Freeman / Glover"},"geometry":{"type":"Point","coordinates":[3.3825,6.48807]}},{"type":"Feature","properties":{"name":"Onike Baptist Girls Primary School","kind":"school","ownership":"Public","level":"Formal","kind_detail":"Primary","lga":"Lagos Mainland","ward":"Salami /  Baiyewunmi"},"geometry":{"type":"Point","coordinates":[3.3865,6.50989]}},{"type":"Feature","properties":{"name":"Olimo Memorial Primary School","kind":"school","ownership":"Public","level":"Formal","kind_detail":"Primary","lga":"Lagos Mainland","ward":"Salami /  Baiyewunmi"},"geometry":{"type":"Point","coordinates":[3.38679,6.50995]}},{"type":"Feature","properties":{"name":"Regan Memorial Baptist Nursery and Primary School","kind":"school","ownership":"Public","level":"Formal","kind_detail":"Primary","lga":"Lagos Mainland","ward":"Salami /  Baiyewunmi"},"geometry":{"type":"Point","coordinates":[3.38629,6.51004]}},{"type":"Feature","properties":{"name":"Araromi Baptist Nursery and Primary School","kind":"school","ownership":"Public","level":"Formal","kind_detail":"Primary","lga":"Lagos Island","ward":"Araromi Odo"},"geometry":{"type":"Point","coordinates":[3.40642,6.44781]}},{"type":"Feature","properties":{"name":"St Stephen Primary School","kind":"school","ownership":"Public","level":"Formal","kind_detail":"Primary","lga":"Lagos Island","ward":"Okepopo East"},"geometry":{"type":"Point","coordinates":[3.3953,6.45669]}},{"type":"Feature","properties":{"name":"Tinubu Methodist Primary School","kind":"school","ownership":"Public","level":"Formal","kind_detail":"Primary","lga":"Lagos Island","ward":"Ajele"},"geometry":{"type":"Point","coordinates":[3.39656,6.45097]}},{"type":"Feature","properties":{"name":"St Patrick Catholic Nursery and Primary School Lagos","kind":"school","ownership":"Public","level":"Formal","kind_detail":"Primary","lga":"Lagos Island","ward":"Ilupesi / Ebute Awo"},"geometry":{"type":"Point","coordinates":[3.38971,6.46041]}},{"type":"Feature","properties":{"name":"Ladilak Primary School","kind":"school","ownership":"Public","level":"Formal","kind_detail":"Primary","lga":"Shomolu","ward":"Aiyetoro / Mafowoku"},"geometry":{"type":"Point","coordinates":[3.38448,6.54011]}},{"type":"Feature","properties":{"name":"Baptist Academy Primary School Obanikoro","kind":"school","ownership":"Public","level":"Formal","kind_detail":"Primary","lga":"Shomolu","ward":"Pedro / Gbagada"},"geometry":{"type":"Point","coordinates":[3.37029,6.54668]}},{"type":"Feature","properties":{"name":"Ayinke Primary School","kind":"school","ownership":"Public","level":"Formal","kind_detail":"Primary","lga":"Shomolu","ward":"Aiyetoro / Mafowoku"},"geometry":{"type":"Point","coordinates":[3.38455,6.53948]}},{"type":"Feature","properties":{"name":"Saviour Primary School Obanikoro","kind":"school","ownership":"Public","level":"Formal","kind_detail":"Primary","lga":"Shomolu","ward":"Pedro / Gbagada"},"geometry":{"type":"Point","coordinates":[3.3721,6.5472]}},{"type":"Feature","properties":{"name":"Temidire Primary School","kind":"school","ownership":"Public","level":"Formal","kind_detail":"Primary","lga":"Shomolu","ward":"Apelehin"},"geometry":{"type":"Point","coordinates":[3.38079,6.54729]}},{"type":"Feature","properties":{"name":"Maharuf Deen Primary School","kind":"school","ownership":"Public","level":"Formal","kind_detail":"Primary","lga":"Shomolu","ward":"Apelehin"},"geometry":{"type":"Point","coordinates":[3.37909,6.54728]}},{"type":"Feature","properties":{"name":"Adaranijo Primary School","kind":"school","ownership":"Public","level":"Formal","kind_detail":"Primary","lga":"Shomolu","ward":"Pedro / Gbagada"},"geometry":{"type":"Point","coordinates":[3.37601,6.54613]}},{"type":"Feature","properties":{"name":"Ajidagun Primary School Gbagada Bariga","kind":"school","ownership":"Public","level":"Formal","kind_detail":"Primary","lga":"Shomolu","ward":"Apelehin"},"geometry":{"type":"Point","coordinates":[3.37863,6.5475]}},{"type":"Feature","properties":{"name":"Ogo Oluwa Primary School Bariga","kind":"school","ownership":"Public","level":"Formal","kind_detail":"Primary","lga":"Shomolu","ward":"Apelehin"},"geometry":{"type":"Point","coordinates":[3.38123,6.54687]}},{"type":"Feature","properties":{"name":"Adeife Sodipo Nursery and Primary School Orile Seriki Bariga","kind":"school","ownership":"Public","level":"Formal","kind_detail":"Primary","lga":"Shomolu","ward":"Ilaje"},"geometry":{"type":"Point","coordinates":[3.3929,6.536]}},{"type":"Feature","properties":{"name":"Shepheredhill Primary School Obanikoro","kind":"school","ownership":"Public","level":"Formal","kind_detail":"Primary","lga":"Shomolu","ward":"Pedro / Gbagada"},"geometry":{"type":"Point","coordinates":[3.3715,6.54683]}},{"type":"Feature","properties":{"name":"Gbagada Primary School Gbagada","kind":"school","ownership":"Public","level":"Formal","kind_detail":"Primary","lga":"Shomolu","ward":"Pedro / Gbagada"},"geometry":{"type":"Point","coordinates":[3.37839,6.54785]}},{"type":"Feature","properties":{"name":"Metropolitan Nursery and Primary School","kind":"school","ownership":"Public","level":"Formal","kind_detail":"Primary","lga":"Apapa","ward":"Alafia"},"geometry":{"type":"Point","coordinates":[3.34209,6.47606]}},{"type":"Feature","properties":{"name":"Sari Iganmu Nursery and Primary School","kind":"school","ownership":"Public","level":"Formal","kind_detail":"Primary","lga":"Apapa","ward":"Alafia"},"geometry":{"type":"Point","coordinates":[3.34073,6.47468]}},{"type":"Feature","properties":{"name":"David Savage Memorial Nursery and Primary School","kind":"school","ownership":"Public","level":"Formal","kind_detail":"Primary","lga":"Apapa","ward":"Alafia"},"geometry":{"type":"Point","coordinates":[3.34139,6.47493]}},{"type":"Feature","properties":{"name":"Marywood Nursery and Primary School","kind":"school","ownership":"Public","level":"Formal","kind_detail":"Primary","lga":"Lagos Mainland","ward":"Aloba / Desalu"},"geometry":{"type":"Point","coordinates":[3.37179,6.48657]}},{"type":"Feature","properties":{"name":"Adegoke Primary School","kind":"school","ownership":"Public","level":"Formal","kind_detail":"Primary","lga":"Surulere","ward":"Babatunde Ayilara"},"geometry":{"type":"Point","coordinates":[3.35002,6.5038]}},{"type":"Feature","properties":{"name":"Ideal Nursery and Primary School","kind":"school","ownership":"Public","level":"Formal","kind_detail":"Primary","lga":"Surulere","ward":"Babatunde Ayilara"},"geometry":{"type":"Point","coordinates":[3.35497,6.50909]}},{"type":"Feature","properties":{"name":"Adisa Basua Nursery and Primary School Surulere","kind":"school","ownership":"Public","level":"Formal","kind_detail":"Primary","lga":"Surulere","ward":"Adeniran Ogunsanya"},"geometry":{"type":"Point","coordinates":[3.35282,6.49746]}},{"type":"Feature","properties":{"name":"Atunda Olu Primary School Physically Chalenge","kind":"school","ownership":"Public","level":"Formal","kind_detail":"Primary","lga":"Surulere","ward":"Adeniran Ogunsanya"},"geometry":{"type":"Point","coordinates":[3.35544,6.4929]}},{"type":"Feature","properties":{"name":"Rabbiat Tompson Primary School","kind":"school","ownership":"Public","level":"Formal","kind_detail":"Primary","lga":"Surulere","ward":"Shitta Bank Olemoh"},"geometry":{"type":"Point","coordinates":[3.35669,6.50105]}},{"type":"Feature","properties":{"name":"Lagos Progressive Primary School","kind":"school","ownership":"Public","level":"Formal","kind_detail":"Primary","lga":"Surulere","ward":"Adeniran Ogunsanya"},"geometry":{"type":"Point","coordinates":[3.35632,6.49604]}},{"type":"Feature","properties":{"name":"Jinadu Nursery and Primary School","kind":"school","ownership":"Public","level":"Formal","kind_detail":"Primary","lga":"Surulere","ward":"Savage"},"geometry":{"type":"Point","coordinates":[3.34583,6.4875]}},{"type":"Feature","properties":{"name":"Our Lady of Lourdes Primary School","kind":"school","ownership":"Public","level":"Formal","kind_detail":"Primary","lga":"Surulere","ward":"Mosafejo Ojuelegba"},"geometry":{"type":"Point","coordinates":[3.36493,6.50862]}},{"type":"Feature","properties":{"name":"Akinsemoyin Primary School","kind":"school","ownership":"Public","level":"Formal","kind_detail":"Primary","lga":"Surulere","ward":"Iponri  /  Eric Moore"},"geometry":{"type":"Point","coordinates":[3.35799,6.48544]}},{"type":"Feature","properties":{"name":"Enitan Primary School","kind":"school","ownership":"Public","level":"Formal","kind_detail":"Primary","lga":"Surulere","ward":"Nuru Oniwo"},"geometry":{"type":"Point","coordinates":[3.34219,6.49625]}},{"type":"Feature","properties":{"name":"Subuola Nursery and Primary School","kind":"school","ownership":"Public","level":"Formal","kind_detail":"Primary","lga":"Surulere","ward":"Babatunde Ayilara"},"geometry":{"type":"Point","coordinates":[3.35004,6.50909]}},{"type":"Feature","properties":{"name":"The Salvation Army Nursery and Primary School","kind":"school","ownership":"Public","level":"Formal","kind_detail":"Primary","lga":"Lagos Mainland","ward":"Freeman / Glover"},"geometry":{"type":"Point","coordinates":[3.38322,6.48707]}},{"type":"Feature","properties":{"name":"Adekunle Anglican Primary School","kind":"school","ownership":"Public","level":"Formal","kind_detail":"Primary","lga":"Lagos Mainland","ward":"Adekunle / Aiyetoro"},"geometry":{"type":"Point","coordinates":[3.38496,6.49609]}},{"type":"Feature","properties":{"name":"Talim Ul Islam Ahmadiya Nursery and Primary School","kind":"school","ownership":"Public","level":"Integrated","kind_detail":"Primary","lga":"Lagos Mainland","ward":"Adekunle / Aiyetoro"},"geometry":{"type":"Point","coordinates":[3.38244,6.49257]}},{"type":"Feature","properties":{"name":"Irepodun Nursery and Primary School School I","kind":"school","ownership":"Public","level":"Formal","kind_detail":"Primary","lga":"Apapa","ward":"Alafia"},"geometry":{"type":"Point","coordinates":[3.34119,6.47482]}},{"type":"Feature","properties":{"name":"Courage Nursery and Primary School","kind":"school","ownership":"Private","level":"Formal","kind_detail":"Primary","lga":"Shomolu","ward":"Apelehin"},"geometry":{"type":"Point","coordinates":[3.39496,6.54904]}},{"type":"Feature","properties":{"name":"Bangbayor Nursery and Primary School","kind":"school","ownership":"Private","level":"Formal","kind_detail":"Primary","lga":"Lagos Mainland","ward":"Botanical Garden"},"geometry":{"type":"Point","coordinates":[3.37272,6.48024]}},{"type":"Feature","properties":{"name":"LA Lumiere Dieu Nursery and Primary School","kind":"school","ownership":"Private","level":"Formal","kind_detail":"Primary","lga":"Lagos Mainland","ward":"Abule Oja"},"geometry":{"type":"Point","coordinates":[3.39492,6.49893]}},{"type":"Feature","properties":{"name":"Flashing Victory Nursery and Primary School","kind":"school","ownership":"Private","level":"Formal","kind_detail":"Primary","lga":"Lagos Mainland","ward":"Makoko"},"geometry":{"type":"Point","coordinates":[3.38674,6.50066]}},{"type":"Feature","properties":{"name":"Adeyemi Day Nursery and Primary School","kind":"school","ownership":"Private","level":"Formal","kind_detail":"Primary","lga":"Lagos Island","ward":"Idumoyingbo"},"geometry":{"type":"Point","coordinates":[3.38911,6.46249]}},{"type":"Feature","properties":{"name":"Ebenezer Baptist Church Nursery and Primary School","kind":"school","ownership":"Private","level":"Formal","kind_detail":"Primary","lga":"Lagos Island","ward":"Ajele"},"geometry":{"type":"Point","coordinates":[3.39472,6.45044]}},{"type":"Feature","properties":{"name":"Bab Salam Nursery and Primary School","kind":"school","ownership":"Private","level":"Formal","kind_detail":"Primary","lga":"Lagos Island","ward":"Ilupesi / Ebute Awo"},"geometry":{"type":"Point","coordinates":[3.39152,6.45965]}},{"type":"Feature","properties":{"name":"Abebash Nursery and Primary School","kind":"school","ownership":"Private","level":"Formal","kind_detail":"Primary","lga":"Lagos Island","ward":"Idumoyingbo"},"geometry":{"type":"Point","coordinates":[3.3884,6.46484]}},{"type":"Feature","properties":{"name":"Bonimos Nursery and Primary School","kind":"school","ownership":"Private","level":"Formal","kind_detail":"Primary","lga":"Lagos Island","ward":"Ajele"},"geometry":{"type":"Point","coordinates":[3.39403,6.45297]}},{"type":"Feature","properties":{"name":"Kofoworola Nursery and Primary School","kind":"school","ownership":"Private","level":"Formal","kind_detail":"Primary","lga":"Lagos Island","ward":"Balogun"},"geometry":{"type":"Point","coordinates":[3.38501,6.45863]}},{"type":"Feature","properties":{"name":"Blessed Assurance Nursery and Primary School","kind":"school","ownership":"Private","level":"Formal","kind_detail":"Primary","lga":"Lagos Island","ward":"Anikantamo"},"geometry":{"type":"Point","coordinates":[3.3924,6.45785]}},{"type":"Feature","properties":{"name":"Maxwell Nursery and Primary School","kind":"school","ownership":"Private","level":"Formal","kind_detail":"Primary","lga":"Shomolu","ward":"Apelehin"},"geometry":{"type":"Point","coordinates":[3.39137,6.53641]}},{"type":"Feature","properties":{"name":"Krimlyn Primary School","kind":"school","ownership":"Private","level":"Formal","kind_detail":"Primary","lga":"Shomolu","ward":"Ilaje"},"geometry":{"type":"Point","coordinates":[3.39378,6.53908]}},{"type":"Feature","properties":{"name":"Paragon Children Nursery and Primary School","kind":"school","ownership":"Private","level":"Formal","kind_detail":"Primary","lga":"Shomolu","ward":"Seriki-Okuta"},"geometry":{"type":"Point","coordinates":[3.39507,6.54875]}},{"type":"Feature","properties":{"name":"Little Rock Nursery and Primary School Gbagada","kind":"school","ownership":"Private","level":"Formal","kind_detail":"Primary","lga":"Shomolu","ward":"Apelehin"},"geometry":{"type":"Point","coordinates":[3.39166,6.54594]}},{"type":"Feature","properties":{"name":"Prime Rose Nursery and Primary School","kind":"school","ownership":"Private","level":"Formal","kind_detail":"Primary","lga":"Shomolu","ward":"Apelehin"},"geometry":{"type":"Point","coordinates":[3.38882,6.54793]}},{"type":"Feature","properties":{"name":"Shewa Nursery and Primary School","kind":"school","ownership":"Private","level":"Formal","kind_detail":"Primary","lga":"Shomolu","ward":"Pedro / Gbagada"},"geometry":{"type":"Point","coordinates":[3.37718,6.53973]}},{"type":"Feature","properties":{"name":"Southfield Nursery and Primary School","kind":"school","ownership":"Private","level":"Formal","kind_detail":"Primary","lga":"Shomolu","ward":"Ibuowo / Owotutu"},"geometry":{"type":"Point","coordinates":[3.3808,6.53832]}},{"type":"Feature","properties":{"name":"St Philips Catholic Nursery and Primary School","kind":"school","ownership":"Private","level":"Formal","kind_detail":"Primary","lga":"Shomolu","ward":"Orile Somolu / Alade"},"geometry":{"type":"Point","coordinates":[3.37542,6.5358]}},{"type":"Feature","properties":{"name":"Aunty Aduni Memorial Day Nursery and Primary School","kind":"school","ownership":"Private","level":"Formal","kind_detail":"Primary","lga":"Shomolu","ward":"Ibuowo / Owotutu"},"geometry":{"type":"Point","coordinates":[3.37997,6.53822]}},{"type":"Feature","properties":{"name":"Semore Pat Nursery and Primary School Now Sephine Pat Primary School","kind":"school","ownership":"Private","level":"Formal","kind_detail":"Primary","lga":"Shomolu","ward":"Apelehin"},"geometry":{"type":"Point","coordinates":[3.39054,6.54852]}},{"type":"Feature","properties":{"name":"God The Head Christ Nursery and Primary School","kind":"school","ownership":"Private","level":"Formal","kind_detail":"Primary","lga":"Lagos Mainland","ward":"Botanical Garden"},"geometry":{"type":"Point","coordinates":[3.37174,6.48302]}},{"type":"Feature","properties":{"name":"Ife Nursery and Primary School","kind":"school","ownership":"Private","level":"Formal","kind_detail":"Primary","lga":"Apapa","ward":"Marine Beach"},"geometry":{"type":"Point","coordinates":[3.3607,6.45773]}},{"type":"Feature","properties":{"name":"Immanuel International Nursery and Primary School","kind":"school","ownership":"Private","level":"Formal","kind_detail":"Primary","lga":"Apapa","ward":"Marine Beach"},"geometry":{"type":"Point","coordinates":[3.35887,6.45683]}},{"type":"Feature","properties":{"name":"Faith Nursery and Primary School","kind":"school","ownership":"Private","level":"Formal","kind_detail":"Primary","lga":"Apapa","ward":"Abraham Adesanya"},"geometry":{"type":"Point","coordinates":[3.36433,6.44185]}},{"type":"Feature","properties":{"name":"Calvary Baptist Nursery and Primary School","kind":"school","ownership":"Private","level":"Formal","kind_detail":"Primary","lga":"Apapa","ward":"Marine Beach"},"geometry":{"type":"Point","coordinates":[3.36032,6.45666]}},{"type":"Feature","properties":{"name":"Patriot Academy Nursery and Primary School","kind":"school","ownership":"Private","level":"Formal","kind_detail":"Primary","lga":"Apapa","ward":"Owoseni"},"geometry":{"type":"Point","coordinates":[3.35742,6.47203]}},{"type":"Feature","properties":{"name":"Axis Nursery and Primary School","kind":"school","ownership":"Private","level":"Formal","kind_detail":"Primary","lga":"Apapa","ward":"Owoseni"},"geometry":{"type":"Point","coordinates":[3.35994,6.47165]}},{"type":"Feature","properties":{"name":"Becky Nursery and Primary School","kind":"school","ownership":"Private","level":"Formal","kind_detail":"Primary","lga":"Apapa","ward":"Owoseni"},"geometry":{"type":"Point","coordinates":[3.35583,6.46911]}},{"type":"Feature","properties":{"name":"Adeyemo Arabic Nursery and Primary School","kind":"school","ownership":"Private","level":"Integrated","kind_detail":"Primary","lga":"Apapa","ward":"Abete"},"geometry":{"type":"Point","coordinates":[3.35809,6.46615]}},{"type":"Feature","properties":{"name":"Almukhtar Nursery and Primary School","kind":"school","ownership":"Private","level":"Formal","kind_detail":"Primary","lga":"Apapa","ward":"Gaskiya"},"geometry":{"type":"Point","coordinates":[3.35264,6.47066]}},{"type":"Feature","properties":{"name":"Ayodele Day Nursery and Primary School","kind":"school","ownership":"Private","level":"Formal","kind_detail":"Primary","lga":"Apapa","ward":"Owoseni"},"geometry":{"type":"Point","coordinates":[3.35529,6.47024]}},{"type":"Feature","properties":{"name":"Godwisdom Nursery and Primary School","kind":"school","ownership":"Private","level":"Formal","kind_detail":"Primary","lga":"Apapa","ward":"Alafia"},"geometry":{"type":"Point","coordinates":[3.34534,6.47468]}},{"type":"Feature","properties":{"name":"Royal Kid International Nursery and Primary School","kind":"school","ownership":"Private","level":"Formal","kind_detail":"Primary","lga":"Apapa","ward":"Alafia"},"geometry":{"type":"Point","coordinates":[3.34772,6.47543]}},{"type":"Feature","properties":{"name":"Kemi Nursery and Primary School","kind":"school","ownership":"Private","level":"Formal","kind_detail":"Primary","lga":"Apapa","ward":"Owoseni"},"geometry":{"type":"Point","coordinates":[3.357,6.47168]}},{"type":"Feature","properties":{"name":"Victory Interntional Nursery and Primary School","kind":"school","ownership":"Private","level":"Formal","kind_detail":"Primary","lga":"Apapa","ward":"Owoseni"},"geometry":{"type":"Point","coordinates":[3.35859,6.47258]}},{"type":"Feature","properties":{"name":"Bright Success Nursery and Primary School","kind":"school","ownership":"Private","level":"Formal","kind_detail":"Primary","lga":"Apapa","ward":"Gaskiya"},"geometry":{"type":"Point","coordinates":[3.35257,6.47091]}},{"type":"Feature","properties":{"name":"Obok Nursery and Primary School","kind":"school","ownership":"Private","level":"Formal","kind_detail":"Primary","lga":"Apapa","ward":"Owoseni"},"geometry":{"type":"Point","coordinates":[3.35524,6.4711]}},{"type":"Feature","properties":{"name":"Goodness and Mercy Nursery and Primary School","kind":"school","ownership":"Private","level":"Formal","kind_detail":"Primary","lga":"Apapa","ward":"Alafia"},"geometry":{"type":"Point","coordinates":[3.34955,6.47356]}},{"type":"Feature","properties":{"name":"Sadec Nursery and Primary School","kind":"school","ownership":"Private","level":"Formal","kind_detail":"Primary","lga":"Apapa","ward":"Abete"},"geometry":{"type":"Point","coordinates":[3.35763,6.46483]}},{"type":"Feature","properties":{"name":"Solid Rock Foundation Nursery and Primary School","kind":"school","ownership":"Private","level":"Formal","kind_detail":"Primary","lga":"Apapa","ward":"Owoseni"},"geometry":{"type":"Point","coordinates":[3.35492,6.47045]}},{"type":"Feature","properties":{"name":"The Living Faith International Nursery and Primary School","kind":"school","ownership":"Private","level":"Formal","kind_detail":"Primary","lga":"Apapa","ward":"Abete"},"geometry":{"type":"Point","coordinates":[3.35881,6.46544]}},{"type":"Feature","properties":{"name":"St Phillips International Nursery and Primary School","kind":"school","ownership":"Private","level":"Formal","kind_detail":"Primary","lga":"Apapa","ward":"Alafia"},"geometry":{"type":"Point","coordinates":[3.34753,6.47299]}},{"type":"Feature","properties":{"name":"God First Nursery and Primary School","kind":"school","ownership":"Private","level":"Formal","kind_detail":"Primary","lga":"Apapa","ward":"Gaskiya"},"geometry":{"type":"Point","coordinates":[3.35253,6.47192]}},{"type":"Feature","properties":{"name":"Rock Ages Primary School","kind":"school","ownership":"Private","level":"Formal","kind_detail":"Primary","lga":"Apapa","ward":"Alafia"},"geometry":{"type":"Point","coordinates":[3.34625,6.47215]}},{"type":"Feature","properties":{"name":"Salem Nursery and Primary School","kind":"school","ownership":"Private","level":"Formal","kind_detail":"Primary","lga":"Apapa","ward":"Gaskiya"},"geometry":{"type":"Point","coordinates":[3.35181,6.47209]}},{"type":"Feature","properties":{"name":"Sylvian Rock Primary School","kind":"school","ownership":"Private","level":"Formal","kind_detail":"Primary","lga":"Apapa","ward":"Alafia"},"geometry":{"type":"Point","coordinates":[3.34442,6.4724]}},{"type":"Feature","properties":{"name":"Success Nursery and Primary School","kind":"school","ownership":"Private","level":"Formal","kind_detail":"Primary","lga":"Apapa","ward":"Gaskiya"},"geometry":{"type":"Point","coordinates":[3.35111,6.47057]}},{"type":"Feature","properties":{"name":"Ridon Nursery and Primary School","kind":"school","ownership":"Private","level":"Formal","kind_detail":"Primary","lga":"Apapa","ward":"Abete"},"geometry":{"type":"Point","coordinates":[3.35668,6.46446]}},{"type":"Feature","properties":{"name":"Pheville Nursery and Primary School","kind":"school","ownership":"Private","level":"Formal","kind_detail":"Primary","lga":"Apapa","ward":"Alafia"},"geometry":{"type":"Point","coordinates":[3.34355,6.47427]}},{"type":"Feature","properties":{"name":"Grass To Grace Nursery and Primary School","kind":"school","ownership":"Private","level":"Formal","kind_detail":"Primary","lga":"Apapa","ward":"Gaskiya"},"geometry":{"type":"Point","coordinates":[3.35134,6.47042]}},{"type":"Feature","properties":{"name":"Goodness Nursery and Primary School","kind":"school","ownership":"Private","level":"Formal","kind_detail":"Primary","lga":"Apapa","ward":"Alafia"},"geometry":{"type":"Point","coordinates":[3.34572,6.47571]}},{"type":"Feature","properties":{"name":"Perfect Child Nursery and Primary School Sari Iganmu","kind":"school","ownership":"Private","level":"Formal","kind_detail":"Primary","lga":"Apapa","ward":"Alafia"},"geometry":{"type":"Point","coordinates":[3.34576,6.47173]}},{"type":"Feature","properties":{"name":"Jumai Nursery and Primary School","kind":"school","ownership":"Private","level":"Formal","kind_detail":"Primary","lga":"Apapa","ward":"Gaskiya"},"geometry":{"type":"Point","coordinates":[3.35338,6.4694]}},{"type":"Feature","properties":{"name":"Adenike Nursery and Primary School","kind":"school","ownership":"Private","level":"Formal","kind_detail":"Primary","lga":"Apapa","ward":"Owoseni"},"geometry":{"type":"Point","coordinates":[3.35974,6.46975]}},{"type":"Feature","properties":{"name":"Ibadu Rahman Nursery and Primary School","kind":"school","ownership":"Private","level":"Formal","kind_detail":"Primary","lga":"Apapa","ward":"Owoseni"},"geometry":{"type":"Point","coordinates":[3.35819,6.47015]}},{"type":"Feature","properties":{"name":"Triumphant Nursery and Primary School","kind":"school","ownership":"Private","level":"Formal","kind_detail":"Primary","lga":"Lagos Mainland","ward":"Botanical Garden"},"geometry":{"type":"Point","coordinates":[3.37091,6.48009]}},{"type":"Feature","properties":{"name":"Yaton International Nursery and Primary School","kind":"school","ownership":"Private","level":"Formal","kind_detail":"Primary","lga":"Lagos Mainland","ward":"Botanical Garden"},"geometry":{"type":"Point","coordinates":[3.3746,6.47871]}},{"type":"Feature","properties":{"name":"Climax Pathway Nursery and Primary School","kind":"school","ownership":"Private","level":"Formal","kind_detail":"Primary","lga":"Lagos Mainland","ward":"Abule Oja"},"geometry":{"type":"Point","coordinates":[3.39378,6.4987]}},{"type":"Feature","properties":{"name":"Ayomi Nursery and Primary School","kind":"school","ownership":"Private","level":"Formal","kind_detail":"Primary","lga":"Lagos Mainland","ward":"Aderupoko / Ijebu Qters"},"geometry":{"type":"Point","coordinates":[3.39198,6.50154]}},{"type":"Feature","properties":{"name":"Grace Bound Nursery and Primary School","kind":"school","ownership":"Private","level":"Formal","kind_detail":"Primary","lga":"Lagos Mainland","ward":"Freeman / Glover"},"geometry":{"type":"Point","coordinates":[3.3844,6.48864]}},{"type":"Feature","properties":{"name":"Zinat Owolara Nursery and Primary School","kind":"school","ownership":"Private","level":"Formal","kind_detail":"Primary","lga":"Lagos Mainland","ward":"Oyingbo"},"geometry":{"type":"Point","coordinates":[3.38684,6.47897]}},{"type":"Feature","properties":{"name":"Omolade Nursery and Primary School","kind":"school","ownership":"Private","level":"Formal","kind_detail":"Primary","lga":"Lagos Mainland","ward":"Araromi"},"geometry":{"type":"Point","coordinates":[3.38838,6.48424]}},{"type":"Feature","properties":{"name":"De Mega Children Nursery and Primary School","kind":"school","ownership":"Private","level":"Formal","kind_detail":"Primary","lga":"Lagos Mainland","ward":"Freeman / Glover"},"geometry":{"type":"Point","coordinates":[3.38193,6.48845]}},{"type":"Feature","properties":{"name":"Tessco Nursery and Primary School","kind":"school","ownership":"Private","level":"Formal","kind_detail":"Primary","lga":"Lagos Mainland","ward":"Alagomeji"},"geometry":{"type":"Point","coordinates":[3.38178,6.5002]}},{"type":"Feature","properties":{"name":"Ms Kindergarteen Nursery and Primary School","kind":"school","ownership":"Private","level":"Formal","kind_detail":"Primary","lga":"Lagos Island","ward":"Lafiaji"},"geometry":{"type":"Point","coordinates":[3.40582,6.4512]}},{"type":"Feature","properties":{"name":"Latfab Nursery and Primary School","kind":"school","ownership":"Private","level":"Formal","kind_detail":"Primary","lga":"Lagos Island","ward":"Odam"},"geometry":{"type":"Point","coordinates":[3.40175,6.45062]}},{"type":"Feature","properties":{"name":"At Taoheed Nursery and Primary School","kind":"school","ownership":"Private","level":"Formal","kind_detail":"Primary","lga":"Lagos Island","ward":"Lafiaji"},"geometry":{"type":"Point","coordinates":[3.4053,6.45029]}},{"type":"Feature","properties":{"name":"Al Azim Nursery and Primary School","kind":"school","ownership":"Private","level":"Formal","kind_detail":"Primary","lga":"Lagos Island","ward":"Idumoyingbo"},"geometry":{"type":"Point","coordinates":[3.3879,6.46203]}},{"type":"Feature","properties":{"name":"Anwar Ul Islam Nursery and Primary School","kind":"school","ownership":"Private","level":"Integrated","kind_detail":"Primary","lga":"Lagos Island","ward":"Epetedo West"},"geometry":{"type":"Point","coordinates":[3.39937,6.457]}},{"type":"Feature","properties":{"name":"Exalted Nursery and Primary School","kind":"school","ownership":"Private","level":"Formal","kind_detail":"Primary","lga":"Lagos Island","ward":"Oke-Olowogbowo"},"geometry":{"type":"Point","coordinates":[3.38204,6.45841]}},{"type":"Feature","properties":{"name":"Waslat Nursery and Primary School","kind":"school","ownership":"Private","level":"Formal","kind_detail":"Primary","lga":"Lagos Island","ward":"Oke-Olowogbowo"},"geometry":{"type":"Point","coordinates":[3.38159,6.45855]}},{"type":"Feature","properties":{"name":"Demaco Nursery and Primary School","kind":"school","ownership":"Private","level":"Formal","kind_detail":"Primary","lga":"Lagos Island","ward":"Oke-Olowogbowo"},"geometry":{"type":"Point","coordinates":[3.38265,6.45886]}},{"type":"Feature","properties":{"name":"Queens Court Nursery and Primary School","kind":"school","ownership":"Private","level":"Formal","kind_detail":"Primary","lga":"Lagos Island","ward":"Epetedo West"},"geometry":{"type":"Point","coordinates":[3.39757,6.45504]}},{"type":"Feature","properties":{"name":"Alfaozan Islamic Nursery and Primary School","kind":"school","ownership":"Private","level":"Formal","kind_detail":"Primary","lga":"Lagos Island","ward":"Okepopo East"},"geometry":{"type":"Point","coordinates":[3.39537,6.45703]}},{"type":"Feature","properties":{"name":"Nissi Light Nursery and Primary School","kind":"school","ownership":"Private","level":"Formal","kind_detail":"Primary","lga":"Lagos Island","ward":"Ilupesi / Ebute Awo"},"geometry":{"type":"Point","coordinates":[3.39185,6.46143]}},{"type":"Feature","properties":{"name":"Yusfaith Nursery and Primary School","kind":"school","ownership":"Private","level":"Formal","kind_detail":"Primary","lga":"Lagos Island","ward":"Idumoyingbo"},"geometry":{"type":"Point","coordinates":[3.38841,6.46454]}},{"type":"Feature","properties":{"name":"Mountain of Excellence Nursery and Primary School","kind":"school","ownership":"Private","level":"Formal","kind_detail":"Primary","lga":"Lagos Island","ward":"Okepopo East"},"geometry":{"type":"Point","coordinates":[3.39611,6.45458]}},{"type":"Feature","properties":{"name":"Maito Day School Nursery and Primary School","kind":"school","ownership":"Private","level":"Formal","kind_detail":"Primary","lga":"Lagos Island","ward":"Idumoyingbo"},"geometry":{"type":"Point","coordinates":[3.38859,6.46237]}},{"type":"Feature","properties":{"name":"Al Lateef Nursery and Primary School","kind":"school","ownership":"Private","level":"Formal","kind_detail":"Primary","lga":"Lagos Island","ward":"Ilupesi / Ebute Awo"},"geometry":{"type":"Point","coordinates":[3.39173,6.4624]}},{"type":"Feature","properties":{"name":"Abes Nursery and Primary School","kind":"school","ownership":"Private","level":"Formal","kind_detail":"Primary","lga":"Lagos Island","ward":"Ilupesi / Ebute Awo"},"geometry":{"type":"Point","coordinates":[3.39154,6.46192]}},{"type":"Feature","properties":{"name":"Shege Nursery and Primary School","kind":"school","ownership":"Private","level":"Formal","kind_detail":"Primary","lga":"Lagos Island","ward":"Alagba / Obadina"},"geometry":{"type":"Point","coordinates":[3.39082,6.45609]}},{"type":"Feature","properties":{"name":"Erikem Nursery and Primary School","kind":"school","ownership":"Private","level":"Formal","kind_detail":"Primary","lga":"Lagos Island","ward":"Anikantamo"},"geometry":{"type":"Point","coordinates":[3.39266,6.45609]}},{"type":"Feature","properties":{"name":"Hasmawu Islamic Nursery and Primary School","kind":"school","ownership":"Private","level":"Integrated","kind_detail":"Primary","lga":"Lagos Island","ward":"Olosun / Ojo Oto"},"geometry":{"type":"Point","coordinates":[3.3913,6.4527]}},{"type":"Feature","properties":{"name":"Glorade Nursery and Primary School","kind":"school","ownership":"Private","level":"Formal","kind_detail":"Primary","lga":"Lagos Island","ward":"Oke-Olowogbowo"},"geometry":{"type":"Point","coordinates":[3.38178,6.45879]}},{"type":"Feature","properties":{"name":"Mimofera Nursery and Primary School","kind":"school","ownership":"Private","level":"Formal","kind_detail":"Primary","lga":"Lagos Island","ward":"Epetedo East"},"geometry":{"type":"Point","coordinates":[3.39931,6.45267]}},{"type":"Feature","properties":{"name":"Qatob Nursery and Primary School","kind":"school","ownership":"Private","level":"Formal","kind_detail":"Primary","lga":"Lagos Island","ward":"Okepopo West"},"geometry":{"type":"Point","coordinates":[3.39384,6.45401]}},{"type":"Feature","properties":{"name":"Al Hudal Rahman Muslim Primary School","kind":"school","ownership":"Private","level":"Formal","kind_detail":"Primary","lga":"Lagos Island","ward":"Epetedo East"},"geometry":{"type":"Point","coordinates":[3.39957,6.45198]}},{"type":"Feature","properties":{"name":"Fountain Subulus Salam Nursery and Primary School","kind":"school","ownership":"Private","level":"Formal","kind_detail":"Primary","lga":"Lagos Island","ward":"Okepopo East"},"geometry":{"type":"Point","coordinates":[3.39734,6.45431]}},{"type":"Feature","properties":{"name":"Aunty Ronke Nursery and Primary School","kind":"school","ownership":"Private","level":"Formal","kind_detail":"Primary","lga":"Lagos Island","ward":"Okepopo West"},"geometry":{"type":"Point","coordinates":[3.39455,6.455]}},{"type":"Feature","properties":{"name":"Studies Adaptation Nursery and Primary School","kind":"school","ownership":"Private","level":"Formal","kind_detail":"Primary","lga":"Lagos Island","ward":"Idumoyingbo"},"geometry":{"type":"Point","coordinates":[3.38963,6.46261]}},{"type":"Feature","properties":{"name":"Saviour Nursery and Primary School","kind":"school","ownership":"Private","level":"Formal","kind_detail":"Primary","lga":"Shomolu","ward":"Apelehin"},"geometry":{"type":"Point","coordinates":[3.39147,6.53718]}},{"type":"Feature","properties":{"name":"Bumsy Jo Primary School","kind":"school","ownership":"Private","level":"Formal","kind_detail":"Primary","lga":"Shomolu","ward":"Pedro / Gbagada"},"geometry":{"type":"Point","coordinates":[3.3757,6.5427]}},{"type":"Feature","properties":{"name":"Mojik Nursery and Primary School","kind":"school","ownership":"Private","level":"Formal","kind_detail":"Primary","lga":"Shomolu","ward":"Pedro / Gbagada"},"geometry":{"type":"Point","coordinates":[3.3752,6.54634]}},{"type":"Feature","properties":{"name":"Mope Twins Nursery and Primary School","kind":"school","ownership":"Private","level":"Formal","kind_detail":"Primary","lga":"Shomolu","ward":"Ilaje"},"geometry":{"type":"Point","coordinates":[3.39748,6.53169]}},{"type":"Feature","properties":{"name":"Makinde Nursery and Primary School","kind":"school","ownership":"Private","level":"Formal","kind_detail":"Primary","lga":"Shomolu","ward":"Ibuowo / Owotutu"},"geometry":{"type":"Point","coordinates":[3.38292,6.54191]}},{"type":"Feature","properties":{"name":"Lorent International Nursery and Primary School","kind":"school","ownership":"Private","level":"Formal","kind_detail":"Primary","lga":"Shomolu","ward":"Owode  / Orile Bariga"},"geometry":{"type":"Point","coordinates":[3.38263,6.53911]}},{"type":"Feature","properties":{"name":"Solace Nursery and Primary School","kind":"school","ownership":"Private","level":"Formal","kind_detail":"Primary","lga":"Shomolu","ward":"Aiyetoro / Mafowoku"},"geometry":{"type":"Point","coordinates":[3.38367,6.53917]}},{"type":"Feature","properties":{"name":"Goodluck Primary School","kind":"school","ownership":"Private","level":"Formal","kind_detail":"Primary","lga":"Shomolu","ward":"Aiyetoro / Mafowoku"},"geometry":{"type":"Point","coordinates":[3.38988,6.53998]}},{"type":"Feature","properties":{"name":"Ade Adegbite Nursery and Primary School","kind":"school","ownership":"Private","level":"Formal","kind_detail":"Primary","lga":"Shomolu","ward":"Pedro / Gbagada"},"geometry":{"type":"Point","coordinates":[3.36939,6.5472]}},{"type":"Feature","properties":{"name":"Cac Kiddies Nursery and Primary School","kind":"school","ownership":"Private","level":"Formal","kind_detail":"Primary","lga":"Shomolu","ward":"Aiyetoro / Mafowoku"},"geometry":{"type":"Point","coordinates":[3.38598,6.53808]}},{"type":"Feature","properties":{"name":"Orire Nursery and Primary School","kind":"school","ownership":"Private","level":"Formal","kind_detail":"Primary","lga":"Apapa","ward":"Alafia"},"geometry":{"type":"Point","coordinates":[3.3444,6.47645]}},{"type":"Feature","properties":{"name":"Fourer Montessori Nursery and Primary School","kind":"school","ownership":"Private","level":"Formal","kind_detail":"Primary","lga":"Lagos Mainland","ward":"Iponri / Olaleye"},"geometry":{"type":"Point","coordinates":[3.37324,6.49696]}},{"type":"Feature","properties":{"name":"Holy Nature Nursery and Primary School","kind":"school","ownership":"Private","level":"Formal","kind_detail":"Primary","lga":"Lagos Mainland","ward":"Aloba / Desalu"},"geometry":{"type":"Point","coordinates":[3.37151,6.48575]}},{"type":"Feature","properties":{"name":"Trust Nursery and Primary School","kind":"school","ownership":"Private","level":"Formal","kind_detail":"Primary","lga":"Lagos Mainland","ward":"Iponri / Olaleye"},"geometry":{"type":"Point","coordinates":[3.37392,6.49442]}},{"type":"Feature","properties":{"name":"Patricia Nursery and Primary School","kind":"school","ownership":"Private","level":"Formal","kind_detail":"Primary","lga":"Lagos Mainland","ward":"Iponri / Olaleye"},"geometry":{"type":"Point","coordinates":[3.37151,6.5053]}},{"type":"Feature","properties":{"name":"Sord Montessori Nursery and Primary School","kind":"school","ownership":"Private","level":"Formal","kind_detail":"Primary","lga":"Lagos Mainland","ward":"Iponri / Olaleye"},"geometry":{"type":"Point","coordinates":[3.37716,6.48989]}},{"type":"Feature","properties":{"name":"Best Legacy Islamic Nursery and Primary School","kind":"school","ownership":"Private","level":"Integrated","kind_detail":"Primary","lga":"Lagos Mainland","ward":"Iponri / Olaleye"},"geometry":{"type":"Point","coordinates":[3.37074,6.50382]}},{"type":"Feature","properties":{"name":"Elizabeth Fowler Memorial Primary School","kind":"school","ownership":"Private","level":"Formal","kind_detail":"Primary","lga":"Surulere","ward":"Adeniran Ogunsanya"},"geometry":{"type":"Point","coordinates":[3.35402,6.49825]}},{"type":"Feature","properties":{"name":"Demmykittle Nursery and Primary School","kind":"school","ownership":"Private","level":"Formal","kind_detail":"Primary","lga":"Surulere","ward":"Gbaja Obele-Odan"},"geometry":{"type":"Point","coordinates":[3.3569,6.5065]}},{"type":"Feature","properties":{"name":"Divine Grace Nursery and Primary School","kind":"school","ownership":"Private","level":"Formal","kind_detail":"Primary","lga":"Surulere","ward":"Ramoni"},"geometry":{"type":"Point","coordinates":[3.34504,6.50475]}},{"type":"Feature","properties":{"name":"Torchville Nursery and Primary School","kind":"school","ownership":"Private","level":"Formal","kind_detail":"Primary","lga":"Surulere","ward":"Adeniran Ogunsanya"},"geometry":{"type":"Point","coordinates":[3.35806,6.4904]}},{"type":"Feature","properties":{"name":"Blessed Nursery and Primary School","kind":"school","ownership":"Private","level":"Formal","kind_detail":"Primary","lga":"Surulere","ward":"Savage"},"geometry":{"type":"Point","coordinates":[3.34504,6.48246]}},{"type":"Feature","properties":{"name":"Pamca Nursery and Primary School","kind":"school","ownership":"Private","level":"Formal","kind_detail":"Primary","lga":"Lagos Mainland","ward":"Aloba / Desalu"},"geometry":{"type":"Point","coordinates":[3.37216,6.48575]}},{"type":"Feature","properties":{"name":"Sammy Nursery and Primary School","kind":"school","ownership":"Private","level":"Formal","kind_detail":"Primary","lga":"Surulere","ward":"Baruwa"},"geometry":{"type":"Point","coordinates":[3.34415,6.50656]}},{"type":"Feature","properties":{"name":"Kings Crown Nursery and Primary School","kind":"school","ownership":"Private","level":"Formal","kind_detail":"Primary","lga":"Surulere","ward":"Babatunde Ayilara"},"geometry":{"type":"Point","coordinates":[3.35662,6.50766]}},{"type":"Feature","properties":{"name":"Source of Knowledge Nursery and Primary School","kind":"school","ownership":"Private","level":"Formal","kind_detail":"Primary","lga":"Surulere","ward":"Ramoni"},"geometry":{"type":"Point","coordinates":[3.34577,6.50589]}},{"type":"Feature","properties":{"name":"Megley Nursery and Primary School","kind":"school","ownership":"Private","level":"Formal","kind_detail":"Primary","lga":"Surulere","ward":"Baruwa"},"geometry":{"type":"Point","coordinates":[3.34222,6.50872]}},{"type":"Feature","properties":{"name":"Betty Nursery and Primary School","kind":"school","ownership":"Private","level":"Formal","kind_detail":"Primary","lga":"Surulere","ward":"Adeniran Ogunsanya"},"geometry":{"type":"Point","coordinates":[3.35556,6.49486]}},{"type":"Feature","properties":{"name":"Aiyetoro Nursery and Primary School","kind":"school","ownership":"Public","level":"Formal","kind_detail":"Primary","lga":"Surulere","ward":"Jinadu Aiyetoro"},"geometry":{"type":"Point","coordinates":[3.34281,6.48933]}},{"type":"Feature","properties":{"name":"Ilasan Primary School","kind":"school","ownership":"Public","level":"Formal","kind_detail":"Primary","lga":"Eti Osa","ward":"Ilasan / Orile"},"geometry":{"type":"Point","coordinates":[3.50562,6.43121]}},{"type":"Feature","properties":{"name":"St George Girls Primary School","kind":"school","ownership":"Public","level":"Formal","kind_detail":"Primary","lga":"Eti Osa","ward":"Ikoyi 2"},"geometry":{"type":"Point","coordinates":[3.42559,6.44499]}},{"type":"Feature","properties":{"name":"Sacred Heart Nursery and Primary School","kind":"school","ownership":"Private","level":"Integrated","kind_detail":"Primary","lga":"Apapa","ward":"Oduduwa"},"geometry":{"type":"Point","coordinates":[3.35243,6.45123]}},{"type":"Feature","properties":{"name":"Dr Teslim Elias Model Primary School","kind":"school","ownership":"Public","level":"Formal","kind_detail":"Primary","lga":"Lagos Island","ward":"Idunganran / Idumagbo"},"geometry":{"type":"Point","coordinates":[3.39297,6.46349]}},{"type":"Feature","properties":{"name":"Nusara Ud Deen Primary School Mushin","kind":"school","ownership":"Public","level":"Formal","kind_detail":"Primary","lga":"Mushin","ward":"Ojuwoye"},"geometry":{"type":"Point","coordinates":[3.3539,6.53273]}},{"type":"Feature","properties":{"name":"Hope International Nursery And Primary School","kind":"school","ownership":"Private","level":"Formal","kind_detail":"Primary","lga":"Apapa","ward":"Sari"},"geometry":{"type":"Point","coordinates":[3.35273,6.47435]}},{"type":"Feature","properties":{"name":"Surulere Primary School","kind":"school","ownership":"Public","level":"Formal","kind_detail":"Primary","lga":"Surulere","ward":"Gbaja Obele-Odan"},"geometry":{"type":"Point","coordinates":[3.35968,6.50638]}},{"type":"Feature","properties":{"name":"Pep Heritage Nursery And Primary School","kind":"school","ownership":"Private","level":"Formal","kind_detail":"Primary","lga":"Shomolu","ward":"Orile Somolu / Alade"},"geometry":{"type":"Point","coordinates":[3.37684,6.53566]}},{"type":"Feature","properties":{"name":"St Saviors Primary School","kind":"school","ownership":"Public","level":"Formal","kind_detail":"Primary","lga":"Lagos Mainland","ward":"Iponri / Olaleye"},"geometry":{"type":"Point","coordinates":[3.37542,6.4897]}},{"type":"Feature","properties":{"name":"Gods Power Nursery and Primary School","kind":"school","ownership":"Private","level":"Formal","kind_detail":"Primary","lga":"Mushin","ward":"Owodunni"},"geometry":{"type":"Point","coordinates":[3.36155,6.53566]}},{"type":"Feature","properties":{"name":"Gods Work Nursery and Primary School","kind":"school","ownership":"Private","level":"Formal","kind_detail":"Primary","lga":"Lagos Mainland","ward":"Makoko"},"geometry":{"type":"Point","coordinates":[3.38726,6.49446]}},{"type":"Feature","properties":{"name":"Gods Royal Nursery and Primary School","kind":"school","ownership":"Private","level":"Formal","kind_detail":"Primary","lga":"Lagos Mainland","ward":"Alagomeji"},"geometry":{"type":"Point","coordinates":[3.38227,6.49647]}},{"type":"Feature","properties":{"name":"Gods Save Nursery and Primary School","kind":"school","ownership":"Private","level":"Formal","kind_detail":"Primary","lga":"Lagos Mainland","ward":"Otto"},"geometry":{"type":"Point","coordinates":[3.38223,6.4751]}},{"type":"Feature","properties":{"name":"Gods Love Nursery and Primary School","kind":"school","ownership":"Private","level":"Formal","kind_detail":"Primary","lga":"Lagos Mainland","ward":"Freeman / Glover"},"geometry":{"type":"Point","coordinates":[3.38651,6.48617]}},{"type":"Feature","properties":{"name":"Gods Vessel Nursery and Primary School","kind":"school","ownership":"Private","level":"Formal","kind_detail":"Primary","lga":"Shomolu","ward":"Seriki-Okuta"},"geometry":{"type":"Point","coordinates":[3.39836,6.53892]}},{"type":"Feature","properties":{"name":"Lords Favourite Nursery and Primary School","kind":"school","ownership":"Private","level":"Formal","kind_detail":"Primary","lga":"Apapa","ward":"Alafia"},"geometry":{"type":"Point","coordinates":[3.34371,6.47425]}},{"type":"Feature","properties":{"name":"Ansar Ul Deen Primary School","kind":"school","ownership":"Public","level":"Formal","kind_detail":"Primary","lga":"Mushin","ward":"Onitire"},"geometry":{"type":"Point","coordinates":[3.33625,6.50988]}},{"type":"Feature","properties":{"name":"Diverse Nursery and Primary School","kind":"school","ownership":"Private","level":"Formal","kind_detail":"Primary","lga":"Mushin","ward":"Kayode / Fadeyi"},"geometry":{"type":"Point","coordinates":[3.36598,6.53009]}},{"type":"Feature","properties":{"name":"Honward Montessori Nursery and Primary School","kind":"school","ownership":"Private","level":"Formal","kind_detail":"Primary","lga":"Mushin","ward":"Kayode / Fadeyi"},"geometry":{"type":"Point","coordinates":[3.36457,6.529]}},{"type":"Feature","properties":{"name":"Crown of Glory Nursery and Primary School","kind":"school","ownership":"Private","level":"Formal","kind_detail":"Primary","lga":"Mushin","ward":"Onitire"},"geometry":{"type":"Point","coordinates":[3.33918,6.51193]}},{"type":"Feature","properties":{"name":"Cissey Kiddies Nursery and Primary School","kind":"school","ownership":"Private","level":"Formal","kind_detail":"Primary","lga":"Mushin","ward":"Onitire"},"geometry":{"type":"Point","coordinates":[3.33867,6.51302]}},{"type":"Feature","properties":{"name":"Delmic Nursery and Primary School","kind":"school","ownership":"Private","level":"Formal","kind_detail":"Primary","lga":"Mushin","ward":"Onitire"},"geometry":{"type":"Point","coordinates":[3.33848,6.5136]}},{"type":"Feature","properties":{"name":"Nawair Ud Deen Nursery and Primary School","kind":"school","ownership":"Private","level":"Integrated","kind_detail":"Primary","lga":"Mushin","ward":"Idi-Oro / Odi Olowo"},"geometry":{"type":"Point","coordinates":[3.36314,6.52572]}},{"type":"Feature","properties":{"name":"Hill Top Nursery and Primary School","kind":"school","ownership":"Private","level":"Formal","kind_detail":"Primary","lga":"Mushin","ward":"Idi-Oro / Odi Olowo"},"geometry":{"type":"Point","coordinates":[3.36227,6.52614]}},{"type":"Feature","properties":{"name":"Proteus Nursery and Primary School","kind":"school","ownership":"Private","level":"Formal","kind_detail":"Primary","lga":"Mushin","ward":"Idi-Oro / Odi Olowo"},"geometry":{"type":"Point","coordinates":[3.36001,6.5277]}},{"type":"Feature","properties":{"name":"Temitayo Nursery and Primary School","kind":"school","ownership":"Private","level":"Formal","kind_detail":"Primary","lga":"Mushin","ward":"Idi-Oro / Odi Olowo"},"geometry":{"type":"Point","coordinates":[3.36262,6.52538]}},{"type":"Feature","properties":{"name":"Learning Gate Nursery and Primary School","kind":"school","ownership":"Private","level":"Formal","kind_detail":"Primary","lga":"Mushin","ward":"Ilupeju Industrial"},"geometry":{"type":"Point","coordinates":[3.36064,6.54627]}},{"type":"Feature","properties":{"name":"Peace Promise Nursery and Primary School","kind":"school","ownership":"Private","level":"Formal","kind_detail":"Primary","lga":"Mushin","ward":"Alakara"},"geometry":{"type":"Point","coordinates":[3.36266,6.5249]}},{"type":"Feature","properties":{"name":"Glorious Blessing Nursery and Primary School","kind":"school","ownership":"Private","level":"Formal","kind_detail":"Primary","lga":"Mushin","ward":"Odo Eran / Ogunlana"},"geometry":{"type":"Point","coordinates":[3.3269,6.50161]}},{"type":"Feature","properties":{"name":"Oladay Star Nursery and Primary School","kind":"school","ownership":"Private","level":"Formal","kind_detail":"Primary","lga":"Mushin","ward":"Odo Eran / Ogunlana"},"geometry":{"type":"Point","coordinates":[3.32972,6.50454]}},{"type":"Feature","properties":{"name":"Dipson Nursery and Primary School","kind":"school","ownership":"Private","level":"Formal","kind_detail":"Primary","lga":"Mushin","ward":"Igbehin"},"geometry":{"type":"Point","coordinates":[3.33978,6.51895]}},{"type":"Feature","properties":{"name":"Macviland Nursery and Primary School","kind":"school","ownership":"Private","level":"Formal","kind_detail":"Primary","lga":"Mushin","ward":"Igbehin"},"geometry":{"type":"Point","coordinates":[3.34538,6.52189]}},{"type":"Feature","properties":{"name":"Tripel Olu Beulah Nursery and Primary School","kind":"school","ownership":"Private","level":"Formal","kind_detail":"Primary","lga":"Mushin","ward":"Alafia / Adeoyo"},"geometry":{"type":"Point","coordinates":[3.34094,6.52638]}},{"type":"Feature","properties":{"name":"DI Prague Nursery and Primary School","kind":"school","ownership":"Private","level":"Formal","kind_detail":"Primary","lga":"Mushin","ward":"Papa Ajao"},"geometry":{"type":"Point","coordinates":[3.34179,6.54061]}},{"type":"Feature","properties":{"name":"Twins Land Nursery and Primary School","kind":"school","ownership":"Private","level":"Formal","kind_detail":"Primary","lga":"Mushin","ward":"Papa Ajao"},"geometry":{"type":"Point","coordinates":[3.3412,6.5321]}},{"type":"Feature","properties":{"name":"Al Kareem Nursery and Primary School","kind":"school","ownership":"Private","level":"Integrated","kind_detail":"Primary","lga":"Mushin","ward":"Mushin / Atewolara"},"geometry":{"type":"Point","coordinates":[3.35058,6.53199]}},{"type":"Feature","properties":{"name":"Ahmadiyya Nursery and Primary School","kind":"school","ownership":"Private","level":"Integrated","kind_detail":"Primary","lga":"Mushin","ward":"Mushin / Atewolara"},"geometry":{"type":"Point","coordinates":[3.35175,6.52992]}},{"type":"Feature","properties":{"name":"Gomalov Academy Nursery and Primary School","kind":"school","ownership":"Private","level":"Formal","kind_detail":"Primary","lga":"Mushin","ward":"Ojuwoye"},"geometry":{"type":"Point","coordinates":[3.35468,6.5339]}},{"type":"Feature","properties":{"name":"Nastaudeen Primary School","kind":"school","ownership":"Private","level":"Formal","kind_detail":"Primary","lga":"Mushin","ward":"Ojuwoye"},"geometry":{"type":"Point","coordinates":[3.35405,6.533]}},{"type":"Feature","properties":{"name":"Shyllon Primary School","kind":"school","ownership":"Public","level":"Formal","kind_detail":"Primary","lga":"Mushin","ward":"Owodunni"},"geometry":{"type":"Point","coordinates":[3.36512,6.53944]}},{"type":"Feature","properties":{"name":"Local Government Primary School","kind":"school","ownership":"Public","level":"Formal","kind_detail":"Primary","lga":"Mushin","ward":"Alakara"},"geometry":{"type":"Point","coordinates":[3.36301,6.52409]}},{"type":"Feature","properties":{"name":"Army Children Primary School","kind":"school","ownership":"Public","level":"Formal","kind_detail":"Primary","lga":"Mushin","ward":"Papa Ajao"},"geometry":{"type":"Point","coordinates":[3.34947,6.54814]}},{"type":"Feature","properties":{"name":"Olisa Primary School","kind":"school","ownership":"Public","level":"Formal","kind_detail":"Primary","lga":"Mushin","ward":"Papa Ajao"},"geometry":{"type":"Point","coordinates":[3.34064,6.53368]}},{"type":"Feature","properties":{"name":"Muslim Mission Primary School","kind":"school","ownership":"Public","level":"Formal","kind_detail":"Primary","lga":"Mushin","ward":"Babalosa 1"},"geometry":{"type":"Point","coordinates":[3.35771,6.53238]}},{"type":"Feature","properties":{"name":"Shokunbi Primary School","kind":"school","ownership":"Public","level":"Formal","kind_detail":"Primary","lga":"Mushin","ward":"Babalosa 1"},"geometry":{"type":"Point","coordinates":[3.35797,6.53253]}},{"type":"Feature","properties":{"name":"Adeleye Primary School","kind":"school","ownership":"Public","level":"Formal","kind_detail":"Primary","lga":"Mushin","ward":"Babalosa 1"},"geometry":{"type":"Point","coordinates":[3.35723,6.53272]}},{"type":"Feature","properties":{"name":"Local Government Primary School Megbon","kind":"school","ownership":"Public","level":"Formal","kind_detail":"Primary","lga":"Mushin","ward":"Alafia / Adeoyo"},"geometry":{"type":"Point","coordinates":[3.34953,6.52622]}},{"type":"Feature","properties":{"name":"Ayetoro Primary School","kind":"school","ownership":"Public","level":"Formal","kind_detail":"Primary","lga":"Mushin","ward":"Alafia / Adeoyo"},"geometry":{"type":"Point","coordinates":[3.34888,6.52594]}},{"type":"Feature","properties":{"name":"Morayo Primary School","kind":"school","ownership":"Public","level":"Formal","kind_detail":"Primary","lga":"Mushin","ward":"Alafia / Adeoyo"},"geometry":{"type":"Point","coordinates":[3.34381,6.52326]}},{"type":"Feature","properties":{"name":"Layi Oyekanmi Primary School","kind":"school","ownership":"Public","level":"Formal","kind_detail":"Primary","lga":"Mushin","ward":"Alafia / Adeoyo"},"geometry":{"type":"Point","coordinates":[3.3404,6.52465]}},{"type":"Feature","properties":{"name":"Majolate Primary School","kind":"school","ownership":"Public","level":"Formal","kind_detail":"Primary","lga":"Mushin","ward":"Kayode / Fadeyi"},"geometry":{"type":"Point","coordinates":[3.3644,6.53504]}},{"type":"Feature","properties":{"name":"Mushin Public Primary School","kind":"school","ownership":"Public","level":"Formal","kind_detail":"Primary","lga":"Mushin","ward":"Kayode / Fadeyi"},"geometry":{"type":"Point","coordinates":[3.36323,6.53125]}},{"type":"Feature","properties":{"name":"Bereola Memorial Primary School","kind":"school","ownership":"Public","level":"Formal","kind_detail":"Primary","lga":"Mushin","ward":"Kayode / Fadeyi"},"geometry":{"type":"Point","coordinates":[3.36382,6.5285]}},{"type":"Feature","properties":{"name":"Itire Ikate Primary School","kind":"school","ownership":"Public","level":"Formal","kind_detail":"Primary","lga":"Mushin","ward":"Onitire"},"geometry":{"type":"Point","coordinates":[3.34211,6.5149]}},{"type":"Feature","properties":{"name":"Onipede Primary School Eleja","kind":"school","ownership":"Public","level":"Integrated","kind_detail":"Primary","lga":"Mushin","ward":"Onitire"},"geometry":{"type":"Point","coordinates":[3.34124,6.515]}},{"type":"Feature","properties":{"name":"Community Primary School Ilupeju","kind":"school","ownership":"Public","level":"Formal","kind_detail":"Primary","lga":"Mushin","ward":"Ilupeju Industrial"},"geometry":{"type":"Point","coordinates":[3.361,6.55662]}},{"type":"Feature","properties":{"name":"Odi Olowo Primary School","kind":"school","ownership":"Public","level":"Formal","kind_detail":"Primary","lga":"Mushin","ward":"Alakara"},"geometry":{"type":"Point","coordinates":[3.36347,6.52432]}},{"type":"Feature","properties":{"name":"Baruwa Primary School","kind":"school","ownership":"Public","level":"Formal","kind_detail":"Primary","lga":"Mushin","ward":"Odo Eran / Ogunlana"},"geometry":{"type":"Point","coordinates":[3.33129,6.50334]}},{"type":"Feature","properties":{"name":"Igbehinadun Nursery and Primary School","kind":"school","ownership":"Public","level":"Formal","kind_detail":"Primary","lga":"Mushin","ward":"Igbehin"},"geometry":{"type":"Point","coordinates":[3.33746,6.52049]}},{"type":"Feature","properties":{"name":"Adex Nursery and Primary School","kind":"school","ownership":"Public","level":"Formal","kind_detail":"Primary","lga":"Mushin","ward":"Igbehin"},"geometry":{"type":"Point","coordinates":[3.33917,6.52274]}},{"type":"Feature","properties":{"name":"Ajeabo Primary School Mushin","kind":"school","ownership":"Public","level":"Formal","kind_detail":"Primary","lga":"Mushin","ward":"Igbehin"},"geometry":{"type":"Point","coordinates":[3.3374,6.51976]}},{"type":"Feature","properties":{"name":"St Jude Primary School","kind":"school","ownership":"Public","level":"Formal","kind_detail":"Primary","lga":"Mushin","ward":"Alafia / Adeoyo"},"geometry":{"type":"Point","coordinates":[3.34474,6.52306]}},{"type":"Feature","properties":{"name":"Local Government Primary School","kind":"school","ownership":"Public","level":"Formal","kind_detail":"Primary","lga":"Mushin","ward":"Alafia / Adeoyo"},"geometry":{"type":"Point","coordinates":[3.34844,6.5269]}},{"type":"Feature","properties":{"name":"Ilasamaja Road Primary School","kind":"school","ownership":"Public","level":"Formal","kind_detail":"Primary","lga":"Mushin","ward":"Alafia / Adeoyo"},"geometry":{"type":"Point","coordinates":[3.3442,6.52303]}},{"type":"Feature","properties":{"name":"Oye Model Nursery and Primary School Mushin","kind":"school","ownership":"Public","level":"Formal","kind_detail":"Primary","lga":"Mushin","ward":"Alafia / Adeoyo"},"geometry":{"type":"Point","coordinates":[3.33768,6.52765]}},{"type":"Feature","properties":{"name":"Araromi Primary School","kind":"school","ownership":"Public","level":"Formal","kind_detail":"Primary","lga":"Mushin","ward":"Alafia / Adeoyo"},"geometry":{"type":"Point","coordinates":[3.34318,6.52895]}},{"type":"Feature","properties":{"name":"Isolo Road Primary School","kind":"school","ownership":"Public","level":"Formal","kind_detail":"Primary","lga":"Mushin","ward":"Alafia / Adeoyo"},"geometry":{"type":"Point","coordinates":[3.34834,6.5263]}},{"type":"Feature","properties":{"name":"Nafrc Primary School","kind":"school","ownership":"Public","level":"Formal","kind_detail":"Primary","lga":"Mushin","ward":"Papa Ajao"},"geometry":{"type":"Point","coordinates":[3.34441,6.5509]}},{"type":"Feature","properties":{"name":"Methodist Nursery and Primary School","kind":"school","ownership":"Public","level":"Formal","kind_detail":"Primary","lga":"Mushin","ward":"Papa Ajao"},"geometry":{"type":"Point","coordinates":[3.34076,6.53342]}},{"type":"Feature","properties":{"name":"Odu Abore Primary School","kind":"school","ownership":"Public","level":"Formal","kind_detail":"Primary","lga":"Mushin","ward":"Mushin / Atewolara"},"geometry":{"type":"Point","coordinates":[3.34939,6.53163]}},{"type":"Feature","properties":{"name":"Alaba Primary School","kind":"school","ownership":"Public","level":"Formal","kind_detail":"Primary","lga":"Mushin","ward":"Mushin / Atewolara"},"geometry":{"type":"Point","coordinates":[3.34856,6.53135]}},{"type":"Feature","properties":{"name":"St Martins Primary School","kind":"school","ownership":"Public","level":"Formal","kind_detail":"Primary","lga":"Mushin","ward":"Babalosa 1"},"geometry":{"type":"Point","coordinates":[3.35657,6.53241]}},{"type":"Feature","properties":{"name":"Ojuwoye Community Primary School","kind":"school","ownership":"Public","level":"Formal","kind_detail":"Primary","lga":"Mushin","ward":"Babalosa 1"},"geometry":{"type":"Point","coordinates":[3.35689,6.53214]}},{"type":"Feature","properties":{"name":"St Paul African Church Primary School Ilupeju","kind":"school","ownership":"Public","level":"Formal","kind_detail":"Primary","lga":"Mushin","ward":"Ilupeju"},"geometry":{"type":"Point","coordinates":[3.36117,6.54581]}},{"type":"Feature","properties":{"name":"Wright Memorial Nursery and Primary School","kind":"school","ownership":"Public","level":"Formal","kind_detail":"Primary","lga":"Shomolu","ward":"Ijebu Tedo"},"geometry":{"type":"Point","coordinates":[3.37129,6.53976]}},{"type":"Feature","properties":{"name":"Sanya Nursery And Primary School","kind":"school","ownership":"Public","level":"Formal","kind_detail":"Primary","lga":"Surulere","ward":"Irone"},"geometry":{"type":"Point","coordinates":[3.32805,6.48364]}},{"type":"Feature","properties":{"name":"Nawair Ud Deen Nursery and Primary School","kind":"school","ownership":"Private","level":"Formal","kind_detail":"Primary","lga":"Lagos Mainland","ward":"Araromi"},"geometry":{"type":"Point","coordinates":[3.38775,6.48335]}},{"type":"Feature","properties":{"name":"Ireti Girls Primary School","kind":"school","ownership":"Public","level":"Formal","kind_detail":"Primary","lga":"Eti Osa","ward":"Ikoyi 2"},"geometry":{"type":"Point","coordinates":[3.4202,6.44393]}},{"type":"Feature","properties":{"name":"Hope International Nursery and Primary School","kind":"school","ownership":"Private","level":"Formal","kind_detail":"Primary","lga":"Apapa","ward":"Gaskiya"},"geometry":{"type":"Point","coordinates":[3.35267,6.46954]}},{"type":"Feature","properties":{"name":"The Apostolic Church Primary School","kind":"school","ownership":"Public","level":"Formal","kind_detail":"Primary","lga":"Lagos Mainland","ward":"Freeman / Glover"},"geometry":{"type":"Point","coordinates":[3.38307,6.48728]}},{"type":"Feature","properties":{"name":"Starlight Nursery and Primary School","kind":"school","ownership":"Private","level":"Formal","kind_detail":"Primary","lga":"Apapa","ward":"Alafia"},"geometry":{"type":"Point","coordinates":[3.34221,6.47412]}},{"type":"Feature","properties":{"name":"St George Boys Primary School","kind":"school","ownership":"Public","level":"Formal","kind_detail":"Primary","lga":"Eti Osa","ward":"Ikoyi 2"},"geometry":{"type":"Point","coordinates":[3.42552,6.44524]}},{"type":"Feature","properties":{"name":"Epiphany Anglican Primary School Abagbo","kind":"school","ownership":"Public","level":"Formal","kind_detail":"Primary","lga":"Eti Osa","ward":"Tarkwa Bay"},"geometry":{"type":"Point","coordinates":[3.38175,6.40672]}},{"type":"Feature","properties":{"name":"Rainbow Brite School","kind":"school","ownership":"Public","level":"Formal","kind_detail":"Others","lga":"Mushin","ward":"Moshalashi / Agoro"},"geometry":{"type":"Point","coordinates":[3.35034,6.52501]}},{"type":"Feature","properties":{"name":"Quickens Computer School","kind":"school","ownership":"Public","level":"Formal","kind_detail":"Others","lga":"Surulere","ward":"Bale"},"geometry":{"type":"Point","coordinates":[3.3392,6.4772]}},{"type":"Feature","properties":{"name":"Theopilous Group Of School","kind":"school","ownership":"Private","level":"Formal","kind_detail":"Primary","lga":"Lagos Mainland","ward":"Okobaba"},"geometry":{"type":"Point","coordinates":[3.39,6.48516]}},{"type":"Feature","properties":{"name":"Jorafgate Private School","kind":"school","ownership":"Private","level":"Formal","kind_detail":"Primary","lga":"Apapa","ward":"Ijora"},"geometry":{"type":"Point","coordinates":[3.36524,6.46625]}},{"type":"Feature","properties":{"name":"Dissimilar College","kind":"school","ownership":"Private","level":"Formal","kind_detail":"Primary","lga":"Shomolu","ward":"Bajulaiye"},"geometry":{"type":"Point","coordinates":[3.38017,6.53041]}},{"type":"Feature","properties":{"name":"St Thomass Private School","kind":"school","ownership":"Private","level":"Formal","kind_detail":"Primary","lga":"Shomolu","ward":"Akoka / Anu-Oluwapo"},"geometry":{"type":"Point","coordinates":[3.3901,6.53145]}},{"type":"Feature","properties":{"name":"Old School Private Academy","kind":"school","ownership":"Private","level":"Formal","kind_detail":"Primary","lga":"Lagos Mainland","ward":"Okobaba"},"geometry":{"type":"Point","coordinates":[3.38809,6.48722]}},{"type":"Feature","properties":{"name":"Italian International School","kind":"school","ownership":"Private","level":"Formal","kind_detail":"Secondary","lga":"Eti Osa","ward":"Ikate / Lekki"},"geometry":{"type":"Point","coordinates":[3.46558,6.44543]}},{"type":"Feature","properties":{"name":"Cifman College","kind":"school","ownership":"Private","level":"Formal","kind_detail":"Secondary","lga":"Lagos Mainland","ward":"Onike / Oyadiran"},"geometry":{"type":"Point","coordinates":[3.381,6.50756]}},{"type":"Feature","properties":{"name":"Command Children School","kind":"school","ownership":"Public","level":"Formal","kind_detail":"Primary","lga":"Lagos Mainland","ward":"Onike / Oyadiran"},"geometry":{"type":"Point","coordinates":[3.38113,6.51056]}},{"type":"Feature","properties":{"name":"Building Craft Training School","kind":"school","ownership":"Public","level":"Formal","kind_detail":"Tertiary","lga":"Lagos Mainland","ward":"Harvey"},"geometry":{"type":"Point","coordinates":[3.37528,6.51081]}},{"type":"Feature","properties":{"name":"Aje Comprehensive High School","kind":"school","ownership":"Public","level":"Formal","kind_detail":"Secondary","lga":"Lagos Mainland","ward":"Harvey"},"geometry":{"type":"Point","coordinates":[3.37711,6.50574]}},{"type":"Feature","properties":{"name":"Lebanese International School","kind":"school","ownership":"Private","level":"Formal","kind_detail":"Secondary","lga":"Lagos Mainland","ward":"Harvey"},"geometry":{"type":"Point","coordinates":[3.37419,6.50743]}},{"type":"Feature","properties":{"name":"Lagos State College Of Health Technology Yaba","kind":"school","ownership":"Public","level":"Formal","kind_detail":"Tertiary","lga":"Lagos Mainland","ward":"Harvey"},"geometry":{"type":"Point","coordinates":[3.37256,6.50927]}},{"type":"Feature","properties":{"name":"Edge Wood College","kind":"school","ownership":"Private","level":"Formal","kind_detail":"Secondary","lga":"Eti Osa","ward":"Ikate / Lekki"},"geometry":{"type":"Point","coordinates":[3.47286,6.4504]}},{"type":"Feature","properties":{"name":"Chrisland School","kind":"school","ownership":"Private","level":"Formal","kind_detail":"Secondary","lga":"Eti Osa","ward":"Ikate / Lekki"},"geometry":{"type":"Point","coordinates":[3.47084,6.44703]}},{"type":"Feature","properties":{"name":"Lekki British School","kind":"school","ownership":"Private","level":"Formal","kind_detail":"Secondary","lga":"Eti Osa","ward":"Ikate / Lekki"},"geometry":{"type":"Point","coordinates":[3.47246,6.44369]}},{"type":"Feature","properties":{"name":"St Saviour School Ikoyi","kind":"school","ownership":"Private","level":"Formal","kind_detail":"Secondary","lga":"Eti Osa","ward":"Ikoyi 1"},"geometry":{"type":"Point","coordinates":[3.44956,6.44721]}},{"type":"Feature","properties":{"name":"Ambrose School","kind":"school","ownership":"Private","level":"Formal","kind_detail":"Primary","lga":"Eti Osa","ward":"Ajiran / Osapa"},"geometry":{"type":"Point","coordinates":[3.51264,6.44161]}},{"type":"Feature","properties":{"name":"Lekki Peninsula College","kind":"school","ownership":"Private","level":"Formal","kind_detail":"Primary","lga":"Eti Osa","ward":"Ajiran / Osapa"},"geometry":{"type":"Point","coordinates":[3.51221,6.43942]}},{"type":"Feature","properties":{"name":"The Learning Place School","kind":"school","ownership":"Private","level":"Formal","kind_detail":"Primary","lga":"Eti Osa","ward":"Ikate / Lekki"},"geometry":{"type":"Point","coordinates":[3.46217,6.44141]}},{"type":"Feature","properties":{"name":"Imperial Gate School","kind":"school","ownership":"Private","level":"Formal","kind_detail":"Primary","lga":"Eti Osa","ward":"Ikate / Lekki"},"geometry":{"type":"Point","coordinates":[3.46233,6.4409]}},{"type":"Feature","properties":{"name":"Bowen School","kind":"school","ownership":"Private","level":"Formal","kind_detail":"Primary","lga":"Eti Osa","ward":"Ikate / Lekki"},"geometry":{"type":"Point","coordinates":[3.46443,6.43718]}},{"type":"Feature","properties":{"name":"Arcadia Montessori School","kind":"school","ownership":"Private","level":"Formal","kind_detail":"Primary","lga":"Eti Osa","ward":"Victoria Island"},"geometry":{"type":"Point","coordinates":[3.42176,6.43621]}},{"type":"Feature","properties":{"name":"Prevail Height School","kind":"school","ownership":"Private","level":"Formal","kind_detail":"Primary","lga":"Eti Osa","ward":"Sangotedo"},"geometry":{"type":"Point","coordinates":[3.66031,6.46826]}},{"type":"Feature","properties":{"name":"Federal Technical School Akoka","kind":"school","ownership":"Public","level":"Formal","kind_detail":"Tertiary","lga":"Lagos Mainland","ward":"Abule Oja"},"geometry":{"type":"Point","coordinates":[3.38583,6.52377]}},{"type":"Feature","properties":{"name":"St Finbarrs College Akoka","kind":"school","ownership":"Private","level":"Formal","kind_detail":"Secondary","lga":"Lagos Mainland","ward":"Abule Oja"},"geometry":{"type":"Point","coordinates":[3.38594,6.52237]}},{"type":"Feature","properties":{"name":"Federal College Of Education Akoka","kind":"school","ownership":"Public","level":"Formal","kind_detail":"Tertiary","lga":"Lagos Mainland","ward":"Abule Oja"},"geometry":{"type":"Point","coordinates":[3.38499,6.52191]}},{"type":"Feature","properties":{"name":"Lincoln City Children School","kind":"school","ownership":"Private","level":"Formal","kind_detail":"Primary","lga":"Mushin","ward":"Papa Ajao"},"geometry":{"type":"Point","coordinates":[3.34482,6.53383]}},{"type":"Feature","properties":{"name":"Annyville School","kind":"school","ownership":"Private","level":"Formal","kind_detail":"Primary","lga":"Mushin","ward":"Papa Ajao"},"geometry":{"type":"Point","coordinates":[3.34468,6.53403]}},{"type":"Feature","properties":{"name":"Westgate Land School","kind":"school","ownership":"Private","level":"Formal","kind_detail":"Primary","lga":"Mushin","ward":"Papa Ajao"},"geometry":{"type":"Point","coordinates":[3.34547,6.53517]}},{"type":"Feature","properties":{"name":"Top Flight School","kind":"school","ownership":"Private","level":"Formal","kind_detail":"Primary","lga":"Mushin","ward":"Papa Ajao"},"geometry":{"type":"Point","coordinates":[3.3434,6.53799]}},{"type":"Feature","properties":{"name":"Prime Dalton Day College","kind":"school","ownership":"Private","level":"Formal","kind_detail":"Secondary","lga":"Lagos Mainland","ward":"Abule Oja"},"geometry":{"type":"Point","coordinates":[3.38226,6.51826]}},{"type":"Feature","properties":{"name":"City Pride School","kind":"school","ownership":"Private","level":"Formal","kind_detail":"Primary","lga":"Eti Osa","ward":"Ikate / Lekki"},"geometry":{"type":"Point","coordinates":[3.46791,6.4322]}},{"type":"Feature","properties":{"name":"Corona School Apapa","kind":"school","ownership":"Private","level":"Formal","kind_detail":"Primary","lga":"Apapa","ward":"Apapa"},"geometry":{"type":"Point","coordinates":[3.36433,6.44711]}},{"type":"Feature","properties":{"name":"Seylek School","kind":"school","ownership":"Private","level":"Formal","kind_detail":"Primary","lga":"Lagos Mainland","ward":"Alagomeji"},"geometry":{"type":"Point","coordinates":[3.37909,6.49564]}},{"type":"Feature","properties":{"name":"Ambassador School","kind":"school","ownership":"Private","level":"Formal","kind_detail":"Primary","lga":"Eti Osa","ward":"Badore / Langbasa"},"geometry":{"type":"Point","coordinates":[3.59682,6.50957]}},{"type":"Feature","properties":{"name":"Priceless Gem School","kind":"school","ownership":"Private","level":"Formal","kind_detail":"Primary","lga":"Eti Osa","ward":"Badore / Langbasa"},"geometry":{"type":"Point","coordinates":[3.60043,6.50292]}},{"type":"Feature","properties":{"name":"Genesis Centre School","kind":"school","ownership":"Private","level":"Formal","kind_detail":"Tertiary","lga":"Eti Osa","ward":"Addo / Okeira"},"geometry":{"type":"Point","coordinates":[3.57944,6.48791]}},{"type":"Feature","properties":{"name":"Olive Crest College","kind":"school","ownership":"Private","level":"Formal","kind_detail":"Secondary","lga":"Eti Osa","ward":"Badore / Langbasa"},"geometry":{"type":"Point","coordinates":[3.60508,6.5062]}},{"type":"Feature","properties":{"name":"Rehoboth Stars School","kind":"school","ownership":"Private","level":"Formal","kind_detail":"Primary","lga":"Eti Osa","ward":"Addo / Okeira"},"geometry":{"type":"Point","coordinates":[3.59314,6.49223]}},{"type":"Feature","properties":{"name":"Highworth School","kind":"school","ownership":"Private","level":"Formal","kind_detail":"Primary","lga":"Eti Osa","ward":"Addo / Okeira"},"geometry":{"type":"Point","coordinates":[3.59114,6.48797]}},{"type":"Feature","properties":{"name":"Alliant Group Of School","kind":"school","ownership":"Private","level":"Formal","kind_detail":"Primary","lga":"Lagos Mainland","ward":"Okobaba"},"geometry":{"type":"Point","coordinates":[3.39051,6.485]}},{"type":"Feature","properties":{"name":"Rodan International","kind":"school","ownership":"Private","level":"Formal","kind_detail":"Secondary","lga":"Eti Osa","ward":"Badore / Langbasa"},"geometry":{"type":"Point","coordinates":[3.61194,6.50941]}},{"type":"Feature","properties":{"name":"Ford Edison School","kind":"school","ownership":"Private","level":"Formal","kind_detail":"Primary","lga":"Eti Osa","ward":"Badore / Langbasa"},"geometry":{"type":"Point","coordinates":[3.61244,6.50645]}},{"type":"Feature","properties":{"name":"Dadeb Montessori","kind":"school","ownership":"Private","level":"Formal","kind_detail":"Primary","lga":"Eti Osa","ward":"Badore / Langbasa"},"geometry":{"type":"Point","coordinates":[3.61177,6.50739]}},{"type":"Feature","properties":{"name":"Albry City College","kind":"school","ownership":"Private","level":"Formal","kind_detail":"Secondary","lga":"Eti Osa","ward":"Badore / Langbasa"},"geometry":{"type":"Point","coordinates":[3.61028,6.50827]}},{"type":"Feature","properties":{"name":"Lagos State Model College","kind":"school","ownership":"Public","level":"Formal","kind_detail":"Secondary","lga":"Eti Osa","ward":"Badore / Langbasa"},"geometry":{"type":"Point","coordinates":[3.60916,6.50854]}},{"type":"Feature","properties":{"name":"Eagles Word Global School","kind":"school","ownership":"Private","level":"Formal","kind_detail":"Primary","lga":"Eti Osa","ward":"Sangotedo"},"geometry":{"type":"Point","coordinates":[3.65347,6.4729]}},{"type":"Feature","properties":{"name":"Christ The Rock Of Ages International School Sangotedo","kind":"school","ownership":"Private","level":"Formal","kind_detail":"Primary","lga":"Eti Osa","ward":"Sangotedo"},"geometry":{"type":"Point","coordinates":[3.62932,6.47093]}},{"type":"Feature","properties":{"name":"Crane College Sangotedo","kind":"school","ownership":"Private","level":"Formal","kind_detail":"Secondary","lga":"Eti Osa","ward":"Sangotedo"},"geometry":{"type":"Point","coordinates":[3.6288,6.47264]}},{"type":"Feature","properties":{"name":"Visionary School Sangotedo","kind":"school","ownership":"Private","level":"Formal","kind_detail":"Primary","lga":"Eti Osa","ward":"Sangotedo"},"geometry":{"type":"Point","coordinates":[3.62731,6.47161]}},{"type":"Feature","properties":{"name":"Eagles Height School","kind":"school","ownership":"Private","level":"Formal","kind_detail":"Secondary","lga":"Eti Osa","ward":"Sangotedo"},"geometry":{"type":"Point","coordinates":[3.62169,6.47445]}},{"type":"Feature","properties":{"name":"Bright Flame Academy","kind":"school","ownership":"Private","level":"Formal","kind_detail":"Primary","lga":"Shomolu","ward":"Bajulaiye"},"geometry":{"type":"Point","coordinates":[3.38009,6.52896]}},{"type":"Feature","properties":{"name":"Wisdom Star Private School","kind":"school","ownership":"Private","level":"Formal","kind_detail":"Primary","lga":"Shomolu","ward":"Akoka / Anu-Oluwapo"},"geometry":{"type":"Point","coordinates":[3.39058,6.53179]}},{"type":"Feature","properties":{"name":"Glitter School","kind":"school","ownership":"Private","level":"Formal","kind_detail":"Primary","lga":"Shomolu","ward":"Akoka / Anu-Oluwapo"},"geometry":{"type":"Point","coordinates":[3.38834,6.5313]}},{"type":"Feature","properties":{"name":"Gloryville School","kind":"school","ownership":"Private","level":"Formal","kind_detail":"Primary","lga":"Lagos Mainland","ward":"Okobaba"},"geometry":{"type":"Point","coordinates":[3.38603,6.49007]}},{"type":"Feature","properties":{"name":"Valya School","kind":"school","ownership":"Private","level":"Formal","kind_detail":"Primary","lga":"Lagos Mainland","ward":"Okobaba"},"geometry":{"type":"Point","coordinates":[3.38677,6.49199]}},{"type":"Feature","properties":{"name":"Childrens International School","kind":"school","ownership":"Private","level":"Formal","kind_detail":"Primary","lga":"Eti Osa","ward":"Ikate / Lekki"},"geometry":{"type":"Point","coordinates":[3.48455,6.44839]}},{"type":"Feature","properties":{"name":"Emma Elshaddai Secondary School","kind":"school","ownership":"Private","level":"Formal","kind_detail":"Secondary","lga":"Lagos Mainland","ward":"Alagomeji"},"geometry":{"type":"Point","coordinates":[3.38059,6.50156]}},{"type":"Feature","properties":{"name":"Royal Smartkids School","kind":"school","ownership":"Private","level":"Formal","kind_detail":"Primary","lga":"Lagos Mainland","ward":"Alagomeji"},"geometry":{"type":"Point","coordinates":[3.38067,6.50069]}},{"type":"Feature","properties":{"name":"Peret Diamond School","kind":"school","ownership":"Private","level":"Formal","kind_detail":"Primary","lga":"Lagos Mainland","ward":"Alagomeji"},"geometry":{"type":"Point","coordinates":[3.37976,6.49843]}},{"type":"Feature","properties":{"name":"Westerfield College","kind":"school","ownership":"Private","level":"Formal","kind_detail":"Secondary","lga":"Lagos Mainland","ward":"Alagomeji"},"geometry":{"type":"Point","coordinates":[3.37715,6.49916]}},{"type":"Feature","properties":{"name":"The Manor School","kind":"school","ownership":"Private","level":"Formal","kind_detail":"Primary","lga":"Eti Osa","ward":"Ajiran / Osapa"},"geometry":{"type":"Point","coordinates":[3.51736,6.44737]}},{"type":"Feature","properties":{"name":"Crown Ville International School","kind":"school","ownership":"Private","level":"Formal","kind_detail":"Primary","lga":"Eti Osa","ward":"Badore / Langbasa"},"geometry":{"type":"Point","coordinates":[3.58637,6.50884]}},{"type":"Feature","properties":{"name":"Edge Wood School","kind":"school","ownership":"Private","level":"Formal","kind_detail":"Secondary","lga":"Eti Osa","ward":"Ikate / Lekki"},"geometry":{"type":"Point","coordinates":[3.47132,6.45436]}},{"type":"Feature","properties":{"name":"Odaliki School","kind":"school","ownership":"Private","level":"Formal","kind_detail":"Primary","lga":"Lagos Mainland","ward":"Ojo-Oniyun"},"geometry":{"type":"Point","coordinates":[3.37726,6.48549]}},{"type":"Feature","properties":{"name":"Queensway School","kind":"school","ownership":"Private","level":"Formal","kind_detail":"Primary","lga":"Mushin","ward":"Owodunni"},"geometry":{"type":"Point","coordinates":[3.36372,6.53881]}},{"type":"Feature","properties":{"name":"Young Children School","kind":"school","ownership":"Private","level":"Formal","kind_detail":"Primary","lga":"Mushin","ward":"Owodunni"},"geometry":{"type":"Point","coordinates":[3.36444,6.53836]}},{"type":"Feature","properties":{"name":"Sang Blue Academy","kind":"school","ownership":"Private","level":"Formal","kind_detail":"Primary","lga":"Eti Osa","ward":"Ajiran / Osapa"},"geometry":{"type":"Point","coordinates":[3.52049,6.4427]}},{"type":"Feature","properties":{"name":"Music School","kind":"school","ownership":"Private","level":"Formal","kind_detail":"Primary","lga":"Eti Osa","ward":"Ajiran / Osapa"},"geometry":{"type":"Point","coordinates":[3.52162,6.44242]}},{"type":"Feature","properties":{"name":"Lyday De Ultimate Private School","kind":"school","ownership":"Private","level":"Formal","kind_detail":"Primary","lga":"Mushin","ward":"Babalosa 1"},"geometry":{"type":"Point","coordinates":[3.35511,6.52788]}},{"type":"Feature","properties":{"name":"Royal Peniel School","kind":"school","ownership":"Private","level":"Formal","kind_detail":"Primary","lga":"Mushin","ward":"Babalosa 1"},"geometry":{"type":"Point","coordinates":[3.35976,6.52939]}},{"type":"Feature","properties":{"name":"Champion Platform School","kind":"school","ownership":"Private","level":"Formal","kind_detail":"Primary","lga":"Mushin","ward":"Babalosa 1"},"geometry":{"type":"Point","coordinates":[3.3584,6.53095]}},{"type":"Feature","properties":{"name":"Happy Gate School","kind":"school","ownership":"Private","level":"Formal","kind_detail":"Primary","lga":"Mushin","ward":"Babalosa 1"},"geometry":{"type":"Point","coordinates":[3.3577,6.53021]}},{"type":"Feature","properties":{"name":"Lameul School","kind":"school","ownership":"Private","level":"Formal","kind_detail":"Primary","lga":"Mushin","ward":"Babalosa 1"},"geometry":{"type":"Point","coordinates":[3.35743,6.52917]}},{"type":"Feature","properties":{"name":"Jasper International School","kind":"school","ownership":"Private","level":"Formal","kind_detail":"Secondary","lga":"Eti Osa","ward":"Ikate / Lekki"},"geometry":{"type":"Point","coordinates":[3.48074,6.43721]}},{"type":"Feature","properties":{"name":"Benadel Academy","kind":"school","ownership":"Private","level":"Formal","kind_detail":"Primary","lga":"Mushin","ward":"Babalosa 2"},"geometry":{"type":"Point","coordinates":[3.35694,6.52241]}},{"type":"Feature","properties":{"name":"Benevolent School","kind":"school","ownership":"Private","level":"Formal","kind_detail":"Primary","lga":"Mushin","ward":"Odo Eran / Ogunlana"},"geometry":{"type":"Point","coordinates":[3.32829,6.50822]}},{"type":"Feature","properties":{"name":"Gloryfilled Citadel School","kind":"school","ownership":"Private","level":"Formal","kind_detail":"Primary","lga":"Mushin","ward":"Odo Eran / Ogunlana"},"geometry":{"type":"Point","coordinates":[3.32755,6.5086]}},{"type":"Feature","properties":{"name":"Primary Vellas School","kind":"school","ownership":"Private","level":"Formal","kind_detail":"Primary","lga":"Mushin","ward":"Odo Eran / Ogunlana"},"geometry":{"type":"Point","coordinates":[3.32682,6.50921]}},{"type":"Feature","properties":{"name":"Fortland Private School","kind":"school","ownership":"Private","level":"Formal","kind_detail":"Primary","lga":"Mushin","ward":"Mushin / Atewolara"},"geometry":{"type":"Point","coordinates":[3.34534,6.53341]}},{"type":"Feature","properties":{"name":"Waterpark School","kind":"school","ownership":"Private","level":"Formal","kind_detail":"Primary","lga":"Eti Osa","ward":"Ajiran / Osapa"},"geometry":{"type":"Point","coordinates":[3.51573,6.44383]}},{"type":"Feature","properties":{"name":"His Grace School","kind":"school","ownership":"Private","level":"Formal","kind_detail":"Primary","lga":"Mushin","ward":"Igbehin"},"geometry":{"type":"Point","coordinates":[3.34561,6.52206]}},{"type":"Feature","properties":{"name":"Charlema College","kind":"school","ownership":"Private","level":"Formal","kind_detail":"Secondary","lga":"Mushin","ward":"Igbehin"},"geometry":{"type":"Point","coordinates":[3.34416,6.52106]}},{"type":"Feature","properties":{"name":"Path Lighter School","kind":"school","ownership":"Private","level":"Formal","kind_detail":"Primary","lga":"Mushin","ward":"Igbehin"},"geometry":{"type":"Point","coordinates":[3.34484,6.51905]}},{"type":"Feature","properties":{"name":"Nigerian Institute For Oceanography And Marine Research","kind":"school","ownership":"Public","level":"Formal","kind_detail":"Tertiary","lga":"Eti Osa","ward":"Tarkwa Bay"},"geometry":{"type":"Point","coordinates":[3.41101,6.42237]}},{"type":"Feature","properties":{"name":"Ibeju Lekki Government School Abijoh","kind":"school","ownership":"Public","level":"Formal","kind_detail":"Primary","lga":"Eti Osa","ward":"Sangotedo"},"geometry":{"type":"Point","coordinates":[3.6662,6.46924]}},{"type":"Feature","properties":{"name":"Damdup Kiddies School","kind":"school","ownership":"Private","level":"Formal","kind_detail":"Primary","lga":"Mushin","ward":"Odo Eran / Ogunlana"},"geometry":{"type":"Point","coordinates":[3.32573,6.50389]}},{"type":"Feature","properties":{"name":"Rosevalley Private School","kind":"school","ownership":"Private","level":"Formal","kind_detail":"Primary","lga":"Mushin","ward":"Odo Eran / Ogunlana"},"geometry":{"type":"Point","coordinates":[3.32609,6.50174]}},{"type":"Feature","properties":{"name":"Gboluwaga School","kind":"school","ownership":"Private","level":"Formal","kind_detail":"Primary","lga":"Mushin","ward":"Odo Eran / Ogunlana"},"geometry":{"type":"Point","coordinates":[3.32834,6.50185]}},{"type":"Feature","properties":{"name":"Divine Achievers School","kind":"school","ownership":"Private","level":"Formal","kind_detail":"Primary","lga":"Eti Osa","ward":"Badore / Langbasa"},"geometry":{"type":"Point","coordinates":[3.58778,6.50687]}},{"type":"Feature","properties":{"name":"Garden Of Success School","kind":"school","ownership":"Private","level":"Formal","kind_detail":"Primary","lga":"Lagos Mainland","ward":"Salami /  Baiyewunmi"},"geometry":{"type":"Point","coordinates":[3.39308,6.50709]}},{"type":"Feature","properties":{"name":"Debi Russ School","kind":"school","ownership":"Private","level":"Formal","kind_detail":"Secondary","lga":"Eti Osa","ward":"Sangotedo"},"geometry":{"type":"Point","coordinates":[3.61225,6.47507]}},{"type":"Feature","properties":{"name":"Larryfem School","kind":"school","ownership":"Private","level":"Formal","kind_detail":"Primary","lga":"Lagos Mainland","ward":"Aloba / Desalu"},"geometry":{"type":"Point","coordinates":[3.37349,6.48401]}},{"type":"Feature","properties":{"name":"Iponri Grammar School","kind":"school","ownership":"Private","level":"Formal","kind_detail":"Secondary","lga":"Lagos Mainland","ward":"Iponri / Olaleye"},"geometry":{"type":"Point","coordinates":[3.36799,6.48776]}},{"type":"Feature","properties":{"name":"Diadem Golden Pearls School","kind":"school","ownership":"Private","level":"Formal","kind_detail":"Primary","lga":"Eti Osa","ward":"Okun Ajah / Okunmopo"},"geometry":{"type":"Point","coordinates":[3.61705,6.45841]}},{"type":"Feature","properties":{"name":"Brainy Kiddies","kind":"school","ownership":"Private","level":"Formal","kind_detail":"Primary","lga":"Lagos Mainland","ward":"Ojo-Oniyun"},"geometry":{"type":"Point","coordinates":[3.38053,6.48189]}},{"type":"Feature","properties":{"name":"Great Machris Montesorri School","kind":"school","ownership":"Private","level":"Formal","kind_detail":"Primary","lga":"Lagos Mainland","ward":"Ojo-Oniyun"},"geometry":{"type":"Point","coordinates":[3.37769,6.48449]}},{"type":"Feature","properties":{"name":"Rosemannuel School","kind":"school","ownership":"Private","level":"Formal","kind_detail":"Primary","lga":"Mushin","ward":"Mushin / Atewolara"},"geometry":{"type":"Point","coordinates":[3.34825,6.53228]}},{"type":"Feature","properties":{"name":"Treasure Land School","kind":"school","ownership":"Private","level":"Formal","kind_detail":"Primary","lga":"Mushin","ward":"Owodunni"},"geometry":{"type":"Point","coordinates":[3.36438,6.53855]}},{"type":"Feature","properties":{"name":"World Light School","kind":"school","ownership":"Private","level":"Formal","kind_detail":"Primary","lga":"Mushin","ward":"Owodunni"},"geometry":{"type":"Point","coordinates":[3.3645,6.53812]}},{"type":"Feature","properties":{"name":"Good Sound School","kind":"school","ownership":"Private","level":"Formal","kind_detail":"Primary","lga":"Mushin","ward":"Owodunni"},"geometry":{"type":"Point","coordinates":[3.36466,6.53783]}},{"type":"Feature","properties":{"name":"Relevant Mind School","kind":"school","ownership":"Private","level":"Formal","kind_detail":"Primary","lga":"Mushin","ward":"Owodunni"},"geometry":{"type":"Point","coordinates":[3.3648,6.53712]}},{"type":"Feature","properties":{"name":"Greatlas School","kind":"school","ownership":"Private","level":"Formal","kind_detail":"Primary","lga":"Mushin","ward":"Owodunni"},"geometry":{"type":"Point","coordinates":[3.36505,6.53628]}},{"type":"Feature","properties":{"name":"Stella Maris School","kind":"school","ownership":"Private","level":"Formal","kind_detail":"Secondary","lga":"Mushin","ward":"Owodunni"},"geometry":{"type":"Point","coordinates":[3.36481,6.53627]}},{"type":"Feature","properties":{"name":"Methodist Girls High School","kind":"school","ownership":"Private","level":"Formal","kind_detail":"Secondary","lga":"Lagos Mainland","ward":"Harvey"},"geometry":{"type":"Point","coordinates":[3.37656,6.50371]}},{"type":"Feature","properties":{"name":"Mapland International","kind":"school","ownership":"Private","level":"Formal","kind_detail":"Secondary","lga":"Eti Osa","ward":"Ajiran / Osapa"},"geometry":{"type":"Point","coordinates":[3.517,6.44585]}},{"type":"Feature","properties":{"name":"Baby Bloom","kind":"school","ownership":"Private","level":"Formal","kind_detail":"Primary","lga":"Eti Osa","ward":"Ajiran / Osapa"},"geometry":{"type":"Point","coordinates":[3.51565,6.44576]}},{"type":"Feature","properties":{"name":"Pinefield School","kind":"school","ownership":"Private NGO Funded","level":"Formal","kind_detail":"Primary","lga":"Eti Osa","ward":"Ikate / Lekki"},"geometry":{"type":"Point","coordinates":[3.47555,6.45486]}},{"type":"Feature","properties":{"name":"Salem Kinda Care","kind":"school","ownership":"Private Faith Based","level":"Formal","kind_detail":"Primary","lga":"Eti Osa","ward":"Ikate / Lekki"},"geometry":{"type":"Point","coordinates":[3.49613,6.43655]}},{"type":"Feature","properties":{"name":"Jehoval Rohi International School","kind":"school","ownership":"Private Faith Based","level":"Formal","kind_detail":"Primary","lga":"Eti Osa","ward":"Okun Ajah / Okunmopo"},"geometry":{"type":"Point","coordinates":[3.61382,6.4531]}},{"type":"Feature","properties":{"name":"Bimnic School Langbasa","kind":"school","ownership":"Private","level":"Formal","kind_detail":"Secondary","lga":"Eti Osa","ward":"Addo / Okeira"},"geometry":{"type":"Point","coordinates":[3.58739,6.49807]}},{"type":"Feature","properties":{"name":"Acedoor School Sangotedo Lekki Ajah","kind":"school","ownership":"Private","level":"Formal","kind_detail":"Primary","lga":"Eti Osa","ward":"Sangotedo"},"geometry":{"type":"Point","coordinates":[3.64029,6.46266]}},{"type":"Feature","properties":{"name":"Moder Montessori International London","kind":"school","ownership":"Private","level":"Formal","kind_detail":"Tertiary","lga":"Eti Osa","ward":"Ajah"},"geometry":{"type":"Point","coordinates":[3.55608,6.4602]}},{"type":"Feature","properties":{"name":"Queens College","kind":"school","ownership":"Public","level":"Formal","kind_detail":"Secondary","lga":"Lagos Mainland","ward":"Onike / Oyadiran"},"geometry":{"type":"Point","coordinates":[3.38113,6.50723]}},{"type":"Feature","properties":{"name":"St Augustine College Of Education","kind":"school","ownership":"Faith Based","level":"Formal","kind_detail":"Tertiary","lga":"Lagos Mainland","ward":"Abule Oja"},"geometry":{"type":"Point","coordinates":[3.38713,6.52383]}},{"type":"Feature","properties":{"name":"Sacred Heart College Apapa","kind":"school","ownership":"Private","level":"Formal","kind_detail":"Secondary","lga":"Apapa","ward":"Apapa"},"geometry":{"type":"Point","coordinates":[3.36364,6.44837]}},{"type":"Feature","properties":{"name":"Muslim Children Private School","kind":"school","ownership":"Private","level":"Formal","kind_detail":"Secondary","lga":"Lagos Mainland","ward":"Alagomeji"},"geometry":{"type":"Point","coordinates":[3.3795,6.49505]}},{"type":"Feature","properties":{"name":"Jubril Martins Memoriial Grammar School","kind":"school","ownership":"Public","level":"Formal","kind_detail":"Primary","lga":"Lagos Mainland","ward":"Iponri / Olaleye"},"geometry":{"type":"Point","coordinates":[3.36724,6.48688]}},{"type":"Feature","properties":{"name":"Royal Regency School","kind":"school","ownership":"Private","level":"Formal","kind_detail":"Secondary","lga":"Eti Osa","ward":"Badore / Langbasa"},"geometry":{"type":"Point","coordinates":[3.6062,6.50938]}},{"type":"Feature","properties":{"name":"Tolyfun College","kind":"school","ownership":"Private","level":"Formal","kind_detail":"Primary","lga":"Apapa","ward":"Badia"},"geometry":{"type":"Point","coordinates":[3.3584,6.46772]}},{"type":"Feature","properties":{"name":"Genesis High School","kind":"school","ownership":"Private","level":"Formal","kind_detail":"Secondary","lga":"Eti Osa","ward":"Addo / Okeira"},"geometry":{"type":"Point","coordinates":[3.58537,6.48438]}},{"type":"Feature","properties":{"name":"Starbright College","kind":"school","ownership":"Private","level":"Formal","kind_detail":"Secondary","lga":"Eti Osa","ward":"Ajiran / Osapa"},"geometry":{"type":"Point","coordinates":[3.51819,6.44769]}},{"type":"Feature","properties":{"name":"Islamic Model Mission School","kind":"school","ownership":"Faith Based","level":"Formal","kind_detail":"Primary","lga":"Mushin","ward":"Igbehin"},"geometry":{"type":"Point","coordinates":[3.34626,6.52037]}},{"type":"Feature","properties":{"name":"Royal Star Comprehensive College","kind":"school","ownership":"Private","level":"Formal","kind_detail":"Secondary","lga":"Mushin","ward":"Odo Eran / Ogunlana"},"geometry":{"type":"Point","coordinates":[3.32656,6.50421]}},{"type":"Feature","properties":{"name":"Edidot College","kind":"school","ownership":"Private","level":"Formal","kind_detail":"Secondary","lga":"Eti Osa","ward":"Badore / Langbasa"},"geometry":{"type":"Point","coordinates":[3.59897,6.50158]}},{"type":"Feature","properties":{"name":"Ade Abba Cresent School","kind":"school","ownership":"Private","level":"Formal","kind_detail":"Primary","lga":"Eti Osa","ward":"Badore / Langbasa"},"geometry":{"type":"Point","coordinates":[3.59342,6.50005]}},{"type":"Feature","properties":{"name":"Reagan Memorial Baptist Girls Secondary School","kind":"school","ownership":"Faith Based","level":"Formal","kind_detail":"Secondary","lga":"Lagos Mainland","ward":"Harvey"},"geometry":{"type":"Point","coordinates":[3.37662,6.50697]}},{"type":"Feature","properties":{"name":"Modupe Cole Memorial Child Care And Treatment Home School","kind":"school","ownership":"NGO Funded","level":"Formal","kind_detail":"Primary","lga":"Lagos Mainland","ward":"Abule Oja"},"geometry":{"type":"Point","coordinates":[3.38498,6.52384]}},{"type":"Feature","properties":{"name":"Sheperd Toke School","kind":"school","ownership":"Private","level":"Formal","kind_detail":"Primary","lga":"Lagos Mainland","ward":"Araromi"},"geometry":{"type":"Point","coordinates":[3.38902,6.48432]}},{"type":"Feature","properties":{"name":"Hossan Private School","kind":"school","ownership":"Private","level":"Formal","kind_detail":"Primary","lga":"Surulere","ward":"Osho"},"geometry":{"type":"Point","coordinates":[3.33667,6.4813]}},{"type":"Feature","properties":{"name":"Tonia International School And College","kind":"school","ownership":"Private","level":"Formal","kind_detail":"Primary","lga":"Surulere","ward":"Osho"},"geometry":{"type":"Point","coordinates":[3.33375,6.48002]}},{"type":"Feature","properties":{"name":"Glorious Children International School","kind":"school","ownership":"Private","level":"Formal","kind_detail":"Primary","lga":"Surulere","ward":"Coker"},"geometry":{"type":"Point","coordinates":[3.33098,6.47874]}},{"type":"Feature","properties":{"name":"Avital College","kind":"school","ownership":"Private","level":"Formal","kind_detail":"Secondary","lga":"Surulere","ward":"Jinadu Aiyetoro"},"geometry":{"type":"Point","coordinates":[3.33649,6.48687]}},{"type":"Feature","properties":{"name":"Childs World School","kind":"school","ownership":"Private","level":"Formal","kind_detail":"Primary","lga":"Surulere","ward":"Coker"},"geometry":{"type":"Point","coordinates":[3.33188,6.47536]}},{"type":"Feature","properties":{"name":"Devine Step School","kind":"school","ownership":"Private","level":"Formal","kind_detail":"Primary","lga":"Surulere","ward":"Coker"},"geometry":{"type":"Point","coordinates":[3.33225,6.47474]}},{"type":"Feature","properties":{"name":"Friends Villie High School","kind":"school","ownership":"Private","level":"Formal","kind_detail":"Secondary","lga":"Surulere","ward":"Coker"},"geometry":{"type":"Point","coordinates":[3.33124,6.47394]}},{"type":"Feature","properties":{"name":"Home Economics Centre Surulere School","kind":"school","ownership":"Public","level":"Formal","kind_detail":"Primary","lga":"Surulere","ward":"Coker"},"geometry":{"type":"Point","coordinates":[3.33139,6.47296]}},{"type":"Feature","properties":{"name":"Iq Plus School","kind":"school","ownership":"Private","level":"Formal","kind_detail":"Primary","lga":"Surulere","ward":"Jinadu Aiyetoro"},"geometry":{"type":"Point","coordinates":[3.33731,6.48409]}},{"type":"Feature","properties":{"name":"Expert Academy","kind":"school","ownership":"Private","level":"Formal","kind_detail":"Secondary","lga":"Surulere","ward":"Coker"},"geometry":{"type":"Point","coordinates":[3.33238,6.47613]}},{"type":"Feature","properties":{"name":"Mands Montessori Academy","kind":"school","ownership":"Private","level":"Formal","kind_detail":"Primary","lga":"Mushin","ward":"Mushin / Atewolara"},"geometry":{"type":"Point","coordinates":[3.35042,6.53661]}},{"type":"Feature","properties":{"name":"S Bee International School","kind":"school","ownership":"Private","level":"Formal","kind_detail":"Primary","lga":"Lagos Mainland","ward":"Iponri / Olaleye"},"geometry":{"type":"Point","coordinates":[3.37032,6.49319]}},{"type":"Feature","properties":{"name":"Shalom Private School","kind":"school","ownership":"Private","level":"Formal","kind_detail":"Primary","lga":"Lagos Mainland","ward":"Iponri / Olaleye"},"geometry":{"type":"Point","coordinates":[3.37075,6.49273]}},{"type":"Feature","properties":{"name":"Gumsville School","kind":"school","ownership":"Private","level":"Formal","kind_detail":"Primary","lga":"Mushin","ward":"Idi-Araba"},"geometry":{"type":"Point","coordinates":[3.36091,6.51687]}},{"type":"Feature","properties":{"name":"Kings College","kind":"school","ownership":"Public","level":"Formal","kind_detail":"Secondary","lga":"Eti Osa","ward":"1004 / Aboyade"},"geometry":{"type":"Point","coordinates":[3.42455,6.43577]}},{"type":"Feature","properties":{"name":"Phebean Adeola Memorial School","kind":"school","ownership":"Private","level":"Formal","kind_detail":"Primary","lga":"Surulere","ward":"Akinhanmi Cole"},"geometry":{"type":"Point","coordinates":[3.36252,6.51913]}},{"type":"Feature","properties":{"name":"St Andrew School","kind":"school","ownership":"Private","level":"Formal","kind_detail":"Primary","lga":"Eti Osa","ward":"Ilasan / Orile"},"geometry":{"type":"Point","coordinates":[3.46821,6.42752]}},{"type":"Feature","properties":{"name":"Butter Cups School","kind":"school","ownership":"Private","level":"Formal","kind_detail":"Primary","lga":"Eti Osa","ward":"Apese / 6 Extension"},"geometry":{"type":"Point","coordinates":[3.44774,6.43011]}},{"type":"Feature","properties":{"name":"Park British School Marina","kind":"school","ownership":"Private","level":"Formal","kind_detail":"Primary","lga":"Apapa","ward":"Oduduwa"},"geometry":{"type":"Point","coordinates":[3.35037,6.4415]}},{"type":"Feature","properties":{"name":"Whitesands School Lekki Peninsula","kind":"school","ownership":"Private","level":"Formal","kind_detail":"Secondary","lga":"Eti Osa","ward":"Ilasan / Orile"},"geometry":{"type":"Point","coordinates":[3.47943,6.42911]}},{"type":"Feature","properties":{"name":"Global Education School Lekki Peninsula","kind":"school","ownership":"Private","level":"Formal","kind_detail":"Secondary","lga":"Eti Osa","ward":"Ilasan / Orile"},"geometry":{"type":"Point","coordinates":[3.47884,6.42925]}},{"type":"Feature","properties":{"name":"De Magarette School","kind":"school","ownership":"Private","level":"Formal","kind_detail":"Primary","lga":"Lagos Mainland","ward":"Onike / Oyadiran"},"geometry":{"type":"Point","coordinates":[3.38323,6.51536]}},{"type":"Feature","properties":{"name":"Saints Mary And Alfred School","kind":"school","ownership":"Private","level":"Formal","kind_detail":"Secondary","lga":"Surulere","ward":"Jinadu Aiyetoro"},"geometry":{"type":"Point","coordinates":[3.34185,6.48824]}},{"type":"Feature","properties":{"name":"Select International College","kind":"school","ownership":"Private","level":"Formal","kind_detail":"Secondary","lga":"Surulere","ward":"Irone"},"geometry":{"type":"Point","coordinates":[3.3382,6.49285]}},{"type":"Feature","properties":{"name":"Glory Crown International School","kind":"school","ownership":"Private","level":"Formal","kind_detail":"Primary","lga":"Surulere","ward":"Agunbiade"},"geometry":{"type":"Point","coordinates":[3.32635,6.49341]}},{"type":"Feature","properties":{"name":"Christ The Redeemers Victors School","kind":"school","ownership":"Faith Based","level":"Formal","kind_detail":"Primary","lga":"Surulere","ward":"Agunbiade"},"geometry":{"type":"Point","coordinates":[3.32647,6.49457]}},{"type":"Feature","properties":{"name":"Duntro High School","kind":"school","ownership":"Private","level":"Formal","kind_detail":"Secondary","lga":"Surulere","ward":"Agunbiade"},"geometry":{"type":"Point","coordinates":[3.32738,6.49582]}},{"type":"Feature","properties":{"name":"The Kings College Children School","kind":"school","ownership":"Private","level":"Formal","kind_detail":"Primary","lga":"Surulere","ward":"Agunbiade"},"geometry":{"type":"Point","coordinates":[3.32734,6.49508]}},{"type":"Feature","properties":{"name":"Tenny Grace Children School","kind":"school","ownership":"Private","level":"Formal","kind_detail":"Primary","lga":"Surulere","ward":"Agunbiade"},"geometry":{"type":"Point","coordinates":[3.32702,6.49491]}},{"type":"Feature","properties":{"name":"Havens Montessori School","kind":"school","ownership":"Private","level":"Formal","kind_detail":"Primary","lga":"Surulere","ward":"Airways"},"geometry":{"type":"Point","coordinates":[3.32847,6.49189]}},{"type":"Feature","properties":{"name":"John Bright Comprehensive School","kind":"school","ownership":"Private","level":"Formal","kind_detail":"Primary","lga":"Surulere","ward":"Airways"},"geometry":{"type":"Point","coordinates":[3.32637,6.48914]}},{"type":"Feature","properties":{"name":"Verifort Academy Montissori Integrated School","kind":"school","ownership":"Private","level":"Formal","kind_detail":"Primary","lga":"Surulere","ward":"Airways"},"geometry":{"type":"Point","coordinates":[3.32701,6.48775]}},{"type":"Feature","properties":{"name":"Blooming Greens School","kind":"school","ownership":"Private","level":"Formal","kind_detail":"Primary","lga":"Lagos Mainland","ward":"Harvey"},"geometry":{"type":"Point","coordinates":[3.37419,6.5166]}},{"type":"Feature","properties":{"name":"Methodist Boys High School","kind":"school","ownership":"Private","level":"Formal","kind_detail":"Secondary","lga":"Eti Osa","ward":"Apese / 6 Extension"},"geometry":{"type":"Point","coordinates":[3.43509,6.42819]}},{"type":"Feature","properties":{"name":"Timi Children School","kind":"school","ownership":"Private","level":"Formal","kind_detail":"Primary","lga":"Mushin","ward":"Oduselu / Ola"},"geometry":{"type":"Point","coordinates":[3.33169,6.50631]}},{"type":"Feature","properties":{"name":"Right Foundation Children School","kind":"school","ownership":"Private","level":"Formal","kind_detail":"Primary","lga":"Surulere","ward":"Agunbiade"},"geometry":{"type":"Point","coordinates":[3.33505,6.49493]}},{"type":"Feature","properties":{"name":"Baruch Day School","kind":"school","ownership":"Private","level":"Formal","kind_detail":"Primary","lga":"Surulere","ward":"Irone"},"geometry":{"type":"Point","coordinates":[3.3353,6.48745]}},{"type":"Feature","properties":{"name":"Twincap Private School","kind":"school","ownership":"Private","level":"Formal","kind_detail":"Primary","lga":"Surulere","ward":"Jinadu Aiyetoro"},"geometry":{"type":"Point","coordinates":[3.33685,6.48754]}},{"type":"Feature","properties":{"name":"Soleil High School","kind":"school","ownership":"Private","level":"Formal","kind_detail":"Secondary","lga":"Surulere","ward":"Jinadu Aiyetoro"},"geometry":{"type":"Point","coordinates":[3.33783,6.48974]}},{"type":"Feature","properties":{"name":"Beulah Ville Ecole","kind":"school","ownership":"Private","level":"Formal","kind_detail":"Primary","lga":"Surulere","ward":"Jinadu Aiyetoro"},"geometry":{"type":"Point","coordinates":[3.33752,6.49011]}},{"type":"Feature","properties":{"name":"Lords Gate School","kind":"school","ownership":"Private","level":"Formal","kind_detail":"Primary","lga":"Eti Osa","ward":"Addo / Okeira"},"geometry":{"type":"Point","coordinates":[3.60459,6.49913]}},{"type":"Feature","properties":{"name":"Jehosheba School","kind":"school","ownership":"Private","level":"Formal","kind_detail":"Primary","lga":"Eti Osa","ward":"Addo / Okeira"},"geometry":{"type":"Point","coordinates":[3.60761,6.49991]}},{"type":"Feature","properties":{"name":"Pholix Secondary School","kind":"school","ownership":"Private","level":"Formal","kind_detail":"Secondary","lga":"Lagos Mainland","ward":"Freeman / Glover"},"geometry":{"type":"Point","coordinates":[3.38531,6.48664]}},{"type":"Feature","properties":{"name":"Liham School","kind":"school","ownership":"Private","level":"Formal","kind_detail":"Secondary","lga":"Lagos Mainland","ward":"Aderupoko / Ijebu Qters"},"geometry":{"type":"Point","coordinates":[3.38558,6.50459]}},{"type":"Feature","properties":{"name":"Good Hope Children School","kind":"school","ownership":"Private","level":"Formal","kind_detail":"Primary","lga":"Surulere","ward":"Irone"},"geometry":{"type":"Point","coordinates":[3.33483,6.48714]}},{"type":"Feature","properties":{"name":"Mcvera International School Montessori Education","kind":"school","ownership":"Private","level":"Formal","kind_detail":"Primary","lga":"Surulere","ward":"Irone"},"geometry":{"type":"Point","coordinates":[3.33551,6.48678]}},{"type":"Feature","properties":{"name":"Toddlers Montessori School","kind":"school","ownership":"Private","level":"Formal","kind_detail":"Primary","lga":"Surulere","ward":"Irone"},"geometry":{"type":"Point","coordinates":[3.33479,6.48524]}},{"type":"Feature","properties":{"name":"Dornnie Private School","kind":"school","ownership":"Private","level":"Formal","kind_detail":"Primary","lga":"Surulere","ward":"Jinadu Aiyetoro"},"geometry":{"type":"Point","coordinates":[3.33222,6.48002]}},{"type":"Feature","properties":{"name":"Young Leaders International School","kind":"school","ownership":"Private","level":"Formal","kind_detail":"Primary","lga":"Surulere","ward":"Jinadu Aiyetoro"},"geometry":{"type":"Point","coordinates":[3.33558,6.4833]}},{"type":"Feature","properties":{"name":"Petjane School","kind":"school","ownership":"Private","level":"Formal","kind_detail":"Primary","lga":"Surulere","ward":"Jinadu Aiyetoro"},"geometry":{"type":"Point","coordinates":[3.33617,6.48587]}},{"type":"Feature","properties":{"name":"St Rita School","kind":"school","ownership":"Private","level":"Formal","kind_detail":"Primary","lga":"Surulere","ward":"Jinadu Aiyetoro"},"geometry":{"type":"Point","coordinates":[3.33688,6.48498]}},{"type":"Feature","properties":{"name":"Penny High School","kind":"school","ownership":"Private","level":"Formal","kind_detail":"Secondary","lga":"Surulere","ward":"Coker"},"geometry":{"type":"Point","coordinates":[3.32931,6.47362]}},{"type":"Feature","properties":{"name":"Jiba College","kind":"school","ownership":"Private","level":"Formal","kind_detail":"Secondary","lga":"Surulere","ward":"Jinadu Aiyetoro"},"geometry":{"type":"Point","coordinates":[3.33901,6.48526]}},{"type":"Feature","properties":{"name":"Truth Bible College","kind":"school","ownership":"Private","level":"Formal","kind_detail":"Primary","lga":"Surulere","ward":"Coker"},"geometry":{"type":"Point","coordinates":[3.33766,6.47487]}},{"type":"Feature","properties":{"name":"Penny Private School","kind":"school","ownership":"Private","level":"Formal","kind_detail":"Primary","lga":"Surulere","ward":"Coker"},"geometry":{"type":"Point","coordinates":[3.334,6.47745]}},{"type":"Feature","properties":{"name":"Torch Bearer School","kind":"school","ownership":"Private","level":"Formal","kind_detail":"Primary","lga":"Surulere","ward":"Coker"},"geometry":{"type":"Point","coordinates":[3.33129,6.47715]}},{"type":"Feature","properties":{"name":"New Flames Academy","kind":"school","ownership":"Private","level":"Formal","kind_detail":"Secondary","lga":"Surulere","ward":"Coker"},"geometry":{"type":"Point","coordinates":[3.33207,6.47575]}},{"type":"Feature","properties":{"name":"Bamgrayor College","kind":"school","ownership":"Private","level":"Formal","kind_detail":"Secondary","lga":"Lagos Mainland","ward":"Aloba / Desalu"},"geometry":{"type":"Point","coordinates":[3.36996,6.48472]}},{"type":"Feature","properties":{"name":"Living Dream School","kind":"school","ownership":"Private","level":"Formal","kind_detail":"Primary","lga":"Eti Osa","ward":"Sangotedo"},"geometry":{"type":"Point","coordinates":[3.60625,6.4679]}},{"type":"Feature","properties":{"name":"Waheeb Folawuyo Secondary School Ikoyi","kind":"school","ownership":"Public","level":"Formal","kind_detail":"Secondary","lga":"Eti Osa","ward":"Ikoyi 1"},"geometry":{"type":"Point","coordinates":[3.42639,6.46208]}},{"type":"Feature","properties":{"name":"Osborne School Complex Ikoyi","kind":"school","ownership":"Public","level":"Formal","kind_detail":"Primary","lga":"Eti Osa","ward":"Ikoyi 1"},"geometry":{"type":"Point","coordinates":[3.42649,6.463]}},{"type":"Feature","properties":{"name":"Government College Maroko Ikoyi","kind":"school","ownership":"Public","level":"Formal","kind_detail":"Secondary","lga":"Eti Osa","ward":"Ikoyi 1"},"geometry":{"type":"Point","coordinates":[3.42665,6.46218]}},{"type":"Feature","properties":{"name":"Mountain Top School","kind":"school","ownership":"Faith Based","level":"Formal","kind_detail":"Primary","lga":"Shomolu","ward":"Owode  / Orile Bariga"},"geometry":{"type":"Point","coordinates":[3.38788,6.5312]}},{"type":"Feature","properties":{"name":"Al Naeem Private School","kind":"school","ownership":"Private","level":"Formal","kind_detail":"Primary","lga":"Lagos Mainland","ward":"Otto"},"geometry":{"type":"Point","coordinates":[3.38042,6.47459]}},{"type":"Feature","properties":{"name":"Little Steps Montessori School","kind":"school","ownership":"Private","level":"Formal","kind_detail":"Primary","lga":"Eti Osa","ward":"Ajah"},"geometry":{"type":"Point","coordinates":[3.56814,6.47344]}},{"type":"Feature","properties":{"name":"First Pentagon College","kind":"school","ownership":"Private","level":"Formal","kind_detail":"Secondary","lga":"Eti Osa","ward":"Ajah"},"geometry":{"type":"Point","coordinates":[3.56081,6.46632]}},{"type":"Feature","properties":{"name":"Pedrisi College","kind":"school","ownership":"Private","level":"Formal","kind_detail":"Secondary","lga":"Eti Osa","ward":"Ajah"},"geometry":{"type":"Point","coordinates":[3.56901,6.45458]}},{"type":"Feature","properties":{"name":"Power Point School","kind":"school","ownership":"Private","level":"Formal","kind_detail":"Primary","lga":"Eti Osa","ward":"Ajah"},"geometry":{"type":"Point","coordinates":[3.56425,6.45809]}},{"type":"Feature","properties":{"name":"Ashake Oki Memorial School","kind":"school","ownership":"Private","level":"Formal","kind_detail":"Primary","lga":"Surulere","ward":"Aralile"},"geometry":{"type":"Point","coordinates":[3.36662,6.50205]}},{"type":"Feature","properties":{"name":"All Nations School Nursery And Primary","kind":"school","ownership":"Private","level":"Formal","kind_detail":"Primary","lga":"Lagos Mainland","ward":"Alagomeji"},"geometry":{"type":"Point","coordinates":[3.38229,6.50123]}},{"type":"Feature","properties":{"name":"Winners Though School","kind":"school","ownership":"Private","level":"Formal","kind_detail":"Primary","lga":"Lagos Mainland","ward":"Iponri / Olaleye"},"geometry":{"type":"Point","coordinates":[3.37138,6.49758]}},{"type":"Feature","properties":{"name":"God Leads Kid Private School","kind":"school","ownership":"Private","level":"Formal","kind_detail":"Primary","lga":"Lagos Mainland","ward":"Iponri / Olaleye"},"geometry":{"type":"Point","coordinates":[3.3712,6.49601]}},{"type":"Feature","properties":{"name":"Peaceful Garden School","kind":"school","ownership":"Private","level":"Formal","kind_detail":"Primary","lga":"Surulere","ward":"Babatunde Ayilara"},"geometry":{"type":"Point","coordinates":[3.35013,6.50251]}},{"type":"Feature","properties":{"name":"Grace Polytechnic","kind":"school","ownership":"Private","level":"Formal","kind_detail":"Tertiary","lga":"Surulere","ward":"Shitta Bank Olemoh"},"geometry":{"type":"Point","coordinates":[3.35531,6.5013]}},{"type":"Feature","properties":{"name":"Homestead School","kind":"school","ownership":"Private","level":"Formal","kind_detail":"Primary","lga":"Surulere","ward":"Shitta Bank Olemoh"},"geometry":{"type":"Point","coordinates":[3.35206,6.50194]}},{"type":"Feature","properties":{"name":"Progressive Steps International School","kind":"school","ownership":"Private","level":"Formal","kind_detail":"Primary","lga":"Surulere","ward":"Shitta Bank Olemoh"},"geometry":{"type":"Point","coordinates":[3.35152,6.5031]}},{"type":"Feature","properties":{"name":"Five Senses International School","kind":"school","ownership":"Private","level":"Formal","kind_detail":"Primary","lga":"Surulere","ward":"Nuru Oniwo"},"geometry":{"type":"Point","coordinates":[3.34964,6.49853]}},{"type":"Feature","properties":{"name":"Dvees School","kind":"school","ownership":"Private","level":"Formal","kind_detail":"Primary","lga":"Surulere","ward":"Shitta Bank Olemoh"},"geometry":{"type":"Point","coordinates":[3.35255,6.5046]}},{"type":"Feature","properties":{"name":"Bismis School","kind":"school","ownership":"Private","level":"Formal","kind_detail":"Primary","lga":"Mushin","ward":"Olateju"},"geometry":{"type":"Point","coordinates":[3.36069,6.53125]}},{"type":"Feature","properties":{"name":"Danstard College","kind":"school","ownership":"Private","level":"Formal","kind_detail":"Secondary","lga":"Mushin","ward":"Babalosa 1"},"geometry":{"type":"Point","coordinates":[3.35966,6.53208]}},{"type":"Feature","properties":{"name":"R Tad School","kind":"school","ownership":"Private","level":"Formal","kind_detail":"Primary","lga":"Mushin","ward":"Babalosa 1"},"geometry":{"type":"Point","coordinates":[3.35948,6.53186]}},{"type":"Feature","properties":{"name":"Prudence Private School","kind":"school","ownership":"Private","level":"Formal","kind_detail":"Primary","lga":"Lagos Mainland","ward":"Harvey"},"geometry":{"type":"Point","coordinates":[3.37701,6.50813]}},{"type":"Feature","properties":{"name":"The Pottersland School","kind":"school","ownership":"Private","level":"Formal","kind_detail":"Primary","lga":"Eti Osa","ward":"Igbo-Efon / Maiyegun"},"geometry":{"type":"Point","coordinates":[3.54242,6.43857]}},{"type":"Feature","properties":{"name":"Resogade Hall School","kind":"school","ownership":"Private","level":"Formal","kind_detail":"Primary","lga":"Eti Osa","ward":"Igbo-Efon / Maiyegun"},"geometry":{"type":"Point","coordinates":[3.54062,6.44218]}},{"type":"Feature","properties":{"name":"Harvard Step School","kind":"school","ownership":"Private","level":"Formal","kind_detail":"Primary","lga":"Eti Osa","ward":"Igbo-Efon / Maiyegun"},"geometry":{"type":"Point","coordinates":[3.53927,6.44078]}},{"type":"Feature","properties":{"name":"Startrite School","kind":"school","ownership":"Private","level":"Formal","kind_detail":"Primary","lga":"Eti Osa","ward":"Falomo / Oyinkan Abayomi"},"geometry":{"type":"Point","coordinates":[3.43252,6.44856]}},{"type":"Feature","properties":{"name":"Corona School","kind":"school","ownership":"Private","level":"Formal","kind_detail":"Primary","lga":"Eti Osa","ward":"Falomo / Oyinkan Abayomi"},"geometry":{"type":"Point","coordinates":[3.43734,6.44464]}},{"type":"Feature","properties":{"name":"Joef Dynamic School","kind":"school","ownership":"Private","level":"Formal","kind_detail":"Primary","lga":"Eti Osa","ward":"Obalende"},"geometry":{"type":"Point","coordinates":[3.41395,6.44846]}},{"type":"Feature","properties":{"name":"Peace Of Land School","kind":"school","ownership":"Private","level":"Formal","kind_detail":"Primary","lga":"Eti Osa","ward":"Okun Ajah / Okunmopo"},"geometry":{"type":"Point","coordinates":[3.55996,6.42516]}},{"type":"Feature","properties":{"name":"Zephaniah School","kind":"school","ownership":"Private","level":"Formal","kind_detail":"Primary","lga":"Surulere","ward":"Aralile"},"geometry":{"type":"Point","coordinates":[3.3678,6.50579]}},{"type":"Feature","properties":{"name":"Heva Savvy School","kind":"school","ownership":"Private","level":"Formal","kind_detail":"Primary","lga":"Surulere","ward":"Aralile"},"geometry":{"type":"Point","coordinates":[3.36641,6.50414]}},{"type":"Feature","properties":{"name":"The Saints Heritage School Surelere","kind":"school","ownership":"Private","level":"Formal","kind_detail":"Primary","lga":"Surulere","ward":"Aralile"},"geometry":{"type":"Point","coordinates":[3.36723,6.5047]}},{"type":"Feature","properties":{"name":"Winners Touch School Ebute Metta","kind":"school","ownership":"Private","level":"Formal","kind_detail":"Primary","lga":"Lagos Mainland","ward":"Iponri / Olaleye"},"geometry":{"type":"Point","coordinates":[3.37553,6.49643]}},{"type":"Feature","properties":{"name":"Strength School","kind":"school","ownership":"Private","level":"Formal","kind_detail":"Primary","lga":"Shomolu","ward":"Aiyetoro / Mafowoku"},"geometry":{"type":"Point","coordinates":[3.3854,6.54251]}},{"type":"Feature","properties":{"name":"Dil John College","kind":"school","ownership":"Private","level":"Formal","kind_detail":"Primary","lga":"Shomolu","ward":"Aiyetoro / Mafowoku"},"geometry":{"type":"Point","coordinates":[3.38483,6.54195]}},{"type":"Feature","properties":{"name":"Nipolos School","kind":"school","ownership":"Private","level":"Formal","kind_detail":"Primary","lga":"Shomolu","ward":"Apelehin"},"geometry":{"type":"Point","coordinates":[3.38924,6.54493]}},{"type":"Feature","properties":{"name":"British International School","kind":"school","ownership":"Private","level":"Formal","kind_detail":"Secondary","lga":"Eti Osa","ward":"Apese / 6 Extension"},"geometry":{"type":"Point","coordinates":[3.45373,6.43666]}},{"type":"Feature","properties":{"name":"Green Pasture Private School","kind":"school","ownership":"Private","level":"Formal","kind_detail":"Primary","lga":"Apapa","ward":"Abraham Adesanya"},"geometry":{"type":"Point","coordinates":[3.35921,6.42455]}},{"type":"Feature","properties":{"name":"Tadshe Academy","kind":"school","ownership":"Private","level":"Formal","kind_detail":"Primary","lga":"Apapa","ward":"Abraham Adesanya"},"geometry":{"type":"Point","coordinates":[3.3613,6.4238]}},{"type":"Feature","properties":{"name":"Ita Agun Grammar School","kind":"school","ownership":"Public","level":"Formal","kind_detail":"Secondary","lga":"Apapa","ward":"Abraham Adesanya"},"geometry":{"type":"Point","coordinates":[3.36251,6.4255]}},{"type":"Feature","properties":{"name":"Rehoboth Heart Of Jesus School","kind":"school","ownership":"Private","level":"Formal","kind_detail":"Primary","lga":"Surulere","ward":"Mosafejo Ojuelegba"},"geometry":{"type":"Point","coordinates":[3.36618,6.5105]}},{"type":"Feature","properties":{"name":"Elimshire College","kind":"school","ownership":"Private","level":"Formal","kind_detail":"Secondary","lga":"Surulere","ward":"Mosafejo Ojuelegba"},"geometry":{"type":"Point","coordinates":[3.36562,6.51074]}},{"type":"Feature","properties":{"name":"Ansar Ud Deen Academy Primary","kind":"school","ownership":"Private","level":"Formal","kind_detail":"Primary","lga":"Surulere","ward":"Babatunde Ayilara"},"geometry":{"type":"Point","coordinates":[3.35889,6.51023]}},{"type":"Feature","properties":{"name":"Ansar Ud Deen Academy Secondary","kind":"school","ownership":"Private","level":"Formal","kind_detail":"Secondary","lga":"Surulere","ward":"Babatunde Ayilara"},"geometry":{"type":"Point","coordinates":[3.3588,6.51118]}},{"type":"Feature","properties":{"name":"Wisdom Tree School","kind":"school","ownership":"Private","level":"Formal","kind_detail":"Primary","lga":"Surulere","ward":"Babatunde Ayilara"},"geometry":{"type":"Point","coordinates":[3.35834,6.50941]}},{"type":"Feature","properties":{"name":"Goodwill Daycare","kind":"school","ownership":"Private","level":"Formal","kind_detail":"Primary","lga":"Surulere","ward":"Babatunde Ayilara"},"geometry":{"type":"Point","coordinates":[3.35877,6.50828]}},{"type":"Feature","properties":{"name":"De Assemblies Of God","kind":"school","ownership":"Private","level":"Formal","kind_detail":"Primary","lga":"Surulere","ward":"Babatunde Ayilara"},"geometry":{"type":"Point","coordinates":[3.35889,6.50913]}},{"type":"Feature","properties":{"name":"Sesame Kiddies School","kind":"school","ownership":"Private","level":"Formal","kind_detail":"Primary","lga":"Surulere","ward":"Babatunde Ayilara"},"geometry":{"type":"Point","coordinates":[3.35945,6.50818]}},{"type":"Feature","properties":{"name":"Akintan Senior Secondary School","kind":"school","ownership":"Public","level":"Formal","kind_detail":"Secondary","lga":"Surulere","ward":"Gbaja Obele-Odan"},"geometry":{"type":"Point","coordinates":[3.3612,6.50699]}},{"type":"Feature","properties":{"name":"Jiba School","kind":"school","ownership":"Private","level":"Formal","kind_detail":"Primary","lga":"Surulere","ward":"Babatunde Ayilara"},"geometry":{"type":"Point","coordinates":[3.35145,6.51084]}},{"type":"Feature","properties":{"name":"Kingdom Kids Minders","kind":"school","ownership":"Public Private","level":"Formal","kind_detail":"Primary","lga":"Surulere","ward":"Babatunde Ayilara"},"geometry":{"type":"Point","coordinates":[3.35032,6.50997]}},{"type":"Feature","properties":{"name":"Rubies And Gems Montessori School","kind":"school","ownership":"Private","level":"Formal","kind_detail":"Primary","lga":"Surulere","ward":"Babatunde Ayilara"},"geometry":{"type":"Point","coordinates":[3.34964,6.50676]}},{"type":"Feature","properties":{"name":"Evaron College","kind":"school","ownership":"Private","level":"Formal","kind_detail":"Primary","lga":"Surulere","ward":"Babatunde Ayilara"},"geometry":{"type":"Point","coordinates":[3.35101,6.50451]}},{"type":"Feature","properties":{"name":"Morret College","kind":"school","ownership":"Private","level":"Formal","kind_detail":"Primary","lga":"Surulere","ward":"Babatunde Ayilara"},"geometry":{"type":"Point","coordinates":[3.35112,6.50476]}},{"type":"Feature","properties":{"name":"The Nickdel School","kind":"school","ownership":"Private","level":"Formal","kind_detail":"Primary","lga":"Surulere","ward":"Babatunde Ayilara"},"geometry":{"type":"Point","coordinates":[3.35127,6.50506]}},{"type":"Feature","properties":{"name":"Trillium Court Montesorri School","kind":"school","ownership":"Private","level":"Formal","kind_detail":"Primary","lga":"Surulere","ward":"Babatunde Ayilara"},"geometry":{"type":"Point","coordinates":[3.35166,6.50589]}},{"type":"Feature","properties":{"name":"Stc Model Academy","kind":"school","ownership":"Private","level":"Formal","kind_detail":"Primary","lga":"Surulere","ward":"Gbaja Obele-Odan"},"geometry":{"type":"Point","coordinates":[3.36108,6.50727]}},{"type":"Feature","properties":{"name":"The Marvelous God School","kind":"school","ownership":"Private","level":"Formal","kind_detail":"Primary","lga":"Surulere","ward":"Babatunde Ayilara"},"geometry":{"type":"Point","coordinates":[3.3607,6.50763]}},{"type":"Feature","properties":{"name":"Sunshine Secondary School","kind":"school","ownership":"Private","level":"Formal","kind_detail":"Secondary","lga":"Surulere","ward":"Irone"},"geometry":{"type":"Point","coordinates":[3.33858,6.49384]}},{"type":"Feature","properties":{"name":"Royal Star School","kind":"school","ownership":"Private","level":"Formal","kind_detail":"Primary","lga":"Mushin","ward":"Oduselu / Ola"},"geometry":{"type":"Point","coordinates":[3.32943,6.50719]}},{"type":"Feature","properties":{"name":"Tee Land School","kind":"school","ownership":"Private","level":"Formal","kind_detail":"Primary","lga":"Shomolu","ward":"Seriki-Okuta"},"geometry":{"type":"Point","coordinates":[3.39658,6.5423]}},{"type":"Feature","properties":{"name":"Elegbata High School","kind":"school","ownership":"Public","level":"Formal","kind_detail":"Secondary","lga":"Lagos Island","ward":"Oke-Olowogbowo"},"geometry":{"type":"Point","coordinates":[3.38138,6.45966]}},{"type":"Feature","properties":{"name":"Mountain Of Fire School","kind":"school","ownership":"Faith Based","level":"Formal","kind_detail":"Primary","lga":"Mushin","ward":"Oduselu / Ola"},"geometry":{"type":"Point","coordinates":[3.32911,6.50852]}},{"type":"Feature","properties":{"name":"Fountain Of Life Private School","kind":"school","ownership":"Private","level":"Formal","kind_detail":"Primary","lga":"Surulere","ward":"Sanusi 1"},"geometry":{"type":"Point","coordinates":[3.33602,6.49921]}},{"type":"Feature","properties":{"name":"Jikky Tess Private School","kind":"school","ownership":"Private","level":"Formal","kind_detail":"Primary","lga":"Surulere","ward":"Ogunsami / Karounwi"},"geometry":{"type":"Point","coordinates":[3.33741,6.49915]}},{"type":"Feature","properties":{"name":"Bomak School","kind":"school","ownership":"Private","level":"Formal","kind_detail":"Primary","lga":"Surulere","ward":"Ogunsami / Karounwi"},"geometry":{"type":"Point","coordinates":[3.33668,6.49955]}},{"type":"Feature","properties":{"name":"Prestige International School","kind":"school","ownership":"Private","level":"Formal","kind_detail":"Primary","lga":"Surulere","ward":"Nuru Oniwo"},"geometry":{"type":"Point","coordinates":[3.33881,6.49906]}},{"type":"Feature","properties":{"name":"Lakewood Private School","kind":"school","ownership":"Private","level":"Formal","kind_detail":"Primary","lga":"Surulere","ward":"Nuru Oniwo"},"geometry":{"type":"Point","coordinates":[3.33875,6.49706]}},{"type":"Feature","properties":{"name":"John Kennedy International College","kind":"school","ownership":"Private","level":"Formal","kind_detail":"Secondary","lga":"Surulere","ward":"Irone"},"geometry":{"type":"Point","coordinates":[3.33738,6.49604]}},{"type":"Feature","properties":{"name":"Brighter Vision International School","kind":"school","ownership":"Private","level":"Formal","kind_detail":"Primary","lga":"Lagos Island","ward":"Oke-Olowogbowo"},"geometry":{"type":"Point","coordinates":[3.38094,6.45798]}},{"type":"Feature","properties":{"name":"Overcomes Private School","kind":"school","ownership":"Private","level":"Formal","kind_detail":"Primary","lga":"Shomolu","ward":"Seriki-Okuta"},"geometry":{"type":"Point","coordinates":[3.39808,6.53969]}},{"type":"Feature","properties":{"name":"Bright Star Comprehensive High Skull","kind":"school","ownership":"Private","level":"Formal","kind_detail":"Primary","lga":"Shomolu","ward":"Ilaje"},"geometry":{"type":"Point","coordinates":[3.39364,6.53453]}},{"type":"Feature","properties":{"name":"Toreny School","kind":"school","ownership":"Private","level":"Formal","kind_detail":"Primary","lga":"Surulere","ward":"Nuru Oniwo"},"geometry":{"type":"Point","coordinates":[3.3399,6.50399]}},{"type":"Feature","properties":{"name":"St Batholomew Secondary School","kind":"school","ownership":"Private","level":"Formal","kind_detail":"Secondary","lga":"Surulere","ward":"Nuru Oniwo"},"geometry":{"type":"Point","coordinates":[3.33964,6.50257]}},{"type":"Feature","properties":{"name":"Little Gems Private School","kind":"school","ownership":"Private","level":"Formal","kind_detail":"Primary","lga":"Surulere","ward":"Nuru Oniwo"},"geometry":{"type":"Point","coordinates":[3.34069,6.5033]}},{"type":"Feature","properties":{"name":"Shineforth School","kind":"school","ownership":"Private","level":"Formal","kind_detail":"Primary","lga":"Surulere","ward":"Nuru Oniwo"},"geometry":{"type":"Point","coordinates":[3.34094,6.50211]}},{"type":"Feature","properties":{"name":"Toviel College","kind":"school","ownership":"Private","level":"Formal","kind_detail":"Secondary","lga":"Surulere","ward":"Baruwa"},"geometry":{"type":"Point","coordinates":[3.3425,6.50391]}},{"type":"Feature","properties":{"name":"Goshen Height School","kind":"school","ownership":"Private","level":"Formal","kind_detail":"Primary","lga":"Surulere","ward":"Iponri  /  Eric Moore"},"geometry":{"type":"Point","coordinates":[3.34988,6.48663]}},{"type":"Feature","properties":{"name":"Dasore Montessori School","kind":"school","ownership":"Private","level":"Formal","kind_detail":"Primary","lga":"Surulere","ward":"Coker"},"geometry":{"type":"Point","coordinates":[3.32972,6.47563]}},{"type":"Feature","properties":{"name":"Great Esteem Kids","kind":"school","ownership":"Private","level":"Formal","kind_detail":"Primary","lga":"Surulere","ward":"Irone"},"geometry":{"type":"Point","coordinates":[3.32839,6.48389]}},{"type":"Feature","properties":{"name":"Rubygold British College","kind":"school","ownership":"Private","level":"Formal","kind_detail":"Primary","lga":"Eti Osa","ward":"Ilasan / Orile"},"geometry":{"type":"Point","coordinates":[3.50275,6.42898]}},{"type":"Feature","properties":{"name":"Troika School","kind":"school","ownership":"Private","level":"Formal","kind_detail":"Primary","lga":"Eti Osa","ward":"Maroko / Okun Alfa"},"geometry":{"type":"Point","coordinates":[3.52041,6.43305]}},{"type":"Feature","properties":{"name":"Rex Genius School","kind":"school","ownership":"Private","level":"Formal","kind_detail":"Primary","lga":"Eti Osa","ward":"Maroko / Okun Alfa"},"geometry":{"type":"Point","coordinates":[3.51986,6.43162]}},{"type":"Feature","properties":{"name":"Westside School","kind":"school","ownership":"Private","level":"Formal","kind_detail":"Primary","lga":"Eti Osa","ward":"Maroko / Okun Alfa"},"geometry":{"type":"Point","coordinates":[3.51958,6.43172]}},{"type":"Feature","properties":{"name":"Linzy Secondary School","kind":"school","ownership":"Private","level":"Formal","kind_detail":"Secondary","lga":"Eti Osa","ward":"Maroko / Okun Alfa"},"geometry":{"type":"Point","coordinates":[3.52472,6.43048]}},{"type":"Feature","properties":{"name":"Hetal School","kind":"school","ownership":"Private","level":"Formal","kind_detail":"Primary","lga":"Eti Osa","ward":"Maroko / Okun Alfa"},"geometry":{"type":"Point","coordinates":[3.52355,6.43112]}},{"type":"Feature","properties":{"name":"Government Secondary School","kind":"school","ownership":"Public","level":"Formal","kind_detail":"Secondary","lga":"Lagos Mainland","ward":"Harvey"},"geometry":{"type":"Point","coordinates":[3.36866,6.52117]}},{"type":"Feature","properties":{"name":"Federal Science And Technical College","kind":"school","ownership":"Public","level":"Formal","kind_detail":"Secondary","lga":"Lagos Mainland","ward":"Harvey"},"geometry":{"type":"Point","coordinates":[3.37541,6.52096]}},{"type":"Feature","properties":{"name":"Yaba College Of Technology","kind":"school","ownership":"Public","level":"Formal","kind_detail":"Tertiary","lga":"Lagos Mainland","ward":"Harvey"},"geometry":{"type":"Point","coordinates":[3.36967,6.51802]}},{"type":"Feature","properties":{"name":"Titi Thonia School","kind":"school","ownership":"Private","level":"Formal","kind_detail":"Primary","lga":"Shomolu","ward":"Okesuna / Alase"},"geometry":{"type":"Point","coordinates":[3.37826,6.53478]}},{"type":"Feature","properties":{"name":"Bright Private School","kind":"school","ownership":"Private","level":"Formal","kind_detail":"Primary","lga":"Mushin","ward":"Moshalashi / Agoro"},"geometry":{"type":"Point","coordinates":[3.34646,6.5169]}},{"type":"Feature","properties":{"name":"Excellence Wisdom School","kind":"school","ownership":"Private","level":"Formal","kind_detail":"Primary","lga":"Mushin","ward":"Moshalashi / Agoro"},"geometry":{"type":"Point","coordinates":[3.34465,6.51802]}},{"type":"Feature","properties":{"name":"Better Days College","kind":"school","ownership":"Private","level":"Formal","kind_detail":"Secondary","lga":"Shomolu","ward":"Ibuowo / Owotutu"},"geometry":{"type":"Point","coordinates":[3.38109,6.53831]}},{"type":"Feature","properties":{"name":"Emmaphatha International Sound School","kind":"school","ownership":"Private","level":"Formal","kind_detail":"Primary","lga":"Shomolu","ward":"Owode  / Orile Bariga"},"geometry":{"type":"Point","coordinates":[3.384,6.53817]}},{"type":"Feature","properties":{"name":"Gbara Senior Secondary School","kind":"school","ownership":"Public","level":"Formal","kind_detail":"Secondary","lga":"Eti Osa","ward":"Maroko / Okun Alfa"},"geometry":{"type":"Point","coordinates":[3.50844,6.43445]}},{"type":"Feature","properties":{"name":"Blooming Green School","kind":"school","ownership":"Private","level":"Formal","kind_detail":"Primary","lga":"Lagos Mainland","ward":"Harvey"},"geometry":{"type":"Point","coordinates":[3.37385,6.51533]}},{"type":"Feature","properties":{"name":"Busy Bees British School","kind":"school","ownership":"Private","level":"Formal","kind_detail":"Primary","lga":"Apapa","ward":"Oduduwa"},"geometry":{"type":"Point","coordinates":[3.35403,6.44384]}},{"type":"Feature","properties":{"name":"Tade School","kind":"school","ownership":"Private","level":"Formal","kind_detail":"Primary","lga":"Apapa","ward":"Oduduwa"},"geometry":{"type":"Point","coordinates":[3.35435,6.44246]}},{"type":"Feature","properties":{"name":"Brownville College Ikoyi","kind":"school","ownership":"Private","level":"Formal","kind_detail":"Secondary","lga":"Eti Osa","ward":"Ikoyi 1"},"geometry":{"type":"Point","coordinates":[3.44602,6.4605]}},{"type":"Feature","properties":{"name":"White Dove Schools Sangotedo Lekki","kind":"school","ownership":"Private","level":"Formal","kind_detail":"Secondary","lga":"Eti Osa","ward":"Sangotedo"},"geometry":{"type":"Point","coordinates":[3.64008,6.46096]}},{"type":"Feature","properties":{"name":"Smile Kids School","kind":"school","ownership":"Private","level":"Formal","kind_detail":"Primary","lga":"Eti Osa","ward":"Sangotedo"},"geometry":{"type":"Point","coordinates":[3.64005,6.46336]}},{"type":"Feature","properties":{"name":"Brilliant Ideal College","kind":"school","ownership":"Private","level":"Formal","kind_detail":"Secondary","lga":"Lagos Island","ward":"Okepopo East"},"geometry":{"type":"Point","coordinates":[3.39645,6.45626]}},{"type":"Feature","properties":{"name":"Brown Memorial School","kind":"school","ownership":"Private","level":"Formal","kind_detail":"Primary","lga":"Surulere","ward":"Irone"},"geometry":{"type":"Point","coordinates":[3.33799,6.49375]}},{"type":"Feature","properties":{"name":"Grass To Grass School","kind":"school","ownership":"Private","level":"Formal","kind_detail":"Primary","lga":"Apapa","ward":"Gaskiya"},"geometry":{"type":"Point","coordinates":[3.35181,6.47173]}},{"type":"Feature","properties":{"name":"Channel Of Blessing School","kind":"school","ownership":"Private","level":"Formal","kind_detail":"Primary","lga":"Lagos Mainland","ward":"Adekunle / Aiyetoro"},"geometry":{"type":"Point","coordinates":[3.38165,6.49113]}},{"type":"Feature","properties":{"name":"Bilmod Kiddies Montessori School","kind":"school","ownership":"Private","level":"Formal","kind_detail":"Primary","lga":"Lagos Mainland","ward":"Adekunle / Aiyetoro"},"geometry":{"type":"Point","coordinates":[3.38052,6.49375]}},{"type":"Feature","properties":{"name":"Learning Ladder","kind":"school","ownership":"Private","level":"Formal","kind_detail":"Primary","lga":"Eti Osa","ward":"Ajah"},"geometry":{"type":"Point","coordinates":[3.57273,6.48083]}},{"type":"Feature","properties":{"name":"Living Souls School","kind":"school","ownership":"Private","level":"Formal","kind_detail":"Primary","lga":"Eti Osa","ward":"Addo / Okeira"},"geometry":{"type":"Point","coordinates":[3.59582,6.49243]}},{"type":"Feature","properties":{"name":"Pillars Of Hope Private School","kind":"school","ownership":"Private","level":"Formal","kind_detail":"Primary","lga":"Shomolu","ward":"Ibuowo / Owotutu"},"geometry":{"type":"Point","coordinates":[3.37914,6.54331]}},{"type":"Feature","properties":{"name":"Truvine Unique Gems School","kind":"school","ownership":"Private","level":"Formal","kind_detail":"Primary","lga":"Shomolu","ward":"Ibuowo / Owotutu"},"geometry":{"type":"Point","coordinates":[3.37934,6.54326]}},{"type":"Feature","properties":{"name":"Bm School","kind":"school","ownership":"Private","level":"Formal","kind_detail":"Primary","lga":"Shomolu","ward":"Pedro / Gbagada"},"geometry":{"type":"Point","coordinates":[3.37069,6.54796]}},{"type":"Feature","properties":{"name":"Debiruss School","kind":"school","ownership":"Private","level":"Formal","kind_detail":"Primary","lga":"Eti Osa","ward":"Ajah"},"geometry":{"type":"Point","coordinates":[3.56539,6.47126]}},{"type":"Feature","properties":{"name":"Gods Vineyard Glory School","kind":"school","ownership":"Private","level":"Formal","kind_detail":"Primary","lga":"Eti Osa","ward":"Ajah"},"geometry":{"type":"Point","coordinates":[3.57684,6.47459]}},{"type":"Feature","properties":{"name":"Bundle Of Skills Private School","kind":"school","ownership":"Private","level":"Formal","kind_detail":"Secondary","lga":"Eti Osa","ward":"Ajah"},"geometry":{"type":"Point","coordinates":[3.57525,6.47379]}},{"type":"Feature","properties":{"name":"Buuk Ark School","kind":"school","ownership":"Private","level":"Formal","kind_detail":"Primary","lga":"Eti Osa","ward":"Ajah"},"geometry":{"type":"Point","coordinates":[3.57883,6.47171]}},{"type":"Feature","properties":{"name":"Lovado City School","kind":"school","ownership":"Faith Based","level":"Formal","kind_detail":"Primary","lga":"Eti Osa","ward":"Ajah"},"geometry":{"type":"Point","coordinates":[3.57823,6.47226]}},{"type":"Feature","properties":{"name":"Kiddies Quest School","kind":"school","ownership":"Private","level":"Formal","kind_detail":"Primary","lga":"Eti Osa","ward":"Ajah"},"geometry":{"type":"Point","coordinates":[3.57544,6.47164]}},{"type":"Feature","properties":{"name":"Ark Of The Lord Secondary School","kind":"school","ownership":"Faith Based","level":"Formal","kind_detail":"Secondary","lga":"Eti Osa","ward":"Ajah"},"geometry":{"type":"Point","coordinates":[3.5749,6.4701]}},{"type":"Feature","properties":{"name":"Kayron International School","kind":"school","ownership":"Private","level":"Formal","kind_detail":"Primary","lga":"Eti Osa","ward":"Sangotedo"},"geometry":{"type":"Point","coordinates":[3.63246,6.46632]}},{"type":"Feature","properties":{"name":"Bowine International School","kind":"school","ownership":"Private","level":"Formal","kind_detail":"Primary","lga":"Eti Osa","ward":"Sangotedo"},"geometry":{"type":"Point","coordinates":[3.59733,6.4724]}},{"type":"Feature","properties":{"name":"Super Friend International School Ajah","kind":"school","ownership":"Private","level":"Formal","kind_detail":"Primary","lga":"Eti Osa","ward":"Sangotedo"},"geometry":{"type":"Point","coordinates":[3.58498,6.46949]}},{"type":"Feature","properties":{"name":"S M Fasinro Memorial School","kind":"school","ownership":"Private","level":"Formal","kind_detail":"Primary","lga":"Eti Osa","ward":"Ajah"},"geometry":{"type":"Point","coordinates":[3.56106,6.46668]}},{"type":"Feature","properties":{"name":"Meridian Freeman International School","kind":"school","ownership":"Private","level":"Formal","kind_detail":"Primary","lga":"Surulere","ward":"Savage"},"geometry":{"type":"Point","coordinates":[3.34846,6.48425]}},{"type":"Feature","properties":{"name":"Rainbow College","kind":"school","ownership":"Private","level":"Formal","kind_detail":"Secondary","lga":"Surulere","ward":"Iponri  /  Eric Moore"},"geometry":{"type":"Point","coordinates":[3.35039,6.48433]}},{"type":"Feature","properties":{"name":"Aurelias Place Montessori School","kind":"school","ownership":"Private","level":"Formal","kind_detail":"Primary","lga":"Surulere","ward":"Iponri  /  Eric Moore"},"geometry":{"type":"Point","coordinates":[3.3519,6.48697]}},{"type":"Feature","properties":{"name":"Jais Secondary School Moba","kind":"school","ownership":"Private","level":"Formal","kind_detail":"Secondary","lga":"Eti Osa","ward":"Ajah"},"geometry":{"type":"Point","coordinates":[3.56801,6.45295]}},{"type":"Feature","properties":{"name":"Super Friend International School","kind":"school","ownership":"Private","level":"Formal","kind_detail":"Primary","lga":"Eti Osa","ward":"Ajah"},"geometry":{"type":"Point","coordinates":[3.57114,6.45699]}},{"type":"Feature","properties":{"name":"Exclusive Miracles School","kind":"school","ownership":"Private","level":"Formal","kind_detail":"Primary","lga":"Lagos Mainland","ward":"Botanical Garden"},"geometry":{"type":"Point","coordinates":[3.37328,6.48161]}},{"type":"Feature","properties":{"name":"Jasons Tendercare Montessori","kind":"school","ownership":"Private","level":"Formal","kind_detail":"Primary","lga":"Surulere","ward":"Adeniran Ogunsanya"},"geometry":{"type":"Point","coordinates":[3.35997,6.49422]}},{"type":"Feature","properties":{"name":"Little Orchids Learning Place","kind":"school","ownership":"Private","level":"Formal","kind_detail":"Primary","lga":"Surulere","ward":"Adeniran Ogunsanya"},"geometry":{"type":"Point","coordinates":[3.35869,6.49403]}},{"type":"Feature","properties":{"name":"The Palm Water Field School","kind":"school","ownership":"Private","level":"Formal","kind_detail":"Primary","lga":"Surulere","ward":"Adeniran Ogunsanya"},"geometry":{"type":"Point","coordinates":[3.35909,6.49428]}},{"type":"Feature","properties":{"name":"Pearlsville School","kind":"school","ownership":"Private","level":"Formal","kind_detail":"Primary","lga":"Shomolu","ward":"Akoka / Anu-Oluwapo"},"geometry":{"type":"Point","coordinates":[3.38761,6.52496]}},{"type":"Feature","properties":{"name":"Rowa Kiddies","kind":"school","ownership":"Private","level":"Formal","kind_detail":"Primary","lga":"Lagos Mainland","ward":"Iponri / Olaleye"},"geometry":{"type":"Point","coordinates":[3.38037,6.48426]}},{"type":"Feature","properties":{"name":"Testimony School","kind":"school","ownership":"Private","level":"Formal","kind_detail":"Primary","lga":"Lagos Mainland","ward":"Botanical Garden"},"geometry":{"type":"Point","coordinates":[3.3751,6.48157]}},{"type":"Feature","properties":{"name":"Civil And Noble School","kind":"school","ownership":"Private","level":"Formal","kind_detail":"Primary","lga":"Lagos Mainland","ward":"Ojo-Oniyun"},"geometry":{"type":"Point","coordinates":[3.37538,6.48673]}},{"type":"Feature","properties":{"name":"Ojo Oniyu School","kind":"school","ownership":"Private","level":"Formal","kind_detail":"Primary","lga":"Lagos Mainland","ward":"Ojo-Oniyun"},"geometry":{"type":"Point","coordinates":[3.3757,6.4872]}},{"type":"Feature","properties":{"name":"Minak School","kind":"school","ownership":"Private","level":"Formal","kind_detail":"Primary","lga":"Lagos Mainland","ward":"Ojo-Oniyun"},"geometry":{"type":"Point","coordinates":[3.37643,6.48673]}},{"type":"Feature","properties":{"name":"Bridge House College","kind":"school","ownership":"Private","level":"Formal","kind_detail":"Secondary","lga":"Eti Osa","ward":"Ijeh / Dolphin Estate"},"geometry":{"type":"Point","coordinates":[3.41514,6.46295]}},{"type":"Feature","properties":{"name":"Cherished Jewel Private School","kind":"school","ownership":"Private","level":"Formal","kind_detail":"Primary","lga":"Surulere","ward":"Adeniran Ogunsanya"},"geometry":{"type":"Point","coordinates":[3.36014,6.49627]}},{"type":"Feature","properties":{"name":"Stevelyn School","kind":"school","ownership":"Private","level":"Formal","kind_detail":"Secondary","lga":"Eti Osa","ward":"Ajah"},"geometry":{"type":"Point","coordinates":[3.56613,6.44826]}},{"type":"Feature","properties":{"name":"Craigton Height Montessori School","kind":"school","ownership":"Private","level":"Formal","kind_detail":"Primary","lga":"Eti Osa","ward":"Igbo-Efon / Maiyegun"},"geometry":{"type":"Point","coordinates":[3.55113,6.44714]}},{"type":"Feature","properties":{"name":"Early Years Exclusive School","kind":"school","ownership":"Private","level":"Formal","kind_detail":"Primary","lga":"Lagos Mainland","ward":"Alagomeji"},"geometry":{"type":"Point","coordinates":[3.37979,6.50439]}},{"type":"Feature","properties":{"name":"River Oaks School","kind":"school","ownership":"Private","level":"Formal","kind_detail":"Primary","lga":"Lagos Mainland","ward":"Alagomeji"},"geometry":{"type":"Point","coordinates":[3.3829,6.49874]}},{"type":"Feature","properties":{"name":"Delph International School","kind":"school","ownership":"Private","level":"Formal","kind_detail":"Primary","lga":"Eti Osa","ward":"Igbo-Efon / Maiyegun"},"geometry":{"type":"Point","coordinates":[3.55545,6.4467]}},{"type":"Feature","properties":{"name":"Brook Stones Best Brains","kind":"school","ownership":"Private","level":"Formal","kind_detail":"Secondary","lga":"Eti Osa","ward":"Ijeh / Dolphin Estate"},"geometry":{"type":"Point","coordinates":[3.416,6.45775]}},{"type":"Feature","properties":{"name":"Redeemers International School","kind":"school","ownership":"NGO Funded","level":"Formal","kind_detail":"Primary","lga":"Lagos Mainland","ward":"Botanical Garden"},"geometry":{"type":"Point","coordinates":[3.37316,6.48196]}},{"type":"Feature","properties":{"name":"Davidhall College","kind":"school","ownership":"Private Faith Based","level":"Formal","kind_detail":"Secondary","lga":"Eti Osa","ward":"Obalende"},"geometry":{"type":"Point","coordinates":[3.41328,6.44805]}},{"type":"Feature","properties":{"name":"El Shadai Pentecostal International School","kind":"school","ownership":"Private Faith Based","level":"Formal","kind_detail":"Primary","lga":"Mushin","ward":"Oduselu / Ola"},"geometry":{"type":"Point","coordinates":[3.33072,6.50738]}},{"type":"Feature","properties":{"name":"School Master Academy","kind":"school","ownership":"Private Faith Based","level":"Formal","kind_detail":"Primary","lga":"Eti Osa","ward":"Ajah"},"geometry":{"type":"Point","coordinates":[3.56636,6.47277]}},{"type":"Feature","properties":{"name":"Plumbreed School","kind":"school","ownership":"Private","level":"Formal","kind_detail":"Primary","lga":"Eti Osa","ward":"Sangotedo"},"geometry":{"type":"Point","coordinates":[3.60597,6.47122]}},{"type":"Feature","properties":{"name":"Greater Scholar High School","kind":"school","ownership":"Private","level":"Formal","kind_detail":"Secondary","lga":"Eti Osa","ward":"Okun Ajah / Okunmopo"},"geometry":{"type":"Point","coordinates":[3.58228,6.45977]}},{"type":"Feature","properties":{"name":"Saint John Paul School Ikoyi","kind":"school","ownership":"Private","level":"Formal","kind_detail":"Primary","lga":"Eti Osa","ward":"Ikoyi 2"},"geometry":{"type":"Point","coordinates":[3.42762,6.45593]}},{"type":"Feature","properties":{"name":"After School Centre","kind":"school","ownership":"Private","level":"Formal","kind_detail":"Secondary","lga":"Eti Osa","ward":"1004 / Aboyade"},"geometry":{"type":"Point","coordinates":[3.4544,6.44804]}},{"type":"Feature","properties":{"name":"Blossom Vine School","kind":"school","ownership":"Private","level":"Formal","kind_detail":"Primary","lga":"Eti Osa","ward":"1004 / Aboyade"},"geometry":{"type":"Point","coordinates":[3.45559,6.4458]}},{"type":"Feature","properties":{"name":"Bosom Private School","kind":"school","ownership":"Private","level":"Formal","kind_detail":"Primary","lga":"Eti Osa","ward":"Igbo-Efon / Maiyegun"},"geometry":{"type":"Point","coordinates":[3.53108,6.42371]}},{"type":"Feature","properties":{"name":"Adrao International School","kind":"school","ownership":"Private","level":"Formal","kind_detail":"Primary","lga":"Eti Osa","ward":"Tarkwa Bay"},"geometry":{"type":"Point","coordinates":[3.40945,6.42534]}},{"type":"Feature","properties":{"name":"Royal Breed International School Ajah","kind":"school","ownership":"Private","level":"Formal","kind_detail":"Primary","lga":"Eti Osa","ward":"Sangotedo"},"geometry":{"type":"Point","coordinates":[3.5852,6.46493]}},{"type":"Feature","properties":{"name":"Sure Foundation International School Adesanya Estate Ajah","kind":"school","ownership":"Private","level":"Formal","kind_detail":"Primary","lga":"Eti Osa","ward":"Sangotedo"},"geometry":{"type":"Point","coordinates":[3.5852,6.46573]}},{"type":"Feature","properties":{"name":"Harmony College Adesanya Estate Ajah","kind":"school","ownership":"Private","level":"Formal","kind_detail":"Primary","lga":"Eti Osa","ward":"Sangotedo"},"geometry":{"type":"Point","coordinates":[3.58519,6.46615]}},{"type":"Feature","properties":{"name":"Government Senior College Ikoyi","kind":"school","ownership":"Public","level":"Formal","kind_detail":"Secondary","lga":"Eti Osa","ward":"Ikoyi 1"},"geometry":{"type":"Point","coordinates":[3.42568,6.46247]}},{"type":"Feature","properties":{"name":"Our Lady Of Apostles Secondary School","kind":"school","ownership":"Faith Based","level":"Formal","kind_detail":"Secondary","lga":"Lagos Mainland","ward":"Onike / Oyadiran"},"geometry":{"type":"Point","coordinates":[3.37854,6.51138]}},{"type":"Feature","properties":{"name":"Nigeria Model High School","kind":"school","ownership":"Public Private","level":"Formal","kind_detail":"Primary","lga":"Mushin","ward":"Alakara"},"geometry":{"type":"Point","coordinates":[3.36448,6.5229]}},{"type":"Feature","properties":{"name":"Clementina Ajigbede Memorial Girls School","kind":"school","ownership":"Public","level":"Formal","kind_detail":"Primary","lga":"Surulere","ward":"Akinhanmi Cole"},"geometry":{"type":"Point","coordinates":[3.36472,6.51836]}},{"type":"Feature","properties":{"name":"Victoria Island Secondary School","kind":"school","ownership":"Public","level":"Formal","kind_detail":"Secondary","lga":"Eti Osa","ward":"1004 / Aboyade"},"geometry":{"type":"Point","coordinates":[3.43915,6.43688]}},{"type":"Feature","properties":{"name":"Kuramo Secondary School","kind":"school","ownership":"Public","level":"Formal","kind_detail":"Secondary","lga":"Eti Osa","ward":"1004 / Aboyade"},"geometry":{"type":"Point","coordinates":[3.43896,6.43715]}},{"type":"Feature","properties":{"name":"Toria School Yaba","kind":"school","ownership":"Private","level":"Formal","kind_detail":"Primary","lga":"Lagos Mainland","ward":"Harvey"},"geometry":{"type":"Point","coordinates":[3.37651,6.51472]}},{"type":"Feature","properties":{"name":"The Graceland Private School","kind":"school","ownership":"Private","level":"Formal","kind_detail":"Primary","lga":"Surulere","ward":"Agunbiade"},"geometry":{"type":"Point","coordinates":[3.32587,6.49385]}},{"type":"Feature","properties":{"name":"Inmocent Comprehensive High School","kind":"school","ownership":"Private","level":"Formal","kind_detail":"Primary","lga":"Surulere","ward":"Agunbiade"},"geometry":{"type":"Point","coordinates":[3.32971,6.49339]}},{"type":"Feature","properties":{"name":"Blessed Day School","kind":"school","ownership":"Private","level":"Formal","kind_detail":"Primary","lga":"Surulere","ward":"Agunbiade"},"geometry":{"type":"Point","coordinates":[3.32971,6.49467]}},{"type":"Feature","properties":{"name":"Duntro School","kind":"school","ownership":"Private","level":"Formal","kind_detail":"Primary","lga":"Surulere","ward":"Agunbiade"},"geometry":{"type":"Point","coordinates":[3.32735,6.49444]}},{"type":"Feature","properties":{"name":"Winsome School","kind":"school","ownership":"Private","level":"Formal","kind_detail":"Primary","lga":"Surulere","ward":"Airways"},"geometry":{"type":"Point","coordinates":[3.32843,6.49248]}},{"type":"Feature","properties":{"name":"City Of Wisdom School","kind":"school","ownership":"Private","level":"Formal","kind_detail":"Primary","lga":"Surulere","ward":"Airways"},"geometry":{"type":"Point","coordinates":[3.32776,6.4881]}},{"type":"Feature","properties":{"name":"Covenant Child Academy","kind":"school","ownership":"Private","level":"Formal","kind_detail":"Primary","lga":"Surulere","ward":"Airways"},"geometry":{"type":"Point","coordinates":[3.32915,6.48758]}},{"type":"Feature","properties":{"name":"Tollywood School","kind":"school","ownership":"Private","level":"Formal","kind_detail":"Primary","lga":"Lagos Island","ward":"Epetedo West"},"geometry":{"type":"Point","coordinates":[3.39931,6.45638]}},{"type":"Feature","properties":{"name":"Orire College","kind":"school","ownership":"Private","level":"Formal","kind_detail":"Secondary","lga":"Apapa","ward":"Alafia"},"geometry":{"type":"Point","coordinates":[3.34261,6.47453]}},{"type":"Feature","properties":{"name":"Longford International School","kind":"school","ownership":"Private","level":"Formal","kind_detail":"Secondary","lga":"Lagos Mainland","ward":"Oyingbo"},"geometry":{"type":"Point","coordinates":[3.38644,6.48367]}},{"type":"Feature","properties":{"name":"Franken School","kind":"school","ownership":"Private","level":"Formal","kind_detail":"Primary","lga":"Surulere","ward":"Coker"},"geometry":{"type":"Point","coordinates":[3.33166,6.47592]}},{"type":"Feature","properties":{"name":"Jubilee Model Senior College","kind":"school","ownership":"Public","level":"Formal","kind_detail":"Secondary","lga":"Surulere","ward":"Coker"},"geometry":{"type":"Point","coordinates":[3.32779,6.47123]}},{"type":"Feature","properties":{"name":"Crown Gate School","kind":"school","ownership":"Private","level":"Formal","kind_detail":"Primary","lga":"Shomolu","ward":"Bashua East and West"},"geometry":{"type":"Point","coordinates":[3.37602,6.52907]}},{"type":"Feature","properties":{"name":"Victoria Memorial School","kind":"school","ownership":"Private","level":"Formal","kind_detail":"Primary","lga":"Surulere","ward":"Shitta Bank Olemoh"},"geometry":{"type":"Point","coordinates":[3.35414,6.50163]}},{"type":"Feature","properties":{"name":"Lizbeth School","kind":"school","ownership":"Private","level":"Formal","kind_detail":"Primary","lga":"Mushin","ward":"Olateju"},"geometry":{"type":"Point","coordinates":[3.3608,6.53097]}},{"type":"Feature","properties":{"name":"St Gregorys School","kind":"school","ownership":"Private","level":"Formal","kind_detail":"Secondary","lga":"Eti Osa","ward":"Obalende"},"geometry":{"type":"Point","coordinates":[3.41042,6.4476]}},{"type":"Feature","properties":{"name":"Holy Child College","kind":"school","ownership":"Private","level":"Formal","kind_detail":"Secondary","lga":"Eti Osa","ward":"Obalende"},"geometry":{"type":"Point","coordinates":[3.41401,6.44725]}},{"type":"Feature","properties":{"name":"Rising Sun Children School","kind":"school","ownership":"Private","level":"Formal","kind_detail":"Primary","lga":"Surulere","ward":"Mosafejo Ojuelegba"},"geometry":{"type":"Point","coordinates":[3.36933,6.51211]}},{"type":"Feature","properties":{"name":"St Mary Private School","kind":"school","ownership":"Private","level":"Formal","kind_detail":"Primary","lga":"Lagos Island","ward":"Ajele"},"geometry":{"type":"Point","coordinates":[3.39289,6.4508]}},{"type":"Feature","properties":{"name":"Kings College","kind":"school","ownership":"Public","level":"Formal","kind_detail":"Secondary","lga":"Lagos Island","ward":"Odam"},"geometry":{"type":"Point","coordinates":[3.39906,6.44962]}},{"type":"Feature","properties":{"name":"New Heaven International School","kind":"school","ownership":"Private","level":"Formal","kind_detail":"Primary","lga":"Shomolu","ward":"Aiyetoro / Mafowoku"},"geometry":{"type":"Point","coordinates":[3.38543,6.54325]}},{"type":"Feature","properties":{"name":"Staff School University of Lagos","kind":"school","ownership":"Private","level":"Formal","kind_detail":"Primary","lga":"Lagos Mainland","ward":"Abule Oja"},"geometry":{"type":"Point","coordinates":[3.39718,6.51586]}},{"type":"Feature","properties":{"name":"Emilyrich International School","kind":"school","ownership":"Private","level":"Formal","kind_detail":"Primary","lga":"Surulere","ward":"Sanusi 1"},"geometry":{"type":"Point","coordinates":[3.33471,6.5005]}},{"type":"Feature","properties":{"name":"Faith Reward International College","kind":"school","ownership":"Private","level":"Formal","kind_detail":"Secondary","lga":"Surulere","ward":"Sanusi 1"},"geometry":{"type":"Point","coordinates":[3.33501,6.50015]}},{"type":"Feature","properties":{"name":"Kids Tops Children School","kind":"school","ownership":"Private","level":"Formal","kind_detail":"Primary","lga":"Shomolu","ward":"Ilaje"},"geometry":{"type":"Point","coordinates":[3.39471,6.53605]}},{"type":"Feature","properties":{"name":"Onward High School","kind":"school","ownership":"Private","level":"Formal","kind_detail":"Secondary","lga":"Surulere","ward":"Baruwa"},"geometry":{"type":"Point","coordinates":[3.34244,6.50284]}},{"type":"Feature","properties":{"name":"Honey Home Children School","kind":"school","ownership":"Private","level":"Formal","kind_detail":"Primary","lga":"Surulere","ward":"Nuru Oniwo"},"geometry":{"type":"Point","coordinates":[3.34816,6.49717]}},{"type":"Feature","properties":{"name":"Gracewell Academy","kind":"school","ownership":"Private","level":"Formal","kind_detail":"Secondary","lga":"Surulere","ward":"Coker"},"geometry":{"type":"Point","coordinates":[3.329,6.47546]}},{"type":"Feature","properties":{"name":"Yaba College Of Technology Secondary School","kind":"school","ownership":"Public","level":"Formal","kind_detail":"Secondary","lga":"Lagos Mainland","ward":"Harvey"},"geometry":{"type":"Point","coordinates":[3.37568,6.51765]}},{"type":"Feature","properties":{"name":"Manor Mbayor School","kind":"school","ownership":"Private","level":"Formal","kind_detail":"Secondary","lga":"Lagos Mainland","ward":"Harvey"},"geometry":{"type":"Point","coordinates":[3.37152,6.51859]}},{"type":"Feature","properties":{"name":"Jibowu High School","kind":"school","ownership":"Public","level":"Formal","kind_detail":"Secondary","lga":"Lagos Mainland","ward":"Harvey"},"geometry":{"type":"Point","coordinates":[3.37101,6.51794]}},{"type":"Feature","properties":{"name":"Prince Heir College","kind":"school","ownership":"Private","level":"Formal","kind_detail":"Secondary","lga":"Mushin","ward":"Moshalashi / Agoro"},"geometry":{"type":"Point","coordinates":[3.34456,6.51748]}},{"type":"Feature","properties":{"name":"Oloye Comprehensive College","kind":"school","ownership":"Private","level":"Formal","kind_detail":"Secondary","lga":"Apapa","ward":"Alafia"},"geometry":{"type":"Point","coordinates":[3.34675,6.47457]}},{"type":"Feature","properties":{"name":"Goke Remi International School","kind":"school","ownership":"Private","level":"Formal","kind_detail":"Primary","lga":"Shomolu","ward":"Pedro / Gbagada"},"geometry":{"type":"Point","coordinates":[3.37527,6.54422]}},{"type":"Feature","properties":{"name":"Royal Kings International School","kind":"school","ownership":"Private","level":"Formal","kind_detail":"Primary","lga":"Shomolu","ward":"Ibuowo / Owotutu"},"geometry":{"type":"Point","coordinates":[3.3798,6.54173]}},{"type":"Feature","properties":{"name":"Adebola Baptist Junior And Senior High School","kind":"school","ownership":"Public","level":"Formal","kind_detail":"Secondary","lga":"Surulere","ward":"Adeniran Ogunsanya"},"geometry":{"type":"Point","coordinates":[3.36006,6.49386]}},{"type":"Feature","properties":{"name":"May Day College","kind":"school","ownership":"Private","level":"Formal","kind_detail":"Secondary","lga":"Surulere","ward":"Iponri  /  Eric Moore"},"geometry":{"type":"Point","coordinates":[3.36129,6.48715]}},{"type":"Feature","properties":{"name":"Lagos City College","kind":"school","ownership":"Public","level":"Formal","kind_detail":"Secondary","lga":"Lagos Mainland","ward":"Alagomeji"},"geometry":{"type":"Point","coordinates":[3.37829,6.50462]}},{"type":"Feature","properties":{"name":"Ladi Lak Institute Yaba","kind":"school","ownership":"Public","level":"Formal","kind_detail":"Primary","lga":"Lagos Mainland","ward":"Alagomeji"},"geometry":{"type":"Point","coordinates":[3.37948,6.50295]}},{"type":"Feature","properties":{"name":"Citizenship And Leadership School Papa Axises Sea School","kind":"school","ownership":"Private","level":"Formal","kind_detail":"Primary","lga":"Apapa","ward":"Abraham Adesanya"},"geometry":{"type":"Point","coordinates":[3.3501,6.42936]}},{"type":"Feature","properties":{"name":"Lagoon Secondary School","kind":"school","ownership":"Public","level":"Formal","kind_detail":"Secondary","lga":"Eti Osa","ward":"Ikate / Lekki"},"geometry":{"type":"Point","coordinates":[3.46853,6.43423]}},{"type":"Feature","properties":{"name":"Mims Comprehensive College","kind":"school","ownership":"Public","level":"Formal","kind_detail":"Secondary","lga":"Shomolu","ward":"Bajulaiye"},"geometry":{"type":"Point","coordinates":[3.38321,6.53114]}},{"type":"Feature","properties":{"name":"St Timothy College","kind":"school","ownership":"Public","level":"Formal","kind_detail":"Secondary","lga":"Lagos Mainland","ward":"Salami /  Baiyewunmi"},"geometry":{"type":"Point","coordinates":[3.3875,6.50789]}},{"type":"Feature","properties":{"name":"St Bernadette School","kind":"school","ownership":"Public","level":"Formal","kind_detail":"Secondary","lga":"Shomolu","ward":"Akoka / Anu-Oluwapo"},"geometry":{"type":"Point","coordinates":[3.39376,6.52502]}},{"type":"Feature","properties":{"name":"Phil Chel Model School","kind":"school","ownership":"Public","level":"Formal","kind_detail":"Secondary","lga":"Shomolu","ward":"Akoka / Anu-Oluwapo"},"geometry":{"type":"Point","coordinates":[3.38759,6.52831]}},{"type":"Feature","properties":{"name":"Valour Schools","kind":"school","ownership":"Public","level":"Formal","kind_detail":"Secondary","lga":"Eti Osa","ward":"Ikate / Lekki"},"geometry":{"type":"Point","coordinates":[3.50283,6.43634]}},{"type":"Feature","properties":{"name":"Alpha Eagle Computer School","kind":"school","ownership":"Public","level":"Formal","kind_detail":"Secondary","lga":"Lagos Mainland","ward":"Alagomeji"},"geometry":{"type":"Point","coordinates":[3.38015,6.49458]}},{"type":"Feature","properties":{"name":"Garderner Private School","kind":"school","ownership":"Private","level":"Formal","kind_detail":"Secondary","lga":"Lagos Mainland","ward":"Salami /  Baiyewunmi"},"geometry":{"type":"Point","coordinates":[3.39195,6.50961]}},{"type":"Feature","properties":{"name":"Ayodele Memorial International School","kind":"school","ownership":"Public","level":"Formal","kind_detail":"Secondary","lga":"Lagos Mainland","ward":"Onike / Oyadiran"},"geometry":{"type":"Point","coordinates":[3.38159,6.50671]}},{"type":"Feature","properties":{"name":"Catherine Booth School","kind":"school","ownership":"Public","level":"Formal","kind_detail":"Secondary","lga":"Shomolu","ward":"Onipanu"},"geometry":{"type":"Point","coordinates":[3.36864,6.53323]}},{"type":"Feature","properties":{"name":"Barton Blue Hall","kind":"school","ownership":"Public","level":"Formal","kind_detail":"Others","lga":"Lagos Mainland","ward":"Abule Oja"},"geometry":{"type":"Point","coordinates":[3.38175,6.52277]}},{"type":"Feature","properties":{"name":"The Seed Educational Centre","kind":"school","ownership":"Public","level":"Formal","kind_detail":"Others","lga":"Eti Osa","ward":"Ikate / Lekki"},"geometry":{"type":"Point","coordinates":[3.48925,6.43944]}},{"type":"Feature","properties":{"name":"Sure Star Chlid Care","kind":"school","ownership":"Public","level":"Formal","kind_detail":"Others","lga":"Lagos Mainland","ward":"Alagomeji"},"geometry":{"type":"Point","coordinates":[3.38014,6.49928]}},{"type":"Feature","properties":{"name":"Imma Brain School","kind":"school","ownership":"Public","level":"Formal","kind_detail":"Secondary","lga":"Surulere","ward":"Osho"},"geometry":{"type":"Point","coordinates":[3.33608,6.48181]}},{"type":"Feature","properties":{"name":"Peace Comprehensive College","kind":"school","ownership":"Public","level":"Formal","kind_detail":"Secondary","lga":"Surulere","ward":"Agunbiade"},"geometry":{"type":"Point","coordinates":[3.32592,6.49427]}},{"type":"Feature","properties":{"name":"Royal Star Comprehensive College Itire","kind":"school","ownership":"Public","level":"Formal","kind_detail":"Secondary","lga":"Mushin","ward":"Oduselu / Ola"},"geometry":{"type":"Point","coordinates":[3.3294,6.50971]}},{"type":"Feature","properties":{"name":"Ilupeju College","kind":"school","ownership":"Public","level":"Formal","kind_detail":"Secondary","lga":"Mushin","ward":"Ilupeju Industrial"},"geometry":{"type":"Point","coordinates":[3.36621,6.54748]}},{"type":"Feature","properties":{"name":"Helpers International College","kind":"school","ownership":"Public","level":"Formal","kind_detail":"Secondary","lga":"Surulere","ward":"Bale"},"geometry":{"type":"Point","coordinates":[3.33828,6.47834]}},{"type":"Feature","properties":{"name":"Luth Community Nursery School","kind":"school","ownership":"Public","level":"Formal","kind_detail":"Primary","lga":"Surulere","ward":"Obele Oniwala"},"geometry":{"type":"Point","coordinates":[3.35296,6.51725]}},{"type":"Feature","properties":{"name":"Christain Heritage Academy","kind":"school","ownership":"Public","level":"Formal","kind_detail":"Secondary","lga":"Surulere","ward":"Agunbiade"},"geometry":{"type":"Point","coordinates":[3.32831,6.49441]}},{"type":"Feature","properties":{"name":"Aiylabowo School","kind":"school","ownership":"Public","level":"Formal","kind_detail":"Secondary","lga":"Mushin","ward":"Idi-Araba"},"geometry":{"type":"Point","coordinates":[3.36198,6.52245]}},{"type":"Feature","properties":{"name":"Basil International School","kind":"school","ownership":"Public","level":"Formal","kind_detail":"Secondary","lga":"Mushin","ward":"Ilupeju Industrial"},"geometry":{"type":"Point","coordinates":[3.36303,6.55113]}},{"type":"Feature","properties":{"name":"Silverbeth School","kind":"school","ownership":"Public","level":"Formal","kind_detail":"Secondary","lga":"Mushin","ward":"Oduselu / Ola"},"geometry":{"type":"Point","coordinates":[3.33434,6.51071]}},{"type":"Feature","properties":{"name":"Aunty Dare Memorial School","kind":"school","ownership":"Public","level":"Formal","kind_detail":"Secondary","lga":"Surulere","ward":"Coker"},"geometry":{"type":"Point","coordinates":[3.32799,6.47405]}},{"type":"Feature","properties":{"name":"Eby Private School","kind":"school","ownership":"Private","level":"Formal","kind_detail":"Secondary","lga":"Surulere","ward":"Coker"},"geometry":{"type":"Point","coordinates":[3.32965,6.47394]}},{"type":"Feature","properties":{"name":"Marjos International School","kind":"school","ownership":"Public","level":"Formal","kind_detail":"Secondary","lga":"Mushin","ward":"Onitire"},"geometry":{"type":"Point","coordinates":[3.34465,6.51433]}},{"type":"Feature","properties":{"name":"The London Acedemy","kind":"school","ownership":"Public","level":"Formal","kind_detail":"Tertiary","lga":"Lagos Mainland","ward":"Harvey"},"geometry":{"type":"Point","coordinates":[3.37632,6.51438]}},{"type":"Feature","properties":{"name":"Yaba College Of Techology","kind":"school","ownership":"Public","level":"Formal","kind_detail":"Secondary","lga":"Lagos Mainland","ward":"Harvey"},"geometry":{"type":"Point","coordinates":[3.37118,6.51925]}},{"type":"Feature","properties":{"name":"Josbec College","kind":"school","ownership":"Public","level":"Formal","kind_detail":"Secondary","lga":"Surulere","ward":"Baruwa"},"geometry":{"type":"Point","coordinates":[3.33978,6.50595]}},{"type":"Feature","properties":{"name":"Figil College","kind":"school","ownership":"Public","level":"Formal","kind_detail":"Secondary","lga":"Surulere","ward":"Baruwa"},"geometry":{"type":"Point","coordinates":[3.34321,6.5082]}},{"type":"Feature","properties":{"name":"Ade Okodu Memorial College","kind":"school","ownership":"Public","level":"Formal","kind_detail":"Secondary","lga":"Surulere","ward":"Iponri  /  Eric Moore"},"geometry":{"type":"Point","coordinates":[3.36023,6.48775]}},{"type":"Feature","properties":{"name":"Compass Tutorial College","kind":"school","ownership":"Public","level":"Formal","kind_detail":"Secondary","lga":"Surulere","ward":"Bale"},"geometry":{"type":"Point","coordinates":[3.34126,6.47812]}},{"type":"Feature","properties":{"name":"Medalgate International College","kind":"school","ownership":"Public","level":"Formal","kind_detail":"Secondary","lga":"Surulere","ward":"Bale"},"geometry":{"type":"Point","coordinates":[3.34235,6.47861]}},{"type":"Feature","properties":{"name":"Purity Kiddes College","kind":"school","ownership":"Public","level":"Formal","kind_detail":"Secondary","lga":"Apapa","ward":"Abraham Adesanya"},"geometry":{"type":"Point","coordinates":[3.36169,6.42342]}},{"type":"Feature","properties":{"name":"Jeno Gods Mercy Nursery School","kind":"school","ownership":"Public","level":"Formal","kind_detail":"Primary","lga":"Surulere","ward":"Baruwa"},"geometry":{"type":"Point","coordinates":[3.33969,6.50801]}},{"type":"Feature","properties":{"name":"Jenos Nursery And School","kind":"school","ownership":"Public","level":"Formal","kind_detail":"Primary","lga":"Surulere","ward":"Baruwa"},"geometry":{"type":"Point","coordinates":[3.33956,6.50722]}},{"type":"Feature","properties":{"name":"Al Hujaaj International Nursery School","kind":"school","ownership":"Public","level":"Formal","kind_detail":"Primary","lga":"Surulere","ward":"Sanusi 1"},"geometry":{"type":"Point","coordinates":[3.33528,6.49958]}},{"type":"Feature","properties":{"name":"Computech Computer School","kind":"school","ownership":"Public","level":"Formal","kind_detail":"Secondary","lga":"Lagos Island","ward":"Araromi Odo"},"geometry":{"type":"Point","coordinates":[3.40494,6.44655]}},{"type":"Feature","properties":{"name":"Temmy Unique Creche School","kind":"school","ownership":"Public","level":"Formal","kind_detail":"Secondary","lga":"Shomolu","ward":"Akoka / Anu-Oluwapo"},"geometry":{"type":"Point","coordinates":[3.38776,6.52427]}},{"type":"Feature","properties":{"name":"Advance Pratical Training School","kind":"school","ownership":"Public","level":"Formal","kind_detail":"Secondary","lga":"Shomolu","ward":"Akoka / Anu-Oluwapo"},"geometry":{"type":"Point","coordinates":[3.38847,6.52684]}},{"type":"Feature","properties":{"name":"Bellina School","kind":"school","ownership":"Public","level":"Formal","kind_detail":"Secondary","lga":"Shomolu","ward":"Akoka / Anu-Oluwapo"},"geometry":{"type":"Point","coordinates":[3.38947,6.52684]}},{"type":"Feature","properties":{"name":"Police Children School","kind":"school","ownership":"Public","level":"Formal","kind_detail":"Secondary","lga":"Eti Osa","ward":"Obalende"},"geometry":{"type":"Point","coordinates":[3.40931,6.44671]}},{"type":"Feature","properties":{"name":"Mpa International School","kind":"school","ownership":"Public","level":"Formal","kind_detail":"Secondary","lga":"Lagos Mainland","ward":"Otto"},"geometry":{"type":"Point","coordinates":[3.37952,6.4752]}},{"type":"Feature","properties":{"name":"American International School Of Lagos","kind":"school","ownership":"Public","level":"Formal","kind_detail":"Secondary","lga":"Eti Osa","ward":"1004 / Aboyade"},"geometry":{"type":"Point","coordinates":[3.43467,6.43799]}},{"type":"Feature","properties":{"name":"Kingdom Of Blessing School","kind":"school","ownership":"Public","level":"Formal","kind_detail":"Secondary","lga":"Shomolu","ward":"Owode  / Orile Bariga"},"geometry":{"type":"Point","coordinates":[3.38393,6.5341]}},{"type":"Feature","properties":{"name":"Heartfield Foudation School","kind":"school","ownership":"Public","level":"Formal","kind_detail":"Secondary","lga":"Surulere","ward":"Iponri  /  Eric Moore"},"geometry":{"type":"Point","coordinates":[3.35457,6.48465]}},{"type":"Feature","properties":{"name":"De Precious Private School","kind":"school","ownership":"Private","level":"Formal","kind_detail":"Secondary","lga":"Surulere","ward":"Irone"},"geometry":{"type":"Point","coordinates":[3.33646,6.4955]}},{"type":"Feature","properties":{"name":"Tauren School","kind":"school","ownership":"Public","level":"Formal","kind_detail":"Secondary","lga":"Surulere","ward":"Nuru Oniwo"},"geometry":{"type":"Point","coordinates":[3.3418,6.49785]}},{"type":"Feature","properties":{"name":"Kemdee School","kind":"school","ownership":"Public","level":"Formal","kind_detail":"Secondary","lga":"Surulere","ward":"Nuru Oniwo"},"geometry":{"type":"Point","coordinates":[3.34164,6.4996]}},{"type":"Feature","properties":{"name":"Roxeth Hall School","kind":"school","ownership":"Public","level":"Formal","kind_detail":"Secondary","lga":"Surulere","ward":"Jinadu Aiyetoro"},"geometry":{"type":"Point","coordinates":[3.3471,6.49227]}},{"type":"Feature","properties":{"name":"Mayfield School","kind":"school","ownership":"Public","level":"Formal","kind_detail":"Secondary","lga":"Surulere","ward":"Adeniran Ogunsanya"},"geometry":{"type":"Point","coordinates":[3.36087,6.49646]}},{"type":"Feature","properties":{"name":"Beginards School","kind":"school","ownership":"Public","level":"Formal","kind_detail":"Secondary","lga":"Surulere","ward":"Ramoni"},"geometry":{"type":"Point","coordinates":[3.34607,6.50757]}},{"type":"Feature","properties":{"name":"Holy Hill School","kind":"school","ownership":"Public","level":"Formal","kind_detail":"Secondary","lga":"Surulere","ward":"Baruwa"},"geometry":{"type":"Point","coordinates":[3.34337,6.50401]}},{"type":"Feature","properties":{"name":"Potters Heritage School","kind":"school","ownership":"Public","level":"Formal","kind_detail":"Secondary","lga":"Surulere","ward":"Nuru Oniwo"},"geometry":{"type":"Point","coordinates":[3.34345,6.50118]}},{"type":"Feature","properties":{"name":"Jeno Grammar School","kind":"school","ownership":"Public","level":"Formal","kind_detail":"Secondary","lga":"Surulere","ward":"Baruwa"},"geometry":{"type":"Point","coordinates":[3.34106,6.5073]}},{"type":"Feature","properties":{"name":"Solid Rock Children School","kind":"school","ownership":"Public","level":"Formal","kind_detail":"Secondary","lga":"Surulere","ward":"Baruwa"},"geometry":{"type":"Point","coordinates":[3.34139,6.50926]}},{"type":"Feature","properties":{"name":"El Bukun School","kind":"school","ownership":"Public","level":"Formal","kind_detail":"Secondary","lga":"Surulere","ward":"Sanusi 1"},"geometry":{"type":"Point","coordinates":[3.33565,6.49907]}},{"type":"Feature","properties":{"name":"Bright Pearl School","kind":"school","ownership":"Public","level":"Formal","kind_detail":"Secondary","lga":"Surulere","ward":"Sanusi 1"},"geometry":{"type":"Point","coordinates":[3.33608,6.49763]}},{"type":"Feature","properties":{"name":"Kotun School","kind":"school","ownership":"Public","level":"Formal","kind_detail":"Secondary","lga":"Surulere","ward":"Adeniran Ogunsanya"},"geometry":{"type":"Point","coordinates":[3.35338,6.49066]}},{"type":"Feature","properties":{"name":"Tender Loving Child Care","kind":"school","ownership":"Public","level":"Formal","kind_detail":"Others","lga":"Eti Osa","ward":"Ijeh / Dolphin Estate"},"geometry":{"type":"Point","coordinates":[3.40959,6.46123]}},{"type":"Feature","properties":{"name":"Lagos Mainland Library","kind":"school","ownership":"Public","level":"Formal","kind_detail":"Others","lga":"Lagos Mainland","ward":"Oyingbo"},"geometry":{"type":"Point","coordinates":[3.38602,6.4824]}},{"type":"Feature","properties":{"name":"Hansen Gardens","kind":"school","ownership":"Public","level":"Formal","kind_detail":"Others","lga":"Surulere","ward":"Aralile"},"geometry":{"type":"Point","coordinates":[3.36215,6.49479]}},{"type":"Feature","properties":{"name":"Arabibi Islami Center","kind":"school","ownership":"Public","level":"Formal","kind_detail":"Others","lga":"Surulere","ward":"Baruwa"},"geometry":{"type":"Point","coordinates":[3.342,6.50452]}},{"type":"Feature","properties":{"name":"Shepherdtoke International School","kind":"school","ownership":"Private","level":"Formal","kind_detail":"Primary","lga":"Lagos Mainland","ward":"Okobaba"},"geometry":{"type":"Point","coordinates":[3.38783,6.48795]}},{"type":"Feature","properties":{"name":"Yinka Children School","kind":"school","ownership":"Private","level":"Formal","kind_detail":"Primary","lga":"Lagos Mainland","ward":"Okobaba"},"geometry":{"type":"Point","coordinates":[3.38694,6.48993]}},{"type":"Feature","properties":{"name":"Adacas Comprehensive School","kind":"school","ownership":"Private","level":"Formal","kind_detail":"Secondary","lga":"Eti Osa","ward":"Sangotedo"},"geometry":{"type":"Point","coordinates":[3.63212,6.47305]}},{"type":"Feature","properties":{"name":"Junior Stride Academy","kind":"school","ownership":"Private","level":"Formal","kind_detail":"Secondary","lga":"Lagos Mainland","ward":"Okobaba"},"geometry":{"type":"Point","coordinates":[3.38747,6.48705]}},{"type":"Feature","properties":{"name":"Laoye Schools","kind":"school","ownership":"Private","level":"Formal","kind_detail":"Secondary","lga":"Shomolu","ward":"Akoka / Anu-Oluwapo"},"geometry":{"type":"Point","coordinates":[3.38912,6.52893]}},{"type":"Feature","properties":{"name":"Hil Schools","kind":"school","ownership":"Private","level":"Formal","kind_detail":"Secondary","lga":"Eti Osa","ward":"Okun Ajah / Okunmopo"},"geometry":{"type":"Point","coordinates":[3.61403,6.45136]}},{"type":"Feature","properties":{"name":"The Sterling International School","kind":"school","ownership":"Private","level":"Formal","kind_detail":"Secondary","lga":"Eti Osa","ward":"Okun Ajah / Okunmopo"},"geometry":{"type":"Point","coordinates":[3.60807,6.45237]}},{"type":"Feature","properties":{"name":"Rodan International School","kind":"school","ownership":"Private","level":"Formal","kind_detail":"Secondary","lga":"Eti Osa","ward":"Badore / Langbasa"},"geometry":{"type":"Point","coordinates":[3.61313,6.50979]}},{"type":"Feature","properties":{"name":"Lily Child School","kind":"school","ownership":"Private","level":"Formal","kind_detail":"Secondary","lga":"Eti Osa","ward":"Sangotedo"},"geometry":{"type":"Point","coordinates":[3.63319,6.4733]}},{"type":"Feature","properties":{"name":"Light World School","kind":"school","ownership":"Private","level":"Formal","kind_detail":"Secondary","lga":"Eti Osa","ward":"Sangotedo"},"geometry":{"type":"Point","coordinates":[3.62503,6.47249]}},{"type":"Feature","properties":{"name":"Starlink International College","kind":"school","ownership":"Private","level":"Formal","kind_detail":"Secondary","lga":"Apapa","ward":"Sari"},"geometry":{"type":"Point","coordinates":[3.35188,6.4754]}},{"type":"Feature","properties":{"name":"Nancy Group of Schools","kind":"school","ownership":"Private","level":"Formal","kind_detail":"Secondary","lga":"Apapa","ward":"Badia"},"geometry":{"type":"Point","coordinates":[3.3603,6.4676]}},{"type":"Feature","properties":{"name":"Star Link International School","kind":"school","ownership":"Private","level":"Formal","kind_detail":"Secondary","lga":"Apapa","ward":"Sari"},"geometry":{"type":"Point","coordinates":[3.35193,6.47511]}},{"type":"Feature","properties":{"name":"Kenade Private Schools","kind":"school","ownership":"Private","level":"Formal","kind_detail":"Secondary","lga":"Lagos Mainland","ward":"Makoko"},"geometry":{"type":"Point","coordinates":[3.38958,6.49804]}},{"type":"Feature","properties":{"name":"Great Kenmak School","kind":"school","ownership":"Private","level":"Formal","kind_detail":"Secondary","lga":"Lagos Mainland","ward":"Okobaba"},"geometry":{"type":"Point","coordinates":[3.3867,6.48783]}},{"type":"Feature","properties":{"name":"Brainpoint College","kind":"school","ownership":"Private","level":"Formal","kind_detail":"Secondary","lga":"Lagos Mainland","ward":"Okobaba"},"geometry":{"type":"Point","coordinates":[3.38671,6.48812]}},{"type":"Feature","properties":{"name":"Home Economics Centre","kind":"school","ownership":"Public","level":"Formal","kind_detail":"Primary","lga":"Lagos Mainland","ward":"Ojo-Oniyun"},"geometry":{"type":"Point","coordinates":[3.37969,6.48144]}},{"type":"Feature","properties":{"name":"Government Handicraft Center I","kind":"school","ownership":"Public","level":"Formal","kind_detail":"Primary","lga":"Lagos Mainland","ward":"Okobaba"},"geometry":{"type":"Point","coordinates":[3.39029,6.49023]}},{"type":"Feature","properties":{"name":"Anonymous School","kind":"school","ownership":"Private","level":"Formal","kind_detail":"Primary","lga":"Lagos Mainland","ward":"Okobaba"},"geometry":{"type":"Point","coordinates":[3.38983,6.48567]}},{"type":"Feature","properties":{"name":"Earthen Treasure School","kind":"school","ownership":"Faith Based","level":"Formal","kind_detail":"Primary","lga":"Apapa","ward":"Apapa"},"geometry":{"type":"Point","coordinates":[3.36495,6.44574]}},{"type":"Feature","properties":{"name":"Ade Oshodi Memorial Baptist School","kind":"school","ownership":"Public","level":"Formal","kind_detail":"Primary","lga":"Lagos Island","ward":"Epetedo East"},"geometry":{"type":"Point","coordinates":[3.39962,6.45553]}},{"type":"Feature","properties":{"name":"St David Anglican School","kind":"school","ownership":"Public","level":"Formal","kind_detail":"Primary","lga":"Lagos Island","ward":"Lafiaji"},"geometry":{"type":"Point","coordinates":[3.40346,6.44966]}},{"type":"Feature","properties":{"name":"Eternal Excellence","kind":"school","ownership":"Private","level":"Formal","kind_detail":"Primary","lga":"Eti Osa","ward":"Sangotedo"},"geometry":{"type":"Point","coordinates":[3.65794,6.4732]}},{"type":"Feature","properties":{"name":"Zico United School","kind":"school","ownership":"Private","level":"Formal","kind_detail":"Primary","lga":"Lagos Mainland","ward":"Makoko"},"geometry":{"type":"Point","coordinates":[3.38858,6.49868]}},{"type":"Feature","properties":{"name":"Faith Model Private School","kind":"school","ownership":"Private","level":"Formal","kind_detail":"Primary","lga":"Lagos Island","ward":"Idunganran / Idumagbo"},"geometry":{"type":"Point","coordinates":[3.38968,6.46391]}},{"type":"Feature","properties":{"name":"Convenant International School Ogombo","kind":"school","ownership":"Private","level":"Formal","kind_detail":"Primary","lga":"Eti Osa","ward":"Okun Ajah / Okunmopo"},"geometry":{"type":"Point","coordinates":[3.61496,6.44848]}},{"type":"Feature","properties":{"name":"Dobal Schools","kind":"school","ownership":"Private","level":"Formal","kind_detail":"Primary","lga":"Eti Osa","ward":"Sangotedo"},"geometry":{"type":"Point","coordinates":[3.6326,6.47425]}},{"type":"Feature","properties":{"name":"Heirs of Promise School","kind":"school","ownership":"Private","level":"Formal","kind_detail":"Primary","lga":"Eti Osa","ward":"Okun Ajah / Okunmopo"},"geometry":{"type":"Point","coordinates":[3.60931,6.44687]}},{"type":"Feature","properties":{"name":"Hosanna Reigns International School","kind":"school","ownership":"Private","level":"Formal","kind_detail":"Primary","lga":"Eti Osa","ward":"Sangotedo"},"geometry":{"type":"Point","coordinates":[3.63518,6.47396]}},{"type":"Feature","properties":{"name":"Jemina International School","kind":"school","ownership":"Private","level":"Integrated","kind_detail":"Primary","lga":"Eti Osa","ward":"Sangotedo"},"geometry":{"type":"Point","coordinates":[3.62706,6.47272]}},{"type":"Feature","properties":{"name":"Swotroyal Montessori School","kind":"school","ownership":"Private","level":"Formal","kind_detail":"Primary","lga":"Eti Osa","ward":"Sangotedo"},"geometry":{"type":"Point","coordinates":[3.6569,6.47593]}},{"type":"Feature","properties":{"name":"Fum Flourish Children School","kind":"school","ownership":"Private","level":"Formal","kind_detail":"Primary","lga":"Eti Osa","ward":"Sangotedo"},"geometry":{"type":"Point","coordinates":[3.6371,6.47463]}},{"type":"Feature","properties":{"name":"Park British School","kind":"school","ownership":"Private","level":"Formal","kind_detail":"Primary","lga":"Apapa","ward":"Apapa"},"geometry":{"type":"Point","coordinates":[3.36086,6.44535]}},{"type":"Feature","properties":{"name":"Peniel Private School","kind":"school","ownership":"Private","level":"Formal","kind_detail":"Primary","lga":"Apapa","ward":"Sari"},"geometry":{"type":"Point","coordinates":[3.34694,6.47659]}},{"type":"Feature","properties":{"name":"Sodimm Private School","kind":"school","ownership":"Private","level":"Integrated","kind_detail":"Primary","lga":"Apapa","ward":"Badia"},"geometry":{"type":"Point","coordinates":[3.361,6.46769]}},{"type":"Feature","properties":{"name":"National Council of Muslim Youth Organization","kind":"school","ownership":"Private","level":"Integrated","kind_detail":"Primary","lga":"Apapa","ward":"Sari"},"geometry":{"type":"Point","coordinates":[3.35017,6.47431]}},{"type":"Feature","properties":{"name":"Raadiyat Private School","kind":"school","ownership":"Private","level":"Integrated","kind_detail":"Primary","lga":"Apapa","ward":"Ijora"},"geometry":{"type":"Point","coordinates":[3.36594,6.46773]}},{"type":"Feature","properties":{"name":"Christ Favour Schools","kind":"school","ownership":"Private","level":"Formal","kind_detail":"Primary","lga":"Lagos Mainland","ward":"Okobaba"},"geometry":{"type":"Point","coordinates":[3.39,6.48748]}},{"type":"Feature","properties":{"name":"Doyisem Best Academy","kind":"school","ownership":"Private","level":"Formal","kind_detail":"Primary","lga":"Lagos Mainland","ward":"Makoko"},"geometry":{"type":"Point","coordinates":[3.38759,6.49482]}},{"type":"Feature","properties":{"name":"Lawal Day Private School","kind":"school","ownership":"Private","level":"Formal","kind_detail":"Primary","lga":"Lagos Island","ward":"Idunganran / Idumagbo"},"geometry":{"type":"Point","coordinates":[3.39185,6.46297]}},{"type":"Feature","properties":{"name":"A Prince With God Nursery and Pimarry","kind":"school","ownership":"Private","level":"Formal","kind_detail":"Primary","lga":"Mushin","ward":"Babalosa 2"},"geometry":{"type":"Point","coordinates":[3.35307,6.52334]}},{"type":"Feature","properties":{"name":"Felip School","kind":"school","ownership":"Private","level":"Formal","kind_detail":"Primary","lga":"Surulere","ward":"Akinhanmi Cole"},"geometry":{"type":"Point","coordinates":[3.36362,6.51759]}},{"type":"Feature","properties":{"name":"Tega High School","kind":"school","ownership":"Private","level":"Formal","kind_detail":"Secondary","lga":"Surulere","ward":"Airways"},"geometry":{"type":"Point","coordinates":[3.32811,6.48917]}},{"type":"Feature","properties":{"name":"Woprem Secondary School","kind":"school","ownership":"Private","level":"Formal","kind_detail":"Secondary","lga":"Surulere","ward":"Odo-Olowu"},"geometry":{"type":"Point","coordinates":[3.32365,6.49525]}},{"type":"Feature","properties":{"name":"Johnbright Comprehensive School","kind":"school","ownership":"Private","level":"Formal","kind_detail":"Secondary","lga":"Surulere","ward":"Airways"},"geometry":{"type":"Point","coordinates":[3.33068,6.49043]}},{"type":"Feature","properties":{"name":"Sanya Senior Grammar School","kind":"school","ownership":"Public","level":"Formal","kind_detail":"Secondary","lga":"Surulere","ward":"Airways"},"geometry":{"type":"Point","coordinates":[3.3286,6.48449]}},{"type":"Feature","properties":{"name":"ABS School","kind":"school","ownership":"Private","level":"Formal","kind_detail":"Secondary","lga":"Surulere","ward":"Osho"},"geometry":{"type":"Point","coordinates":[3.34141,6.48505]}},{"type":"Feature","properties":{"name":"Unique Success","kind":"school","ownership":"Private","level":"Formal","kind_detail":"Secondary","lga":"Surulere","ward":"Agunbiade"},"geometry":{"type":"Point","coordinates":[3.33134,6.49451]}},{"type":"Feature","properties":{"name":"Great Esteem Secondary School","kind":"school","ownership":"Private","level":"Formal","kind_detail":"Secondary","lga":"Surulere","ward":"Airways"},"geometry":{"type":"Point","coordinates":[3.32823,6.48485]}},{"type":"Feature","properties":{"name":"Golden Bells College","kind":"school","ownership":"Private","level":"Formal","kind_detail":"Secondary","lga":"Surulere","ward":"Osho"},"geometry":{"type":"Point","coordinates":[3.33918,6.48243]}},{"type":"Feature","properties":{"name":"Victoria High School","kind":"school","ownership":"Private","level":"Formal","kind_detail":"Secondary","lga":"Surulere","ward":"Airways"},"geometry":{"type":"Point","coordinates":[3.32931,6.48948]}},{"type":"Feature","properties":{"name":"Regina College","kind":"school","ownership":"Private","level":"Formal","kind_detail":"Secondary","lga":"Surulere","ward":"Osho"},"geometry":{"type":"Point","coordinates":[3.34016,6.48362]}},{"type":"Feature","properties":{"name":"Lagos Anglican Girls School","kind":"school","ownership":"Faith Based","level":"Integrated","kind_detail":"Secondary","lga":"Surulere","ward":"Akinhanmi Cole"},"geometry":{"type":"Point","coordinates":[3.36288,6.51643]}},{"type":"Feature","properties":{"name":"Adex College","kind":"school","ownership":"Private","level":"Formal","kind_detail":"Secondary","lga":"Mushin","ward":"Alafia / Adeoyo"},"geometry":{"type":"Point","coordinates":[3.33898,6.52278]}},{"type":"Feature","properties":{"name":"Marjos International College","kind":"school","ownership":"Private","level":"Formal","kind_detail":"Secondary","lga":"Mushin","ward":"Moshalashi / Agoro"},"geometry":{"type":"Point","coordinates":[3.34693,6.51658]}},{"type":"Feature","properties":{"name":"Gyasi Private School","kind":"school","ownership":"Private","level":"Formal","kind_detail":"Secondary","lga":"Mushin","ward":"Babalosa 1"},"geometry":{"type":"Point","coordinates":[3.35836,6.53272]}},{"type":"Feature","properties":{"name":"Home Economics Center II","kind":"school","ownership":"Public","level":"Formal","kind_detail":"Primary","lga":"Surulere","ward":"Irone"},"geometry":{"type":"Point","coordinates":[3.3283,6.48366]}},{"type":"Feature","properties":{"name":"Biney Home Economic Center","kind":"school","ownership":"Public","level":"Formal","kind_detail":"Primary","lga":"Lagos Mainland","ward":"Harvey"},"geometry":{"type":"Point","coordinates":[3.36612,6.51701]}},{"type":"Feature","properties":{"name":"Palm Avenue Home Economics Center","kind":"school","ownership":"Public","level":"Formal","kind_detail":"Primary","lga":"Mushin","ward":"Mushin / Atewolara"},"geometry":{"type":"Point","coordinates":[3.3498,6.5375]}},{"type":"Feature","properties":{"name":"New City Primary Mushin","kind":"school","ownership":"Public","level":"Formal","kind_detail":"Primary","lga":"Mushin","ward":"Mushin / Atewolara"},"geometry":{"type":"Point","coordinates":[3.35039,6.53713]}},{"type":"Feature","properties":{"name":"Benec International School","kind":"school","ownership":"Private","level":"Formal","kind_detail":"Primary","lga":"Surulere","ward":"Osho"},"geometry":{"type":"Point","coordinates":[3.33951,6.48263]}},{"type":"Feature","properties":{"name":"Golden Bells","kind":"school","ownership":"Private","level":"Formal","kind_detail":"Primary","lga":"Surulere","ward":"Osho"},"geometry":{"type":"Point","coordinates":[3.33787,6.48121]}},{"type":"Feature","properties":{"name":"Dive Private School","kind":"school","ownership":"Private","level":"Formal","kind_detail":"Primary","lga":"Surulere","ward":"Agunbiade"},"geometry":{"type":"Point","coordinates":[3.33042,6.49554]}},{"type":"Feature","properties":{"name":"Sound Steps School","kind":"school","ownership":"Private","level":"Formal","kind_detail":"Primary","lga":"Surulere","ward":"Irone"},"geometry":{"type":"Point","coordinates":[3.33546,6.49313]}},{"type":"Feature","properties":{"name":"Ruddy Kiddies School","kind":"school","ownership":"Private","level":"Formal","kind_detail":"Primary","lga":"Surulere","ward":"Agunbiade"},"geometry":{"type":"Point","coordinates":[3.33325,6.49613]}},{"type":"Feature","properties":{"name":"Flourish Seeds School","kind":"school","ownership":"Private","level":"Formal","kind_detail":"Primary","lga":"Surulere","ward":"Jinadu Aiyetoro"},"geometry":{"type":"Point","coordinates":[3.33836,6.48865]}},{"type":"Feature","properties":{"name":"Mcvera International School","kind":"school","ownership":"Private","level":"Formal","kind_detail":"Primary","lga":"Surulere","ward":"Irone"},"geometry":{"type":"Point","coordinates":[3.33686,6.49266]}},{"type":"Feature","properties":{"name":"Nickas International School","kind":"school","ownership":"Private","level":"Formal","kind_detail":"Primary","lga":"Surulere","ward":"Agunbiade"},"geometry":{"type":"Point","coordinates":[3.33145,6.49369]}},{"type":"Feature","properties":{"name":"Labo School","kind":"school","ownership":"Private","level":"Formal","kind_detail":"Primary","lga":"Surulere","ward":"Airways"},"geometry":{"type":"Point","coordinates":[3.32692,6.49281]}},{"type":"Feature","properties":{"name":"Anuunciation Nursery School","kind":"school","ownership":"Private","level":"Integrated","kind_detail":"Primary","lga":"Eti Osa","ward":"Sangotedo"},"geometry":{"type":"Point","coordinates":[3.58915,6.46604]}},{"type":"Feature","properties":{"name":"Greater Scholars International School","kind":"school","ownership":"Private","level":"Integrated","kind_detail":"Primary","lga":"Eti Osa","ward":"Sangotedo"},"geometry":{"type":"Point","coordinates":[3.58816,6.46591]}},{"type":"Feature","properties":{"name":"Arikewushola Group of Schools","kind":"school","ownership":"Private","level":"Integrated","kind_detail":"Primary","lga":"Apapa","ward":"Owoseni"},"geometry":{"type":"Point","coordinates":[3.35746,6.46969]}},{"type":"Feature","properties":{"name":"A1 Come Run Private School","kind":"school","ownership":"Private","level":"Formal","kind_detail":"Primary","lga":"Apapa","ward":"Alafia"},"geometry":{"type":"Point","coordinates":[3.34713,6.47235]}},{"type":"Feature","properties":{"name":"Yomret International School","kind":"school","ownership":"Private","level":"Formal","kind_detail":"Primary","lga":"Lagos Mainland","ward":"Makoko"},"geometry":{"type":"Point","coordinates":[3.38772,6.50112]}},{"type":"Feature","properties":{"name":"Immirene Children School","kind":"school","ownership":"Private","level":"Formal","kind_detail":"Primary","lga":"Lagos Mainland","ward":"Freeman / Glover"},"geometry":{"type":"Point","coordinates":[3.38509,6.48909]}},{"type":"Feature","properties":{"name":"Augustine Anne International School","kind":"school","ownership":"Private","level":"Formal","kind_detail":"Primary","lga":"Lagos Mainland","ward":"Araromi"},"geometry":{"type":"Point","coordinates":[3.38767,6.48369]}},{"type":"Feature","properties":{"name":"Precious Integrity School","kind":"school","ownership":"Private","level":"Formal","kind_detail":"Primary","lga":"Lagos Mainland","ward":"Freeman / Glover"},"geometry":{"type":"Point","coordinates":[3.3833,6.48678]}},{"type":"Feature","properties":{"name":"Bukola International School","kind":"school","ownership":"Private","level":"Formal","kind_detail":"Primary","lga":"Lagos Mainland","ward":"Oyingbo"},"geometry":{"type":"Point","coordinates":[3.38701,6.47813]}},{"type":"Feature","properties":{"name":"Success Kindergarten","kind":"school","ownership":"Private","level":"Formal","kind_detail":"Primary","lga":"Lagos Island","ward":"Olosun / Ojo Oto"},"geometry":{"type":"Point","coordinates":[3.39177,6.45393]}},{"type":"Feature","properties":{"name":"Mosdiq Private School","kind":"school","ownership":"Private","level":"Formal","kind_detail":"Primary","lga":"Lagos Island","ward":"Oke-Olowogbowo"},"geometry":{"type":"Point","coordinates":[3.38242,6.45916]}},{"type":"Feature","properties":{"name":"Al Furqaan International School","kind":"school","ownership":"Private","level":"Integrated","kind_detail":"Primary","lga":"Lagos Island","ward":"Epetedo East"},"geometry":{"type":"Point","coordinates":[3.4013,6.45327]}},{"type":"Feature","properties":{"name":"Hill View Private School","kind":"school","ownership":"Private","level":"Formal","kind_detail":"Primary","lga":"Lagos Island","ward":"Okepopo East"},"geometry":{"type":"Point","coordinates":[3.39756,6.45538]}},{"type":"Feature","properties":{"name":"Jufradol Private School","kind":"school","ownership":"Private","level":"Formal","kind_detail":"Primary","lga":"Lagos Island","ward":"Epetedo West"},"geometry":{"type":"Point","coordinates":[3.39897,6.45238]}},{"type":"Feature","properties":{"name":"Aishat Private School","kind":"school","ownership":"Private","level":"Integrated","kind_detail":"Primary","lga":"Lagos Island","ward":"Alagba / Obadina"},"geometry":{"type":"Point","coordinates":[3.38958,6.45621]}},{"type":"Feature","properties":{"name":"Joycollins Private School","kind":"school","ownership":"Private","level":"Formal","kind_detail":"Primary","lga":"Lagos Island","ward":"Epetedo West"},"geometry":{"type":"Point","coordinates":[3.39793,6.45288]}},{"type":"Feature","properties":{"name":"Wolann Kiddies Private School","kind":"school","ownership":"Private","level":"Formal","kind_detail":"Primary","lga":"Lagos Island","ward":"Anikantamo"},"geometry":{"type":"Point","coordinates":[3.39302,6.45786]}},{"type":"Feature","properties":{"name":"Uncle T Private School","kind":"school","ownership":"Private","level":"Formal","kind_detail":"Primary","lga":"Lagos Island","ward":"Epetedo West"},"geometry":{"type":"Point","coordinates":[3.39757,6.45265]}},{"type":"Feature","properties":{"name":"The Royal Crown Children School","kind":"school","ownership":"Private","level":"Formal","kind_detail":"Primary","lga":"Lagos Island","ward":"Ajele"},"geometry":{"type":"Point","coordinates":[3.39289,6.45273]}},{"type":"Feature","properties":{"name":"Sweet Angels Private School","kind":"school","ownership":"Private","level":"Formal","kind_detail":"Primary","lga":"Lagos Island","ward":"Okepopo East"},"geometry":{"type":"Point","coordinates":[3.39738,6.45393]}},{"type":"Feature","properties":{"name":"Peekeecee Sunrise Children School","kind":"school","ownership":"Private","level":"Formal","kind_detail":"Primary","lga":"Lagos Island","ward":"Ajele"},"geometry":{"type":"Point","coordinates":[3.39391,6.45245]}},{"type":"Feature","properties":{"name":"Eso Children School","kind":"school","ownership":"Private","level":"Formal","kind_detail":"Primary","lga":"Surulere","ward":"Sanusi 1"},"geometry":{"type":"Point","coordinates":[3.33331,6.5024]}},{"type":"Feature","properties":{"name":"Dinaps Schools","kind":"school","ownership":"Private","level":"Formal","kind_detail":"Secondary","lga":"Lagos Mainland","ward":"Botanical Garden"},"geometry":{"type":"Point","coordinates":[3.37478,6.47907]}},{"type":"Feature","properties":{"name":"Falady Private School","kind":"school","ownership":"Private","level":"Formal","kind_detail":"Secondary","lga":"Lagos Mainland","ward":"Oyingbo"},"geometry":{"type":"Point","coordinates":[3.38747,6.48057]}},{"type":"Feature","properties":{"name":"Bridge College","kind":"school","ownership":"Private","level":"Formal","kind_detail":"Secondary","lga":"Lagos Mainland","ward":"Freeman / Glover"},"geometry":{"type":"Point","coordinates":[3.38422,6.48657]}},{"type":"Feature","properties":{"name":"The Holy Trinity School","kind":"school","ownership":"Private","level":"Formal","kind_detail":"Secondary","lga":"Lagos Mainland","ward":"Freeman / Glover"},"geometry":{"type":"Point","coordinates":[3.3841,6.48689]}},{"type":"Feature","properties":{"name":"Lagbus Secondary School","kind":"school","ownership":"Private","level":"Formal","kind_detail":"Secondary","lga":"Lagos Mainland","ward":"Oyingbo"},"geometry":{"type":"Point","coordinates":[3.38371,6.4825]}},{"type":"Feature","properties":{"name":"Alliant College","kind":"school","ownership":"Private","level":"Formal","kind_detail":"Secondary","lga":"Lagos Mainland","ward":"Freeman / Glover"},"geometry":{"type":"Point","coordinates":[3.3855,6.48375]}},{"type":"Feature","properties":{"name":"Mountain Top Secondary School","kind":"school","ownership":"Private","level":"Formal","kind_detail":"Secondary","lga":"Lagos Mainland","ward":"Salami /  Baiyewunmi"},"geometry":{"type":"Point","coordinates":[3.38729,6.50942]}},{"type":"Feature","properties":{"name":"Jolas Private School","kind":"school","ownership":"Private","level":"Integrated","kind_detail":"Secondary","lga":"Lagos Island","ward":"Okepopo East"},"geometry":{"type":"Point","coordinates":[3.39794,6.4569]}},{"type":"Feature","properties":{"name":"Abmos Private School","kind":"school","ownership":"Private","level":"Integrated","kind_detail":"Secondary","lga":"Lagos Island","ward":"Epetedo East"},"geometry":{"type":"Point","coordinates":[3.3998,6.45276]}},{"type":"Feature","properties":{"name":"Baptist Academy Boys High School","kind":"school","ownership":"Private","level":"Formal","kind_detail":"Secondary","lga":"Shomolu","ward":"Pedro / Gbagada"},"geometry":{"type":"Point","coordinates":[3.3701,6.54601]}},{"type":"Feature","properties":{"name":"Grace Children School","kind":"school","ownership":"Private","level":"Formal","kind_detail":"Secondary","lga":"Shomolu","ward":"Apelehin"},"geometry":{"type":"Point","coordinates":[3.39211,6.54456]}},{"type":"Feature","properties":{"name":"Bright Future College","kind":"school","ownership":"Private","level":"Formal","kind_detail":"Secondary","lga":"Shomolu","ward":"Bajulaiye"},"geometry":{"type":"Point","coordinates":[3.37764,6.52964]}},{"type":"Feature","properties":{"name":"Igbobi College","kind":"school","ownership":"Private","level":"Formal","kind_detail":"Secondary","lga":"Shomolu","ward":"Igbobi / Fadeyi"},"geometry":{"type":"Point","coordinates":[3.37202,6.52657]}},{"type":"Feature","properties":{"name":"Bishop Howells High School Bariga","kind":"school","ownership":"Private","level":"Formal","kind_detail":"Secondary","lga":"Shomolu","ward":"Owode  / Orile Bariga"},"geometry":{"type":"Point","coordinates":[3.38662,6.53157]}},{"type":"Feature","properties":{"name":"Dammy Group of Schools","kind":"school","ownership":"Private","level":"Formal","kind_detail":"Secondary","lga":"Apapa","ward":"Gaskiya"},"geometry":{"type":"Point","coordinates":[3.35269,6.46975]}},{"type":"Feature","properties":{"name":"Famoka College","kind":"school","ownership":"Private","level":"Formal","kind_detail":"Secondary","lga":"Apapa","ward":"Alafia"},"geometry":{"type":"Point","coordinates":[3.34514,6.47658]}},{"type":"Feature","properties":{"name":"Starlight College","kind":"school","ownership":"Private","level":"Formal","kind_detail":"Secondary","lga":"Apapa","ward":"Alafia"},"geometry":{"type":"Point","coordinates":[3.34243,6.47417]}},{"type":"Feature","properties":{"name":"Home Science Association Vocational Education Institute","kind":"school","ownership":"Public","level":"Formal","kind_detail":"Secondary","lga":"Lagos Mainland","ward":"Freeman / Glover"},"geometry":{"type":"Point","coordinates":[3.38361,6.48295]}},{"type":"Feature","properties":{"name":"Western College","kind":"school","ownership":"Private","level":"Formal","kind_detail":"Secondary","lga":"Lagos Mainland","ward":"Onike / Oyadiran"},"geometry":{"type":"Point","coordinates":[3.3837,6.513]}},{"type":"Feature","properties":{"name":"Ola Quranic Private School","kind":"school","ownership":"Private","level":"Integrated","kind_detail":"Secondary","lga":"Lagos Island","ward":"Olosun / Ojo Oto"},"geometry":{"type":"Point","coordinates":[3.39218,6.45429]}},{"type":"Feature","properties":{"name":"Rio Secondary School","kind":"school","ownership":"Private","level":"Formal","kind_detail":"Secondary","lga":"Lagos Island","ward":"Okepopo East"},"geometry":{"type":"Point","coordinates":[3.39703,6.45368]}},{"type":"Feature","properties":{"name":"Baptist Academy For Girls","kind":"school","ownership":"Public","level":"Formal","kind_detail":"Secondary","lga":"Shomolu","ward":"Pedro / Gbagada"},"geometry":{"type":"Point","coordinates":[3.37154,6.54543]}},{"type":"Feature","properties":{"name":"Marywood Girls College","kind":"school","ownership":"Faith Based","level":"Formal","kind_detail":"Secondary","lga":"Lagos Mainland","ward":"Aloba / Desalu"},"geometry":{"type":"Point","coordinates":[3.37217,6.48629]}},{"type":"Feature","properties":{"name":"Ideal Girls Senior High","kind":"school","ownership":"Public","level":"Formal","kind_detail":"Secondary","lga":"Surulere","ward":"Babatunde Ayilara"},"geometry":{"type":"Point","coordinates":[3.35751,6.51104]}},{"type":"Feature","properties":{"name":"Somerset College","kind":"school","ownership":"Private","level":"Formal","kind_detail":"Secondary","lga":"Surulere","ward":"Adeniran Ogunsanya"},"geometry":{"type":"Point","coordinates":[3.34963,6.50114]}},{"type":"Feature","properties":{"name":"Al Furqaan International School","kind":"school","ownership":"Private","level":"Integrated","kind_detail":"Secondary","lga":"Surulere","ward":"Babatunde Ayilara"},"geometry":{"type":"Point","coordinates":[3.35884,6.50872]}},{"type":"Feature","properties":{"name":"Top Grade Secondary School","kind":"school","ownership":"Private","level":"Formal","kind_detail":"Secondary","lga":"Surulere","ward":"Adeniran Ogunsanya"},"geometry":{"type":"Point","coordinates":[3.35173,6.48973]}},{"type":"Feature","properties":{"name":"Prestige Private College","kind":"school","ownership":"Private","level":"Formal","kind_detail":"Secondary","lga":"Surulere","ward":"Nuru Oniwo"},"geometry":{"type":"Point","coordinates":[3.33871,6.49984]}},{"type":"Feature","properties":{"name":"Ansar Ud Deen Grammar School","kind":"school","ownership":"Private","level":"Formal","kind_detail":"Secondary","lga":"Surulere","ward":"Babatunde Ayilara"},"geometry":{"type":"Point","coordinates":[3.35632,6.50832]}},{"type":"Feature","properties":{"name":"Itolo Girls Senior High","kind":"school","ownership":"Public","level":"Formal","kind_detail":"Secondary","lga":"Surulere","ward":"Iponri  /  Eric Moore"},"geometry":{"type":"Point","coordinates":[3.35282,6.48692]}},{"type":"Feature","properties":{"name":"Sharp Kiddies Private School","kind":"school","ownership":"Private","level":"Formal","kind_detail":"Primary","lga":"Lagos Island","ward":"Okepopo West"},"geometry":{"type":"Point","coordinates":[3.39468,6.45364]}},{"type":"Feature","properties":{"name":"Kuramo Computer Center","kind":"school","ownership":"Public","level":"Formal","kind_detail":"Primary","lga":"Eti Osa","ward":"Kuramo School / Lekki"},"geometry":{"type":"Point","coordinates":[3.42921,6.42716]}},{"type":"Feature","properties":{"name":"Victoria Island Computer Center","kind":"school","ownership":"Public","level":"Formal","kind_detail":"Primary","lga":"Eti Osa","ward":"1004 / Aboyade"},"geometry":{"type":"Point","coordinates":[3.43862,6.43663]}},{"type":"Feature","properties":{"name":"Ikota Computer Center Ikota","kind":"school","ownership":"Public","level":"Formal","kind_detail":"Primary","lga":"Eti Osa","ward":"Ajiran / Osapa"},"geometry":{"type":"Point","coordinates":[3.54892,6.44933]}},{"type":"Feature","properties":{"name":"Home Economics Art and Craft Center","kind":"school","ownership":"Public","level":"Formal","kind_detail":"Primary","lga":"Eti Osa","ward":"Obalende"},"geometry":{"type":"Point","coordinates":[3.41612,6.44471]}},{"type":"Feature","properties":{"name":"Home Economics Art and Craft Centre Ajah","kind":"school","ownership":"Public","level":"Formal","kind_detail":"Primary","lga":"Eti Osa","ward":"Ajiran / Osapa"},"geometry":{"type":"Point","coordinates":[3.54918,6.44923]}},{"type":"Feature","properties":{"name":"Home Economics Center Marine Beach","kind":"school","ownership":"Public","level":"Formal","kind_detail":"Primary","lga":"Apapa","ward":"Marine Beach"},"geometry":{"type":"Point","coordinates":[3.35972,6.45641]}},{"type":"Feature","properties":{"name":"Al Barika Private School","kind":"school","ownership":"Private","level":"Integrated","kind_detail":"Primary","lga":"Apapa","ward":"Gaskiya"},"geometry":{"type":"Point","coordinates":[3.35351,6.46867]}},{"type":"Feature","properties":{"name":"Mount Carmel Covent School","kind":"school","ownership":"Public","level":"Formal","kind_detail":"Primary","lga":"Lagos Mainland","ward":"Freeman / Glover"},"geometry":{"type":"Point","coordinates":[3.38269,6.48479]}},{"type":"Feature","properties":{"name":"James Praise School","kind":"school","ownership":"Public","level":"Formal","kind_detail":"Primary","lga":"Apapa","ward":"Alafia"},"geometry":{"type":"Point","coordinates":[3.34107,6.47497]}},{"type":"Feature","properties":{"name":"Government Handicraft Center","kind":"school","ownership":"Public","level":"Formal","kind_detail":"Primary","lga":"Lagos Mainland","ward":"Ojo-Oniyun"},"geometry":{"type":"Point","coordinates":[3.37617,6.48681]}},{"type":"Feature","properties":{"name":"Wesley School I For The Hearing Impaired","kind":"school","ownership":"Public","level":"Formal","kind_detail":"Primary","lga":"Surulere","ward":"Babatunde Ayilara"},"geometry":{"type":"Point","coordinates":[3.35216,6.50836]}},{"type":"Feature","properties":{"name":"Surulere Computer Center","kind":"school","ownership":"Public","level":"Formal","kind_detail":"Primary","lga":"Surulere","ward":"Adeniran Ogunsanya"},"geometry":{"type":"Point","coordinates":[3.35835,6.49334]}},{"type":"Feature","properties":{"name":"Wesley School II For The Hearing Impaired","kind":"school","ownership":"Public","level":"Formal","kind_detail":"Primary","lga":"Surulere","ward":"Babatunde Ayilara"},"geometry":{"type":"Point","coordinates":[3.35199,6.5082]}},{"type":"Feature","properties":{"name":"Home Economics Center IV","kind":"school","ownership":"Public","level":"Formal","kind_detail":"Primary","lga":"Surulere","ward":"Adeniran Ogunsanya"},"geometry":{"type":"Point","coordinates":[3.35865,6.4929]}},{"type":"Feature","properties":{"name":"St Matthias Girls School","kind":"school","ownership":"Public","level":"Formal","kind_detail":"Primary","lga":"Lagos Island","ward":"Lafiaji"},"geometry":{"type":"Point","coordinates":[3.40526,6.45098]}},{"type":"Feature","properties":{"name":"Army Children School Yaba","kind":"school","ownership":"Public","level":"Formal","kind_detail":"Primary","lga":"Lagos Mainland","ward":"Harvey"},"geometry":{"type":"Point","coordinates":[3.37378,6.52425]}},{"type":"Feature","properties":{"name":"Army Children School Dodan Barracks","kind":"school","ownership":"Public","level":"Formal","kind_detail":"Primary","lga":"Eti Osa","ward":"Obalende"},"geometry":{"type":"Point","coordinates":[3.41434,6.45003]}},{"type":"Feature","properties":{"name":"Ikoyi Girls Modern Academy","kind":"school","ownership":"Public","level":"Formal","kind_detail":"Primary","lga":"Eti Osa","ward":"Ikoyi 2"},"geometry":{"type":"Point","coordinates":[3.42012,6.44344]}},{"type":"Feature","properties":{"name":"Ireti Junior Grammar School","kind":"school","ownership":"Public","level":"Formal","kind_detail":"Primary","lga":"Eti Osa","ward":"Ikoyi 2"},"geometry":{"type":"Point","coordinates":[3.42027,6.4437]}},{"type":"Feature","properties":{"name":"Yaba Medole School","kind":"school","ownership":"Public","level":"Formal","kind_detail":"Primary","lga":"Surulere","ward":"Mosafejo Ojuelegba"},"geometry":{"type":"Point","coordinates":[3.36698,6.5112]}},{"type":"Feature","properties":{"name":"Anglican Girls Seminary","kind":"school","ownership":"Public","level":"Formal","kind_detail":"Primary","lga":"Lagos Island","ward":"Ajele"},"geometry":{"type":"Point","coordinates":[3.39205,6.45106]}},{"type":"Feature","properties":{"name":"Zamratul Islamiyya School","kind":"school","ownership":"Public","level":"Formal","kind_detail":"Primary","lga":"Lagos Island","ward":"Oluwole"},"geometry":{"type":"Point","coordinates":[3.38739,6.45529]}},{"type":"Feature","properties":{"name":"Apapa Nursery and Prinary School","kind":"school","ownership":"Public","level":"Formal","kind_detail":"Primary","lga":"Apapa","ward":"Abraham Adesanya"},"geometry":{"type":"Point","coordinates":[3.37133,6.44163]}},{"type":"Feature","properties":{"name":"Ebute Metta School","kind":"school","ownership":"Public","level":"Formal","kind_detail":"Primary","lga":"Lagos Mainland","ward":"Freeman / Glover"},"geometry":{"type":"Point","coordinates":[3.38541,6.48786]}},{"type":"Feature","properties":{"name":"Anwar Ul Islam Girls School","kind":"school","ownership":"Public","level":"Formal","kind_detail":"Primary","lga":"Lagos Island","ward":"Olosun / Ojo Oto"},"geometry":{"type":"Point","coordinates":[3.39252,6.45343]}},{"type":"Feature","properties":{"name":"Child of Promise","kind":"school","ownership":"Private","level":"Formal","kind_detail":"Primary","lga":"Eti Osa","ward":"Ajah"},"geometry":{"type":"Point","coordinates":[3.57276,6.46953]}},{"type":"Feature","properties":{"name":"Lordstar International School","kind":"school","ownership":"Private","level":"Formal","kind_detail":"Primary","lga":"Lagos Mainland","ward":"Botanical Garden"},"geometry":{"type":"Point","coordinates":[3.37392,6.47977]}},{"type":"Feature","properties":{"name":"Lafred Private School","kind":"school","ownership":"Private","level":"Formal","kind_detail":"Primary","lga":"Lagos Mainland","ward":"Botanical Garden"},"geometry":{"type":"Point","coordinates":[3.37197,6.48047]}},{"type":"Feature","properties":{"name":"Brainpoint Children School","kind":"school","ownership":"Private","level":"Formal","kind_detail":"Primary","lga":"Lagos Mainland","ward":"Freeman / Glover"},"geometry":{"type":"Point","coordinates":[3.38429,6.48637]}},{"type":"Feature","properties":{"name":"Funead Private School","kind":"school","ownership":"Private","level":"Formal","kind_detail":"Primary","lga":"Lagos Island","ward":"Idumoyingbo"},"geometry":{"type":"Point","coordinates":[3.38934,6.46409]}},{"type":"Feature","properties":{"name":"Kemlat Kamal Private School","kind":"school","ownership":"Private","level":"Formal","kind_detail":"Primary","lga":"Lagos Island","ward":"Oko-Awo / Agarawu"},"geometry":{"type":"Point","coordinates":[3.39116,6.45696]}},{"type":"Feature","properties":{"name":"Hannat Private School","kind":"school","ownership":"Private","level":"Formal","kind_detail":"Primary","lga":"Lagos Island","ward":"Oke-Olowogbowo"},"geometry":{"type":"Point","coordinates":[3.38229,6.45897]}},{"type":"Feature","properties":{"name":"Future Lint","kind":"school","ownership":"Private","level":"Formal","kind_detail":"Primary","lga":"Lagos Island","ward":"Idumoyingbo"},"geometry":{"type":"Point","coordinates":[3.38944,6.46437]}},{"type":"Feature","properties":{"name":"Al Moomeen Islamic School","kind":"school","ownership":"Private","level":"Integrated","kind_detail":"Primary","lga":"Lagos Island","ward":"Okepopo West"},"geometry":{"type":"Point","coordinates":[3.39532,6.4536]}},{"type":"Feature","properties":{"name":"Latrash Private School Lagos","kind":"school","ownership":"Private","level":"Formal","kind_detail":"Primary","lga":"Lagos Island","ward":"Oluwole"},"geometry":{"type":"Point","coordinates":[3.38585,6.45816]}},{"type":"Feature","properties":{"name":"Ola Quranic Private School Lagos Island","kind":"school","ownership":"Private","level":"Formal","kind_detail":"Primary","lga":"Lagos Island","ward":"Alagba / Obadina"},"geometry":{"type":"Point","coordinates":[3.38918,6.45581]}},{"type":"Feature","properties":{"name":"Jamaat Islamiya Private School","kind":"school","ownership":"Private","level":"Formal","kind_detail":"Primary","lga":"Lagos Island","ward":"Lafiaji"},"geometry":{"type":"Point","coordinates":[3.39997,6.458]}},{"type":"Feature","properties":{"name":"Ideal Model School","kind":"school","ownership":"Private","level":"Formal","kind_detail":"Primary","lga":"Lagos Island","ward":"Oko-Awo / Agarawu"},"geometry":{"type":"Point","coordinates":[3.38927,6.46026]}},{"type":"Feature","properties":{"name":"ECWA Private School","kind":"school","ownership":"Private","level":"Formal","kind_detail":"Primary","lga":"Lagos Island","ward":"Ilupesi / Ebute Awo"},"geometry":{"type":"Point","coordinates":[3.38993,6.46207]}},{"type":"Feature","properties":{"name":"Philadelphia International Children School","kind":"school","ownership":"Private","level":"Formal","kind_detail":"Primary","lga":"Shomolu","ward":"Apelehin"},"geometry":{"type":"Point","coordinates":[3.39216,6.54126]}},{"type":"Feature","properties":{"name":"Phil Peter","kind":"school","ownership":"Private","level":"Formal","kind_detail":"Primary","lga":"Lagos Mainland","ward":"Abule Oja"},"geometry":{"type":"Point","coordinates":[3.3798,6.52335]}},{"type":"Feature","properties":{"name":"Sanya Emmanuel School","kind":"school","ownership":"Private","level":"Formal","kind_detail":"Primary","lga":"Shomolu","ward":"Ijebu Tedo"},"geometry":{"type":"Point","coordinates":[3.37088,6.53918]}},{"type":"Feature","properties":{"name":"St Kres","kind":"school","ownership":"Private","level":"Formal","kind_detail":"Primary","lga":"Apapa","ward":"Alafia"},"geometry":{"type":"Point","coordinates":[3.34821,6.47406]}},{"type":"Feature","properties":{"name":"Future Hope","kind":"school","ownership":"Private","level":"Formal","kind_detail":"Primary","lga":"Apapa","ward":"Owoseni"},"geometry":{"type":"Point","coordinates":[3.35488,6.46883]}},{"type":"Feature","properties":{"name":"Scholarsticals Kiddies School","kind":"school","ownership":"Private","level":"Formal","kind_detail":"Primary","lga":"Apapa","ward":"Abete"},"geometry":{"type":"Point","coordinates":[3.35846,6.46574]}},{"type":"Feature","properties":{"name":"Total Child","kind":"school","ownership":"Private","level":"Formal","kind_detail":"Primary","lga":"Apapa","ward":"Alafia"},"geometry":{"type":"Point","coordinates":[3.34557,6.4722]}},{"type":"Feature","properties":{"name":"Ayomide Nursery and Basic School","kind":"school","ownership":"Private","level":"Formal","kind_detail":"Primary","lga":"Apapa","ward":"Abete"},"geometry":{"type":"Point","coordinates":[3.35653,6.4657]}},{"type":"Feature","properties":{"name":"Hope International School","kind":"school","ownership":"Private","level":"Formal","kind_detail":"Primary","lga":"Apapa","ward":"Gaskiya"},"geometry":{"type":"Point","coordinates":[3.35323,6.46885]}},{"type":"Feature","properties":{"name":"Success Academy","kind":"school","ownership":"Private","level":"Formal","kind_detail":"Primary","lga":"Apapa","ward":"Gaskiya"},"geometry":{"type":"Point","coordinates":[3.35146,6.46848]}},{"type":"Feature","properties":{"name":"Praise Private School Sari Iganmu","kind":"school","ownership":"Private","level":"Formal","kind_detail":"Primary","lga":"Apapa","ward":"Alafia"},"geometry":{"type":"Point","coordinates":[3.34726,6.47366]}},{"type":"Feature","properties":{"name":"Lawal Children School","kind":"school","ownership":"Private","level":"Formal","kind_detail":"Primary","lga":"Apapa","ward":"Alafia"},"geometry":{"type":"Point","coordinates":[3.34791,6.47253]}},{"type":"Feature","properties":{"name":"Prestige Kiddies Accademy","kind":"school","ownership":"Private","level":"Formal","kind_detail":"Primary","lga":"Apapa","ward":"Alafia"},"geometry":{"type":"Point","coordinates":[3.34694,6.47346]}},{"type":"Feature","properties":{"name":"Govot Kiddies International School","kind":"school","ownership":"Private","level":"Formal","kind_detail":"Primary","lga":"Apapa","ward":"Gaskiya"},"geometry":{"type":"Point","coordinates":[3.35126,6.46939]}},{"type":"Feature","properties":{"name":"Albarka Private School","kind":"school","ownership":"Private","level":"Integrated","kind_detail":"Primary","lga":"Apapa","ward":"Gaskiya"},"geometry":{"type":"Point","coordinates":[3.35169,6.47084]}},{"type":"Feature","properties":{"name":"Victory Mercy International School","kind":"school","ownership":"Private","level":"Formal","kind_detail":"Primary","lga":"Apapa","ward":"Alafia"},"geometry":{"type":"Point","coordinates":[3.34343,6.47334]}},{"type":"Feature","properties":{"name":"Badarul Huda International School","kind":"school","ownership":"Private","level":"Integrated","kind_detail":"Primary","lga":"Apapa","ward":"Abete"},"geometry":{"type":"Point","coordinates":[3.35842,6.46599]}},{"type":"Feature","properties":{"name":"Bright Kids Private School","kind":"school","ownership":"Private","level":"Formal","kind_detail":"Primary","lga":"Apapa","ward":"Gaskiya"},"geometry":{"type":"Point","coordinates":[3.35193,6.4723]}},{"type":"Feature","properties":{"name":"Hephzibah Children School","kind":"school","ownership":"Private","level":"Formal","kind_detail":"Primary","lga":"Apapa","ward":"Owoseni"},"geometry":{"type":"Point","coordinates":[3.35958,6.46995]}},{"type":"Feature","properties":{"name":"Precious Star School","kind":"school","ownership":"Private","level":"Formal","kind_detail":"Primary","lga":"Lagos Mainland","ward":"Otto"},"geometry":{"type":"Point","coordinates":[3.38164,6.47761]}},{"type":"Feature","properties":{"name":"Redeemer Montessori School","kind":"school","ownership":"Private","level":"Formal","kind_detail":"Primary","lga":"Lagos Mainland","ward":"Freeman / Glover"},"geometry":{"type":"Point","coordinates":[3.38428,6.48607]}},{"type":"Feature","properties":{"name":"Future Gold International School","kind":"school","ownership":"Private","level":"Formal","kind_detail":"Primary","lga":"Lagos Mainland","ward":"Otto"},"geometry":{"type":"Point","coordinates":[3.38084,6.47457]}},{"type":"Feature","properties":{"name":"Aboa International School","kind":"school","ownership":"Private","level":"Formal","kind_detail":"Primary","lga":"Lagos Mainland","ward":"Alagomeji"},"geometry":{"type":"Point","coordinates":[3.38122,6.50144]}},{"type":"Feature","properties":{"name":"Heritage House Montessori School","kind":"school","ownership":"Private","level":"Formal","kind_detail":"Primary","lga":"Lagos Mainland","ward":"Harvey"},"geometry":{"type":"Point","coordinates":[3.3699,6.51874]}},{"type":"Feature","properties":{"name":"First Love Private School","kind":"school","ownership":"Private","level":"Formal","kind_detail":"Primary","lga":"Lagos Island","ward":"Olosun / Ojo Oto"},"geometry":{"type":"Point","coordinates":[3.392,6.45262]}},{"type":"Feature","properties":{"name":"Tai Kenny College","kind":"school","ownership":"Private","level":"Formal","kind_detail":"Primary","lga":"Lagos Island","ward":"Idumoyingbo"},"geometry":{"type":"Point","coordinates":[3.38745,6.46349]}},{"type":"Feature","properties":{"name":"Lagos Central Mosque Private School","kind":"school","ownership":"Private","level":"Formal","kind_detail":"Primary","lga":"Lagos Island","ward":"Oluwole"},"geometry":{"type":"Point","coordinates":[3.38793,6.45703]}},{"type":"Feature","properties":{"name":"Pathfinder Islamic Nursery and Primary","kind":"school","ownership":"Private","level":"Formal","kind_detail":"Primary","lga":"Lagos Island","ward":"Okepopo West"},"geometry":{"type":"Point","coordinates":[3.39495,6.4556]}},{"type":"Feature","properties":{"name":"Dolphin Private School","kind":"school","ownership":"Private","level":"Formal","kind_detail":"Primary","lga":"Lagos Island","ward":"Epetedo West"},"geometry":{"type":"Point","coordinates":[3.39848,6.45791]}},{"type":"Feature","properties":{"name":"Bislas Academy Private School","kind":"school","ownership":"Private","level":"Formal","kind_detail":"Primary","lga":"Lagos Island","ward":"Idumoyingbo"},"geometry":{"type":"Point","coordinates":[3.3887,6.46341]}},{"type":"Feature","properties":{"name":"Kings Care International School Montessori","kind":"school","ownership":"Private","level":"Formal","kind_detail":"Primary","lga":"Lagos Island","ward":"Okepopo East"},"geometry":{"type":"Point","coordinates":[3.39623,6.45374]}},{"type":"Feature","properties":{"name":"Ola Private School","kind":"school","ownership":"Private","level":"Formal","kind_detail":"Primary","lga":"Lagos Island","ward":"Idumoyingbo"},"geometry":{"type":"Point","coordinates":[3.38936,6.4632]}},{"type":"Feature","properties":{"name":"Great An Ham","kind":"school","ownership":"Private","level":"Formal","kind_detail":"Primary","lga":"Lagos Island","ward":"Oko-Awo / Agarawu"},"geometry":{"type":"Point","coordinates":[3.3909,6.45631]}},{"type":"Feature","properties":{"name":"Jutfun Private School","kind":"school","ownership":"Private","level":"Formal","kind_detail":"Primary","lga":"Lagos Island","ward":"Okepopo East"},"geometry":{"type":"Point","coordinates":[3.39596,6.45375]}},{"type":"Feature","properties":{"name":"Aquad Children School","kind":"school","ownership":"Private","level":"Formal","kind_detail":"Primary","lga":"Lagos Island","ward":"Alagba / Obadina"},"geometry":{"type":"Point","coordinates":[3.38972,6.45647]}},{"type":"Feature","properties":{"name":"Flossy Favour Private School","kind":"school","ownership":"Private","level":"Formal","kind_detail":"Primary","lga":"Lagos Island","ward":"Anikantamo"},"geometry":{"type":"Point","coordinates":[3.39336,6.45739]}},{"type":"Feature","properties":{"name":"Deen Master Foundation School","kind":"school","ownership":"Private","level":"Formal","kind_detail":"Primary","lga":"Lagos Island","ward":"Okepopo West"},"geometry":{"type":"Point","coordinates":[3.3937,6.45499]}},{"type":"Feature","properties":{"name":"Anita Children School","kind":"school","ownership":"Private","level":"Formal","kind_detail":"Primary","lga":"Lagos Island","ward":"Olosun / Ojo Oto"},"geometry":{"type":"Point","coordinates":[3.39083,6.45531]}},{"type":"Feature","properties":{"name":"City Hill School","kind":"school","ownership":"Private","level":"Formal","kind_detail":"Primary","lga":"Lagos Island","ward":"Anikantamo"},"geometry":{"type":"Point","coordinates":[3.39422,6.45726]}},{"type":"Feature","properties":{"name":"Favour Child School","kind":"school","ownership":"Private","level":"Formal","kind_detail":"Primary","lga":"Shomolu","ward":"Pedro / Gbagada"},"geometry":{"type":"Point","coordinates":[3.37536,6.54337]}},{"type":"Feature","properties":{"name":"Jummyscare Montessori School","kind":"school","ownership":"Private","level":"Formal","kind_detail":"Primary","lga":"Shomolu","ward":"Pedro / Gbagada"},"geometry":{"type":"Point","coordinates":[3.36954,6.54991]}},{"type":"Feature","properties":{"name":"Drunet Angels Private School","kind":"school","ownership":"Private","level":"Formal","kind_detail":"Primary","lga":"Lagos Mainland","ward":"Ojo-Oniyun"},"geometry":{"type":"Point","coordinates":[3.37429,6.48459]}},{"type":"Feature","properties":{"name":"Tenderfoot Day Nursery School","kind":"school","ownership":"Private","level":"Formal","kind_detail":"Primary","lga":"Surulere","ward":"Adeniran Ogunsanya"},"geometry":{"type":"Point","coordinates":[3.35,6.49797]}},{"type":"Feature","properties":{"name":"Ajibade Memorial Nursery and Primary","kind":"school","ownership":"Private","level":"Formal","kind_detail":"Primary","lga":"Surulere","ward":"Baruwa"},"geometry":{"type":"Point","coordinates":[3.34473,6.50263]}},{"type":"Feature","properties":{"name":"Kuyoro Memorial School","kind":"school","ownership":"Private","level":"Formal","kind_detail":"Primary","lga":"Surulere","ward":"Sanusi 1"},"geometry":{"type":"Point","coordinates":[3.33301,6.50034]}},{"type":"Feature","properties":{"name":"Omo Private School","kind":"school","ownership":"Private","level":"Formal","kind_detail":"Primary","lga":"Surulere","ward":"Savage"},"geometry":{"type":"Point","coordinates":[3.34318,6.4831]}},{"type":"Feature","properties":{"name":"JS Magret School","kind":"school","ownership":"Private","level":"Formal","kind_detail":"Primary","lga":"Surulere","ward":"Jinadu Aiyetoro"},"geometry":{"type":"Point","coordinates":[3.3428,6.49364]}},{"type":"Feature","properties":{"name":"Kesstod Private School","kind":"school","ownership":"Private","level":"Formal","kind_detail":"Primary","lga":"Surulere","ward":"Gbaja Obele-Odan"},"geometry":{"type":"Point","coordinates":[3.35671,6.5051]}},{"type":"Feature","properties":{"name":"Abikem International School","kind":"school","ownership":"Private","level":"Formal","kind_detail":"Primary","lga":"Surulere","ward":"Savage"},"geometry":{"type":"Point","coordinates":[3.34584,6.48445]}},{"type":"Feature","properties":{"name":"Yewande Memorial School","kind":"school","ownership":"Private","level":"Formal","kind_detail":"Primary","lga":"Surulere","ward":"Shitta Bank Olemoh"},"geometry":{"type":"Point","coordinates":[3.35331,6.50407]}},{"type":"Feature","properties":{"name":"Front Mark Private School","kind":"school","ownership":"Private","level":"Formal","kind_detail":"Primary","lga":"Surulere","ward":"Osho"},"geometry":{"type":"Point","coordinates":[3.34363,6.47999]}},{"type":"Feature","properties":{"name":"Annointed Feet Private School","kind":"school","ownership":"Private","level":"Formal","kind_detail":"Primary","lga":"Surulere","ward":"Ramoni"},"geometry":{"type":"Point","coordinates":[3.34503,6.51056]}},{"type":"Feature","properties":{"name":"Seagate College","kind":"school","ownership":"Private","level":"Formal","kind_detail":"Secondary","lga":"Apapa","ward":"Oduduwa"},"geometry":{"type":"Point","coordinates":[3.35245,6.45216]}},{"type":"Feature","properties":{"name":"Hatona School","kind":"school","ownership":"Private","level":"Formal","kind_detail":"Primary","lga":"Eti Osa","ward":"Sangotedo"},"geometry":{"type":"Point","coordinates":[3.58455,6.46493]}},{"type":"Feature","properties":{"name":"Vichris Montessori School","kind":"school","ownership":"Private","level":"Formal","kind_detail":"Primary","lga":"Lagos Mainland","ward":"Harvey"},"geometry":{"type":"Point","coordinates":[3.37624,6.50995]}},{"type":"Feature","properties":{"name":"Green Life School","kind":"school","ownership":"Private","level":"Formal","kind_detail":"Primary","lga":"Surulere","ward":"Aralile"},"geometry":{"type":"Point","coordinates":[3.36735,6.50502]}},{"type":"Feature","properties":{"name":"International School","kind":"school","ownership":"Private","level":"Formal","kind_detail":"Secondary","lga":"Lagos Mainland","ward":"Abule Oja"},"geometry":{"type":"Point","coordinates":[3.39754,6.51479]}},{"type":"Feature","properties":{"name":"Liege School","kind":"school","ownership":"Private","level":"Formal","kind_detail":"Primary","lga":"Surulere","ward":"Sanusi 1"},"geometry":{"type":"Point","coordinates":[3.3358,6.49947]}},{"type":"Feature","properties":{"name":"Ladi Lak Honeyvic School Badru Ikorodu Apapa","kind":"school","ownership":"Public","level":"Formal","kind_detail":"Primary","lga":"Apapa","ward":"Abraham Adesanya"},"geometry":{"type":"Point","coordinates":[3.36958,6.44535]}},{"type":"Feature","properties":{"name":"Maadu Saadid Dinil Islamiyya Al Adabiyi","kind":"school","ownership":"Private","level":"Integrated","kind_detail":"Primary","lga":"Apapa","ward":"Sari"},"geometry":{"type":"Point","coordinates":[3.35452,6.47453]}},{"type":"Feature","properties":{"name":"Shining Lords College","kind":"school","ownership":"Private","level":"Formal","kind_detail":"Primary","lga":"Lagos Mainland","ward":"Botanical Garden"},"geometry":{"type":"Point","coordinates":[3.37628,6.47979]}},{"type":"Feature","properties":{"name":"Shining Lords College II","kind":"school","ownership":"Private","level":"Formal","kind_detail":"Secondary","lga":"Lagos Mainland","ward":"Botanical Garden"},"geometry":{"type":"Point","coordinates":[3.37735,6.48141]}},{"type":"Feature","properties":{"name":"Golden Abbey School","kind":"school","ownership":"Public","level":"Formal","kind_detail":"Secondary","lga":"Mushin","ward":"Kayode / Fadeyi"},"geometry":{"type":"Point","coordinates":[3.36584,6.52861]}},{"type":"Feature","properties":{"name":"Aunty Wikky Schools","kind":"school","ownership":"Public","level":"Formal","kind_detail":"Secondary","lga":"Mushin","ward":"Babalosa 2"},"geometry":{"type":"Point","coordinates":[3.36061,6.52304]}},{"type":"Feature","properties":{"name":"P and P Comprehensive College","kind":"school","ownership":"Public","level":"Formal","kind_detail":"Secondary","lga":"Mushin","ward":"Alafia / Adeoyo"},"geometry":{"type":"Point","coordinates":[3.34077,6.52298]}},{"type":"Feature","properties":{"name":"Halcy Nursery School","kind":"school","ownership":"Public","level":"Formal","kind_detail":"Primary","lga":"Mushin","ward":"Ilupeju Industrial"},"geometry":{"type":"Point","coordinates":[3.36183,6.55085]}},{"type":"Feature","properties":{"name":"De Oliveland School","kind":"school","ownership":"Public","level":"Formal","kind_detail":"Secondary","lga":"Mushin","ward":"Ilupeju Industrial"},"geometry":{"type":"Point","coordinates":[3.3585,6.54781]}},{"type":"Feature","properties":{"name":"Nitel Staff School","kind":"school","ownership":"Public","level":"Formal","kind_detail":"Secondary","lga":"Mushin","ward":"Papa Ajao"},"geometry":{"type":"Point","coordinates":[3.35261,6.55041]}},{"type":"Feature","properties":{"name":"Little Saint School","kind":"school","ownership":"Public","level":"Formal","kind_detail":"Secondary","lga":"Mushin","ward":"Ilupeju Industrial"},"geometry":{"type":"Point","coordinates":[3.3603,6.5486]}},{"type":"Feature","properties":{"name":"Sorama School","kind":"school","ownership":"Public","level":"Formal","kind_detail":"Secondary","lga":"Mushin","ward":"Mushin / Atewolara"},"geometry":{"type":"Point","coordinates":[3.34752,6.52934]}},{"type":"Feature","properties":{"name":"Mustard Private School","kind":"school","ownership":"Private","level":"Formal","kind_detail":"Secondary","lga":"Mushin","ward":"Babalosa 1"},"geometry":{"type":"Point","coordinates":[3.35861,6.53067]}},{"type":"Feature","properties":{"name":"Truth Private School","kind":"school","ownership":"Private","level":"Formal","kind_detail":"Secondary","lga":"Mushin","ward":"Babalosa 1"},"geometry":{"type":"Point","coordinates":[3.35835,6.52979]}},{"type":"Feature","properties":{"name":"Adak Private School","kind":"school","ownership":"Private","level":"Formal","kind_detail":"Secondary","lga":"Mushin","ward":"Babalosa 1"},"geometry":{"type":"Point","coordinates":[3.35825,6.52937]}},{"type":"Feature","properties":{"name":"Speed Ladder School","kind":"school","ownership":"Public","level":"Formal","kind_detail":"Secondary","lga":"Mushin","ward":"Kayode / Fadeyi"},"geometry":{"type":"Point","coordinates":[3.36314,6.53294]}},{"type":"Feature","properties":{"name":"Bibiland School","kind":"school","ownership":"Public","level":"Formal","kind_detail":"Secondary","lga":"Mushin","ward":"Papa Ajao"},"geometry":{"type":"Point","coordinates":[3.34618,6.53593]}},{"type":"Feature","properties":{"name":"Royal Kiddies","kind":"school","ownership":"Public","level":"Formal","kind_detail":"Others","lga":"Mushin","ward":"Odo Eran / Ogunlana"},"geometry":{"type":"Point","coordinates":[3.32681,6.50314]}},{"type":"Feature","properties":{"name":"Nigeria Meterological Institute","kind":"school","ownership":"Public","level":"Formal","kind_detail":"Others","lga":"Mushin","ward":"Papa Ajao"},"geometry":{"type":"Point","coordinates":[3.34752,6.54568]}},{"type":"Feature","properties":{"name":"Digital Bridge Institution","kind":"school","ownership":"Public","level":"Formal","kind_detail":"Others","lga":"Mushin","ward":"Papa Ajao"},"geometry":{"type":"Point","coordinates":[3.35278,6.5502]}},{"type":"Feature","properties":{"name":"Nigeria Institute Of Industrial","kind":"school","ownership":"Public","level":"Formal","kind_detail":"Others","lga":"Mushin","ward":"Papa Ajao"},"geometry":{"type":"Point","coordinates":[3.34866,6.54596]}},{"type":"Feature","properties":{"name":"Abrahams Seeds College","kind":"school","ownership":"Private","level":"Formal","kind_detail":"Primary","lga":"Mushin","ward":"Kayode / Fadeyi"},"geometry":{"type":"Point","coordinates":[3.36376,6.53114]}},{"type":"Feature","properties":{"name":"Am School","kind":"school","ownership":"Private","level":"Formal","kind_detail":"Primary","lga":"Mushin","ward":"Idi-Oro / Odi Olowo"},"geometry":{"type":"Point","coordinates":[3.36124,6.52769]}},{"type":"Feature","properties":{"name":"Boldamide School","kind":"school","ownership":"Private","level":"Formal","kind_detail":"Primary","lga":"Mushin","ward":"Igbehin"},"geometry":{"type":"Point","coordinates":[3.33763,6.52272]}},{"type":"Feature","properties":{"name":"Royal Children Schools","kind":"school","ownership":"Private","level":"Formal","kind_detail":"Primary","lga":"Mushin","ward":"Papa Ajao"},"geometry":{"type":"Point","coordinates":[3.34252,6.53464]}},{"type":"Feature","properties":{"name":"Little Toes Montessori School","kind":"school","ownership":"Private","level":"Formal","kind_detail":"Primary","lga":"Mushin","ward":"Papa Ajao"},"geometry":{"type":"Point","coordinates":[3.34004,6.53428]}},{"type":"Feature","properties":{"name":"Successland International School","kind":"school","ownership":"Private","level":"Formal","kind_detail":"Primary","lga":"Mushin","ward":"Papa Ajao"},"geometry":{"type":"Point","coordinates":[3.33979,6.53378]}},{"type":"Feature","properties":{"name":"Oakville Children School","kind":"school","ownership":"Private","level":"Formal","kind_detail":"Primary","lga":"Mushin","ward":"Papa Ajao"},"geometry":{"type":"Point","coordinates":[3.34488,6.53807]}},{"type":"Feature","properties":{"name":"Direl Comprehensive College","kind":"school","ownership":"Private","level":"Formal","kind_detail":"Primary","lga":"Mushin","ward":"Mushin / Atewolara"},"geometry":{"type":"Point","coordinates":[3.34747,6.53125]}},{"type":"Feature","properties":{"name":"Santa Maria Private School","kind":"school","ownership":"Private","level":"Formal","kind_detail":"Primary","lga":"Mushin","ward":"Mushin / Atewolara"},"geometry":{"type":"Point","coordinates":[3.35159,6.53486]}},{"type":"Feature","properties":{"name":"Solard International School","kind":"school","ownership":"Private","level":"Formal","kind_detail":"Primary","lga":"Mushin","ward":"Ojuwoye"},"geometry":{"type":"Point","coordinates":[3.35538,6.53807]}},{"type":"Feature","properties":{"name":"Briggsgate School","kind":"school","ownership":"Private","level":"Formal","kind_detail":"Primary","lga":"Mushin","ward":"Ojuwoye"},"geometry":{"type":"Point","coordinates":[3.35419,6.53468]}},{"type":"Feature","properties":{"name":"St Martins","kind":"school","ownership":"Private","level":"Formal","kind_detail":"Primary","lga":"Mushin","ward":"Babalosa 1"},"geometry":{"type":"Point","coordinates":[3.35679,6.53281]}},{"type":"Feature","properties":{"name":"Nawar School","kind":"school","ownership":"Private","level":"Formal","kind_detail":"Primary","lga":"Mushin","ward":"Babalosa 1"},"geometry":{"type":"Point","coordinates":[3.35565,6.53323]}},{"type":"Feature","properties":{"name":"Joen College","kind":"school","ownership":"Private","level":"Formal","kind_detail":"Secondary","lga":"Mushin","ward":"Igbehin"},"geometry":{"type":"Point","coordinates":[3.34195,6.51904]}},{"type":"Feature","properties":{"name":"Osezele Comprehensive College","kind":"school","ownership":"Private","level":"Formal","kind_detail":"Secondary","lga":"Mushin","ward":"Igbehin"},"geometry":{"type":"Point","coordinates":[3.3382,6.5199]}},{"type":"Feature","properties":{"name":"Dabitos College","kind":"school","ownership":"Private","level":"Integrated","kind_detail":"Secondary","lga":"Mushin","ward":"Igbehin"},"geometry":{"type":"Point","coordinates":[3.33691,6.51936]}},{"type":"Feature","properties":{"name":"Bethel College","kind":"school","ownership":"Private","level":"Formal","kind_detail":"Secondary","lga":"Mushin","ward":"Alafia / Adeoyo"},"geometry":{"type":"Point","coordinates":[3.3416,6.52624]}},{"type":"Feature","properties":{"name":"Sulaiman Shado College","kind":"school","ownership":"Private","level":"Integrated","kind_detail":"Secondary","lga":"Mushin","ward":"Alafia / Adeoyo"},"geometry":{"type":"Point","coordinates":[3.34099,6.52979]}},{"type":"Feature","properties":{"name":"Santa Maria College","kind":"school","ownership":"Private","level":"Formal","kind_detail":"Secondary","lga":"Mushin","ward":"Mushin / Atewolara"},"geometry":{"type":"Point","coordinates":[3.35214,6.53632]}},{"type":"Feature","properties":{"name":"Solard Comprehensive College","kind":"school","ownership":"Private","level":"Formal","kind_detail":"Secondary","lga":"Mushin","ward":"Ojuwoye"},"geometry":{"type":"Point","coordinates":[3.35546,6.53831]}},{"type":"Feature","properties":{"name":"Penman College","kind":"school","ownership":"Private","level":"Formal","kind_detail":"Secondary","lga":"Mushin","ward":"Ilupeju"},"geometry":{"type":"Point","coordinates":[3.36254,6.54112]}},{"type":"Feature","properties":{"name":"Morayo Home Economics Center","kind":"school","ownership":"Public","level":"Formal","kind_detail":"Primary","lga":"Mushin","ward":"Igbehin"},"geometry":{"type":"Point","coordinates":[3.34566,6.52256]}},{"type":"Feature","properties":{"name":"Eleja Home Economics Center","kind":"school","ownership":"Public","level":"Formal","kind_detail":"Primary","lga":"Mushin","ward":"Onitire"},"geometry":{"type":"Point","coordinates":[3.34249,6.51472]}},{"type":"Feature","properties":{"name":"Oye Home Economics Center","kind":"school","ownership":"Public","level":"Formal","kind_detail":"Primary","lga":"Mushin","ward":"Alafia / Adeoyo"},"geometry":{"type":"Point","coordinates":[3.3376,6.52727]}},{"type":"Feature","properties":{"name":"Adeleye Home Economics Center","kind":"school","ownership":"Public","level":"Formal","kind_detail":"Primary","lga":"Mushin","ward":"Babalosa 1"},"geometry":{"type":"Point","coordinates":[3.35706,6.53291]}},{"type":"Feature","properties":{"name":"Community Vocation Center Ilupeju","kind":"school","ownership":"Public","level":"Formal","kind_detail":"Primary","lga":"Mushin","ward":"Ilupeju"},"geometry":{"type":"Point","coordinates":[3.36141,6.54593]}},{"type":"Feature","properties":{"name":"Nigeria Premier College","kind":"school","ownership":"Public","level":"Formal","kind_detail":"Primary","lga":"Mushin","ward":"Papa Ajao"},"geometry":{"type":"Point","coordinates":[3.34312,6.53159]}},{"type":"Feature","properties":{"name":"Special Children Approved School","kind":"school","ownership":"Public","level":"Formal","kind_detail":"Primary","lga":"Mushin","ward":"Idi-Araba"},"geometry":{"type":"Point","coordinates":[3.3523,6.52173]}},{"type":"Feature","properties":{"name":"Child Pride School","kind":"school","ownership":"Private","level":"Formal","kind_detail":"Primary","lga":"Lagos Mainland","ward":"Onike / Oyadiran"},"geometry":{"type":"Point","coordinates":[3.38259,6.51691]}},{"type":"Feature","properties":{"name":"Godsown Private School","kind":"school","ownership":"Private","level":"Formal","kind_detail":"Primary","lga":"Surulere","ward":"Agunbiade"},"geometry":{"type":"Point","coordinates":[3.32742,6.49467]}},{"type":"Feature","properties":{"name":"Timi Comprehensive College","kind":"school","ownership":"Private","level":"Formal","kind_detail":"Secondary","lga":"Mushin","ward":"Oduselu / Ola"},"geometry":{"type":"Point","coordinates":[3.33088,6.50722]}},{"type":"Feature","properties":{"name":"Maryanne College","kind":"school","ownership":"Private","level":"Formal","kind_detail":"Secondary","lga":"Lagos Island","ward":"Ajele"},"geometry":{"type":"Point","coordinates":[3.39562,6.45064]}},{"type":"Feature","properties":{"name":"Sylvian Rock College","kind":"school","ownership":"Private","level":"Formal","kind_detail":"Secondary","lga":"Apapa","ward":"Alafia"},"geometry":{"type":"Point","coordinates":[3.34461,6.47225]}},{"type":"Feature","properties":{"name":"Qatob Private High School","kind":"school","ownership":"Private","level":"Formal","kind_detail":"Secondary","lga":"Lagos Island","ward":"Okepopo East"},"geometry":{"type":"Point","coordinates":[3.39575,6.45408]}},{"type":"Feature","properties":{"name":"Aim Center Private School","kind":"school","ownership":"Private","level":"Formal","kind_detail":"Primary","lga":"Lagos Island","ward":"Epetedo West"},"geometry":{"type":"Point","coordinates":[3.39765,6.45405]}},{"type":"Feature","properties":{"name":"Eric Moore Senior High School","kind":"school","ownership":"Public","level":"Formal","kind_detail":"Secondary","lga":"Surulere","ward":"Iponri  /  Eric Moore"},"geometry":{"type":"Point","coordinates":[3.35368,6.48722]}},{"type":"Feature","properties":{"name":"Akin Jacobs Memorial Baptist Nursery and Primary","kind":"school","ownership":"Public","level":"Formal","kind_detail":"Primary","lga":"Surulere","ward":"Adeniran Ogunsanya"},"geometry":{"type":"Point","coordinates":[3.35883,6.49306]}},{"type":"Feature","properties":{"name":"Remilekun Nursery and Primary","kind":"school","ownership":"Private","level":"Formal","kind_detail":"Primary","lga":"Shomolu","ward":"Pedro / Gbagada"},"geometry":{"type":"Point","coordinates":[3.37499,6.54648]}},{"type":"Feature","properties":{"name":"West Gate Schools","kind":"school","ownership":"Private","level":"Formal","kind_detail":"Primary","lga":"Shomolu","ward":"Orile Somolu / Alade"},"geometry":{"type":"Point","coordinates":[3.37677,6.53545]}},{"type":"Feature","properties":{"name":"Gods Own International School","kind":"school","ownership":"Private","level":"Formal","kind_detail":"Primary","lga":"Shomolu","ward":"Orile Somolu / Alade"},"geometry":{"type":"Point","coordinates":[3.37626,6.53581]}},{"type":"Feature","properties":{"name":"Government Journey Secondary School Tarkwa Bay","kind":"school","ownership":"Public","level":"Formal","kind_detail":"Secondary","lga":"Eti Osa","ward":"Tarkwa Bay"},"geometry":{"type":"Point","coordinates":[3.3879,6.40691]}},{"type":"Feature","properties":{"name":"Senior Secondary School Tarkwa Bay","kind":"school","ownership":"Public","level":"Formal","kind_detail":"Secondary","lga":"Eti Osa","ward":"Tarkwa Bay"},"geometry":{"type":"Point","coordinates":[3.3885,6.40692]}},{"type":"Feature","properties":{"name":"Hosanna Reigns","kind":"school","ownership":"Private","level":"Formal","kind_detail":"Secondary","lga":"Eti Osa","ward":"Sangotedo"},"geometry":{"type":"Point","coordinates":[3.63833,6.4718]}},{"type":"Feature","properties":{"name":"Oduduwa Junior Secondary School","kind":"school","ownership":"Public","level":"Formal","kind_detail":"Secondary","lga":"Mushin","ward":"Papa Ajao"},"geometry":{"type":"Point","coordinates":[3.34472,6.54249]}},{"type":"Feature","properties":{"name":"Adespring Nursery and Primary School","kind":"school","ownership":"Private","level":"Formal","kind_detail":"Primary","lga":"Lagos Mainland","ward":"Ojo-Oniyun"},"geometry":{"type":"Point","coordinates":[3.37441,6.48587]}},{"type":"Feature","properties":{"name":"Akoka Junior High School","kind":"school","ownership":"Public","level":"Formal","kind_detail":"Secondary","lga":"Lagos Mainland","ward":"Abule Oja"},"geometry":{"type":"Point","coordinates":[3.38615,6.52115]}},{"type":"Feature","properties":{"name":"Eletu Odibo Junior High School","kind":"school","ownership":"Public","level":"Formal","kind_detail":"Secondary","lga":"Lagos Mainland","ward":"Abule Oja"},"geometry":{"type":"Point","coordinates":[3.38277,6.51865]}},{"type":"Feature","properties":{"name":"Estate Senior And Junior Grammar School","kind":"school","ownership":"Public","level":"Formal","kind_detail":"Secondary","lga":"Mushin","ward":"Ilupeju Industrial"},"geometry":{"type":"Point","coordinates":[3.35479,6.55594]}},{"type":"Feature","properties":{"name":"Ogombo Community Junior Secondary School","kind":"school","ownership":"Public","level":"Formal","kind_detail":"Secondary","lga":"Eti Osa","ward":"Okun Ajah / Okunmopo"},"geometry":{"type":"Point","coordinates":[3.60711,6.44548]}},{"type":"Feature","properties":{"name":"Araromi Junior Secondary School Sari","kind":"school","ownership":"Public","level":"Formal","kind_detail":"Secondary","lga":"Apapa","ward":"Alafia"},"geometry":{"type":"Point","coordinates":[3.34165,6.47565]}},{"type":"Feature","properties":{"name":"Akande Dahunsi Memorial Senior And Junior High School Ikoyi","kind":"school","ownership":"Public","level":"Formal","kind_detail":"Secondary","lga":"Eti Osa","ward":"Ikoyi 1"},"geometry":{"type":"Point","coordinates":[3.42442,6.46372]}},{"type":"Feature","properties":{"name":"Ilado Community Junior High School Ikoyi","kind":"school","ownership":"Public","level":"Formal","kind_detail":"Secondary","lga":"Eti Osa","ward":"Ikoyi 1"},"geometry":{"type":"Point","coordinates":[3.42378,6.46298]}},{"type":"Feature","properties":{"name":"Oke Odo Junior High School","kind":"school","ownership":"Public","level":"Formal","kind_detail":"Secondary","lga":"Lagos Mainland","ward":"Araromi"},"geometry":{"type":"Point","coordinates":[3.38857,6.48342]}},{"type":"Feature","properties":{"name":"Government Junior College Ikoyi","kind":"school","ownership":"Public","level":"Formal","kind_detail":"Secondary","lga":"Eti Osa","ward":"Ikoyi 1"},"geometry":{"type":"Point","coordinates":[3.42469,6.46269]}},{"type":"Feature","properties":{"name":"Itolo Girls Junior Secondary School","kind":"school","ownership":"Public","level":"Formal","kind_detail":"Secondary","lga":"Surulere","ward":"Iponri  /  Eric Moore"},"geometry":{"type":"Point","coordinates":[3.35308,6.48708]}},{"type":"Feature","properties":{"name":"Girls Junior Secondary School","kind":"school","ownership":"Public","level":"Formal","kind_detail":"Secondary","lga":"Eti Osa","ward":"Obalende"},"geometry":{"type":"Point","coordinates":[3.41409,6.44501]}},{"type":"Feature","properties":{"name":"Obele Community Junior And Senior School","kind":"school","ownership":"Public","level":"Formal","kind_detail":"Secondary","lga":"Surulere","ward":"Babatunde Ayilara"},"geometry":{"type":"Point","coordinates":[3.35848,6.51021]}},{"type":"Feature","properties":{"name":"Ijeshatedo Junior Secondary School","kind":"school","ownership":"Public","level":"Formal","kind_detail":"Secondary","lga":"Surulere","ward":"Airways"},"geometry":{"type":"Point","coordinates":[3.32829,6.48406]}},{"type":"Feature","properties":{"name":"State Junior Grammar Eric Moore","kind":"school","ownership":"Public","level":"Formal","kind_detail":"Secondary","lga":"Surulere","ward":"Iponri  /  Eric Moore"},"geometry":{"type":"Point","coordinates":[3.35165,6.48602]}},{"type":"Feature","properties":{"name":"Igbobi Junior High School","kind":"school","ownership":"Public","level":"Formal","kind_detail":"Secondary","lga":"Shomolu","ward":"Igbobi / Fadeyi"},"geometry":{"type":"Point","coordinates":[3.3727,6.52738]}},{"type":"Feature","properties":{"name":"Ajigbeda Girls Junior High School","kind":"school","ownership":"Public","level":"Formal","kind_detail":"Secondary","lga":"Surulere","ward":"Aralile"},"geometry":{"type":"Point","coordinates":[3.36567,6.5018]}},{"type":"Feature","properties":{"name":"Stadium Junior High School","kind":"school","ownership":"Public","level":"Formal","kind_detail":"Secondary","lga":"Surulere","ward":"Aralile"},"geometry":{"type":"Point","coordinates":[3.36459,6.50221]}},{"type":"Feature","properties":{"name":"Herbert Macaulay Junior High School","kind":"school","ownership":"Public","level":"Formal","kind_detail":"Secondary","lga":"Lagos Mainland","ward":"Okobaba"},"geometry":{"type":"Point","coordinates":[3.38815,6.49098]}},{"type":"Feature","properties":{"name":"Girls Junior Academy","kind":"school","ownership":"Public","level":"Formal","kind_detail":"Secondary","lga":"Lagos Island","ward":"Lafiaji"},"geometry":{"type":"Point","coordinates":[3.40288,6.45291]}},{"type":"Feature","properties":{"name":"Government Junior College","kind":"school","ownership":"Public","level":"Formal","kind_detail":"Secondary","lga":"Eti Osa","ward":"Victoria Island"},"geometry":{"type":"Point","coordinates":[3.41292,6.43338]}},{"type":"Feature","properties":{"name":"Lagos State Junior Model College Badore","kind":"school","ownership":"Public","level":"Formal","kind_detail":"Secondary","lga":"Eti Osa","ward":"Badore / Langbasa"},"geometry":{"type":"Point","coordinates":[3.60889,6.51014]}},{"type":"Feature","properties":{"name":"Eti Osa Community Junior Secondary School","kind":"school","ownership":"Public","level":"Formal","kind_detail":"Secondary","lga":"Eti Osa","ward":"Sangotedo"},"geometry":{"type":"Point","coordinates":[3.63624,6.47301]}},{"type":"Feature","properties":{"name":"Badore Community Junior Secoundary School","kind":"school","ownership":"Public","level":"Formal","kind_detail":"Secondary","lga":"Eti Osa","ward":"Badore / Langbasa"},"geometry":{"type":"Point","coordinates":[3.6137,6.51065]}},{"type":"Feature","properties":{"name":"Wesley Girls Junior Secondary School Yaba","kind":"school","ownership":"Public","level":"Formal","kind_detail":"Secondary","lga":"Lagos Mainland","ward":"Harvey"},"geometry":{"type":"Point","coordinates":[3.37502,6.50332]}},{"type":"Feature","properties":{"name":"Aje Comprehensive Junior High School","kind":"school","ownership":"Public","level":"Formal","kind_detail":"Secondary","lga":"Lagos Mainland","ward":"Harvey"},"geometry":{"type":"Point","coordinates":[3.377,6.50465]}},{"type":"Feature","properties":{"name":"Atunrase Junior High School","kind":"school","ownership":"Public","level":"Formal","kind_detail":"Secondary","lga":"Mushin","ward":"Idi-Araba"},"geometry":{"type":"Point","coordinates":[3.35793,6.5144]}},{"type":"Feature","properties":{"name":"Birchfreeman Junior High School Mushin","kind":"school","ownership":"Public","level":"Formal","kind_detail":"Secondary","lga":"Mushin","ward":"Idi-Araba"},"geometry":{"type":"Point","coordinates":[3.3603,6.51981]}},{"type":"Feature","properties":{"name":"St Joseph Junior Secondary School","kind":"school","ownership":"Public","level":"Formal","kind_detail":"Secondary","lga":"Mushin","ward":"Idi-Araba"},"geometry":{"type":"Point","coordinates":[3.35765,6.51538]}},{"type":"Feature","properties":{"name":"Ransomkuti Memorial Junior Grammar School","kind":"school","ownership":"Public","level":"Formal","kind_detail":"Secondary","lga":"Lagos Mainland","ward":"Harvey"},"geometry":{"type":"Point","coordinates":[3.36742,6.51664]}},{"type":"Feature","properties":{"name":"Mabchris College","kind":"school","ownership":"Private","level":"Formal","kind_detail":"Secondary","lga":"Surulere","ward":"Akinhanmi Cole"},"geometry":{"type":"Point","coordinates":[3.36082,6.51363]}},{"type":"Feature","properties":{"name":"Eva Adelaja Junior Girls Grammar School","kind":"school","ownership":"Public","level":"Formal","kind_detail":"Secondary","lga":"Shomolu","ward":"Apelehin"},"geometry":{"type":"Point","coordinates":[3.39164,6.54298]}},{"type":"Feature","properties":{"name":"Olomu Community Junior Secondary School Ajah","kind":"school","ownership":"Public","level":"Formal","kind_detail":"Secondary","lga":"Eti Osa","ward":"Ajah"},"geometry":{"type":"Point","coordinates":[3.56457,6.4695]}},{"type":"Feature","properties":{"name":"Zumratul Islamiyyah Junior High School","kind":"school","ownership":"Public","level":"Formal","kind_detail":"Secondary","lga":"Surulere","ward":"Mosafejo Ojuelegba"},"geometry":{"type":"Point","coordinates":[3.36931,6.51136]}},{"type":"Feature","properties":{"name":"Saint Francis Junior Grammar School","kind":"school","ownership":"Public","level":"Formal","kind_detail":"Secondary","lga":"Lagos Mainland","ward":"Aderupoko / Ijebu Qters"},"geometry":{"type":"Point","coordinates":[3.39311,6.50213]}},{"type":"Feature","properties":{"name":"Kadara Junior High School","kind":"school","ownership":"Public","level":"Formal","kind_detail":"Secondary","lga":"Lagos Mainland","ward":"Oyingbo"},"geometry":{"type":"Point","coordinates":[3.38736,6.48182]}},{"type":"Feature","properties":{"name":"Onike Girls Junior High School","kind":"school","ownership":"Public","level":"Formal","kind_detail":"Secondary","lga":"Lagos Mainland","ward":"Salami /  Baiyewunmi"},"geometry":{"type":"Point","coordinates":[3.38666,6.5091]}},{"type":"Feature","properties":{"name":"Ebute Elefun Junior Secondary School","kind":"school","ownership":"Public","level":"Formal","kind_detail":"Secondary","lga":"Lagos Island","ward":"Lafiaji"},"geometry":{"type":"Point","coordinates":[3.40339,6.45737]}},{"type":"Feature","properties":{"name":"Epetedo Junior Secondary School","kind":"school","ownership":"Public","level":"Formal","kind_detail":"Secondary","lga":"Lagos Island","ward":"Lafiaji"},"geometry":{"type":"Point","coordinates":[3.40373,6.45672]}},{"type":"Feature","properties":{"name":"Onitolo Community Junior High","kind":"school","ownership":"Public","level":"Formal","kind_detail":"Secondary","lga":"Surulere","ward":"Gbaja Obele-Odan"},"geometry":{"type":"Point","coordinates":[3.36064,6.50558]}},{"type":"Feature","properties":{"name":"Surulere Junior Secondary School","kind":"school","ownership":"Public","level":"Formal","kind_detail":"Secondary","lga":"Surulere","ward":"Iponri  /  Eric Moore"},"geometry":{"type":"Point","coordinates":[3.35946,6.48645]}},{"type":"Feature","properties":{"name":"Iponrin Estate Junior High School","kind":"school","ownership":"Public","level":"Formal","kind_detail":"Secondary","lga":"Surulere","ward":"Iponri  /  Eric Moore"},"geometry":{"type":"Point","coordinates":[3.36187,6.48787]}},{"type":"Feature","properties":{"name":"Oduduwa Junior High School","kind":"school","ownership":"Public","level":"Formal","kind_detail":"Secondary","lga":"Shomolu","ward":"Apelehin"},"geometry":{"type":"Point","coordinates":[3.38992,6.54658]}},{"type":"Feature","properties":{"name":"Gbagada Girls Junior Secondary School Bariga","kind":"school","ownership":"Public","level":"Formal","kind_detail":"Secondary","lga":"Shomolu","ward":"Apelehin"},"geometry":{"type":"Point","coordinates":[3.38958,6.54326]}},{"type":"Feature","properties":{"name":"Gbagada Comprehensive Junior School","kind":"school","ownership":"Public","level":"Formal","kind_detail":"Secondary","lga":"Shomolu","ward":"Apelehin"},"geometry":{"type":"Point","coordinates":[3.38407,6.54522]}},{"type":"Feature","properties":{"name":"St Luke Junior Secondary School II Now Bariga Junior Grammar School","kind":"school","ownership":"Public","level":"Formal","kind_detail":"Secondary","lga":"Shomolu","ward":"Owode  / Orile Bariga"},"geometry":{"type":"Point","coordinates":[3.38602,6.53138]}},{"type":"Feature","properties":{"name":"Morocco Comprehensive High School","kind":"school","ownership":"Public","level":"Formal","kind_detail":"Secondary","lga":"Shomolu","ward":"Igbobi / Fadeyi"},"geometry":{"type":"Point","coordinates":[3.37395,6.52761]}},{"type":"Feature","properties":{"name":"St Louis Junior Grammar School","kind":"school","ownership":"Public","level":"Formal","kind_detail":"Secondary","lga":"Shomolu","ward":"Owode  / Orile Bariga"},"geometry":{"type":"Point","coordinates":[3.38653,6.53088]}},{"type":"Feature","properties":{"name":"Falomo Junior High School","kind":"school","ownership":"Public","level":"Formal","kind_detail":"Secondary","lga":"Eti Osa","ward":"Ikoyi 2"},"geometry":{"type":"Point","coordinates":[3.42099,6.44362]}},{"type":"Feature","properties":{"name":"Wahab Folawiyo Junior High School","kind":"school","ownership":"Public","level":"Formal","kind_detail":"Secondary","lga":"Eti Osa","ward":"Ikoyi 1"},"geometry":{"type":"Point","coordinates":[3.42507,6.46233]}},{"type":"Feature","properties":{"name":"Gbara Community Junior Secondary School","kind":"school","ownership":"Public","level":"Formal","kind_detail":"Secondary","lga":"Eti Osa","ward":"Maroko / Okun Alfa"},"geometry":{"type":"Point","coordinates":[3.51024,6.43366]}},{"type":"Feature","properties":{"name":"Waslads Schools","kind":"school","ownership":"Private","level":"Formal","kind_detail":"Secondary","lga":"Lagos Island","ward":"Oke-Olowogbowo"},"geometry":{"type":"Point","coordinates":[3.38181,6.45927]}},{"type":"Feature","properties":{"name":"Randel Junior Secondary School Apapa","kind":"school","ownership":"Public","level":"Formal","kind_detail":"Secondary","lga":"Apapa","ward":"Abraham Adesanya"},"geometry":{"type":"Point","coordinates":[3.36827,6.44483]}},{"type":"Feature","properties":{"name":"Apapa Junior High School","kind":"school","ownership":"Public","level":"Formal","kind_detail":"Secondary","lga":"Apapa","ward":"Abraham Adesanya"},"geometry":{"type":"Point","coordinates":[3.36832,6.44442]}},{"type":"Feature","properties":{"name":"United Christian Junior Secondary School","kind":"school","ownership":"Public","level":"Formal","kind_detail":"Secondary","lga":"Apapa","ward":"Abraham Adesanya"},"geometry":{"type":"Point","coordinates":[3.36297,6.44254]}},{"type":"Feature","properties":{"name":"Denton Junior Secondary School","kind":"school","ownership":"Public","level":"Formal","kind_detail":"Secondary","lga":"Lagos Mainland","ward":"Oyingbo"},"geometry":{"type":"Point","coordinates":[3.3851,6.47647]}},{"type":"Feature","properties":{"name":"Keystone College","kind":"school","ownership":"Private","level":"Formal","kind_detail":"Secondary","lga":"Lagos Island","ward":"Lafiaji"},"geometry":{"type":"Point","coordinates":[3.40499,6.45017]}},{"type":"Feature","properties":{"name":"Dolphin Junior Secondary School","kind":"school","ownership":"Public","level":"Formal","kind_detail":"Secondary","lga":"Lagos Island","ward":"Lafiaji"},"geometry":{"type":"Point","coordinates":[3.40307,6.45556]}},{"type":"Feature","properties":{"name":"Okesuna Junior Secondary School","kind":"school","ownership":"Public","level":"Formal","kind_detail":"Secondary","lga":"Lagos Island","ward":"Lafiaji"},"geometry":{"type":"Point","coordinates":[3.40534,6.45328]}},{"type":"Feature","properties":{"name":"Lafiaji Junior Secondary School","kind":"school","ownership":"Public","level":"Formal","kind_detail":"Secondary","lga":"Lagos Island","ward":"Lafiaji"},"geometry":{"type":"Point","coordinates":[3.40456,6.45372]}},{"type":"Feature","properties":{"name":"King Ado Junior High School Lagos","kind":"school","ownership":"Public","level":"Formal","kind_detail":"Secondary","lga":"Lagos Island","ward":"Ilupesi / Ebute Awo"},"geometry":{"type":"Point","coordinates":[3.39095,6.46043]}},{"type":"Feature","properties":{"name":"Olowogbowo Methodist Junior Secondary School","kind":"school","ownership":"Public","level":"Formal","kind_detail":"Secondary","lga":"Lagos Island","ward":"Oke-Olowogbowo"},"geometry":{"type":"Point","coordinates":[3.38182,6.45792]}},{"type":"Feature","properties":{"name":"Eko Akete Junior Secondary School","kind":"school","ownership":"Public","level":"Formal","kind_detail":"Secondary","lga":"Lagos Island","ward":"Ajele"},"geometry":{"type":"Point","coordinates":[3.39433,6.45149]}},{"type":"Feature","properties":{"name":"Isale Eko Junior Grammar School Lagos","kind":"school","ownership":"Public","level":"Formal","kind_detail":"Secondary","lga":"Lagos Island","ward":"Ilupesi / Ebute Awo"},"geometry":{"type":"Point","coordinates":[3.39132,6.46106]}},{"type":"Feature","properties":{"name":"Baptist Junior Secondary School","kind":"school","ownership":"Public","level":"Formal","kind_detail":"Secondary","lga":"Shomolu","ward":"Pedro / Gbagada"},"geometry":{"type":"Point","coordinates":[3.36969,6.54553]}},{"type":"Feature","properties":{"name":"Iganmu Junior High School","kind":"school","ownership":"Public","level":"Formal","kind_detail":"Secondary","lga":"Apapa","ward":"Alafia"},"geometry":{"type":"Point","coordinates":[3.34102,6.47553]}},{"type":"Feature","properties":{"name":"Ijero Girls Junior High School","kind":"school","ownership":"Public","level":"Formal","kind_detail":"Secondary","lga":"Lagos Mainland","ward":"Aloba / Desalu"},"geometry":{"type":"Point","coordinates":[3.37179,6.48599]}},{"type":"Feature","properties":{"name":"Eric Moore Junior High School","kind":"school","ownership":"Public","level":"Formal","kind_detail":"Secondary","lga":"Surulere","ward":"Iponri  /  Eric Moore"},"geometry":{"type":"Point","coordinates":[3.35369,6.48748]}},{"type":"Feature","properties":{"name":"Princeton College","kind":"school","ownership":"Private","level":"Formal","kind_detail":"Secondary","lga":"Surulere","ward":"Jinadu Aiyetoro"},"geometry":{"type":"Point","coordinates":[3.34765,6.49326]}},{"type":"Feature","properties":{"name":"Lagos Progressive Junior Secondary School","kind":"school","ownership":"Public","level":"Formal","kind_detail":"Secondary","lga":"Surulere","ward":"Adeniran Ogunsanya"},"geometry":{"type":"Point","coordinates":[3.35653,6.49567]}},{"type":"Feature","properties":{"name":"Cleggs Girls Junior High School","kind":"school","ownership":"Public","level":"Formal","kind_detail":"Secondary","lga":"Surulere","ward":"Adeniran Ogunsanya"},"geometry":{"type":"Point","coordinates":[3.35961,6.49152]}},{"type":"Feature","properties":{"name":"Aguda Junior Grammar School","kind":"school","ownership":"Public","level":"Formal","kind_detail":"Secondary","lga":"Surulere","ward":"Jinadu Aiyetoro"},"geometry":{"type":"Point","coordinates":[3.34066,6.4916]}},{"type":"Feature","properties":{"name":"Community Junior Grammar School","kind":"school","ownership":"Public","level":"Formal","kind_detail":"Secondary","lga":"Surulere","ward":"Adeniran Ogunsanya"},"geometry":{"type":"Point","coordinates":[3.34976,6.49336]}},{"type":"Feature","properties":{"name":"Surulere Junior High School","kind":"school","ownership":"Public","level":"Formal","kind_detail":"Secondary","lga":"Surulere","ward":"Babatunde Ayilara"},"geometry":{"type":"Point","coordinates":[3.3546,6.50868]}},{"type":"Feature","properties":{"name":"Gbaja Girls Junior High School","kind":"school","ownership":"Public","level":"Formal","kind_detail":"Secondary","lga":"Surulere","ward":"Gbaja Obele-Odan"},"geometry":{"type":"Point","coordinates":[3.36008,6.50441]}},{"type":"Feature","properties":{"name":"Goverment Junior College Surulere","kind":"school","ownership":"Public","level":"Formal","kind_detail":"Secondary","lga":"Surulere","ward":"Iponri  /  Eric Moore"},"geometry":{"type":"Point","coordinates":[3.35445,6.48649]}},{"type":"Feature","properties":{"name":"New Era Girls Junior Secondary School","kind":"school","ownership":"Public","level":"Formal","kind_detail":"Secondary","lga":"Surulere","ward":"Gbaja Obele-Odan"},"geometry":{"type":"Point","coordinates":[3.36131,6.50118]}},{"type":"Feature","properties":{"name":"Akintan Junior Grammar School","kind":"school","ownership":"Public","level":"Formal","kind_detail":"Secondary","lga":"Surulere","ward":"Gbaja Obele-Odan"},"geometry":{"type":"Point","coordinates":[3.36174,6.50692]}},{"type":"Feature","properties":{"name":"Community Junior High School","kind":"school","ownership":"Public","level":"Formal","kind_detail":"Secondary","lga":"Surulere","ward":"Adeniran Ogunsanya"},"geometry":{"type":"Point","coordinates":[3.35507,6.49636]}},{"type":"Feature","properties":{"name":"Gbaja Boys Junior High School","kind":"school","ownership":"Public","level":"Formal","kind_detail":"Secondary","lga":"Surulere","ward":"Adeniran Ogunsanya"},"geometry":{"type":"Point","coordinates":[3.35951,6.49211]}},{"type":"Feature","properties":{"name":"Febilak International School","kind":"school","ownership":"Private","level":"Formal","kind_detail":"Secondary","lga":"Surulere","ward":"Irone"},"geometry":{"type":"Point","coordinates":[3.33697,6.49305]}},{"type":"Feature","properties":{"name":"Ilasan Junior Secondary School","kind":"school","ownership":"Public","level":"Formal","kind_detail":"Secondary","lga":"Eti Osa","ward":"Ilasan / Orile"},"geometry":{"type":"Point","coordinates":[3.50618,6.43135]}},{"type":"Feature","properties":{"name":"Ilupeju Junior Grammar School","kind":"school","ownership":"Public","level":"Formal","kind_detail":"Secondary","lga":"Mushin","ward":"Ilupeju Industrial"},"geometry":{"type":"Point","coordinates":[3.35304,6.55557]}},{"type":"Feature","properties":{"name":"Ilupeju Junior Secondary School","kind":"school","ownership":"Public","level":"Formal","kind_detail":"Secondary","lga":"Mushin","ward":"Ilupeju Industrial"},"geometry":{"type":"Point","coordinates":[3.35899,6.55497]}},{"type":"Feature","properties":{"name":"Eko Boys Junior High School Mushin","kind":"school","ownership":"Public","level":"Formal","kind_detail":"Secondary","lga":"Mushin","ward":"Babalosa 2"},"geometry":{"type":"Point","coordinates":[3.3584,6.52204]}},{"type":"Feature","properties":{"name":"Ansar Ud Deen Girls High School","kind":"school","ownership":"Public","level":"Formal","kind_detail":"Secondary","lga":"Mushin","ward":"Odo Eran / Ogunlana"},"geometry":{"type":"Point","coordinates":[3.32724,6.50776]}},{"type":"Feature","properties":{"name":"Itire Community Junior Secondary School","kind":"school","ownership":"Public","level":"Formal","kind_detail":"Secondary","lga":"Mushin","ward":"Igbehin"},"geometry":{"type":"Point","coordinates":[3.33686,6.51993]}},{"type":"Feature","properties":{"name":"Community Junior Secondary School","kind":"school","ownership":"Public","level":"Formal","kind_detail":"Secondary","lga":"Mushin","ward":"Alafia / Adeoyo"},"geometry":{"type":"Point","coordinates":[3.33803,6.52624]}},{"type":"Feature","properties":{"name":"Euba Junior Secondary School","kind":"school","ownership":"Public","level":"Formal","kind_detail":"Secondary","lga":"Mushin","ward":"Alafia / Adeoyo"},"geometry":{"type":"Point","coordinates":[3.3378,6.52841]}},{"type":"Feature","properties":{"name":"Igbo Owu Junior Secondary School","kind":"school","ownership":"Public","level":"Formal","kind_detail":"Secondary","lga":"Mushin","ward":"Alafia / Adeoyo"},"geometry":{"type":"Point","coordinates":[3.33869,6.52688]}},{"type":"Feature","properties":{"name":"Ajumoni Junior Secondary School","kind":"school","ownership":"Public","level":"Formal","kind_detail":"Secondary","lga":"Mushin","ward":"Alafia / Adeoyo"},"geometry":{"type":"Point","coordinates":[3.33755,6.53098]}},{"type":"Feature","properties":{"name":"Idi Araba Junior High School","kind":"school","ownership":"Public","level":"Formal","kind_detail":"Secondary","lga":"Mushin","ward":"Idi-Araba"},"geometry":{"type":"Point","coordinates":[3.34947,6.51654]}},{"type":"Feature","properties":{"name":"Mushin Community Junior High School","kind":"school","ownership":"Public","level":"Formal","kind_detail":"Secondary","lga":"Mushin","ward":"Idi-Araba"},"geometry":{"type":"Point","coordinates":[3.34941,6.51724]}},{"type":"Feature","properties":{"name":"Tomaro Government Secondary School","kind":"school","ownership":"Public","level":"Formal","kind_detail":"Secondary","lga":"Apapa","ward":"Abraham Adesanya"},"geometry":{"type":"Point","coordinates":[3.36282,6.4173]}},{"type":"Feature","properties":{"name":"Coker Junior Secondary School","kind":"school","ownership":"Public","level":"Formal","kind_detail":"Secondary","lga":"Surulere","ward":"Coker"},"geometry":{"type":"Point","coordinates":[3.32848,6.47136]}},{"type":"Feature","properties":{"name":"Boys Junior Academy","kind":"school","ownership":"Public","level":"Formal","kind_detail":"Secondary","lga":"Lagos Island","ward":"Epetedo East"},"geometry":{"type":"Point","coordinates":[3.40213,6.45315]}},{"type":"Feature","properties":{"name":"Ansar Ud Deen Junior High School","kind":"school","ownership":"Public","level":"Formal","kind_detail":"Secondary","lga":"Surulere","ward":"Babatunde Ayilara"},"geometry":{"type":"Point","coordinates":[3.35484,6.50817]}},{"type":"Feature","properties":{"name":"Ideal Girls Junior High","kind":"school","ownership":"Public","level":"Formal","kind_detail":"Secondary","lga":"Surulere","ward":"Babatunde Ayilara"},"geometry":{"type":"Point","coordinates":[3.35746,6.51073]}},{"type":"Feature","properties":{"name":"Eletu Odibo Senior High School","kind":"school","ownership":"Public","level":"Formal","kind_detail":"Secondary","lga":"Lagos Mainland","ward":"Abule Oja"},"geometry":{"type":"Point","coordinates":[3.38132,6.52]}},{"type":"Feature","properties":{"name":"Ajigbeda Girls Senior High School","kind":"school","ownership":"Public","level":"Formal","kind_detail":"Secondary","lga":"Surulere","ward":"Aralile"},"geometry":{"type":"Point","coordinates":[3.3659,6.50157]}},{"type":"Feature","properties":{"name":"Stadium Senior High School","kind":"school","ownership":"Public","level":"Formal","kind_detail":"Secondary","lga":"Surulere","ward":"Aralile"},"geometry":{"type":"Point","coordinates":[3.36485,6.50243]}},{"type":"Feature","properties":{"name":"King Ado Senior High School","kind":"school","ownership":"Public","level":"Formal","kind_detail":"Secondary","lga":"Lagos Island","ward":"Ilupesi / Ebute Awo"},"geometry":{"type":"Point","coordinates":[3.3909,6.46011]}},{"type":"Feature","properties":{"name":"Somolu Senior High School","kind":"school","ownership":"Public","level":"Formal","kind_detail":"Secondary","lga":"Shomolu","ward":"Igbobi / Fadeyi"},"geometry":{"type":"Point","coordinates":[3.37303,6.52931]}},{"type":"Feature","properties":{"name":"The White Dove High School","kind":"school","ownership":"Public","level":"Formal","kind_detail":"Secondary","lga":"Eti Osa","ward":"Ikate / Lekki"},"geometry":{"type":"Point","coordinates":[3.48096,6.44792]}},{"type":"Feature","properties":{"name":"Seylek School","kind":"school","ownership":"Private","level":"Formal","kind_detail":"Secondary","lga":"Lagos Mainland","ward":"Okobaba"},"geometry":{"type":"Point","coordinates":[3.38843,6.4857]}},{"type":"Feature","properties":{"name":"Genesis High School Oke Ira Nla Ajah","kind":"school","ownership":"Private","level":"Formal","kind_detail":"Secondary","lga":"Eti Osa","ward":"Addo / Okeira"},"geometry":{"type":"Point","coordinates":[3.5797,6.48783]}},{"type":"Feature","properties":{"name":"Lagos State Senior Model College Badore","kind":"school","ownership":"Public","level":"Formal","kind_detail":"Secondary","lga":"Eti Osa","ward":"Badore / Langbasa"},"geometry":{"type":"Point","coordinates":[3.60811,6.50882]}},{"type":"Feature","properties":{"name":"Aiyetoro Senior Grammar School","kind":"school","ownership":"Public","level":"Formal","kind_detail":"Secondary","lga":"Lagos Mainland","ward":"Okobaba"},"geometry":{"type":"Point","coordinates":[3.38812,6.49071]}},{"type":"Feature","properties":{"name":"Emma Elshaddai Secondary School","kind":"school","ownership":"Private","level":"Formal","kind_detail":"Secondary","lga":"Lagos Mainland","ward":"Makoko"},"geometry":{"type":"Point","coordinates":[3.38826,6.49738]}},{"type":"Feature","properties":{"name":"Herbert Macaulay Girls Senior High Secondary","kind":"school","ownership":"Public","level":"Formal","kind_detail":"Secondary","lga":"Lagos Mainland","ward":"Onike / Oyadiran"},"geometry":{"type":"Point","coordinates":[3.37955,6.50819]}},{"type":"Feature","properties":{"name":"Birrel Avenue Senior High School","kind":"school","ownership":"Public","level":"Formal","kind_detail":"Secondary","lga":"Lagos Mainland","ward":"Onike / Oyadiran"},"geometry":{"type":"Point","coordinates":[3.37923,6.50793]}},{"type":"Feature","properties":{"name":"Girls Senior Academy","kind":"school","ownership":"Public","level":"Formal","kind_detail":"Secondary","lga":"Lagos Island","ward":"Lafiaji"},"geometry":{"type":"Point","coordinates":[3.40324,6.45267]}},{"type":"Feature","properties":{"name":"Wesely Girls Senior Secondary School Yaba","kind":"school","ownership":"Public","level":"Formal","kind_detail":"Secondary","lga":"Lagos Mainland","ward":"Harvey"},"geometry":{"type":"Point","coordinates":[3.37492,6.50296]}},{"type":"Feature","properties":{"name":"Sari Iganmu Senior Secondary School","kind":"school","ownership":"Public","level":"Formal","kind_detail":"Secondary","lga":"Surulere","ward":"Coker"},"geometry":{"type":"Point","coordinates":[3.33199,6.47297]}},{"type":"Feature","properties":{"name":"Surulere Girls Senior Secondary School","kind":"school","ownership":"Public","level":"Formal","kind_detail":"Secondary","lga":"Lagos Mainland","ward":"Harvey"},"geometry":{"type":"Point","coordinates":[3.36686,6.51651]}},{"type":"Feature","properties":{"name":"Ransome Kuti Memorial Senior Grammar School","kind":"school","ownership":"Public","level":"Formal","kind_detail":"Secondary","lga":"Lagos Mainland","ward":"Harvey"},"geometry":{"type":"Point","coordinates":[3.36774,6.51664]}},{"type":"Feature","properties":{"name":"Bitch Freeman Senior High School Surulere","kind":"school","ownership":"Public","level":"Formal","kind_detail":"Secondary","lga":"Mushin","ward":"Idi-Araba"},"geometry":{"type":"Point","coordinates":[3.35988,6.52017]}},{"type":"Feature","properties":{"name":"Atunrase Senior High School","kind":"school","ownership":"Public","level":"Formal","kind_detail":"Secondary","lga":"Mushin","ward":"Idi-Araba"},"geometry":{"type":"Point","coordinates":[3.35825,6.51475]}},{"type":"Feature","properties":{"name":"St Joseph Senior Secondary School","kind":"school","ownership":"Public","level":"Formal","kind_detail":"Secondary","lga":"Mushin","ward":"Idi-Araba"},"geometry":{"type":"Point","coordinates":[3.35725,6.515]}},{"type":"Feature","properties":{"name":"Itire Community Senior Secondary School","kind":"school","ownership":"Public","level":"Formal","kind_detail":"Secondary","lga":"Mushin","ward":"Onitire"},"geometry":{"type":"Point","coordinates":[3.3345,6.51332]}},{"type":"Feature","properties":{"name":"Eva Adelaja Girls Senior Secondary Grammar School","kind":"school","ownership":"Public","level":"Formal","kind_detail":"Secondary","lga":"Shomolu","ward":"Apelehin"},"geometry":{"type":"Point","coordinates":[3.39258,6.54294]}},{"type":"Feature","properties":{"name":"Gbagada Senior Grammar School Gbagada","kind":"school","ownership":"Public","level":"Formal","kind_detail":"Secondary","lga":"Shomolu","ward":"Apelehin"},"geometry":{"type":"Point","coordinates":[3.38962,6.54713]}},{"type":"Feature","properties":{"name":"Nawair Ud Deen Senior High Sechool","kind":"school","ownership":"Public","level":"Formal","kind_detail":"Secondary","lga":"Lagos Mainland","ward":"Harvey"},"geometry":{"type":"Point","coordinates":[3.36878,6.52347]}},{"type":"Feature","properties":{"name":"Mainland Senior High School","kind":"school","ownership":"Public","level":"Formal","kind_detail":"Secondary","lga":"Lagos Mainland","ward":"Harvey"},"geometry":{"type":"Point","coordinates":[3.36867,6.52313]}},{"type":"Feature","properties":{"name":"Jagunmolu Girls Senior Grammar School","kind":"school","ownership":"Public","level":"Formal","kind_detail":"Secondary","lga":"Shomolu","ward":"Owode  / Orile Bariga"},"geometry":{"type":"Point","coordinates":[3.38727,6.53034]}},{"type":"Feature","properties":{"name":"Angus Memorial Senior High School","kind":"school","ownership":"Public","level":"Formal","kind_detail":"Secondary","lga":"Shomolu","ward":"Igbobi / Fadeyi"},"geometry":{"type":"Point","coordinates":[3.37297,6.52846]}},{"type":"Feature","properties":{"name":"Ajayi Memorial Senior Grammar School","kind":"school","ownership":"Public","level":"Formal","kind_detail":"Secondary","lga":"Shomolu","ward":"Owode  / Orile Bariga"},"geometry":{"type":"Point","coordinates":[3.38769,6.53131]}},{"type":"Feature","properties":{"name":"C M S Girl Grammar School Bariga","kind":"school","ownership":"Public","level":"Formal","kind_detail":"Secondary","lga":"Shomolu","ward":"Owode  / Orile Bariga"},"geometry":{"type":"Point","coordinates":[3.38708,6.53106]}},{"type":"Feature","properties":{"name":"Arch Bishop Adelaja Senior Secondary School","kind":"school","ownership":"Public","level":"Formal","kind_detail":"Secondary","lga":"Shomolu","ward":"Owode  / Orile Bariga"},"geometry":{"type":"Point","coordinates":[3.38783,6.53186]}},{"type":"Feature","properties":{"name":"C M S Grammar School","kind":"school","ownership":"Private","level":"Formal","kind_detail":"Secondary","lga":"Shomolu","ward":"Owode  / Orile Bariga"},"geometry":{"type":"Point","coordinates":[3.38827,6.53306]}},{"type":"Feature","properties":{"name":"Olumu Community Senior Secondary School Ajah","kind":"school","ownership":"Public","level":"Formal","kind_detail":"Secondary","lga":"Eti Osa","ward":"Ajah"},"geometry":{"type":"Point","coordinates":[3.56418,6.46902]}},{"type":"Feature","properties":{"name":"Boys Senior Academy","kind":"school","ownership":"Public","level":"Formal","kind_detail":"Secondary","lga":"Lagos Island","ward":"Epetedo East"},"geometry":{"type":"Point","coordinates":[3.40232,6.45341]}},{"type":"Feature","properties":{"name":"Zumratul Islamiyya Senior High School Ifedapo Lagos","kind":"school","ownership":"Public","level":"Formal","kind_detail":"Secondary","lga":"Surulere","ward":"Mosafejo Ojuelegba"},"geometry":{"type":"Point","coordinates":[3.36954,6.51156]}},{"type":"Feature","properties":{"name":"Apapa Senior High School","kind":"school","ownership":"Public","level":"Formal","kind_detail":"Secondary","lga":"Apapa","ward":"Abraham Adesanya"},"geometry":{"type":"Point","coordinates":[3.3688,6.44505]}},{"type":"Feature","properties":{"name":"United Christian Senior Secondary School","kind":"school","ownership":"Public","level":"Formal","kind_detail":"Secondary","lga":"Apapa","ward":"Abraham Adesanya"},"geometry":{"type":"Point","coordinates":[3.36423,6.44313]}},{"type":"Feature","properties":{"name":"Randle Senior Secondary School Apapa","kind":"school","ownership":"Public","level":"Formal","kind_detail":"Secondary","lga":"Apapa","ward":"Abraham Adesanya"},"geometry":{"type":"Point","coordinates":[3.36801,6.44492]}},{"type":"Feature","properties":{"name":"Dolphin Senior Secondary School","kind":"school","ownership":"Public","level":"Formal","kind_detail":"Secondary","lga":"Lagos Island","ward":"Lafiaji"},"geometry":{"type":"Point","coordinates":[3.40308,6.45522]}},{"type":"Feature","properties":{"name":"Lafiaji Senior Secondary School","kind":"school","ownership":"Public","level":"Formal","kind_detail":"Secondary","lga":"Lagos Island","ward":"Lafiaji"},"geometry":{"type":"Point","coordinates":[3.40458,6.45341]}},{"type":"Feature","properties":{"name":"Ebute Elefun Senior Secondary School","kind":"school","ownership":"Public","level":"Formal","kind_detail":"Secondary","lga":"Lagos Island","ward":"Lafiaji"},"geometry":{"type":"Point","coordinates":[3.4032,6.457]}},{"type":"Feature","properties":{"name":"Eko Akete Senior Grammar School","kind":"school","ownership":"Public","level":"Formal","kind_detail":"Secondary","lga":"Lagos Island","ward":"Ajele"},"geometry":{"type":"Point","coordinates":[3.39417,6.45177]}},{"type":"Feature","properties":{"name":"Okesuna Senior High School","kind":"school","ownership":"Public","level":"Formal","kind_detail":"Secondary","lga":"Lagos Island","ward":"Lafiaji"},"geometry":{"type":"Point","coordinates":[3.40487,6.45347]}},{"type":"Feature","properties":{"name":"Isale Eko Senior Grammar School Lagos","kind":"school","ownership":"Public","level":"Formal","kind_detail":"Secondary","lga":"Lagos Island","ward":"Ilupesi / Ebute Awo"},"geometry":{"type":"Point","coordinates":[3.39141,6.46081]}},{"type":"Feature","properties":{"name":"Epetedo Senior High School","kind":"school","ownership":"Public","level":"Formal","kind_detail":"Secondary","lga":"Lagos Island","ward":"Lafiaji"},"geometry":{"type":"Point","coordinates":[3.40357,6.45642]}},{"type":"Feature","properties":{"name":"Araromi Senior Secondary School","kind":"school","ownership":"Public","level":"Formal","kind_detail":"Secondary","lga":"Apapa","ward":"Alafia"},"geometry":{"type":"Point","coordinates":[3.34048,6.475]}},{"type":"Feature","properties":{"name":"Gbaja Girls Senior High School","kind":"school","ownership":"Public","level":"Formal","kind_detail":"Secondary","lga":"Surulere","ward":"Gbaja Obele-Odan"},"geometry":{"type":"Point","coordinates":[3.36009,6.50402]}},{"type":"Feature","properties":{"name":"Surulere Senior Secondary School","kind":"school","ownership":"Public","level":"Formal","kind_detail":"Secondary","lga":"Surulere","ward":"Iponri  /  Eric Moore"},"geometry":{"type":"Point","coordinates":[3.35957,6.48698]}},{"type":"Feature","properties":{"name":"State Senior Grammar School","kind":"school","ownership":"Public","level":"Formal","kind_detail":"Secondary","lga":"Surulere","ward":"Iponri  /  Eric Moore"},"geometry":{"type":"Point","coordinates":[3.35185,6.48598]}},{"type":"Feature","properties":{"name":"Ansar Ud Deen Senior High School","kind":"school","ownership":"Public","level":"Formal","kind_detail":"Secondary","lga":"Surulere","ward":"Babatunde Ayilara"},"geometry":{"type":"Point","coordinates":[3.35466,6.50796]}},{"type":"Feature","properties":{"name":"Government Senior College Eric More","kind":"school","ownership":"Public","level":"Formal","kind_detail":"Secondary","lga":"Surulere","ward":"Iponri  /  Eric Moore"},"geometry":{"type":"Point","coordinates":[3.35445,6.48705]}},{"type":"Feature","properties":{"name":"Iponri Estate Senior High School Surulere Lagos","kind":"school","ownership":"Public","level":"Formal","kind_detail":"Secondary","lga":"Surulere","ward":"Iponri  /  Eric Moore"},"geometry":{"type":"Point","coordinates":[3.36184,6.48752]}},{"type":"Feature","properties":{"name":"Ilupeju Senior Grammar School","kind":"school","ownership":"Public","level":"Formal","kind_detail":"Secondary","lga":"Mushin","ward":"Ilupeju Industrial"},"geometry":{"type":"Point","coordinates":[3.35407,6.55588]}},{"type":"Feature","properties":{"name":"Ilupeju Senior Secondary School","kind":"school","ownership":"Public","level":"Formal","kind_detail":"Secondary","lga":"Mushin","ward":"Ilupeju Industrial"},"geometry":{"type":"Point","coordinates":[3.35921,6.55421]}},{"type":"Feature","properties":{"name":"Eko Boys Senior High School Mushin","kind":"school","ownership":"Public","level":"Formal","kind_detail":"Secondary","lga":"Mushin","ward":"Babalosa 2"},"geometry":{"type":"Point","coordinates":[3.35852,6.52286]}},{"type":"Feature","properties":{"name":"Igbo Owu Senior Secondary School","kind":"school","ownership":"Public","level":"Formal","kind_detail":"Secondary","lga":"Mushin","ward":"Alafia / Adeoyo"},"geometry":{"type":"Point","coordinates":[3.33867,6.52639]}},{"type":"Feature","properties":{"name":"Euba Senior Secondary School","kind":"school","ownership":"Public","level":"Formal","kind_detail":"Secondary","lga":"Mushin","ward":"Alafia / Adeoyo"},"geometry":{"type":"Point","coordinates":[3.33785,6.52792]}},{"type":"Feature","properties":{"name":"Community Senior Secondary School Workyard","kind":"school","ownership":"Public","level":"Formal","kind_detail":"Secondary","lga":"Mushin","ward":"Alafia / Adeoyo"},"geometry":{"type":"Point","coordinates":[3.33814,6.52584]}},{"type":"Feature","properties":{"name":"Ajumoni Senior Secondary School","kind":"school","ownership":"Public","level":"Formal","kind_detail":"Secondary","lga":"Mushin","ward":"Alafia / Adeoyo"},"geometry":{"type":"Point","coordinates":[3.33711,6.53137]}},{"type":"Feature","properties":{"name":"Trinity University","kind":"school","ownership":"Private","level":"Formal","kind_detail":"Tertiary","lga":"Lagos Mainland","ward":"Onike / Oyadiran"},"geometry":{"type":"Point","coordinates":[3.3838,6.50598]}},{"type":"Feature","properties":{"name":"Lagos Business School Pan Atlantic University","kind":"school","ownership":"Private","level":"Formal","kind_detail":"Tertiary","lga":"Eti Osa","ward":"Sangotedo"},"geometry":{"type":"Point","coordinates":[3.60272,6.47419]}},{"type":"Feature","properties":{"name":"National Open University","kind":"school","ownership":"Public","level":"Formal","kind_detail":"Tertiary","lga":"Eti Osa","ward":"Victoria Island"},"geometry":{"type":"Point","coordinates":[3.40899,6.434]}},{"type":"Feature","properties":{"name":"Bellazza Bambini School","kind":"school","ownership":"Private","level":"Formal","kind_detail":"Pre Primary","lga":"Eti Osa","ward":"Ikate / Lekki"},"geometry":{"type":"Point","coordinates":[3.46497,6.44405]}},{"type":"Feature","properties":{"name":"Naowa Creche And Nursery School","kind":"school","ownership":"Public","level":"Formal","kind_detail":"Pre Primary","lga":"Lagos Mainland","ward":"Onike / Oyadiran"},"geometry":{"type":"Point","coordinates":[3.38224,6.5094]}},{"type":"Feature","properties":{"name":"Salemu School Lekki","kind":"school","ownership":"Private","level":"Formal","kind_detail":"Pre Primary","lga":"Eti Osa","ward":"Ikate / Lekki"},"geometry":{"type":"Point","coordinates":[3.49593,6.43606]}},{"type":"Feature","properties":{"name":"House Of Precious School","kind":"school","ownership":"Faith Based","level":"Formal","kind_detail":"Pre Primary","lga":"Lagos Mainland","ward":"Abule Oja"},"geometry":{"type":"Point","coordinates":[3.38173,6.51938]}},{"type":"Feature","properties":{"name":"Top Legend School","kind":"school","ownership":"Private","level":"Formal","kind_detail":"Pre Primary","lga":"Lagos Mainland","ward":"Abule Oja"},"geometry":{"type":"Point","coordinates":[3.38085,6.51957]}},{"type":"Feature","properties":{"name":"Parkwood School","kind":"school","ownership":"Private","level":"Formal","kind_detail":"Pre Primary","lga":"Eti Osa","ward":"Addo / Okeira"},"geometry":{"type":"Point","coordinates":[3.58181,6.4918]}},{"type":"Feature","properties":{"name":"Christograce Victory School Ado Langbasa","kind":"school","ownership":"Private","level":"Formal","kind_detail":"Pre Primary","lga":"Eti Osa","ward":"Badore / Langbasa"},"geometry":{"type":"Point","coordinates":[3.58462,6.49939]}},{"type":"Feature","properties":{"name":"Lords Gate School Ado Langbasa","kind":"school","ownership":"Private","level":"Formal","kind_detail":"Pre Primary","lga":"Eti Osa","ward":"Badore / Langbasa"},"geometry":{"type":"Point","coordinates":[3.58488,6.49883]}},{"type":"Feature","properties":{"name":"Toval School","kind":"school","ownership":"Private","level":"Formal","kind_detail":"Pre Primary","lga":"Eti Osa","ward":"Sangotedo"},"geometry":{"type":"Point","coordinates":[3.65387,6.47119]}},{"type":"Feature","properties":{"name":"Elinee School Sangotedo","kind":"school","ownership":"Private","level":"Formal","kind_detail":"Pre Primary","lga":"Eti Osa","ward":"Sangotedo"},"geometry":{"type":"Point","coordinates":[3.62965,6.47187]}},{"type":"Feature","properties":{"name":"Early Childhood Preparatory","kind":"school","ownership":"Private","level":"Formal","kind_detail":"Pre Primary","lga":"Lagos Mainland","ward":"Alagomeji"},"geometry":{"type":"Point","coordinates":[3.38041,6.49871]}},{"type":"Feature","properties":{"name":"Regal Star School","kind":"school","ownership":"Private","level":"Formal","kind_detail":"Pre Primary","lga":"Eti Osa","ward":"Badore / Langbasa"},"geometry":{"type":"Point","coordinates":[3.59695,6.50054]}},{"type":"Feature","properties":{"name":"Manita School","kind":"school","ownership":"Private","level":"Formal","kind_detail":"Pre Primary","lga":"Eti Osa","ward":"Badore / Langbasa"},"geometry":{"type":"Point","coordinates":[3.59487,6.50108]}},{"type":"Feature","properties":{"name":"Marvelous School","kind":"school","ownership":"Private","level":"Formal","kind_detail":"Pre Primary","lga":"Eti Osa","ward":"Badore / Langbasa"},"geometry":{"type":"Point","coordinates":[3.59628,6.5023]}},{"type":"Feature","properties":{"name":"Brook Hall School","kind":"school","ownership":"Private","level":"Formal","kind_detail":"Pre Primary","lga":"Eti Osa","ward":"Badore / Langbasa"},"geometry":{"type":"Point","coordinates":[3.59559,6.50144]}},{"type":"Feature","properties":{"name":"Verofel School","kind":"school","ownership":"Private","level":"Formal","kind_detail":"Pre Primary","lga":"Eti Osa","ward":"Okun Ajah / Okunmopo"},"geometry":{"type":"Point","coordinates":[3.61223,6.45608]}},{"type":"Feature","properties":{"name":"Belle Meade Nursery School","kind":"school","ownership":"Private","level":"Formal","kind_detail":"Pre Primary","lga":"Eti Osa","ward":"Ajiran / Osapa"},"geometry":{"type":"Point","coordinates":[3.52328,6.45154]}},{"type":"Feature","properties":{"name":"Pampers School","kind":"school","ownership":"Private","level":"Formal","kind_detail":"Pre Primary","lga":"Eti Osa","ward":"Ikate / Lekki"},"geometry":{"type":"Point","coordinates":[3.4574,6.435]}},{"type":"Feature","properties":{"name":"El Shaddai Grace School","kind":"school","ownership":"Private","level":"Formal","kind_detail":"Pre Primary","lga":"Lagos Mainland","ward":"Makoko"},"geometry":{"type":"Point","coordinates":[3.38788,6.49714]}},{"type":"Feature","properties":{"name":"Golden Bunch School","kind":"school","ownership":"Private","level":"Formal","kind_detail":"Pre Primary","lga":"Lagos Mainland","ward":"Alagomeji"},"geometry":{"type":"Point","coordinates":[3.37954,6.49799]}},{"type":"Feature","properties":{"name":"Joyce Ville School","kind":"school","ownership":"Private","level":"Formal","kind_detail":"Pre Primary","lga":"Eti Osa","ward":"Badore / Langbasa"},"geometry":{"type":"Point","coordinates":[3.59242,6.49978]}},{"type":"Feature","properties":{"name":"Ahava School Langbasa","kind":"school","ownership":"Private","level":"Formal","kind_detail":"Pre Primary","lga":"Eti Osa","ward":"Addo / Okeira"},"geometry":{"type":"Point","coordinates":[3.58893,6.49859]}},{"type":"Feature","properties":{"name":"Childress Nursery School","kind":"school","ownership":"Private","level":"Formal","kind_detail":"Pre Primary","lga":"Lagos Mainland","ward":"Onike / Oyadiran"},"geometry":{"type":"Point","coordinates":[3.38255,6.51712]}},{"type":"Feature","properties":{"name":"Timi Children School Nursery","kind":"school","ownership":"Private","level":"Formal","kind_detail":"Pre Primary","lga":"Mushin","ward":"Oduselu / Ola"},"geometry":{"type":"Point","coordinates":[3.33264,6.5056]}},{"type":"Feature","properties":{"name":"Cee Bee Bees Creche","kind":"school","ownership":"Private","level":"Formal","kind_detail":"Pre Primary","lga":"Surulere","ward":"Irone"},"geometry":{"type":"Point","coordinates":[3.33734,6.49105]}},{"type":"Feature","properties":{"name":"Aghlor Day Care Centre","kind":"school","ownership":"Private","level":"Formal","kind_detail":"Pre Primary","lga":"Surulere","ward":"Irone"},"geometry":{"type":"Point","coordinates":[3.33725,6.49073]}},{"type":"Feature","properties":{"name":"Channah Pearls School","kind":"school","ownership":"Private","level":"Formal","kind_detail":"Pre Primary","lga":"Surulere","ward":"Jinadu Aiyetoro"},"geometry":{"type":"Point","coordinates":[3.33793,6.48867]}},{"type":"Feature","properties":{"name":"Brightest Stars School","kind":"school","ownership":"Private","level":"Formal","kind_detail":"Pre Primary","lga":"Lagos Mainland","ward":"Oyingbo"},"geometry":{"type":"Point","coordinates":[3.38703,6.47905]}},{"type":"Feature","properties":{"name":"Bamoricj School","kind":"school","ownership":"Private","level":"Formal","kind_detail":"Pre Primary","lga":"Lagos Mainland","ward":"Aderupoko / Ijebu Qters"},"geometry":{"type":"Point","coordinates":[3.38809,6.50466]}},{"type":"Feature","properties":{"name":"Yettyland Preparatory School","kind":"school","ownership":"Private","level":"Formal","kind_detail":"Pre Primary","lga":"Lagos Mainland","ward":"Harvey"},"geometry":{"type":"Point","coordinates":[3.37633,6.50038]}},{"type":"Feature","properties":{"name":"Rosewings School","kind":"school","ownership":"Private","level":"Formal","kind_detail":"Pre Primary","lga":"Eti Osa","ward":"Addo / Okeira"},"geometry":{"type":"Point","coordinates":[3.59881,6.49942]}},{"type":"Feature","properties":{"name":"Victa School","kind":"school","ownership":"Private","level":"Formal","kind_detail":"Pre Primary","lga":"Eti Osa","ward":"Addo / Okeira"},"geometry":{"type":"Point","coordinates":[3.59477,6.49762]}},{"type":"Feature","properties":{"name":"St Marys Cradle School","kind":"school","ownership":"Private","level":"Formal","kind_detail":"Pre Primary","lga":"Eti Osa","ward":"Sangotedo"},"geometry":{"type":"Point","coordinates":[3.5915,6.47032]}},{"type":"Feature","properties":{"name":"Phinovia Day School","kind":"school","ownership":"Private","level":"Formal","kind_detail":"Pre Primary","lga":"Surulere","ward":"Nuru Oniwo"},"geometry":{"type":"Point","coordinates":[3.34986,6.49891]}},{"type":"Feature","properties":{"name":"Leap For Joy Kiddies School","kind":"school","ownership":"Private","level":"Formal","kind_detail":"Pre Primary","lga":"Lagos Mainland","ward":"Salami /  Baiyewunmi"},"geometry":{"type":"Point","coordinates":[3.38453,6.51249]}},{"type":"Feature","properties":{"name":"Zarahs Creche And Preparatory School","kind":"school","ownership":"Private","level":"Formal","kind_detail":"Pre Primary","lga":"Shomolu","ward":"Apelehin"},"geometry":{"type":"Point","coordinates":[3.38683,6.54732]}},{"type":"Feature","properties":{"name":"Totally Kids School","kind":"school","ownership":"Private","level":"Formal","kind_detail":"Pre Primary","lga":"Shomolu","ward":"Apelehin"},"geometry":{"type":"Point","coordinates":[3.38614,6.54684]}},{"type":"Feature","properties":{"name":"Montessori School","kind":"school","ownership":"Private","level":"Formal","kind_detail":"Pre Primary","lga":"Eti Osa","ward":"Maroko / Okun Alfa"},"geometry":{"type":"Point","coordinates":[3.5219,6.43113]}},{"type":"Feature","properties":{"name":"Joach Standard International School","kind":"school","ownership":"Private","level":"Formal","kind_detail":"Pre Primary","lga":"Eti Osa","ward":"Ajah"},"geometry":{"type":"Point","coordinates":[3.56045,6.46618]}},{"type":"Feature","properties":{"name":"Spring Lake School Akiogun","kind":"school","ownership":"Private","level":"Formal","kind_detail":"Pre Primary","lga":"Eti Osa","ward":"Ilasan / Orile"},"geometry":{"type":"Point","coordinates":[3.46062,6.42621]}},{"type":"Feature","properties":{"name":"Bijamic School","kind":"school","ownership":"Private","level":"Formal","kind_detail":"Pre Primary","lga":"Eti Osa","ward":"Addo / Okeira"},"geometry":{"type":"Point","coordinates":[3.59882,6.49835]}},{"type":"Feature","properties":{"name":"Divine Icon Academy","kind":"school","ownership":"Private","level":"Formal","kind_detail":"Pre Primary","lga":"Eti Osa","ward":"Addo / Okeira"},"geometry":{"type":"Point","coordinates":[3.5991,6.49958]}},{"type":"Feature","properties":{"name":"Krownley Preparatory School","kind":"school","ownership":"Private","level":"Formal","kind_detail":"Pre Primary","lga":"Eti Osa","ward":"Addo / Okeira"},"geometry":{"type":"Point","coordinates":[3.59865,6.50009]}},{"type":"Feature","properties":{"name":"Bencord Montessori","kind":"school","ownership":"Private","level":"Formal","kind_detail":"Pre Primary","lga":"Shomolu","ward":"Pedro / Gbagada"},"geometry":{"type":"Point","coordinates":[3.3679,6.55402]}},{"type":"Feature","properties":{"name":"The Lord Children Vineyard School","kind":"school","ownership":"Private","level":"Formal","kind_detail":"Pre Primary","lga":"Eti Osa","ward":"Sangotedo"},"geometry":{"type":"Point","coordinates":[3.63661,6.47014]}},{"type":"Feature","properties":{"name":"Creative Mind School","kind":"school","ownership":"Private","level":"Formal","kind_detail":"Pre Primary","lga":"Eti Osa","ward":"Sangotedo"},"geometry":{"type":"Point","coordinates":[3.63355,6.4654]}},{"type":"Feature","properties":{"name":"Viridian School","kind":"school","ownership":"Private","level":"Formal","kind_detail":"Pre Primary","lga":"Eti Osa","ward":"Sangotedo"},"geometry":{"type":"Point","coordinates":[3.63082,6.46749]}},{"type":"Feature","properties":{"name":"Parklane Montessori School","kind":"school","ownership":"Private","level":"Formal","kind_detail":"Pre Primary","lga":"Surulere","ward":"Iponri  /  Eric Moore"},"geometry":{"type":"Point","coordinates":[3.35337,6.48381]}},{"type":"Feature","properties":{"name":"Layton Prep School","kind":"school","ownership":"Private","level":"Formal","kind_detail":"Pre Primary","lga":"Surulere","ward":"Adeniran Ogunsanya"},"geometry":{"type":"Point","coordinates":[3.35949,6.4956]}},{"type":"Feature","properties":{"name":"Tims Ark School","kind":"school","ownership":"Private","level":"Formal","kind_detail":"Pre Primary","lga":"Eti Osa","ward":"Ajiran / Osapa"},"geometry":{"type":"Point","coordinates":[3.53235,6.44773]}},{"type":"Feature","properties":{"name":"Lagos Preparatory And Secondary School","kind":"school","ownership":"Private","level":"Formal","kind_detail":"Pre Primary","lga":"Eti Osa","ward":"Ikoyi 1"},"geometry":{"type":"Point","coordinates":[3.43773,6.45264]}},{"type":"Feature","properties":{"name":"Heritage House Of School","kind":"school","ownership":"Private","level":"Formal","kind_detail":"Pre Primary","lga":"Eti Osa","ward":"Ikoyi 1"},"geometry":{"type":"Point","coordinates":[3.43103,6.45727]}},{"type":"Feature","properties":{"name":"Wesley Creche Place","kind":"school","ownership":"Private Faith Based","level":"Formal","kind_detail":"Pre Primary","lga":"Eti Osa","ward":"Obalende"},"geometry":{"type":"Point","coordinates":[3.40883,6.44935]}},{"type":"Feature","properties":{"name":"Play And Learn School","kind":"school","ownership":"Private","level":"Formal","kind_detail":"Pre Primary","lga":"Eti Osa","ward":"1004 / Aboyade"},"geometry":{"type":"Point","coordinates":[3.45411,6.44599]}},{"type":"Feature","properties":{"name":"Godhead School International","kind":"school","ownership":"Private","level":"Formal","kind_detail":"Pre Primary","lga":"Lagos Mainland","ward":"Abule Oja"},"geometry":{"type":"Point","coordinates":[3.38473,6.51885]}},{"type":"Feature","properties":{"name":"St Andrews School","kind":"school","ownership":"Private","level":"Formal","kind_detail":"Pre Primary","lga":"Eti Osa","ward":"Ilasan / Orile"},"geometry":{"type":"Point","coordinates":[3.46847,6.42734]}},{"type":"Feature","properties":{"name":"Glory Montessori International School","kind":"school","ownership":"Private","level":"Formal","kind_detail":"Pre Primary","lga":"Eti Osa","ward":"Tarkwa Bay"},"geometry":{"type":"Point","coordinates":[3.39339,6.40176]}},{"type":"Feature","properties":{"name":"University Of Lagos","kind":"school","ownership":"Public","level":"Formal","kind_detail":"Tertiary","lga":"Lagos Mainland","ward":"Abule Oja"},"geometry":{"type":"Point","coordinates":[3.38527,6.51737]}}]}