{"type":"FeatureCollection","features":[{"type":"Feature","properties":{"name":"Adeniji Adele","alt_name":"","kind":"settlement","source":"grid3","ward":"Okepopo East","lga":"Lagos Island","is_primary":1,"in_plate":1},"geometry":{"type":"Point","coordinates":[3.39783,6.45641]}},{"type":"Feature","properties":{"name":"Agarawu","alt_name":"","kind":"settlement","source":"grid3","ward":"Oko-Awo\u2013Agarawu","lga":"Lagos Island","is_primary":1,"in_plate":1},"geometry":{"type":"Point","coordinates":[3.38994,6.45708]}},{"type":"Feature","properties":{"name":"Alagomeji","alt_name":"","kind":"settlement","source":"grid3","ward":"Harvey","lga":"Lagos Mainland","is_primary":1,"in_plate":1},"geometry":{"type":"Point","coordinates":[3.37805,6.49987]}},{"type":"Feature","properties":{"name":"Ashaoku","alt_name":"","kind":"settlement","source":"grid3","ward":"Idi-Oro\u2013Odi Olowo","lga":"Mushin","is_primary":1,"in_plate":1},"geometry":{"type":"Point","coordinates":[3.36005,6.52819]}},{"type":"Feature","properties":{"name":"Ayantunga","alt_name":"","kind":"settlement","source":"grid3","ward":"Babalosa 1","lga":"Mushin","is_primary":1,"in_plate":1},"geometry":{"type":"Point","coordinates":[3.35737,6.53079]}},{"type":"Feature","properties":{"name":"Badia","alt_name":"","kind":"settlement","source":"grid3","ward":"Badia","lga":"Apapa","is_primary":1,"in_plate":1},"geometry":{"type":"Point","coordinates":[3.35885,6.46874]}},{"type":"Feature","properties":{"name":"Balogun","alt_name":"","kind":"settlement","source":"grid3","ward":"Balogun","lga":"Lagos Island","is_primary":1,"in_plate":1},"geometry":{"type":"Point","coordinates":[3.38374,6.45681]}},{"type":"Feature","properties":{"name":"Coker","alt_name":"","kind":"settlement","source":"grid3","ward":"Jinadu Aiyetoro","lga":"Surulere","is_primary":1,"in_plate":1},"geometry":{"type":"Point","coordinates":[3.33742,6.48707]}},{"type":"Feature","properties":{"name":"Gbangba","alt_name":"","kind":"settlement","source":"grid3","ward":"Igbehin","lga":"Mushin","is_primary":1,"in_plate":1},"geometry":{"type":"Point","coordinates":[3.33783,6.52131]}},{"type":"Feature","properties":{"name":"Harvey","alt_name":"","kind":"settlement","source":"grid3","ward":"Harvey","lga":"Lagos Mainland","is_primary":1,"in_plate":1},"geometry":{"type":"Point","coordinates":[3.37267,6.50927]}},{"type":"Feature","properties":{"name":"Idumota","alt_name":"","kind":"settlement","source":"grid3","ward":"Idumoyingbo","lga":"Lagos Island","is_primary":1,"in_plate":1},"geometry":{"type":"Point","coordinates":[3.38688,6.46246]}},{"type":"Feature","properties":{"name":"Ijora","alt_name":"","kind":"settlement","source":"grid3","ward":"Ijora","lga":"Apapa","is_primary":1,"in_plate":1},"geometry":{"type":"Point","coordinates":[3.3642,6.46517]}},{"type":"Feature","properties":{"name":"Isale Eko","alt_name":"","kind":"settlement","source":"grid3","ward":"Idumoyingbo","lga":"Lagos Island","is_primary":1,"in_plate":1},"geometry":{"type":"Point","coordinates":[3.38686,6.46428]}},{"type":"Feature","properties":{"name":"Itun Agan","alt_name":"","kind":"settlement","source":"grid3","ward":"Abraham Adesanya","lga":"Apapa","is_primary":1,"in_plate":1},"geometry":{"type":"Point","coordinates":[3.36087,6.42583]}},{"type":"Feature","properties":{"name":"Kelani Off Moshalashi","alt_name":"","kind":"settlement","source":"grid3","ward":"Moshalashi\u2013Agoro","lga":"Mushin","is_primary":1,"in_plate":1},"geometry":{"type":"Point","coordinates":[3.35396,6.52647]}},{"type":"Feature","properties":{"name":"Light House Abagbo 1","alt_name":"","kind":"settlement","source":"grid3","ward":"Tarkwa Bay","lga":"Eti Osa","is_primary":1,"in_plate":1},"geometry":{"type":"Point","coordinates":[3.39111,6.40396]}},{"type":"Feature","properties":{"name":"Makoko","alt_name":"","kind":"settlement","source":"grid3","ward":"Makoko","lga":"Lagos Mainland","is_primary":1,"in_plate":1},"geometry":{"type":"Point","coordinates":[3.38678,6.4963]}},{"type":"Feature","properties":{"name":"Ogungbaiye","alt_name":"","kind":"settlement","source":"grid3","ward":"Babalosa 2","lga":"Mushin","is_primary":1,"in_plate":1},"geometry":{"type":"Point","coordinates":[3.35454,6.52501]}},{"type":"Feature","properties":{"name":"Orile","alt_name":"","kind":"settlement","source":"grid3","ward":"Osho","lga":"Surulere","is_primary":1,"in_plate":1},"geometry":{"type":"Point","coordinates":[3.33368,6.47938]}},{"type":"Feature","properties":{"name":"Shakiru Akinlade","alt_name":"","kind":"settlement","source":"grid3","ward":"Okun Ajah\u2013Okunmopo","lga":"Eti Osa","is_primary":1,"in_plate":1},"geometry":{"type":"Point","coordinates":[3.61894,6.42685]}},{"type":"Feature","properties":{"name":"Suru Alaba","alt_name":"","kind":"settlement","source":"grid3","ward":"Coker","lga":"Surulere","is_primary":1,"in_plate":1},"geometry":{"type":"Point","coordinates":[3.3201,6.46266]}},{"type":"Feature","properties":{"name":"Abagbo","alt_name":"","kind":"settlement","source":"grid3","ward":"Abraham Adesanya","lga":"Apapa","is_primary":0,"in_plate":1},"geometry":{"type":"Point","coordinates":[3.38109,6.40882]}},{"type":"Feature","properties":{"name":"Abiodun","alt_name":"","kind":"settlement","source":"grid3","ward":"Babalosa 1","lga":"Mushin","is_primary":0,"in_plate":1},"geometry":{"type":"Point","coordinates":[3.35695,6.52998]}},{"type":"Feature","properties":{"name":"Abule Ijesha","alt_name":"","kind":"settlement","source":"grid3","ward":"Abule Ijesha","lga":"Lagos Mainland","is_primary":0,"in_plate":1},"geometry":{"type":"Point","coordinates":[3.3777,6.52597]}},{"type":"Feature","properties":{"name":"Adebeshi Street","alt_name":"","kind":"settlement","source":"grid3","ward":"Babalosa 1","lga":"Mushin","is_primary":0,"in_plate":1},"geometry":{"type":"Point","coordinates":[3.35846,6.5316]}},{"type":"Feature","properties":{"name":"Adedoja","alt_name":"","kind":"settlement","source":"grid3","ward":"Idi-Oro\u2013Odi Olowo","lga":"Mushin","is_primary":0,"in_plate":1},"geometry":{"type":"Point","coordinates":[3.35894,6.52851]}},{"type":"Feature","properties":{"name":"Adekunle","alt_name":"","kind":"settlement","source":"grid3","ward":"Adekunle\u2013Aiyetoro","lga":"Lagos Mainland","is_primary":0,"in_plate":1},"geometry":{"type":"Point","coordinates":[3.38306,6.49333]}},{"type":"Feature","properties":{"name":"Adekunle","alt_name":"","kind":"settlement","source":"grid3","ward":"Alagomeji","lga":"Lagos Mainland","is_primary":0,"in_plate":1},"geometry":{"type":"Point","coordinates":[3.38106,6.495]}},{"type":"Feature","properties":{"name":"Adeniran Ogunsanya","alt_name":"","kind":"settlement","source":"grid3","ward":"Adeniran Ogunsanya","lga":"Surulere","is_primary":0,"in_plate":1},"geometry":{"type":"Point","coordinates":[3.36037,6.49626]}},{"type":"Feature","properties":{"name":"Adeogun","alt_name":"","kind":"settlement","source":"grid3","ward":"Ojo-Oniyun","lga":"Lagos Mainland","is_primary":0,"in_plate":1},"geometry":{"type":"Point","coordinates":[3.3757,6.48219]}},{"type":"Feature","properties":{"name":"Aderupoko","alt_name":"","kind":"settlement","source":"grid3","ward":"Salami\u2013Baiyewunmi","lga":"Lagos Mainland","is_primary":0,"in_plate":1},"geometry":{"type":"Point","coordinates":[3.39313,6.50689]}},{"type":"Feature","properties":{"name":"Adeyanju Street","alt_name":"","kind":"settlement","source":"grid3","ward":"Babalosa 2","lga":"Mushin","is_primary":0,"in_plate":1},"geometry":{"type":"Point","coordinates":[3.35954,6.52429]}},{"type":"Feature","properties":{"name":"Adeyemi","alt_name":"","kind":"settlement","source":"grid3","ward":"Babalosa 2","lga":"Mushin","is_primary":0,"in_plate":1},"geometry":{"type":"Point","coordinates":[3.35421,6.52566]}},{"type":"Feature","properties":{"name":"Adeyemi Off Omoniyi","alt_name":"","kind":"settlement","source":"grid3","ward":"Babalosa 2","lga":"Mushin","is_primary":0,"in_plate":1},"geometry":{"type":"Point","coordinates":[3.35609,6.52539]}},{"type":"Feature","properties":{"name":"Ado","alt_name":"","kind":"settlement","source":"grid3","ward":"Addo\u2013Okeira","lga":"Eti Osa","is_primary":0,"in_plate":1},"geometry":{"type":"Point","coordinates":[3.58122,6.49029]}},{"type":"Feature","properties":{"name":"Ado","alt_name":"","kind":"village","source":"osm","ward":"Addo\u2013Okeira","lga":"Eti Osa","is_primary":0,"in_plate":1},"geometry":{"type":"Point","coordinates":[3.58283,6.49587]}},{"type":"Feature","properties":{"name":"Afisi","alt_name":"","kind":"settlement","source":"grid3","ward":"Igbehin","lga":"Mushin","is_primary":0,"in_plate":1},"geometry":{"type":"Point","coordinates":[3.34321,6.51931]}},{"type":"Feature","properties":{"name":"Afolabi Street","alt_name":"","kind":"settlement","source":"grid3","ward":"Onitire","lga":"Mushin","is_primary":0,"in_plate":1},"geometry":{"type":"Point","coordinates":[3.3394,6.51695]}},{"type":"Feature","properties":{"name":"Agala","alt_name":"","kind":"settlement","source":"grid3","ward":"Abraham Adesanya","lga":"Apapa","is_primary":0,"in_plate":1},"geometry":{"type":"Point","coordinates":[3.36944,6.41528]}},{"type":"Feature","properties":{"name":"Aganran","alt_name":"","kind":"settlement","source":"grid3","ward":"Babalosa 1","lga":"Mushin","is_primary":0,"in_plate":1},"geometry":{"type":"Point","coordinates":[3.35487,6.52789]}},{"type":"Feature","properties":{"name":"Agaran Ojuwoye Junction","alt_name":"","kind":"settlement","source":"grid3","ward":"Babalosa 1","lga":"Mushin","is_primary":0,"in_plate":1},"geometry":{"type":"Point","coordinates":[3.35494,6.52817]}},{"type":"Feature","properties":{"name":"Agarawu","alt_name":"","kind":"settlement","source":"grid3","ward":"Okepopo West","lga":"Lagos Island","is_primary":0,"in_plate":1},"geometry":{"type":"Point","coordinates":[3.39291,6.45559]}},{"type":"Feature","properties":{"name":"Agarawu","alt_name":"","kind":"settlement","source":"grid3","ward":"Okepopo East","lga":"Lagos Island","is_primary":0,"in_plate":1},"geometry":{"type":"Point","coordinates":[3.3948,6.45781]}},{"type":"Feature","properties":{"name":"Agbadon","alt_name":"","kind":"settlement","source":"grid3","ward":"Igbo-Efon\u2013Maiyegun","lga":"Eti Osa","is_primary":0,"in_plate":1},"geometry":{"type":"Point","coordinates":[3.56413,6.4427]}},{"type":"Feature","properties":{"name":"Agege Motor","alt_name":"","kind":"settlement","source":"grid3","ward":"Idi-Oro\u2013Odi Olowo","lga":"Mushin","is_primary":0,"in_plate":1},"geometry":{"type":"Point","coordinates":[3.36309,6.5262]}},{"type":"Feature","properties":{"name":"Agege Motor Road","alt_name":"","kind":"settlement","source":"grid3","ward":"Babalosa 1","lga":"Mushin","is_primary":0,"in_plate":1},"geometry":{"type":"Point","coordinates":[3.35692,6.5271]}},{"type":"Feature","properties":{"name":"Agoro","alt_name":"","kind":"settlement","source":"grid3","ward":"Igbehin","lga":"Mushin","is_primary":0,"in_plate":1},"geometry":{"type":"Point","coordinates":[3.33821,6.52156]}},{"type":"Feature","properties":{"name":"Agoro Abogun","alt_name":"","kind":"settlement","source":"grid3","ward":"Igbehin","lga":"Mushin","is_primary":0,"in_plate":1},"geometry":{"type":"Point","coordinates":[3.33822,6.52173]}},{"type":"Feature","properties":{"name":"Aguda","alt_name":"","kind":"settlement","source":"grid3","ward":"Nuru Oniwo","lga":"Surulere","is_primary":0,"in_plate":1},"geometry":{"type":"Point","coordinates":[3.33968,6.49697]}},{"type":"Feature","properties":{"name":"Aguda","alt_name":"","kind":"settlement","source":"grid3","ward":"Irone","lga":"Surulere","is_primary":0,"in_plate":1},"geometry":{"type":"Point","coordinates":[3.33078,6.48412]}},{"type":"Feature","properties":{"name":"Agunbiade","alt_name":"","kind":"settlement","source":"grid3","ward":"Agunbiade","lga":"Surulere","is_primary":0,"in_plate":1},"geometry":{"type":"Point","coordinates":[3.33016,6.49563]}},{"type":"Feature","properties":{"name":"Agungi","alt_name":"","kind":"settlement","source":"grid3","ward":"Ajiran\u2013Osapa","lga":"Eti Osa","is_primary":0,"in_plate":1},"geometry":{"type":"Point","coordinates":[3.51667,6.44442]}},{"type":"Feature","properties":{"name":"Ahmadu Bello Way","alt_name":"","kind":"settlement","source":"grid3","ward":"Tarkwa Bay","lga":"Eti Osa","is_primary":0,"in_plate":1},"geometry":{"type":"Point","coordinates":[3.40939,6.42271]}},{"type":"Feature","properties":{"name":"Aileru","alt_name":"","kind":"settlement","source":"grid3","ward":"Idi-Oro\u2013Odi Olowo","lga":"Mushin","is_primary":0,"in_plate":1},"geometry":{"type":"Point","coordinates":[3.36325,6.52681]}},{"type":"Feature","properties":{"name":"Ajah","alt_name":"","kind":"settlement","source":"grid3","ward":"Ajah","lga":"Eti Osa","is_primary":0,"in_plate":1},"geometry":{"type":"Point","coordinates":[3.57026,6.47801]}},{"type":"Feature","properties":{"name":"Ajah","alt_name":"","kind":"settlement","source":"grid3","ward":"Ajiran\u2013Osapa","lga":"Eti Osa","is_primary":0,"in_plate":1},"geometry":{"type":"Point","coordinates":[3.51764,6.44717]}},{"type":"Feature","properties":{"name":"Ajah","alt_name":"","kind":"town","source":"osm","ward":"Ajah","lga":"Eti Osa","is_primary":0,"in_plate":1},"geometry":{"type":"Point","coordinates":[3.56239,6.46947]}},{"type":"Feature","properties":{"name":"Ajayi Bembe","alt_name":"","kind":"settlement","source":"grid3","ward":"Abule Oja","lga":"Lagos Mainland","is_primary":0,"in_plate":1},"geometry":{"type":"Point","coordinates":[3.38296,6.5199]}},{"type":"Feature","properties":{"name":"Ajeabo","alt_name":"","kind":"settlement","source":"grid3","ward":"Igbehin","lga":"Mushin","is_primary":0,"in_plate":1},"geometry":{"type":"Point","coordinates":[3.33782,6.51965]}},{"type":"Feature","properties":{"name":"Ajele","alt_name":"","kind":"settlement","source":"grid3","ward":"Ajele","lga":"Lagos Island","is_primary":0,"in_plate":1},"geometry":{"type":"Point","coordinates":[3.39674,6.45128]}},{"type":"Feature","properties":{"name":"Ajibade Close","alt_name":"","kind":"settlement","source":"grid3","ward":"Onike\u2013Oyadiran","lga":"Lagos Mainland","is_primary":0,"in_plate":1},"geometry":{"type":"Point","coordinates":[3.38314,6.50637]}},{"type":"Feature","properties":{"name":"Ajibore","alt_name":"","kind":"settlement","source":"grid3","ward":"Babalosa 1","lga":"Mushin","is_primary":0,"in_plate":1},"geometry":{"type":"Point","coordinates":[3.35422,6.5297]}},{"type":"Feature","properties":{"name":"Ajiran Agugin","alt_name":"","kind":"settlement","source":"grid3","ward":"Ajiran\u2013Osapa","lga":"Eti Osa","is_primary":0,"in_plate":1},"geometry":{"type":"Point","coordinates":[3.51417,6.45338]}},{"type":"Feature","properties":{"name":"Ajose Street","alt_name":"","kind":"settlement","source":"grid3","ward":"Igbehin","lga":"Mushin","is_primary":0,"in_plate":1},"geometry":{"type":"Point","coordinates":[3.34412,6.52102]}},{"type":"Feature","properties":{"name":"Akala","alt_name":"","kind":"settlement","source":"grid3","ward":"Idi-Oro\u2013Odi Olowo","lga":"Mushin","is_primary":0,"in_plate":1},"geometry":{"type":"Point","coordinates":[3.36107,6.52708]}},{"type":"Feature","properties":{"name":"Akamo","alt_name":"","kind":"settlement","source":"grid3","ward":"Idi-Oro\u2013Odi Olowo","lga":"Mushin","is_primary":0,"in_plate":1},"geometry":{"type":"Point","coordinates":[3.36247,6.52883]}},{"type":"Feature","properties":{"name":"Akanbi","alt_name":"","kind":"settlement","source":"grid3","ward":"Onike\u2013Oyadiran","lga":"Lagos Mainland","is_primary":0,"in_plate":1},"geometry":{"type":"Point","coordinates":[3.38247,6.51544]}},{"type":"Feature","properties":{"name":"Akani","alt_name":"","kind":"settlement","source":"grid3","ward":"Okesuna\u2013Alase","lga":"Shomolu","is_primary":0,"in_plate":1},"geometry":{"type":"Point","coordinates":[3.37917,6.53632]}},{"type":"Feature","properties":{"name":"Akerele","alt_name":"","kind":"settlement","source":"grid3","ward":"Gbaja Obele-Odan","lga":"Surulere","is_primary":0,"in_plate":1},"geometry":{"type":"Point","coordinates":[3.35932,6.49929]}},{"type":"Feature","properties":{"name":"Akin Adeshola","alt_name":"","kind":"settlement","source":"grid3","ward":"Victoria Island","lga":"Eti Osa","is_primary":0,"in_plate":1},"geometry":{"type":"Point","coordinates":[3.42387,6.42394]}},{"type":"Feature","properties":{"name":"Akinbiyi","alt_name":"","kind":"settlement","source":"grid3","ward":"Idi-Oro\u2013Odi Olowo","lga":"Mushin","is_primary":0,"in_plate":1},"geometry":{"type":"Point","coordinates":[3.36249,6.52552]}},{"type":"Feature","properties":{"name":"Akinhanmi Cole","alt_name":"","kind":"settlement","source":"grid3","ward":"Akinhanmi Cole","lga":"Surulere","is_primary":0,"in_plate":1},"geometry":{"type":"Point","coordinates":[3.36204,6.51525]}},{"type":"Feature","properties":{"name":"Akins","alt_name":"","kind":"settlement","source":"grid3","ward":"Addo\u2013Okeira","lga":"Eti Osa","is_primary":0,"in_plate":1},"geometry":{"type":"Point","coordinates":[3.58479,6.48375]}},{"type":"Feature","properties":{"name":"Akintola Close","alt_name":"","kind":"settlement","source":"grid3","ward":"Idi-Araba","lga":"Mushin","is_primary":0,"in_plate":1},"geometry":{"type":"Point","coordinates":[3.35562,6.52156]}},{"type":"Feature","properties":{"name":"Akintunde Close","alt_name":"","kind":"settlement","source":"grid3","ward":"Salami\u2013Baiyewunmi","lga":"Lagos Mainland","is_primary":0,"in_plate":1},"geometry":{"type":"Point","coordinates":[3.38485,6.51123]}},{"type":"Feature","properties":{"name":"Akoka","alt_name":"","kind":"settlement","source":"grid3","ward":"Akoka\u2013Anu-Oluwapo","lga":"Shomolu","is_primary":0,"in_plate":1},"geometry":{"type":"Point","coordinates":[3.38896,6.53193]}},{"type":"Feature","properties":{"name":"Alade","alt_name":"","kind":"settlement","source":"grid3","ward":"Orile Somolu\u2013Alade","lga":"Shomolu","is_primary":0,"in_plate":1},"geometry":{"type":"Point","coordinates":[3.3762,6.53393]}},{"type":"Feature","properties":{"name":"Alafia","alt_name":"","kind":"settlement","source":"grid3","ward":"Alafia\u2013Adeoyo","lga":"Mushin","is_primary":0,"in_plate":1},"geometry":{"type":"Point","coordinates":[3.346,6.5233]}},{"type":"Feature","properties":{"name":"Alaguntan","alt_name":"","kind":"village","source":"osm","ward":"Ilasan\u2013Orile","lga":"Eti Osa","is_primary":0,"in_plate":1},"geometry":{"type":"Point","coordinates":[3.49159,6.42487]}},{"type":"Feature","properties":{"name":"Alaka","alt_name":"","kind":"settlement","source":"grid3","ward":"Iponri\u2013Eric Moore","lga":"Surulere","is_primary":0,"in_plate":1},"geometry":{"type":"Point","coordinates":[3.35303,6.48378]}},{"type":"Feature","properties":{"name":"Alaka Community","alt_name":"","kind":"settlement","source":"grid3","ward":"Aralile","lga":"Surulere","is_primary":0,"in_plate":1},"geometry":{"type":"Point","coordinates":[3.36193,6.49504]}},{"type":"Feature","properties":{"name":"Alakija Street","alt_name":"","kind":"settlement","source":"grid3","ward":"Harvey","lga":"Lagos Mainland","is_primary":0,"in_plate":1},"geometry":{"type":"Point","coordinates":[3.37203,6.51977]}},{"type":"Feature","properties":{"name":"Alasia","alt_name":"","kind":"settlement","source":"grid3","ward":"Sangotedo","lga":"Eti Osa","is_primary":0,"in_plate":1},"geometry":{"type":"Point","coordinates":[3.59827,6.47019]}},{"type":"Feature","properties":{"name":"Alfred Way","alt_name":"","kind":"settlement","source":"grid3","ward":"Ikoyi 1","lga":"Eti Osa","is_primary":0,"in_plate":1},"geometry":{"type":"Point","coordinates":[3.43282,6.46006]}},{"type":"Feature","properties":{"name":"Alhaji Street","alt_name":"","kind":"settlement","source":"grid3","ward":"Idi-Oro\u2013Odi Olowo","lga":"Mushin","is_primary":0,"in_plate":1},"geometry":{"type":"Point","coordinates":[3.36006,6.52676]}},{"type":"Feature","properties":{"name":"Alli","alt_name":"","kind":"settlement","source":"grid3","ward":"Idi-Oro\u2013Odi Olowo","lga":"Mushin","is_primary":0,"in_plate":1},"geometry":{"type":"Point","coordinates":[3.35893,6.52718]}},{"type":"Feature","properties":{"name":"Alpha Beach","alt_name":"","kind":"settlement","source":"grid3","ward":"Maroko\u2013Okun Alfa","lga":"Eti Osa","is_primary":0,"in_plate":1},"geometry":{"type":"Point","coordinates":[3.52567,6.43296]}},{"type":"Feature","properties":{"name":"Aluko Street","alt_name":"","kind":"settlement","source":"grid3","ward":"Babalosa 2","lga":"Mushin","is_primary":0,"in_plate":1},"geometry":{"type":"Point","coordinates":[3.35744,6.52244]}},{"type":"Feature","properties":{"name":"Amity Estate","alt_name":"","kind":"settlement","source":"grid3","ward":"Sangotedo","lga":"Eti Osa","is_primary":0,"in_plate":1},"geometry":{"type":"Point","coordinates":[3.66621,6.46899]}},{"type":"Feature","properties":{"name":"Amodu","alt_name":"","kind":"settlement","source":"grid3","ward":"Idi-Oro\u2013Odi Olowo","lga":"Mushin","is_primary":0,"in_plate":1},"geometry":{"type":"Point","coordinates":[3.36175,6.52618]}},{"type":"Feature","properties":{"name":"Amodu Akala","alt_name":"","kind":"settlement","source":"grid3","ward":"Idi-Oro\u2013Odi Olowo","lga":"Mushin","is_primary":0,"in_plate":1},"geometry":{"type":"Point","coordinates":[3.36261,6.52723]}},{"type":"Feature","properties":{"name":"Amos Adesanya","alt_name":"","kind":"settlement","source":"grid3","ward":"Makoko","lga":"Lagos Mainland","is_primary":0,"in_plate":1},"geometry":{"type":"Point","coordinates":[3.38602,6.49692]}},{"type":"Feature","properties":{"name":"Amos Olayinka","alt_name":"","kind":"settlement","source":"grid3","ward":"Makoko","lga":"Lagos Mainland","is_primary":0,"in_plate":1},"geometry":{"type":"Point","coordinates":[3.38529,6.49721]}},{"type":"Feature","properties":{"name":"Amusa","alt_name":"","kind":"settlement","source":"grid3","ward":"Igbehin","lga":"Mushin","is_primary":0,"in_plate":1},"geometry":{"type":"Point","coordinates":[3.33864,6.52158]}},{"type":"Feature","properties":{"name":"Anifowoshe","alt_name":"","kind":"settlement","source":"grid3","ward":"Igbehin","lga":"Mushin","is_primary":0,"in_plate":1},"geometry":{"type":"Point","coordinates":[3.33999,6.52096]}},{"type":"Feature","properties":{"name":"Animshaun","alt_name":"","kind":"village","source":"osm","ward":"Iponri\u2013Eric Moore","lga":"Surulere","is_primary":0,"in_plate":1},"geometry":{"type":"Point","coordinates":[3.35006,6.48334]}},{"type":"Feature","properties":{"name":"Anjorin","alt_name":"","kind":"settlement","source":"grid3","ward":"Abraham Adesanya","lga":"Apapa","is_primary":0,"in_plate":1},"geometry":{"type":"Point","coordinates":[3.36956,6.44488]}},{"type":"Feature","properties":{"name":"Anuoluwapo","alt_name":"","kind":"settlement","source":"grid3","ward":"Idi-Oro\u2013Odi Olowo","lga":"Mushin","is_primary":0,"in_plate":1},"geometry":{"type":"Point","coordinates":[3.36201,6.52824]}},{"type":"Feature","properties":{"name":"Apapa","alt_name":"","kind":"settlement","source":"grid3","ward":"Apapa","lga":"Apapa","is_primary":0,"in_plate":1},"geometry":{"type":"Point","coordinates":[3.36226,6.44891]}},{"type":"Feature","properties":{"name":"Apapa","alt_name":"","kind":"settlement","source":"grid3","ward":"Oduduwa","lga":"Apapa","is_primary":0,"in_plate":1},"geometry":{"type":"Point","coordinates":[3.35649,6.44809]}},{"type":"Feature","properties":{"name":"Apapa Wharf","alt_name":"","kind":"settlement","source":"grid3","ward":"Abraham Adesanya","lga":"Apapa","is_primary":0,"in_plate":1},"geometry":{"type":"Point","coordinates":[3.37237,6.4419]}},{"type":"Feature","properties":{"name":"Apesin Street Luth Road","alt_name":"","kind":"settlement","source":"grid3","ward":"Babalosa 2","lga":"Mushin","is_primary":0,"in_plate":1},"geometry":{"type":"Point","coordinates":[3.35546,6.5221]}},{"type":"Feature","properties":{"name":"Apollo","alt_name":"","kind":"settlement","source":"grid3","ward":"Makoko","lga":"Lagos Mainland","is_primary":0,"in_plate":1},"geometry":{"type":"Point","coordinates":[3.3898,6.49923]}},{"type":"Feature","properties":{"name":"Araba","alt_name":"","kind":"settlement","source":"grid3","ward":"Igbehin","lga":"Mushin","is_primary":0,"in_plate":1},"geometry":{"type":"Point","coordinates":[3.33679,6.52223]}},{"type":"Feature","properties":{"name":"Aralile Community","alt_name":"","kind":"settlement","source":"grid3","ward":"Aralile","lga":"Surulere","is_primary":0,"in_plate":1},"geometry":{"type":"Point","coordinates":[3.3652,6.5034]}},{"type":"Feature","properties":{"name":"Araromi","alt_name":"","kind":"settlement","source":"grid3","ward":"Araromi","lga":"Lagos Mainland","is_primary":0,"in_plate":1},"geometry":{"type":"Point","coordinates":[3.39014,6.48211]}},{"type":"Feature","properties":{"name":"Araromi Odo","alt_name":"","kind":"settlement","source":"grid3","ward":"Araromi Odo","lga":"Lagos Island","is_primary":0,"in_plate":1},"geometry":{"type":"Point","coordinates":[3.4057,6.44604]}},{"type":"Feature","properties":{"name":"Areago Street","alt_name":"","kind":"settlement","source":"grid3","ward":"Abule Oja","lga":"Lagos Mainland","is_primary":0,"in_plate":1},"geometry":{"type":"Point","coordinates":[3.38108,6.51756]}},{"type":"Feature","properties":{"name":"Aro Town","alt_name":"","kind":"settlement","source":"grid3","ward":"Maroko\u2013Okun Alfa","lga":"Eti Osa","is_primary":0,"in_plate":1},"geometry":{"type":"Point","coordinates":[3.51125,6.42643]}},{"type":"Feature","properties":{"name":"Arowolo","alt_name":"","kind":"settlement","source":"grid3","ward":"Salami\u2013Baiyewunmi","lga":"Lagos Mainland","is_primary":0,"in_plate":1},"geometry":{"type":"Point","coordinates":[3.39169,6.50741]}},{"type":"Feature","properties":{"name":"Asabi","alt_name":"","kind":"settlement","source":"grid3","ward":"Babalosa 1","lga":"Mushin","is_primary":0,"in_plate":1},"geometry":{"type":"Point","coordinates":[3.35714,6.52782]}},{"type":"Feature","properties":{"name":"Asaoky Street","alt_name":"","kind":"settlement","source":"grid3","ward":"Idi-Oro\u2013Odi Olowo","lga":"Mushin","is_primary":0,"in_plate":1},"geometry":{"type":"Point","coordinates":[3.35911,6.52746]}},{"type":"Feature","properties":{"name":"Ashaoku","alt_name":"","kind":"settlement","source":"grid3","ward":"Alakara","lga":"Mushin","is_primary":0,"in_plate":1},"geometry":{"type":"Point","coordinates":[3.36329,6.52581]}},{"type":"Feature","properties":{"name":"Awoyejo","alt_name":"","kind":"settlement","source":"grid3","ward":"Idi-Oro\u2013Odi Olowo","lga":"Mushin","is_primary":0,"in_plate":1},"geometry":{"type":"Point","coordinates":[3.36089,6.52964]}},{"type":"Feature","properties":{"name":"Ayo Opadokun Avenue","alt_name":"","kind":"settlement","source":"grid3","ward":"Harvey","lga":"Lagos Mainland","is_primary":0,"in_plate":1},"geometry":{"type":"Point","coordinates":[3.3773,6.5112]}},{"type":"Feature","properties":{"name":"Ayonuga","alt_name":"","kind":"settlement","source":"grid3","ward":"Alakara","lga":"Mushin","is_primary":0,"in_plate":1},"geometry":{"type":"Point","coordinates":[3.36568,6.52723]}},{"type":"Feature","properties":{"name":"Baale Place","alt_name":"","kind":"settlement","source":"grid3","ward":"Addo\u2013Okeira","lga":"Eti Osa","is_primary":0,"in_plate":1},"geometry":{"type":"Point","coordinates":[3.60859,6.48697]}},{"type":"Feature","properties":{"name":"Babatunde Ayilara","alt_name":"","kind":"settlement","source":"grid3","ward":"Babatunde Ayilara","lga":"Surulere","is_primary":0,"in_plate":1},"geometry":{"type":"Point","coordinates":[3.35587,6.50732]}},{"type":"Feature","properties":{"name":"Babs Animashaun","alt_name":"","kind":"settlement","source":"grid3","ward":"Savage","lga":"Surulere","is_primary":0,"in_plate":1},"geometry":{"type":"Point","coordinates":[3.34838,6.48698]}},{"type":"Feature","properties":{"name":"Badia","alt_name":"","kind":"settlement","source":"grid3","ward":"Gaskiya","lga":"Apapa","is_primary":0,"in_plate":1},"geometry":{"type":"Point","coordinates":[3.35302,6.46971]}},{"type":"Feature","properties":{"name":"Bado","alt_name":"","kind":"settlement","source":"grid3","ward":"Ajiran\u2013Osapa","lga":"Eti Osa","is_primary":0,"in_plate":1},"geometry":{"type":"Point","coordinates":[3.5444,6.44735]}},{"type":"Feature","properties":{"name":"Badore","alt_name":"","kind":"settlement","source":"grid3","ward":"Badore\u2013Langbasa","lga":"Eti Osa","is_primary":0,"in_plate":1},"geometry":{"type":"Point","coordinates":[3.6162,6.51019]}},{"type":"Feature","properties":{"name":"Bajulaiye","alt_name":"","kind":"settlement","source":"grid3","ward":"Bajulaiye","lga":"Shomolu","is_primary":0,"in_plate":1},"geometry":{"type":"Point","coordinates":[3.38215,6.53124]}},{"type":"Feature","properties":{"name":"Bale","alt_name":"","kind":"settlement","source":"grid3","ward":"Bale","lga":"Surulere","is_primary":0,"in_plate":1},"geometry":{"type":"Point","coordinates":[3.33802,6.47771]}},{"type":"Feature","properties":{"name":"Balogun","alt_name":"","kind":"settlement","source":"grid3","ward":"Alakara","lga":"Mushin","is_primary":0,"in_plate":1},"geometry":{"type":"Point","coordinates":[3.36454,6.52677]}},{"type":"Feature","properties":{"name":"Banana Island","alt_name":"","kind":"settlement","source":"grid3","ward":"Okepopo West","lga":"Lagos Island","is_primary":0,"in_plate":1},"geometry":{"type":"Point","coordinates":[3.39578,6.45556]}},{"type":"Feature","properties":{"name":"Banana Island","alt_name":"","kind":"settlement","source":"grid3","ward":"Epetedo West","lga":"Lagos Island","is_primary":0,"in_plate":1},"geometry":{"type":"Point","coordinates":[3.39873,6.45668]}},{"type":"Feature","properties":{"name":"Banana Island","alt_name":"","kind":"settlement","source":"grid3","ward":"Ikoyi 1","lga":"Eti Osa","is_primary":0,"in_plate":1},"geometry":{"type":"Point","coordinates":[3.44914,6.46089]}},{"type":"Feature","properties":{"name":"Banana Island","alt_name":"","kind":"settlement","source":"grid3","ward":"Ijeh\u2013Dolphin Estate","lga":"Eti Osa","is_primary":0,"in_plate":1},"geometry":{"type":"Point","coordinates":[3.41103,6.45994]}},{"type":"Feature","properties":{"name":"Banana Island","alt_name":"","kind":"settlement","source":"grid3","ward":"Lafiaji","lga":"Lagos Island","is_primary":0,"in_plate":1},"geometry":{"type":"Point","coordinates":[3.40378,6.45617]}},{"type":"Feature","properties":{"name":"Barbwire","alt_name":"","kind":"settlement","source":"grid3","ward":"Igbo-Efon\u2013Maiyegun","lga":"Eti Osa","is_primary":0,"in_plate":1},"geometry":{"type":"Point","coordinates":[3.54547,6.42394]}},{"type":"Feature","properties":{"name":"Bariga","alt_name":"","kind":"settlement","source":"grid3","ward":"Aiyetoro\u2013Mafowoku","lga":"Shomolu","is_primary":0,"in_plate":1},"geometry":{"type":"Point","coordinates":[3.38797,6.53891]}},{"type":"Feature","properties":{"name":"Barikisu Iyede","alt_name":"","kind":"settlement","source":"grid3","ward":"Onike\u2013Oyadiran","lga":"Lagos Mainland","is_primary":0,"in_plate":1},"geometry":{"type":"Point","coordinates":[3.38253,6.51342]}},{"type":"Feature","properties":{"name":"Baruwa","alt_name":"","kind":"settlement","source":"grid3","ward":"Baruwa (Surulere)","lga":"Surulere","is_primary":0,"in_plate":1},"geometry":{"type":"Point","coordinates":[3.34179,6.50672]}},{"type":"Feature","properties":{"name":"Bashua","alt_name":"","kind":"settlement","source":"grid3","ward":"Bashua East and West","lga":"Shomolu","is_primary":0,"in_plate":1},"geometry":{"type":"Point","coordinates":[3.37559,6.53086]}},{"type":"Feature","properties":{"name":"Birrel Avenue","alt_name":"","kind":"settlement","source":"grid3","ward":"Onike\u2013Oyadiran","lga":"Lagos Mainland","is_primary":0,"in_plate":1},"geometry":{"type":"Point","coordinates":[3.37872,6.50876]}},{"type":"Feature","properties":{"name":"Buraimon","alt_name":"","kind":"settlement","source":"grid3","ward":"Apelehin","lga":"Shomolu","is_primary":0,"in_plate":1},"geometry":{"type":"Point","coordinates":[3.39179,6.54065]}},{"type":"Feature","properties":{"name":"Car Wash","alt_name":"","kind":"settlement","source":"grid3","ward":"Ikate\u2013Lekki","lga":"Eti Osa","is_primary":0,"in_plate":1},"geometry":{"type":"Point","coordinates":[3.48163,6.44252]}},{"type":"Feature","properties":{"name":"Cardoso Street","alt_name":"","kind":"settlement","source":"grid3","ward":"Babalosa 2","lga":"Mushin","is_primary":0,"in_plate":1},"geometry":{"type":"Point","coordinates":[3.35411,6.52295]}},{"type":"Feature","properties":{"name":"Cardoso Street Luth Road","alt_name":"","kind":"settlement","source":"grid3","ward":"Babalosa 2","lga":"Mushin","is_primary":0,"in_plate":1},"geometry":{"type":"Point","coordinates":[3.35423,6.52327]}},{"type":"Feature","properties":{"name":"Chevron","alt_name":"","kind":"settlement","source":"grid3","ward":"Ajiran\u2013Osapa","lga":"Eti Osa","is_primary":0,"in_plate":1},"geometry":{"type":"Point","coordinates":[3.53642,6.46404]}},{"type":"Feature","properties":{"name":"Coker","alt_name":"","kind":"settlement","source":"grid3","ward":"Babalosa 1","lga":"Mushin","is_primary":0,"in_plate":1},"geometry":{"type":"Point","coordinates":[3.3586,6.52975]}},{"type":"Feature","properties":{"name":"Coker Aguda","alt_name":"","kind":"settlement","source":"grid3","ward":"Irone","lga":"Surulere","is_primary":0,"in_plate":1},"geometry":{"type":"Point","coordinates":[3.33812,6.49264]}},{"type":"Feature","properties":{"name":"Commercial Avenue","alt_name":"","kind":"settlement","source":"grid3","ward":"Onike\u2013Oyadiran","lga":"Lagos Mainland","is_primary":0,"in_plate":1},"geometry":{"type":"Point","coordinates":[3.38406,6.50251]}},{"type":"Feature","properties":{"name":"Cooperative Villa Settlement","alt_name":"","kind":"settlement","source":"grid3","ward":"Addo\u2013Okeira","lga":"Eti Osa","is_primary":0,"in_plate":1},"geometry":{"type":"Point","coordinates":[3.61489,6.49946]}},{"type":"Feature","properties":{"name":"Crown Estate","alt_name":"","kind":"settlement","source":"grid3","ward":"Sangotedo","lga":"Eti Osa","is_primary":0,"in_plate":1},"geometry":{"type":"Point","coordinates":[3.64708,6.46537]}},{"type":"Feature","properties":{"name":"Daycare No 8 Erikitola Street","alt_name":"","kind":"settlement","source":"grid3","ward":"Babalosa 2","lga":"Mushin","is_primary":0,"in_plate":1},"geometry":{"type":"Point","coordinates":[3.35778,6.52425]}},{"type":"Feature","properties":{"name":"Dideolu Estate","alt_name":"","kind":"settlement","source":"grid3","ward":"Apese\u20136 Extension","lga":"Eti Osa","is_primary":0,"in_plate":1},"geometry":{"type":"Point","coordinates":[3.44226,6.42661]}},{"type":"Feature","properties":{"name":"Dockyard","alt_name":"","kind":"settlement","source":"grid3","ward":"Marine Beach","lga":"Apapa","is_primary":0,"in_plate":1},"geometry":{"type":"Point","coordinates":[3.36634,6.45851]}},{"type":"Feature","properties":{"name":"Doctor Umoh Lekki","alt_name":"","kind":"settlement","source":"grid3","ward":"Ikate\u2013Lekki","lga":"Eti Osa","is_primary":0,"in_plate":1},"geometry":{"type":"Point","coordinates":[3.47719,6.44669]}},{"type":"Feature","properties":{"name":"Durosinmi Etti Drive","alt_name":"","kind":"settlement","source":"grid3","ward":"Ikate\u2013Lekki","lga":"Eti Osa","is_primary":0,"in_plate":1},"geometry":{"type":"Point","coordinates":[3.46483,6.43722]}},{"type":"Feature","properties":{"name":"Ebute Elefun","alt_name":"","kind":"settlement","source":"grid3","ward":"Epetedo East","lga":"Lagos Island","is_primary":0,"in_plate":1},"geometry":{"type":"Point","coordinates":[3.39997,6.45429]}},{"type":"Feature","properties":{"name":"Ebute Metta","alt_name":"","kind":"settlement","source":"grid3","ward":"Ojo-Oniyun","lga":"Lagos Mainland","is_primary":0,"in_plate":1},"geometry":{"type":"Point","coordinates":[3.37453,6.4867]}},{"type":"Feature","properties":{"name":"Ebute Metta","alt_name":"","kind":"settlement","source":"grid3","ward":"Botanical Garden","lga":"Lagos Mainland","is_primary":0,"in_plate":1},"geometry":{"type":"Point","coordinates":[3.37472,6.48162]}},{"type":"Feature","properties":{"name":"Ebute Metta Lagos Mainland","alt_name":"","kind":"settlement","source":"grid3","ward":"Iponri\u2013Olaleye","lga":"Lagos Mainland","is_primary":0,"in_plate":1},"geometry":{"type":"Point","coordinates":[3.3724,6.49796]}},{"type":"Feature","properties":{"name":"Ecko Boys","alt_name":"","kind":"settlement","source":"grid3","ward":"Babalosa 2","lga":"Mushin","is_primary":0,"in_plate":1},"geometry":{"type":"Point","coordinates":[3.35869,6.5235]}},{"type":"Feature","properties":{"name":"Efon","alt_name":"","kind":"settlement","source":"grid3","ward":"Maroko\u2013Okun Alfa","lga":"Eti Osa","is_primary":0,"in_plate":1},"geometry":{"type":"Point","coordinates":[3.52149,6.43838]}},{"type":"Feature","properties":{"name":"Ekore Oworo","alt_name":"","kind":"settlement","source":"grid3","ward":"Seriki-Okuta","lga":"Shomolu","is_primary":0,"in_plate":1},"geometry":{"type":"Point","coordinates":[3.3962,6.54398]}},{"type":"Feature","properties":{"name":"Eleganza","alt_name":"","kind":"settlement","source":"grid3","ward":"Ajah","lga":"Eti Osa","is_primary":0,"in_plate":1},"geometry":{"type":"Point","coordinates":[3.55543,6.46614]}},{"type":"Feature","properties":{"name":"Elegba Street","alt_name":"","kind":"settlement","source":"grid3","ward":"Idi-Oro\u2013Odi Olowo","lga":"Mushin","is_primary":0,"in_plate":1},"geometry":{"type":"Point","coordinates":[3.35811,6.52797]}},{"type":"Feature","properties":{"name":"Elegushin","alt_name":"","kind":"settlement","source":"grid3","ward":"Ilasan\u2013Orile","lga":"Eti Osa","is_primary":0,"in_plate":1},"geometry":{"type":"Point","coordinates":[3.48158,6.42943]}},{"type":"Feature","properties":{"name":"Elegusi Beach Way","alt_name":"","kind":"settlement","source":"grid3","ward":"Ilasan\u2013Orile","lga":"Eti Osa","is_primary":0,"in_plate":1},"geometry":{"type":"Point","coordinates":[3.4883,6.43297]}},{"type":"Feature","properties":{"name":"Eriktola","alt_name":"","kind":"settlement","source":"grid3","ward":"Babalosa 2","lga":"Mushin","is_primary":0,"in_plate":1},"geometry":{"type":"Point","coordinates":[3.3576,6.52441]}},{"type":"Feature","properties":{"name":"Esugbayi","alt_name":"","kind":"settlement","source":"grid3","ward":"Otto","lga":"Lagos Mainland","is_primary":0,"in_plate":1},"geometry":{"type":"Point","coordinates":[3.38039,6.47483]}},{"type":"Feature","properties":{"name":"Eti Osa Indigenous Town","alt_name":"","kind":"settlement","source":"grid3","ward":"Ajah","lga":"Eti Osa","is_primary":0,"in_plate":1},"geometry":{"type":"Point","coordinates":[3.5613,6.46638]}},{"type":"Feature","properties":{"name":"Falomo","alt_name":"","kind":"settlement","source":"grid3","ward":"Falomo\u2013Oyinkan Abayomi","lga":"Eti Osa","is_primary":0,"in_plate":1},"geometry":{"type":"Point","coordinates":[3.43019,6.44371]}},{"type":"Feature","properties":{"name":"Falomo","alt_name":"","kind":"village","source":"osm","ward":"Falomo\u2013Oyinkan Abayomi","lga":"Eti Osa","is_primary":0,"in_plate":1},"geometry":{"type":"Point","coordinates":[3.43333,6.45]}},{"type":"Feature","properties":{"name":"Fatai Arobieke Crescent","alt_name":"","kind":"settlement","source":"grid3","ward":"Ikate\u2013Lekki","lga":"Eti Osa","is_primary":0,"in_plate":1},"geometry":{"type":"Point","coordinates":[3.47977,6.45485]}},{"type":"Feature","properties":{"name":"Folami Street","alt_name":"","kind":"settlement","source":"grid3","ward":"Babalosa 2","lga":"Mushin","is_primary":0,"in_plate":1},"geometry":{"type":"Point","coordinates":[3.36001,6.52264]}},{"type":"Feature","properties":{"name":"Freeman Glover","alt_name":"","kind":"settlement","source":"grid3","ward":"Freeman\u2013Glover","lga":"Lagos Mainland","is_primary":0,"in_plate":1},"geometry":{"type":"Point","coordinates":[3.38356,6.48684]}},{"type":"Feature","properties":{"name":"Gaskiya","alt_name":"","kind":"settlement","source":"grid3","ward":"Abete","lga":"Apapa","is_primary":0,"in_plate":1},"geometry":{"type":"Point","coordinates":[3.35684,6.4663]}},{"type":"Feature","properties":{"name":"Gbaja Community","alt_name":"","kind":"settlement","source":"grid3","ward":"Gbaja Obele-Odan","lga":"Surulere","is_primary":0,"in_plate":1},"geometry":{"type":"Point","coordinates":[3.3637,6.50408]}},{"type":"Feature","properties":{"name":"Gbelejo","alt_name":"","kind":"settlement","source":"grid3","ward":"Abraham Adesanya","lga":"Apapa","is_primary":0,"in_plate":1},"geometry":{"type":"Point","coordinates":[3.36313,6.41558]}},{"type":"Feature","properties":{"name":"Gbetho Street","alt_name":"","kind":"settlement","source":"grid3","ward":"Aderupoko\u2013Ijebu Qters","lga":"Lagos Mainland","is_primary":0,"in_plate":1},"geometry":{"type":"Point","coordinates":[3.38709,6.50465]}},{"type":"Feature","properties":{"name":"Gbolagas","alt_name":"","kind":"settlement","source":"grid3","ward":"Igbo-Efon\u2013Maiyegun","lga":"Eti Osa","is_primary":0,"in_plate":1},"geometry":{"type":"Point","coordinates":[3.5568,6.45167]}},{"type":"Feature","properties":{"name":"Gegede","alt_name":"","kind":"settlement","source":"grid3","ward":"Apese\u20136 Extension","lga":"Eti Osa","is_primary":0,"in_plate":1},"geometry":{"type":"Point","coordinates":[3.44977,6.43707]}},{"type":"Feature","properties":{"name":"Goblin Sabe Rd","alt_name":"","kind":"settlement","source":"grid3","ward":"Harvey","lga":"Lagos Mainland","is_primary":0,"in_plate":1},"geometry":{"type":"Point","coordinates":[3.3704,6.52073]}},{"type":"Feature","properties":{"name":"Greenville Estate","alt_name":"","kind":"settlement","source":"grid3","ward":"Badore\u2013Langbasa","lga":"Eti Osa","is_primary":0,"in_plate":1},"geometry":{"type":"Point","coordinates":[3.5936,6.50993]}},{"type":"Feature","properties":{"name":"Herbert Macaulay Way","alt_name":"","kind":"settlement","source":"grid3","ward":"Oyingbo","lga":"Lagos Mainland","is_primary":0,"in_plate":1},"geometry":{"type":"Point","coordinates":[3.38745,6.47941]}},{"type":"Feature","properties":{"name":"Herbert Macaulay Way","alt_name":"","kind":"settlement","source":"grid3","ward":"Iponri\u2013Olaleye","lga":"Lagos Mainland","is_primary":0,"in_plate":1},"geometry":{"type":"Point","coordinates":[3.38034,6.48827]}},{"type":"Feature","properties":{"name":"Herbert Macaulay Way","alt_name":"","kind":"settlement","source":"grid3","ward":"Harvey","lga":"Lagos Mainland","is_primary":0,"in_plate":1},"geometry":{"type":"Point","coordinates":[3.37756,6.51123]}},{"type":"Feature","properties":{"name":"Hi Tech","alt_name":"","kind":"settlement","source":"grid3","ward":"Sangotedo","lga":"Eti Osa","is_primary":0,"in_plate":1},"geometry":{"type":"Point","coordinates":[3.60363,6.4673]}},{"type":"Feature","properties":{"name":"Humuani","alt_name":"","kind":"settlement","source":"grid3","ward":"Okesuna\u2013Alase","lga":"Shomolu","is_primary":0,"in_plate":1},"geometry":{"type":"Point","coordinates":[3.38061,6.53304]}},{"type":"Feature","properties":{"name":"IDI Iroko Resettlement Scheme","alt_name":"","kind":"settlement","source":"grid3","ward":"Ajah","lga":"Eti Osa","is_primary":0,"in_plate":1},"geometry":{"type":"Point","coordinates":[3.56655,6.45183]}},{"type":"Feature","properties":{"name":"Ibikunle","alt_name":"","kind":"settlement","source":"grid3","ward":"Harvey","lga":"Lagos Mainland","is_primary":0,"in_plate":1},"geometry":{"type":"Point","coordinates":[3.37663,6.51349]}},{"type":"Feature","properties":{"name":"Ibrahimo","alt_name":"","kind":"settlement","source":"grid3","ward":"Idi-Oro\u2013Odi Olowo","lga":"Mushin","is_primary":0,"in_plate":1},"geometry":{"type":"Point","coordinates":[3.36097,6.52807]}},{"type":"Feature","properties":{"name":"Idado","alt_name":"","kind":"settlement","source":"grid3","ward":"Ajiran\u2013Osapa","lga":"Eti Osa","is_primary":0,"in_plate":1},"geometry":{"type":"Point","coordinates":[3.52169,6.43957]}},{"type":"Feature","properties":{"name":"Idiaraba","alt_name":"","kind":"settlement","source":"grid3","ward":"Babalosa 2","lga":"Mushin","is_primary":0,"in_plate":1},"geometry":{"type":"Point","coordinates":[3.35441,6.52307]}},{"type":"Feature","properties":{"name":"Idowu Lane","alt_name":"","kind":"settlement","source":"grid3","ward":"Babalosa 2","lga":"Mushin","is_primary":0,"in_plate":1},"geometry":{"type":"Point","coordinates":[3.35841,6.52152]}},{"type":"Feature","properties":{"name":"Idumagbo","alt_name":"","kind":"settlement","source":"grid3","ward":"Idi-Oro\u2013Odi Olowo","lga":"Mushin","is_primary":0,"in_plate":1},"geometry":{"type":"Point","coordinates":[3.35965,6.52893]}},{"type":"Feature","properties":{"name":"Idunmagbo","alt_name":"","kind":"settlement","source":"grid3","ward":"Anikantamo","lga":"Lagos Island","is_primary":0,"in_plate":1},"geometry":{"type":"Point","coordinates":[3.39313,6.45906]}},{"type":"Feature","properties":{"name":"Idunmota","alt_name":"","kind":"settlement","source":"grid3","ward":"Oke-Arin\u2013Idumota","lga":"Lagos Island","is_primary":0,"in_plate":1},"geometry":{"type":"Point","coordinates":[3.38772,6.46022]}},{"type":"Feature","properties":{"name":"Iganmu","alt_name":"","kind":"settlement","source":"grid3","ward":"Nuru Oniwo","lga":"Surulere","is_primary":0,"in_plate":1},"geometry":{"type":"Point","coordinates":[3.34859,6.49677]}},{"type":"Feature","properties":{"name":"Igbala","alt_name":"","kind":"settlement","source":"grid3","ward":"Maroko\u2013Okun Alfa","lga":"Eti Osa","is_primary":0,"in_plate":1},"geometry":{"type":"Point","coordinates":[3.50865,6.43443]}},{"type":"Feature","properties":{"name":"Igbarere","alt_name":"","kind":"settlement","source":"grid3","ward":"Idi-Oro\u2013Odi Olowo","lga":"Mushin","is_primary":0,"in_plate":1},"geometry":{"type":"Point","coordinates":[3.35968,6.52772]}},{"type":"Feature","properties":{"name":"Igbari","alt_name":"","kind":"settlement","source":"grid3","ward":"Igbari","lga":"Shomolu","is_primary":0,"in_plate":1},"geometry":{"type":"Point","coordinates":[3.38415,6.52759]}},{"type":"Feature","properties":{"name":"Igbehin","alt_name":"","kind":"settlement","source":"grid3","ward":"Igbehin","lga":"Mushin","is_primary":0,"in_plate":1},"geometry":{"type":"Point","coordinates":[3.33656,6.51866]}},{"type":"Feature","properties":{"name":"Igbeyin Adun","alt_name":"","kind":"settlement","source":"grid3","ward":"Idi-Oro\u2013Odi Olowo","lga":"Mushin","is_primary":0,"in_plate":1},"geometry":{"type":"Point","coordinates":[3.36182,6.52988]}},{"type":"Feature","properties":{"name":"Igbo Efon","alt_name":"","kind":"settlement","source":"grid3","ward":"Ajiran\u2013Osapa","lga":"Eti Osa","is_primary":0,"in_plate":1},"geometry":{"type":"Point","coordinates":[3.52155,6.44247]}},{"type":"Feature","properties":{"name":"Igbobi Sabe","alt_name":"","kind":"settlement","source":"grid3","ward":"Harvey","lga":"Lagos Mainland","is_primary":0,"in_plate":1},"geometry":{"type":"Point","coordinates":[3.3685,6.52237]}},{"type":"Feature","properties":{"name":"Igboefon","alt_name":"","kind":"village","source":"osm","ward":"Ilasan\u2013Orile","lga":"Eti Osa","is_primary":0,"in_plate":1},"geometry":{"type":"Point","coordinates":[3.5,6.43333]}},{"type":"Feature","properties":{"name":"Ijaye","alt_name":"","kind":"settlement","source":"grid3","ward":"Idi-Oro\u2013Odi Olowo","lga":"Mushin","is_primary":0,"in_plate":1},"geometry":{"type":"Point","coordinates":[3.36151,6.52941]}},{"type":"Feature","properties":{"name":"Ijero","alt_name":"","kind":"settlement","source":"grid3","ward":"Aloba\u2013Desalu","lga":"Lagos Mainland","is_primary":0,"in_plate":1},"geometry":{"type":"Point","coordinates":[3.37089,6.48388]}},{"type":"Feature","properties":{"name":"Ijero Lane","alt_name":"","kind":"settlement","source":"grid3","ward":"Aloba\u2013Desalu","lga":"Lagos Mainland","is_primary":0,"in_plate":1},"geometry":{"type":"Point","coordinates":[3.37086,6.48248]}},{"type":"Feature","properties":{"name":"Ijesha","alt_name":"","kind":"settlement","source":"grid3","ward":"Ogunsami\u2013Karounwi","lga":"Surulere","is_primary":0,"in_plate":1},"geometry":{"type":"Point","coordinates":[3.338,6.49961]}},{"type":"Feature","properties":{"name":"Ijeshatado","alt_name":"","kind":"settlement","source":"grid3","ward":"Airways","lga":"Surulere","is_primary":0,"in_plate":1},"geometry":{"type":"Point","coordinates":[3.32881,6.48793]}},{"type":"Feature","properties":{"name":"Ijora Badia","alt_name":"","kind":"settlement","source":"grid3","ward":"Owoseni","lga":"Apapa","is_primary":0,"in_plate":1},"geometry":{"type":"Point","coordinates":[3.35901,6.46911]}},{"type":"Feature","properties":{"name":"Ijora Oloye","alt_name":"","kind":"settlement","source":"grid3","ward":"Ijora","lga":"Apapa","is_primary":0,"in_plate":1},"geometry":{"type":"Point","coordinates":[3.36727,6.46897]}},{"type":"Feature","properties":{"name":"Ijoraolopa","alt_name":"","kind":"settlement","source":"grid3","ward":"Ijora","lga":"Apapa","is_primary":0,"in_plate":1},"geometry":{"type":"Point","coordinates":[3.37662,6.46931]}},{"type":"Feature","properties":{"name":"Ikate","alt_name":"","kind":"settlement","source":"grid3","ward":"Ilasan\u2013Orile","lga":"Eti Osa","is_primary":0,"in_plate":1},"geometry":{"type":"Point","coordinates":[3.484,6.43313]}},{"type":"Feature","properties":{"name":"Ikate Lekki","alt_name":"","kind":"settlement","source":"grid3","ward":"Ilasan\u2013Orile","lga":"Eti Osa","is_primary":0,"in_plate":1},"geometry":{"type":"Point","coordinates":[3.4921,6.43422]}},{"type":"Feature","properties":{"name":"Ikateahliapalm Sprung","alt_name":"","kind":"settlement","source":"grid3","ward":"Ikate\u2013Lekki","lga":"Eti Osa","is_primary":0,"in_plate":1},"geometry":{"type":"Point","coordinates":[3.49535,6.44795]}},{"type":"Feature","properties":{"name":"Ikota","alt_name":"","kind":"settlement","source":"grid3","ward":"Igbo-Efon\u2013Maiyegun","lga":"Eti Osa","is_primary":0,"in_plate":1},"geometry":{"type":"Point","coordinates":[3.54854,6.44779]}},{"type":"Feature","properties":{"name":"Ikota","alt_name":"","kind":"settlement","source":"grid3","ward":"Ajah","lga":"Eti Osa","is_primary":0,"in_plate":1},"geometry":{"type":"Point","coordinates":[3.55928,6.46645]}},{"type":"Feature","properties":{"name":"Ikota Bridge","alt_name":"","kind":"settlement","source":"grid3","ward":"Ajiran\u2013Osapa","lga":"Eti Osa","is_primary":0,"in_plate":1},"geometry":{"type":"Point","coordinates":[3.54851,6.44951]}},{"type":"Feature","properties":{"name":"Ikota First Gate","alt_name":"","kind":"settlement","source":"grid3","ward":"Igbo-Efon\u2013Maiyegun","lga":"Eti Osa","is_primary":0,"in_plate":1},"geometry":{"type":"Point","coordinates":[3.55533,6.45169]}},{"type":"Feature","properties":{"name":"Ikota Village Ajah","alt_name":"","kind":"settlement","source":"grid3","ward":"Ajah","lga":"Eti Osa","is_primary":0,"in_plate":1},"geometry":{"type":"Point","coordinates":[3.56598,6.44824]}},{"type":"Feature","properties":{"name":"Ikoyi","alt_name":"","kind":"settlement","source":"grid3","ward":"Ijeh\u2013Dolphin Estate","lga":"Eti Osa","is_primary":0,"in_plate":1},"geometry":{"type":"Point","coordinates":[3.41952,6.4588]}},{"type":"Feature","properties":{"name":"Ikoyi","alt_name":"","kind":"settlement","source":"grid3","ward":"Ikoyi 2","lga":"Eti Osa","is_primary":0,"in_plate":1},"geometry":{"type":"Point","coordinates":[3.42851,6.45178]}},{"type":"Feature","properties":{"name":"Ila","alt_name":"","kind":"settlement","source":"grid3","ward":"Alafia\u2013Adeoyo","lga":"Mushin","is_primary":0,"in_plate":1},"geometry":{"type":"Point","coordinates":[3.3455,6.52284]}},{"type":"Feature","properties":{"name":"Ilado","alt_name":"","kind":"village","source":"osm","ward":"Ilasan\u2013Orile","lga":"Eti Osa","is_primary":0,"in_plate":1},"geometry":{"type":"Point","coordinates":[3.46674,6.42849]}},{"type":"Feature","properties":{"name":"Ilado","alt_name":"","kind":"village","source":"osm","ward":"Abraham Adesanya","lga":"Apapa","is_primary":0,"in_plate":1},"geometry":{"type":"Point","coordinates":[3.37958,6.43233]}},{"type":"Feature","properties":{"name":"Ilaje","alt_name":"","kind":"settlement","source":"grid3","ward":"Akoka\u2013Anu-Oluwapo","lga":"Shomolu","is_primary":0,"in_plate":1},"geometry":{"type":"Point","coordinates":[3.39606,6.52808]}},{"type":"Feature","properties":{"name":"Ilasamaja","alt_name":"","kind":"settlement","source":"grid3","ward":"Alafia\u2013Adeoyo","lga":"Mushin","is_primary":0,"in_plate":1},"geometry":{"type":"Point","coordinates":[3.34419,6.52279]}},{"type":"Feature","properties":{"name":"Illupeju","alt_name":"","kind":"settlement","source":"grid3","ward":"Ilupeju Industrial","lga":"Mushin","is_primary":0,"in_plate":1},"geometry":{"type":"Point","coordinates":[3.35431,6.55467]}},{"type":"Feature","properties":{"name":"Imoba","alt_name":"","kind":"settlement","source":"grid3","ward":"Ikoyi 1","lga":"Eti Osa","is_primary":0,"in_plate":1},"geometry":{"type":"Point","coordinates":[3.44911,6.46547]}},{"type":"Feature","properties":{"name":"Imoru","alt_name":"","kind":"settlement","source":"grid3","ward":"Idi-Oro\u2013Odi Olowo","lga":"Mushin","is_primary":0,"in_plate":1},"geometry":{"type":"Point","coordinates":[3.36072,6.52706]}},{"type":"Feature","properties":{"name":"Iponri","alt_name":"","kind":"settlement","source":"grid3","ward":"Adeniran Ogunsanya","lga":"Surulere","is_primary":0,"in_plate":1},"geometry":{"type":"Point","coordinates":[3.35959,6.49385]}},{"type":"Feature","properties":{"name":"Iponri Community","alt_name":"","kind":"settlement","source":"grid3","ward":"Iponri\u2013Olaleye","lga":"Lagos Mainland","is_primary":0,"in_plate":1},"geometry":{"type":"Point","coordinates":[3.36674,6.48609]}},{"type":"Feature","properties":{"name":"Iranla","alt_name":"","kind":"settlement","source":"grid3","ward":"Addo\u2013Okeira","lga":"Eti Osa","is_primary":0,"in_plate":1},"geometry":{"type":"Point","coordinates":[3.60719,6.48749]}},{"type":"Feature","properties":{"name":"Iranla","alt_name":"","kind":"village","source":"osm","ward":"Addo\u2013Okeira","lga":"Eti Osa","is_primary":0,"in_plate":1},"geometry":{"type":"Point","coordinates":[3.61274,6.48883]}},{"type":"Feature","properties":{"name":"Irede","alt_name":"","kind":"settlement","source":"grid3","ward":"Abraham Adesanya","lga":"Apapa","is_primary":0,"in_plate":1},"geometry":{"type":"Point","coordinates":[3.37269,6.42999]}},{"type":"Feature","properties":{"name":"Iroko Awe","alt_name":"","kind":"settlement","source":"grid3","ward":"Ilasan\u2013Orile","lga":"Eti Osa","is_primary":0,"in_plate":1},"geometry":{"type":"Point","coordinates":[3.49761,6.42907]}},{"type":"Feature","properties":{"name":"Irokosu Street","alt_name":"","kind":"settlement","source":"grid3","ward":"Onitire","lga":"Mushin","is_primary":0,"in_plate":1},"geometry":{"type":"Point","coordinates":[3.3394,6.5175]}},{"type":"Feature","properties":{"name":"Iru","alt_name":"","kind":"settlement","source":"grid3","ward":"1004\u2013Aboyade","lga":"Eti Osa","is_primary":0,"in_plate":1},"geometry":{"type":"Point","coordinates":[3.43805,6.43334]}},{"type":"Feature","properties":{"name":"Isale Eko","alt_name":"","kind":"settlement","source":"grid3","ward":"Idunganran\u2013Idumagbo","lga":"Lagos Island","is_primary":0,"in_plate":1},"geometry":{"type":"Point","coordinates":[3.39196,6.46346]}},{"type":"Feature","properties":{"name":"Isaleeko","alt_name":"","kind":"settlement","source":"grid3","ward":"Idunganran\u2013Idumagbo","lga":"Lagos Island","is_primary":0,"in_plate":1},"geometry":{"type":"Point","coordinates":[3.39326,6.46376]}},{"type":"Feature","properties":{"name":"Ishaga","alt_name":"","kind":"settlement","source":"grid3","ward":"Igbehin","lga":"Mushin","is_primary":0,"in_plate":1},"geometry":{"type":"Point","coordinates":[3.34474,6.51966]}},{"type":"Feature","properties":{"name":"Itafaaji","alt_name":"","kind":"settlement","source":"grid3","ward":"Isale Gangan","lga":"Lagos Island","is_primary":0,"in_plate":1},"geometry":{"type":"Point","coordinates":[3.39194,6.45688]}},{"type":"Feature","properties":{"name":"Itire Ijeshatedo","alt_name":"","kind":"settlement","source":"grid3","ward":"Odo Eran\u2013Ogunlana","lga":"Mushin","is_primary":0,"in_plate":1},"geometry":{"type":"Point","coordinates":[3.32604,6.50518]}},{"type":"Feature","properties":{"name":"Itire Mushin","alt_name":"","kind":"settlement","source":"grid3","ward":"Onitire","lga":"Mushin","is_primary":0,"in_plate":1},"geometry":{"type":"Point","coordinates":[3.33626,6.50981]}},{"type":"Feature","properties":{"name":"Itire Surulere","alt_name":"","kind":"settlement","source":"grid3","ward":"Onitire","lga":"Mushin","is_primary":0,"in_plate":1},"geometry":{"type":"Point","coordinates":[3.33941,6.51424]}},{"type":"Feature","properties":{"name":"Itirin","alt_name":"","kind":"village","source":"osm","ward":"1004\u2013Aboyade","lga":"Eti Osa","is_primary":0,"in_plate":1},"geometry":{"type":"Point","coordinates":[3.43333,6.43332]}},{"type":"Feature","properties":{"name":"Itirin Town","alt_name":"","kind":"settlement","source":"grid3","ward":"Igbo-Efon\u2013Maiyegun","lga":"Eti Osa","is_primary":0,"in_plate":1},"geometry":{"type":"Point","coordinates":[3.56428,6.4414]}},{"type":"Feature","properties":{"name":"Iya Victoria Luth Road","alt_name":"","kind":"settlement","source":"grid3","ward":"Babalosa 2","lga":"Mushin","is_primary":0,"in_plate":1},"geometry":{"type":"Point","coordinates":[3.35458,6.52402]}},{"type":"Feature","properties":{"name":"Iyasunna","alt_name":"","kind":"settlement","source":"grid3","ward":"Idi-Oro\u2013Odi Olowo","lga":"Mushin","is_primary":0,"in_plate":1},"geometry":{"type":"Point","coordinates":[3.36155,6.52498]}},{"type":"Feature","properties":{"name":"Jakande","alt_name":"","kind":"town","source":"osm","ward":"Ilasan\u2013Orile","lga":"Eti Osa","is_primary":0,"in_plate":1},"geometry":{"type":"Point","coordinates":[3.50802,6.43442]}},{"type":"Feature","properties":{"name":"Jakande Gate","alt_name":"","kind":"settlement","source":"grid3","ward":"Ilasan\u2013Orile","lga":"Eti Osa","is_primary":0,"in_plate":1},"geometry":{"type":"Point","coordinates":[3.50216,6.43566]}},{"type":"Feature","properties":{"name":"Jakande Roundabout","alt_name":"","kind":"settlement","source":"grid3","ward":"Ajiran\u2013Osapa","lga":"Eti Osa","is_primary":0,"in_plate":1},"geometry":{"type":"Point","coordinates":[3.50849,6.44242]}},{"type":"Feature","properties":{"name":"Jidanu","alt_name":"","kind":"settlement","source":"grid3","ward":"Olateju","lga":"Mushin","is_primary":0,"in_plate":1},"geometry":{"type":"Point","coordinates":[3.35974,6.53486]}},{"type":"Feature","properties":{"name":"Jidanu","alt_name":"","kind":"settlement","source":"grid3","ward":"Babalosa 1","lga":"Mushin","is_primary":0,"in_plate":1},"geometry":{"type":"Point","coordinates":[3.36015,6.53135]}},{"type":"Feature","properties":{"name":"John Street","alt_name":"","kind":"settlement","source":"grid3","ward":"Babalosa 1","lga":"Mushin","is_primary":0,"in_plate":1},"geometry":{"type":"Point","coordinates":[3.35755,6.53114]}},{"type":"Feature","properties":{"name":"Joseph Harrison Street","alt_name":"","kind":"settlement","source":"grid3","ward":"Aderupoko\u2013Ijebu Qters","lga":"Lagos Mainland","is_primary":0,"in_plate":1},"geometry":{"type":"Point","coordinates":[3.38808,6.50513]}},{"type":"Feature","properties":{"name":"Kakawa","alt_name":"","kind":"settlement","source":"grid3","ward":"Olosun\u2013Ojo Oto","lga":"Lagos Island","is_primary":0,"in_plate":1},"geometry":{"type":"Point","coordinates":[3.38919,6.45347]}},{"type":"Feature","properties":{"name":"Kappa Mushin","alt_name":"","kind":"settlement","source":"grid3","ward":"Ilupeju Industrial","lga":"Mushin","is_primary":0,"in_plate":1},"geometry":{"type":"Point","coordinates":[3.35505,6.54796]}},{"type":"Feature","properties":{"name":"Kareem Agoro","alt_name":"","kind":"settlement","source":"grid3","ward":"Igbehin","lga":"Mushin","is_primary":0,"in_plate":1},"geometry":{"type":"Point","coordinates":[3.34254,6.52201]}},{"type":"Feature","properties":{"name":"Keffi Obalende","alt_name":"","kind":"settlement","source":"grid3","ward":"Obalende","lga":"Eti Osa","is_primary":0,"in_plate":1},"geometry":{"type":"Point","coordinates":[3.41499,6.44834]}},{"type":"Feature","properties":{"name":"Kekereowo","alt_name":"","kind":"settlement","source":"grid3","ward":"Igbehin","lga":"Mushin","is_primary":0,"in_plate":1},"geometry":{"type":"Point","coordinates":[3.34035,6.51888]}},{"type":"Feature","properties":{"name":"Kelani","alt_name":"","kind":"settlement","source":"grid3","ward":"Babalosa 2","lga":"Mushin","is_primary":0,"in_plate":1},"geometry":{"type":"Point","coordinates":[3.35519,6.52613]}},{"type":"Feature","properties":{"name":"Kirikiri Depot Sea","alt_name":"","kind":"settlement","source":"grid3","ward":"Abraham Adesanya","lga":"Apapa","is_primary":0,"in_plate":1},"geometry":{"type":"Point","coordinates":[3.33383,6.43528]}},{"type":"Feature","properties":{"name":"Kogi","alt_name":"Ejigun","kind":"settlement","source":"grid3","ward":"Orile Somolu\u2013Alade","lga":"Shomolu","is_primary":0,"in_plate":1},"geometry":{"type":"Point","coordinates":[3.37682,6.53561]}},{"type":"Feature","properties":{"name":"Kumuyi Street","alt_name":"","kind":"settlement","source":"grid3","ward":"Ojuwoye","lga":"Mushin","is_primary":0,"in_plate":1},"geometry":{"type":"Point","coordinates":[3.35584,6.53349]}},{"type":"Feature","properties":{"name":"Labinjo Lane","alt_name":"","kind":"settlement","source":"grid3","ward":"Babalosa 2","lga":"Mushin","is_primary":0,"in_plate":1},"geometry":{"type":"Point","coordinates":[3.35968,6.52544]}},{"type":"Feature","properties":{"name":"Ladilack","alt_name":"","kind":"settlement","source":"grid3","ward":"Aiyetoro\u2013Mafowoku","lga":"Shomolu","is_primary":0,"in_plate":1},"geometry":{"type":"Point","coordinates":[3.38672,6.54158]}},{"type":"Feature","properties":{"name":"Ladipo","alt_name":"","kind":"settlement","source":"grid3","ward":"Mushin\u2013Atewolara","lga":"Mushin","is_primary":0,"in_plate":1},"geometry":{"type":"Point","coordinates":[3.34836,6.53451]}},{"type":"Feature","properties":{"name":"Lafiaji","alt_name":"","kind":"settlement","source":"grid3","ward":"Odam","lga":"Lagos Island","is_primary":0,"in_plate":1},"geometry":{"type":"Point","coordinates":[3.40187,6.451]}},{"type":"Feature","properties":{"name":"Lagos Island","alt_name":"","kind":"town","source":"osm","ward":"Alagba\u2013Obadina","lga":"Lagos Island","is_primary":0,"in_plate":1},"geometry":{"type":"Point","coordinates":[3.3897,6.45459]}},{"type":"Feature","properties":{"name":"Lake Garden Phase 4","alt_name":"","kind":"settlement","source":"grid3","ward":"Okun Ajah\u2013Okunmopo","lga":"Eti Osa","is_primary":0,"in_plate":1},"geometry":{"type":"Point","coordinates":[3.59714,6.46041]}},{"type":"Feature","properties":{"name":"Lake Garden Phase 5","alt_name":"","kind":"settlement","source":"grid3","ward":"Okun Ajah\u2013Okunmopo","lga":"Eti Osa","is_primary":0,"in_plate":1},"geometry":{"type":"Point","coordinates":[3.59724,6.46061]}},{"type":"Feature","properties":{"name":"Langbasa","alt_name":"","kind":"settlement","source":"grid3","ward":"Badore\u2013Langbasa","lga":"Eti Osa","is_primary":0,"in_plate":1},"geometry":{"type":"Point","coordinates":[3.58146,6.50467]}},{"type":"Feature","properties":{"name":"Lawanson","alt_name":"","kind":"settlement","source":"grid3","ward":"Onitire","lga":"Mushin","is_primary":0,"in_plate":1},"geometry":{"type":"Point","coordinates":[3.34848,6.5126]}},{"type":"Feature","properties":{"name":"Lekki","alt_name":"","kind":"settlement","source":"grid3","ward":"Maroko\u2013Okun Alfa","lga":"Eti Osa","is_primary":0,"in_plate":1},"geometry":{"type":"Point","coordinates":[3.51097,6.43669]}},{"type":"Feature","properties":{"name":"Lekki Peninsula II","alt_name":"","kind":"town","source":"osm","ward":"Ajiran\u2013Osapa","lga":"Eti Osa","is_primary":0,"in_plate":1},"geometry":{"type":"Point","coordinates":[3.51984,6.43977]}},{"type":"Feature","properties":{"name":"Lekki Phase I","alt_name":"","kind":"town","source":"osm","ward":"Ikate\u2013Lekki","lga":"Eti Osa","is_primary":0,"in_plate":1},"geometry":{"type":"Point","coordinates":[3.47047,6.4414]}},{"type":"Feature","properties":{"name":"Lekki Phase One","alt_name":"","kind":"settlement","source":"grid3","ward":"Ikate\u2013Lekki","lga":"Eti Osa","is_primary":0,"in_plate":1},"geometry":{"type":"Point","coordinates":[3.47047,6.43711]}},{"type":"Feature","properties":{"name":"Liasu","alt_name":"","kind":"settlement","source":"grid3","ward":"Igbehin","lga":"Mushin","is_primary":0,"in_plate":1},"geometry":{"type":"Point","coordinates":[3.33787,6.52088]}},{"type":"Feature","properties":{"name":"Light House Abagbo 2","alt_name":"","kind":"settlement","source":"grid3","ward":"Tarkwa Bay","lga":"Eti Osa","is_primary":0,"in_plate":1},"geometry":{"type":"Point","coordinates":[3.38418,6.40434]}},{"type":"Feature","properties":{"name":"Light House Estate","alt_name":"","kind":"settlement","source":"grid3","ward":"Igbo-Efon\u2013Maiyegun","lga":"Eti Osa","is_primary":0,"in_plate":1},"geometry":{"type":"Point","coordinates":[3.54956,6.42974]}},{"type":"Feature","properties":{"name":"Lsdpc Estate","alt_name":"","kind":"settlement","source":"grid3","ward":"Okobaba","lga":"Lagos Mainland","is_primary":0,"in_plate":1},"geometry":{"type":"Point","coordinates":[3.38757,6.49089]}},{"type":"Feature","properties":{"name":"Luth Junction","alt_name":"","kind":"settlement","source":"grid3","ward":"Babalosa 2","lga":"Mushin","is_primary":0,"in_plate":1},"geometry":{"type":"Point","coordinates":[3.35527,6.52665]}},{"type":"Feature","properties":{"name":"Luth Junction Off Agege Motor Road","alt_name":"","kind":"settlement","source":"grid3","ward":"Babalosa 2","lga":"Mushin","is_primary":0,"in_plate":1},"geometry":{"type":"Point","coordinates":[3.35487,6.52637]}},{"type":"Feature","properties":{"name":"Luth Road","alt_name":"","kind":"settlement","source":"grid3","ward":"Babalosa 2","lga":"Mushin","is_primary":0,"in_plate":1},"geometry":{"type":"Point","coordinates":[3.35493,6.52514]}},{"type":"Feature","properties":{"name":"Mafowoku","alt_name":"","kind":"settlement","source":"grid3","ward":"Apelehin","lga":"Shomolu","is_primary":0,"in_plate":1},"geometry":{"type":"Point","coordinates":[3.38468,6.54735]}},{"type":"Feature","properties":{"name":"Majek Firstgate Abijo","alt_name":"","kind":"settlement","source":"grid3","ward":"Sangotedo","lga":"Eti Osa","is_primary":0,"in_plate":1},"geometry":{"type":"Point","coordinates":[3.65581,6.46944]}},{"type":"Feature","properties":{"name":"Marine","alt_name":"","kind":"settlement","source":"grid3","ward":"Oduduwa","lga":"Apapa","is_primary":0,"in_plate":1},"geometry":{"type":"Point","coordinates":[3.35578,6.44111]}},{"type":"Feature","properties":{"name":"Marine Beach","alt_name":"","kind":"settlement","source":"grid3","ward":"Marine Beach","lga":"Apapa","is_primary":0,"in_plate":1},"geometry":{"type":"Point","coordinates":[3.36078,6.45731]}},{"type":"Feature","properties":{"name":"Marker","alt_name":"","kind":"settlement","source":"grid3","ward":"Babalosa 1","lga":"Mushin","is_primary":0,"in_plate":1},"geometry":{"type":"Point","coordinates":[3.3563,6.53205]}},{"type":"Feature","properties":{"name":"Maroko","alt_name":"","kind":"settlement","source":"grid3","ward":"Ikate\u2013Lekki","lga":"Eti Osa","is_primary":0,"in_plate":1},"geometry":{"type":"Point","coordinates":[3.46235,6.44604]}},{"type":"Feature","properties":{"name":"Martins Street","alt_name":"","kind":"settlement","source":"grid3","ward":"Idi-Araba","lga":"Mushin","is_primary":0,"in_plate":1},"geometry":{"type":"Point","coordinates":[3.35761,6.52102]}},{"type":"Feature","properties":{"name":"Maruwa","alt_name":"","kind":"settlement","source":"grid3","ward":"Ikate\u2013Lekki","lga":"Eti Osa","is_primary":0,"in_plate":1},"geometry":{"type":"Point","coordinates":[3.46869,6.43225]}},{"type":"Feature","properties":{"name":"Mechanic Villiage","alt_name":"","kind":"settlement","source":"grid3","ward":"Onitire","lga":"Mushin","is_primary":0,"in_plate":1},"geometry":{"type":"Point","coordinates":[3.33641,6.51718]}},{"type":"Feature","properties":{"name":"Mega Chicken Settlement","alt_name":"","kind":"settlement","source":"grid3","ward":"Igbo-Efon\u2013Maiyegun","lga":"Eti Osa","is_primary":0,"in_plate":1},"geometry":{"type":"Point","coordinates":[3.55508,6.44973]}},{"type":"Feature","properties":{"name":"Megamound","alt_name":"","kind":"settlement","source":"grid3","ward":"Ajah","lga":"Eti Osa","is_primary":0,"in_plate":1},"geometry":{"type":"Point","coordinates":[3.57272,6.44058]}},{"type":"Feature","properties":{"name":"Moba","alt_name":"","kind":"settlement","source":"grid3","ward":"Ajah","lga":"Eti Osa","is_primary":0,"in_plate":1},"geometry":{"type":"Point","coordinates":[3.5705,6.45294]}},{"type":"Feature","properties":{"name":"Moba","alt_name":"","kind":"village","source":"osm","ward":"Ikate\u2013Lekki","lga":"Eti Osa","is_primary":0,"in_plate":1},"geometry":{"type":"Point","coordinates":[3.48085,6.45213]}},{"type":"Feature","properties":{"name":"Monasry","alt_name":"","kind":"settlement","source":"grid3","ward":"Sangotedo","lga":"Eti Osa","is_primary":0,"in_plate":1},"geometry":{"type":"Point","coordinates":[3.64099,6.45844]}},{"type":"Feature","properties":{"name":"Mopelola","alt_name":"","kind":"settlement","source":"grid3","ward":"Igbehin","lga":"Mushin","is_primary":0,"in_plate":1},"geometry":{"type":"Point","coordinates":[3.34203,6.52027]}},{"type":"Feature","properties":{"name":"Mopo-Akinlade","alt_name":"","kind":"village","source":"osm","ward":"Okun Ajah\u2013Okunmopo","lga":"Eti Osa","is_primary":0,"in_plate":1},"geometry":{"type":"Point","coordinates":[3.6213,6.42645]}},{"type":"Feature","properties":{"name":"Morocco","alt_name":"","kind":"settlement","source":"grid3","ward":"Igbobi\u2013Fadeyi","lga":"Shomolu","is_primary":0,"in_plate":1},"geometry":{"type":"Point","coordinates":[3.37432,6.52778]}},{"type":"Feature","properties":{"name":"Motayo Street","alt_name":"","kind":"settlement","source":"grid3","ward":"Babalosa 1","lga":"Mushin","is_primary":0,"in_plate":1},"geometry":{"type":"Point","coordinates":[3.35474,6.53089]}},{"type":"Feature","properties":{"name":"Muda Street","alt_name":"","kind":"settlement","source":"grid3","ward":"Babalosa 1","lga":"Mushin","is_primary":0,"in_plate":1},"geometry":{"type":"Point","coordinates":[3.35772,6.53111]}},{"type":"Feature","properties":{"name":"Mumuni Street","alt_name":"","kind":"settlement","source":"grid3","ward":"Babalosa 1","lga":"Mushin","is_primary":0,"in_plate":1},"geometry":{"type":"Point","coordinates":[3.35596,6.52998]}},{"type":"Feature","properties":{"name":"Muritala Mohammed Way","alt_name":"","kind":"settlement","source":"grid3","ward":"Harvey","lga":"Lagos Mainland","is_primary":0,"in_plate":1},"geometry":{"type":"Point","coordinates":[3.37076,6.51127]}},{"type":"Feature","properties":{"name":"Mushin Ajina","alt_name":"","kind":"settlement","source":"grid3","ward":"Ogunsami\u2013Karounwi","lga":"Surulere","is_primary":0,"in_plate":1},"geometry":{"type":"Point","coordinates":[3.33399,6.50323]}},{"type":"Feature","properties":{"name":"New Garage","alt_name":"","kind":"settlement","source":"grid3","ward":"Apelehin","lga":"Shomolu","is_primary":0,"in_plate":1},"geometry":{"type":"Point","coordinates":[3.39315,6.54804]}},{"type":"Feature","properties":{"name":"Nil","alt_name":"","kind":"settlement","source":"grid3","ward":"Igbo-Efon\u2013Maiyegun","lga":"Eti Osa","is_primary":0,"in_plate":1},"geometry":{"type":"Point","coordinates":[3.54689,6.43116]}},{"type":"Feature","properties":{"name":"Oba","alt_name":"","kind":"settlement","source":"grid3","ward":"Igbehin","lga":"Mushin","is_primary":0,"in_plate":1},"geometry":{"type":"Point","coordinates":[3.34208,6.52103]}},{"type":"Feature","properties":{"name":"Oba Lane","alt_name":"","kind":"settlement","source":"grid3","ward":"Igbehin","lga":"Mushin","is_primary":0,"in_plate":1},"geometry":{"type":"Point","coordinates":[3.34217,6.52144]}},{"type":"Feature","properties":{"name":"Obale","alt_name":"","kind":"settlement","source":"grid3","ward":"Badia","lga":"Apapa","is_primary":0,"in_plate":1},"geometry":{"type":"Point","coordinates":[3.36298,6.46892]}},{"type":"Feature","properties":{"name":"Obalemisoro","alt_name":"","kind":"settlement","source":"grid3","ward":"Ajah","lga":"Eti Osa","is_primary":0,"in_plate":1},"geometry":{"type":"Point","coordinates":[3.56427,6.44648]}},{"type":"Feature","properties":{"name":"Obalola Lane","alt_name":"","kind":"settlement","source":"grid3","ward":"Oyingbo","lga":"Lagos Mainland","is_primary":0,"in_plate":1},"geometry":{"type":"Point","coordinates":[3.3877,6.47927]}},{"type":"Feature","properties":{"name":"Obanikoro","alt_name":"","kind":"settlement","source":"grid3","ward":"Pedro\u2013Gbagada","lga":"Shomolu","is_primary":0,"in_plate":1},"geometry":{"type":"Point","coordinates":[3.36964,6.54977]}},{"type":"Feature","properties":{"name":"Obele Oniwala","alt_name":"","kind":"settlement","source":"grid3","ward":"Obele Oniwala","lga":"Surulere","is_primary":0,"in_plate":1},"geometry":{"type":"Point","coordinates":[3.35376,6.51493]}},{"type":"Feature","properties":{"name":"Odan","alt_name":"","kind":"settlement","source":"grid3","ward":"Ajele","lga":"Lagos Island","is_primary":0,"in_plate":1},"geometry":{"type":"Point","coordinates":[3.39538,6.44886]}},{"type":"Feature","properties":{"name":"Odi Olowo","alt_name":"","kind":"settlement","source":"grid3","ward":"Babalosa 1","lga":"Mushin","is_primary":0,"in_plate":1},"geometry":{"type":"Point","coordinates":[3.35701,6.53038]}},{"type":"Feature","properties":{"name":"Odi Olowo Mushin","alt_name":"","kind":"settlement","source":"grid3","ward":"Ojuwoye","lga":"Mushin","is_primary":0,"in_plate":1},"geometry":{"type":"Point","coordinates":[3.35513,6.53318]}},{"type":"Feature","properties":{"name":"Odo Aladura","alt_name":"","kind":"settlement","source":"grid3","ward":"Papa Ajao","lga":"Mushin","is_primary":0,"in_plate":1},"geometry":{"type":"Point","coordinates":[3.34282,6.54448]}},{"type":"Feature","properties":{"name":"Odo Olowu","alt_name":"","kind":"settlement","source":"grid3","ward":"Odo-Olowu","lga":"Surulere","is_primary":0,"in_plate":1},"geometry":{"type":"Point","coordinates":[3.32415,6.49724]}},{"type":"Feature","properties":{"name":"Odo Shimowu","alt_name":"","kind":"settlement","source":"grid3","ward":"Onitire","lga":"Mushin","is_primary":0,"in_plate":1},"geometry":{"type":"Point","coordinates":[3.34415,6.51746]}},{"type":"Feature","properties":{"name":"Odofin","alt_name":"","kind":"settlement","source":"grid3","ward":"Igbehin","lga":"Mushin","is_primary":0,"in_plate":1},"geometry":{"type":"Point","coordinates":[3.33935,6.51979]}},{"type":"Feature","properties":{"name":"Odunaike","alt_name":"","kind":"settlement","source":"grid3","ward":"Igbehin","lga":"Mushin","is_primary":0,"in_plate":1},"geometry":{"type":"Point","coordinates":[3.33751,6.51893]}},{"type":"Feature","properties":{"name":"Odunsi","alt_name":"","kind":"settlement","source":"grid3","ward":"Ilaje","lga":"Shomolu","is_primary":0,"in_plate":1},"geometry":{"type":"Point","coordinates":[3.39394,6.53533]}},{"type":"Feature","properties":{"name":"Oduntan","alt_name":"","kind":"settlement","source":"grid3","ward":"Babalosa 2","lga":"Mushin","is_primary":0,"in_plate":1},"geometry":{"type":"Point","coordinates":[3.35919,6.52529]}},{"type":"Feature","properties":{"name":"Offin","alt_name":"","kind":"settlement","source":"grid3","ward":"Oke-Olowogbowo","lga":"Lagos Island","is_primary":0,"in_plate":1},"geometry":{"type":"Point","coordinates":[3.38275,6.45956]}},{"type":"Feature","properties":{"name":"Ogayemi Close","alt_name":"","kind":"settlement","source":"grid3","ward":"Aderupoko\u2013Ijebu Qters","lga":"Lagos Mainland","is_primary":0,"in_plate":1},"geometry":{"type":"Point","coordinates":[3.38953,6.50149]}},{"type":"Feature","properties":{"name":"Ogogoro","alt_name":"","kind":"settlement","source":"grid3","ward":"Abraham Adesanya","lga":"Apapa","is_primary":0,"in_plate":1},"geometry":{"type":"Point","coordinates":[3.39271,6.42521]}},{"type":"Feature","properties":{"name":"Ogombo","alt_name":"","kind":"settlement","source":"grid3","ward":"Okun Ajah\u2013Okunmopo","lga":"Eti Osa","is_primary":0,"in_plate":1},"geometry":{"type":"Point","coordinates":[3.61177,6.45662]}},{"type":"Feature","properties":{"name":"Ogombo Ajah","alt_name":"","kind":"settlement","source":"grid3","ward":"Okun Ajah\u2013Okunmopo","lga":"Eti Osa","is_primary":0,"in_plate":1},"geometry":{"type":"Point","coordinates":[3.60712,6.4451]}},{"type":"Feature","properties":{"name":"Ogoyo Village","alt_name":"","kind":"settlement","source":"grid3","ward":"Ajah","lga":"Eti Osa","is_primary":0,"in_plate":1},"geometry":{"type":"Point","coordinates":[3.56892,6.45592]}},{"type":"Feature","properties":{"name":"Ogumbo","alt_name":"","kind":"settlement","source":"grid3","ward":"Okun Ajah\u2013Okunmopo","lga":"Eti Osa","is_primary":0,"in_plate":1},"geometry":{"type":"Point","coordinates":[3.62783,6.45688]}},{"type":"Feature","properties":{"name":"Ogumbo","alt_name":"","kind":"settlement","source":"grid3","ward":"Ibuowo\u2013Owotutu","lga":"Shomolu","is_primary":0,"in_plate":1},"geometry":{"type":"Point","coordinates":[3.37965,6.54229]}},{"type":"Feature","properties":{"name":"Ogungbaiye Street Luth Road","alt_name":"","kind":"settlement","source":"grid3","ward":"Babalosa 2","lga":"Mushin","is_primary":0,"in_plate":1},"geometry":{"type":"Point","coordinates":[3.35492,6.52487]}},{"type":"Feature","properties":{"name":"Ogunlana Avenue","alt_name":"","kind":"settlement","source":"grid3","ward":"Sangotedo","lga":"Eti Osa","is_primary":0,"in_plate":1},"geometry":{"type":"Point","coordinates":[3.61771,6.47518]}},{"type":"Feature","properties":{"name":"Ojo","alt_name":"","kind":"settlement","source":"grid3","ward":"Idi-Oro\u2013Odi Olowo","lga":"Mushin","is_primary":0,"in_plate":1},"geometry":{"type":"Point","coordinates":[3.36118,6.52649]}},{"type":"Feature","properties":{"name":"Ojomu","alt_name":"","kind":"village","source":"osm","ward":"Ajiran\u2013Osapa","lga":"Eti Osa","is_primary":0,"in_plate":1},"geometry":{"type":"Point","coordinates":[3.52063,6.45504]}},{"type":"Feature","properties":{"name":"Ojuelegba","alt_name":"","kind":"settlement","source":"grid3","ward":"Mosafejo Ojuelegba","lga":"Surulere","is_primary":0,"in_plate":1},"geometry":{"type":"Point","coordinates":[3.36637,6.50968]}},{"type":"Feature","properties":{"name":"Ojuwoye","alt_name":"","kind":"settlement","source":"grid3","ward":"Alafia\u2013Adeoyo","lga":"Mushin","is_primary":0,"in_plate":1},"geometry":{"type":"Point","coordinates":[3.34835,6.5285]}},{"type":"Feature","properties":{"name":"Ojuwoye","alt_name":"","kind":"settlement","source":"grid3","ward":"Babalosa 1","lga":"Mushin","is_primary":0,"in_plate":1},"geometry":{"type":"Point","coordinates":[3.35424,6.52866]}},{"type":"Feature","properties":{"name":"Ojuwoye Street","alt_name":"","kind":"settlement","source":"grid3","ward":"Babalosa 1","lga":"Mushin","is_primary":0,"in_plate":1},"geometry":{"type":"Point","coordinates":[3.3558,6.52906]}},{"type":"Feature","properties":{"name":"Oke Anaye Close","alt_name":"","kind":"settlement","source":"grid3","ward":"Aderupoko\u2013Ijebu Qters","lga":"Lagos Mainland","is_primary":0,"in_plate":1},"geometry":{"type":"Point","coordinates":[3.38771,6.50353]}},{"type":"Feature","properties":{"name":"Oke Arin","alt_name":"","kind":"settlement","source":"grid3","ward":"Oke-Arin\u2013Idumota","lga":"Lagos Island","is_primary":0,"in_plate":1},"geometry":{"type":"Point","coordinates":[3.38422,6.46024]}},{"type":"Feature","properties":{"name":"Oke Ira","alt_name":"","kind":"settlement","source":"grid3","ward":"Addo\u2013Okeira","lga":"Eti Osa","is_primary":0,"in_plate":1},"geometry":{"type":"Point","coordinates":[3.57947,6.48797]}},{"type":"Feature","properties":{"name":"Oko Agbo","alt_name":"","kind":"village","source":"osm","ward":"Tarkwa Bay","lga":"Eti Osa","is_primary":0,"in_plate":1},"geometry":{"type":"Point","coordinates":[3.38221,6.40397]}},{"type":"Feature","properties":{"name":"Oko Awo","alt_name":"","kind":"settlement","source":"grid3","ward":"Ilupesi\u2013Ebute Awo","lga":"Lagos Island","is_primary":0,"in_plate":1},"geometry":{"type":"Point","coordinates":[3.39063,6.45898]}},{"type":"Feature","properties":{"name":"Okobaba","alt_name":"","kind":"settlement","source":"grid3","ward":"Okobaba","lga":"Lagos Mainland","is_primary":0,"in_plate":1},"geometry":{"type":"Point","coordinates":[3.38987,6.49124]}},{"type":"Feature","properties":{"name":"Okooba Eleragbe Extension","alt_name":"","kind":"settlement","source":"grid3","ward":"Sangotedo","lga":"Eti Osa","is_primary":0,"in_plate":1},"geometry":{"type":"Point","coordinates":[3.63211,6.4721]}},{"type":"Feature","properties":{"name":"Okoya","alt_name":"","kind":"settlement","source":"grid3","ward":"Idi-Oro\u2013Odi Olowo","lga":"Mushin","is_primary":0,"in_plate":1},"geometry":{"type":"Point","coordinates":[3.36234,6.52933]}},{"type":"Feature","properties":{"name":"Okoya","alt_name":"","kind":"settlement","source":"grid3","ward":"Kayode\u2013Fadeyi","lga":"Mushin","is_primary":0,"in_plate":1},"geometry":{"type":"Point","coordinates":[3.36458,6.53198]}},{"type":"Feature","properties":{"name":"Okun Ajah","alt_name":"","kind":"settlement","source":"grid3","ward":"Okun Ajah\u2013Okunmopo","lga":"Eti Osa","is_primary":0,"in_plate":1},"geometry":{"type":"Point","coordinates":[3.58522,6.42655]}},{"type":"Feature","properties":{"name":"Okun Ajah","alt_name":"","kind":"settlement","source":"grid3","ward":"Igbo-Efon\u2013Maiyegun","lga":"Eti Osa","is_primary":0,"in_plate":1},"geometry":{"type":"Point","coordinates":[3.55859,6.42654]}},{"type":"Feature","properties":{"name":"Okun Ajah Baales Palace","alt_name":"","kind":"settlement","source":"grid3","ward":"Okun Ajah\u2013Okunmopo","lga":"Eti Osa","is_primary":0,"in_plate":1},"geometry":{"type":"Point","coordinates":[3.59875,6.42906]}},{"type":"Feature","properties":{"name":"Okun Alfa","alt_name":"","kind":"settlement","source":"grid3","ward":"Igbo-Efon\u2013Maiyegun","lga":"Eti Osa","is_primary":0,"in_plate":1},"geometry":{"type":"Point","coordinates":[3.5288,6.42441]}},{"type":"Feature","properties":{"name":"Okunade Street","alt_name":"","kind":"settlement","source":"grid3","ward":"Igbehin","lga":"Mushin","is_primary":0,"in_plate":1},"geometry":{"type":"Point","coordinates":[3.34535,6.52202]}},{"type":"Feature","properties":{"name":"Okunaja","alt_name":"","kind":"settlement","source":"grid3","ward":"Okun Ajah\u2013Okunmopo","lga":"Eti Osa","is_primary":0,"in_plate":1},"geometry":{"type":"Point","coordinates":[3.58252,6.42429]}},{"type":"Feature","properties":{"name":"Ola","alt_name":"","kind":"settlement","source":"grid3","ward":"Oduselu\u2013Ola","lga":"Mushin","is_primary":0,"in_plate":1},"geometry":{"type":"Point","coordinates":[3.33222,6.50576]}},{"type":"Feature","properties":{"name":"Olabode Olayemi","alt_name":"","kind":"settlement","source":"grid3","ward":"Aderupoko\u2013Ijebu Qters","lga":"Lagos Mainland","is_primary":0,"in_plate":1},"geometry":{"type":"Point","coordinates":[3.38921,6.50209]}},{"type":"Feature","properties":{"name":"Olafimihan Street","alt_name":"","kind":"settlement","source":"grid3","ward":"Igbehin","lga":"Mushin","is_primary":0,"in_plate":1},"geometry":{"type":"Point","coordinates":[3.34522,6.52234]}},{"type":"Feature","properties":{"name":"Olaideawoye","alt_name":"","kind":"settlement","source":"grid3","ward":"Onitire","lga":"Mushin","is_primary":0,"in_plate":1},"geometry":{"type":"Point","coordinates":[3.33704,6.51693]}},{"type":"Feature","properties":{"name":"Olaleye Community","alt_name":"","kind":"settlement","source":"grid3","ward":"Iponri\u2013Olaleye","lga":"Lagos Mainland","is_primary":0,"in_plate":1},"geometry":{"type":"Point","coordinates":[3.3687,6.4861]}},{"type":"Feature","properties":{"name":"Olaniyan","alt_name":"","kind":"settlement","source":"grid3","ward":"Babalosa 2","lga":"Mushin","is_primary":0,"in_plate":1},"geometry":{"type":"Point","coordinates":[3.35947,6.52178]}},{"type":"Feature","properties":{"name":"Olapade","alt_name":"","kind":"settlement","source":"grid3","ward":"Babalosa 1","lga":"Mushin","is_primary":0,"in_plate":1},"geometry":{"type":"Point","coordinates":[3.35612,6.52805]}},{"type":"Feature","properties":{"name":"Olarewaju","alt_name":"","kind":"settlement","source":"grid3","ward":"Igbehin","lga":"Mushin","is_primary":0,"in_plate":1},"geometry":{"type":"Point","coordinates":[3.34721,6.52401]}},{"type":"Feature","properties":{"name":"Ologun Agbaje Victoria Island","alt_name":"","kind":"settlement","source":"grid3","ward":"Lafiaji","lga":"Lagos Island","is_primary":0,"in_plate":1},"geometry":{"type":"Point","coordinates":[3.40683,6.44953]}},{"type":"Feature","properties":{"name":"Olokolo","alt_name":"","kind":"settlement","source":"grid3","ward":"Maroko\u2013Okun Alfa","lga":"Eti Osa","is_primary":0,"in_plate":1},"geometry":{"type":"Point","coordinates":[3.51641,6.43634]}},{"type":"Feature","properties":{"name":"Olokonla","alt_name":"","kind":"settlement","source":"grid3","ward":"Sangotedo","lga":"Eti Osa","is_primary":0,"in_plate":1},"geometry":{"type":"Point","coordinates":[3.60625,6.47492]}},{"type":"Feature","properties":{"name":"Olomowewe","alt_name":"","kind":"settlement","source":"grid3","ward":"Babalosa 1","lga":"Mushin","is_primary":0,"in_plate":1},"geometry":{"type":"Point","coordinates":[3.35994,6.53027]}},{"type":"Feature","properties":{"name":"Olorunshogo Mushin","alt_name":"","kind":"settlement","source":"grid3","ward":"Mushin\u2013Atewolara","lga":"Mushin","is_primary":0,"in_plate":1},"geometry":{"type":"Point","coordinates":[3.34932,6.53726]}},{"type":"Feature","properties":{"name":"Olosa","alt_name":"","kind":"settlement","source":"grid3","ward":"Kuramo School\u2013Lekki","lga":"Eti Osa","is_primary":0,"in_plate":1},"geometry":{"type":"Point","coordinates":[3.42938,6.42768]}},{"type":"Feature","properties":{"name":"Oloto","alt_name":"","kind":"settlement","source":"grid3","ward":"Botanical Garden","lga":"Lagos Mainland","is_primary":0,"in_plate":1},"geometry":{"type":"Point","coordinates":[3.37488,6.47996]}},{"type":"Feature","properties":{"name":"Oloto East","alt_name":"","kind":"settlement","source":"grid3","ward":"Oyingbo","lga":"Lagos Mainland","is_primary":0,"in_plate":1},"geometry":{"type":"Point","coordinates":[3.38707,6.47892]}},{"type":"Feature","properties":{"name":"Olowo","alt_name":"","kind":"settlement","source":"grid3","ward":"Babalosa 1","lga":"Mushin","is_primary":0,"in_plate":1},"geometry":{"type":"Point","coordinates":[3.35831,6.53141]}},{"type":"Feature","properties":{"name":"Olowogbowo","alt_name":"","kind":"settlement","source":"grid3","ward":"Oke-Olowogbowo","lga":"Lagos Island","is_primary":0,"in_plate":1},"geometry":{"type":"Point","coordinates":[3.3821,6.45543]}},{"type":"Feature","properties":{"name":"Olowu","alt_name":"","kind":"settlement","source":"grid3","ward":"Epetedo East","lga":"Lagos Island","is_primary":0,"in_plate":1},"geometry":{"type":"Point","coordinates":[3.40211,6.45594]}},{"type":"Feature","properties":{"name":"Olugborogan Palace","alt_name":"","kind":"settlement","source":"grid3","ward":"Igbo-Efon\u2013Maiyegun","lga":"Eti Osa","is_primary":0,"in_plate":1},"geometry":{"type":"Point","coordinates":[3.53831,6.43897]}},{"type":"Feature","properties":{"name":"Olumorokun Street","alt_name":"","kind":"settlement","source":"grid3","ward":"Babalosa 1","lga":"Mushin","is_primary":0,"in_plate":1},"geometry":{"type":"Point","coordinates":[3.35436,6.52915]}},{"type":"Feature","properties":{"name":"Olusanya Street","alt_name":"","kind":"settlement","source":"grid3","ward":"Onitire","lga":"Mushin","is_primary":0,"in_plate":1},"geometry":{"type":"Point","coordinates":[3.33843,6.51758]}},{"type":"Feature","properties":{"name":"Olusoji","alt_name":"","kind":"settlement","source":"grid3","ward":"Aiyetoro\u2013Mafowoku","lga":"Shomolu","is_primary":0,"in_plate":1},"geometry":{"type":"Point","coordinates":[3.39013,6.53919]}},{"type":"Feature","properties":{"name":"Oluwole","alt_name":"","kind":"settlement","source":"grid3","ward":"Oluwole","lga":"Lagos Island","is_primary":0,"in_plate":1},"geometry":{"type":"Point","coordinates":[3.38596,6.45629]}},{"type":"Feature","properties":{"name":"Omoniyi Street","alt_name":"","kind":"settlement","source":"grid3","ward":"Babalosa 2","lga":"Mushin","is_primary":0,"in_plate":1},"geometry":{"type":"Point","coordinates":[3.35611,6.52494]}},{"type":"Feature","properties":{"name":"Onala","alt_name":"","kind":"settlement","source":"grid3","ward":"Isale Gangan","lga":"Lagos Island","is_primary":0,"in_plate":1},"geometry":{"type":"Point","coordinates":[3.39182,6.45768]}},{"type":"Feature","properties":{"name":"Onayade Community","alt_name":"","kind":"settlement","source":"grid3","ward":"Harvey","lga":"Lagos Mainland","is_primary":0,"in_plate":1},"geometry":{"type":"Point","coordinates":[3.36842,6.52261]}},{"type":"Feature","properties":{"name":"Onikan","alt_name":"","kind":"settlement","source":"grid3","ward":"Odam","lga":"Lagos Island","is_primary":0,"in_plate":1},"geometry":{"type":"Point","coordinates":[3.4016,6.44494]}},{"type":"Feature","properties":{"name":"Onikoyi","alt_name":"","kind":"settlement","source":"grid3","ward":"Ikoyi 1","lga":"Eti Osa","is_primary":0,"in_plate":1},"geometry":{"type":"Point","coordinates":[3.44767,6.45474]}},{"type":"Feature","properties":{"name":"Onipanu","alt_name":"","kind":"settlement","source":"grid3","ward":"Ilupeju","lga":"Mushin","is_primary":0,"in_plate":1},"geometry":{"type":"Point","coordinates":[3.36221,6.54563]}},{"type":"Feature","properties":{"name":"Onipanu","alt_name":"","kind":"settlement","source":"grid3","ward":"Ilupeju Industrial","lga":"Mushin","is_primary":0,"in_plate":1},"geometry":{"type":"Point","coordinates":[3.36408,6.55246]}},{"type":"Feature","properties":{"name":"Oniru","alt_name":"","kind":"settlement","source":"grid3","ward":"Apese\u20136 Extension","lga":"Eti Osa","is_primary":0,"in_plate":1},"geometry":{"type":"Point","coordinates":[3.45246,6.43641]}},{"type":"Feature","properties":{"name":"Oniru Palace","alt_name":"","kind":"settlement","source":"grid3","ward":"Apese\u20136 Extension","lga":"Eti Osa","is_primary":0,"in_plate":1},"geometry":{"type":"Point","coordinates":[3.45008,6.43001]}},{"type":"Feature","properties":{"name":"Onitiri Lay Out","alt_name":"","kind":"settlement","source":"grid3","ward":"Onike\u2013Oyadiran","lga":"Lagos Mainland","is_primary":0,"in_plate":1},"geometry":{"type":"Point","coordinates":[3.38217,6.51525]}},{"type":"Feature","properties":{"name":"Onoyungbo","alt_name":"","kind":"settlement","source":"grid3","ward":"Igbehin","lga":"Mushin","is_primary":0,"in_plate":1},"geometry":{"type":"Point","coordinates":[3.34618,6.52135]}},{"type":"Feature","properties":{"name":"Opeloyeru","alt_name":"","kind":"settlement","source":"grid3","ward":"Idi-Oro\u2013Odi Olowo","lga":"Mushin","is_primary":0,"in_plate":1},"geometry":{"type":"Point","coordinates":[3.36184,6.52857]}},{"type":"Feature","properties":{"name":"Orange Island","alt_name":"","kind":"settlement","source":"grid3","ward":"Ikate\u2013Lekki","lga":"Eti Osa","is_primary":0,"in_plate":1},"geometry":{"type":"Point","coordinates":[3.48545,6.45358]}},{"type":"Feature","properties":{"name":"Oremeji","alt_name":"","kind":"settlement","source":"grid3","ward":"Onitire","lga":"Mushin","is_primary":0,"in_plate":1},"geometry":{"type":"Point","coordinates":[3.33744,6.5179]}},{"type":"Feature","properties":{"name":"Orile Iganmu","alt_name":"","kind":"settlement","source":"grid3","ward":"Sari","lga":"Apapa","is_primary":0,"in_plate":1},"geometry":{"type":"Point","coordinates":[3.34737,6.4789]}},{"type":"Feature","properties":{"name":"Orile Ilasan","alt_name":"","kind":"settlement","source":"grid3","ward":"Ilasan\u2013Orile","lga":"Eti Osa","is_primary":0,"in_plate":1},"geometry":{"type":"Point","coordinates":[3.49519,6.42956]}},{"type":"Feature","properties":{"name":"Osapa London","alt_name":"","kind":"settlement","source":"grid3","ward":"Ajiran\u2013Osapa","lga":"Eti Osa","is_primary":0,"in_plate":1},"geometry":{"type":"Point","coordinates":[3.51199,6.44052]}},{"type":"Feature","properties":{"name":"Osborne Ikoyi","alt_name":"","kind":"settlement","source":"grid3","ward":"Ikoyi 1","lga":"Eti Osa","is_primary":0,"in_plate":1},"geometry":{"type":"Point","coordinates":[3.42751,6.46052]}},{"type":"Feature","properties":{"name":"Otumara","alt_name":"","kind":"settlement","source":"grid3","ward":"Botanical Garden","lga":"Lagos Mainland","is_primary":0,"in_plate":1},"geometry":{"type":"Point","coordinates":[3.37466,6.47959]}},{"type":"Feature","properties":{"name":"Oweh","alt_name":"","kind":"settlement","source":"grid3","ward":"Harvey","lga":"Lagos Mainland","is_primary":0,"in_plate":1},"geometry":{"type":"Point","coordinates":[3.36977,6.5235]}},{"type":"Feature","properties":{"name":"Owode Orile Bariga","alt_name":"","kind":"settlement","source":"grid3","ward":"Owode\u2013Orile Bariga","lga":"Shomolu","is_primary":0,"in_plate":1},"geometry":{"type":"Point","coordinates":[3.38517,6.53455]}},{"type":"Feature","properties":{"name":"Owodunni","alt_name":"","kind":"settlement","source":"grid3","ward":"Owodunni","lga":"Mushin","is_primary":0,"in_plate":1},"geometry":{"type":"Point","coordinates":[3.36358,6.53682]}},{"type":"Feature","properties":{"name":"Owokere","alt_name":"","kind":"settlement","source":"grid3","ward":"Onitire","lga":"Mushin","is_primary":0,"in_plate":1},"geometry":{"type":"Point","coordinates":[3.33665,6.51703]}},{"type":"Feature","properties":{"name":"Owokoniran Street","alt_name":"","kind":"settlement","source":"grid3","ward":"Babalosa 2","lga":"Mushin","is_primary":0,"in_plate":1},"geometry":{"type":"Point","coordinates":[3.35906,6.52567]}},{"type":"Feature","properties":{"name":"Oyegbata","alt_name":"","kind":"settlement","source":"grid3","ward":"Igbehin","lga":"Mushin","is_primary":0,"in_plate":1},"geometry":{"type":"Point","coordinates":[3.33968,6.52034]}},{"type":"Feature","properties":{"name":"Oyegunle","alt_name":"","kind":"settlement","source":"grid3","ward":"Idi-Oro\u2013Odi Olowo","lga":"Mushin","is_primary":0,"in_plate":1},"geometry":{"type":"Point","coordinates":[3.36256,6.52662]}},{"type":"Feature","properties":{"name":"Oyinkan","alt_name":"","kind":"settlement","source":"grid3","ward":"Onitire","lga":"Mushin","is_primary":0,"in_plate":1},"geometry":{"type":"Point","coordinates":[3.34166,6.51827]}},{"type":"Feature","properties":{"name":"Ozumba Way","alt_name":"","kind":"settlement","source":"grid3","ward":"Victoria Island","lga":"Eti Osa","is_primary":0,"in_plate":1},"geometry":{"type":"Point","coordinates":[3.4222,6.43635]}},{"type":"Feature","properties":{"name":"Palmgrove","alt_name":"","kind":"settlement","source":"grid3","ward":"Ijebu Tedo","lga":"Shomolu","is_primary":0,"in_plate":1},"geometry":{"type":"Point","coordinates":[3.3684,6.54175]}},{"type":"Feature","properties":{"name":"Park View Estate","alt_name":"","kind":"settlement","source":"grid3","ward":"Ikoyi 1","lga":"Eti Osa","is_primary":0,"in_plate":1},"geometry":{"type":"Point","coordinates":[3.44121,6.45591]}},{"type":"Feature","properties":{"name":"Part Akanro","alt_name":"","kind":"settlement","source":"grid3","ward":"Igbehin","lga":"Mushin","is_primary":0,"in_plate":1},"geometry":{"type":"Point","coordinates":[3.33678,6.52092]}},{"type":"Feature","properties":{"name":"Peaceland Estate","alt_name":"","kind":"settlement","source":"grid3","ward":"Okun Ajah\u2013Okunmopo","lga":"Eti Osa","is_primary":0,"in_plate":1},"geometry":{"type":"Point","coordinates":[3.6156,6.45579]}},{"type":"Feature","properties":{"name":"Pedro","alt_name":"","kind":"settlement","source":"grid3","ward":"Pedro\u2013Gbagada","lga":"Shomolu","is_primary":0,"in_plate":1},"geometry":{"type":"Point","coordinates":[3.37591,6.54176]}},{"type":"Feature","properties":{"name":"Peninsula","alt_name":"","kind":"settlement","source":"grid3","ward":"Ikate\u2013Lekki","lga":"Eti Osa","is_primary":0,"in_plate":1},"geometry":{"type":"Point","coordinates":[3.46536,6.44721]}},{"type":"Feature","properties":{"name":"Peninsula II","alt_name":"","kind":"settlement","source":"grid3","ward":"Okun Ajah\u2013Okunmopo","lga":"Eti Osa","is_primary":0,"in_plate":1},"geometry":{"type":"Point","coordinates":[3.58801,6.45984]}},{"type":"Feature","properties":{"name":"Polo Aguda","alt_name":"","kind":"settlement","source":"grid3","ward":"Ajele","lga":"Lagos Island","is_primary":0,"in_plate":1},"geometry":{"type":"Point","coordinates":[3.39305,6.45271]}},{"type":"Feature","properties":{"name":"Post Office Road","alt_name":"","kind":"settlement","source":"grid3","ward":"Babalosa 1","lga":"Mushin","is_primary":0,"in_plate":1},"geometry":{"type":"Point","coordinates":[3.35562,6.53098]}},{"type":"Feature","properties":{"name":"Prince Lateef Ogunleye Palace Ogombo 2","alt_name":"","kind":"settlement","source":"grid3","ward":"Sangotedo","lga":"Eti Osa","is_primary":0,"in_plate":1},"geometry":{"type":"Point","coordinates":[3.60711,6.46791]}},{"type":"Feature","properties":{"name":"Progressive Estate","alt_name":"","kind":"settlement","source":"grid3","ward":"Aloba\u2013Desalu","lga":"Lagos Mainland","is_primary":0,"in_plate":1},"geometry":{"type":"Point","coordinates":[3.37146,6.48518]}},{"type":"Feature","properties":{"name":"Queens Drive","alt_name":"","kind":"settlement","source":"grid3","ward":"Falomo\u2013Oyinkan Abayomi","lga":"Eti Osa","is_primary":0,"in_plate":1},"geometry":{"type":"Point","coordinates":[3.45127,6.44304]}},{"type":"Feature","properties":{"name":"Raimi Oladimeji","alt_name":"","kind":"settlement","source":"grid3","ward":"Botanical Garden","lga":"Lagos Mainland","is_primary":0,"in_plate":1},"geometry":{"type":"Point","coordinates":[3.37447,6.47979]}},{"type":"Feature","properties":{"name":"Ramoni","alt_name":"","kind":"settlement","source":"grid3","ward":"Ramoni","lga":"Surulere","is_primary":0,"in_plate":1},"geometry":{"type":"Point","coordinates":[3.34586,6.50686]}},{"type":"Feature","properties":{"name":"Rasheed Line","alt_name":"","kind":"settlement","source":"grid3","ward":"Igbehin","lga":"Mushin","is_primary":0,"in_plate":1},"geometry":{"type":"Point","coordinates":[3.34529,6.51983]}},{"type":"Feature","properties":{"name":"Redemption Way","alt_name":"","kind":"settlement","source":"grid3","ward":"Oyingbo","lga":"Lagos Mainland","is_primary":0,"in_plate":1},"geometry":{"type":"Point","coordinates":[3.38747,6.48185]}},{"type":"Feature","properties":{"name":"Rev Williams Avenue","alt_name":"","kind":"settlement","source":"grid3","ward":"Onike\u2013Oyadiran","lga":"Lagos Mainland","is_primary":0,"in_plate":1},"geometry":{"type":"Point","coordinates":[3.38332,6.50369]}},{"type":"Feature","properties":{"name":"Sabo","alt_name":"","kind":"settlement","source":"grid3","ward":"Alagomeji","lga":"Lagos Mainland","is_primary":0,"in_plate":1},"geometry":{"type":"Point","coordinates":[3.37807,6.50587]}},{"type":"Feature","properties":{"name":"Sadiku Apapa Express","alt_name":"","kind":"settlement","source":"grid3","ward":"Alafia\u2013Adeoyo","lga":"Mushin","is_primary":0,"in_plate":1},"geometry":{"type":"Point","coordinates":[3.34278,6.5227]}},{"type":"Feature","properties":{"name":"Sakajojo","alt_name":"","kind":"settlement","source":"grid3","ward":"Igbehin","lga":"Mushin","is_primary":0,"in_plate":1},"geometry":{"type":"Point","coordinates":[3.34121,6.52052]}},{"type":"Feature","properties":{"name":"Saki Iganmu","alt_name":"","kind":"settlement","source":"grid3","ward":"Owoseni","lga":"Apapa","is_primary":0,"in_plate":1},"geometry":{"type":"Point","coordinates":[3.35422,6.46864]}},{"type":"Feature","properties":{"name":"Sakiru Anjorin Lake Phase 1","alt_name":"","kind":"settlement","source":"grid3","ward":"Ikate\u2013Lekki","lga":"Eti Osa","is_primary":0,"in_plate":1},"geometry":{"type":"Point","coordinates":[3.47307,6.45192]}},{"type":"Feature","properties":{"name":"Salamotu","alt_name":"","kind":"settlement","source":"grid3","ward":"Igbehin","lga":"Mushin","is_primary":0,"in_plate":1},"geometry":{"type":"Point","coordinates":[3.34163,6.52258]}},{"type":"Feature","properties":{"name":"Sangotedo","alt_name":"","kind":"settlement","source":"grid3","ward":"Sangotedo","lga":"Eti Osa","is_primary":0,"in_plate":1},"geometry":{"type":"Point","coordinates":[3.65626,6.47384]}},{"type":"Feature","properties":{"name":"Sangotedo","alt_name":"","kind":"town","source":"osm","ward":"Sangotedo","lga":"Eti Osa","is_primary":0,"in_plate":1},"geometry":{"type":"Point","coordinates":[3.63558,6.47102]}},{"type":"Feature","properties":{"name":"Sangotedo Lekki","alt_name":"","kind":"settlement","source":"grid3","ward":"Sangotedo","lga":"Eti Osa","is_primary":0,"in_plate":1},"geometry":{"type":"Point","coordinates":[3.62618,6.47521]}},{"type":"Feature","properties":{"name":"Sanusi I","alt_name":"","kind":"settlement","source":"grid3","ward":"Sanusi 1","lga":"Surulere","is_primary":0,"in_plate":1},"geometry":{"type":"Point","coordinates":[3.33253,6.50015]}},{"type":"Feature","properties":{"name":"Sari Iganmu","alt_name":"","kind":"settlement","source":"grid3","ward":"Alafia","lga":"Apapa","is_primary":0,"in_plate":1},"geometry":{"type":"Point","coordinates":[3.34593,6.47637]}},{"type":"Feature","properties":{"name":"Shodeinde Hughes Close","alt_name":"","kind":"settlement","source":"grid3","ward":"Aderupoko\u2013Ijebu Qters","lga":"Lagos Mainland","is_primary":0,"in_plate":1},"geometry":{"type":"Point","coordinates":[3.3882,6.50282]}},{"type":"Feature","properties":{"name":"Shogbesan","alt_name":"","kind":"settlement","source":"grid3","ward":"Igbehin","lga":"Mushin","is_primary":0,"in_plate":1},"geometry":{"type":"Point","coordinates":[3.34247,6.52185]}},{"type":"Feature","properties":{"name":"Shokunbi","alt_name":"","kind":"settlement","source":"grid3","ward":"Babalosa 1","lga":"Mushin","is_primary":0,"in_plate":1},"geometry":{"type":"Point","coordinates":[3.35852,6.53204]}},{"type":"Feature","properties":{"name":"Shomolu","alt_name":"","kind":"settlement","source":"grid3","ward":"Onipanu","lga":"Shomolu","is_primary":0,"in_plate":1},"geometry":{"type":"Point","coordinates":[3.36848,6.53588]}},{"type":"Feature","properties":{"name":"Shonola","alt_name":"","kind":"settlement","source":"grid3","ward":"Aloba\u2013Desalu","lga":"Lagos Mainland","is_primary":0,"in_plate":1},"geometry":{"type":"Point","coordinates":[3.37066,6.48322]}},{"type":"Feature","properties":{"name":"Smith Street","alt_name":"","kind":"settlement","source":"grid3","ward":"Idi-Oro\u2013Odi Olowo","lga":"Mushin","is_primary":0,"in_plate":1},"geometry":{"type":"Point","coordinates":[3.36319,6.52654]}},{"type":"Feature","properties":{"name":"Sojinu Close","alt_name":"","kind":"settlement","source":"grid3","ward":"Aderupoko\u2013Ijebu Qters","lga":"Lagos Mainland","is_primary":0,"in_plate":1},"geometry":{"type":"Point","coordinates":[3.38865,6.5024]}},{"type":"Feature","properties":{"name":"South Point Estate","alt_name":"","kind":"settlement","source":"grid3","ward":"Igbo-Efon\u2013Maiyegun","lga":"Eti Osa","is_primary":0,"in_plate":1},"geometry":{"type":"Point","coordinates":[3.5545,6.43155]}},{"type":"Feature","properties":{"name":"Stadium","alt_name":"","kind":"settlement","source":"grid3","ward":"Aralile","lga":"Surulere","is_primary":0,"in_plate":1},"geometry":{"type":"Point","coordinates":[3.36513,6.5024]}},{"type":"Feature","properties":{"name":"Surulere","alt_name":"","kind":"settlement","source":"grid3","ward":"Shitta Bank Olemoh","lga":"Surulere","is_primary":0,"in_plate":1},"geometry":{"type":"Point","coordinates":[3.35353,6.50518]}},{"type":"Feature","properties":{"name":"Surulere","alt_name":"","kind":"town","source":"osm","ward":"Shitta Bank Olemoh","lga":"Surulere","is_primary":0,"in_plate":1},"geometry":{"type":"Point","coordinates":[3.35712,6.5008]}},{"type":"Feature","properties":{"name":"Takway Bay","alt_name":"","kind":"settlement","source":"grid3","ward":"Abraham Adesanya","lga":"Apapa","is_primary":0,"in_plate":1},"geometry":{"type":"Point","coordinates":[3.39331,6.41254]}},{"type":"Feature","properties":{"name":"Thomas","alt_name":"","kind":"settlement","source":"grid3","ward":"Ojo-Oniyun","lga":"Lagos Mainland","is_primary":0,"in_plate":1},"geometry":{"type":"Point","coordinates":[3.37747,6.4831]}},{"type":"Feature","properties":{"name":"Thomas","alt_name":"","kind":"settlement","source":"grid3","ward":"Ajah","lga":"Eti Osa","is_primary":0,"in_plate":1},"geometry":{"type":"Point","coordinates":[3.57455,6.46993]}},{"type":"Feature","properties":{"name":"Tom Jones","alt_name":"","kind":"settlement","source":"grid3","ward":"Oke-Arin\u2013Idumota","lga":"Lagos Island","is_primary":0,"in_plate":1},"geometry":{"type":"Point","coordinates":[3.38768,6.45815]}},{"type":"Feature","properties":{"name":"Tomaro","alt_name":"","kind":"settlement","source":"grid3","ward":"Abraham Adesanya","lga":"Apapa","is_primary":0,"in_plate":1},"geometry":{"type":"Point","coordinates":[3.36235,6.41802]}},{"type":"Feature","properties":{"name":"Town Planning Way","alt_name":"","kind":"settlement","source":"grid3","ward":"Ilupeju Industrial","lga":"Mushin","is_primary":0,"in_plate":1},"geometry":{"type":"Point","coordinates":[3.35738,6.55667]}},{"type":"Feature","properties":{"name":"Twin Lake Estate","alt_name":"","kind":"settlement","source":"grid3","ward":"Ajiran\u2013Osapa","lga":"Eti Osa","is_primary":0,"in_plate":1},"geometry":{"type":"Point","coordinates":[3.53475,6.44505]}},{"type":"Feature","properties":{"name":"Unilag","alt_name":"","kind":"settlement","source":"grid3","ward":"Abule Oja","lga":"Lagos Mainland","is_primary":0,"in_plate":1},"geometry":{"type":"Point","coordinates":[3.38568,6.52391]}},{"type":"Feature","properties":{"name":"United Estate","alt_name":"","kind":"settlement","source":"grid3","ward":"Sangotedo","lga":"Eti Osa","is_primary":0,"in_plate":1},"geometry":{"type":"Point","coordinates":[3.63423,6.46731]}},{"type":"Feature","properties":{"name":"Unity Avenue","alt_name":"","kind":"settlement","source":"grid3","ward":"Igbehin","lga":"Mushin","is_primary":0,"in_plate":1},"geometry":{"type":"Point","coordinates":[3.33572,6.52206]}},{"type":"Feature","properties":{"name":"Victoria Island","alt_name":"","kind":"settlement","source":"grid3","ward":"1004\u2013Aboyade","lga":"Eti Osa","is_primary":0,"in_plate":1},"geometry":{"type":"Point","coordinates":[3.43051,6.43837]}},{"type":"Feature","properties":{"name":"Victoria Island","alt_name":"","kind":"town","source":"osm","ward":"Kuramo School\u2013Lekki","lga":"Eti Osa","is_primary":0,"in_plate":1},"geometry":{"type":"Point","coordinates":[3.42599,6.43003]}},{"type":"Feature","properties":{"name":"Wharf","alt_name":"","kind":"settlement","source":"grid3","ward":"Anjorin","lga":"Apapa","is_primary":0,"in_plate":1},"geometry":{"type":"Point","coordinates":[3.36663,6.45121]}},{"type":"Feature","properties":{"name":"Williams Ladega Street","alt_name":"","kind":"settlement","source":"grid3","ward":"Babalosa 1","lga":"Mushin","is_primary":0,"in_plate":1},"geometry":{"type":"Point","coordinates":[3.35607,6.53046]}},{"type":"Feature","properties":{"name":"Yaba","alt_name":"","kind":"settlement","source":"grid3","ward":"Harvey","lga":"Lagos Mainland","is_primary":0,"in_plate":1},"geometry":{"type":"Point","coordinates":[3.37463,6.51965]}},{"type":"Feature","properties":{"name":"Yaba Tech","alt_name":"","kind":"settlement","source":"grid3","ward":"Harvey","lga":"Lagos Mainland","is_primary":0,"in_plate":1},"geometry":{"type":"Point","coordinates":[3.37549,6.51567]}}]}