{"type":"FeatureCollection","features":[{"type":"Feature","properties":{"name":"Bashua East and West","label":"Bashua East and West","lga":"Shomolu","people":5185,"walk":5.71,"walk_clinic":6.07,"walk_school":5.34,"f15":100.0,"f15_health":100.0,"f15_school":100.0,"beyond":0,"clinics":1,"schools":1,"off_pct":0.0,"hexes":6,"gini":0.11,"share":0.22,"rank":1.0,"of":128,"reading":"Most people here already finish inside 15 minutes. Clinics and schools are about even. That is 29 points above the city as a whole.","places":"Bashua","place_n":1},"geometry":{"type":"Polygon","coordinates":[[[3.3769650048311632,6.533625800290507],[3.3773096969849803,6.533626632163419],[3.3778181340996407,6.533486634700466],[3.377756028717784,6.5331097189384195],[3.377683957948364,6.53274078915615],[3.377619953198348,6.532489529368319],[3.377623762726501,6.532252180293937],[3.3776136291656944,6.532034786276426],[3.3776035072961004,6.531833348030659],[3.3776013147489157,6.531570074199634],[3.3775811366601833,6.531256950947579],[3.3775369961355177,6.530899966860033],[3.3773913167559044,6.5307704330091365],[3.3771159038759038,6.530497391641347],[3.376996142957694,6.530357866322505],[3.376684707733148,6.529917311834539],[3.3765509515652075,6.529729928193659],[3.3764011478946827,6.529416902068419],[3.3761895509071,6.529142150190126],[3.3760761823699568,6.528977825166519],[3.376065772717311,6.528962737240591],[3.375933986963958,6.528741942886425],[3.375754365371734,6.528556588116089],[3.37520564582394,6.5281580949201725],[3.3750460584288935,6.528094388745103],[3.374559330948387,6.527923222578691],[3.374407986739243,6.528218523066413],[3.3742607317474267,6.528649446714666],[3.37410344931476,6.5290045871919915],[3.373842498432623,6.529405676730618],[3.3736717135787444,6.5303811191933505],[3.37366389667153,6.530596532004381],[3.3736962183058945,6.531152975829229],[3.3736905615701858,6.53159376683891],[3.3736510318696564,6.5320724786620294],[3.3736572974463575,6.532453426084771],[3.373527942560543,6.532822506053833],[3.373416538142749,6.533193568128694],[3.3733629277569435,6.533510734732659],[3.3733530199259576,6.533703484628178],[3.3737902073522155,6.533759006972615],[3.3742082419169033,6.533803373227158],[3.374579968590751,6.53379352295275],[3.374878280008659,6.533748624299619],[3.375151068666923,6.533710126121489],[3.375427058911668,6.533684391121823],[3.375900882919439,6.533661699427908],[3.3769650048311632,6.533625800290507]]]}},{"type":"Feature","properties":{"name":"Ikoyi 2","label":"Ikoyi 2","lga":"Eti Osa","people":13256,"walk":12.79,"walk_clinic":15.87,"walk_school":9.7,"f15":70.23,"f15_health":53.26,"f15_school":95.01,"beyond":3946,"clinics":1,"schools":10,"off_pct":0.0,"hexes":31,"gini":0.21,"share":0.57,"rank":113.0,"of":128,"reading":"About half the people here can walk to clinics and schools in 15 minutes. Clinics are the weaker of the two services.","places":"Ikoyi","place_n":1},"geometry":{"type":"Polygon","coordinates":[[[3.4169168066653692,6.45165557794263],[3.4172601129639015,6.451730358369387],[3.4211020140467663,6.453239179744401],[3.4209818772118865,6.453354875726974],[3.4208348974126466,6.453606155299894],[3.4217812450085034,6.454002348029974],[3.4214136552160426,6.4548131129348585],[3.4214027059701375,6.455278298954397],[3.4212601391441804,6.455520137444409],[3.4212887420818556,6.456000574167205],[3.4212894489489827,6.456024271303136],[3.4214568010905286,6.4559459844197145],[3.421698133262282,6.456118110162722],[3.4222049488993203,6.457886894064983],[3.42510994706646,6.456953922085858],[3.4310909144141983,6.454717478129168],[3.430095158065115,6.452007071669071],[3.4287425120573403,6.448268757197411],[3.4265072120382456,6.442061068963199],[3.425556793211513,6.441943284754814],[3.4254454697326646,6.441888891059533],[3.425342550418407,6.4418309612299245],[3.423662232825848,6.441586136990679],[3.4234627191292475,6.4415554260421],[3.4219295108383108,6.441258521163887],[3.419524236254574,6.439877611262772],[3.4191906003659374,6.439636251212051],[3.418993706394474,6.439456647606277],[3.417788883750007,6.439285783612092],[3.41726014264151,6.439481794449306],[3.4174044361658393,6.440358103743562],[3.417353307908854,6.441035958742532],[3.417302353221089,6.441926347822743],[3.418652052150548,6.442195219933525],[3.4182575015825023,6.444246215590454],[3.4181259748339134,6.444918392270037],[3.4181149608368173,6.445492818039155],[3.4181956471114745,6.445848892012804],[3.4186100349252233,6.4469801546105145],[3.418978104056293,6.447646177229331],[3.4189610699974082,6.447881703377959],[3.4185537832305504,6.448410502043088],[3.4180258524112332,6.448876213266659],[3.417337029280531,6.449221427926602],[3.4173371650781514,6.449388009349207],[3.4172742512057543,6.4496982457774825],[3.4170456390450563,6.4510310833179005],[3.4169168066653692,6.45165557794263]]]}},{"type":"Feature","properties":{"name":"Babalosa 2","label":"Babalosa 2","lga":"Mushin","people":11462,"walk":4.84,"walk_clinic":5.12,"walk_school":4.57,"f15":100.0,"f15_health":100.0,"f15_school":100.0,"beyond":0,"clinics":5,"schools":8,"off_pct":0.0,"hexes":13,"gini":0.16,"share":0.49,"rank":1.0,"of":128,"reading":"Most people here already finish inside 15 minutes. Clinics and schools are about even. That is 29 points above the city as a whole.","places":"Ogungbaiye, Adeyanju Street, Adeyemi, Adeyemi Off Omoniyi, Aluko Street, Apesin Street Luth Road, Cardoso Street, Cardoso Street Luth Road and 17 others","place_n":25},"geometry":{"type":"Polygon","coordinates":[[[3.3570777739201954,6.526484721892473],[3.357077593156476,6.526484520444286],[3.357101695886626,6.526480655158139],[3.357527445735059,6.526412398413527],[3.3579342540626276,6.526383388082933],[3.3588244183122815,6.526282232339212],[3.3593507987004614,6.526138251778946],[3.360699795259393,6.525136839593528],[3.3618744141729167,6.5242543438629355],[3.361171878179675,6.523576514044919],[3.3608844440618673,6.523209090627064],[3.3608211677627082,6.523071275818779],[3.361211489718528,6.5227493212242385],[3.3617394682019612,6.522168779165894],[3.361699160587819,6.522025203300531],[3.3611243813851384,6.521410985228841],[3.360877209016053,6.521123952208654],[3.360756446253049,6.52091150266375],[3.359486656583954,6.520211616972573],[3.359354504806617,6.520137037094627],[3.359004008428314,6.519924751226313],[3.3582698046078576,6.521263671781072],[3.3577642147467377,6.521022773981884],[3.356995437389571,6.522206624436193],[3.355915509892896,6.521971875301858],[3.35097109663883,6.522928878065329],[3.3510761140714753,6.5234436464072],[3.3510821251400107,6.523828503182926],[3.35115132617284,6.524230548700927],[3.3513756116951754,6.524649720008597],[3.351485045698326,6.525091948134957],[3.3515829009301683,6.525402065852689],[3.351657854026769,6.525815596612516],[3.3516696378435427,6.5262406602782885],[3.351830531054191,6.526349686888579],[3.352203434041314,6.525746284963132],[3.35235260728706,6.525522156822147],[3.35280088605208,6.525935425879256],[3.3531341307356115,6.526113263216586],[3.3535821208182597,6.5261129493532035],[3.3542141553590454,6.5264743895814386],[3.354541766689237,6.5268073239988675],[3.3548414333855026,6.527040089228762],[3.3550491057316663,6.526903683658133],[3.355964074182737,6.526680928781901],[3.3565115472701446,6.526580976331046],[3.3570777739201954,6.526484721892473]]]}},{"type":"Feature","properties":{"name":"Apese\u20136 Extension","label":"Apese\u20136 Extension","lga":"Eti Osa","people":33417,"walk":13.81,"walk_clinic":11.41,"walk_school":16.21,"f15":58.49,"f15_health":75.12,"f15_school":35.02,"beyond":13870,"clinics":9,"schools":3,"off_pct":0.0,"hexes":58,"gini":0.15,"share":1.44,"rank":117.0,"of":128,"reading":"About half the people here can walk to clinics and schools in 15 minutes. Schools are the weaker of the two services. That is 12 points below the city as a whole.","places":"Dideolu Estate, Gegede, Oniru, Oniru Palace","place_n":4},"geometry":{"type":"Polygon","coordinates":[[[3.4567331634048055,6.433985987963012],[3.4567626287923194,6.433895857008224],[3.4569127939902837,6.432537226911564],[3.456955697947137,6.432068857291995],[3.4571022874406485,6.429408802074591],[3.4574848491465104,6.423191280653098],[3.457413342251982,6.4225334175832245],[3.4572783719993367,6.42109344920334],[3.4572487870019586,6.4200127743700905],[3.45724359701444,6.419728772065242],[3.4534062509977157,6.419288331791108],[3.4486397641138637,6.418746832900069],[3.446652939581554,6.418714103872842],[3.4429492193310693,6.418700087039441],[3.4399517456765802,6.418639484424716],[3.4395042151474517,6.4190591917283655],[3.437392741881581,6.420996784673945],[3.4346946867104866,6.421923893972575],[3.4339656189182506,6.4221542786970645],[3.433586723748362,6.422263739679863],[3.430424059023153,6.423817334702278],[3.430112604013516,6.422180505625874],[3.428616806620368,6.421712876148377],[3.4292907270854585,6.424193795407405],[3.4306237363963423,6.425151953799683],[3.4312556890988053,6.425513304095773],[3.4315041969611575,6.425696334118584],[3.4316153747498106,6.425887713447253],[3.4316614910849808,6.426098294200981],[3.4315462978234454,6.426366835361193],[3.4310386772931447,6.427045075270031],[3.4307837977341364,6.427366388647954],[3.4309026980011486,6.4276343497455155],[3.4309469707261546,6.427931095443739],[3.4308476756797286,6.42821264439806],[3.4307559484283274,6.428390790202855],[3.4306777433831717,6.428714443616742],[3.4306625493372285,6.428856147093541],[3.430724113327244,6.4292275509108086],[3.4309273106468936,6.429587348077687],[3.431427465005527,6.43026665368319],[3.431617282211846,6.430645609107614],[3.431648353788546,6.431175960901897],[3.4315414207999884,6.431548891767987],[3.4314681917037433,6.432046065773363],[3.4320191199864216,6.432415578316351],[3.431915543267735,6.432685838081],[3.4320499991082443,6.432706286865709],[3.4321842436079915,6.432710564041374],[3.4327770371306197,6.432741345137003],[3.4334063116519933,6.432745903800479],[3.433592351705727,6.432752163981205],[3.4338075891489552,6.432727663750711],[3.433798469124099,6.432093829666542],[3.4343867030839306,6.432048230441524],[3.435818529901269,6.432080150078888],[3.4369767586705393,6.432148548916472],[3.4371687747192254,6.432226218864967],[3.438588559614402,6.432232140001302],[3.440743943178461,6.43372092538044],[3.441085281760366,6.433796973851315],[3.441304158759976,6.43388817320067],[3.4413754174416336,6.434043129986492],[3.4416301962766056,6.434177730617819],[3.442040592899104,6.434469567816337],[3.44246010864714,6.434770525039766],[3.4425786680711212,6.434898203589284],[3.442587788095978,6.435290360162014],[3.442686836728171,6.435557793357532],[3.44298450423156,6.43557763779779],[3.4431851420806647,6.435878595021165],[3.443385779929827,6.4360245136204535],[3.4438740146740647,6.436157669041221],[3.443942095151612,6.436352830918452],[3.4454195220933452,6.436918265265773],[3.4472799837842554,6.437283061763936],[3.44842909432731,6.4370277037655805],[3.4499794796693095,6.437428981262543],[3.4507820319652756,6.437830256960864],[3.451322204356302,6.437461140119582],[3.451348827886136,6.437475022954003],[3.451958239081535,6.437764646920983],[3.453426834680726,6.437267404567136],[3.453988009838838,6.437158288024648],[3.4548818100475387,6.436176529623196],[3.4567882028133567,6.434492835975676],[3.4567331634048055,6.433985987963012]]]}},{"type":"Feature","properties":{"name":"Victoria Island","label":"Victoria Island","lga":"Eti Osa","people":25000,"walk":14.18,"walk_clinic":13.42,"walk_school":14.94,"f15":65.72,"f15_health":74.51,"f15_school":48.73,"beyond":8570,"clinics":5,"schools":4,"off_pct":0.0,"hexes":55,"gini":0.09,"share":1.07,"rank":114.0,"of":128,"reading":"About half the people here can walk to clinics and schools in 15 minutes. Schools are the weaker of the two services.","places":"Akin Adeshola, Ozumba Way","place_n":2},"geometry":{"type":"Polygon","coordinates":[[[3.410712356889803,6.442169246613502],[3.410805231676136,6.442201042144406],[3.4110984097638384,6.442093781802613],[3.411999395555711,6.441661165630364],[3.4143841503083654,6.440080864340471],[3.4153316157614877,6.439905671909288],[3.416293383133165,6.439687577319889],[3.4168940403277475,6.439573165569185],[3.416957698838758,6.4395215498796565],[3.41726014264151,6.439481794449306],[3.417788883750007,6.439285783612092],[3.418993706394474,6.439456647606277],[3.4191906003659374,6.439636251212051],[3.419524236254574,6.439877611262772],[3.4219295108383108,6.441258521163887],[3.4234627191292475,6.4415554260421],[3.423662232825848,6.441586136990679],[3.425342550418407,6.4418309612299245],[3.4254454697326646,6.441888891059533],[3.425556793211513,6.441943284754814],[3.4265072120382456,6.442061068963199],[3.4258934436275585,6.440575755866461],[3.4257095520542293,6.4404150721978795],[3.4244513465524733,6.437375536351965],[3.424090573621129,6.436272954033654],[3.4239749010209266,6.435277392837462],[3.423939617019755,6.433517898032619],[3.4239630983183815,6.433409436196598],[3.423963527294972,6.433393992139087],[3.423955052983331,6.433364745286837],[3.423947009446976,6.433260165824039],[3.423950584252111,6.433135922684755],[3.423968035596431,6.433129027582595],[3.4239685733909933,6.433127878249025],[3.423969415156421,6.433127728062231],[3.423969801864928,6.433126984322939],[3.423970404410682,6.433126905182577],[3.423973823633105,6.43260856023693],[3.42409181018894,6.426687791708275],[3.423970926017489,6.423736830989981],[3.423955162700622,6.422718210277253],[3.4238696884354454,6.421201816610619],[3.4239607726715917,6.4202443776759415],[3.4216404399543876,6.419664216930131],[3.418676909411886,6.418992662581386],[3.4159737047227163,6.418328540229991],[3.413224463738061,6.417534237415168],[3.4129341922592293,6.418361634381994],[3.412430302116775,6.420131251056432],[3.4118960166878765,6.422191928814527],[3.4112303852741093,6.422774541112232],[3.4105878232694526,6.423487336571384],[3.410167306575999,6.424215271217861],[3.4096475865669054,6.425356867025868],[3.409311362429492,6.426176640439677],[3.4091130601196933,6.42713416301126],[3.40892273299778,6.428489944055739],[3.4089085336020157,6.429883878837985],[3.4089106892769228,6.4325798152063385],[3.4087363521010157,6.434785722682989],[3.4084691761116233,6.435789254570466],[3.407781327846067,6.437344564600039],[3.4072917171390595,6.437858101770018],[3.4060750783022513,6.4388087769035565],[3.404567569038136,6.4398669039345],[3.402883645164138,6.440808715349989],[3.4030584373970214,6.441407646745576],[3.4031600670834905,6.441530003107231],[3.404075271156899,6.441874481222385],[3.405409680712239,6.442953783690198],[3.4064224972005372,6.443025144894591],[3.406840390571631,6.442937421424914],[3.4081610512915295,6.443042493716177],[3.4087097573494707,6.442708939665864],[3.4093700072201045,6.44250365322108],[3.410364303070196,6.442243956893151],[3.410712356889803,6.442169246613502]]]}},{"type":"Feature","properties":{"name":"Ikoyi 1","label":"Ikoyi 1","lga":"Eti Osa","people":50469,"walk":33.59,"walk_clinic":42.7,"walk_school":24.47,"f15":0.0,"f15_health":0.0,"f15_school":27.83,"beyond":50469,"clinics":0,"schools":14,"off_pct":3.34,"hexes":81,"gini":0.22,"share":2.17,"rank":128.0,"of":128,"reading":"Almost nobody here is within a 15-minute walk of clinics and schools. Clinics are the weaker of the two services. That is 71 points below the city as a whole.","places":"Alfred Way, Banana Island, Imoba, Onikoyi, Osborne Ikoyi, Park View Estate","place_n":6},"geometry":{"type":"Polygon","coordinates":[[[3.4584812521081294,6.450993033002134],[3.4584675536347618,6.450989445606467],[3.4584975640113957,6.451090908019013],[3.457782495965488,6.452138484203715],[3.457664509409654,6.453186058589777],[3.4580792488582683,6.453346949102467],[3.4583760026504256,6.453429182211038],[3.458690633166214,6.4535972232333165],[3.4591840300190033,6.453786715784358],[3.460040324901115,6.454337319411819],[3.4602709335567856,6.454446366706519],[3.460446125987971,6.45479853762248],[3.460555174181991,6.454941552310856],[3.460541711330962,6.455201547213676],[3.4605734421107286,6.455351152134028],[3.4605448391730533,6.4553810959608295],[3.460546180062181,6.455428915612003],[3.460380819918953,6.455656844287999],[3.4603772451138184,6.45566935835427],[3.460231550445769,6.456220854109174],[3.4601645122824602,6.456775031642449],[3.460089429683478,6.456912682774146],[3.460060826745803,6.457120052948141],[3.459714019386524,6.457404292674028],[3.4589917999316526,6.45769747076173],[3.458619964439834,6.457872663192916],[3.4581212040303626,6.458385723722246],[3.45776903221514,6.458757560113383],[3.457229155701043,6.459032860578078],[3.456828717271549,6.459286711312699],[3.4564676079937726,6.459533408839774],[3.455066073040882,6.459973176420988],[3.4539005120989827,6.460723997914215],[3.4535644300544277,6.461052930348499],[3.4529137165948214,6.46130320358003],[3.4525561830215,6.461188792728649],[3.452291607871473,6.461203093747827],[3.450757786242889,6.459011409049309],[3.4505039364075856,6.45877901164215],[3.4503913134084314,6.458510860787667],[3.4504431548277807,6.458423265021736],[3.450419916346107,6.45833030569912],[3.450586168616837,6.458239135128053],[3.4506916420057223,6.458090757782316],[3.450722031896305,6.457906627888633],[3.4506469501966417,6.457810093760884],[3.4505450534115307,6.4577064091235465],[3.4502876278717736,6.4574561349926975],[3.450198245152933,6.457398930016667],[3.4501553402967597,6.457248764818699],[3.4500302032313357,6.45688407983647],[3.450119586849496,6.455766786408106],[3.4505253879363518,6.455434279168685],[3.4505647170880707,6.455101771929264],[3.450627285620783,6.45501417616333],[3.4506344361303722,6.4549569711873],[3.4510116351788724,6.454215087156569],[3.4506290725736903,6.453106731190758],[3.450621922963421,6.452863607569498],[3.450825717432963,6.452481045863636],[3.4500677454301463,6.451708771942322],[3.4499604841890346,6.450829237679215],[3.449917580232182,6.450235730994223],[3.450253662276737,6.448962908811268],[3.450772087262067,6.448446271678166],[3.451213641796187,6.4482120873180415],[3.4512426907975855,6.447086523724124],[3.4512444921396646,6.4470537542273965],[3.4512411268765395,6.447047866366006],[3.451241126876539,6.44700362062065],[3.451240547713155,6.446991297210672],[3.4497417627721916,6.446969726072042],[3.449500578089271,6.4469699383120656],[3.4488517720916434,6.447079648407111],[3.4479907108026855,6.447436542562457],[3.446584818634506,6.448603840095187],[3.4445649745939595,6.450351828973795],[3.442912306657661,6.451714632824121],[3.4426538370050253,6.451651671287664],[3.4413848333434203,6.451767655053288],[3.4385597282488902,6.452040068694259],[3.436515963141233,6.452725379073058],[3.435097974192218,6.4532263338282965],[3.4334101850320735,6.453848141278741],[3.4310909144141983,6.454717478129168],[3.42510994706646,6.456953922085858],[3.4222049488993203,6.457886894064983],[3.421698133262282,6.456118110162722],[3.4214568010905286,6.4559459844197145],[3.4212894489489827,6.456024271303136],[3.421289537082543,6.456027211186892],[3.4212910884130565,6.45602906468963],[3.4212898032818657,6.45603197039918],[3.4212848048499036,6.456035845577843],[3.4212843282092535,6.456037164883298],[3.4212834180953,6.45603846890026],[3.42127980372004,6.456075288044134],[3.4212284083644136,6.45610559879441],[3.421199805426738,6.456416653605741],[3.4211282976328907,6.457188928426377],[3.421078243166448,6.457299763573303],[3.4205848463136594,6.458551134227491],[3.419537271028276,6.4611790099034465],[3.4193620785970897,6.4616974348887775],[3.4191475579135044,6.462126476255947],[3.418618407613451,6.462870147239528],[3.419834023921112,6.463370694601906],[3.4202201613314287,6.464557708871211],[3.4204609359235296,6.465357082963066],[3.420444526893448,6.4663479532954415],[3.420467893078865,6.466425931711455],[3.4206158702262996,6.466814653773327],[3.420639059245218,6.4670788673958555],[3.4213976427870416,6.467733074721651],[3.4221100110681846,6.468054157873154],[3.4226611812685523,6.467892862665508],[3.4230056216122193,6.467743228067548],[3.4234077768474545,6.467938194791883],[3.4258882401501864,6.467453613993145],[3.4258654998929496,6.467729353327058],[3.426290452942112,6.467717508356372],[3.426577678417175,6.467820662393705],[3.427312527051527,6.467555813849798],[3.42727784020019,6.467280123079261],[3.428161523935216,6.466452218894858],[3.4291139167738725,6.465383002323733],[3.430399575879789,6.464543267557814],[3.4314104003697135,6.464668783237811],[3.4322260683783843,6.464909345589888],[3.434947493332175,6.4641832617481905],[3.4355443311060294,6.463711730112322],[3.4360956290101394,6.463711257968211],[3.4361879749951076,6.464251129985712],[3.4367860934035543,6.465273078190079],[3.4383923689127305,6.46331868231141],[3.4392774367044012,6.464122099755174],[3.4400019197528304,6.465166912323183],[3.4405192412700103,6.465717902659152],[3.4416446223015105,6.4654986488436075],[3.4420349874247904,6.465337473245826],[3.4423681637597956,6.465452066659623],[3.444285816037621,6.4649793748982916],[3.4446184608733,6.464485086817377],[3.4446755768164503,6.464128898629837],[3.4462259423734167,6.463943729119875],[3.446180343148342,6.464334372133632],[3.44581304203831,6.464598923901291],[3.4454571362379056,6.464760073418688],[3.444515825744816,6.4653238233358366],[3.4439649262404255,6.465783837354251],[3.4437011829632524,6.466266576341467],[3.4442758452540834,6.466714117662434],[3.4442188093506156,6.467162212066456],[3.44426500212819,6.467449379984941],[3.4445181244119563,6.467954644291467],[3.4447712655814935,6.468482885376886],[3.445299908663912,6.468838560051552],[3.4457133458942626,6.468792244066832],[3.4458972149845413,6.4689069660836935],[3.4461498354465903,6.468837815412882],[3.4474359370189522,6.468526499798202],[3.448561280278909,6.468261277136263],[3.4495486036851726,6.467777896932431],[3.4508463280956225,6.467627399884633],[3.452856015192993,6.467326918402589],[3.455393783296529,6.466750238033115],[3.4572999809094536,6.466323461158879],[3.4583907731157524,6.465966342172977],[3.4590223669886773,6.465850889906676],[3.4593551835948797,6.465563382943799],[3.4602394240102394,6.4654132348329645],[3.460353996739627,6.465102947143351],[3.4607902956356615,6.464941716686951],[3.4610424430543385,6.464355586241368],[3.461547194747311,6.4636888072926695],[3.461501035244624,6.4634475956301],[3.461833629718285,6.462918832937815],[3.462682281262346,6.461527980132247],[3.462796872877448,6.4612406692215805],[3.4632564408321396,6.461412573731365],[3.4634099416155664,6.460940257886648],[3.463780133146656,6.460487801770682],[3.464266378590537,6.4591434726931425],[3.464395092259736,6.457227090258071],[3.4639946529309213,6.456955363699137],[3.463894543998038,6.456168787859324],[3.4640518588062723,6.455711145353121],[3.463351091779487,6.452865172389862],[3.462021063721181,6.4515208433123234],[3.4591964478578343,6.4507259757232305],[3.4591784443297793,6.450736502287783],[3.4589952065636003,6.450897392800471],[3.458803033133506,6.451035043032846],[3.458586723698374,6.451017167208534],[3.4584812521081294,6.450993033002134]]]}},{"type":"Feature","properties":{"name":"Sanusi 1","label":"Sanusi 1","lga":"Surulere","people":9401,"walk":4.28,"walk_clinic":5.41,"walk_school":3.15,"f15":100.0,"f15_health":100.0,"f15_school":100.0,"beyond":0,"clinics":7,"schools":13,"off_pct":0.0,"hexes":12,"gini":0.12,"share":0.4,"rank":1.0,"of":128,"reading":"Most people here already finish inside 15 minutes. Clinics and schools are about even. That is 29 points above the city as a whole.","places":"Sanusi I","place_n":1},"geometry":{"type":"Polygon","coordinates":[[[3.337464881199367,6.498749351201638],[3.337109637299988,6.498304845092547],[3.3371283351046372,6.497634673901132],[3.3370612097070884,6.497452818392901],[3.3369078429226424,6.497127413999009],[3.3364552564050314,6.496460011820147],[3.333667469578131,6.496741408789035],[3.331963685076062,6.496761676809966],[3.329714327754061,6.496820588699278],[3.3294273450959504,6.4970888393784785],[3.3290448733222884,6.497711378877057],[3.3282989531342078,6.498774544809464],[3.3276773723129054,6.499694023360518],[3.3283794829268345,6.5001511289714795],[3.3294674161883786,6.501008226048839],[3.330302711900685,6.501957393019325],[3.3307625325648473,6.502516196665169],[3.331944084352074,6.503730126744016],[3.3321035188623678,6.503893931060134],[3.333067748577775,6.502935927351189],[3.3333508938287078,6.502652359418901],[3.3335498598382287,6.502453094834494],[3.3336646942702823,6.502407064834243],[3.3340396531075385,6.502008551853238],[3.3354093223823607,6.500437559445857],[3.3358225662584573,6.5000390185858805],[3.336281734914167,6.499609811743483],[3.337464881199367,6.498749351201638]]]}},{"type":"Feature","properties":{"name":"Babalosa 1","label":"Babalosa 1","lga":"Mushin","people":10555,"walk":3.32,"walk_clinic":3.63,"walk_school":3.01,"f15":100.0,"f15_health":100.0,"f15_school":100.0,"beyond":0,"clinics":5,"schools":22,"off_pct":0.0,"hexes":12,"gini":0.07,"share":0.45,"rank":1.0,"of":128,"reading":"Most people here already finish inside 15 minutes. Clinics and schools are about even. That is 29 points above the city as a whole.","places":"Ayantunga, Abiodun, Adebeshi Street, Aganran, Agaran Ojuwoye Junction, Agege Motor Road, Ajibore, Asabi and 17 others","place_n":25},"geometry":{"type":"Polygon","coordinates":[[[3.3611231484146065,6.530121380597278],[3.3610929500796374,6.530103376169904],[3.3602530768180823,6.529593700688792],[3.3594390608640197,6.529096452039654],[3.3586921010596598,6.528666168708753],[3.3579116792806194,6.528293351157288],[3.357619328569229,6.527743073084422],[3.357192581372601,6.526651976907259],[3.357159023170425,6.5265754122255535],[3.3570777739201954,6.526484721892473],[3.3565115472701446,6.526580976331046],[3.355964074182737,6.526680928781901],[3.3550491057316663,6.526903683658133],[3.3548414333855026,6.527040089228762],[3.3545821858192535,6.527210369562965],[3.3543334801060496,6.5274632903986],[3.354149875416453,6.527727652409283],[3.3540011122615847,6.527990713100961],[3.3539727296578126,6.5281014232421635],[3.3538722367143805,6.528493422433541],[3.3530890747010735,6.531035780676802],[3.352773978336472,6.532144045811095],[3.3527691831513384,6.532160910797416],[3.352874554916809,6.532266147664644],[3.3531043299009293,6.532313854900509],[3.353530399008776,6.532442800594823],[3.353855952690139,6.532567030244308],[3.3549331723280607,6.533001874037324],[3.3559720952360412,6.533427167929518],[3.35642691027374,6.533594386072081],[3.3576333867714534,6.534062639679121],[3.3578967109644964,6.534172550322978],[3.358136111392469,6.53429205043784],[3.3584472696258563,6.534363631076758],[3.3585909066450768,6.534430545133602],[3.3587728439916305,6.534511790786553],[3.3590266200824885,6.534655214666486],[3.3591697103139495,6.534677471088457],[3.359179798009336,6.534679040405421],[3.359958626189723,6.532806832669223],[3.3601115226286984,6.5324381367107085],[3.3611231484146065,6.530121380597278]]]}},{"type":"Feature","properties":{"name":"Ramoni","label":"Ramoni","lga":"Surulere","people":9442,"walk":4.39,"walk_clinic":4.14,"walk_school":4.63,"f15":100.0,"f15_health":100.0,"f15_school":100.0,"beyond":0,"clinics":9,"schools":5,"off_pct":0.0,"hexes":12,"gini":0.13,"share":0.41,"rank":1.0,"of":128,"reading":"Most people here already finish inside 15 minutes. Clinics and schools are about even. That is 29 points above the city as a whole.","places":"Ramoni","place_n":1},"geometry":{"type":"Polygon","coordinates":[[[3.348573290025343,6.5030518247819495],[3.347894002406349,6.502897401294091],[3.3465146600236158,6.501473782589017],[3.345986067303215,6.50115246921115],[3.34520083055395,6.502269821994728],[3.3430942936667525,6.505267295649219],[3.3433472612671267,6.5056577309196095],[3.345105715556372,6.507161516990493],[3.3454161966002407,6.507666795686132],[3.3446469605888183,6.508195788604779],[3.3442911690023043,6.508621103181439],[3.3441995901389987,6.509080701713061],[3.344155427131284,6.5117000931848],[3.345763628988322,6.511813879007376],[3.347705187944143,6.5122835724289985],[3.348614369257803,6.512583251715739],[3.348601672629115,6.510831277041858],[3.3486222419229534,6.507344527228212],[3.3485690164470157,6.50511581024648],[3.3485286989403558,6.504949255803581],[3.348481823577345,6.503599398593394],[3.3485217732612678,6.503231742251158],[3.348573290025343,6.5030518247819495]]]}},{"type":"Feature","properties":{"name":"Maroko\u2013Okun Alfa","label":"Maroko\u2013Okun Alfa","lga":"Eti Osa","people":31284,"walk":13.3,"walk_clinic":15.91,"walk_school":10.69,"f15":72.82,"f15_health":50.45,"f15_school":83.2,"beyond":8504,"clinics":3,"schools":12,"off_pct":0.01,"hexes":55,"gini":0.22,"share":1.34,"rank":111.0,"of":128,"reading":"About half the people here can walk to clinics and schools in 15 minutes. Clinics are the weaker of the two services.","places":"Alpha Beach, Aro Town, Efon, Igbala, Lekki, Olokolo","place_n":6},"geometry":{"type":"Polygon","coordinates":[[[3.5240892873907232,6.419659914573456],[3.5199212291814206,6.419482073638845],[3.5171075014101234,6.419398761343813],[3.5087431786548113,6.419455004045232],[3.508802387320373,6.421254765994717],[3.5091595881445414,6.424375378421017],[3.509323521063721,6.425619773034156],[3.5086312031675675,6.431977276630049],[3.5084417348982124,6.4339304620212365],[3.507829027687535,6.436669902194295],[3.516213833401765,6.437887633707362],[3.5258930378334976,6.439302296064169],[3.533307710682323,6.442388754037838],[3.5334871443163247,6.4424595549645565],[3.533771164607629,6.438643700946101],[3.53110462437894,6.436624561973986],[3.5306760389680676,6.436793501419003],[3.529511836901804,6.436381134381919],[3.5294501101345195,6.435921670748539],[3.5294787526423765,6.4340069439653576],[3.5287419830561357,6.432307456424041],[3.5274096527333545,6.4321862907647755],[3.5269192362338235,6.431788538610191],[3.525923046411492,6.43094709783037],[3.525738522614802,6.430196725998143],[3.5253554707783787,6.429967355708925],[3.5250011441875126,6.42788452764887],[3.5247716120203454,6.428037940298735],[3.5242793204343457,6.425802076404752],[3.5239096891808686,6.42371926183449],[3.523587266938876,6.42287712408006],[3.5240892873907232,6.419659914573456]]]}},{"type":"Feature","properties":{"name":"Akinhanmi Cole","label":"Akinhanmi Cole","lga":"Surulere","people":7665,"walk":3.74,"walk_clinic":3.76,"walk_school":3.72,"f15":100.0,"f15_health":100.0,"f15_school":100.0,"beyond":0,"clinics":7,"schools":12,"off_pct":0.0,"hexes":12,"gini":0.14,"share":0.33,"rank":1.0,"of":128,"reading":"Most people here already finish inside 15 minutes. Clinics and schools are about even. That is 29 points above the city as a whole.","places":"Akinhanmi Cole","place_n":1},"geometry":{"type":"Polygon","coordinates":[[[3.365475556851493,6.517268106238134],[3.363559322804577,6.511423718030187],[3.3631525063831305,6.5100913562311575],[3.3623564004275868,6.510218458315251],[3.360851872416049,6.5105124889602735],[3.3603695597074648,6.510685158793079],[3.3598013968170335,6.511277216670236],[3.3595832590602295,6.511426721765873],[3.3593479019841657,6.511593471361664],[3.3589302811076327,6.511732234055387],[3.358949847657413,6.511800544759353],[3.3590306616357566,6.512374907575974],[3.3586633110630255,6.512685356244218],[3.358548668186529,6.51278377894829],[3.358638913355208,6.512835028613722],[3.3608418800487807,6.514748194173876],[3.362261671239196,6.51907447370803],[3.362529928213689,6.519399786371084],[3.363985385617127,6.520049747997518],[3.3646476041037094,6.5203769267538405],[3.364869393108051,6.519978502805714],[3.365213516890321,6.519315756417086],[3.3652593247580853,6.519124250283993],[3.365396752857919,6.518553560298641],[3.3653925080578233,6.517979142623403],[3.3654036794363265,6.517542575729349],[3.365434124185527,6.5172859802638055],[3.365475556851493,6.517268106238134]]]}},{"type":"Feature","properties":{"name":"Obele Oniwala","label":"Obele Oniwala","lga":"Surulere","people":6617,"walk":6.39,"walk_clinic":6.99,"walk_school":5.8,"f15":100.0,"f15_health":100.0,"f15_school":100.0,"beyond":0,"clinics":4,"schools":6,"off_pct":0.0,"hexes":12,"gini":0.21,"share":0.28,"rank":1.0,"of":128,"reading":"Most people here already finish inside 15 minutes. Clinics and schools are about even. That is 29 points above the city as a whole.","places":"Obele Oniwala","place_n":1},"geometry":{"type":"Polygon","coordinates":[[[3.358548668186529,6.51278377894829],[3.3586633110630255,6.512685356244218],[3.3590306616357566,6.512374907575974],[3.358949847657413,6.511800544759353],[3.3589302811076327,6.511732234055387],[3.3583430633817106,6.511927349167877],[3.3575334010456572,6.512128969076684],[3.3567524180896844,6.512278870773343],[3.355747564198794,6.5125955112739],[3.3540935247963835,6.512642626755849],[3.353794824871329,6.512573905961063],[3.353501812258856,6.512424762392925],[3.353042255995376,6.512292965847735],[3.352077393157231,6.512310872249031],[3.35146879944557,6.512592762046381],[3.351089792759751,6.512667700753808],[3.3504350800149614,6.5127026214288986],[3.3489016010281034,6.512680705849959],[3.348614369257803,6.512583251715739],[3.3486041817376417,6.512766388757881],[3.3484990186148593,6.514656991227184],[3.34856855689344,6.515553039741064],[3.3517042680375657,6.515332585330611],[3.3518312136396275,6.51618263891771],[3.352026648011417,6.516412270909597],[3.352130284085376,6.516779828326491],[3.3521424204363943,6.517710381129234],[3.352280596772175,6.518192798159133],[3.3551160512648153,6.515674849314903],[3.3562867590267724,6.514352857598339],[3.3565049327564798,6.514249307859301],[3.3575843836124473,6.5138349623136955],[3.3578713302977126,6.513524572101345],[3.3582615254491084,6.513030293913005],[3.358548668186529,6.51278377894829]]]}},{"type":"Feature","properties":{"name":"Kayode\u2013Fadeyi","label":"Kayode\u2013Fadeyi","lga":"Mushin","people":10103,"walk":4.61,"walk_clinic":5.62,"walk_school":3.6,"f15":100.0,"f15_health":100.0,"f15_school":100.0,"beyond":0,"clinics":3,"schools":9,"off_pct":0.0,"hexes":11,"gini":0.11,"share":0.43,"rank":1.0,"of":128,"reading":"Most people here already finish inside 15 minutes. Clinics and schools are about even. That is 29 points above the city as a whole.","places":"Okoya","place_n":1},"geometry":{"type":"Polygon","coordinates":[[[3.367269573931765,6.536199969353162],[3.367325278838621,6.532703039213913],[3.3673738898931447,6.5309614346225535],[3.3674354808628095,6.528100517624863],[3.3671298921308903,6.528308909428689],[3.366105022928536,6.528555606955763],[3.36595186658542,6.528560504663629],[3.365228924075609,6.528254672215383],[3.3641565149112584,6.5278485680570375],[3.3634957839033746,6.52752832667096],[3.362174489161418,6.530698425192212],[3.362044641447085,6.531026296426489],[3.361662406195137,6.531953301403801],[3.3611656422806386,6.533359071264158],[3.360970694442017,6.533822575551482],[3.360867851570162,6.534076993758276],[3.361216320876565,6.534228593374905],[3.361809972352375,6.534438787420127],[3.3619344430201745,6.534476992419286],[3.3619823606974255,6.534553547208474],[3.3619251557213947,6.5348743057047045],[3.361815239681619,6.535108939725831],[3.3622125880405633,6.535228324727426],[3.362648258310514,6.5353907629734085],[3.3632036966932906,6.535706292811199],[3.363529321421083,6.535921466402613],[3.36380697091505,6.535983494442746],[3.3645345719129978,6.536097851334829],[3.3649606302289494,6.536202852579606],[3.365195186009089,6.536240976639817],[3.3658222302117906,6.536293176888649],[3.366324789357577,6.536288023773351],[3.366975747432832,6.536316270579449],[3.367269573931765,6.536199969353162]]]}},{"type":"Feature","properties":{"name":"Idi-Araba","label":"Idi\u2011Araba","lga":"Mushin","people":16117,"walk":5.21,"walk_clinic":5.43,"walk_school":5.0,"f15":100.0,"f15_health":100.0,"f15_school":100.0,"beyond":0,"clinics":9,"schools":18,"off_pct":0.0,"hexes":23,"gini":0.29,"share":0.69,"rank":1.0,"of":128,"reading":"Most people here already finish inside 15 minutes. Clinics and schools are about even. That is 29 points above the city as a whole.","places":"Akintola Close, Martins Street","place_n":2},"geometry":{"type":"Polygon","coordinates":[[[3.3646476041037094,6.5203769267538405],[3.363985385617127,6.520049747997518],[3.362529928213689,6.519399786371084],[3.362261671239196,6.51907447370803],[3.3608418800487807,6.514748194173876],[3.358638913355208,6.512835028613722],[3.358548668186529,6.51278377894829],[3.3582615254491084,6.513030293913005],[3.3578713302977126,6.513524572101345],[3.3575843836124473,6.5138349623136955],[3.3565049327564798,6.514249307859301],[3.3562867590267724,6.514352857598339],[3.3551160512648153,6.515674849314903],[3.352280596772175,6.518192798159133],[3.3521424204363943,6.517710381129234],[3.352130284085376,6.516779828326491],[3.352026648011417,6.516412270909597],[3.3518312136396275,6.51618263891771],[3.3517042680375657,6.515332585330611],[3.34856855689344,6.515553039741064],[3.3484990186148593,6.514656991227184],[3.3486041817376417,6.512766388757881],[3.3482246336599815,6.512999046069183],[3.347960599901796,6.513228997320425],[3.3472205486893927,6.514447278319267],[3.3475022127569782,6.514797480619278],[3.347674710819319,6.515084572994681],[3.3478702809887295,6.515515253825924],[3.348123396077938,6.5161067334390745],[3.3485723799114457,6.517559707814315],[3.3485955356554764,6.517823925933499],[3.3486136309143717,6.519076150044326],[3.3490042640356132,6.519196509011749],[3.349687699327888,6.519155826380314],[3.3498087597665176,6.5198048383226705],[3.350985902177683,6.519442135446241],[3.3512385514180774,6.519355796033211],[3.351445541178805,6.5196830719162895],[3.3515720146368153,6.519855310074547],[3.351710040785804,6.520119447254728],[3.351721812012045,6.520527278111444],[3.351923082983945,6.520889022310598],[3.352055429914231,6.52124507020386],[3.351923727797839,6.521813839237325],[3.351596554437492,6.5221012769524105],[3.3510109420014373,6.522411872210169],[3.3509135229408002,6.5227278705947915],[3.35097109663883,6.522928878065329],[3.355915509892896,6.521971875301858],[3.356995437389571,6.522206624436193],[3.3577642147467377,6.521022773981884],[3.3582698046078576,6.521263671781072],[3.359004008428314,6.519924751226313],[3.359354504806617,6.520137037094627],[3.359486656583954,6.520211616972573],[3.360756446253049,6.52091150266375],[3.360877209016053,6.521123952208654],[3.3611243813851384,6.521410985228841],[3.361699160587819,6.522025203300531],[3.3617394682019612,6.522168779165894],[3.361211489718528,6.5227493212242385],[3.3608211677627082,6.523071275818779],[3.3608844440618673,6.523209090627064],[3.361171878179675,6.523576514044919],[3.3618744141729167,6.5242543438629355],[3.362440755036857,6.523775254324561],[3.362773637293571,6.52344567977434],[3.3630031856485516,6.523185112003375],[3.3632288543282125,6.5228517863808975],[3.3636801170438275,6.522085566695579],[3.3638330647441985,6.5217944183777385],[3.36422694981394,6.521108659237257],[3.3646476041037094,6.5203769267538405]]]}},{"type":"Feature","properties":{"name":"Aloba\u2013Desalu","label":"Aloba\u2013Desalu","lga":"Lagos Mainland","people":3552,"walk":4.47,"walk_clinic":5.35,"walk_school":3.6,"f15":100.0,"f15_health":99.5,"f15_school":100.0,"beyond":0,"clinics":3,"schools":12,"off_pct":0.0,"hexes":10,"gini":0.14,"share":0.15,"rank":1.0,"of":128,"reading":"Most people here already finish inside 15 minutes. Clinics and schools are about even. That is 29 points above the city as a whole.","places":"Ijero, Ijero Lane, Progressive Estate, Shonola","place_n":4},"geometry":{"type":"Polygon","coordinates":[[[3.374218915970231,6.482378233868472],[3.37414155358988,6.482464532812002],[3.3727637868193487,6.483200804173804],[3.3713093186701717,6.483768631617124],[3.371002086876842,6.482482155926789],[3.371154783666384,6.481869329106303],[3.369898927193788,6.481778339298955],[3.36907100772089,6.480492240424609],[3.368290469029944,6.481182112164788],[3.36866170017737,6.481417290275772],[3.36906402268653,6.481853556796239],[3.3690987652958024,6.4822441377568225],[3.3681346992570416,6.483278795180296],[3.3662522257596383,6.484968954054009],[3.3666967525531386,6.48552581966089],[3.3671469630619417,6.485999391858513],[3.3673433174402025,6.486185936431865],[3.3675875544221303,6.486405952872473],[3.368486785636719,6.485711210404076],[3.3696876269824543,6.4851598504467916],[3.3702145028970567,6.485757819567764],[3.3708851165549163,6.486575877974415],[3.371502955297217,6.487212074577656],[3.37314804015,6.48877376799504],[3.373446617767229,6.488693129384444],[3.3737783830659964,6.486889206271883],[3.3740768752476247,6.486693682867212],[3.3741917096796787,6.486659132712874],[3.374179876400206,6.486188118187158],[3.374121904302513,6.485452902629391],[3.3738569478398968,6.484396165051009],[3.37373034937616,6.484051606896174],[3.37414364811093,6.483787068618369],[3.374660183620619,6.483338639666555],[3.3749472301306014,6.483200566752828],[3.3749126449026785,6.483028267440658],[3.3747172231214217,6.482810132381757],[3.374533321655519,6.48263794098824],[3.37430347742361,6.482465784668248],[3.374218915970231,6.482378233868472]]]}},{"type":"Feature","properties":{"name":"Apapa","label":"Apapa","lga":"Apapa","people":10602,"walk":9.5,"walk_clinic":10.82,"walk_school":8.19,"f15":93.55,"f15_health":87.24,"f15_school":100.0,"beyond":684,"clinics":4,"schools":6,"off_pct":0.0,"hexes":27,"gini":0.14,"share":0.46,"rank":101.0,"of":128,"reading":"Most people here already finish inside 15 minutes. Clinics are the weaker of the two services. That is 23 points above the city as a whole.","places":"Apapa","place_n":1},"geometry":{"type":"Polygon","coordinates":[[[3.3563579664470358,6.455179662211663],[3.3564775241184743,6.455130432423574],[3.356873622419812,6.455226263281474],[3.3573783273479876,6.455354036259792],[3.3585410662172985,6.455750133661809],[3.3592438198464833,6.455826798168232],[3.3600743482526236,6.455890685107078],[3.361211531986669,6.455967348714239],[3.362144279135237,6.45603123565303],[3.3638692210877252,6.456107900159508],[3.3646997485945462,6.456031235653028],[3.3651214011318307,6.455839574836545],[3.365453611594944,6.455405144731685],[3.3660413707127645,6.45412740955237],[3.366629128931209,6.452734678962315],[3.3668327813078345,6.452546618131975],[3.366972356089434,6.452234616334521],[3.3667359099343344,6.45175121094968],[3.3656337817736817,6.449712806700745],[3.3665619936411417,6.449472798331044],[3.3675349440824784,6.448556066309436],[3.367152183626445,6.448558820033554],[3.366622952387388,6.447283986067134],[3.365667988386974,6.444912311054337],[3.3654610930550466,6.444682690753608],[3.361578227852988,6.443393008080934],[3.3608772710692274,6.4428707807619485],[3.3604576833754436,6.442325377014582],[3.360164329919939,6.441636276892721],[3.3597846487426186,6.440677259647885],[3.358876247141154,6.43912696064075],[3.3585777072954106,6.43922482216783],[3.357607459316853,6.439552922729264],[3.3568609860457173,6.43962237557224],[3.3569596146945173,6.441064105723966],[3.3566839751853763,6.441064299078162],[3.3567246056560975,6.441684646029613],[3.356897237717419,6.442195760426046],[3.3574495401641684,6.4436544068254875],[3.3584792531150924,6.446221348936149],[3.359112044885024,6.44780056474434],[3.359520560125816,6.448926142727373],[3.3588833526846433,6.4492367802532735],[3.3575399301237208,6.4497259817686645],[3.357614857139993,6.4501165357496015],[3.357764224639311,6.450202594574137],[3.358229404363555,6.45024247680891],[3.358258209648682,6.450374573727627],[3.3578736649377556,6.450673544348659],[3.357609727407066,6.45098966144377],[3.357414687837604,6.451288497166445],[3.3566627520843895,6.451783027164994],[3.3567499764303084,6.453333904436193],[3.356170090877015,6.45350663632223],[3.356148276022168,6.455160985990744],[3.3563579664470358,6.455179662211663]]]}},{"type":"Feature","properties":{"name":"Sari","label":"Sari","lga":"Apapa","people":8677,"walk":5.05,"walk_clinic":6.52,"walk_school":3.58,"f15":100.0,"f15_health":100.0,"f15_school":100.0,"beyond":0,"clinics":4,"schools":15,"off_pct":0.0,"hexes":9,"gini":0.11,"share":0.37,"rank":1.0,"of":128,"reading":"Most people here already finish inside 15 minutes. Clinics and schools are about even. That is 29 points above the city as a whole.","places":"Orile Iganmu","place_n":1},"geometry":{"type":"Polygon","coordinates":[[[3.355531165730781,6.473337917710808],[3.3549107009681056,6.473001358126226],[3.354253492604641,6.472676821578091],[3.3536256668910487,6.472761508037194],[3.3529824249989706,6.472700683289929],[3.3516347468461167,6.472670982280077],[3.3511905860767115,6.472602357712673],[3.350914955560825,6.472640844199645],[3.3504171205537436,6.472465031236254],[3.350356036801714,6.472717818972226],[3.350386745052276,6.472832682182571],[3.3504633645926556,6.472901560358763],[3.3504177653676384,6.473399424144134],[3.3503185116900345,6.47382073403969],[3.3498441319011927,6.474349529107541],[3.3485505452715074,6.4750397246036755],[3.347792719858205,6.475384897894798],[3.3475401641472904,6.4755765443221085],[3.346392693967687,6.477201028404806],[3.346163070968998,6.477339044661219],[3.345857028079422,6.477699224939329],[3.3454896532249454,6.4779522213179925],[3.3451759148366595,6.478258792109614],[3.3449843097781127,6.478372747904017],[3.345712182371358,6.478641375399206],[3.346860965561177,6.478931631589604],[3.348017322841201,6.47909933716471],[3.348231463111574,6.478716243060206],[3.34876705885273,6.478118477186],[3.3490731368158317,6.477811908193075],[3.3504901392086026,6.4784159891066775],[3.3514168905770707,6.478744684119929],[3.3517231753842793,6.478736813253363],[3.352297403302544,6.478644506838578],[3.3528408537224554,6.478337770571725],[3.352809979996607,6.477985480945222],[3.352725527361258,6.477663863596489],[3.353223192396456,6.477586928394089],[3.353468154231962,6.477487191780538],[3.353812188981408,6.476713398004962],[3.354248167718822,6.476023787967507],[3.3544086553352486,6.475571797700352],[3.35465335816599,6.475104430824899],[3.355104821430416,6.474659895937521],[3.3555640683271117,6.474399170785148],[3.3554793521904003,6.4737022663465495],[3.355531165730781,6.473337917710808]]]}},{"type":"Feature","properties":{"name":"Ikate\u2013Lekki","label":"Ikate\u2013Lekki","lga":"Eti Osa","people":125246,"walk":14.86,"walk_clinic":16.34,"walk_school":13.38,"f15":65.23,"f15_health":57.54,"f15_school":73.34,"beyond":43553,"clinics":14,"schools":24,"off_pct":1.29,"hexes":165,"gini":0.2,"share":5.38,"rank":115.0,"of":128,"reading":"About half the people here can walk to clinics and schools in 15 minutes. Clinics are the weaker of the two services. That is 5 points below the city as a whole.","places":"Car Wash, Doctor Umoh Lekki, Durosinmi Etti Drive, Fatai Arobieke Crescent, Ikateahliapalm Sprung, Lekki Phase I, Lekki Phase One, Maroko and 5 others","place_n":13},"geometry":{"type":"Polygon","coordinates":[[[3.455106723296694,6.436296723115334],[3.455135847841177,6.4363950208136185],[3.4555791911268448,6.436559487030763],[3.4558366157672253,6.436877692351687],[3.456347890242967,6.437349637675708],[3.456769780201227,6.43737466490893],[3.4574026160379385,6.437371090103796],[3.4575418158021876,6.437480462053713],[3.4575592185831288,6.440673542749833],[3.4587382864428378,6.440626531589204],[3.458776408704353,6.44526012205705],[3.458724821793112,6.445331924828508],[3.458730864337952,6.445357531225113],[3.458710520773991,6.445581305033272],[3.458817781115726,6.445860182101796],[3.4588993694104038,6.4458567098193384],[3.459697315378833,6.446309781071591],[3.4595149733373773,6.447082054992904],[3.4590108493712255,6.44912447021818],[3.458517004656073,6.450849573149355],[3.4584888486814975,6.450933146247735],[3.4584675536347618,6.450989445606467],[3.4584812521081294,6.450993033002134],[3.458586723698374,6.451017167208534],[3.458803033133506,6.451035043032846],[3.4589952065636003,6.450897392800471],[3.4591784443297793,6.450736502287783],[3.4591964478578343,6.4507259757232305],[3.462021063721181,6.4515208433123234],[3.463351091779487,6.452865172389862],[3.4640518588062723,6.455711145353121],[3.463894543998038,6.456168787859324],[3.4639946529309213,6.456955363699137],[3.464395092259736,6.457227090258071],[3.464266378590537,6.4591434726931425],[3.463780133146656,6.460487801770682],[3.4634099416155664,6.460940257886648],[3.4632564408321396,6.461412573731365],[3.4659081233612596,6.461007912085506],[3.4693762940807464,6.4605911482629494],[3.4715362542947337,6.461378012785131],[3.473817496180573,6.46083977573511],[3.4756470355822557,6.460363221385591],[3.4778170448208243,6.4636927840947465],[3.478621399358133,6.464097946662946],[3.4791194789808064,6.464503396114878],[3.479127524315856,6.464916966444887],[3.479587889969196,6.465927497755843],[3.4807535930039535,6.46788705934034],[3.4826775702137525,6.470083320688729],[3.4868935083288184,6.46689322933912],[3.4866175081915003,6.466525868873815],[3.486371915931215,6.465928715437938],[3.4858811361056046,6.465155642918659],[3.4831512629205013,6.460922909065061],[3.479509236162357,6.463714169073681],[3.478230191570106,6.46334774839994],[3.477801034190407,6.462949891924038],[3.4772796989989843,6.462238109101519],[3.4768423982581,6.4613194579266615],[3.476344136972387,6.46071487699004],[3.4762748253230034,6.460286046064198],[3.482007909837194,6.458297011897629],[3.483506678590402,6.456227706043817],[3.4848453077647723,6.454855501580198],[3.4847528799414818,6.454281178333759],[3.484675970819467,6.453921285838702],[3.485258173026295,6.454227085012008],[3.4857486192034344,6.454663170768753],[3.4861626086175197,6.455214213265378],[3.4861710766339233,6.456064334301629],[3.4861034080458926,6.457366400638932],[3.486333300841181,6.457565309991138],[3.486493910765432,6.457373686046821],[3.4866390676389187,6.45703655899007],[3.4869676349484284,6.456331632598791],[3.487640594038226,6.455457881875816],[3.48859684316983,6.454576200930999],[3.4898058854333276,6.453824474719795],[3.489422599773206,6.4533576546321],[3.4889245624186747,6.4529905091047794],[3.4883960290535474,6.45276125123081],[3.4878907170829616,6.45279237137089],[3.4875382152164893,6.452486353662325],[3.4874536258841995,6.45210349428089],[3.4875374391015725,6.451674518564232],[3.4878357496202166,6.451360221696915],[3.488226108448203,6.451221988703877],[3.4890982206064223,6.450439952641773],[3.4902455127202647,6.44918280294405],[3.490643157855516,6.448661619738003],[3.490780321554666,6.447979851788773],[3.4906340953872355,6.447198792390394],[3.4911546050010434,6.44705277306707],[3.4919049750346285,6.447075026791082],[3.492816489189693,6.4474647471004705],[3.4933913574252524,6.448107533036249],[3.4919687531555046,6.44969428426384],[3.4918022625644194,6.451724033437414],[3.4917509337586243,6.45407534330252],[3.491858852404164,6.454825803268249],[3.491637332297102,6.455369794180685],[3.4917832311112984,6.455806206391343],[3.4917837698051812,6.456365299618936],[3.491975462097969,6.456648490735289],[3.4924885316204946,6.4567169246464],[3.4934375987662065,6.456333065218814],[3.494164649379115,6.455980055235386],[3.494853673058629,6.455895139449181],[3.495159718646164,6.455665076682011],[3.4953049141905126,6.455373901384463],[3.494967936421176,6.455289981147756],[3.4944855328810718,6.455259814289035],[3.4945236155724615,6.455052989104217],[3.4947301250952596,6.4548230243631215],[3.495166483346565,6.454746011819054],[3.495649020885651,6.45491403665352],[3.4960780577562223,6.455181676693087],[3.4966676487929926,6.455204079704572],[3.498114261364094,6.454681867674082],[3.4981981708089616,6.45436011542705],[3.4994391740786455,6.454986923108039],[3.5017976470438152,6.4551913938677785],[3.5027317737524304,6.455198131588531],[3.5031065761076543,6.454814820747401],[3.5035352838263516,6.454745467729196],[3.5044688880287818,6.4542237458292675],[3.5046298981513355,6.454445693114281],[3.50528164493204,6.45537942142323],[3.5059327316103004,6.455646833034961],[3.506814146355794,6.4565420379847165],[3.5074033488854757,6.456173827660052],[3.5090518070952617,6.457669863373553],[3.5099392535936995,6.456933729608012],[3.5098920877496766,6.455708368246632],[3.5096750345752525,6.453043320892619],[3.5081890290005613,6.452432101160581],[3.508335264161133,6.445508391599047],[3.5073822732733215,6.441909699573043],[3.507729253302444,6.436655409619504],[3.506074451274969,6.436407757911752],[3.5027357388632936,6.435897913358076],[3.495813348607214,6.434901370102181],[3.4938759993779054,6.434619869711241],[3.4862567748303377,6.433493667598725],[3.4822518986063073,6.432892413254308],[3.474303559961356,6.431842926909609],[3.469762643731088,6.43111952934288],[3.46602583202656,6.43058682762006],[3.462648919112382,6.4300997269209015],[3.4617071958304564,6.430115894932669],[3.4606279554158736,6.430461516985473],[3.460153596311443,6.4308372285552755],[3.4597023839579037,6.431412050026155],[3.4574994883107593,6.433818910114667],[3.4567882028133567,6.434492835975676],[3.4548818100475387,6.436176529623196],[3.455106723296694,6.436296723115334]]]}},{"type":"Feature","properties":{"name":"Oke-Arin\u2013Idumota","label":"Oke\u2011Arin\u2013Idumota","lga":"Lagos Island","people":3508,"walk":3.54,"walk_clinic":3.52,"walk_school":3.56,"f15":100.0,"f15_health":100.0,"f15_school":100.0,"beyond":0,"clinics":4,"schools":2,"off_pct":0.0,"hexes":6,"gini":0.13,"share":0.15,"rank":1.0,"of":128,"reading":"Most people here already finish inside 15 minutes. Clinics and schools are about even. That is 29 points above the city as a whole.","places":"Idunmota, Oke Arin, Tom Jones","place_n":3},"geometry":{"type":"Polygon","coordinates":[[[3.388024878145643,6.461550918240335],[3.3880817872447437,6.460871144987379],[3.3880815830986535,6.460603082266458],[3.3880765747741752,6.460311088585912],[3.3881145450502568,6.459899393342368],[3.3881335018596705,6.45965524988992],[3.3881811281565892,6.459353644255316],[3.3882240698849837,6.459186071779811],[3.3883242309785264,6.458745607224047],[3.3883480198452958,6.458563688763263],[3.3884291998477356,6.458333859819843],[3.3889745226561563,6.458031872872709],[3.3891944167889396,6.457715773763994],[3.389313825172962,6.457414113270772],[3.389452417894802,6.457277810222819],[3.389431934036566,6.457290841399241],[3.3893504041978413,6.457061135662911],[3.389314396242469,6.456959332407337],[3.3891056707901157,6.456977712751269],[3.3887850948563027,6.457049760138374],[3.3884836349118923,6.457088285296152],[3.3878136768597638,6.457112729768711],[3.3876322809051094,6.457711222295131],[3.3875609610695387,6.458319202669087],[3.3876426033235134,6.458697301039648],[3.387705077427427,6.459041905059905],[3.387647912920898,6.4593865999116815],[3.387452457864697,6.460377623128862],[3.3872711383523897,6.461076638276267],[3.3870367210678864,6.461177339862387],[3.386988760223176,6.461038558282894],[3.3869407148421824,6.460789679899847],[3.3869404963069205,6.460502469713275],[3.3869355329485415,6.460267919329055],[3.3869018479419988,6.460023816346108],[3.386815245926925,6.459415954682584],[3.3866954328480006,6.459186277724598],[3.3865278252989697,6.459038012794111],[3.3862309635881616,6.458832405291331],[3.3861929672316933,6.459210592694774],[3.386150517432497,6.46002917360755],[3.3859738276300964,6.460527138116958],[3.3855284221989455,6.460067939783642],[3.3852123311841633,6.459747460976585],[3.38475267779387,6.45943187807876],[3.3845899355771394,6.45938891926329],[3.383872173162331,6.459485197983553],[3.383843420037863,6.4594325642614745],[3.3837283607752515,6.45915980078422],[3.3835127438181303,6.458805737694661],[3.3833836632255156,6.4589781611132935],[3.3832258367030477,6.459107524992303],[3.3831351850408278,6.459471391591477],[3.3829875226560944,6.460390575164979],[3.3831026943338993,6.460811730377089],[3.383294260721584,6.461003059343739],[3.3833948741741438,6.461156161727558],[3.383557648766498,6.461242201666322],[3.3837205573578903,6.461505354988162],[3.3837828668858383,6.461634553391946],[3.383902762702405,6.461974327153541],[3.383649299575552,6.462204285599341],[3.3834578968645133,6.462233152038379],[3.383247258554207,6.4621375738899465],[3.383151417803731,6.4619653204432534],[3.3830175330327843,6.462113812902202],[3.3828501629047305,6.462281478007866],[3.3826731457491515,6.462348625888408],[3.3823477944152387,6.4624398207411655],[3.3824436072866884,6.462573780155878],[3.3830897809686458,6.46273126043934],[3.3833243331515064,6.462807672236352],[3.3841668657083237,6.463161262282483],[3.384832321754288,6.463500625053825],[3.3853398235740424,6.463801810705036],[3.385794660195472,6.464069528985648],[3.386067581054079,6.464256007908488],[3.3861280316833704,6.464287555226519],[3.3862282386423317,6.463904533067819],[3.3864001386555174,6.4634017850643755],[3.3867821688620547,6.4623244584070685],[3.3870167444272847,6.462429590053602],[3.3872704485723943,6.462520346936513],[3.3874278856883966,6.461878792172569],[3.3875471097114196,6.461333001716696],[3.387810407824133,6.461452473053213],[3.388024878145643,6.461550918240335]]]}},{"type":"Feature","properties":{"name":"Lafiaji","label":"Lafiaji","lga":"Lagos Island","people":6293,"walk":5.04,"walk_clinic":6.22,"walk_school":3.87,"f15":97.99,"f15_health":97.99,"f15_school":97.99,"beyond":126,"clinics":5,"schools":22,"off_pct":0.0,"hexes":13,"gini":0.31,"share":0.27,"rank":96.0,"of":128,"reading":"Most people here already finish inside 15 minutes. Clinics and schools are about even. That is 27 points above the city as a whole.","places":"Banana Island, Ologun Agbaje Victoria Island","place_n":2},"geometry":{"type":"Polygon","coordinates":[[[3.4018872988597764,6.451087685748121],[3.4020264833355895,6.451602160011701],[3.402211154621113,6.452147712147222],[3.4025053777210705,6.453051392307942],[3.4026118727397825,6.4533257520818665],[3.402849262283667,6.453966999277667],[3.4030265303501324,6.454225346622479],[3.4032660818642166,6.454574594741815],[3.4032087159095563,6.454651229570628],[3.4026945024493784,6.454941239346794],[3.4024696260724454,6.454996465814304],[3.4022136556357627,6.455066076937952],[3.402214268074033,6.455588836655521],[3.402186888214373,6.456266992028133],[3.4015248801691205,6.45625554725575],[3.4006159110954854,6.456208074742903],[3.3996294564342975,6.456211403133807],[3.399369503799619,6.456221043866149],[3.3993745930630435,6.456303962258119],[3.3993806760773855,6.4564336013297075],[3.3994027175614296,6.456571204797285],[3.3994707971395997,6.456934152289363],[3.3997539648736392,6.456963847903295],[3.3997760216461184,6.457121395635965],[3.399836235753753,6.457623965573589],[3.3998823700753746,6.457970974380997],[3.3999085115685834,6.458252179794327],[3.399940502252434,6.458361853017152],[3.4000204573782757,6.458611102820215],[3.400026699572549,6.458944182028404],[3.4002930967490665,6.458852616655007],[3.4009071160705844,6.4586905786073885],[3.401403537343413,6.458588467783613],[3.4020494951881237,6.458472277173883],[3.4028530070606853,6.4583938562914796],[3.4037123776241742,6.458351289580377],[3.4041127737855277,6.458433403978461],[3.4048401040875547,6.458340918598538],[3.405682170795615,6.458102823086845],[3.406348073804623,6.457795935733884],[3.4071362108674634,6.457144298670471],[3.407908811242691,6.4562169519508075],[3.408199224814439,6.455535076982243],[3.4084894971925905,6.454677046408619],[3.408511742822725,6.453773277215021],[3.4081195619682494,6.451667389638374],[3.4077021056676813,6.449363572970582],[3.407536595337661,6.449395028557774],[3.407278066329752,6.449251630758226],[3.4069212863882963,6.448921625432717],[3.4066171536587717,6.448601151122261],[3.4052105537241464,6.449009150152222],[3.40374655006326,6.449448306194426],[3.4026605089753725,6.449777062361591],[3.4031206902677127,6.450758953862703],[3.4018872988597764,6.451087685748121]]]}},{"type":"Feature","properties":{"name":"Ajiran\u2013Osapa","label":"Ajiran\u2013Osapa","lga":"Eti Osa","people":89849,"walk":17.5,"walk_clinic":18.24,"walk_school":16.76,"f15":34.55,"f15_health":33.08,"f15_school":43.51,"beyond":58808,"clinics":14,"schools":16,"off_pct":30.07,"hexes":151,"gini":0.26,"share":3.86,"rank":123.0,"of":128,"reading":"Most people here walk longer than 15 minutes. Clinics are the weaker of the two services. That is 36 points below the city as a whole. Some of the long walks sit off the mapped street network.","places":"Agungi, Ajah, Ajiran Agugin, Bado, Chevron, Idado, Igbo Efon, Ikota Bridge and 5 others","place_n":13},"geometry":{"type":"Polygon","coordinates":[[[3.5554394012074226,6.460531707572273],[3.555192933007504,6.45919935476644],[3.555051207946917,6.455615214670444],[3.5549871366470707,6.4530266276767625],[3.5547257450971297,6.452046592376404],[3.554035686297936,6.4511589273426475],[3.5532693290163597,6.450516424693319],[3.5506035945802528,6.449370496850975],[3.5475397149859305,6.448209663645117],[3.5474327208434597,6.448393590292028],[3.5389605603816103,6.444619179731433],[3.5334871443163247,6.4424595549645565],[3.533307710682323,6.442388754037838],[3.5258930378334976,6.439302296064169],[3.516213833401765,6.437887633707362],[3.507829027687535,6.436669902194295],[3.507729253302444,6.436655409619504],[3.5073822732733215,6.441909699573043],[3.508335264161133,6.445508391599047],[3.5081890290005613,6.452432101160581],[3.5096750345752525,6.453043320892619],[3.5098920877496766,6.455708368246632],[3.5099392535936995,6.456933729608012],[3.5090518070952617,6.457669863373553],[3.5092525213868275,6.459308645777413],[3.5093941727029683,6.463137905989639],[3.5100384829896707,6.464270763085324],[3.5102998763382516,6.465327416127421],[3.510285159832335,6.46592481687685],[3.5114041259996616,6.466980606569791],[3.5127995788375297,6.468863266226775],[3.5144838210715075,6.468585848757982],[3.5180671751600694,6.468505622036901],[3.519260526052505,6.467401538750038],[3.520882734850375,6.4663736019601865],[3.522076342049615,6.465529911975921],[3.5223666890714758,6.464932227940039],[3.5218296256367694,6.463875867177592],[3.5212162493305077,6.463064664302864],[3.5199749061170564,6.462146880074498],[3.5186274635865975,6.462301430366778],[3.5178312497124575,6.462394145973122],[3.517570512868929,6.461996153699602],[3.517600673432355,6.461536595637425],[3.518626683874402,6.461535552423867],[3.520908503124985,6.461625126698267],[3.5215065486883073,6.462421027608399],[3.5225797276723374,6.4636146986594545],[3.5230860073134527,6.464517914769999],[3.523668604322665,6.465175971194183],[3.5248928145517766,6.464316926185234],[3.5256123198527125,6.464086419152975],[3.5263315859339746,6.463626148827756],[3.527142892230756,6.463318958403249],[3.528152034089146,6.461816790212765],[3.5311522650650313,6.460634216795709],[3.5340461691953915,6.46029420291518],[3.533005490810808,6.460907994708236],[3.532118010138106,6.461582896333653],[3.5316900137831344,6.4623339030872],[3.5312787214359105,6.464417519852703],[3.5314634116072052,6.465305746063392],[3.5338086861220286,6.467478381322279],[3.534575001135465,6.468074960091371],[3.5382977969058516,6.469541516028188],[3.5434274390251512,6.469091851407882],[3.550563629607893,6.469068854843841],[3.550915349064155,6.4686089478447],[3.5515880401559907,6.467078407842278],[3.552779096877885,6.464440565879443],[3.5541389041871407,6.461086494845917],[3.5554394012074226,6.460531707572273]]]}},{"type":"Feature","properties":{"name":"Badore\u2013Langbasa","label":"Badore\u2013Langbasa","lga":"Eti Osa","people":65829,"walk":14.51,"walk_clinic":18.79,"walk_school":10.24,"f15":59.13,"f15_health":33.46,"f15_school":84.0,"beyond":26906,"clinics":6,"schools":30,"off_pct":0.53,"hexes":94,"gini":0.21,"share":2.83,"rank":116.0,"of":128,"reading":"About half the people here can walk to clinics and schools in 15 minutes. Clinics are the weaker of the two services. That is 11 points below the city as a whole.","places":"Badore, Greenville Estate, Langbasa","place_n":3},"geometry":{"type":"Polygon","coordinates":[[[3.627152076806965,6.495523123293536],[3.621471626914115,6.498790339602523],[3.6186403263899933,6.500325538992456],[3.6161598073292684,6.5006808629315165],[3.613479357286565,6.500347138909377],[3.6122079929045867,6.500134237005454],[3.610782893016164,6.4994313619678215],[3.607782024420942,6.500078303670817],[3.607415283588523,6.500752706172476],[3.607155304873458,6.50105936509766],[3.6070800361148376,6.502146986294405],[3.6062381933380157,6.502530927560314],[3.603926493213123,6.503207656608139],[3.6019363915513054,6.503883992652162],[3.6008637296774273,6.503349161334769],[3.600418969060228,6.5028135817814245],[3.599958494588919,6.501941038847918],[3.599406443052942,6.501328998934184],[3.5937684456573042,6.499436293849953],[3.5908271778320113,6.4986891847581205],[3.5891885231318943,6.498691094918172],[3.586675998098883,6.497882191609905],[3.5853741413036455,6.4977764781020255],[3.582730776604081,6.5030333958745805],[3.580753987606499,6.501994086258152],[3.57940582471906,6.501582061862734],[3.5788387104381627,6.501169140843216],[3.5777822966157373,6.501430743733863],[3.5742621172029767,6.503364746585815],[3.5743413519718383,6.505708223355896],[3.573027682581539,6.508711928412823],[3.5727555036635863,6.511791038026048],[3.5783467641918496,6.512918154749116],[3.586925040158519,6.514531900926556],[3.5911218011302704,6.514909939941845],[3.5959312567221673,6.515363806194728],[3.60117039399853,6.516537030259769],[3.6037124149959823,6.516304235352209],[3.6067444945628044,6.516055524243086],[3.6161905938208743,6.513378871138058],[3.62402721508397,6.508602286666245],[3.626957527368063,6.5053162160705815],[3.628993999873216,6.498905954646147],[3.6289776403058913,6.498063526410648],[3.6284550298757945,6.496517129561936],[3.627152076806965,6.495523123293536]]]}},{"type":"Feature","properties":{"name":"Ojo-Oniyun","label":"Ojo\u2011Oniyun","lga":"Lagos Mainland","people":4780,"walk":3.59,"walk_clinic":3.9,"walk_school":3.29,"f15":100.0,"f15_health":99.79,"f15_school":100.0,"beyond":0,"clinics":7,"schools":13,"off_pct":0.0,"hexes":9,"gini":0.16,"share":0.21,"rank":1.0,"of":128,"reading":"Most people here already finish inside 15 minutes. Clinics and schools are about even. That is 29 points above the city as a whole.","places":"Adeogun, Ebute Metta, Thomas","place_n":3},"geometry":{"type":"Polygon","coordinates":[[[3.381231590965171,6.481678044206431],[3.380097928976283,6.481158086776303],[3.3784290039953935,6.4816341878675425],[3.3760093141785315,6.481635987410924],[3.3748148391335917,6.481713460407945],[3.374218915970231,6.482378233868472],[3.37430347742361,6.482465784668248],[3.374533321655519,6.48263794098824],[3.3747172231214217,6.482810132381757],[3.3749126449026785,6.483028267440658],[3.3749472301306014,6.483200566752828],[3.374660183620619,6.483338639666555],[3.37414364811093,6.483787068618369],[3.37373034937616,6.484051606896174],[3.3738569478398968,6.484396165051009],[3.374121904302513,6.485452902629391],[3.374179876400206,6.486188118187158],[3.3741917096796787,6.486659132712874],[3.3740768752476247,6.486693682867212],[3.3737783830659964,6.486889206271883],[3.373446617767229,6.488693129384444],[3.3737797302504196,6.488715859749163],[3.3752033948208573,6.487899132339124],[3.37563966763662,6.487634576074866],[3.3759149573094764,6.487128882791751],[3.376764869703038,6.487059322030118],[3.377292362552509,6.485898602138832],[3.3783585618981533,6.483221011040882],[3.378656680861184,6.482531484640333],[3.380403130999753,6.483322878148328],[3.380884789001868,6.482323026286679],[3.381231590965171,6.481678044206431]]]}},{"type":"Feature","properties":{"name":"Iponri\u2013Olaleye","label":"Iponri\u2013Olaleye","lga":"Lagos Mainland","people":18142,"walk":8.62,"walk_clinic":11.33,"walk_school":5.91,"f15":96.66,"f15_health":73.51,"f15_school":100.0,"beyond":607,"clinics":5,"schools":22,"off_pct":0.0,"hexes":44,"gini":0.23,"share":0.78,"rank":99.0,"of":128,"reading":"Most people here already finish inside 15 minutes. Clinics are the weaker of the two services. That is 26 points above the city as a whole.","places":"Ebute Metta Lagos Mainland, Herbert Macaulay Way, Iponri Community, Olaleye Community","place_n":4},"geometry":{"type":"Polygon","coordinates":[[[3.376036471905706,6.499056425613616],[3.3782167019392664,6.493725561085795],[3.3797456177661047,6.49029321755802],[3.380937810331716,6.487152164440886],[3.3821913609426137,6.48416423888858],[3.3829863427455966,6.482340815776069],[3.381231590965171,6.481678044206431],[3.380884789001868,6.482323026286679],[3.380403130999753,6.483322878148328],[3.378656680861184,6.482531484640333],[3.3783585618981533,6.483221011040882],[3.377292362552509,6.485898602138832],[3.376764869703038,6.487059322030118],[3.3759149573094764,6.487128882791751],[3.37563966763662,6.487634576074866],[3.3752033948208573,6.487899132339124],[3.3737797302504196,6.488715859749163],[3.373446617767229,6.488693129384444],[3.37314804015,6.48877376799504],[3.371502955297217,6.487212074577656],[3.3708851165549163,6.486575877974415],[3.3702145028970567,6.485757819567764],[3.3696876269824543,6.4851598504467916],[3.368486785636719,6.485711210404076],[3.3675875544221303,6.486405952872473],[3.3673433174402025,6.486185936431865],[3.3671469630619417,6.485999391858513],[3.3666967525531386,6.48552581966089],[3.3662522257596383,6.484968954054009],[3.3652497217972837,6.485896960876118],[3.3644543290041047,6.487245506874671],[3.3642094813824888,6.487506087236168],[3.3636258933203744,6.4890953457736495],[3.3632923878334964,6.490003560316097],[3.365345008565327,6.490614798933848],[3.366895052164978,6.495101816095996],[3.3676001503267234,6.495943788375199],[3.368030637803713,6.498241156004609],[3.367327203387788,6.499696864318877],[3.3671753078941724,6.501427892882988],[3.367988713208604,6.503770936179821],[3.368709632243792,6.505286879286075],[3.369145226970716,6.505637175115567],[3.3720633597363303,6.50642390473945],[3.37171937534896,6.507251323290006],[3.3711244962985343,6.508629310394383],[3.3718137699895583,6.508743687071558],[3.372192595911599,6.5084332222155],[3.372502292746674,6.507838469070123],[3.376036471905706,6.499056425613616]]]}},{"type":"Feature","properties":{"name":"Idunganran\u2013Idumagbo","label":"Idunganran\u2013Idumagbo","lga":"Lagos Island","people":1892,"walk":2.09,"walk_clinic":2.55,"walk_school":1.63,"f15":100.0,"f15_health":100.0,"f15_school":100.0,"beyond":0,"clinics":6,"schools":5,"off_pct":0.0,"hexes":3,"gini":0.12,"share":0.08,"rank":1.0,"of":128,"reading":"Most people here already finish inside 15 minutes. Clinics and schools are about even. That is 29 points above the city as a whole.","places":"Isale Eko, Isaleeko","place_n":2},"geometry":{"type":"Polygon","coordinates":[[[3.39405788566296,6.463172607230092],[3.3939505515767228,6.462996535261937],[3.393475385780505,6.462433971550582],[3.3928970713428157,6.462154867852917],[3.39279394788241,6.462472792585345],[3.392112531568103,6.462542249025604],[3.3920015129594963,6.462549993087749],[3.3913545208944815,6.46257729740438],[3.3906577423609865,6.4625816618142835],[3.390409857728798,6.462594537408052],[3.389787784978352,6.462666816820161],[3.3893475398571122,6.462705448098006],[3.38940515672266,6.46295431928644],[3.389611615883439,6.463839725223181],[3.3897701312865816,6.4646102832380175],[3.389818239620127,6.464940536776394],[3.3899094011979405,6.4652468242815635],[3.3899766569971916,6.465581849622707],[3.390378653052437,6.46558632914582],[3.390704034963278,6.465533423828504],[3.391206612994836,6.465647921914126],[3.391895760780756,6.4656713249717095],[3.39207776557646,6.465867444626894],[3.39239139604615,6.46534456080286],[3.3927928776892027,6.464683668816291],[3.393074001264211,6.464333057324779],[3.393360845426741,6.463953717889807],[3.393693607174271,6.463545622632409],[3.3939288896066273,6.463327162018969],[3.39405788566296,6.463172607230092]]]}},{"type":"Feature","properties":{"name":"Addo\u2013Okeira","label":"Addo\u2013Okeira","lga":"Eti Osa","people":77340,"walk":16.6,"walk_clinic":20.1,"walk_school":13.1,"f15":52.37,"f15_health":37.86,"f15_school":74.55,"beyond":36833,"clinics":10,"schools":17,"off_pct":3.62,"hexes":118,"gini":0.27,"share":3.32,"rank":119.0,"of":128,"reading":"About half the people here can walk to clinics and schools in 15 minutes. Clinics are the weaker of the two services. That is 18 points below the city as a whole.","places":"Ado, Akins, Baale Place, Cooperative Villa Settlement, Iranla, Oke Ira","place_n":8},"geometry":{"type":"Polygon","coordinates":[[[3.6174058602922514,6.4846165358245],[3.617395227607745,6.483378254802687],[3.6139687017941933,6.483475859123644],[3.6098137880758836,6.4826575641952795],[3.60012740975219,6.482439353593349],[3.590919674903148,6.482296987316148],[3.5849278797178954,6.482150756652174],[3.581437358147582,6.48308249476139],[3.579859412182202,6.482563507699752],[3.5751576432107304,6.482262511805515],[3.571040430871222,6.484289064788584],[3.574950198392969,6.488919636232252],[3.576668916137635,6.492011802202967],[3.5795063653265515,6.495761331220535],[3.5797553066620935,6.4991768277484425],[3.5788387104381627,6.501169140843216],[3.57940582471906,6.501582061862734],[3.580753987606499,6.501994086258152],[3.582730776604081,6.5030333958745805],[3.5853741413036455,6.4977764781020255],[3.586675998098883,6.497882191609905],[3.5891885231318943,6.498691094918172],[3.5908271778320113,6.4986891847581205],[3.5937684456573042,6.499436293849953],[3.599406443052942,6.501328998934184],[3.599958494588919,6.501941038847918],[3.600418969060228,6.5028135817814245],[3.6008637296774273,6.503349161334769],[3.6019363915513054,6.503883992652162],[3.603926493213123,6.503207656608139],[3.6062381933380157,6.502530927560314],[3.6070800361148376,6.502146986294405],[3.607155304873458,6.50105936509766],[3.607415283588523,6.500752706172476],[3.607782024420942,6.500078303670817],[3.610782893016164,6.4994313619678215],[3.6122079929045867,6.500134237005454],[3.613479357286565,6.500347138909377],[3.6161598073292684,6.5006808629315165],[3.6186403263899933,6.500325538992456],[3.621471626914115,6.498790339602523],[3.627152076806965,6.495523123293536],[3.6253594311928627,6.494820744681648],[3.621881576573571,6.493599644308176],[3.619858647858335,6.4924226907546085],[3.619122384590412,6.49145860133342],[3.6188605838489143,6.490264172153843],[3.618966363007303,6.489099926920119],[3.618968568144964,6.488604038945311],[3.6188380549323256,6.486287397045772],[3.618672422294481,6.485619475958119],[3.6174058602922514,6.4846165358245]]]}},{"type":"Feature","properties":{"name":"Isale Gangan","label":"Isale Gangan","lga":"Lagos Island","people":889,"walk":1.89,"walk_clinic":2.15,"walk_school":1.63,"f15":100.0,"f15_health":100.0,"f15_school":100.0,"beyond":0,"clinics":1,"schools":0,"off_pct":0.0,"hexes":4,"gini":0.01,"share":0.04,"rank":1.0,"of":128,"reading":"Most people here already finish inside 15 minutes. Clinics and schools are about even. That is 29 points above the city as a whole.","places":"Itafaaji, Onala","place_n":2},"geometry":{"type":"Polygon","coordinates":[[[3.392402108770341,6.4588068159818],[3.392421090760763,6.458599372063418],[3.392366530690879,6.4581781727844705],[3.3923311558581872,6.4578144006141525],[3.3921999996303493,6.457358158352348],[3.392056109901603,6.456937028321249],[3.39205277971206,6.456755131444197],[3.391698472906228,6.456525636149252],[3.3915388423437207,6.456378962119458],[3.3912946026638338,6.456147985641054],[3.3911265040849234,6.455878696244894],[3.390981483908376,6.456029999984536],[3.391091721905468,6.45625250305062],[3.3911731636106883,6.45636732399288],[3.3913144947681535,6.456573050206144],[3.3913887697759715,6.456702236918773],[3.391458245102001,6.45681228066229],[3.3914798558107577,6.456910393999521],[3.3915278859032583,6.457137730921602],[3.3914130011091856,6.457097131927128],[3.3911880743701777,6.457087731313777],[3.3909081396989222,6.457114273005344],[3.390730171060568,6.457184617076449],[3.390401143298163,6.457468248860665],[3.390179622291783,6.458157722201179],[3.3900423021106008,6.458816495385007],[3.3900474911988,6.458867999558607],[3.3901648752088813,6.458898097169482],[3.3922474793377546,6.458804590159729],[3.392402108770341,6.4588068159818]]]}},{"type":"Feature","properties":{"name":"Ijora","label":"Ijora","lga":"Apapa","people":7841,"walk":8.53,"walk_clinic":9.27,"walk_school":7.79,"f15":82.92,"f15_health":88.37,"f15_school":89.86,"beyond":1340,"clinics":5,"schools":7,"off_pct":0.0,"hexes":24,"gini":0.26,"share":0.34,"rank":107.0,"of":128,"reading":"About half the people here can walk to clinics and schools in 15 minutes. Clinics and schools are about even. That is 12 points above the city as a whole.","places":"Ijora, Ijora Oloye, Ijoraolopa","place_n":3},"geometry":{"type":"Polygon","coordinates":[[[3.3677006729477625,6.464318130377477],[3.3674443337890234,6.464241189779157],[3.36592782500918,6.463786008717364],[3.3642216357199577,6.463347200712803],[3.3642193487439727,6.46358541943164],[3.364207867998743,6.464078784808123],[3.364194082291135,6.464437682652999],[3.3641544383766586,6.464947046069368],[3.3639834161018034,6.465799233747703],[3.3638456543534967,6.4664852770739],[3.3637955540216353,6.466891777833325],[3.3636770593488454,6.467218928710623],[3.3633251726186586,6.469229705786347],[3.363040313259887,6.470637250009133],[3.3628448204321444,6.47187164416107],[3.3629230173833666,6.472648027084858],[3.363138058774439,6.473471887018037],[3.363249127745121,6.473648056112949],[3.363298206447098,6.473762823095852],[3.3633538906695435,6.473893685245401],[3.364408932126537,6.475895891782045],[3.3644953263982416,6.4762462271816625],[3.3655573753726453,6.475711252872087],[3.366877847234889,6.47517034483559],[3.3677162887757395,6.475146761014231],[3.36889337003305,6.474858698270338],[3.369610996650238,6.474542244828796],[3.3705179719269154,6.473995885102057],[3.371297620288999,6.472105473288991],[3.3720313438714693,6.470249557671024],[3.372323610046635,6.4694049458815925],[3.374150070169662,6.46974251270683],[3.3760739601452197,6.46981002391351],[3.377762054175492,6.469418166814989],[3.3780370003073585,6.468464424993272],[3.3785183939087915,6.467119924145209],[3.3790796643950216,6.466182673191839],[3.3788156513213043,6.466141177573321],[3.377915768098262,6.46589293231301],[3.375953926732393,6.466258184767467],[3.374546406791296,6.465522051001925],[3.3730628482719,6.465503992615196],[3.371589026712286,6.465715693024833],[3.370918947251653,6.465591724178751],[3.3708229068517426,6.4651418320299845],[3.370941745065523,6.465036928811284],[3.3706377292478464,6.4649578442291595],[3.3704359798366568,6.464945433584942],[3.369739614991261,6.464817659707251],[3.3694649017838287,6.464824049390416],[3.3693051848864,6.464958211152578],[3.369145467989029,6.465002931739946],[3.3689090865851195,6.464970988720211],[3.3685002116155265,6.464772940019202],[3.368110502997354,6.46457489131825],[3.3677006729477625,6.464318130377477]]]}},{"type":"Feature","properties":{"name":"Onike\u2013Oyadiran","label":"Onike\u2013Oyadiran","lga":"Lagos Mainland","people":12173,"walk":6.02,"walk_clinic":7.51,"walk_school":4.52,"f15":100.0,"f15_health":98.11,"f15_school":100.0,"beyond":0,"clinics":5,"schools":20,"off_pct":0.0,"hexes":18,"gini":0.16,"share":0.52,"rank":1.0,"of":128,"reading":"Most people here already finish inside 15 minutes. Clinics and schools are about even. That is 29 points above the city as a whole.","places":"Ajibade Close, Akanbi, Barikisu Iyede, Birrel Avenue, Commercial Avenue, Onitiri Lay Out, Rev Williams Avenue","place_n":7},"geometry":{"type":"Polygon","coordinates":[[[3.385954442743412,6.5138868567930786],[3.382952846596652,6.5125143672443055],[3.3838508817128745,6.510216010360637],[3.3838315058193866,6.509909667996852],[3.3836589169255262,6.509526852682144],[3.3835327609282335,6.509364196800277],[3.3839538531878475,6.509258566929363],[3.384384661722834,6.509344402722036],[3.384595327012789,6.509449552355023],[3.384738776973052,6.509277118144553],[3.385302479226084,6.507898083329907],[3.3852539041444065,6.506959903376866],[3.3848312461651067,6.50566336607153],[3.384486350764519,6.504605370341608],[3.38538503878857,6.503187786087493],[3.385348784418909,6.502715713059785],[3.3847984766684367,6.5028211225967985],[3.3841089466706076,6.50236211222176],[3.383878888400034,6.50223682856682],[3.382929197124781,6.5017196572364355],[3.382195021183349,6.502976276334154],[3.3812162026656547,6.504769201637373],[3.381339070741546,6.505228643687019],[3.3780009051177444,6.505966407923437],[3.378462117033109,6.508309693137903],[3.3774380842002643,6.511113623694826],[3.3789241707139586,6.511771179196614],[3.3777010567583834,6.514605896245143],[3.3775483257946344,6.515172770407106],[3.3775558342343857,6.515185648698775],[3.3798299858652285,6.516189176988974],[3.380818081789073,6.516617962948658],[3.3809311508519495,6.5166670290602156],[3.3819126466513585,6.517121035607374],[3.383875245246429,6.517502492945766],[3.3836831644465524,6.516664945331],[3.383801869560671,6.515420280921262],[3.385954442743412,6.5138868567930786]]]}},{"type":"Feature","properties":{"name":"Salami\u2013Baiyewunmi","label":"Salami\u2013Baiyewunmi","lga":"Lagos Mainland","people":14958,"walk":5.93,"walk_clinic":7.15,"walk_school":4.7,"f15":99.57,"f15_health":99.57,"f15_school":99.57,"beyond":65,"clinics":6,"schools":15,"off_pct":0.0,"hexes":16,"gini":0.25,"share":0.64,"rank":93.0,"of":128,"reading":"Most people here already finish inside 15 minutes. Clinics and schools are about even. That is 29 points above the city as a whole.","places":"Aderupoko, Akintunde Close, Arowolo","place_n":3},"geometry":{"type":"Polygon","coordinates":[[[3.3848312461651067,6.50566336607153],[3.3852539041444065,6.506959903376866],[3.385302479226084,6.507898083329907],[3.384738776973052,6.509277118144553],[3.384595327012789,6.509449552355023],[3.384384661722834,6.509344402722036],[3.3839538531878475,6.509258566929363],[3.3835327609282335,6.509364196800277],[3.3836589169255262,6.509526852682144],[3.3838315058193866,6.509909667996852],[3.3838508817128745,6.510216010360637],[3.382952846596652,6.5125143672443055],[3.385954442743412,6.5138868567930786],[3.386507799195612,6.5125389843866515],[3.3870128170879066,6.512027363671962],[3.3875984061415925,6.511733961653078],[3.3882933860309663,6.511790869852802],[3.388723813253421,6.511376957780441],[3.3889531062009155,6.510808106908656],[3.3896243502836114,6.5098770315997845],[3.3904343606572525,6.510152127918444],[3.391123763850658,6.5104273150685685],[3.392065759627144,6.510558700623562],[3.392829515170036,6.510431736135786],[3.3936276167211754,6.510161138226011],[3.395252492908241,6.509568218798337],[3.395441935097267,6.509458932283962],[3.395728808937406,6.509091079889458],[3.3959006738770654,6.508539504094869],[3.39578508131649,6.50760903672773],[3.3952734543065053,6.5069948096627845],[3.3951179480349083,6.506432002235157],[3.395060457074465,6.506357371995192],[3.3944585192452905,6.506538784137603],[3.393845742786823,6.506324812939795],[3.3930837759955357,6.50627945203513],[3.392164750702705,6.506136560553896],[3.391178642280579,6.505888410621709],[3.3904318848236694,6.505707089310759],[3.39006807488181,6.505611632570833],[3.3886895967475543,6.505469090026507],[3.3879141985814276,6.505383523131116],[3.3869952866032236,6.505384227300284],[3.3863731374104304,6.505422997073707],[3.3855690814480117,6.505414037128161],[3.385569512223242,6.505978882419527],[3.3850332680709134,6.505701654707649],[3.3848312461651067,6.50566336607153]]]}},{"type":"Feature","properties":{"name":"Oke-Olowogbowo","label":"Oke\u2011Olowogbowo","lga":"Lagos Island","people":2005,"walk":4.1,"walk_clinic":5.09,"walk_school":3.1,"f15":100.0,"f15_health":100.0,"f15_school":100.0,"beyond":0,"clinics":3,"schools":13,"off_pct":0.0,"hexes":7,"gini":0.16,"share":0.09,"rank":1.0,"of":128,"reading":"Most people here already finish inside 15 minutes. Clinics and schools are about even. That is 29 points above the city as a whole.","places":"Offin, Olowogbowo","place_n":2},"geometry":{"type":"Polygon","coordinates":[[[3.3835127438181303,6.458805737694661],[3.3833806199197056,6.457902083614327],[3.383280826648899,6.457565166099585],[3.3830276549023783,6.456906687893365],[3.382812727725252,6.456194568724412],[3.3828892042733973,6.456071967747164],[3.3827896313364927,6.456026088832972],[3.382693449742988,6.455400043777047],[3.382561214328632,6.4551933516918885],[3.3824576528984376,6.45493494139447],[3.382325300572234,6.454573154927233],[3.3821986139748783,6.454107969807011],[3.382261287728283,6.4534473404224855],[3.382246419236879,6.453457270736522],[3.382002998839369,6.453619860068556],[3.381469291674535,6.454097027755664],[3.3811078163726624,6.45451088137213],[3.380448073719663,6.455395980640049],[3.3801441037674067,6.45591893101391],[3.3798747523180164,6.456660134257846],[3.379766048564363,6.457205913921825],[3.3797780518156624,6.457900954065849],[3.379766866048101,6.458303056241108],[3.3798132962466525,6.458957859817416],[3.3798136640693888,6.459451861014601],[3.3797682429101314,6.460061187673716],[3.379778493382786,6.460970680152797],[3.379912995988036,6.461650308614879],[3.3805648237076866,6.462970989119924],[3.381493660604008,6.46354471341783],[3.3815730473583017,6.462282436685143],[3.381946435079954,6.462431505609572],[3.3823477944152387,6.4624398207411655],[3.3826731457491515,6.462348625888408],[3.3828501629047305,6.462281478007866],[3.3830175330327843,6.462113812902202],[3.383151417803731,6.4619653204432534],[3.383247258554207,6.4621375738899465],[3.3834578968645133,6.462233152038379],[3.383649299575552,6.462204285599341],[3.383902762702405,6.461974327153541],[3.3837828668858383,6.461634553391946],[3.3837205573578903,6.461505354988162],[3.383557648766498,6.461242201666322],[3.3833948741741438,6.461156161727558],[3.383294260721584,6.461003059343739],[3.3831026943338993,6.460811730377089],[3.3829875226560944,6.460390575164979],[3.3831351850408278,6.459471391591477],[3.3832258367030477,6.459107524992303],[3.3833836632255156,6.4589781611132935],[3.3835127438181303,6.458805737694661]]]}},{"type":"Feature","properties":{"name":"Onipanu","label":"Onipanu","lga":"Shomolu","people":5045,"walk":4.25,"walk_clinic":4.23,"walk_school":4.26,"f15":100.0,"f15_health":100.0,"f15_school":100.0,"beyond":0,"clinics":5,"schools":5,"off_pct":0.0,"hexes":8,"gini":0.18,"share":0.22,"rank":1.0,"of":128,"reading":"Most people here already finish inside 15 minutes. Clinics and schools are about even. That is 29 points above the city as a whole.","places":"Shomolu","place_n":1},"geometry":{"type":"Polygon","coordinates":[[[3.3735997408354024,6.536772940019205],[3.3735497493215125,6.536516395815056],[3.3734968080312915,6.536123916385691],[3.3733859602938874,6.535094831161585],[3.373310349792859,6.534252405624045],[3.3733530199259576,6.533703484628178],[3.372883877788752,6.5335873533737185],[3.372481741439287,6.533465586967339],[3.3722950277933714,6.533401102878656],[3.3722256118225573,6.533379612679027],[3.3721202445536846,6.533286347586908],[3.3719406517397488,6.533140482946976],[3.37175155129313,6.5330831799448665],[3.3714906678600873,6.5330402921757695],[3.37130639497417,6.533038033978129],[3.371038370924112,6.533047805112175],[3.370600313853458,6.532894949142643],[3.3702843964078393,6.53286167422692],[3.3691284699029893,6.532805080789897],[3.367922292879541,6.532755701714335],[3.367325278838621,6.532703039213913],[3.367269573931765,6.536199969353162],[3.3672598585556552,6.536674204351073],[3.367616429854422,6.536661976269214],[3.3682745618216363,6.536680641698297],[3.368552178040659,6.536694799725296],[3.36859299287238,6.536874275627383],[3.369732114645444,6.536847113403611],[3.3703902223309683,6.536832268294574],[3.370904734366036,6.536810348219034],[3.371328294365355,6.536771742122255],[3.3714623104373227,6.5367716431968015],[3.3715652045705724,6.536757206380003],[3.371823631955124,6.536711539705834],[3.3719887285969894,6.53667073027003],[3.3723572869593004,6.536687212145182],[3.3726636266251258,6.53670852607769],[3.3729316812521124,6.536737048076362],[3.37346817002009,6.536768562119504],[3.3735997408354024,6.536772940019205]]]}},{"type":"Feature","properties":{"name":"Badia","label":"Badia","lga":"Apapa","people":6892,"walk":5.22,"walk_clinic":7.02,"walk_school":3.41,"f15":99.93,"f15_health":99.93,"f15_school":99.93,"beyond":5,"clinics":5,"schools":16,"off_pct":0.0,"hexes":12,"gini":0.13,"share":0.3,"rank":91.0,"of":128,"reading":"Most people here already finish inside 15 minutes. Clinics and schools are about even. That is 29 points above the city as a whole.","places":"Badia, Obale","place_n":2},"geometry":{"type":"Polygon","coordinates":[[[3.363249127745121,6.473648056112949],[3.363138058774439,6.473471887018037],[3.3629230173833666,6.472648027084858],[3.3628448204321444,6.47187164416107],[3.363040313259887,6.470637250009133],[3.3633251726186586,6.469229705786347],[3.3636770593488454,6.467218928710623],[3.3637955540216353,6.466891777833325],[3.3638456543534967,6.4664852770739],[3.363394274726034,6.46644651539441],[3.3626159195890755,6.4661541170189585],[3.3621535898163875,6.466102747743663],[3.361757343126953,6.466108774100689],[3.3609792389008253,6.46616676868149],[3.3603878240389236,6.466296432934085],[3.3596154925609767,6.466397503242206],[3.3588459930481913,6.466443999990645],[3.3582544450866294,6.466384103343727],[3.3577117509965424,6.466384484656315],[3.3564600143182592,6.466470027269964],[3.356018201678694,6.46655781639015],[3.355556368331804,6.4666669752007815],[3.35548650090135,6.467174077721553],[3.3553500683510147,6.467498333681192],[3.35454643327131,6.467995546357428],[3.354136630201367,6.468520737841798],[3.3548565087209568,6.468659760439665],[3.3557027177063214,6.4687145444407275],[3.3574916850932373,6.468850465276774],[3.358861475776507,6.468945722367265],[3.359703835663538,6.469060010910822],[3.359990908253849,6.46896407123495],[3.3610750418797015,6.468853869210762],[3.361216686001285,6.469872702163513],[3.3612018930529644,6.471008842683999],[3.3608715882532465,6.471773145014652],[3.3603137100097342,6.472561782100627],[3.3598614085772174,6.472794155226154],[3.359228034945886,6.472975984653997],[3.359716786800334,6.473837270773459],[3.3601000167024604,6.474363553135504],[3.3613350322859787,6.474783917843581],[3.362655510443517,6.474246850811539],[3.3633538906695435,6.473893685245401],[3.363298206447098,6.473762823095852],[3.363249127745121,6.473648056112949]]]}},{"type":"Feature","properties":{"name":"Okobaba","label":"Okobaba","lga":"Lagos Mainland","people":10342,"walk":4.77,"walk_clinic":6.98,"walk_school":2.57,"f15":100.0,"f15_health":100.0,"f15_school":100.0,"beyond":0,"clinics":1,"schools":29,"off_pct":0.0,"hexes":12,"gini":0.19,"share":0.44,"rank":1.0,"of":128,"reading":"Most people here already finish inside 15 minutes. Clinics and schools are about even. That is 29 points above the city as a whole.","places":"Lsdpc Estate, Okobaba","place_n":2},"geometry":{"type":"Polygon","coordinates":[[[3.387367835257464,6.484359444832534],[3.385059300746207,6.489584587758541],[3.3832669573042717,6.488896643265547],[3.382334631038418,6.491378838662513],[3.383085356304207,6.491776535958422],[3.3841118191052146,6.492265929928749],[3.3853831340244374,6.492510049998884],[3.386945325666318,6.492616083665382],[3.3875885837462074,6.4926615452941405],[3.3878949413984856,6.49274058131283],[3.3898936028075464,6.492842442125039],[3.390436713283748,6.492107916347322],[3.3915688131502293,6.490559942087713],[3.39306805404749,6.488490873654941],[3.392868428834958,6.487801725869018],[3.3933580593269994,6.487234587306431],[3.3934496255997715,6.486820935138099],[3.3932501316882626,6.486300283431375],[3.39329575519497,6.485886666336626],[3.393785061031792,6.484905944853496],[3.393739022038289,6.4847834383051],[3.3929885144084437,6.484661477645147],[3.391074194118801,6.4846629570299115],[3.390614791639393,6.484709264920695],[3.389696212410342,6.485092916604857],[3.3892981149161305,6.485200447642569],[3.387367835257464,6.484359444832534]]]}},{"type":"Feature","properties":{"name":"Araromi","label":"Araromi","lga":"Lagos Mainland","people":4490,"walk":4.41,"walk_clinic":6.5,"walk_school":2.33,"f15":100.0,"f15_health":100.0,"f15_school":100.0,"beyond":0,"clinics":1,"schools":8,"off_pct":0.0,"hexes":6,"gini":0.16,"share":0.19,"rank":1.0,"of":128,"reading":"Most people here already finish inside 15 minutes. Clinics and schools are about even. That is 29 points above the city as a whole.","places":"Araromi","place_n":1},"geometry":{"type":"Polygon","coordinates":[[[3.393739022038289,6.4847834383051],[3.392967428903774,6.48330727041423],[3.3926801332816012,6.483116019688623],[3.392029206682594,6.483039934345527],[3.3913774401167984,6.481872451552419],[3.3913962584306314,6.481451197414854],[3.390993914337742,6.481011118668221],[3.390630284260283,6.481126283151468],[3.3906874478674927,6.480781588299693],[3.3901503979225827,6.479422541816916],[3.389767243563483,6.479039891078173],[3.3882939651944066,6.479998384917565],[3.388045764000879,6.480860204334987],[3.387663356079088,6.481454061755584],[3.3865406352421705,6.483978343625723],[3.387367835257464,6.484359444832534],[3.3892981149161305,6.485200447642569],[3.389696212410342,6.485092916604857],[3.390614791639393,6.484709264920695],[3.391074194118801,6.4846629570299115],[3.3929885144084437,6.484661477645147],[3.393739022038289,6.4847834383051]]]}},{"type":"Feature","properties":{"name":"Abule Ijesha","label":"Abule Ijesha","lga":"Lagos Mainland","people":5210,"walk":4.76,"walk_clinic":4.82,"walk_school":4.69,"f15":100.0,"f15_health":100.0,"f15_school":100.0,"beyond":0,"clinics":2,"schools":4,"off_pct":0.0,"hexes":8,"gini":0.07,"share":0.22,"rank":1.0,"of":128,"reading":"Most people here already finish inside 15 minutes. Clinics and schools are about even. That is 29 points above the city as a whole.","places":"Abule Ijesha","place_n":1},"geometry":{"type":"Polygon","coordinates":[[[3.380923003893543,6.526568779725436],[3.380946315220342,6.526480163228994],[3.381034158299826,6.526185227865995],[3.38113726557242,6.525822628411618],[3.3812365741086414,6.525498325687239],[3.381316758561581,6.525203396619531],[3.3813409431300556,6.525116577867834],[3.381552745163105,6.525028339985965],[3.382162653683565,6.524803217194745],[3.3820922646463605,6.524549248648953],[3.3820436410013026,6.524385895792478],[3.382045169848766,6.5240381198634045],[3.3820753106271586,6.523526231150698],[3.3812026336946133,6.5239519612140935],[3.380915680714167,6.524239388137288],[3.379720703847454,6.523780753678863],[3.3793414570426417,6.523539783933926],[3.378870471295272,6.523505672648696],[3.3789276717747048,6.523195443415035],[3.378697763690866,6.522965849194635],[3.3785379784450242,6.52340220834526],[3.378469470789469,6.523953701402263],[3.377125553601445,6.5240121501406625],[3.3759082060988703,6.524357711039557],[3.376035076157905,6.525046919080124],[3.3756676932095497,6.525311424982304],[3.375690905610838,6.525633082800597],[3.375599242211308,6.525943337215267],[3.375073180183165,6.527132315603922],[3.3750602650192723,6.527161506698234],[3.374559330948387,6.527923222578691],[3.3750460584288935,6.528094388745103],[3.37520564582394,6.5281580949201725],[3.375754365371734,6.528556588116089],[3.375933986963958,6.528741942886425],[3.376065772717311,6.528962737240591],[3.3760761823699568,6.528977825166519],[3.3761229965790567,6.528939725388056],[3.37661522970916,6.528470648002041],[3.377059655778567,6.528077396954357],[3.3773744841451503,6.527724133362085],[3.3776474571644712,6.527402812789604],[3.3781821032215475,6.5276497306505785],[3.37846736997318,6.527767192901706],[3.378738628884662,6.527820841058997],[3.3792351895523893,6.527808499662569],[3.379226772797381,6.527224114801129],[3.3792342065934236,6.526502096794388],[3.37956324964432,6.526489883101647],[3.379914258636177,6.526517540851898],[3.3804287940536715,6.526541086901717],[3.380923003893543,6.526568779725436]]]}},{"type":"Feature","properties":{"name":"Alagomeji","label":"Alagomeji","lga":"Lagos Mainland","people":13309,"walk":4.44,"walk_clinic":5.25,"walk_school":3.63,"f15":100.0,"f15_health":100.0,"f15_school":100.0,"beyond":0,"clinics":8,"schools":21,"off_pct":0.0,"hexes":19,"gini":0.21,"share":0.57,"rank":1.0,"of":128,"reading":"Most people here already finish inside 15 minutes. Clinics and schools are about even. That is 29 points above the city as a whole.","places":"Adekunle, Sabo","place_n":2},"geometry":{"type":"Polygon","coordinates":[[[3.383878888400034,6.50223682856682],[3.383973318114215,6.501486225608858],[3.3845129572072774,6.501198607130051],[3.3844322115773484,6.500750622443319],[3.3843514938264434,6.500337100676687],[3.384098142215521,6.499475665269813],[3.3843844180065616,6.4983151216455886],[3.385037639675374,6.496350111968127],[3.381148499004098,6.494939983093786],[3.3782167019392664,6.493725561085795],[3.376036471905706,6.499056425613616],[3.3782118123253326,6.4998666509252425],[3.377294554200376,6.502073106089028],[3.3773103939595903,6.502777715019591],[3.3780009051177444,6.505966407923437],[3.381339070741546,6.505228643687019],[3.3812162026656547,6.504769201637373],[3.382195021183349,6.502976276334154],[3.382929197124781,6.5017196572364355],[3.383878888400034,6.50223682856682]]]}},{"type":"Feature","properties":{"name":"Alakara","label":"Alakara","lga":"Mushin","people":8754,"walk":6.07,"walk_clinic":6.08,"walk_school":6.06,"f15":100.0,"f15_health":100.0,"f15_school":100.0,"beyond":0,"clinics":4,"schools":9,"off_pct":0.0,"hexes":11,"gini":0.17,"share":0.38,"rank":1.0,"of":128,"reading":"Most people here already finish inside 15 minutes. Clinics and schools are about even. That is 29 points above the city as a whole.","places":"Ashaoku, Ayonuga, Balogun","place_n":3},"geometry":{"type":"Polygon","coordinates":[[[3.3674354808628095,6.528100517624863],[3.367442072893425,6.52775127040485],[3.3674677530344184,6.526868081296982],[3.367495208437162,6.525135228907742],[3.367499146568434,6.52479015094474],[3.3675012815589302,6.524603154012368],[3.3675037412047573,6.524388646818637],[3.3675084050888704,6.523979199880215],[3.367589023015057,6.520653094165028],[3.3675081218024157,6.519975338091456],[3.3673355859685894,6.519653789091136],[3.366944728016848,6.519229003315899],[3.3663648505574315,6.51863075090847],[3.365774672263342,6.517903580685754],[3.365475556851493,6.517268106238134],[3.365434124185527,6.5172859802638055],[3.3654036794363265,6.517542575729349],[3.3653925080578233,6.517979142623403],[3.365396752857919,6.518553560298641],[3.3652593247580853,6.519124250283993],[3.365213516890321,6.519315756417086],[3.364869393108051,6.519978502805714],[3.3646476041037094,6.5203769267538405],[3.36422694981394,6.521108659237257],[3.3638330647441985,6.5217944183777385],[3.3636801170438275,6.522085566695579],[3.3632288543282125,6.5228517863808975],[3.3630031856485516,6.523185112003375],[3.362773637293571,6.52344567977434],[3.362440755036857,6.523775254324561],[3.3618744141729167,6.5242543438629355],[3.362077502674652,6.524468647809895],[3.3627474940016664,6.525250334935038],[3.3632887590690075,6.525838725376901],[3.363532951984211,6.525972579570919],[3.36396858718058,6.5260967237848035],[3.3640212586742,6.526130192954097],[3.363782432913013,6.526800522426242],[3.3634957839033746,6.52752832667096],[3.3641565149112584,6.5278485680570375],[3.365228924075609,6.528254672215383],[3.36595186658542,6.528560504663629],[3.366105022928536,6.528555606955763],[3.3671298921308903,6.528308909428689],[3.3674354808628095,6.528100517624863]]]}},{"type":"Feature","properties":{"name":"Ajah","label":"Ajah","lga":"Eti Osa","people":93115,"walk":15.08,"walk_clinic":18.55,"walk_school":11.61,"f15":55.71,"f15_health":30.07,"f15_school":80.04,"beyond":41243,"clinics":11,"schools":27,"off_pct":2.89,"hexes":153,"gini":0.23,"share":4.0,"rank":118.0,"of":128,"reading":"About half the people here can walk to clinics and schools in 15 minutes. Clinics are the weaker of the two services. That is 15 points below the city as a whole.","places":"Ajah, Eleganza, Eti Osa Indigenous Town, IDI Iroko Resettlement Scheme, Ikota, Ikota Village Ajah, Megamound, Moba and 3 others","place_n":12},"geometry":{"type":"Polygon","coordinates":[[[3.5826895957483207,6.480017574651413],[3.582565222207279,6.478394071729099],[3.5824559509813976,6.476586742883909],[3.5817332530872354,6.474014244761633],[3.5820698756243132,6.47376878110441],[3.5821452172280606,6.472696476261432],[3.581823488363341,6.472574305160095],[3.5817589206377534,6.469679386594465],[3.5791094270584836,6.46948328492573],[3.5801768611732427,6.4655148546268615],[3.581474120634198,6.461668699750759],[3.581609633178062,6.459646644277256],[3.582501937814243,6.449857788206429],[3.580495662744681,6.449630314587409],[3.5811189990426446,6.44567770606136],[3.582311522558768,6.444022064067043],[3.5831467742042955,6.4379247712112715],[3.5778172181900914,6.437287495421628],[3.577890839390761,6.434683444585346],[3.5757271883591106,6.430626760216852],[3.5745632470962505,6.430459577147815],[3.5701063293436737,6.429591468771319],[3.565673168082298,6.42832601383452],[3.565469539087985,6.432085992974237],[3.5628393017923936,6.432014406939401],[3.565050437028105,6.43537799369949],[3.56422048418807,6.435983119625291],[3.5643101870655305,6.437708397024948],[3.565306420954584,6.437980172147262],[3.5651771218267636,6.439585257853422],[3.564605233045142,6.439567984574865],[3.563967941967007,6.448082616419639],[3.563654522838022,6.449524250343926],[3.5612176676612544,6.449191306933302],[3.561203005114635,6.450224812325303],[3.561007306342163,6.452197843955389],[3.560801554947829,6.452651607685595],[3.5608543406553395,6.4534847720046855],[3.55940301473737,6.455463248130457],[3.55674402701527,6.455958585720225],[3.5560251692262455,6.456755880579463],[3.5554394012074226,6.460531707572273],[3.5541389041871407,6.461086494845917],[3.552779096877885,6.464440565879443],[3.5515880401559907,6.467078407842278],[3.5525994420107168,6.467720646090981],[3.553610978763686,6.468485419666421],[3.558546417683089,6.472508519752409],[3.5623935591154923,6.475552453283115],[3.5654898313906633,6.478122347868122],[3.566731852692897,6.479545486335155],[3.571040430871222,6.484289064788584],[3.5751576432107304,6.482262511805515],[3.579859412182202,6.482563507699752],[3.581437358147582,6.48308249476139],[3.581360225993706,6.482592426299505],[3.581650315809497,6.481826222801997],[3.5826895957483207,6.480017574651413]]]}},{"type":"Feature","properties":{"name":"Makoko","label":"Makoko","lga":"Lagos Mainland","people":27881,"walk":4.49,"walk_clinic":5.56,"walk_school":3.41,"f15":100.0,"f15_health":99.45,"f15_school":100.0,"beyond":0,"clinics":5,"schools":19,"off_pct":7.02,"hexes":13,"gini":0.19,"share":1.2,"rank":1.0,"of":128,"reading":"Most people here already finish inside 15 minutes. Clinics and schools are about even. That is 29 points above the city as a whole. Some of the long walks sit off the mapped street network.","places":"Makoko, Amos Adesanya, Amos Olayinka, Apollo","place_n":4},"geometry":{"type":"Polygon","coordinates":[[[3.3924007822703284,6.496982063771268],[3.392147840750283,6.49666632888801],[3.392078630724257,6.496287267343575],[3.391653127290056,6.495621270805031],[3.3898936028075464,6.492842442125039],[3.3878949413984856,6.49274058131283],[3.3857145297018287,6.495304153663825],[3.385037639675374,6.496350111968127],[3.3843844180065616,6.4983151216455886],[3.384098142215521,6.499475665269813],[3.3843514938264434,6.500337100676687],[3.3844322115773484,6.500750622443319],[3.3845129572072774,6.501198607130051],[3.383973318114215,6.501486225608858],[3.383878888400034,6.50223682856682],[3.3841089466706076,6.50236211222176],[3.3847984766684367,6.5028211225967985],[3.385348784418909,6.502715713059785],[3.38538503878857,6.503187786087493],[3.385663193701476,6.503305849085734],[3.3861802121471096,6.5034777796758485],[3.3863639931038274,6.503477639381629],[3.3875116170675024,6.502155598202364],[3.387947868299534,6.5018565664274215],[3.388510397836626,6.501465530409973],[3.3889809222318377,6.5009252150267125],[3.3894167912519606,6.500132182054585],[3.390553258226362,6.499258190313299],[3.3915060395721075,6.49851070980145],[3.3918156437769653,6.49783265605231],[3.3924007822703284,6.496982063771268]]]}},{"type":"Feature","properties":{"name":"Bajulaiye","label":"Bajulaiye","lga":"Shomolu","people":6454,"walk":4.6,"walk_clinic":5.1,"walk_school":4.1,"f15":100.0,"f15_health":100.0,"f15_school":100.0,"beyond":0,"clinics":3,"schools":5,"off_pct":0.0,"hexes":9,"gini":0.1,"share":0.28,"rank":1.0,"of":128,"reading":"Most people here already finish inside 15 minutes. Clinics and schools are about even. That is 29 points above the city as a whole.","places":"Bajulaiye","place_n":1},"geometry":{"type":"Polygon","coordinates":[[[3.380923003893543,6.526568779725436],[3.3804287940536715,6.526541086901717],[3.379914258636177,6.526517540851898],[3.37956324964432,6.526489883101647],[3.3792342065934236,6.526502096794388],[3.379226772797381,6.527224114801129],[3.3792351895523893,6.527808499662569],[3.378738628884662,6.527820841058997],[3.37846736997318,6.527767192901706],[3.3781821032215475,6.5276497306505785],[3.3776474571644712,6.527402812789604],[3.3773744841451503,6.527724133362085],[3.377059655778567,6.528077396954357],[3.37661522970916,6.528470648002041],[3.3761229965790567,6.528939725388056],[3.3760761823699568,6.528977825166519],[3.3761895509071,6.529142150190126],[3.3764011478946827,6.529416902068419],[3.376467992703738,6.529422038096642],[3.376673991411621,6.529453330906563],[3.37689538471426,6.529495049556944],[3.377046978934971,6.529534826571023],[3.3771926196437225,6.529614498410409],[3.3774679767657854,6.529811747614133],[3.377990805731144,6.5302541367190665],[3.378224276029585,6.530441445716179],[3.3785355170005573,6.530620718371494],[3.3787429429324902,6.530650479635995],[3.3789822417371056,6.5306323493035165],[3.3792953146271425,6.530596211845761],[3.3794548345729827,6.530568169185698],[3.3795824276869557,6.530514220654822],[3.3801088566384574,6.530438032789049],[3.38056957482604,6.530493530851799],[3.3808149233700533,6.530563153666662],[3.3813634936303747,6.530758200430624],[3.381541150203987,6.530977462340047],[3.38182666516849,6.531418032116562],[3.3821121837303285,6.531864585082588],[3.382277903602415,6.532121750718262],[3.382295933210799,6.532227446239686],[3.3823797779044753,6.532341069284995],[3.382435722930325,6.5324786475715655],[3.3824956807311533,6.532650130299316],[3.3825855976472776,6.532879430441424],[3.382767245412083,6.533100682550525],[3.383014769416149,6.533407649043795],[3.3833321509580396,6.533790352842574],[3.383667673624302,6.533457979602134],[3.384052684184098,6.533084313989944],[3.384241601168981,6.532899878326759],[3.3844329643098945,6.532784847842492],[3.3846409900896783,6.532554921772259],[3.384805890679331,6.53226040639271],[3.384841636932037,6.532061726367601],[3.3847383057282623,6.531504141303117],[3.384704564963727,6.5311930226399095],[3.3847523801183,6.531130758078063],[3.3846684607809148,6.530922595601339],[3.3844503643928765,6.530499129131555],[3.38421307287507,6.530011053567306],[3.383990195691013,6.5295947708819995],[3.3838872278133754,6.529511079972393],[3.3838154133507037,6.5294824140821675],[3.3837076646770474,6.529407103055402],[3.3836239521837115,6.529467002400282],[3.383564139173757,6.529486993430053],[3.3835282274457654,6.529467075245349],[3.383474233049469,6.529271655262733],[3.3833364137445305,6.528988538790088],[3.3832245830481043,6.528789174380962],[3.383126768285763,6.5286615992534385],[3.38280179376784,6.528781516653737],[3.382522718848463,6.528941290208423],[3.3824347912326975,6.528704010381829],[3.382262980252392,6.528301249003504],[3.3820851869818402,6.527900487717376],[3.3820112797967568,6.527742977756248],[3.3819772782288733,6.527611365572112],[3.381915298752063,6.527403983706902],[3.3818234033274734,6.527192635831511],[3.3817514773488706,6.527017173603723],[3.3816256612952884,6.526781917251753],[3.381511844895783,6.526592525424746],[3.381188769745961,6.526584791255174],[3.3809275112956816,6.526569033334281],[3.380923003893543,6.526568779725436]]]}},{"type":"Feature","properties":{"name":"Ibuowo\u2013Owotutu","label":"Ibuowo\u2013Owotutu","lga":"Shomolu","people":10733,"walk":3.65,"walk_clinic":3.76,"walk_school":3.54,"f15":100.0,"f15_health":100.0,"f15_school":100.0,"beyond":0,"clinics":10,"schools":8,"off_pct":0.0,"hexes":13,"gini":0.17,"share":0.46,"rank":1.0,"of":128,"reading":"Most people here already finish inside 15 minutes. Clinics and schools are about even. That is 29 points above the city as a whole.","places":"Ogumbo","place_n":1},"geometry":{"type":"Polygon","coordinates":[[[3.3828392963964684,6.541360770283346],[3.382737206257104,6.540876238047986],[3.382490720970054,6.539842472751955],[3.382359115081158,6.539266517236059],[3.382343449790426,6.539197960117803],[3.3822578999821644,6.5387323208399835],[3.3823174710744865,6.53839320897947],[3.3825363103024984,6.537690976057775],[3.382129465102764,6.537679318146046],[3.3813954654284544,6.537548238360557],[3.3807770070532683,6.537249530341626],[3.380118591799601,6.53685511467188],[3.3793763291542973,6.536460603673959],[3.3788115306276723,6.536992966352385],[3.378645937560009,6.536905332814911],[3.378506239571323,6.536775795366736],[3.3782726532604093,6.53643690384007],[3.378226704199108,6.536329235206097],[3.377936927347378,6.535523671080626],[3.3776931121474836,6.534841732260189],[3.37759735593329,6.534801912977968],[3.377533493276133,6.534740132251328],[3.3774895533002787,6.534652406083694],[3.3771668225908233,6.53468672781031],[3.3771125808809757,6.534689959074398],[3.3771414895880985,6.534945235234488],[3.377195993900045,6.535291440947275],[3.3773240168899292,6.535809917193943],[3.3774359896792134,6.536200757159235],[3.3775926012176,6.5365452910323825],[3.3777954496003417,6.536849900402616],[3.3780238198434636,6.537146511202592],[3.378330353762862,6.537425512377524],[3.3779382133778877,6.537874171555813],[3.3773882320812736,6.538468151284179],[3.3771810129933892,6.538718815720814],[3.3768988623926366,6.539042935882833],[3.3768350527955135,6.539054153126702],[3.3768238823163865,6.539064446766872],[3.3771200029858046,6.539381302205356],[3.377267357802396,6.540147083021508],[3.3775905147904837,6.54131482481938],[3.377792042069132,6.541981637042966],[3.378203954049297,6.5423610816986315],[3.378510462787688,6.542603384238817],[3.3781628469378684,6.54285894188672],[3.3777482693672023,6.5431783747822],[3.3776762939258442,6.543200908195389],[3.3777550061886363,6.543509565414182],[3.3778605047585306,6.543774356401457],[3.3782274686228098,6.543786845286718],[3.3791752281542817,6.543862720188428],[3.3794882120114376,6.5442262819174175],[3.379890727874851,6.544835499758562],[3.3804081995788233,6.5455531308723485],[3.380752623734623,6.5452943824298595],[3.3810684566440163,6.545204789269633],[3.381419432360986,6.5451694198329164],[3.38156292908593,6.545044852937679],[3.382092550630773,6.54495190620554],[3.3827593583577595,6.544826940910638],[3.3834996119176135,6.544775318026551],[3.384332352655974,6.544659798311102],[3.383980997425113,6.544194150040027],[3.3836742359772525,6.543626347777775],[3.3834632343408653,6.543099959295716],[3.383185224218778,6.542573622075054],[3.3830414118317553,6.542283330811131],[3.382913341177812,6.541712201956614],[3.3828392963964684,6.541360770283346]]]}},{"type":"Feature","properties":{"name":"Harvey","label":"Harvey","lga":"Lagos Mainland","people":33303,"walk":5.74,"walk_clinic":6.55,"walk_school":4.92,"f15":100.0,"f15_health":100.0,"f15_school":100.0,"beyond":0,"clinics":28,"schools":39,"off_pct":0.0,"hexes":41,"gini":0.23,"share":1.43,"rank":1.0,"of":128,"reading":"Most people here already finish inside 15 minutes. Clinics and schools are about even. That is 29 points above the city as a whole.","places":"Alagomeji, Harvey, Alakija Street, Ayo Opadokun Avenue, Goblin Sabe Rd, Herbert Macaulay Way, Ibikunle, Igbobi Sabe and 5 others","place_n":13},"geometry":{"type":"Polygon","coordinates":[[[3.378697763690866,6.522965849194635],[3.3795693776247044,6.521127053071096],[3.3789718680573064,6.520863270223799],[3.3794992385990095,6.5195072445637265],[3.3802676823077604,6.517955735968484],[3.380232572775071,6.517094134187005],[3.380577042796346,6.516921547991105],[3.380818081789073,6.516617962948658],[3.3798299858652285,6.516189176988974],[3.3775558342343857,6.515185648698775],[3.3775483257946344,6.515172770407106],[3.3777010567583834,6.514605896245143],[3.3789241707139586,6.511771179196614],[3.3774380842002643,6.511113623694826],[3.378462117033109,6.508309693137903],[3.3780009051177444,6.505966407923437],[3.3773103939595903,6.502777715019591],[3.377294554200376,6.502073106089028],[3.3782118123253326,6.4998666509252425],[3.376036471905706,6.499056425613616],[3.372502292746674,6.507838469070123],[3.372192595911599,6.5084332222155],[3.3718137699895583,6.508743687071558],[3.3711244962985343,6.508629310394383],[3.370883861101334,6.509422185985157],[3.370441155435003,6.510519046816625],[3.369450642133472,6.512973149191509],[3.3679369059634614,6.516397796321313],[3.3675807771311956,6.516340612929013],[3.367350986858583,6.516263425017088],[3.367075279000972,6.516225330634541],[3.366707717087536,6.516240915885589],[3.366317270125989,6.516379059845802],[3.3660034507986434,6.5165860792841945],[3.3658503780925457,6.516701073795559],[3.3655979042199533,6.51702293216266],[3.365475556851493,6.517268106238134],[3.365774672263342,6.517903580685754],[3.3663648505574315,6.51863075090847],[3.366944728016848,6.519229003315899],[3.3673355859685894,6.519653789091136],[3.3675081218024157,6.519975338091456],[3.367589023015057,6.520653094165028],[3.3675084050888704,6.523979199880215],[3.3675037412047573,6.524388646818637],[3.367649187659936,6.524512031105416],[3.3678343616664965,6.524660287941969],[3.368054683876608,6.524875534378452],[3.3681776445826586,6.525033410363619],[3.368232028385478,6.525223248254349],[3.3682895283391194,6.525314155324054],[3.3686148877669093,6.525175098551983],[3.3689484930785625,6.525401431830686],[3.3691081128491764,6.5255114117223325],[3.3691559262050537,6.525444361867868],[3.3692133479177073,6.525426768430691],[3.369302712650097,6.525458615222986],[3.3697161552763646,6.525775837584889],[3.3702620410604136,6.526128066956799],[3.3706387077102136,6.526335218595533],[3.3711650053607514,6.526082724937851],[3.3716243233039336,6.525868574774962],[3.3723308172134807,6.525504254917508],[3.372581650722623,6.525985944395869],[3.3727270099436173,6.526226772947267],[3.373126201912726,6.526687608946021],[3.373555653370772,6.5270750242929685],[3.373839797768482,6.527295006559371],[3.3740840572335173,6.527513424005349],[3.3742995959496516,6.527727075044537],[3.3745501830445623,6.527873685222461],[3.374559330948387,6.527923222578691],[3.3750602650192723,6.527161506698234],[3.375073180183165,6.527132315603922],[3.375599242211308,6.525943337215267],[3.375690905610838,6.525633082800597],[3.3756676932095497,6.525311424982304],[3.376035076157905,6.525046919080124],[3.3759082060988703,6.524357711039557],[3.377125553601445,6.5240121501406625],[3.378469470789469,6.523953701402263],[3.3785379784450242,6.52340220834526],[3.378697763690866,6.522965849194635]]]}},{"type":"Feature","properties":{"name":"Akoka\u2013Anu-Oluwapo","label":"Akoka\u2013Anu\u2011Oluwapo","lga":"Shomolu","people":26419,"walk":7.02,"walk_clinic":7.7,"walk_school":6.34,"f15":97.37,"f15_health":97.34,"f15_school":99.98,"beyond":695,"clinics":10,"schools":12,"off_pct":0.0,"hexes":22,"gini":0.22,"share":1.13,"rank":97.0,"of":128,"reading":"Most people here already finish inside 15 minutes. Clinics and schools are about even. That is 27 points above the city as a whole.","places":"Akoka, Ilaje","place_n":2},"geometry":{"type":"Polygon","coordinates":[[[3.4003359413506473,6.528242379382334],[3.400351954679024,6.528159374655446],[3.4003356562655545,6.527725384319069],[3.4002457708257334,6.527042537183377],[3.400260462150641,6.526523847797365],[3.4002456871887716,6.526133042905655],[3.4003665884473544,6.525692560363438],[3.4004172040907292,6.525143632172956],[3.4002507917406883,6.524524670177413],[3.400173891611871,6.524488199970506],[3.399848308252899,6.523963336738632],[3.3993726757084914,6.524114923764785],[3.399092659198914,6.524081638057226],[3.398927502302456,6.524038688234894],[3.398862835651414,6.523971722916713],[3.398647492088116,6.52401497491121],[3.398604455930922,6.524065270395964],[3.398542239932453,6.524070106050601],[3.398403335145872,6.523936185306751],[3.3982092911259083,6.523677850552416],[3.3981152742006198,6.523636583361678],[3.3980584424431868,6.523570267353988],[3.3980320464418132,6.523479337801233],[3.3977664694470486,6.523548956119498],[3.3974649816236706,6.523601848846284],[3.397082099759132,6.523616511392958],[3.3967398762443395,6.5236000268198495],[3.3964933999504865,6.523614581447817],[3.396179803655059,6.523485583592843],[3.3960170758274444,6.523488105291846],[3.395356617314064,6.523529311328728],[3.3940165429291373,6.523597374719087],[3.3927027701167844,6.523636694877608],[3.3905131511610307,6.523707804271795],[3.390202072068007,6.523736766038951],[3.389656498348757,6.523801810405303],[3.388852490050397,6.523890987179356],[3.388041314155373,6.523996921920455],[3.3874310989660903,6.52402611211545],[3.386079011437289,6.524036723216227],[3.385469003092055,6.524033425402309],[3.3854670560598383,6.524095257390286],[3.3855210207785262,6.524252781740528],[3.385598992899247,6.524510013026713],[3.3856829338203625,6.524749290247597],[3.3858268352403225,6.525162043093872],[3.385916760250325,6.52540131491878],[3.386026634022017,6.525650544936753],[3.386144520753078,6.525945642177702],[3.3862345033197134,6.5262607052673625],[3.3862886056347175,6.526597735197355],[3.3863106902861664,6.5267891909684295],[3.386352660746752,6.5269088286795505],[3.386488562697081,6.5272916709739075],[3.3866524182745366,6.527716374910824],[3.3868722944209253,6.528378382956077],[3.3870801799064334,6.529006492855388],[3.3871941042245908,6.529333505237106],[3.3873019383338487,6.529520905065737],[3.387335930908535,6.529638555275141],[3.3873660033384567,6.5298439658263865],[3.387357906742068,6.529877417009231],[3.387371945159202,6.529895615690179],[3.3874121556465298,6.529904200618431],[3.3875223333890294,6.53002570082549],[3.3876748458175148,6.530429590852975],[3.3878435739218276,6.530756880225909],[3.3879557814341865,6.531028684126509],[3.388196443611037,6.53153973107379],[3.3884994395975236,6.53219433410129],[3.3886221853655907,6.532474747211835],[3.3887745871775223,6.532733117039753],[3.3890763789717653,6.533066046061208],[3.3893896047464973,6.533330994429888],[3.389821514950995,6.533574787146734],[3.390197856046257,6.533756395341412],[3.3904889306197106,6.533846161171424],[3.390795359318418,6.53398378442415],[3.391072092403192,6.534094623168357],[3.391208790253529,6.534238351918473],[3.391262684825108,6.5341612233618225],[3.3914348879097815,6.534028654298993],[3.3918622151691693,6.533712390614369],[3.3928746296604686,6.532841997959906],[3.393368867379365,6.532402821233236],[3.393679816070687,6.53220153227494],[3.394340059646083,6.531870724754185],[3.394485158962936,6.5317637063300245],[3.3947067438212457,6.531536955765944],[3.394917105140337,6.531238413222241],[3.395055667285249,6.530933543947924],[3.3952612028422777,6.530587136787005],[3.395406213126307,6.5303668298653275],[3.395516200212512,6.530243881749811],[3.39570593018459,6.530085768343611],[3.396283104281906,6.529622588711562],[3.3966530161238215,6.5293398760344985],[3.3968268343909362,6.529236025022612],[3.3971139339609517,6.529143253658275],[3.397637046212765,6.528913073979254],[3.39822874615976,6.528665288272465],[3.398831612988601,6.5284174926732135],[3.3989703891721774,6.528387065910407],[3.3991984950145597,6.52834061322875],[3.3996419453195585,6.52824931225598],[3.399854125967181,6.528239569900279],[3.4003359413506473,6.528242379382334]]]}},{"type":"Feature","properties":{"name":"Oko-Awo\u2013Agarawu","label":"Oko\u2011Awo\u2013Agarawu","lga":"Lagos Island","people":1416,"walk":2.46,"walk_clinic":2.84,"walk_school":2.07,"f15":100.0,"f15_health":100.0,"f15_school":100.0,"beyond":0,"clinics":4,"schools":4,"off_pct":0.0,"hexes":5,"gini":0.17,"share":0.06,"rank":1.0,"of":128,"reading":"Most people here already finish inside 15 minutes. Clinics and schools are about even. That is 29 points above the city as a whole.","places":"Agarawu","place_n":1},"geometry":{"type":"Polygon","coordinates":[[[3.389374192165292,6.461261481332372],[3.389549640003907,6.460395888359585],[3.3898129273247837,6.459250677276996],[3.3898854189769736,6.458925117300396],[3.390030852841619,6.4588637340741],[3.3900474911988,6.458867999558607],[3.3900423021106008,6.458816495385007],[3.390179622291783,6.458157722201179],[3.390401143298163,6.457468248860665],[3.390730171060568,6.457184617076449],[3.3909081396989222,6.457114273005344],[3.3911880743701777,6.457087731313777],[3.3914130011091856,6.457097131927128],[3.3915278859032583,6.457137730921602],[3.3914798558107577,6.456910393999521],[3.391458245102001,6.45681228066229],[3.3913887697759715,6.456702236918773],[3.3913144947681535,6.456573050206144],[3.3911731636106883,6.45636732399288],[3.391091721905468,6.45625250305062],[3.390981483908376,6.456029999984536],[3.390809281723023,6.456131374263577],[3.3903405973407534,6.45651946590067],[3.3900011131609062,6.45689788622849],[3.3897332770691264,6.457099138314618],[3.389452417894802,6.457277810222819],[3.389313825172962,6.457414113270772],[3.3891944167889396,6.457715773763994],[3.3889745226561563,6.458031872872709],[3.3884291998477356,6.458333859819843],[3.3883480198452958,6.458563688763263],[3.3883242309785264,6.458745607224047],[3.3882240698849837,6.459186071779811],[3.3881811281565892,6.459353644255316],[3.3881335018596705,6.45965524988992],[3.3881145450502568,6.459899393342368],[3.3880765747741752,6.460311088585912],[3.3880815830986535,6.460603082266458],[3.3880817872447437,6.460871144987379],[3.388024878145643,6.461550918240335],[3.3882881106078457,6.461584224632304],[3.388599239163625,6.461670150357179],[3.3887233096330647,6.461205733258055],[3.3887567113532104,6.461076462908466],[3.389130055008081,6.461167128060539],[3.389374192165292,6.461261481332372]]]}},{"type":"Feature","properties":{"name":"Araromi Odo","label":"Araromi Odo","lga":"Lagos Island","people":3473,"walk":5.62,"walk_clinic":4.52,"walk_school":6.71,"f15":96.67,"f15_health":96.67,"f15_school":96.67,"beyond":116,"clinics":8,"schools":3,"off_pct":0.0,"hexes":12,"gini":0.26,"share":0.15,"rank":98.0,"of":128,"reading":"Most people here already finish inside 15 minutes. Clinics and schools are about even. That is 26 points above the city as a whole.","places":"Araromi Odo","place_n":1},"geometry":{"type":"Polygon","coordinates":[[[3.4077021056676813,6.449363572970582],[3.4073600017626973,6.4473426263611495],[3.4071810672525085,6.446193932204266],[3.406835856189844,6.445367044253714],[3.406312487631226,6.444362229033684],[3.405409680712239,6.442953783690198],[3.404075271156899,6.441874481222385],[3.4031600670834905,6.441530003107231],[3.4030584373970214,6.441407646745576],[3.402883645164138,6.440808715349989],[3.4030097525980523,6.439335522416457],[3.4022191873656316,6.439483894366276],[3.401910353879771,6.439902297652962],[3.401728749282427,6.440207202000807],[3.4015359724072596,6.440504136556682],[3.400971781822306,6.441122081418996],[3.400244975825046,6.441853439784494],[3.3995622698828925,6.4425755980854555],[3.3998850671421788,6.442908508221137],[3.3999321673356917,6.44316887544329],[3.4003708539318036,6.443607003560429],[3.401260653956058,6.444459318043129],[3.4016169266798784,6.444761564894349],[3.4019564225508816,6.444420476323955],[3.402244308128388,6.444169418883631],[3.4029961593453213,6.44485525716442],[3.403301688722024,6.445133609028858],[3.4034609406699023,6.445609292834661],[3.403677442559968,6.44586186563265],[3.4037924388700276,6.446046545911429],[3.403901952912861,6.446559607340077],[3.403762252226216,6.44660279907998],[3.4035403867794685,6.446828912924048],[3.4034754647209415,6.4470319258826985],[3.403525435550478,6.447287502416373],[3.40360681070581,6.447316159313345],[3.4035896786208464,6.447436799768524],[3.402971865059556,6.44802702572673],[3.402727970719298,6.4482349660708564],[3.402429528000368,6.448449652229725],[3.4022267092952347,6.448557036677924],[3.402424197718574,6.448973333752405],[3.4025460099904308,6.449303528834832],[3.4026391123052235,6.449638532592246],[3.4026605089753725,6.449777062361591],[3.40374655006326,6.449448306194426],[3.4052105537241464,6.449009150152222],[3.4066171536587717,6.448601151122261],[3.4069212863882963,6.448921625432717],[3.407278066329752,6.449251630758226],[3.407536595337661,6.449395028557774],[3.4077021056676813,6.449363572970582]]]}},{"type":"Feature","properties":{"name":"Olosun\u2013Ojo Oto","label":"Olosun\u2013Ojo Oto","lga":"Lagos Island","people":2290,"walk":3.03,"walk_clinic":3.35,"walk_school":2.7,"f15":100.0,"f15_health":100.0,"f15_school":100.0,"beyond":0,"clinics":3,"schools":6,"off_pct":0.01,"hexes":9,"gini":0.14,"share":0.1,"rank":1.0,"of":128,"reading":"Most people here already finish inside 15 minutes. Clinics and schools are about even. That is 29 points above the city as a whole.","places":"Kakawa","place_n":1},"geometry":{"type":"Polygon","coordinates":[[[3.3928978699407817,6.453853627143247],[3.3928505790909753,6.453767203193934],[3.392683221553455,6.4535286292428955],[3.3925617887955473,6.453269594815992],[3.392497837105566,6.4530807236964725],[3.3925041152727435,6.452946687839415],[3.3927222800092522,6.452876313191324],[3.3928381288765763,6.452514978183728],[3.39294132788001,6.452296619193644],[3.3924754871540586,6.452228047686277],[3.391811826154878,6.452135375247395],[3.391500398124947,6.45206796026821],[3.391040816680402,6.451841098188197],[3.3907280459625895,6.451686883343029],[3.390516089246148,6.451531314118881],[3.390335969429487,6.451288918948476],[3.390127829435812,6.451118028873963],[3.3897843729504866,6.450885971410513],[3.38978680201933,6.450725131259843],[3.389679656790804,6.450790314121776],[3.389479190712109,6.450641118392922],[3.3894687558784544,6.450344980636372],[3.389459565706431,6.450009270911152],[3.389561189097662,6.449396479164251],[3.38804907440533,6.450255671661977],[3.3869289463138443,6.45087881190767],[3.386948958927348,6.450974533048338],[3.3880190010760884,6.452661078446054],[3.3882026273494144,6.452900280123857],[3.388705405929784,6.453294810007548],[3.3891243299239586,6.453545799099402],[3.3891531540948567,6.453691775255265],[3.3891125685902352,6.4538114768182595],[3.388933222190474,6.453955219058175],[3.388844728001857,6.454005547817815],[3.3888806523203248,6.45404860196146],[3.389213297156004,6.454115364032873],[3.3894644814007506,6.45404336880648],[3.3897515189175347,6.453921086189212],[3.3899525839446487,6.4540166688342415],[3.3900436106241614,6.454150630047595],[3.390189992374303,6.454703397443893],[3.390384228849143,6.45525612706865],[3.3905617811013826,6.455475706438732],[3.3909097144118623,6.455716376709461],[3.3911265040849234,6.455878696244894],[3.3912560181507843,6.455756931637155],[3.391821938132012,6.455277814219811],[3.3920801793568667,6.4549433347671075],[3.392453014894784,6.454378201692691],[3.3928992719838793,6.453870455257346],[3.3928978699407817,6.453853627143247]]]}},{"type":"Feature","properties":{"name":"Odam","label":"Odam","lga":"Lagos Island","people":3433,"walk":4.92,"walk_clinic":3.83,"walk_school":6.01,"f15":100.0,"f15_health":100.0,"f15_school":100.0,"beyond":0,"clinics":7,"schools":2,"off_pct":0.0,"hexes":12,"gini":0.22,"share":0.15,"rank":1.0,"of":128,"reading":"Most people here already finish inside 15 minutes. Clinics and schools are about even. That is 29 points above the city as a whole.","places":"Lafiaji, Onikan","place_n":2},"geometry":{"type":"Polygon","coordinates":[[[3.3992930002717685,6.451415481439368],[3.3994311514265405,6.451343850438375],[3.39980100391324,6.45131191371388],[3.4007556333658613,6.45121542814951],[3.4018872988597764,6.451087685748121],[3.4031206902677127,6.450758953862703],[3.4026605089753725,6.449777062361591],[3.4026391123052235,6.449638532592246],[3.4025460099904308,6.449303528834832],[3.402424197718574,6.448973333752405],[3.4022267092952347,6.448557036677924],[3.402429528000368,6.448449652229725],[3.402727970719298,6.4482349660708564],[3.402971865059556,6.44802702572673],[3.4035896786208464,6.447436799768524],[3.40360681070581,6.447316159313345],[3.403525435550478,6.447287502416373],[3.4034754647209415,6.4470319258826985],[3.4035403867794685,6.446828912924048],[3.403762252226216,6.44660279907998],[3.403901952912861,6.446559607340077],[3.4037924388700276,6.446046545911429],[3.403677442559968,6.44586186563265],[3.4034609406699023,6.445609292834661],[3.403301688722024,6.445133609028858],[3.4029961593453213,6.44485525716442],[3.402244308128388,6.444169418883631],[3.4019564225508816,6.444420476323955],[3.4016169266798784,6.444761564894349],[3.401260653956058,6.444459318043129],[3.4003708539318036,6.443607003560429],[3.3999321673356917,6.44316887544329],[3.3998850671421788,6.442908508221137],[3.3995622698828925,6.4425755980854555],[3.3994494166573195,6.4426819537092666],[3.399185426066595,6.442890866220524],[3.3988018607173562,6.443177418103401],[3.39824992159663,6.443559837716408],[3.3975793600994284,6.444013194953016],[3.397166127015226,6.444304556410202],[3.396948024331891,6.444451096441012],[3.397221129551553,6.444883292629925],[3.397183036967647,6.44512904676816],[3.397338000948025,6.445430495920674],[3.397730806831305,6.445945571830749],[3.3980358640638997,6.44643837692962],[3.39838084220213,6.446983805857997],[3.3982389156934687,6.447038168077026],[3.397904122377384,6.4472777708525095],[3.3972217887546203,6.447780919054196],[3.396711623142949,6.448143520307269],[3.396198201086179,6.448423150108339],[3.3957900006080872,6.448629300801657],[3.396323625035336,6.44971390117564],[3.3968115081446513,6.449411951100728],[3.397042680675213,6.449250615423637],[3.3973009425844793,6.449054154026043],[3.397618820552168,6.449621942798444],[3.3976890980734424,6.449736771834581],[3.397840741756852,6.449870685383872],[3.398013347737845,6.450291791133282],[3.3983483685823903,6.450922061204209],[3.398357448137745,6.45091957997471],[3.3984693615718133,6.451242602963816],[3.3985653902805666,6.451649407694049],[3.398746815912887,6.451619348753979],[3.398886361016821,6.451579348708037],[3.3992930002717685,6.451415481439368]]]}},{"type":"Feature","properties":{"name":"Okepopo East","label":"Okepopo East","lga":"Lagos Island","people":4815,"walk":2.92,"walk_clinic":3.67,"walk_school":2.17,"f15":100.0,"f15_health":100.0,"f15_school":100.0,"beyond":0,"clinics":2,"schools":15,"off_pct":0.0,"hexes":8,"gini":0.12,"share":0.21,"rank":1.0,"of":128,"reading":"Most people here already finish inside 15 minutes. Clinics and schools are about even. That is 29 points above the city as a whole.","places":"Adeniji Adele, Agarawu","place_n":2},"geometry":{"type":"Polygon","coordinates":[[[3.3987212212074382,6.459547853750507],[3.3986110686459483,6.4594410340765185],[3.3985292618160092,6.4588618922625765],[3.3984103894279656,6.458005621662152],[3.3984626553273074,6.4575268990471955],[3.398485435154783,6.4570785150614824],[3.398512241246976,6.456679059590953],[3.3978628587839803,6.45649447733831],[3.3977698284148805,6.455840750250444],[3.3977557801052285,6.455725079448881],[3.3976739031281795,6.455565581986091],[3.3976356558608813,6.455409162003263],[3.3975619986873653,6.455051803797745],[3.3974979210922247,6.45470401078154],[3.3974561556771046,6.454330670723947],[3.397437662917867,6.454072196574656],[3.3974343363256025,6.4538966830855315],[3.3974661120714695,6.45373390579516],[3.3974529549899435,6.453226511894058],[3.397433585391696,6.452932935406692],[3.397404826871309,6.452875516391998],[3.397060320877131,6.4529396092755755],[3.396757263736788,6.452971757340776],[3.3958863099053356,6.452982007813433],[3.395445528788173,6.452988694272846],[3.3954428587010166,6.452988734742347],[3.3954430592498284,6.453247223280754],[3.395401784864532,6.4535057441947865],[3.3952903255881206,6.453767509862757],[3.395239612817931,6.4541951725692],[3.395239827755916,6.454472808573313],[3.3950902399226948,6.4549356509595555],[3.3951669197176098,6.455079197147255],[3.3957413355942094,6.455276606430289],[3.3963029514201257,6.455422965697381],[3.3965103458758104,6.455451524568275],[3.3966191008908595,6.455815239182017],[3.3961980203224016,6.455873008932257],[3.3955536497811636,6.455978819566894],[3.395068847749144,6.456011534205004],[3.394733840394451,6.455984667858162],[3.394614021919608,6.455958539854803],[3.394528020651705,6.456137315185003],[3.3943847505558438,6.456520372417288],[3.3942797259286412,6.456852340063505],[3.3942543236781257,6.45700872857003],[3.3942800568791536,6.457279963199767],[3.394315493765078,6.457723515128179],[3.3942357697650327,6.457768252802679],[3.3941720087312888,6.457828936356353],[3.3940572669293947,6.457972629133565],[3.3937608863558917,6.4583909083137865],[3.3934931941556097,6.458777252568211],[3.3932159466586427,6.459185943176806],[3.3935351196500956,6.459361212949659],[3.3940425450275025,6.459561866986633],[3.3947269578828236,6.459661860806306],[3.395999884387208,6.459617791328071],[3.396966556661312,6.459602677321755],[3.397584193056104,6.459985141900801],[3.397794866439995,6.4601237948772905],[3.39868933304632,6.45956782409587],[3.3987212212074382,6.459547853750507]]]}},{"type":"Feature","properties":{"name":"Balogun","label":"Balogun","lga":"Lagos Island","people":1024,"walk":3.83,"walk_clinic":4.29,"walk_school":3.37,"f15":100.0,"f15_health":100.0,"f15_school":100.0,"beyond":0,"clinics":1,"schools":1,"off_pct":0.0,"hexes":6,"gini":0.06,"share":0.04,"rank":1.0,"of":128,"reading":"Most people here already finish inside 15 minutes. Clinics and schools are about even. That is 29 points above the city as a whole.","places":"Balogun","place_n":1},"geometry":{"type":"Polygon","coordinates":[[[3.3862309635881616,6.458832405291331],[3.385981982682381,6.458700381217681],[3.3855414650665807,6.458375209748168],[3.3852493580714627,6.45812651572618],[3.3850289881972917,6.457815539155831],[3.384933153742111,6.457652858992276],[3.38484206231135,6.457432732834378],[3.3846312882034226,6.45715525601031],[3.3843581110380687,6.456624123604455],[3.384027537341012,6.456131330196797],[3.3837688158781702,6.455729431268309],[3.3836827093895754,6.4557725771427945],[3.3834671149154474,6.455447234802079],[3.3832371429797945,6.4550931816050925],[3.382940572649375,6.455270518020028],[3.382561214328632,6.4551933516918885],[3.382693449742988,6.455400043777047],[3.3827896313364927,6.456026088832972],[3.3828892042733973,6.456071967747164],[3.382812727725252,6.456194568724412],[3.3830276549023783,6.456906687893365],[3.383280826648899,6.457565166099585],[3.3833806199197056,6.457902083614327],[3.3835127438181303,6.458805737694661],[3.3837283607752515,6.45915980078422],[3.383843420037863,6.4594325642614745],[3.383872173162331,6.459485197983553],[3.3845899355771394,6.45938891926329],[3.38475267779387,6.45943187807876],[3.3852123311841633,6.459747460976585],[3.3855284221989455,6.460067939783642],[3.3859738276300964,6.460527138116958],[3.386150517432497,6.46002917360755],[3.3861929672316933,6.459210592694774],[3.3862309635881616,6.458832405291331]]]}},{"type":"Feature","properties":{"name":"Ilupesi\u2013Ebute Awo","label":"Ilupesi\u2013Ebute Awo","lga":"Lagos Island","people":2959,"walk":3.22,"walk_clinic":3.65,"walk_school":2.78,"f15":100.0,"f15_health":100.0,"f15_school":100.0,"beyond":0,"clinics":2,"schools":10,"off_pct":0.0,"hexes":6,"gini":0.27,"share":0.13,"rank":1.0,"of":128,"reading":"Most people here already finish inside 15 minutes. Clinics and schools are about even. That is 29 points above the city as a whole.","places":"Oko Awo","place_n":1},"geometry":{"type":"Polygon","coordinates":[[[3.3935351196500956,6.459361212949659],[3.3932159466586427,6.459185943176806],[3.392402108770341,6.4588068159818],[3.3922474793377546,6.458804590159729],[3.3901648752088813,6.458898097169482],[3.3900474911988,6.458867999558607],[3.390030852841619,6.4588637340741],[3.3898854189769736,6.458925117300396],[3.3898129273247837,6.459250677276996],[3.389549640003907,6.460395888359585],[3.389374192165292,6.461261481332372],[3.3899064694080603,6.461418081179545],[3.3898225042052554,6.461758968301807],[3.389811355309859,6.4621993654084235],[3.390236257097626,6.462122449991114],[3.3903281408310595,6.462122378944684],[3.3905348868755714,6.462133708603801],[3.3906577423609865,6.4625816618142835],[3.3913545208944815,6.46257729740438],[3.3920015129594963,6.462549993087749],[3.392112531568103,6.462542249025604],[3.39279394788241,6.462472792585345],[3.3928970713428157,6.462154867852917],[3.393475385780505,6.462433971550582],[3.3939505515767228,6.462996535261937],[3.39405788566296,6.463172607230092],[3.3945858362673675,6.462682027053972],[3.3951099683504253,6.462206766828898],[3.39635340698419,6.461160357964218],[3.3965982860821105,6.460976353076261],[3.3973750206407662,6.460408986985214],[3.397794866439995,6.4601237948772905],[3.397584193056104,6.459985141900801],[3.396966556661312,6.459602677321755],[3.395999884387208,6.459617791328071],[3.3947269578828236,6.459661860806306],[3.3940425450275025,6.459561866986633],[3.3935351196500956,6.459361212949659]]]}},{"type":"Feature","properties":{"name":"Oduduwa","label":"Oduduwa","lga":"Apapa","people":13425,"walk":8.67,"walk_clinic":8.57,"walk_school":8.78,"f15":99.55,"f15_health":97.84,"f15_school":99.55,"beyond":61,"clinics":4,"schools":5,"off_pct":2.16,"hexes":20,"gini":0.11,"share":0.58,"rank":94.0,"of":128,"reading":"Most people here already finish inside 15 minutes. Clinics and schools are about even. That is 29 points above the city as a whole.","places":"Apapa, Marine","place_n":2},"geometry":{"type":"Polygon","coordinates":[[[3.3568609860457173,6.43962237557224],[3.356673435130972,6.439676119057705],[3.356357639093801,6.439733781788674],[3.3558006673669643,6.4398031006326155],[3.3550426072305872,6.439728954227915],[3.3542212815869448,6.4395112427496874],[3.3536298190609277,6.439528885649623],[3.3530439035533277,6.439265057836223],[3.352446301355769,6.438708280362901],[3.350740067999766,6.437658261619505],[3.349746166052796,6.436992613118662],[3.349059825050915,6.436973870347913],[3.34906026571872,6.437199610973323],[3.34900584864107,6.43766519359383],[3.3490353850750125,6.438871461448853],[3.3490369031306386,6.441094474930138],[3.3490726340948527,6.442961323606254],[3.349176600219948,6.4438401186266105],[3.3494756913501083,6.444540709386274],[3.350188773692992,6.446010741202769],[3.351494311413376,6.44888195543797],[3.351472555913745,6.45064544593066],[3.3514337510667933,6.4526674393508765],[3.3510547407836953,6.452673444124173],[3.3504690653950884,6.452777242975457],[3.3506704469835995,6.453345782681765],[3.350860072634305,6.453517978571879],[3.3509181121812053,6.454408293008384],[3.3510217005910476,6.454729897766639],[3.3510336417891726,6.454849209023849],[3.351452459663335,6.454815765035562],[3.352141648818076,6.4549186843498765],[3.3530548303162395,6.455061657669432],[3.3542780342039578,6.45508953125693],[3.356148276022168,6.455160985990744],[3.356170090877015,6.45350663632223],[3.3567499764303084,6.453333904436193],[3.3566627520843895,6.451783027164994],[3.357414687837604,6.451288497166445],[3.357609727407066,6.45098966144377],[3.3578736649377556,6.450673544348659],[3.358258209648682,6.450374573727627],[3.358229404363555,6.45024247680891],[3.357764224639311,6.450202594574137],[3.357614857139993,6.4501165357496015],[3.3575399301237208,6.4497259817686645],[3.3588833526846433,6.4492367802532735],[3.359520560125816,6.448926142727373],[3.359112044885024,6.44780056474434],[3.3584792531150924,6.446221348936149],[3.3574495401641684,6.4436544068254875],[3.356897237717419,6.442195760426046],[3.3567246056560975,6.441684646029613],[3.3566839751853763,6.441064299078162],[3.3569596146945173,6.441064105723966],[3.3568609860457173,6.43962237557224]]]}},{"type":"Feature","properties":{"name":"Oluwole","label":"Oluwole","lga":"Lagos Island","people":2980,"walk":4.89,"walk_clinic":5.54,"walk_school":4.24,"f15":100.0,"f15_health":100.0,"f15_school":100.0,"beyond":0,"clinics":0,"schools":4,"off_pct":0.0,"hexes":11,"gini":0.24,"share":0.13,"rank":1.0,"of":128,"reading":"Most people here already finish inside 15 minutes. Clinics and schools are about even. That is 29 points above the city as a whole.","places":"Oluwole","place_n":1},"geometry":{"type":"Polygon","coordinates":[[[3.389314396242469,6.456959332407337],[3.3892928529828055,6.456898427620387],[3.3892160832556892,6.456635211345998],[3.3895223033117077,6.456563173851464],[3.389325822129023,6.456204311979489],[3.3893065658454016,6.456055934633754],[3.3891485010025804,6.455869370275252],[3.3888324333701694,6.455577614015736],[3.3885259660005995,6.455324146392286],[3.388616678816731,6.455046441140383],[3.388774349756489,6.454716029321331],[3.3890132528593995,6.454227590431002],[3.3889749246530982,6.454170176812284],[3.3888806523203248,6.45404860196146],[3.388844728001857,6.454005547817815],[3.388933222190474,6.453955219058175],[3.3891125685902352,6.4538114768182595],[3.3891531540948567,6.453691775255265],[3.3891243299239586,6.453545799099402],[3.388705405929784,6.453294810007548],[3.3882026273494144,6.452900280123857],[3.3880190010760884,6.452661078446054],[3.386948958927348,6.450974533048338],[3.3869289463138443,6.45087881190767],[3.3860892196418035,6.451360266663015],[3.3847163469818606,6.452108051145671],[3.383850477917292,6.452515585226137],[3.3834103658957133,6.452721750308569],[3.3827789491891735,6.4530812372094015],[3.382505745044171,6.4532519330303435],[3.382257030337712,6.453428275694421],[3.382246419236879,6.453457270736522],[3.382261287728283,6.4534473404224855],[3.3821986139748783,6.454107969807011],[3.382325300572234,6.454573154927233],[3.3824576528984376,6.45493494139447],[3.382561214328632,6.4551933516918885],[3.382940572649375,6.455270518020028],[3.3832371429797945,6.4550931816050925],[3.3834671149154474,6.455447234802079],[3.3836827093895754,6.4557725771427945],[3.3837688158781702,6.455729431268309],[3.384027537341012,6.456131330196797],[3.3843581110380687,6.456624123604455],[3.3846312882034226,6.45715525601031],[3.38484206231135,6.457432732834378],[3.384933153742111,6.457652858992276],[3.3850289881972917,6.457815539155831],[3.3852493580714627,6.45812651572618],[3.3855414650665807,6.458375209748168],[3.385981982682381,6.458700381217681],[3.3862309635881616,6.458832405291331],[3.3865278252989697,6.459038012794111],[3.3866954328480006,6.459186277724598],[3.386815245926925,6.459415954682584],[3.3869018479419988,6.460023816346108],[3.3869355329485415,6.460267919329055],[3.3869404963069205,6.460502469713275],[3.3869407148421824,6.460789679899847],[3.386988760223176,6.461038558282894],[3.3870367210678864,6.461177339862387],[3.3872711383523897,6.461076638276267],[3.387452457864697,6.460377623128862],[3.387647912920898,6.4593865999116815],[3.387705077427427,6.459041905059905],[3.3876426033235134,6.458697301039648],[3.3875609610695387,6.458319202669087],[3.3876322809051094,6.457711222295131],[3.3878136768597638,6.457112729768711],[3.3884836349118923,6.457088285296152],[3.3887850948563027,6.457049760138374],[3.3891056707901157,6.456977712751269],[3.389314396242469,6.456959332407337]]]}},{"type":"Feature","properties":{"name":"Anikantamo","label":"Anikantamo","lga":"Lagos Island","people":1534,"walk":2.55,"walk_clinic":2.86,"walk_school":2.23,"f15":100.0,"f15_health":100.0,"f15_school":100.0,"beyond":0,"clinics":3,"schools":5,"off_pct":0.0,"hexes":4,"gini":0.19,"share":0.07,"rank":1.0,"of":128,"reading":"Most people here already finish inside 15 minutes. Clinics and schools are about even. That is 29 points above the city as a whole.","places":"Idunmagbo","place_n":1},"geometry":{"type":"Polygon","coordinates":[[[3.394528020651705,6.456137315185003],[3.394614021919608,6.455958539854803],[3.3942502704337016,6.455891805662361],[3.393860999785375,6.455831473743556],[3.3937812263225733,6.455812388331084],[3.393583609296172,6.456051882288591],[3.3930348609700904,6.45604273168675],[3.3924829299432986,6.45604315796544],[3.392132006387044,6.456062575227691],[3.391822632408605,6.456180889136761],[3.3915388423437207,6.456378962119458],[3.391698472906228,6.456525636149252],[3.39205277971206,6.456755131444197],[3.392056109901603,6.456937028321249],[3.3921999996303493,6.457358158352348],[3.3923311558581872,6.4578144006141525],[3.392366530690879,6.4581781727844705],[3.392421090760763,6.458599372063418],[3.392402108770341,6.4588068159818],[3.3932159466586427,6.459185943176806],[3.3934931941556097,6.458777252568211],[3.3937608863558917,6.4583909083137865],[3.3940572669293947,6.457972629133565],[3.3941720087312888,6.457828936356353],[3.3942357697650327,6.457768252802679],[3.394315493765078,6.457723515128179],[3.3942800568791536,6.457279963199767],[3.3942543236781257,6.45700872857003],[3.3942797259286412,6.456852340063505],[3.3943847505558438,6.456520372417288],[3.394528020651705,6.456137315185003]]]}},{"type":"Feature","properties":{"name":"Idumoyingbo","label":"Idumoyingbo","lga":"Lagos Island","people":2181,"walk":2.2,"walk_clinic":2.95,"walk_school":1.45,"f15":100.0,"f15_health":100.0,"f15_school":100.0,"beyond":0,"clinics":2,"schools":12,"off_pct":0.0,"hexes":5,"gini":0.08,"share":0.09,"rank":1.0,"of":128,"reading":"Most people here already finish inside 15 minutes. Clinics and schools are about even. That is 29 points above the city as a whole.","places":"Idumota, Isale Eko","place_n":2},"geometry":{"type":"Polygon","coordinates":[[[3.3906577423609865,6.4625816618142835],[3.3905348868755714,6.462133708603801],[3.3903281408310595,6.462122378944684],[3.390236257097626,6.462122449991114],[3.389811355309859,6.4621993654084235],[3.3898225042052554,6.461758968301807],[3.3899064694080603,6.461418081179545],[3.389374192165292,6.461261481332372],[3.389130055008081,6.461167128060539],[3.3887567113532104,6.461076462908466],[3.3887233096330647,6.461205733258055],[3.388599239163625,6.461670150357179],[3.3882881106078457,6.461584224632304],[3.388024878145643,6.461550918240335],[3.387810407824133,6.461452473053213],[3.3875471097114196,6.461333001716696],[3.3874278856883966,6.461878792172569],[3.3872704485723943,6.462520346936513],[3.3870167444272847,6.462429590053602],[3.3867821688620547,6.4623244584070685],[3.3864001386555174,6.4634017850643755],[3.3862282386423317,6.463904533067819],[3.3861280316833704,6.464287555226519],[3.3867026508067397,6.464741868442501],[3.3874973942893694,6.465176865120268],[3.3882393988292283,6.465482656199696],[3.388899949972768,6.465659264163777],[3.3898811283114583,6.465821265339172],[3.3903453772373946,6.465878350705396],[3.390795247802487,6.465906726114554],[3.391455653255832,6.4658918576232045],[3.39207776557646,6.465867444626894],[3.391895760780756,6.4656713249717095],[3.391206612994836,6.465647921914126],[3.390704034963278,6.465533423828504],[3.390378653052437,6.46558632914582],[3.3899766569971916,6.465581849622707],[3.3899094011979405,6.4652468242815635],[3.389818239620127,6.464940536776394],[3.3897701312865816,6.4646102832380175],[3.389611615883439,6.463839725223181],[3.38940515672266,6.46295431928644],[3.3893475398571122,6.462705448098006],[3.389787784978352,6.462666816820161],[3.390409857728798,6.462594537408052],[3.3906577423609865,6.4625816618142835]]]}},{"type":"Feature","properties":{"name":"Ajele","label":"Ajele","lga":"Lagos Island","people":2991,"walk":3.68,"walk_clinic":3.84,"walk_school":3.53,"f15":100.0,"f15_health":100.0,"f15_school":100.0,"beyond":0,"clinics":5,"schools":16,"off_pct":0.0,"hexes":12,"gini":0.21,"share":0.13,"rank":1.0,"of":128,"reading":"Most people here already finish inside 15 minutes. Clinics and schools are about even. That is 29 points above the city as a whole.","places":"Ajele, Odan, Polo Aguda","place_n":3},"geometry":{"type":"Polygon","coordinates":[[[3.3954428587010166,6.452988734742347],[3.3954276763462308,6.452643124380757],[3.3953850619710693,6.452300426023897],[3.3953835340229266,6.452288134989487],[3.395295634286129,6.451738489139983],[3.3952913652044,6.451711792765081],[3.3957518774472537,6.451593760343826],[3.3964615963256506,6.451427663655806],[3.397354704056397,6.451193610596702],[3.3983483685823903,6.450922061204209],[3.398013347737845,6.450291791133282],[3.397840741756852,6.449870685383872],[3.3976890980734424,6.449736771834581],[3.397618820552168,6.449621942798444],[3.3973009425844793,6.449054154026043],[3.397042680675213,6.449250615423637],[3.3968115081446513,6.449411951100728],[3.396323625035336,6.44971390117564],[3.3957900006080872,6.448629300801657],[3.396198201086179,6.448423150108339],[3.396711623142949,6.448143520307269],[3.3972217887546203,6.447780919054196],[3.397904122377384,6.4472777708525095],[3.3982389156934687,6.447038168077026],[3.39838084220213,6.446983805857997],[3.3980358640638997,6.44643837692962],[3.397730806831305,6.445945571830749],[3.397338000948025,6.445430495920674],[3.397183036967647,6.44512904676816],[3.397221129551553,6.444883292629925],[3.396948024331891,6.444451096441012],[3.3940424748803366,6.446472478322278],[3.392811677117265,6.447325482585028],[3.3918295697788494,6.447983629840678],[3.3908857016139105,6.448587494017658],[3.389561189097662,6.449396479164251],[3.389459565706431,6.450009270911152],[3.3894687558784544,6.450344980636372],[3.389479190712109,6.450641118392922],[3.389679656790804,6.450790314121776],[3.38978680201933,6.450725131259843],[3.3897843729504866,6.450885971410513],[3.390127829435812,6.451118028873963],[3.390335969429487,6.451288918948476],[3.390516089246148,6.451531314118881],[3.3907280459625895,6.451686883343029],[3.391040816680402,6.451841098188197],[3.391500398124947,6.45206796026821],[3.391811826154878,6.452135375247395],[3.3924754871540586,6.452228047686277],[3.39294132788001,6.452296619193644],[3.3928381288765763,6.452514978183728],[3.3927222800092522,6.452876313191324],[3.3925041152727435,6.452946687839415],[3.392497837105566,6.4530807236964725],[3.3925617887955473,6.453269594815992],[3.392683221553455,6.4535286292428955],[3.3928505790909753,6.453767203193934],[3.3928978699407817,6.453853627143247],[3.3928992719838793,6.453870455257346],[3.392913957013548,6.453859572561271],[3.393052321307607,6.453757048049397],[3.3935258089689455,6.453397670865855],[3.3938208099824583,6.453261815680323],[3.3944140621592847,6.453066693373274],[3.394780886628666,6.452983436836177],[3.395307302090373,6.452995794420417],[3.3954428587010166,6.452988734742347]]]}},{"type":"Feature","properties":{"name":"Odo-Olowu","label":"Odo\u2011Olowu","lga":"Surulere","people":5639,"walk":5.6,"walk_clinic":6.63,"walk_school":4.57,"f15":100.0,"f15_health":100.0,"f15_school":100.0,"beyond":0,"clinics":1,"schools":3,"off_pct":0.0,"hexes":8,"gini":0.2,"share":0.24,"rank":1.0,"of":128,"reading":"Most people here already finish inside 15 minutes. Clinics and schools are about even. That is 29 points above the city as a whole.","places":"Odo Olowu","place_n":1},"geometry":{"type":"Polygon","coordinates":[[[3.326623777865109,6.498641597132065],[3.325961859752056,6.496382627856065],[3.3256578610215115,6.49301486914095],[3.3240441166427104,6.493119300215596],[3.32249912363568,6.4929651905911205],[3.3224976883176964,6.492964859640607],[3.32241129134809,6.493144894021667],[3.321914200080301,6.49416002356628],[3.321505119165977,6.4957697039087625],[3.3214352418430053,6.496269176581279],[3.321380165562232,6.497465926011729],[3.3214765081343667,6.49844717000093],[3.3216846040612613,6.4995559927149325],[3.321980368599157,6.500545088684929],[3.3222886490020187,6.5015635484190835],[3.322816771376949,6.501309776824768],[3.3237951411329054,6.500737121820748],[3.3242065656805266,6.500471187795142],[3.3252590116940723,6.499738124315057],[3.3255579922076213,6.499515343358439],[3.326131992597425,6.499024320715875],[3.3265458210328798,6.498777530558639],[3.326623777865109,6.498641597132065]]]}},{"type":"Feature","properties":{"name":"Alafia","label":"Alafia","lga":"Apapa","people":7479,"walk":3.93,"walk_clinic":5.1,"walk_school":2.75,"f15":100.0,"f15_health":100.0,"f15_school":100.0,"beyond":0,"clinics":7,"schools":33,"off_pct":0.0,"hexes":8,"gini":0.08,"share":0.32,"rank":1.0,"of":128,"reading":"Most people here already finish inside 15 minutes. Clinics and schools are about even. That is 29 points above the city as a whole.","places":"Sari Iganmu","place_n":1},"geometry":{"type":"Polygon","coordinates":[[[3.3504633645926556,6.472901560358763],[3.350011087441771,6.472903098199479],[3.349451968133849,6.472689031673497],[3.348831429626841,6.472237580999603],[3.3479581078804017,6.471640780097972],[3.3473376458157422,6.471296551994328],[3.347015926843597,6.471120614924472],[3.346487513088334,6.471013750284386],[3.3459668649788905,6.4710677177010325],[3.3454309607702726,6.471205942600192],[3.3447956535965777,6.471551027757754],[3.3439232392661324,6.472286880035538],[3.3426910385606443,6.473176152157747],[3.3419792836170927,6.4737127587368954],[3.3414664137440586,6.47395053139195],[3.3406088526165254,6.474012378668363],[3.3398508500367257,6.474097135274632],[3.33877777267611,6.474598510013266],[3.341077440771301,6.476248480882759],[3.341652004136734,6.476654020266892],[3.342900655241067,6.477434392583177],[3.34357472319499,6.477778590109892],[3.3445091736595027,6.4781762235539295],[3.3449843097781127,6.478372747904017],[3.3451759148366595,6.478258792109614],[3.3454896532249454,6.4779522213179925],[3.345857028079422,6.477699224939329],[3.346163070968998,6.477339044661219],[3.346392693967687,6.477201028404806],[3.3475401641472904,6.4755765443221085],[3.347792719858205,6.475384897894798],[3.3485505452715074,6.4750397246036755],[3.3498441319011927,6.474349529107541],[3.3503185116900345,6.47382073403969],[3.3504177653676384,6.473399424144134],[3.3504633645926556,6.472901560358763]]]}},{"type":"Feature","properties":{"name":"Kuramo School\u2013Lekki","label":"Kuramo School\u2013Lekki","lga":"Eti Osa","people":7506,"walk":10.67,"walk_clinic":9.18,"walk_school":12.17,"f15":100.0,"f15_health":100.0,"f15_school":84.38,"beyond":0,"clinics":3,"schools":3,"off_pct":0.0,"hexes":15,"gini":0.08,"share":0.32,"rank":1.0,"of":128,"reading":"Most people here already finish inside 15 minutes. Schools are the weaker of the two services. That is 29 points above the city as a whole.","places":"Olosa, Victoria Island","place_n":2},"geometry":{"type":"Polygon","coordinates":[[[3.423975911858918,6.433125997766638],[3.4239776880199315,6.433127493339214],[3.423984837630201,6.433126823344253],[3.423998245622613,6.433126823344251],[3.4240494179463212,6.433115481993924],[3.4240526186334823,6.43311516813054],[3.4240546537992596,6.43311629767902],[3.424266107794665,6.433118045961122],[3.424451131614489,6.433153799408388],[3.424480963026099,6.433172949571997],[3.4250920118868744,6.43321368616273],[3.429271587713629,6.4332208366723185],[3.429360971331789,6.432841850670912],[3.4296398484003134,6.432827548752414],[3.430587313853493,6.432813247733236],[3.4306659712576106,6.432756042757204],[3.4307363728853493,6.43277816877753],[3.4310002663492583,6.432691240308543],[3.43164561535292,6.432676938390044],[3.4318547733791434,6.432674256611677],[3.4318979444346382,6.432686696034239],[3.431915543267735,6.432685838081],[3.4320191199864216,6.432415578316351],[3.4314681917037433,6.432046065773363],[3.4315414207999884,6.431548891767987],[3.431648353788546,6.431175960901897],[3.431617282211846,6.430645609107614],[3.431427465005527,6.43026665368319],[3.4309273106468936,6.429587348077687],[3.430724113327244,6.4292275509108086],[3.4306625493372285,6.428856147093541],[3.4306777433831717,6.428714443616742],[3.4307559484283274,6.428390790202855],[3.4308476756797286,6.42821264439806],[3.4309469707261546,6.427931095443739],[3.4309026980011486,6.4276343497455155],[3.4307837977341364,6.427366388647954],[3.4310386772931447,6.427045075270031],[3.4315462978234454,6.426366835361193],[3.4316614910849808,6.426098294200981],[3.4316153747498106,6.425887713447253],[3.4315041969611575,6.425696334118584],[3.4312556890988053,6.425513304095773],[3.4306237363963423,6.425151953799683],[3.4292907270854585,6.424193795407405],[3.428616806620368,6.421712876148377],[3.4266542979575547,6.421015639859944],[3.4239607726715917,6.4202443776759415],[3.4238696884354454,6.421201816610619],[3.423955162700622,6.422718210277253],[3.423970926017489,6.423736830989981],[3.42409181018894,6.426687791708275],[3.423973823633105,6.43260856023693],[3.423970404410682,6.433126905182577],[3.4239709188228744,6.433126872807008],[3.423972873949026,6.43312653735984],[3.423975911858918,6.433125997766638]]]}},{"type":"Feature","properties":{"name":"Marine Beach","label":"Marine Beach","lga":"Apapa","people":11168,"walk":9.18,"walk_clinic":10.33,"walk_school":8.03,"f15":89.95,"f15_health":89.95,"f15_school":86.56,"beyond":1123,"clinics":7,"schools":10,"off_pct":0.0,"hexes":33,"gini":0.25,"share":0.48,"rank":104.0,"of":128,"reading":"Most people here already finish inside 15 minutes. Clinics and schools are about even. That is 19 points above the city as a whole.","places":"Dockyard, Marine Beach","place_n":2},"geometry":{"type":"Polygon","coordinates":[[[3.3725718723940186,6.455205864858839],[3.3726169976763454,6.455070488112596],[3.373482281282292,6.453736676606412],[3.373299701819804,6.453511790336905],[3.3734748277011595,6.453300849854373],[3.373690163170522,6.453136110243348],[3.3741752287039053,6.452568316974293],[3.3748617567646875,6.4518314628517714],[3.3746355592836608,6.45145498865685],[3.3745167786264574,6.45125729608742],[3.3722196430221625,6.451124947358493],[3.369406533085055,6.45218009763346],[3.3682394495909875,6.452985132957566],[3.368047794170423,6.4526597654358975],[3.367731811973613,6.452468519206832],[3.3671384851530206,6.452574257895718],[3.366972356089434,6.452234616334521],[3.3668327813078345,6.452546618131975],[3.366629128931209,6.452734678962315],[3.3660413707127645,6.45412740955237],[3.365453611594944,6.455405144731685],[3.3651214011318307,6.455839574836545],[3.3646997485945462,6.456031235653028],[3.3638692210877252,6.456107900159508],[3.362144279135237,6.45603123565303],[3.361211531986669,6.455967348714239],[3.3600743482526236,6.455890685107078],[3.3592438198464833,6.455826798168232],[3.3585410662172985,6.455750133661809],[3.3573783273479876,6.455354036259792],[3.356873622419812,6.455226263281474],[3.3564775241184743,6.455130432423574],[3.3563579664470358,6.455179662211663],[3.356148276022168,6.455160985990744],[3.3561201740068896,6.457479011946873],[3.356189727573905,6.458398038139023],[3.3564431538285358,6.4594662852409215],[3.356236834962033,6.460063828083263],[3.3562258803201535,6.460822071681322],[3.356134726836217,6.461867583921901],[3.3565942983881882,6.462085541814361],[3.357437730267066,6.462438720870296],[3.3575718398685694,6.462599465692847],[3.357993523882044,6.463380382098989],[3.3583154272152456,6.463820546281227],[3.3583683721027455,6.463947463105],[3.3584266418760644,6.464088530761159],[3.3583991406079003,6.4643934476994795],[3.3585585553331043,6.464492002603889],[3.3587028326696213,6.464542107432351],[3.360145034965456,6.464530076302027],[3.3635447780691266,6.464573611582978],[3.3638199463334786,6.463895598303281],[3.3641641069879706,6.463332420354958],[3.3642216357199577,6.463347200712803],[3.36592782500918,6.463786008717364],[3.3674443337890234,6.464241189779157],[3.3677006729477625,6.464318130377477],[3.368110502997354,6.46457489131825],[3.3685002116155265,6.464772940019202],[3.3689090865851195,6.464970988720211],[3.369145467989029,6.465002931739946],[3.3693051848864,6.464958211152578],[3.3694649017838287,6.464824049390416],[3.369739614991261,6.464817659707251],[3.3704359798366568,6.464945433584942],[3.3706377292478464,6.4649578442291595],[3.370941745065523,6.465036928811284],[3.371147628660197,6.464489134665882],[3.371406097413512,6.464241480260171],[3.3718559517907924,6.464250726190128],[3.372267340365511,6.464011082945149],[3.372247665897135,6.463283498134955],[3.3723429652557115,6.4627185808978425],[3.372312455755264,6.4623621858662545],[3.372566370341758,6.462130544788862],[3.372689251008182,6.4614379436062555],[3.3725775408208847,6.460717414876853],[3.372315023319743,6.460136523881544],[3.3722200693007953,6.459594730912157],[3.3721977274432215,6.459304285864164],[3.3722926805627935,6.459164649029389],[3.3722144836115713,6.458829519366873],[3.371963136589556,6.4587345662473],[3.3716112507586904,6.458555829587908],[3.371454856856189,6.458315653944341],[3.371443686377063,6.458086648779839],[3.371411001416618,6.458028820573644],[3.3714801673758648,6.457693195384707],[3.3715971988517026,6.457125299592973],[3.3717809150572293,6.456583959881868],[3.371989848252951,6.456089383118579],[3.3725718723940186,6.455205864858839]]]}},{"type":"Feature","properties":{"name":"Ilasan\u2013Orile","label":"Ilasan\u2013Orile","lga":"Eti Osa","people":73492,"walk":19.47,"walk_clinic":19.75,"walk_school":19.19,"f15":39.14,"f15_health":30.68,"f15_school":51.65,"beyond":44727,"clinics":7,"schools":8,"off_pct":0.61,"hexes":104,"gini":0.3,"share":3.16,"rank":121.0,"of":128,"reading":"Most people here walk longer than 15 minutes. Clinics are the weaker of the two services. That is 31 points below the city as a whole.","places":"Alaguntan, Elegushin, Elegusi Beach Way, Igboefon, Ikate, Ikate Lekki, Ilado, Iroko Awe and 3 others","place_n":11},"geometry":{"type":"Polygon","coordinates":[[[3.4567331634048055,6.433985987963012],[3.4567882028133567,6.434492835975676],[3.4574994883107593,6.433818910114667],[3.4597023839579037,6.431412050026155],[3.460153596311443,6.4308372285552755],[3.4606279554158736,6.430461516985473],[3.4617071958304564,6.430115894932669],[3.462648919112382,6.4300997269209015],[3.46602583202656,6.43058682762006],[3.469762643731088,6.43111952934288],[3.474303559961356,6.431842926909609],[3.4822518986063073,6.432892413254308],[3.4862567748303377,6.433493667598725],[3.4938759993779054,6.434619869711241],[3.495813348607214,6.434901370102181],[3.5027357388632936,6.435897913358076],[3.506074451274969,6.436407757911752],[3.507729253302444,6.436655409619504],[3.507829027687535,6.436669902194295],[3.5084417348982124,6.4339304620212365],[3.5086312031675675,6.431977276630049],[3.509323521063721,6.425619773034156],[3.5091595881445414,6.424375378421017],[3.508802387320373,6.421254765994717],[3.5087431786548113,6.419455004045232],[3.502211262339927,6.4195454398702045],[3.4974739746442642,6.419530915819167],[3.4966509160070127,6.419512567850801],[3.491797652639605,6.4183205560488545],[3.4848024199957313,6.418968651582076],[3.4818263600984665,6.419277814219811],[3.477336454313957,6.417721525727871],[3.4712973421986253,6.417411187676237],[3.467794528694583,6.417299515260481],[3.460916052333971,6.420120381850212],[3.4579681151364525,6.419807097619527],[3.45724359701444,6.419728772065242],[3.4572487870019586,6.4200127743700905],[3.4572783719993367,6.42109344920334],[3.457413342251982,6.4225334175832245],[3.4574848491465104,6.423191280653098],[3.4571022874406485,6.429408802074591],[3.456955697947137,6.432068857291995],[3.4569127939902837,6.432537226911564],[3.4567626287923194,6.433895857008224],[3.4567331634048055,6.433985987963012]]]}},{"type":"Feature","properties":{"name":"Gaskiya","label":"Gaskiya","lga":"Apapa","people":4064,"walk":4.48,"walk_clinic":6.74,"walk_school":2.23,"f15":100.0,"f15_health":100.0,"f15_school":100.0,"beyond":0,"clinics":1,"schools":17,"off_pct":0.0,"hexes":6,"gini":0.19,"share":0.17,"rank":1.0,"of":128,"reading":"Most people here already finish inside 15 minutes. Clinics and schools are about even. That is 29 points above the city as a whole.","places":"Badia","place_n":1},"geometry":{"type":"Polygon","coordinates":[[[3.354136630201367,6.468520737841798],[3.35454643327131,6.467995546357428],[3.3553500683510147,6.467498333681192],[3.35548650090135,6.467174077721553],[3.355556368331804,6.4666669752007815],[3.35552390730254,6.466604299648736],[3.3547791760182117,6.466537596033277],[3.3534822753867393,6.466552859327067],[3.353178470909768,6.466675134749721],[3.352628337627721,6.466989054801105],[3.3520781431918185,6.4672144177112605],[3.3509081980549245,6.467430635415553],[3.350933227086784,6.46902463787677],[3.3509000340093844,6.4694698382624525],[3.35081701489338,6.470530182122274],[3.3506596946892273,6.471411070764361],[3.3504171205537436,6.472465031236254],[3.350914955560825,6.472640844199645],[3.3511905860767115,6.472602357712673],[3.3516347468461167,6.472670982280077],[3.3529824249989706,6.472700683289929],[3.3536256668910487,6.472761508037194],[3.354253492604641,6.472676821578091],[3.3549107009681056,6.473001358126226],[3.3542130959576753,6.4718453425885505],[3.353989119802066,6.469088275703426],[3.3540445773953707,6.468763831785455],[3.3540553989375326,6.468600264890369],[3.354136630201367,6.468520737841798]]]}},{"type":"Feature","properties":{"name":"Owoseni","label":"Owoseni","lga":"Apapa","people":6741,"walk":5.77,"walk_clinic":7.98,"walk_school":3.56,"f15":100.0,"f15_health":100.0,"f15_school":100.0,"beyond":0,"clinics":0,"schools":14,"off_pct":0.0,"hexes":10,"gini":0.08,"share":0.29,"rank":1.0,"of":128,"reading":"Most people here already finish inside 15 minutes. Clinics and schools are about even. That is 29 points above the city as a whole.","places":"Ijora Badia, Saki Iganmu","place_n":2},"geometry":{"type":"Polygon","coordinates":[[[3.359228034945886,6.472975984653997],[3.3598614085772174,6.472794155226154],[3.3603137100097342,6.472561782100627],[3.3608715882532465,6.471773145014652],[3.3612018930529644,6.471008842683999],[3.361216686001285,6.469872702163513],[3.3610750418797015,6.468853869210762],[3.359990908253849,6.46896407123495],[3.359703835663538,6.469060010910822],[3.358861475776507,6.468945722367265],[3.3574916850932373,6.468850465276774],[3.3557027177063214,6.4687145444407275],[3.3548565087209568,6.468659760439665],[3.354136630201367,6.468520737841798],[3.3540553989375326,6.468600264890369],[3.3540445773953707,6.468763831785455],[3.353989119802066,6.469088275703426],[3.3542130959576753,6.4718453425885505],[3.3549107009681056,6.473001358126226],[3.355531165730781,6.473337917710808],[3.3562278642245933,6.473191910078638],[3.3573610118012884,6.473037935352465],[3.3585477769584036,6.4729068978351165],[3.358930698393067,6.472998535154317],[3.359228034945886,6.472975984653997]]]}},{"type":"Feature","properties":{"name":"Falomo\u2013Oyinkan Abayomi","label":"Falomo","lga":"Eti Osa","people":23703,"walk":21.15,"walk_clinic":28.59,"walk_school":13.71,"f15":2.35,"f15_health":0.06,"f15_school":69.69,"beyond":23146,"clinics":2,"schools":4,"off_pct":0.0,"hexes":44,"gini":0.12,"share":1.02,"rank":127.0,"of":128,"reading":"Almost nobody here is within a 15-minute walk of clinics and schools. Clinics are the weaker of the two services. That is 68 points below the city as a whole.","places":"Falomo, Queens Drive","place_n":3},"geometry":{"type":"Polygon","coordinates":[[[3.451240547713155,6.446991297210672],[3.4512406799134965,6.44696205755298],[3.451247831322405,6.44694686260766],[3.451259131303913,6.446936088729557],[3.4513496165915853,6.445454604046802],[3.4514944182328695,6.443794751426707],[3.4519699383620264,6.442426289042032],[3.451952061638394,6.442379809380724],[3.451920461260329,6.442335244376068],[3.451880663561837,6.44222192440236],[3.4510135129633,6.440886575954779],[3.4503930841735277,6.440304293708208],[3.4498359451727647,6.439825553106857],[3.4492650996047014,6.439246020087806],[3.447638966165414,6.438730483724894],[3.446912635010165,6.4385703702264445],[3.4450565728026277,6.438308213353423],[3.444806638615546,6.43834272213894],[3.44287437685108,6.43899889808074],[3.439668134576778,6.441416424128704],[3.43931144276894,6.441644726922675],[3.4380302353071674,6.441999874594557],[3.437595363635183,6.442036778274769],[3.436951601934936,6.442212055242179],[3.4366779103573326,6.442209695421125],[3.4358663072842996,6.4424099141862134],[3.4355893169934575,6.442545796351453],[3.435075451570867,6.442669088008074],[3.434560120253423,6.442810468628295],[3.433637691026661,6.442902231852543],[3.432791354337553,6.442828257218365],[3.4324670156403276,6.442768461295486],[3.4307143583810102,6.442477706880708],[3.43003926340134,6.442128951589893],[3.4290800986676686,6.442074982374607],[3.428279345915144,6.441980247790242],[3.4281593610656955,6.441966052891075],[3.4278897182359738,6.441909365924573],[3.426738458313253,6.441762777330382],[3.4266168960529626,6.441909365924573],[3.426589651990867,6.441975964319339],[3.4265072120382456,6.442061068963199],[3.4287425120573403,6.448268757197411],[3.430095158065115,6.452007071669071],[3.4310909144141983,6.454717478129168],[3.4334101850320735,6.453848141278741],[3.435097974192218,6.4532263338282965],[3.436515963141233,6.452725379073058],[3.4385597282488902,6.452040068694259],[3.4413848333434203,6.451767655053288],[3.4426538370050253,6.451651671287664],[3.442912306657661,6.451714632824121],[3.4445649745939595,6.450351828973795],[3.446584818634506,6.448603840095187],[3.4479907108026855,6.447436542562457],[3.4488517720916434,6.447079648407111],[3.449500578089271,6.4469699383120656],[3.4497417627721916,6.446969726072042],[3.451240547713155,6.446991297210672]]]}},{"type":"Feature","properties":{"name":"Ijeh\u2013Dolphin Estate","label":"Ijeh\u2013Dolphin Estate","lga":"Eti Osa","people":18544,"walk":21.13,"walk_clinic":24.54,"walk_school":17.73,"f15":39.14,"f15_health":29.24,"f15_school":39.25,"beyond":11286,"clinics":1,"schools":4,"off_pct":0.0,"hexes":27,"gini":0.24,"share":0.8,"rank":122.0,"of":128,"reading":"Most people here walk longer than 15 minutes. Clinics are the weaker of the two services. That is 31 points below the city as a whole.","places":"Banana Island, Ikoyi","place_n":2},"geometry":{"type":"Polygon","coordinates":[[[3.4212834180953,6.45603846890026],[3.4212843282092535,6.456037164883298],[3.4212848048499036,6.456035845577843],[3.4212898032818657,6.45603197039918],[3.4212910884130565,6.45602906468963],[3.421289537082543,6.456027211186892],[3.4212894489489827,6.456024271303136],[3.4212887420818556,6.456000574167205],[3.4212601391441804,6.455520137444409],[3.4214027059701375,6.455278298954397],[3.4214136552160426,6.4548131129348585],[3.4217812450085034,6.454002348029974],[3.4208348974126466,6.453606155299894],[3.4209818772118865,6.453354875726974],[3.4211020140467663,6.453239179744401],[3.4172601129639015,6.451730358369387],[3.4169168066653692,6.45165557794263],[3.4156304856584256,6.451566494697999],[3.415373614101043,6.451549241204588],[3.4145303387041968,6.4514925974054895],[3.4137830920161036,6.451699966680167],[3.413150256179449,6.4519591800721505],[3.412662221984022,6.451974375017414],[3.412206366430723,6.451774156252383],[3.409835913596567,6.450050840274115],[3.408777612996516,6.449583363681312],[3.4077021056676813,6.449363572970582],[3.4081195619682494,6.451667389638374],[3.408511742822725,6.453773277215021],[3.4084894971925905,6.454677046408619],[3.408199224814439,6.455535076982243],[3.407908811242691,6.4562169519508075],[3.4071362108674634,6.457144298670471],[3.406348073804623,6.457795935733884],[3.405682170795615,6.458102823086845],[3.4048401040875547,6.458340918598538],[3.4041127737855277,6.458433403978461],[3.4040900218370784,6.458709143312376],[3.403998303578874,6.458916007168057],[3.4039755938985645,6.459245357787097],[3.403876442743694,6.4597356070127026],[3.403823481668383,6.460539834745646],[3.403747277614798,6.460999429679987],[3.403747557303973,6.461351739990846],[3.4040769807680813,6.461573586551822],[3.405064742144191,6.4615957791219785],[3.4051490778676903,6.461733572346531],[3.4053174822161054,6.461672166637243],[3.405370999971695,6.461572558626754],[3.4055777675999366,6.461610688082828],[3.405677387301637,6.4617101746848675],[3.405807468839669,6.461602845994606],[3.405952944073135,6.461595071355531],[3.4060755891171657,6.461763470307972],[3.406198209879505,6.461901232056278],[3.406198314200878,6.462031434103436],[3.4064050521514555,6.462031268628209],[3.406496806382563,6.4618703583304296],[3.406718729385887,6.461709343711275],[3.4067569092040344,6.461579111087133],[3.407476677107013,6.4616015122999775],[3.4076145755522593,6.4616933087992265],[3.4086252894256286,6.461692499409367],[3.408931522971443,6.461638639911371],[3.4090922390156497,6.461538944666586],[3.409314393144768,6.461668968648042],[3.4094829386867214,6.461783715845854],[3.4097356841545547,6.4618677601890235],[3.4098201385886,6.46215107271388],[3.4100040103768383,6.462281124574304],[3.41014160035462,6.461989976256461],[3.410172042405861,6.461760185084528],[3.4103865217206253,6.461867235884255],[3.4104019909591448,6.462058696151929],[3.410562933632548,6.462242380881207],[3.4108461912987313,6.462180879843799],[3.4108612954124737,6.461920465856851],[3.4108994185733645,6.461721302895853],[3.411075434783527,6.461606277807504],[3.4113664347132158,6.461651995743068],[3.4113053338741106,6.461843518063973],[3.4118644747657636,6.462072832595196],[3.4126151271864273,6.4624092168119756],[3.413021105439725,6.462608019144796],[3.413404188752338,6.462898746579924],[3.413281838685976,6.46309797699007],[3.4135040575662288,6.463304587236962],[3.4137491857763393,6.46343458963463],[3.4139022000265413,6.463281286702056],[3.414109080070034,6.463457274133929],[3.414185774254122,6.463610389108225],[3.414415440420271,6.463556588965447],[3.414514942310802,6.463510555367861],[3.4148978952217135,6.463640443551696],[3.4154186053843887,6.463685972629605],[3.4155103200452577,6.463479107874604],[3.415793657751181,6.463517170780846],[3.416253073720441,6.463516794864232],[3.416643696949109,6.463661994005861],[3.4169196098521866,6.463983443181405],[3.417402293081409,6.464343014618465],[3.417601411076305,6.464388805399097],[3.4177546888278703,6.464557174673928],[3.41841348269611,6.464916602219488],[3.41883498684524,6.4653681293357295],[3.419447835249457,6.465719934227649],[3.4199455245663444,6.465704205984367],[3.420206122014975,6.466018006425883],[3.420444526893448,6.4663479532954415],[3.4204609359235296,6.465357082963066],[3.4202201613314287,6.464557708871211],[3.419834023921112,6.463370694601906],[3.418618407613451,6.462870147239528],[3.4191475579135044,6.462126476255947],[3.4193620785970897,6.4616974348887775],[3.419537271028276,6.4611790099034465],[3.4205848463136594,6.458551134227491],[3.421078243166448,6.457299763573303],[3.4211282976328907,6.457188928426377],[3.421199805426738,6.456416653605741],[3.4212284083644136,6.45610559879441],[3.42127980372004,6.456075288044134],[3.4212834180953,6.45603846890026]]]}},{"type":"Feature","properties":{"name":"Obalende","label":"Obalende","lga":"Eti Osa","people":12793,"walk":5.77,"walk_clinic":5.65,"walk_school":5.89,"f15":99.9,"f15_health":99.9,"f15_school":99.9,"beyond":13,"clinics":13,"schools":11,"off_pct":0.0,"hexes":21,"gini":0.23,"share":0.55,"rank":92.0,"of":128,"reading":"Most people here already finish inside 15 minutes. Clinics and schools are about even. That is 29 points above the city as a whole.","places":"Keffi Obalende","place_n":1},"geometry":{"type":"Polygon","coordinates":[[[3.410712356889803,6.442169246613502],[3.410364303070196,6.442243956893151],[3.4093700072201045,6.44250365322108],[3.4087097573494707,6.442708939665864],[3.4081610512915295,6.443042493716177],[3.406840390571631,6.442937421424914],[3.4064224972005372,6.443025144894591],[3.405409680712239,6.442953783690198],[3.406312487631226,6.444362229033684],[3.406835856189844,6.445367044253714],[3.4071810672525085,6.446193932204266],[3.4073600017626973,6.4473426263611495],[3.4077021056676813,6.449363572970582],[3.408777612996516,6.449583363681312],[3.409835913596567,6.450050840274115],[3.412206366430723,6.451774156252383],[3.412662221984022,6.451974375017414],[3.413150256179449,6.4519591800721505],[3.4137830920161036,6.451699966680167],[3.4145303387041968,6.4514925974054895],[3.415373614101043,6.451549241204588],[3.4156304856584256,6.451566494697999],[3.4169168066653692,6.45165557794263],[3.4170456390450563,6.4510310833179005],[3.4172742512057543,6.4496982457774825],[3.4173371650781514,6.449388009349207],[3.417337029280531,6.449221427926602],[3.4180258524112332,6.448876213266659],[3.4185537832305504,6.448410502043088],[3.4189610699974082,6.447881703377959],[3.418978104056293,6.447646177229331],[3.4186100349252233,6.4469801546105145],[3.4181956471114745,6.445848892012804],[3.4181149608368173,6.445492818039155],[3.4181259748339134,6.444918392270037],[3.4182575015825023,6.444246215590454],[3.418652052150548,6.442195219933525],[3.417302353221089,6.441926347822743],[3.417353307908854,6.441035958742532],[3.4174044361658393,6.440358103743562],[3.41726014264151,6.439481794449306],[3.416957698838758,6.4395215498796565],[3.4168940403277475,6.439573165569185],[3.416293383133165,6.439687577319889],[3.4153316157614877,6.439905671909288],[3.4143841503083654,6.440080864340471],[3.411999395555711,6.441661165630364],[3.4110984097638384,6.442093781802613],[3.410805231676136,6.442201042144406],[3.410712356889803,6.442169246613502]]]}},{"type":"Feature","properties":{"name":"Igbo-Efon\u2013Maiyegun","label":"Igbo\u2011Efon\u2013Maiyegun","lga":"Eti Osa","people":87978,"walk":24.26,"walk_clinic":26.09,"walk_school":22.43,"f15":15.86,"f15_health":11.53,"f15_school":31.4,"beyond":74021,"clinics":5,"schools":6,"off_pct":6.68,"hexes":135,"gini":0.19,"share":3.78,"rank":125.0,"of":128,"reading":"Most people here walk longer than 15 minutes. Clinics are the weaker of the two services. That is 55 points below the city as a whole. Some of the long walks sit off the mapped street network.","places":"Agbadon, Barbwire, Gbolagas, Ikota, Ikota First Gate, Itirin Town, Light House Estate, Mega Chicken Settlement and 5 others","place_n":13},"geometry":{"type":"Polygon","coordinates":[[[3.5605489488749527,6.421405047205212],[3.56001488198126,6.420703402440097],[3.550320231693376,6.420551458383157],[3.5434446862233244,6.420252448192004],[3.5240892873907232,6.419659914573456],[3.523587266938876,6.42287712408006],[3.5239096891808686,6.42371926183449],[3.5242793204343457,6.425802076404752],[3.5247716120203454,6.428037940298735],[3.5250011441875126,6.42788452764887],[3.5253554707783787,6.429967355708925],[3.525738522614802,6.430196725998143],[3.525923046411492,6.43094709783037],[3.5269192362338235,6.431788538610191],[3.5274096527333545,6.4321862907647755],[3.5287419830561357,6.432307456424041],[3.5294787526423765,6.4340069439653576],[3.5294501101345195,6.435921670748539],[3.529511836901804,6.436381134381919],[3.5306760389680676,6.436793501419003],[3.53110462437894,6.436624561973986],[3.533771164607629,6.438643700946101],[3.5334871443163247,6.4424595549645565],[3.5389605603816103,6.444619179731433],[3.5474327208434597,6.448393590292028],[3.5475397149859305,6.448209663645117],[3.5506035945802528,6.449370496850975],[3.5532693290163597,6.450516424693319],[3.554035686297936,6.4511589273426475],[3.5547257450971297,6.452046592376404],[3.5549871366470707,6.4530266276767625],[3.555051207946917,6.455615214670444],[3.555192933007504,6.45919935476644],[3.5554394012074226,6.460531707572273],[3.5560251692262455,6.456755880579463],[3.55674402701527,6.455958585720225],[3.55940301473737,6.455463248130457],[3.5608543406553395,6.4534847720046855],[3.560801554947829,6.452651607685595],[3.561007306342163,6.452197843955389],[3.561203005114635,6.450224812325303],[3.5612176676612544,6.449191306933302],[3.563654522838022,6.449524250343926],[3.563967941967007,6.448082616419639],[3.564605233045142,6.439567984574865],[3.5651771218267636,6.439585257853422],[3.565306420954584,6.437980172147262],[3.5643101870655305,6.437708397024948],[3.56422048418807,6.435983119625291],[3.565050437028105,6.43537799369949],[3.5628393017923936,6.432014406939401],[3.565469539087985,6.432085992974237],[3.565673168082298,6.42832601383452],[3.5641768122101776,6.428095934879537],[3.564332526225144,6.426421283015825],[3.5638364287082713,6.4263072372892225],[3.562130055957368,6.426051281241712],[3.560878714980788,6.425582027588575],[3.5600966267579675,6.425326072440326],[3.559428297378077,6.425112774834757],[3.5597695721081095,6.424103170724778],[3.5601392860992296,6.422339917653119],[3.5605489488749527,6.421405047205212]]]}},{"type":"Feature","properties":{"name":"Airways","label":"Airways","lga":"Surulere","people":10688,"walk":5.2,"walk_clinic":6.35,"walk_school":4.05,"f15":100.0,"f15_health":100.0,"f15_school":100.0,"beyond":0,"clinics":5,"schools":15,"off_pct":0.0,"hexes":10,"gini":0.07,"share":0.46,"rank":1.0,"of":128,"reading":"Most people here already finish inside 15 minutes. Clinics and schools are about even. That is 29 points above the city as a whole.","places":"Ijeshatado","place_n":1},"geometry":{"type":"Polygon","coordinates":[[[3.3270940279670644,6.4835150767594305],[3.3270857362177826,6.4835586111410635],[3.3265507583108733,6.485167340000772],[3.325648382167174,6.4870213913242205],[3.3247918246830177,6.488691596939702],[3.323768802688164,6.490501683106231],[3.322889247740648,6.492148922734655],[3.3224976883176964,6.492964859640607],[3.32249912363568,6.4929651905911205],[3.3240441166427104,6.493119300215596],[3.3256578610215115,6.49301486914095],[3.327403703218351,6.492921836073947],[3.3292932112127573,6.492966564755194],[3.3301945369483974,6.492443253753209],[3.331296641726681,6.491575156168551],[3.331830357884769,6.4909774082807985],[3.3328074721871412,6.492183053804922],[3.3334101213800413,6.491613979001955],[3.333380891614922,6.490832783805957],[3.333116367726234,6.490310233630452],[3.3327428567974384,6.489988803340624],[3.332306065072885,6.489500830299106],[3.3311623486634976,6.488203383779191],[3.331052992002015,6.487835824563718],[3.330885788248565,6.486830694580931],[3.3306500426654106,6.48640003173614],[3.330391404839531,6.486090012044485],[3.3300695419758313,6.485699613646317],[3.3294484611776056,6.4844133106258255],[3.3283627150672714,6.48392001179917],[3.3270940279670644,6.4835150767594305]]]}},{"type":"Feature","properties":{"name":"Oyingbo","label":"Oyingbo","lga":"Lagos Mainland","people":5820,"walk":3.95,"walk_clinic":4.8,"walk_school":3.1,"f15":100.0,"f15_health":100.0,"f15_school":100.0,"beyond":0,"clinics":4,"schools":12,"off_pct":0.0,"hexes":7,"gini":0.13,"share":0.25,"rank":1.0,"of":128,"reading":"Most people here already finish inside 15 minutes. Clinics and schools are about even. That is 29 points above the city as a whole.","places":"Herbert Macaulay Way, Obalola Lane, Oloto East, Redemption Way","place_n":4},"geometry":{"type":"Polygon","coordinates":[[[3.389767243563483,6.479039891078173],[3.3898706566055807,6.478622527407764],[3.388905275757906,6.477872694269479],[3.388169514311699,6.476992480118896],[3.387871088679845,6.47726077126765],[3.387748468816824,6.477123004123369],[3.387794359422173,6.477054037813617],[3.3879932471906504,6.476793482633185],[3.3878706965754195,6.476747622604763],[3.387748311435473,6.476916213112813],[3.3876334770034195,6.476946935752549],[3.3876640179801143,6.476832029374691],[3.387518472599482,6.476755551027906],[3.3873959876347612,6.476793938589422],[3.387304293658247,6.477046754204367],[3.387189418756691,6.477023863760337],[3.387135707646849,6.47687838582891],[3.3871661793757544,6.476671572335249],[3.3870129888583738,6.47661041663747],[3.3867986183615812,6.4766488752454165],[3.3866530972626947,6.4766030323041255],[3.386675940042664,6.476434518238477],[3.3865686985866432,6.4763809878922975],[3.386515006362515,6.476258485840503],[3.3862164233493104,6.476319984179953],[3.3861320201766607,6.476090281141637],[3.3857949587703615,6.475899063690861],[3.3856569622990382,6.475677059748534],[3.385526667621661,6.475516321221279],[3.3852585869142904,6.475409300099157],[3.38515907872852,6.475455329200143],[3.3850064583813837,6.476144747681985],[3.38380498391291,6.477072386681356],[3.383361036282849,6.477294831291487],[3.3826185200287,6.477601749221378],[3.38222124811216,6.477806094975336],[3.3824703801039964,6.478169706167079],[3.3829208388257253,6.4789639802035595],[3.3832468628525016,6.479748773587062],[3.383438842928286,6.480476227096233],[3.383410590726214,6.481088963085198],[3.3832388957584953,6.481874132385371],[3.3831051252014395,6.4821805898623674],[3.3829863427455966,6.482340815776069],[3.3836194942443285,6.482632522572885],[3.3865406352421705,6.483978343625723],[3.387663356079088,6.481454061755584],[3.388045764000879,6.480860204334987],[3.3882939651944066,6.479998384917565],[3.389767243563483,6.479039891078173]]]}},{"type":"Feature","properties":{"name":"Ogunsami\u2013Karounwi","label":"Ogunsami\u2013Karounwi","lga":"Surulere","people":10834,"walk":5.62,"walk_clinic":6.35,"walk_school":4.89,"f15":100.0,"f15_health":100.0,"f15_school":100.0,"beyond":0,"clinics":4,"schools":3,"off_pct":0.0,"hexes":14,"gini":0.14,"share":0.47,"rank":1.0,"of":128,"reading":"Most people here already finish inside 15 minutes. Clinics and schools are about even. That is 29 points above the city as a whole.","places":"Ijesha, Mushin Ajina","place_n":2},"geometry":{"type":"Polygon","coordinates":[[[3.3397246769523004,6.50590757787245],[3.339526147114043,6.5048420638102575],[3.339267219706471,6.504124209664609],[3.3389413737454565,6.503530860360969],[3.3387493244218267,6.502621486592376],[3.3392947227732743,6.5023147638153205],[3.339198893714013,6.502152074658567],[3.338767570766834,6.501281157699339],[3.3385279580988367,6.500812207117689],[3.338623318611326,6.500276016025395],[3.337981410413818,6.4993956651778735],[3.337464881199367,6.498749351201638],[3.336281734914167,6.499609811743483],[3.3358225662584573,6.5000390185858805],[3.3354093223823607,6.500437559445857],[3.3340396531075385,6.502008551853238],[3.3336646942702823,6.502407064834243],[3.3335498598382287,6.502453094834494],[3.3333508938287078,6.502652359418901],[3.333067748577775,6.502935927351189],[3.3321035188623678,6.503893931060134],[3.332338761724543,6.504128339351438],[3.3333157150482857,6.505046771091656],[3.333580131018266,6.505391250106128],[3.333764088242105,6.5056553621052995],[3.333925127142948,6.505999908568981],[3.334143719057409,6.5065282332913625],[3.334454181215562,6.507022030342455],[3.33476459840756,6.5074468970566945],[3.3351438892790957,6.507802786669345],[3.3355921149841947,6.508181608094787],[3.3359024566331072,6.508491590014898],[3.3361653140780168,6.508790602904072],[3.336316285068562,6.5089623410392505],[3.33660363285145,6.509237871730419],[3.3367875550017057,6.509444541332583],[3.3373046876612302,6.509800337415698],[3.3374541585826027,6.510018518340019],[3.337511752965099,6.510259736297827],[3.3376154699780045,6.510765157985702],[3.3376616456684474,6.51110977999241],[3.338183660747404,6.511189077713821],[3.338229562144648,6.511120116799986],[3.3382749509282807,6.510287174613438],[3.338257494188042,6.509948277690909],[3.338285676243004,6.509149812813631],[3.3385323665755204,6.508747553257024],[3.3390085351158523,6.507966019915956],[3.3395249339286015,6.507230414052401],[3.3399151974284678,6.50681656763055],[3.3399667978295042,6.506684415853156],[3.3398805564425516,6.506546612736031],[3.339771252841103,6.506276708203586],[3.3397246769523004,6.50590757787245]]]}},{"type":"Feature","properties":{"name":"Aralile","label":"Aralile","lga":"Surulere","people":9680,"walk":5.88,"walk_clinic":6.67,"walk_school":5.08,"f15":98.72,"f15_health":98.35,"f15_school":100.0,"beyond":124,"clinics":5,"schools":12,"off_pct":0.0,"hexes":17,"gini":0.24,"share":0.42,"rank":95.0,"of":128,"reading":"Most people here already finish inside 15 minutes. Clinics and schools are about even. That is 28 points above the city as a whole.","places":"Alaka Community, Aralile Community, Stadium","place_n":3},"geometry":{"type":"Polygon","coordinates":[[[3.369145226970716,6.505637175115567],[3.368709632243792,6.505286879286075],[3.367988713208604,6.503770936179821],[3.3671753078941724,6.501427892882988],[3.367327203387788,6.499696864318877],[3.368030637803713,6.498241156004609],[3.3676001503267234,6.495943788375199],[3.366895052164978,6.495101816095996],[3.365345008565327,6.490614798933848],[3.3632923878334964,6.490003560316097],[3.3621277244150174,6.493254847832986],[3.3616388619439586,6.494955482009914],[3.361593966888108,6.496426030936618],[3.3618400456816175,6.497881053068169],[3.362055157219799,6.498861243951296],[3.3632213207074533,6.501954618610795],[3.3640041122000635,6.504343644243816],[3.364014241264272,6.505112427896278],[3.367238952915386,6.506289572106141],[3.368855114671874,6.506839839387112],[3.3689619136614506,6.506280658925333],[3.3691123036899175,6.505752745193093],[3.369145226970716,6.505637175115567]]]}},{"type":"Feature","properties":{"name":"Adekunle\u2013Aiyetoro","label":"Adekunle\u2013Aiyetoro","lga":"Lagos Mainland","people":5678,"walk":4.65,"walk_clinic":5.0,"walk_school":4.3,"f15":100.0,"f15_health":100.0,"f15_school":100.0,"beyond":0,"clinics":5,"schools":7,"off_pct":0.0,"hexes":9,"gini":0.16,"share":0.24,"rank":1.0,"of":128,"reading":"Most people here already finish inside 15 minutes. Clinics and schools are about even. That is 29 points above the city as a whole.","places":"Adekunle","place_n":1},"geometry":{"type":"Polygon","coordinates":[[[3.3878949413984856,6.49274058131283],[3.3875885837462074,6.4926615452941405],[3.386945325666318,6.492616083665382],[3.3853831340244374,6.492510049998884],[3.3841118191052146,6.492265929928749],[3.383085356304207,6.491776535958422],[3.382334631038418,6.491378838662513],[3.3797456177661047,6.49029321755802],[3.3782167019392664,6.493725561085795],[3.381148499004098,6.494939983093786],[3.385037639675374,6.496350111968127],[3.3857145297018287,6.495304153663825],[3.3878949413984856,6.49274058131283]]]}},{"type":"Feature","properties":{"name":"Freeman\u2013Glover","label":"Freeman\u2013Glover","lga":"Lagos Mainland","people":6211,"walk":2.85,"walk_clinic":3.43,"walk_school":2.28,"f15":100.0,"f15_health":100.0,"f15_school":100.0,"beyond":0,"clinics":10,"schools":24,"off_pct":0.0,"hexes":11,"gini":0.13,"share":0.27,"rank":1.0,"of":128,"reading":"Most people here already finish inside 15 minutes. Clinics and schools are about even. That is 29 points above the city as a whole.","places":"Freeman Glover","place_n":1},"geometry":{"type":"Polygon","coordinates":[[[3.387367835257464,6.484359444832534],[3.3865406352421705,6.483978343625723],[3.3836194942443285,6.482632522572885],[3.3829863427455966,6.482340815776069],[3.3821913609426137,6.48416423888858],[3.380937810331716,6.487152164440886],[3.3797456177661047,6.49029321755802],[3.382334631038418,6.491378838662513],[3.3832669573042717,6.488896643265547],[3.385059300746207,6.489584587758541],[3.387367835257464,6.484359444832534]]]}},{"type":"Feature","properties":{"name":"Aderupoko\u2013Ijebu Qters","label":"Aderupoko\u2013Ijebu Qters","lga":"Lagos Mainland","people":22164,"walk":8.97,"walk_clinic":10.99,"walk_school":6.94,"f15":100.0,"f15_health":74.38,"f15_school":100.0,"beyond":0,"clinics":3,"schools":4,"off_pct":10.35,"hexes":13,"gini":0.18,"share":0.95,"rank":1.0,"of":128,"reading":"Most people here already finish inside 15 minutes. Clinics are the weaker of the two services. That is 29 points above the city as a whole. Some of the long walks sit off the mapped street network.","places":"Gbetho Street, Joseph Harrison Street, Ogayemi Close, Oke Anaye Close, Olabode Olayemi, Shodeinde Hughes Close, Sojinu Close","place_n":7},"geometry":{"type":"Polygon","coordinates":[[[3.395060457074465,6.506357371995192],[3.3952099990422657,6.505412338308815],[3.395197768262449,6.504458813223722],[3.395104495076452,6.502689677686531],[3.395034617753481,6.501460478018713],[3.394723994616698,6.5008288598640425],[3.393356242696484,6.499692577250699],[3.3934931680752807,6.498520657202618],[3.3930215716882226,6.497670884204013],[3.3924007822703284,6.496982063771268],[3.3918156437769653,6.49783265605231],[3.3915060395721075,6.49851070980145],[3.390553258226362,6.499258190313299],[3.3894167912519606,6.500132182054585],[3.3889809222318377,6.5009252150267125],[3.388510397836626,6.501465530409973],[3.387947868299534,6.5018565664274215],[3.3875116170675024,6.502155598202364],[3.3863639931038274,6.503477639381629],[3.3861802121471096,6.5034777796758485],[3.385663193701476,6.503305849085734],[3.38538503878857,6.503187786087493],[3.384486350764519,6.504605370341608],[3.3848312461651067,6.50566336607153],[3.3850332680709134,6.505701654707649],[3.385569512223242,6.505978882419527],[3.3855690814480117,6.505414037128161],[3.3863731374104304,6.505422997073707],[3.3869952866032236,6.505384227300284],[3.3879141985814276,6.505383523131116],[3.3886895967475543,6.505469090026507],[3.39006807488181,6.505611632570833],[3.3904318848236694,6.505707089310759],[3.391178642280579,6.505888410621709],[3.392164750702705,6.506136560553896],[3.3930837759955357,6.50627945203513],[3.393845742786823,6.506324812939795],[3.3944585192452905,6.506538784137603],[3.395060457074465,6.506357371995192]]]}},{"type":"Feature","properties":{"name":"Otto","label":"Otto","lga":"Lagos Mainland","people":10222,"walk":13.75,"walk_clinic":18.29,"walk_school":9.21,"f15":42.18,"f15_health":21.46,"f15_school":90.86,"beyond":5910,"clinics":1,"schools":6,"off_pct":0.0,"hexes":15,"gini":0.12,"share":0.44,"rank":120.0,"of":128,"reading":"Most people here walk longer than 15 minutes. Clinics are the weaker of the two services. That is 28 points below the city as a whole.","places":"Esugbayi","place_n":1},"geometry":{"type":"Polygon","coordinates":[[[3.38222124811216,6.477806094975336],[3.3826185200287,6.477601749221378],[3.383361036282849,6.477294831291487],[3.38380498391291,6.477072386681356],[3.3850064583813837,6.476144747681985],[3.38515907872852,6.475455329200143],[3.38505273299728,6.4753192240030435],[3.384832568168519,6.475290669628749],[3.3846314590746265,6.475147216970527],[3.3843345416058805,6.474879379979427],[3.384267346960542,6.474620941803096],[3.384362764130287,6.474228349059103],[3.384649746788455,6.474017511998625],[3.3846783668132043,6.473893032337627],[3.3847259265602934,6.47350047556654],[3.384840493893705,6.473117442615944],[3.384935222182832,6.471815353795591],[3.384829791961352,6.471623960977069],[3.384647609999263,6.471193283743105],[3.384676186856609,6.471011362584363],[3.384819510012449,6.470685750447047],[3.383976617726774,6.469872625721166],[3.3839570628682054,6.469326942284624],[3.383688957879144,6.469183539988422],[3.3838323538800528,6.468953663380887],[3.383382048043132,6.4683508631018745],[3.3831138126523683,6.468035133614593],[3.3825298064055005,6.4678249530591625],[3.3822521811932806,6.467748571839197],[3.3819745200081575,6.467624323303937],[3.381802315124787,6.467729763417878],[3.3813043775949723,6.467423778984255],[3.3809691831813207,6.46715596807354],[3.3807678780352144,6.46674445089576],[3.3809112173788094,6.466437986224152],[3.3806813056977494,6.466170096173072],[3.3804133472982016,6.466218164936435],[3.380193043074542,6.465998135005975],[3.379361278100532,6.466226934225686],[3.3790796643950216,6.466182673191839],[3.3785183939087915,6.467119924145209],[3.3780370003073585,6.468464424993272],[3.377762054175492,6.469418166814989],[3.377718469431841,6.469607704332132],[3.3775065136147755,6.470320142760444],[3.377088259615561,6.471630131225651],[3.3769105481832757,6.472055334286323],[3.3766985905675715,6.4727677718152545],[3.376618404315934,6.4730550413571],[3.3763318911039164,6.47390443843915],[3.376064272648137,6.474421614266134],[3.3755957762241455,6.475101690590578],[3.376112818052149,6.475350223633939],[3.3774340822171776,6.475894942997285],[3.377913145675165,6.476555170384869],[3.37839257515725,6.477703652301784],[3.3785361968880356,6.477770560962654],[3.3814558243269066,6.478199191339685],[3.3820585832370966,6.477873232963361],[3.38222124811216,6.477806094975336]]]}},{"type":"Feature","properties":{"name":"Savage","label":"Savage","lga":"Surulere","people":10544,"walk":6.47,"walk_clinic":5.86,"walk_school":7.08,"f15":100.0,"f15_health":100.0,"f15_school":100.0,"beyond":0,"clinics":6,"schools":6,"off_pct":0.0,"hexes":15,"gini":0.16,"share":0.45,"rank":1.0,"of":128,"reading":"Most people here already finish inside 15 minutes. Clinics and schools are about even. That is 29 points above the city as a whole.","places":"Babs Animashaun","place_n":1},"geometry":{"type":"Polygon","coordinates":[[[3.348608552442784,6.488713231030827],[3.3485940760558033,6.4814894293937195],[3.3488387716919874,6.4809990884372155],[3.3492823658885413,6.480232886738407],[3.3494122603675573,6.4798268734115245],[3.3494730860141435,6.479198796787101],[3.348531251216343,6.479207103824819],[3.348017322841201,6.47909933716471],[3.346860965561177,6.478931631589604],[3.345712182371358,6.478641375399206],[3.3449843097781127,6.478372747904017],[3.3443581999709973,6.47871591660629],[3.344575595787148,6.47927244766538],[3.3444149337022964,6.479479349292602],[3.344552888804799,6.479663069994729],[3.3446606060022077,6.480421233553159],[3.344798410018654,6.480382845991582],[3.3448140258466883,6.480827055324368],[3.34423985638432,6.481011259861814],[3.343895532952559,6.4813867816747],[3.343581896187629,6.481846532191754],[3.342756341931704,6.483968621954375],[3.3425734252234633,6.485240132925867],[3.342389598401269,6.485163667169558],[3.342190728619301,6.4854931373984055],[3.3418616028307615,6.48570015144088],[3.3418770001235316,6.485822684069659],[3.342060899790738,6.486006375094178],[3.341846701064469,6.486312876638011],[3.3428684900887897,6.487036724765061],[3.344188837844626,6.486231639978256],[3.3448777805851364,6.485909495626744],[3.34508470109813,6.486162099901038],[3.3455901803425827,6.486299617033752],[3.346141736352081,6.486632405760984],[3.3453965374203,6.488677855298818],[3.346189491252062,6.489286200797551],[3.3463619479455815,6.489527339615051],[3.3465459924036622,6.48991782075086],[3.3482124073767636,6.491272313966192],[3.3483848973451695,6.491559406341593],[3.3486148090262877,6.491834970307707],[3.348608552442784,6.488713231030827]]]}},{"type":"Feature","properties":{"name":"Coker","label":"Coker","lga":"Surulere","people":13531,"walk":6.82,"walk_clinic":7.95,"walk_school":5.7,"f15":89.2,"f15_health":89.2,"f15_school":97.84,"beyond":1462,"clinics":10,"schools":30,"off_pct":0.0,"hexes":22,"gini":0.32,"share":0.58,"rank":105.0,"of":128,"reading":"Most people here already finish inside 15 minutes. Clinics are the weaker of the two services. That is 19 points above the city as a whole.","places":"Suru Alaba","place_n":1},"geometry":{"type":"Polygon","coordinates":[[[3.328382119739103,6.481364847209987],[3.3294689819080645,6.480636541143497],[3.329760227352665,6.481049936105705],[3.3301201387334913,6.481080337687501],[3.330242635389368,6.481049622242324],[3.3311303498857687,6.480237192692356],[3.3313523160566088,6.480091527701915],[3.3315135950763874,6.480011395409634],[3.332293854078159,6.479623714762681],[3.3328985663158046,6.4793016423569725],[3.3333423952353765,6.478857130851964],[3.333617793726262,6.478458684420786],[3.333663632170954,6.478297814592509],[3.3340229625896995,6.477447432752854],[3.3346805864399585,6.476083704399513],[3.335024891885326,6.475677551677735],[3.3352774134219203,6.4754246389359755],[3.3356371341464524,6.4751716560471095],[3.337589720589165,6.475178021448585],[3.3381715864496186,6.475055090420142],[3.338707409719234,6.47478666976906],[3.33877777267611,6.474598510013266],[3.3387440148244996,6.474482903063573],[3.3387397205617044,6.474479520713372],[3.3381618881606414,6.474044785738329],[3.337499277569634,6.473546265447851],[3.334580527869093,6.471464956342687],[3.3338987167524006,6.47096757189598],[3.333715507764509,6.47081774034649],[3.330353424670875,6.4684140620593675],[3.328825152758668,6.467358114085755],[3.3279403385757855,6.466703842908087],[3.3252768146733165,6.464837783836687],[3.3237753920207638,6.463827757045408],[3.3210941973393915,6.4618687557385215],[3.3197306650382075,6.460935218985242],[3.3184132706559812,6.460308008407934],[3.3171573260498235,6.459987114114083],[3.3161005686863514,6.459834591793026],[3.315561577105143,6.459793440614816],[3.315469131295401,6.459792832673142],[3.3154706691361184,6.459796671878962],[3.315559164224112,6.4600175705544975],[3.3158238418968153,6.460844578114858],[3.316076914717883,6.461476287100994],[3.3165944053076264,6.462509928290616],[3.3171117466098394,6.463302311052871],[3.317778373573106,6.464048645828372],[3.318215169794314,6.4645998196260175],[3.3185162691106025,6.464985930956003],[3.3225849612270504,6.469402598651072],[3.3234938088922372,6.4705253383737045],[3.3244593111483596,6.471627614922509],[3.3253330276971265,6.4728831287534385],[3.3261609255862936,6.474322484694937],[3.3268357723530357,6.47589980023565],[3.3273118410686493,6.4779520981109044],[3.327435077866596,6.47907022880804],[3.3274350796652357,6.479074058121341],[3.3274363818835586,6.481092197047302],[3.3273796823265234,6.4816228402219735],[3.327379684125163,6.481626668635896],[3.327402150089199,6.481618225800501],[3.3280528806359935,6.48140335528069],[3.328382119739103,6.481364847209987]]]}},{"type":"Feature","properties":{"name":"Agunbiade","label":"Agunbiade","lga":"Surulere","people":10079,"walk":4.31,"walk_clinic":5.44,"walk_school":3.18,"f15":100.0,"f15_health":100.0,"f15_school":100.0,"beyond":0,"clinics":5,"schools":21,"off_pct":0.0,"hexes":15,"gini":0.2,"share":0.43,"rank":1.0,"of":128,"reading":"Most people here already finish inside 15 minutes. Clinics and schools are about even. That is 29 points above the city as a whole.","places":"Agunbiade","place_n":1},"geometry":{"type":"Polygon","coordinates":[[[3.3364552564050314,6.496460011820147],[3.33582675170328,6.495571989755548],[3.3334199347822278,6.491981527425595],[3.3334101213800413,6.491613979001955],[3.3328074721871412,6.492183053804922],[3.331830357884769,6.4909774082807985],[3.331296641726681,6.491575156168551],[3.3301945369483974,6.492443253753209],[3.3292932112127573,6.492966564755194],[3.327403703218351,6.492921836073947],[3.3256578610215115,6.49301486914095],[3.325961859752056,6.496382627856065],[3.326623777865109,6.498641597132065],[3.326595166833556,6.498804368127139],[3.326738900080216,6.499043618368319],[3.3276773723129054,6.499694023360518],[3.3282989531342078,6.498774544809464],[3.3290448733222884,6.497711378877057],[3.3294273450959504,6.4970888393784785],[3.329714327754061,6.496820588699278],[3.331963685076062,6.496761676809966],[3.333667469578131,6.496741408789035],[3.3364552564050314,6.496460011820147]]]}},{"type":"Feature","properties":{"name":"Shitta Bank Olemoh","label":"Shitta Bank Olemoh","lga":"Surulere","people":10910,"walk":5.44,"walk_clinic":5.63,"walk_school":5.25,"f15":100.0,"f15_health":100.0,"f15_school":100.0,"beyond":0,"clinics":5,"schools":7,"off_pct":0.0,"hexes":11,"gini":0.18,"share":0.47,"rank":1.0,"of":128,"reading":"Most people here already finish inside 15 minutes. Clinics and schools are about even. That is 29 points above the city as a whole.","places":"Surulere","place_n":2},"geometry":{"type":"Polygon","coordinates":[[[3.3585428999349465,6.498791773121866],[3.35799499517293,6.498978345574242],[3.353005378395551,6.500670648431709],[3.352649381763627,6.500785781438707],[3.3507469217331054,6.501899434411428],[3.350772157609015,6.501930183131489],[3.351266941216409,6.503182078090502],[3.3517388011048292,6.504502917775484],[3.3523142592956674,6.50613387337961],[3.3557363829277738,6.504936682382037],[3.3558627017023928,6.504890638891935],[3.356470956369605,6.50414346414959],[3.356723527368956,6.50395947095285],[3.3589513027604885,6.503130728600296],[3.359376004898763,6.502716845306223],[3.3595362020341217,6.501855099633189],[3.3595474111841104,6.5014644862970385],[3.358557713567677,6.498822853691818],[3.3585428999349465,6.498791773121866]]]}},{"type":"Feature","properties":{"name":"Mosafejo Ojuelegba","label":"Mosafejo Ojuelegba","lga":"Surulere","people":11100,"walk":5.32,"walk_clinic":5.85,"walk_school":4.78,"f15":100.0,"f15_health":100.0,"f15_school":100.0,"beyond":0,"clinics":6,"schools":10,"off_pct":0.0,"hexes":15,"gini":0.15,"share":0.48,"rank":1.0,"of":128,"reading":"Most people here already finish inside 15 minutes. Clinics and schools are about even. That is 29 points above the city as a whole.","places":"Ojuelegba","place_n":1},"geometry":{"type":"Polygon","coordinates":[[[3.3711244962985343,6.508629310394383],[3.37171937534896,6.507251323290006],[3.3720633597363303,6.50642390473945],[3.369145226970716,6.505637175115567],[3.3691123036899175,6.505752745193093],[3.3689619136614506,6.506280658925333],[3.368855114671874,6.506839839387112],[3.367238952915386,6.506289572106141],[3.364014241264272,6.505112427896278],[3.3635486235701824,6.507195994299763],[3.3633271960932802,6.508092247858998],[3.3632615410872977,6.508347105834331],[3.3631515602963304,6.508774020304827],[3.363090783213124,6.509448049587888],[3.3631525063831305,6.5100913562311575],[3.363559322804577,6.511423718030187],[3.365475556851493,6.517268106238134],[3.3655979042199533,6.51702293216266],[3.3658503780925457,6.516701073795559],[3.3660034507986434,6.5165860792841945],[3.366317270125989,6.516379059845802],[3.366707717087536,6.516240915885589],[3.367075279000972,6.516225330634541],[3.367350986858583,6.516263425017088],[3.3675807771311956,6.516340612929013],[3.3679369059634614,6.516397796321313],[3.369450642133472,6.512973149191509],[3.370441155435003,6.510519046816625],[3.370883861101334,6.509422185985157],[3.3711244962985343,6.508629310394383]]]}},{"type":"Feature","properties":{"name":"Irone","label":"Irone","lga":"Surulere","people":13394,"walk":5.55,"walk_clinic":6.66,"walk_school":4.44,"f15":100.0,"f15_health":100.0,"f15_school":100.0,"beyond":0,"clinics":10,"schools":18,"off_pct":0.0,"hexes":18,"gini":0.17,"share":0.58,"rank":1.0,"of":128,"reading":"Most people here already finish inside 15 minutes. Clinics and schools are about even. That is 29 points above the city as a whole.","places":"Aguda, Coker Aguda","place_n":2},"geometry":{"type":"Polygon","coordinates":[[[3.3315135950763874,6.480011395409634],[3.3313523160566088,6.480091527701915],[3.3311303498857687,6.480237192692356],[3.330242635389368,6.481049622242324],[3.3301201387334913,6.481080337687501],[3.329760227352665,6.481049936105705],[3.3294689819080645,6.480636541143497],[3.328382119739103,6.481364847209987],[3.3280528806359935,6.48140335528069],[3.327402150089199,6.481618225800501],[3.327379684125163,6.481626668635896],[3.327379288423458,6.481628303603372],[3.3272841536408464,6.482516862563214],[3.3270940279670644,6.4835150767594305],[3.3283627150672714,6.48392001179917],[3.3294484611776056,6.4844133106258255],[3.3300695419758313,6.485699613646317],[3.330391404839531,6.486090012044485],[3.3306500426654106,6.48640003173614],[3.330885788248565,6.486830694580931],[3.331052992002015,6.487835824563718],[3.3311623486634976,6.488203383779191],[3.332306065072885,6.489500830299106],[3.3327428567974384,6.489988803340624],[3.333116367726234,6.490310233630452],[3.333380891614922,6.490832783805957],[3.3334101213800413,6.491613979001955],[3.3334199347822278,6.491981527425595],[3.33582675170328,6.495571989755548],[3.3364552564050314,6.496460011820147],[3.336991097661098,6.4961839334418405],[3.3374198926139793,6.49614535342539],[3.3387576251643054,6.496093910405703],[3.339837332327079,6.496093187350765],[3.3374906710576506,6.490890493301664],[3.3350290791287303,6.485504046174867],[3.3340742572212316,6.4832529396715],[3.333556770228825,6.4823112271814125],[3.3331315707654317,6.48197834222674],[3.332338508115697,6.481163182335024],[3.33153375068207,6.480026351135222],[3.3315135950763874,6.480011395409634]]]}},{"type":"Feature","properties":{"name":"Iponri\u2013Eric Moore","label":"Iponri\u2013Eric Moore","lga":"Surulere","people":21423,"walk":8.22,"walk_clinic":9.17,"walk_school":7.27,"f15":94.48,"f15_health":94.48,"f15_school":94.48,"beyond":1182,"clinics":12,"schools":20,"off_pct":0.0,"hexes":42,"gini":0.24,"share":0.92,"rank":100.0,"of":128,"reading":"Most people here already finish inside 15 minutes. Clinics and schools are about even. That is 24 points above the city as a whole.","places":"Alaka, Animshaun","place_n":2},"geometry":{"type":"Polygon","coordinates":[[[3.3636258933203744,6.4890953457736495],[3.3642094813824888,6.487506087236168],[3.3644543290041047,6.487245506874671],[3.3652497217972837,6.485896960876118],[3.3662522257596383,6.484968954054009],[3.3681346992570416,6.483278795180296],[3.3690987652958024,6.4822441377568225],[3.36906402268653,6.481853556796239],[3.36866170017737,6.481417290275772],[3.368290469029944,6.481182112164788],[3.366348969429453,6.480647390564684],[3.366272328305342,6.480551709893517],[3.3644602267581267,6.476264005879215],[3.3644953263982416,6.4762462271816625],[3.364408932126537,6.475895891782045],[3.3633538906695435,6.473893685245401],[3.362655510443517,6.474246850811539],[3.3613350322859787,6.474783917843581],[3.3601000167024604,6.474363553135504],[3.359716786800334,6.473837270773459],[3.359228034945886,6.472975984653997],[3.358930698393067,6.472998535154317],[3.3585477769584036,6.4729068978351165],[3.3573610118012884,6.473037935352465],[3.3562278642245933,6.473191910078638],[3.355531165730781,6.473337917710808],[3.3554793521904003,6.4737022663465495],[3.3555640683271117,6.474399170785148],[3.355104821430416,6.474659895937521],[3.35465335816599,6.475104430824899],[3.3544086553352486,6.475571797700352],[3.354248167718822,6.476023787967507],[3.353812188981408,6.476713398004962],[3.353468154231962,6.477487191780538],[3.353223192396456,6.477586928394089],[3.352725527361258,6.477663863596489],[3.352809979996607,6.477985480945222],[3.3528408537224554,6.478337770571725],[3.352297403302544,6.478644506838578],[3.3517231753842793,6.478736813253363],[3.3514168905770707,6.478744684119929],[3.3504901392086026,6.4784159891066775],[3.3490731368158317,6.477811908193075],[3.34876705885273,6.478118477186],[3.348231463111574,6.478716243060206],[3.348017322841201,6.47909933716471],[3.348531251216343,6.479207103824819],[3.3494730860141435,6.479198796787101],[3.3494122603675573,6.4798268734115245],[3.3492823658885413,6.480232886738407],[3.3488387716919874,6.4809990884372155],[3.3485940760558033,6.4814894293937195],[3.348608552442784,6.488713231030827],[3.3508687322062656,6.488791188762377],[3.351581059118644,6.489066418180698],[3.3527530780921215,6.489697467064501],[3.3538330352664043,6.490075831634385],[3.354751955338543,6.490121143076352],[3.3558544576171703,6.489890601869831],[3.3597704628366505,6.488830902823963],[3.3611024451217877,6.4882670243037515],[3.3614929127677446,6.488186327237258],[3.362067339436237,6.488358243438257],[3.36361846492025,6.489069413822449],[3.3636258933203744,6.4890953457736495]]]}},{"type":"Feature","properties":{"name":"Gbaja Obele-Odan","label":"Gbaja Obele\u2011Odan","lga":"Surulere","people":14068,"walk":4.09,"walk_clinic":4.33,"walk_school":3.86,"f15":100.0,"f15_health":100.0,"f15_school":100.0,"beyond":0,"clinics":8,"schools":15,"off_pct":0.0,"hexes":16,"gini":0.13,"share":0.6,"rank":1.0,"of":128,"reading":"Most people here already finish inside 15 minutes. Clinics and schools are about even. That is 29 points above the city as a whole.","places":"Akerele, Gbaja Community","place_n":2},"geometry":{"type":"Polygon","coordinates":[[[3.3632615410872977,6.508347105834331],[3.3633271960932802,6.508092247858998],[3.3635486235701824,6.507195994299763],[3.364014241264272,6.505112427896278],[3.3640041122000635,6.504343644243816],[3.3632213207074533,6.501954618610795],[3.362055157219799,6.498861243951296],[3.3618400456816175,6.497881053068169],[3.360412274806663,6.498155208695947],[3.3585428999349465,6.498791773121866],[3.358557713567677,6.498822853691818],[3.3595474111841104,6.5014644862970385],[3.3595362020341217,6.501855099633189],[3.359376004898763,6.502716845306223],[3.3589513027604885,6.503130728600296],[3.356723527368956,6.50395947095285],[3.356470956369605,6.50414346414959],[3.3558627017023928,6.504890638891935],[3.35612026393909,6.50526871388007],[3.3570532278242813,6.508898392946548],[3.357604451084626,6.50871418930842],[3.357879932313096,6.508438271908744],[3.358109263931454,6.507875177597439],[3.358729085678817,6.507242875958013],[3.359314291621331,6.506392317851236],[3.3599578123032643,6.506782466237895],[3.3600498750017778,6.5070236572160525],[3.3603945761487926,6.507172761214009],[3.3606473692807417,6.507298953184203],[3.3610954636847628,6.507470959317344],[3.361555055021825,6.507654445296452],[3.3632615410872977,6.508347105834331]]]}},{"type":"Feature","properties":{"name":"Adeniran Ogunsanya","label":"Adeniran Ogunsanya","lga":"Surulere","people":25961,"walk":5.91,"walk_clinic":6.72,"walk_school":5.1,"f15":100.0,"f15_health":100.0,"f15_school":100.0,"beyond":0,"clinics":14,"schools":27,"off_pct":0.0,"hexes":30,"gini":0.16,"share":1.12,"rank":1.0,"of":128,"reading":"Most people here already finish inside 15 minutes. Clinics and schools are about even. That is 29 points above the city as a whole.","places":"Adeniran Ogunsanya, Iponri","place_n":2},"geometry":{"type":"Polygon","coordinates":[[[3.3507469217331054,6.501899434411428],[3.352649381763627,6.500785781438707],[3.353005378395551,6.500670648431709],[3.35799499517293,6.498978345574242],[3.3585428999349465,6.498791773121866],[3.360412274806663,6.498155208695947],[3.3618400456816175,6.497881053068169],[3.361593966888108,6.496426030936618],[3.3616388619439586,6.494955482009914],[3.3621277244150174,6.493254847832986],[3.3632923878334964,6.490003560316097],[3.3636258933203744,6.4890953457736495],[3.36361846492025,6.489069413822449],[3.362067339436237,6.488358243438257],[3.3614929127677446,6.488186327237258],[3.3611024451217877,6.4882670243037515],[3.3597704628366505,6.488830902823963],[3.3558544576171703,6.489890601869831],[3.354751955338543,6.490121143076352],[3.3538330352664043,6.490075831634385],[3.3527530780921215,6.489697467064501],[3.351581059118644,6.489066418180698],[3.3508687322062656,6.488791188762377],[3.348608552442784,6.488713231030827],[3.3486148090262877,6.491834970307707],[3.348638752576392,6.493248030072551],[3.348478009552537,6.4933400478050185],[3.3483592621702774,6.493255881154027],[3.3479155447666358,6.493861242702223],[3.3476168574320586,6.493792518310101],[3.347203270014972,6.493670258175938],[3.3461465935904466,6.493747571093593],[3.3453196867541806,6.493893656067428],[3.3452289883272215,6.495639958717162],[3.345296136207764,6.49619433230265],[3.3455833158174078,6.496228600969232],[3.348466292285593,6.496123229203705],[3.348810901701824,6.496157457400783],[3.349017701705634,6.496226245644776],[3.34917848609831,6.496191669410052],[3.3495469023677065,6.497432164562781],[3.3499381812021625,6.498511806974364],[3.3500649199601185,6.499074652173532],[3.350134529285129,6.500074095742946],[3.3498002692670643,6.500063988262524],[3.3493926236706666,6.500236596042099],[3.3490482786551747,6.500592974885932],[3.348962476137388,6.5010927803076015],[3.349031762605818,6.50162694432805],[3.3485149833798014,6.501782393942392],[3.3484464091744717,6.502282187672845],[3.3485157585954535,6.502908258809158],[3.348573290025343,6.5030518247819495],[3.3488374532859098,6.503017176601475],[3.3507469217331054,6.501899434411428]]]}},{"type":"Feature","properties":{"name":"Nuru Oniwo","label":"Nuru Oniwo","lga":"Surulere","people":15354,"walk":4.54,"walk_clinic":4.94,"walk_school":4.14,"f15":100.0,"f15_health":100.0,"f15_school":100.0,"beyond":0,"clinics":12,"schools":17,"off_pct":0.0,"hexes":21,"gini":0.14,"share":0.66,"rank":1.0,"of":128,"reading":"Most people here already finish inside 15 minutes. Clinics and schools are about even. That is 29 points above the city as a whole.","places":"Aguda, Iganmu","place_n":2},"geometry":{"type":"Polygon","coordinates":[[[3.34520083055395,6.502269821994728],[3.345986067303215,6.50115246921115],[3.3465146600236158,6.501473782589017],[3.347894002406349,6.502897401294091],[3.348573290025343,6.5030518247819495],[3.3485157585954535,6.502908258809158],[3.3484464091744717,6.502282187672845],[3.3485149833798014,6.501782393942392],[3.349031762605818,6.50162694432805],[3.348962476137388,6.5010927803076015],[3.3490482786551747,6.500592974885932],[3.3493926236706666,6.500236596042099],[3.3498002692670643,6.500063988262524],[3.350134529285129,6.500074095742946],[3.3500649199601185,6.499074652173532],[3.3499381812021625,6.498511806974364],[3.3495469023677065,6.497432164562781],[3.34917848609831,6.496191669410052],[3.349017701705634,6.496226245644776],[3.348810901701824,6.496157457400783],[3.348466292285593,6.496123229203705],[3.3455833158174078,6.496228600969232],[3.345296136207764,6.49619433230265],[3.3452289883272215,6.495639958717162],[3.34332993582791,6.4956489087701925],[3.342181556433729,6.496009657419791],[3.341201474368574,6.496125203215626],[3.339837332327079,6.496093187350765],[3.3387576251643054,6.496093910405703],[3.3374198926139793,6.49614535342539],[3.336991097661098,6.4961839334418405],[3.3364552564050314,6.496460011820147],[3.3369078429226424,6.497127413999009],[3.3370612097070884,6.497452818392901],[3.3371283351046372,6.497634673901132],[3.337109637299988,6.498304845092547],[3.337464881199367,6.498749351201638],[3.337981410413818,6.4993956651778735],[3.338623318611326,6.500276016025395],[3.3385279580988367,6.500812207117689],[3.338767570766834,6.501281157699339],[3.339198893714013,6.502152074658567],[3.3392947227732743,6.5023147638153205],[3.3387493244218267,6.502621486592376],[3.3389413737454565,6.503530860360969],[3.339267219706471,6.504124209664609],[3.339526147114043,6.5048420638102575],[3.3397246769523004,6.50590757787245],[3.3409240137323195,6.504424763092402],[3.341050388264876,6.5044591432749135],[3.341130680636468,6.504292506993636],[3.341624054106887,6.503487984283084],[3.341928165252682,6.503074195417809],[3.3428579599269597,6.502183211885779],[3.3431966985688173,6.502022144206648],[3.344230266013995,6.501716998840492],[3.3443853711879687,6.501774335117546],[3.3447472862583254,6.501911950276336],[3.345086306387998,6.502164463719055],[3.34520083055395,6.502269821994728]]]}},{"type":"Feature","properties":{"name":"Bale","label":"Bale","lga":"Surulere","people":7526,"walk":4.12,"walk_clinic":4.64,"walk_school":3.59,"f15":100.0,"f15_health":100.0,"f15_school":100.0,"beyond":0,"clinics":4,"schools":6,"off_pct":0.0,"hexes":11,"gini":0.1,"share":0.32,"rank":1.0,"of":128,"reading":"Most people here already finish inside 15 minutes. Clinics and schools are about even. That is 29 points above the city as a whole.","places":"Bale","place_n":1},"geometry":{"type":"Polygon","coordinates":[[[3.3443581999709973,6.47871591660629],[3.3449843097781127,6.478372747904017],[3.3445091736595027,6.4781762235539295],[3.34357472319499,6.477778590109892],[3.342900655241067,6.477434392583177],[3.341652004136734,6.476654020266892],[3.341077440771301,6.476248480882759],[3.33877777267611,6.474598510013266],[3.338707409719234,6.47478666976906],[3.3381715864496186,6.475055090420142],[3.337589720589165,6.475178021448585],[3.3356371341464524,6.4751716560471095],[3.3352774134219203,6.4754246389359755],[3.335024891885326,6.475677551677735],[3.3346805864399585,6.476083704399513],[3.3340229625896995,6.477447432752854],[3.333663632170954,6.478297814592509],[3.333617793726262,6.478458684420786],[3.333767288029946,6.478631661821794],[3.334193483042838,6.479124805965057],[3.334963271238053,6.47948044017022],[3.3358016489270317,6.479342024614768],[3.3363643574292037,6.479192302782621],[3.337995770788212,6.479823083668406],[3.33941972134312,6.4793740836470874],[3.34028141485544,6.479752626282733],[3.3416368181846674,6.479855111224424],[3.342521231269871,6.4798545149739075],[3.3431987112515458,6.479578334972245],[3.3443581999709973,6.47871591660629]]]}},{"type":"Feature","properties":{"name":"Babatunde Ayilara","label":"Babatunde Ayilara","lga":"Surulere","people":18955,"walk":3.68,"walk_clinic":4.1,"walk_school":3.25,"f15":100.0,"f15_health":100.0,"f15_school":100.0,"beyond":0,"clinics":13,"schools":34,"off_pct":0.0,"hexes":23,"gini":0.22,"share":0.81,"rank":1.0,"of":128,"reading":"Most people here already finish inside 15 minutes. Clinics and schools are about even. That is 29 points above the city as a whole.","places":"Babatunde Ayilara","place_n":1},"geometry":{"type":"Polygon","coordinates":[[[3.3589302811076327,6.511732234055387],[3.3593479019841657,6.511593471361664],[3.3595832590602295,6.511426721765873],[3.3598013968170335,6.511277216670236],[3.3603695597074648,6.510685158793079],[3.360851872416049,6.5105124889602735],[3.3623564004275868,6.510218458315251],[3.3631525063831305,6.5100913562311575],[3.363090783213124,6.509448049587888],[3.3631515602963304,6.508774020304827],[3.3632615410872977,6.508347105834331],[3.361555055021825,6.507654445296452],[3.3610954636847628,6.507470959317344],[3.3606473692807417,6.507298953184203],[3.3603945761487926,6.507172761214009],[3.3600498750017778,6.5070236572160525],[3.3599578123032643,6.506782466237895],[3.359314291621331,6.506392317851236],[3.358729085678817,6.507242875958013],[3.358109263931454,6.507875177597439],[3.357879932313096,6.508438271908744],[3.357604451084626,6.50871418930842],[3.3570532278242813,6.508898392946548],[3.35612026393909,6.50526871388007],[3.3558627017023928,6.504890638891935],[3.3557363829277738,6.504936682382037],[3.3523142592956674,6.50613387337961],[3.3517388011048292,6.504502917775484],[3.351266941216409,6.503182078090502],[3.350772157609015,6.501930183131489],[3.3507469217331054,6.501899434411428],[3.3488374532859098,6.503017176601475],[3.348573290025343,6.5030518247819495],[3.3485217732612678,6.503231742251158],[3.348481823577345,6.503599398593394],[3.3485286989403558,6.504949255803581],[3.3485690164470157,6.50511581024648],[3.3486222419229534,6.507344527228212],[3.348601672629115,6.510831277041858],[3.348614369257803,6.512583251715739],[3.3489016010281034,6.512680705849959],[3.3504350800149614,6.5127026214288986],[3.351089792759751,6.512667700753808],[3.35146879944557,6.512592762046381],[3.352077393157231,6.512310872249031],[3.353042255995376,6.512292965847735],[3.353501812258856,6.512424762392925],[3.353794824871329,6.512573905961063],[3.3540935247963835,6.512642626755849],[3.355747564198794,6.5125955112739],[3.3567524180896844,6.512278870773343],[3.3575334010456572,6.512128969076684],[3.3583430633817106,6.511927349167877],[3.3589302811076327,6.511732234055387]]]}},{"type":"Feature","properties":{"name":"Baruwa (Surulere)","label":"Baruwa (Surulere)","lga":"Surulere","people":9551,"walk":4.57,"walk_clinic":5.43,"walk_school":3.72,"f15":100.0,"f15_health":100.0,"f15_school":100.0,"beyond":0,"clinics":5,"schools":13,"off_pct":0.0,"hexes":14,"gini":0.1,"share":0.41,"rank":1.0,"of":128,"reading":"Most people here already finish inside 15 minutes. Clinics and schools are about even. That is 29 points above the city as a whole.","places":"Baruwa","place_n":1},"geometry":{"type":"Polygon","coordinates":[[[3.344155427131284,6.5117000931848],[3.3441995901389987,6.509080701713061],[3.3442911690023043,6.508621103181439],[3.3446469605888183,6.508195788604779],[3.3454161966002407,6.507666795686132],[3.345105715556372,6.507161516990493],[3.3433472612671267,6.5056577309196095],[3.3430942936667525,6.505267295649219],[3.34520083055395,6.502269821994728],[3.345086306387998,6.502164463719055],[3.3447472862583254,6.501911950276336],[3.3443853711879687,6.501774335117546],[3.344230266013995,6.501716998840492],[3.3431966985688173,6.502022144206648],[3.3428579599269597,6.502183211885779],[3.341928165252682,6.503074195417809],[3.341624054106887,6.503487984283084],[3.341130680636468,6.504292506993636],[3.341050388264876,6.5044591432749135],[3.3409240137323195,6.504424763092402],[3.3397246769523004,6.50590757787245],[3.339771252841103,6.506276708203586],[3.3398805564425516,6.506546612736031],[3.3399667978295042,6.506684415853156],[3.3399151974284678,6.50681656763055],[3.3395249339286015,6.507230414052401],[3.3390085351158523,6.507966019915956],[3.3385323665755204,6.508747553257024],[3.338285676243004,6.509149812813631],[3.338257494188042,6.509948277690909],[3.3382749509282807,6.510287174613438],[3.338229562144648,6.511120116799986],[3.338183660747404,6.511189077713821],[3.3388786352408597,6.511240310292123],[3.3399526433998403,6.511256820945563],[3.3408831296527524,6.511365334042979],[3.341997536257338,6.51166902430606],[3.342784395383603,6.51170869969678],[3.344155427131284,6.5117000931848]]]}},{"type":"Feature","properties":{"name":"Osho","label":"Osho","lga":"Surulere","people":10348,"walk":4.97,"walk_clinic":5.69,"walk_school":4.24,"f15":100.0,"f15_health":100.0,"f15_school":100.0,"beyond":0,"clinics":8,"schools":12,"off_pct":0.0,"hexes":14,"gini":0.14,"share":0.44,"rank":1.0,"of":128,"reading":"Most people here already finish inside 15 minutes. Clinics and schools are about even. That is 29 points above the city as a whole.","places":"Orile","place_n":1},"geometry":{"type":"Polygon","coordinates":[[[3.3443581999709973,6.47871591660629],[3.3431987112515458,6.479578334972245],[3.342521231269871,6.4798545149739075],[3.3416368181846674,6.479855111224424],[3.34028141485544,6.479752626282733],[3.33941972134312,6.4793740836470874],[3.337995770788212,6.479823083668406],[3.3363643574292037,6.479192302782621],[3.3358016489270317,6.479342024614768],[3.334963271238053,6.47948044017022],[3.334193483042838,6.479124805965057],[3.333767288029946,6.478631661821794],[3.333764672801465,6.478634595410313],[3.333344112940495,6.47953097037805],[3.333283278300712,6.480174364255562],[3.333597783810717,6.481024301830132],[3.3343410689851676,6.481828005258307],[3.337267155354993,6.483334884097645],[3.3380102049071074,6.483770950069355],[3.339557597305316,6.484688992403106],[3.341846701064469,6.486312876638011],[3.342060899790738,6.486006375094178],[3.3418770001235316,6.485822684069659],[3.3418616028307615,6.48570015144088],[3.342190728619301,6.4854931373984055],[3.342389598401269,6.485163667169558],[3.3425734252234633,6.485240132925867],[3.342756341931704,6.483968621954375],[3.343581896187629,6.481846532191754],[3.343895532952559,6.4813867816747],[3.34423985638432,6.481011259861814],[3.3448140258466883,6.480827055324368],[3.344798410018654,6.480382845991582],[3.3446606060022077,6.480421233553159],[3.344552888804799,6.479663069994729],[3.3444149337022964,6.479479349292602],[3.344575595787148,6.47927244766538],[3.3443581999709973,6.47871591660629]]]}},{"type":"Feature","properties":{"name":"Jinadu Aiyetoro","label":"Jinadu Aiyetoro","lga":"Surulere","people":19205,"walk":6.58,"walk_clinic":7.66,"walk_school":5.49,"f15":100.0,"f15_health":100.0,"f15_school":100.0,"beyond":0,"clinics":6,"schools":23,"off_pct":0.0,"hexes":27,"gini":0.22,"share":0.83,"rank":1.0,"of":128,"reading":"Most people here already finish inside 15 minutes. Clinics and schools are about even. That is 29 points above the city as a whole.","places":"Coker","place_n":1},"geometry":{"type":"Polygon","coordinates":[[[3.341846701064469,6.486312876638011],[3.339557597305316,6.484688992403106],[3.3380102049071074,6.483770950069355],[3.337267155354993,6.483334884097645],[3.3343410689851676,6.481828005258307],[3.333597783810717,6.481024301830132],[3.333283278300712,6.480174364255562],[3.333344112940495,6.47953097037805],[3.333764672801465,6.478634595410313],[3.333767288029946,6.478631661821794],[3.333617793726262,6.478458684420786],[3.3333423952353765,6.478857130851964],[3.3328985663158046,6.4793016423569725],[3.332293854078159,6.479623714762681],[3.3315135950763874,6.480011395409634],[3.33153375068207,6.480026351135222],[3.332338508115697,6.481163182335024],[3.3331315707654317,6.48197834222674],[3.333556770228825,6.4823112271814125],[3.3340742572212316,6.4832529396715],[3.3350290791287303,6.485504046174867],[3.3374906710576506,6.490890493301664],[3.339837332327079,6.496093187350765],[3.341201474368574,6.496125203215626],[3.342181556433729,6.496009657419791],[3.34332993582791,6.4956489087701925],[3.3452289883272215,6.495639958717162],[3.3453196867541806,6.493893656067428],[3.3461465935904466,6.493747571093593],[3.347203270014972,6.493670258175938],[3.3476168574320586,6.493792518310101],[3.3479155447666358,6.493861242702223],[3.3483592621702774,6.493255881154027],[3.348478009552537,6.4933400478050185],[3.348638752576392,6.493248030072551],[3.3486148090262877,6.491834970307707],[3.3483848973451695,6.491559406341593],[3.3482124073767636,6.491272313966192],[3.3465459924036622,6.48991782075086],[3.3463619479455815,6.489527339615051],[3.346189491252062,6.489286200797551],[3.3453965374203,6.488677855298818],[3.346141736352081,6.486632405760984],[3.3455901803425827,6.486299617033752],[3.34508470109813,6.486162099901038],[3.3448777805851364,6.485909495626744],[3.344188837844626,6.486231639978256],[3.3428684900887897,6.487036724765061],[3.341846701064469,6.486312876638011]]]}},{"type":"Feature","properties":{"name":"Ilaje","label":"Ilaje","lga":"Shomolu","people":29255,"walk":6.05,"walk_clinic":6.12,"walk_school":5.97,"f15":100.0,"f15_health":100.0,"f15_school":100.0,"beyond":0,"clinics":7,"schools":7,"off_pct":0.0,"hexes":15,"gini":0.21,"share":1.26,"rank":1.0,"of":128,"reading":"Most people here already finish inside 15 minutes. Clinics and schools are about even. That is 29 points above the city as a whole.","places":"Odunsi","place_n":1},"geometry":{"type":"Polygon","coordinates":[[[3.399762032691683,6.539846698666281],[3.399818419284657,6.539530086944011],[3.399989977555492,6.538588545325182],[3.400267961597194,6.537058141120381],[3.400162585335067,6.5369592966342775],[3.4001002883976525,6.536863609667875],[3.4000969788925204,6.5367152224296206],[3.4000872293422044,6.5364918452225425],[3.400130106319409,6.536241302194412],[3.4002304373848347,6.53601305066178],[3.4003290993085216,6.535693851590053],[3.4003687737999253,6.5354289499861125],[3.400381420066537,6.535280549258003],[3.400355827159729,6.535197597591093],[3.4003589612970586,6.535125793020994],[3.40037325062508,6.535039619083191],[3.4004082810174054,6.5349518326610205],[3.4004784038552884,6.534857636770596],[3.4004543757689025,6.534736390172327],[3.4004638447307225,6.534605543311215],[3.4005020290454695,6.5344714822731484],[3.40059921877895,6.534307058324145],[3.4007361180774183,6.533920812995177],[3.400995544608747,6.533133973654003],[3.401089432031711,6.53282913855395],[3.401227787332573,6.5322689724351894],[3.4013151978381306,6.531846068041658],[3.401424782927449,6.5312205041230404],[3.4014786334322475,6.530725823937701],[3.4014881293737176,6.530630080313985],[3.4011177777632606,6.530359122675409],[3.4008719076124976,6.530137529723276],[3.4004823168055505,6.529745320989832],[3.400373720071172,6.52960818606897],[3.4003828751696115,6.529083224811018],[3.4003584073146835,6.528406708003216],[3.4003359413506473,6.528242379382334],[3.399854125967181,6.528239569900279],[3.3996419453195585,6.52824931225598],[3.3991984950145597,6.52834061322875],[3.3989703891721774,6.528387065910407],[3.398831612988601,6.5284174926732135],[3.39822874615976,6.528665288272465],[3.397637046212765,6.528913073979254],[3.3971139339609517,6.529143253658275],[3.3968268343909362,6.529236025022612],[3.3966530161238215,6.5293398760344985],[3.396283104281906,6.529622588711562],[3.39570593018459,6.530085768343611],[3.395516200212512,6.530243881749811],[3.395406213126307,6.5303668298653275],[3.3952612028422777,6.530587136787005],[3.395055667285249,6.530933543947924],[3.394917105140337,6.531238413222241],[3.3947067438212457,6.531536955765944],[3.394485158962936,6.5317637063300245],[3.394340059646083,6.531870724754185],[3.393679816070687,6.53220153227494],[3.393368867379365,6.532402821233236],[3.3928746296604686,6.532841997959906],[3.3918622151691693,6.533712390614369],[3.3914348879097815,6.534028654298993],[3.391262684825108,6.5341612233618225],[3.391208790253529,6.534238351918473],[3.391379621872091,6.53441797171206],[3.3909003569659713,6.5349146870631785],[3.3909805621033233,6.534984764035698],[3.3910316831656924,6.535070886712106],[3.3910477243730384,6.535182567221738],[3.3910733217764464,6.535275092171787],[3.391140476851547,6.53546332207469],[3.391226932277163,6.53585258193118],[3.3912494324154068,6.536063184268583],[3.391322927710974,6.5362003488670535],[3.391466589011941,6.536292782985584],[3.391677193147984,6.536302191692868],[3.3919356106399614,6.536247741340219],[3.391948469146598,6.536368996032365],[3.3919932670756907,6.5365317130681415],[3.392044440298718,6.536684851424809],[3.3920892616101814,6.536876289209432],[3.392146916247214,6.537157070142713],[3.3921119829817035,6.53737090914018],[3.392207963127021,6.53769633691644],[3.3923200609221458,6.5382323733254],[3.3924164565542583,6.539090733050955],[3.392445364362118,6.539333242435248],[3.392592488052912,6.539773513636816],[3.3926438995963504,6.539915323233628],[3.3928138930467644,6.539856163131446],[3.3930691548176815,6.539843996203501],[3.393438114277615,6.5398616579891495],[3.3939805448662805,6.539837299851568],[3.3944890215511236,6.5397471482123715],[3.394818058306782,6.539716973259772],[3.3952268766191196,6.539700694631392],[3.395286516059912,6.539459313896257],[3.3954460458983244,6.539441238422456],[3.3959186756064246,6.539416932445533],[3.396367389643387,6.53941258872004],[3.3965010297987424,6.539440407448865],[3.39660068097669,6.5393585538542425],[3.3967282776878847,6.539310584915597],[3.39676614634061,6.539280638390778],[3.3968298552136957,6.539142966574673],[3.3968117356731113,6.538927575347372],[3.396793442563365,6.538490792616016],[3.3968531638424797,6.538353125296568],[3.396988634118202,6.538173511798162],[3.3971620324019227,6.538039743939065],[3.397331524929996,6.538011686889889],[3.3975928993928624,6.538165057271612],[3.3979660649819716,6.5384599485678345],[3.3982713884138893,6.538707025608799],[3.3983971783871425,6.538896403945955],[3.3985569051770885,6.539127640328387],[3.3986846511757562,6.539267153956017],[3.3993390275741144,6.539577777092802],[3.3996662396053234,6.53976300595798],[3.399762032691683,6.539846698666281]]]}},{"type":"Feature","properties":{"name":"Pedro\u2013Gbagada","label":"Pedro\u2013Gbagada","lga":"Shomolu","people":23657,"walk":5.61,"walk_clinic":5.96,"walk_school":5.25,"f15":100.0,"f15_health":100.0,"f15_school":100.0,"beyond":0,"clinics":13,"schools":19,"off_pct":0.0,"hexes":25,"gini":0.23,"share":1.02,"rank":1.0,"of":128,"reading":"Most people here already finish inside 15 minutes. Clinics and schools are about even. That is 29 points above the city as a whole.","places":"Obanikoro, Pedro","place_n":2},"geometry":{"type":"Polygon","coordinates":[[[3.3776762939258442,6.543200908195389],[3.3777482693672023,6.5431783747822],[3.3781628469378684,6.54285894188672],[3.378510462787688,6.542603384238817],[3.378203954049297,6.5423610816986315],[3.377792042069132,6.541981637042966],[3.3775905147904837,6.54131482481938],[3.377267357802396,6.540147083021508],[3.3771200029858046,6.539381302205356],[3.3768238823163865,6.539064446766872],[3.376516184674245,6.539347984122231],[3.376119148380042,6.539654636752118],[3.3757826733317415,6.539873486772024],[3.375433426111783,6.540081177104695],[3.3752133242355735,6.540175481813095],[3.374830499927669,6.540285863701683],[3.3744811330978455,6.540333992719637],[3.374059935617595,6.540335901980314],[3.3740580929066937,6.5400024207751235],[3.374073525273048,6.539300341637501],[3.3740715170869184,6.5387450723272895],[3.3740820031819676,6.537827590271148],[3.3738634139654096,6.5378086046833905],[3.3735362963630564,6.537737045628205],[3.3734677491373763,6.5378136858529965],[3.373443809184494,6.537802534259583],[3.3733680422014345,6.537870058056797],[3.373148143571996,6.538237210778675],[3.3728565923578913,6.538795890318112],[3.372558560629102,6.539223733788332],[3.3722765386314104,6.539724962836828],[3.3725145352176473,6.5398814763490805],[3.372983871608426,6.540252905347358],[3.3732584580114917,6.54048087269416],[3.373312774365104,6.540576568653762],[3.372987685633234,6.541093786748887],[3.3727837922382946,6.541529538857161],[3.372708994724349,6.54178489235892],[3.3722735303991835,6.5419112677908515],[3.372196933341854,6.541890580685787],[3.3719862275823966,6.5417487279215125],[3.3718760588330956,6.541637116659672],[3.371735737614245,6.541742530693283],[3.3712972515669435,6.542100271110654],[3.371192040780102,6.542220019438388],[3.371067737386227,6.542411584027433],[3.3709594194417036,6.54264621804856],[3.370959692835584,6.543017995084425],[3.370955098199261,6.543276487220169],[3.3709409986282135,6.543629125783582],[3.370934765427137,6.543830178220219],[3.370941218962116,6.543927504650639],[3.370967151812636,6.544477970681839],[3.3709673118920027,6.544694972594984],[3.370900300708343,6.544691831263037],[3.369780263448433,6.544659149000551],[3.3685932177028803,6.544629704297448],[3.368484695612267,6.544588297711811],[3.3684255966639967,6.544497392440747],[3.3684425452872806,6.543675641417793],[3.3681936408239035,6.5436582710124185],[3.367180522163437,6.543654225861871],[3.3671758052192904,6.543749965888252],[3.367127940602018,6.543748404665167],[3.3670797324437554,6.545745634353579],[3.3670565596125925,6.546955270169633],[3.3670461121883477,6.547772081216634],[3.3670059142915534,6.549530470754689],[3.366994156555108,6.550909084686565],[3.3669542068711844,6.553005743420384],[3.366892155448682,6.55542472996734],[3.3668645489598252,6.556946960234085],[3.3669259150989315,6.558478963433459],[3.3676198706605764,6.558402781862923],[3.3682286055657182,6.558252986286335],[3.368825827350122,6.558068734084886],[3.3695263101911337,6.557712079149154],[3.3700430066794524,6.557378534991471],[3.3705596348193585,6.556953083717871],[3.372132260395574,6.555366524945213],[3.3742099317429957,6.553251119843367],[3.3760006321235214,6.551446108551089],[3.377662158381952,6.549813157351365],[3.3778372689748153,6.54964105678937],[3.378258372026323,6.549322614047468],[3.3787559858001264,6.548946311623012],[3.37899301111861,6.548767070444],[3.3785624409039765,6.548066700917559],[3.3777924989247476,6.5468354723792],[3.377693470077645,6.546688750685348],[3.3777061397266266,6.546564283614827],[3.377747531023772,6.546442986654539],[3.3777952922189916,6.546305729425908],[3.3777501291651784,6.545654755162843],[3.3777687586213574,6.544968630897643],[3.3771848108303857,6.544956303890387],[3.376904031695745,6.54498523597988],[3.376425415200799,6.545014314658943],[3.3761063105578164,6.544998598106872],[3.375993962751238,6.544108334032444],[3.37594570602954,6.543581818745964],[3.3765168097030482,6.5434888468328705],[3.3770432431512067,6.543399098089936],[3.3776762939258442,6.543200908195389]]]}},{"type":"Feature","properties":{"name":"Aiyetoro\u2013Mafowoku","label":"Aiyetoro\u2013Mafowoku","lga":"Shomolu","people":12127,"walk":4.13,"walk_clinic":4.99,"walk_school":3.27,"f15":100.0,"f15_health":100.0,"f15_school":100.0,"beyond":0,"clinics":0,"schools":10,"off_pct":0.0,"hexes":11,"gini":0.12,"share":0.52,"rank":1.0,"of":128,"reading":"Most people here already finish inside 15 minutes. Clinics and schools are about even. That is 29 points above the city as a whole.","places":"Bariga, Ladilack, Olusoji","place_n":3},"geometry":{"type":"Polygon","coordinates":[[[3.3899548961016426,6.536314513304205],[3.3898265385639665,6.536234351334315],[3.389565157805862,6.5360670153805245],[3.3892240161754335,6.535913701656057],[3.3889228143364676,6.535830165429842],[3.388819101820161,6.535818279090334],[3.3886135932427806,6.5356927831954295],[3.3882944058622115,6.535561392244517],[3.3881966477571264,6.535511604876716],[3.38794129605401,6.5354040990200115],[3.3877139339509195,6.535386323020418],[3.387261229622083,6.535384677261107],[3.3871076532956295,6.5353628561109645],[3.386858320754925,6.535303212173575],[3.3867565813512215,6.535261406288896],[3.3866311511067693,6.535534749828911],[3.3866236759419626,6.536188953557428],[3.3864642477269062,6.536338663698417],[3.3863806332596478,6.536528205712159],[3.3863768713955555,6.536823395583269],[3.386430962918666,6.53714446974152],[3.3862754872239975,6.537246309869374],[3.3861798686061206,6.537387992661762],[3.386108171055298,6.537513701696014],[3.386072378937172,6.5376513501297495],[3.3858592477061507,6.537988586004473],[3.385468742288652,6.5384795340033275],[3.384938724142842,6.53908826441193],[3.3848530340403613,6.539172099213031],[3.3846456548731108,6.539210153126134],[3.3842447901649844,6.539196497820171],[3.3834390497723916,6.539141266856006],[3.3826361692238716,6.539173789938503],[3.3824399623344457,6.53921702124859],[3.382359115081158,6.539266517236059],[3.382490720970054,6.539842472751955],[3.382737206257104,6.540876238047986],[3.3828392963964684,6.541360770283346],[3.3841203851476966,6.541336965228823],[3.38415884105774,6.541553938363621],[3.384561383900802,6.542195064150917],[3.3849448404320692,6.542909601596875],[3.38520365992099,6.54337532001506],[3.3854116344394356,6.544112330619612],[3.3858871455753388,6.544198127741423],[3.386021185929053,6.544226745967592],[3.3864329270380154,6.544373225743811],[3.3867006812914724,6.544006030753792],[3.387099149306323,6.5434919387020605],[3.3873924254201593,6.543118342337664],[3.3874943869564618,6.542926790339151],[3.3877174449041827,6.5425309078751175],[3.388275330342253,6.541853942305635],[3.3886680993533673,6.542227009868668],[3.3890602343423666,6.541779937094475],[3.389401903874784,6.542095601830624],[3.3896218087994616,6.541750781073746],[3.389720556158807,6.541530511024292],[3.389796976948958,6.541323023938446],[3.3899019197378375,6.5408634083196935],[3.389943236391275,6.540649564825628],[3.3899144167170334,6.540518747642125],[3.3900895569875047,6.54005588726943],[3.3901690840360743,6.539739895180047],[3.390211961912542,6.53948310276303],[3.3901816943297836,6.539028378556849],[3.390127736805653,6.538884816181393],[3.3900439487692897,6.538848979996487],[3.3900398856322913,6.5387532471646646],[3.3900855469104836,6.5384859479681845],[3.3899817912267167,6.538418214628962],[3.3900513816659554,6.538146908053421],[3.3902224938730683,6.537634186568483],[3.3903061128368677,6.537452623339961],[3.39038182226335,6.537356827555584],[3.3904256777029222,6.537332858824412],[3.39067054241167,6.536774208063321],[3.3902954243943664,6.536527179585732],[3.3899548961016426,6.536314513304205]]]}},{"type":"Feature","properties":{"name":"Orile Somolu\u2013Alade","label":"Orile Somolu\u2013Alade","lga":"Shomolu","people":6748,"walk":4.24,"walk_clinic":5.19,"walk_school":3.28,"f15":100.0,"f15_health":100.0,"f15_school":100.0,"beyond":0,"clinics":2,"schools":5,"off_pct":0.0,"hexes":8,"gini":0.15,"share":0.29,"rank":1.0,"of":128,"reading":"Most people here already finish inside 15 minutes. Clinics and schools are about even. That is 29 points above the city as a whole.","places":"Alade, Kogi","place_n":2},"geometry":{"type":"Polygon","coordinates":[[[3.3768238823163865,6.539064446766872],[3.3768350527955135,6.539054153126702],[3.3768988623926366,6.539042935882833],[3.3771810129933892,6.538718815720814],[3.3773882320812736,6.538468151284179],[3.3779382133778877,6.537874171555813],[3.378330353762862,6.537425512377524],[3.3780238198434636,6.537146511202592],[3.3777954496003417,6.536849900402616],[3.3775926012176,6.5365452910323825],[3.3774359896792134,6.536200757159235],[3.3773240168899292,6.535809917193943],[3.377195993900045,6.535291440947275],[3.3771414895880985,6.534945235234488],[3.3771125808809757,6.534689959074398],[3.3771668225908233,6.53468672781031],[3.377166767732206,6.534613329641503],[3.3771220444468213,6.5345431564415435],[3.377089962032187,6.534311816637057],[3.3769650048311632,6.533625800290507],[3.375900882919439,6.533661699427908],[3.375427058911668,6.533684391121823],[3.375151068666923,6.533710126121489],[3.374878280008659,6.533748624299619],[3.374579968590751,6.53379352295275],[3.3742082419169033,6.533803373227158],[3.3737902073522155,6.533759006972615],[3.3733530199259576,6.533703484628178],[3.373310349792859,6.534252405624045],[3.3733859602938874,6.535094831161585],[3.3734968080312915,6.536123916385691],[3.3735497493215125,6.536516395815056],[3.3735997408354024,6.536772940019205],[3.3736025988808933,6.536787609760438],[3.3736013119510058,6.5372024688189185],[3.373531367178885,6.53754557636728],[3.373464492692221,6.537725930007696],[3.373443809184494,6.537802534259583],[3.3734677491373763,6.5378136858529965],[3.3735362963630564,6.537737045628205],[3.3738634139654096,6.5378086046833905],[3.3740820031819676,6.537827590271148],[3.3740715170869184,6.5387450723272895],[3.374073525273048,6.539300341637501],[3.3740580929066937,6.5400024207751235],[3.374059935617595,6.540335901980314],[3.3744811330978455,6.540333992719637],[3.374830499927669,6.540285863701683],[3.3752133242355735,6.540175481813095],[3.375433426111783,6.540081177104695],[3.3757826733317415,6.539873486772024],[3.376119148380042,6.539654636752118],[3.376516184674245,6.539347984122231],[3.3768238823163865,6.539064446766872]]]}},{"type":"Feature","properties":{"name":"Seriki-Okuta","label":"Seriki\u2011Okuta","lga":"Shomolu","people":15609,"walk":5.61,"walk_clinic":5.17,"walk_school":6.05,"f15":100.0,"f15_health":100.0,"f15_school":100.0,"beyond":0,"clinics":7,"schools":4,"off_pct":0.0,"hexes":10,"gini":0.15,"share":0.67,"rank":1.0,"of":128,"reading":"Most people here already finish inside 15 minutes. Clinics and schools are about even. That is 29 points above the city as a whole.","places":"Ekore Oworo","place_n":1},"geometry":{"type":"Polygon","coordinates":[[[3.3926438995963504,6.539915323233628],[3.392646850271945,6.5399234576015575],[3.392742772860743,6.54017548900765],[3.392829069106312,6.540357321133514],[3.392822801730972,6.540504121068408],[3.392842068806488,6.540660475400671],[3.392922070697068,6.540954004223977],[3.3930116872396066,6.541301774757129],[3.3930183107464695,6.541611316908813],[3.3930566992073636,6.541735745308471],[3.393200534077437,6.542048370336091],[3.3933955079963307,6.542469457199729],[3.393584032876845,6.542804387212754],[3.3937215572041732,6.543206370677524],[3.3938080009385203,6.543576483967627],[3.393817818837306,6.5438892142159375],[3.3938116989507994,6.544224296214337],[3.3938215402319543,6.544565747211492],[3.3938568521120946,6.54483697194877],[3.3938985572726206,6.54512095716649],[3.393962636666402,6.545455983406953],[3.3940777462910314,6.545755866839841],[3.3941768237015135,6.545960026434101],[3.3943589202280577,6.546231136058111],[3.39441332831251,6.546438522419917],[3.3946724319872033,6.547252076122446],[3.3947044811269502,6.547430757923166],[3.394127501283208,6.548168380066729],[3.3939777030086584,6.548391882279588],[3.394185193691783,6.548493838419971],[3.394510771654837,6.548624421779665],[3.3947884211487462,6.54867207235833],[3.394884134195479,6.548652849349595],[3.394973509719762,6.548691074133786],[3.3950214516787005,6.548789962686668],[3.3950535385899907,6.549014918203966],[3.3950497353570763,6.549250272582071],[3.3950379821172305,6.549521534191512],[3.3950779380963927,6.549609261258467],[3.395193723111902,6.549752774171225],[3.3953293750506646,6.5498005362657645],[3.3956564656734263,6.549824211817962],[3.396175031852295,6.549871670840958],[3.396653726588284,6.549939107403929],[3.3969288381953784,6.549954377892278],[3.396957370086625,6.549718845448409],[3.3970429936392748,6.549046709238269],[3.3974035965987355,6.547466776670433],[3.3979136929626175,6.546087773332146],[3.398504219294353,6.544737425092137],[3.3985812066574113,6.544565516985075],[3.3987484068135814,6.544158506310054],[3.399168644717236,6.542947109621481],[3.3992689227226265,6.542650247910672],[3.3992965130237285,6.542519434324503],[3.3993144796795605,6.542367340080715],[3.3993475027850764,6.542164893694918],[3.3994026348237867,6.5418255318228935],[3.399626991392608,6.54056482800445],[3.399762032691683,6.539846698666281],[3.3996662396053234,6.53976300595798],[3.3993390275741144,6.539577777092802],[3.3986846511757562,6.539267153956017],[3.3985569051770885,6.539127640328387],[3.3983971783871425,6.538896403945955],[3.3982713884138893,6.538707025608799],[3.3979660649819716,6.5384599485678345],[3.3975928993928624,6.538165057271612],[3.397331524929996,6.538011686889889],[3.3971620324019227,6.538039743939065],[3.396988634118202,6.538173511798162],[3.3968531638424797,6.538353125296568],[3.396793442563365,6.538490792616016],[3.3968117356731113,6.538927575347372],[3.3968298552136957,6.539142966574673],[3.39676614634061,6.539280638390778],[3.3967282776878847,6.539310584915597],[3.39660068097669,6.5393585538542425],[3.3965010297987424,6.539440407448865],[3.396367389643387,6.53941258872004],[3.3959186756064246,6.539416932445533],[3.3954460458983244,6.539441238422456],[3.395286516059912,6.539459313896257],[3.3952268766191196,6.539700694631392],[3.394818058306782,6.539716973259772],[3.3944890215511236,6.5397471482123715],[3.3939805448662805,6.539837299851568],[3.393438114277615,6.5398616579891495],[3.3930691548176815,6.539843996203501],[3.3928138930467644,6.539856163131446],[3.3926438995963504,6.539915323233628]]]}},{"type":"Feature","properties":{"name":"Apelehin","label":"Apelehin","lga":"Shomolu","people":21721,"walk":4.39,"walk_clinic":5.34,"walk_school":3.43,"f15":100.0,"f15_health":100.0,"f15_school":100.0,"beyond":0,"clinics":17,"schools":38,"off_pct":0.0,"hexes":22,"gini":0.13,"share":0.93,"rank":1.0,"of":128,"reading":"Most people here already finish inside 15 minutes. Clinics and schools are about even. That is 29 points above the city as a whole.","places":"Buraimon, Mafowoku, New Garage","place_n":3},"geometry":{"type":"Polygon","coordinates":[[[3.3969288381953784,6.549954377892278],[3.396653726588284,6.549939107403929],[3.396175031852295,6.549871670840958],[3.3956564656734263,6.549824211817962],[3.3953293750506646,6.5498005362657645],[3.395193723111902,6.549752774171225],[3.3950779380963927,6.549609261258467],[3.3950379821172305,6.549521534191512],[3.3950497353570763,6.549250272582071],[3.3950535385899907,6.549014918203966],[3.3950214516787005,6.548789962686668],[3.394973509719762,6.548691074133786],[3.394884134195479,6.548652849349595],[3.3947884211487462,6.54867207235833],[3.394510771654837,6.548624421779665],[3.394185193691783,6.548493838419971],[3.3939777030086584,6.548391882279588],[3.394127501283208,6.548168380066729],[3.3947044811269502,6.547430757923166],[3.3946724319872033,6.547252076122446],[3.39441332831251,6.546438522419917],[3.3943589202280577,6.546231136058111],[3.3941768237015135,6.545960026434101],[3.3940777462910314,6.545755866839841],[3.393962636666402,6.545455983406953],[3.3938985572726206,6.54512095716649],[3.3938568521120946,6.54483697194877],[3.3938215402319543,6.544565747211492],[3.3938116989507994,6.544224296214337],[3.393817818837306,6.5438892142159375],[3.3938080009385203,6.543576483967627],[3.3937215572041732,6.543206370677524],[3.393584032876845,6.542804387212754],[3.3933955079963307,6.542469457199729],[3.393200534077437,6.542048370336091],[3.3930566992073636,6.541735745308471],[3.3930183107464695,6.541611316908813],[3.3930116872396066,6.541301774757129],[3.392922070697068,6.540954004223977],[3.392842068806488,6.540660475400671],[3.392822801730972,6.540504121068408],[3.392829069106312,6.540357321133514],[3.392742772860743,6.54017548900765],[3.392646850271945,6.5399234576015575],[3.3926438995963504,6.539915323233628],[3.392592488052912,6.539773513636816],[3.392445364362118,6.539333242435248],[3.3924164565542583,6.539090733050955],[3.3923200609221458,6.5382323733254],[3.392207963127021,6.53769633691644],[3.3921119829817035,6.53737090914018],[3.392146916247214,6.537157070142713],[3.3920892616101814,6.536876289209432],[3.392044440298718,6.536684851424809],[3.3919932670756907,6.5365317130681415],[3.391948469146598,6.536368996032365],[3.3919356106399614,6.536247741340219],[3.391677193147984,6.536302191692868],[3.391466589011941,6.536292782985584],[3.391322927710974,6.5362003488670535],[3.3912494324154068,6.536063184268583],[3.391226932277163,6.53585258193118],[3.391140476851547,6.53546332207469],[3.3910733217764464,6.535275092171787],[3.3910477243730384,6.535182567221738],[3.3910316831656924,6.535070886712106],[3.3909805621033233,6.534984764035698],[3.3909003569659713,6.5349146870631785],[3.390883205995181,6.534932462163453],[3.3904595677548746,6.535482316655646],[3.39012397404224,6.536003382949786],[3.3899548961016426,6.536314513304205],[3.3902954243943664,6.536527179585732],[3.39067054241167,6.536774208063321],[3.3904256777029222,6.537332858824412],[3.39038182226335,6.537356827555584],[3.3903061128368677,6.537452623339961],[3.3902224938730683,6.537634186568483],[3.3900513816659554,6.538146908053421],[3.3899817912267167,6.538418214628962],[3.3900855469104836,6.5384859479681845],[3.3900398856322913,6.5387532471646646],[3.3900439487692897,6.538848979996487],[3.390127736805653,6.538884816181393],[3.3901816943297836,6.539028378556849],[3.390211961912542,6.53948310276303],[3.3901690840360743,6.539739895180047],[3.3900895569875047,6.54005588726943],[3.3899144167170334,6.540518747642125],[3.389943236391275,6.540649564825628],[3.3899019197378375,6.5408634083196935],[3.389796976948958,6.541323023938446],[3.389720556158807,6.541530511024292],[3.3896218087994616,6.541750781073746],[3.389401903874784,6.542095601830624],[3.3890602343423666,6.541779937094475],[3.3886680993533673,6.542227009868668],[3.388275330342253,6.541853942305635],[3.3877174449041827,6.5425309078751175],[3.3874943869564618,6.542926790339151],[3.3873924254201593,6.543118342337664],[3.387099149306323,6.5434919387020605],[3.3867006812914724,6.544006030753792],[3.3864329270380154,6.544373225743811],[3.386021185929053,6.544226745967592],[3.3858871455753388,6.544198127741423],[3.3854116344394356,6.544112330619612],[3.38520365992099,6.54337532001506],[3.3849448404320692,6.542909601596875],[3.384561383900802,6.542195064150917],[3.38415884105774,6.541553938363621],[3.3841203851476966,6.541336965228823],[3.3828392963964684,6.541360770283346],[3.382913341177812,6.541712201956614],[3.3830414118317553,6.542283330811131],[3.383185224218778,6.542573622075054],[3.3834632343408653,6.543099959295716],[3.3836742359772525,6.543626347777775],[3.383980997425113,6.544194150040027],[3.384332352655974,6.544659798311102],[3.3834996119176135,6.544775318026551],[3.3827593583577595,6.544826940910638],[3.382092550630773,6.54495190620554],[3.38156292908593,6.545044852937679],[3.381419432360986,6.5451694198329164],[3.3810684566440163,6.545204789269633],[3.380752623734623,6.5452943824298595],[3.3804081995788233,6.5455531308723485],[3.379890727874851,6.544835499758562],[3.3794882120114376,6.5442262819174175],[3.3791752281542817,6.543862720188428],[3.3782274686228098,6.543786845286718],[3.3778605047585306,6.543774356401457],[3.3777550061886363,6.543509565414182],[3.3776762939258442,6.543200908195389],[3.3770432431512067,6.543399098089936],[3.3765168097030482,6.5434888468328705],[3.37594570602954,6.543581818745964],[3.375993962751238,6.544108334032444],[3.3761063105578164,6.544998598106872],[3.376425415200799,6.545014314658943],[3.376904031695745,6.54498523597988],[3.3771848108303857,6.544956303890387],[3.3777687586213574,6.544968630897643],[3.3777501291651784,6.545654755162843],[3.3777952922189916,6.546305729425908],[3.377747531023772,6.546442986654539],[3.3777061397266266,6.546564283614827],[3.377693470077645,6.546688750685348],[3.3777924989247476,6.5468354723792],[3.3785624409039765,6.548066700917559],[3.37899301111861,6.548767070444],[3.380115000806711,6.548258517316753],[3.3809048330916194,6.548046371742714],[3.381165882899211,6.54797625520007],[3.3821306917780585,6.547803196860116],[3.3830094544228477,6.54777380701563],[3.3844685208056267,6.547996715675935],[3.38590472912,6.548368986439641],[3.387180107176278,6.54872988797399],[3.3877890759051756,6.54890748789029],[3.391395512892643,6.549852240088852],[3.392726428581853,6.550224572006414],[3.393578539817782,6.55038665681883],[3.393837029255564,6.550415175220223],[3.395100636984864,6.550404609085489],[3.3960674792308505,6.550384699894039],[3.3964025135651923,6.550365288027649],[3.3967757412075343,6.5502213893057055],[3.3969610797900596,6.550072866269829],[3.3969672086697646,6.550055827714345],[3.396964773305683,6.550000782010556],[3.3969288381953784,6.549954377892278]]]}},{"type":"Feature","properties":{"name":"Ijebu Tedo","label":"Ijebu Tedo","lga":"Shomolu","people":9631,"walk":4.24,"walk_clinic":4.55,"walk_school":3.93,"f15":100.0,"f15_health":100.0,"f15_school":100.0,"beyond":0,"clinics":4,"schools":7,"off_pct":0.0,"hexes":11,"gini":0.11,"share":0.41,"rank":1.0,"of":128,"reading":"Most people here already finish inside 15 minutes. Clinics and schools are about even. That is 29 points above the city as a whole.","places":"Palmgrove","place_n":1},"geometry":{"type":"Polygon","coordinates":[[[3.3735997408354024,6.536772940019205],[3.37346817002009,6.536768562119504],[3.3729316812521124,6.536737048076362],[3.3726636266251258,6.53670852607769],[3.3723572869593004,6.536687212145182],[3.3719887285969894,6.53667073027003],[3.371823631955124,6.536711539705834],[3.3715652045705724,6.536757206380003],[3.3714623104373227,6.5367716431968015],[3.371328294365355,6.536771742122255],[3.370904734366036,6.536810348219034],[3.3703902223309683,6.536832268294574],[3.369732114645444,6.536847113403611],[3.36859299287238,6.536874275627383],[3.368552178040659,6.536694799725296],[3.3682745618216363,6.536680641698297],[3.367616429854422,6.536661976269214],[3.3672598585556552,6.536674204351073],[3.367244006205965,6.537732874572556],[3.3672136118187836,6.539281683403033],[3.367207088136638,6.539614124991942],[3.3671749121924672,6.541433143225048],[3.367127940602018,6.543748404665167],[3.3671758052192904,6.543749965888252],[3.367180522163437,6.543654225861871],[3.3681936408239035,6.5436582710124185],[3.3684425452872806,6.543675641417793],[3.3684255966639967,6.544497392440747],[3.368484695612267,6.544588297711811],[3.3685932177028803,6.544629704297448],[3.369780263448433,6.544659149000551],[3.370900300708343,6.544691831263037],[3.3709673118920027,6.544694972594984],[3.370967151812636,6.544477970681839],[3.370941218962116,6.543927504650639],[3.370934765427137,6.543830178220219],[3.3709409986282135,6.543629125783582],[3.370955098199261,6.543276487220169],[3.370959692835584,6.543017995084425],[3.3709594194417036,6.54264621804856],[3.371067737386227,6.542411584027433],[3.371192040780102,6.542220019438388],[3.3712972515669435,6.542100271110654],[3.371735737614245,6.541742530693283],[3.3718760588330956,6.541637116659672],[3.3719862275823966,6.5417487279215125],[3.372196933341854,6.541890580685787],[3.3722735303991835,6.5419112677908515],[3.372708994724349,6.54178489235892],[3.3727837922382946,6.541529538857161],[3.372987685633234,6.541093786748887],[3.373312774365104,6.540576568653762],[3.3732584580114917,6.54048087269416],[3.372983871608426,6.540252905347358],[3.3725145352176473,6.5398814763490805],[3.3722765386314104,6.539724962836828],[3.372558560629102,6.539223733788332],[3.3728565923578913,6.538795890318112],[3.373148143571996,6.538237210778675],[3.3733680422014345,6.537870058056797],[3.373443809184494,6.537802534259583],[3.373464492692221,6.537725930007696],[3.373531367178885,6.53754557636728],[3.3736013119510058,6.5372024688189185],[3.3736025988808933,6.536787609760438],[3.3735997408354024,6.536772940019205]]]}},{"type":"Feature","properties":{"name":"Igbari","label":"Igbari","lga":"Shomolu","people":7081,"walk":4.64,"walk_clinic":4.4,"walk_school":4.89,"f15":100.0,"f15_health":100.0,"f15_school":100.0,"beyond":0,"clinics":6,"schools":1,"off_pct":0.0,"hexes":7,"gini":0.15,"share":0.3,"rank":1.0,"of":128,"reading":"Most people here already finish inside 15 minutes. Clinics and schools are about even. That is 29 points above the city as a whole.","places":"Igbari","place_n":1},"geometry":{"type":"Polygon","coordinates":[[[3.387357906742068,6.529877417009231],[3.3873660033384567,6.5298439658263865],[3.387335930908535,6.529638555275141],[3.3873019383338487,6.529520905065737],[3.3871941042245908,6.529333505237106],[3.3870801799064334,6.529006492855388],[3.3868722944209253,6.528378382956077],[3.3866524182745366,6.527716374910824],[3.386488562697081,6.5272916709739075],[3.386352660746752,6.5269088286795505],[3.3863106902861664,6.5267891909684295],[3.3862886056347175,6.526597735197355],[3.3862345033197134,6.5262607052673625],[3.386144520753078,6.525945642177702],[3.386026634022017,6.525650544936753],[3.385916760250325,6.52540131491878],[3.3858268352403225,6.525162043093872],[3.3856829338203625,6.524749290247597],[3.385598992899247,6.524510013026713],[3.3855210207785262,6.524252781740528],[3.3854670560598383,6.524095257390286],[3.385469003092055,6.524033425402309],[3.384667316843263,6.5240320431443015],[3.3838456881280767,6.524030675275469],[3.382182490929267,6.524031937923667],[3.382045169848766,6.5240381198634045],[3.3820436410013026,6.524385895792478],[3.3820922646463605,6.524549248648953],[3.382162653683565,6.524803217194745],[3.381552745163105,6.525028339985965],[3.3813409431300556,6.525116577867834],[3.381316758561581,6.525203396619531],[3.3812365741086414,6.525498325687239],[3.38113726557242,6.525822628411618],[3.381034158299826,6.526185227865995],[3.380946315220342,6.526480163228994],[3.380923003893543,6.526568779725436],[3.3809275112956816,6.526569033334281],[3.381188769745961,6.526584791255174],[3.381511844895783,6.526592525424746],[3.3816256612952884,6.526781917251753],[3.3817514773488706,6.527017173603723],[3.3818234033274734,6.527192635831511],[3.381915298752063,6.527403983706902],[3.3819772782288733,6.527611365572112],[3.3820112797967568,6.527742977756248],[3.3820851869818402,6.527900487717376],[3.382262980252392,6.528301249003504],[3.3824347912326975,6.528704010381829],[3.382522718848463,6.528941290208423],[3.38280179376784,6.528781516653737],[3.383126768285763,6.5286615992534385],[3.3832245830481043,6.528789174380962],[3.3833364137445305,6.528988538790088],[3.383474233049469,6.529271655262733],[3.3835282274457654,6.529467075245349],[3.383564139173757,6.529486993430053],[3.3836239521837115,6.529467002400282],[3.3837076646770474,6.529407103055402],[3.3838154133507037,6.5294824140821675],[3.3838872278133754,6.529511079972393],[3.383990195691013,6.5295947708819995],[3.38421307287507,6.530011053567306],[3.3844503643928765,6.530499129131555],[3.3846684607809148,6.530922595601339],[3.3847523801183,6.531130758078063],[3.385179176777626,6.530998468704411],[3.3860025726606295,6.53068869003107],[3.3862796942525506,6.530580774083489],[3.3865906582323646,6.530397040790829],[3.38689359396426,6.530145500414563],[3.3873322068159264,6.529983608057136],[3.387357906742068,6.529877417009231]]]}},{"type":"Feature","properties":{"name":"Okesuna\u2013Alase","label":"Okesuna\u2013Alase","lga":"Shomolu","people":6230,"walk":4.37,"walk_clinic":4.43,"walk_school":4.3,"f15":100.0,"f15_health":100.0,"f15_school":100.0,"beyond":0,"clinics":2,"schools":2,"off_pct":0.0,"hexes":8,"gini":0.06,"share":0.27,"rank":1.0,"of":128,"reading":"Most people here already finish inside 15 minutes. Clinics and schools are about even. That is 29 points above the city as a whole.","places":"Akani, Humuani","place_n":2},"geometry":{"type":"Polygon","coordinates":[[[3.3793763291542973,6.536460603673959],[3.379724268760072,6.5361326452054405],[3.3796444143582676,6.536023007955521],[3.379394889362686,6.5357060688800175],[3.3792750699885232,6.535490752296425],[3.3791712063861046,6.535277417818633],[3.3791012769024746,6.53510594318476],[3.379236843405636,6.535046006068398],[3.379613704309065,6.534967935921542],[3.3799167983216307,6.534917843683615],[3.380257732208634,6.534799911087077],[3.38040749181232,6.5350491114273845],[3.380700882140047,6.535354049050169],[3.3810497066786525,6.535122422361951],[3.381526111740697,6.53481889577546],[3.382185917346249,6.534419494264285],[3.382453036678328,6.534269703184291],[3.3826404535940924,6.53420972469911],[3.3828597550736954,6.534117811288012],[3.3831288592095343,6.533954057333915],[3.3833321509580396,6.533790352842574],[3.383014769416149,6.533407649043795],[3.382767245412083,6.533100682550525],[3.3825855976472776,6.532879430441424],[3.3824956807311533,6.532650130299316],[3.382435722930325,6.5324786475715655],[3.3823797779044753,6.532341069284995],[3.382295933210799,6.532227446239686],[3.382277903602415,6.532121750718262],[3.3821121837303285,6.531864585082588],[3.38182666516849,6.531418032116562],[3.381541150203987,6.530977462340047],[3.3813634936303747,6.530758200430624],[3.3808149233700533,6.530563153666662],[3.38056957482604,6.530493530851799],[3.3801088566384574,6.530438032789049],[3.3795824276869557,6.530514220654822],[3.3794548345729827,6.530568169185698],[3.3792953146271425,6.530596211845761],[3.3789822417371056,6.5306323493035165],[3.3787429429324902,6.530650479635995],[3.3785355170005573,6.530620718371494],[3.378224276029585,6.530441445716179],[3.377990805731144,6.5302541367190665],[3.3774679767657854,6.529811747614133],[3.3771926196437225,6.529614498410409],[3.377046978934971,6.529534826571023],[3.37689538471426,6.529495049556944],[3.376673991411621,6.529453330906563],[3.376467992703738,6.529422038096642],[3.3764011478946827,6.529416902068419],[3.3765509515652075,6.529729928193659],[3.376684707733148,6.529917311834539],[3.376996142957694,6.530357866322505],[3.3771159038759038,6.530497391641347],[3.3773913167559044,6.5307704330091365],[3.3775369961355177,6.530899966860033],[3.3775811366601833,6.531256950947579],[3.3776013147489157,6.531570074199634],[3.3776035072961004,6.531833348030659],[3.3776136291656944,6.532034786276426],[3.377623762726501,6.532252180293937],[3.377619953198348,6.532489529368319],[3.377683957948364,6.53274078915615],[3.377756028717784,6.5331097189384195],[3.3778181340996407,6.533486634700466],[3.3773096969849803,6.533626632163419],[3.3769650048311632,6.533625800290507],[3.377089962032187,6.534311816637057],[3.3771220444468213,6.5345431564415435],[3.377166767732206,6.534613329641503],[3.3771668225908233,6.53468672781031],[3.3774895533002787,6.534652406083694],[3.377533493276133,6.534740132251328],[3.37759735593329,6.534801912977968],[3.3776931121474836,6.534841732260189],[3.377936927347378,6.535523671080626],[3.378226704199108,6.536329235206097],[3.3782726532604093,6.53643690384007],[3.378506239571323,6.536775795366736],[3.378645937560009,6.536905332814911],[3.3788115306276723,6.536992966352385],[3.3793763291542973,6.536460603673959]]]}},{"type":"Feature","properties":{"name":"Owode\u2013Orile Bariga","label":"Owode\u2013Orile Bariga","lga":"Shomolu","people":12232,"walk":4.49,"walk_clinic":4.9,"walk_school":4.08,"f15":100.0,"f15_health":100.0,"f15_school":100.0,"beyond":0,"clinics":7,"schools":18,"off_pct":0.0,"hexes":13,"gini":0.16,"share":0.53,"rank":1.0,"of":128,"reading":"Most people here already finish inside 15 minutes. Clinics and schools are about even. That is 29 points above the city as a whole.","places":"Owode Orile Bariga","place_n":1},"geometry":{"type":"Polygon","coordinates":[[[3.3899548961016426,6.536314513304205],[3.39012397404224,6.536003382949786],[3.3904595677548746,6.535482316655646],[3.390883205995181,6.534932462163453],[3.3909003569659713,6.5349146870631785],[3.391379621872091,6.53441797171206],[3.391208790253529,6.534238351918473],[3.391072092403192,6.534094623168357],[3.390795359318418,6.53398378442415],[3.3904889306197106,6.533846161171424],[3.390197856046257,6.533756395341412],[3.389821514950995,6.533574787146734],[3.3893896047464973,6.533330994429888],[3.3890763789717653,6.533066046061208],[3.3887745871775223,6.532733117039753],[3.3886221853655907,6.532474747211835],[3.3884994395975236,6.53219433410129],[3.388196443611037,6.53153973107379],[3.3879557814341865,6.531028684126509],[3.3878435739218276,6.530756880225909],[3.3876748458175148,6.530429590852975],[3.3875223333890294,6.53002570082549],[3.3874121556465298,6.529904200618431],[3.387371945159202,6.529895615690179],[3.387357906742068,6.529877417009231],[3.3873322068159264,6.529983608057136],[3.38689359396426,6.530145500414563],[3.3865906582323646,6.530397040790829],[3.3862796942525506,6.530580774083489],[3.3860025726606295,6.53068869003107],[3.385179176777626,6.530998468704411],[3.3847523801183,6.531130758078063],[3.384704564963727,6.5311930226399095],[3.3847383057282623,6.531504141303117],[3.384841636932037,6.532061726367601],[3.384805890679331,6.53226040639271],[3.3846409900896783,6.532554921772259],[3.3844329643098945,6.532784847842492],[3.384241601168981,6.532899878326759],[3.384052684184098,6.533084313989944],[3.383667673624302,6.533457979602134],[3.3833321509580396,6.533790352842574],[3.3831288592095343,6.533954057333915],[3.3828597550736954,6.534117811288012],[3.3826404535940924,6.53420972469911],[3.382453036678328,6.534269703184291],[3.382185917346249,6.534419494264285],[3.381526111740697,6.53481889577546],[3.3810497066786525,6.535122422361951],[3.380700882140047,6.535354049050169],[3.38040749181232,6.5350491114273845],[3.380257732208634,6.534799911087077],[3.3799167983216307,6.534917843683615],[3.379613704309065,6.534967935921542],[3.379236843405636,6.535046006068398],[3.3791012769024746,6.53510594318476],[3.3791712063861046,6.535277417818633],[3.3792750699885232,6.535490752296425],[3.379394889362686,6.5357060688800175],[3.3796444143582676,6.536023007955521],[3.379724268760072,6.5361326452054405],[3.3793763291542973,6.536460603673959],[3.380118591799601,6.53685511467188],[3.3807770070532683,6.537249530341626],[3.3813954654284544,6.537548238360557],[3.382129465102764,6.537679318146046],[3.3825363103024984,6.537690976057775],[3.3823174710744865,6.53839320897947],[3.3822578999821644,6.5387323208399835],[3.382343449790426,6.539197960117803],[3.382359115081158,6.539266517236059],[3.3824399623344457,6.53921702124859],[3.3826361692238716,6.539173789938503],[3.3834390497723916,6.539141266856006],[3.3842447901649844,6.539196497820171],[3.3846456548731108,6.539210153126134],[3.3848530340403613,6.539172099213031],[3.384938724142842,6.53908826441193],[3.385468742288652,6.5384795340033275],[3.3858592477061507,6.537988586004473],[3.386072378937172,6.5376513501297495],[3.386108171055298,6.537513701696014],[3.3861798686061206,6.537387992661762],[3.3862754872239975,6.537246309869374],[3.386430962918666,6.53714446974152],[3.3863768713955555,6.536823395583269],[3.3863806332596478,6.536528205712159],[3.3864642477269062,6.536338663698417],[3.3866236759419626,6.536188953557428],[3.3866311511067693,6.535534749828911],[3.3867565813512215,6.535261406288896],[3.386858320754925,6.535303212173575],[3.3871076532956295,6.5353628561109645],[3.387261229622083,6.535384677261107],[3.3877139339509195,6.535386323020418],[3.38794129605401,6.5354040990200115],[3.3881966477571264,6.535511604876716],[3.3882944058622115,6.535561392244517],[3.3886135932427806,6.5356927831954295],[3.388819101820161,6.535818279090334],[3.3889228143364676,6.535830165429842],[3.3892240161754335,6.535913701656057],[3.389565157805862,6.5360670153805245],[3.3898265385639665,6.536234351334315],[3.3899548961016426,6.536314513304205]]]}},{"type":"Feature","properties":{"name":"Odo Eran\u2013Ogunlana","label":"Odo Eran\u2013Ogunlana","lga":"Mushin","people":10802,"walk":4.45,"walk_clinic":5.62,"walk_school":3.28,"f15":100.0,"f15_health":100.0,"f15_school":100.0,"beyond":0,"clinics":3,"schools":12,"off_pct":0.0,"hexes":12,"gini":0.18,"share":0.46,"rank":1.0,"of":128,"reading":"Most people here already finish inside 15 minutes. Clinics and schools are about even. That is 29 points above the city as a whole.","places":"Itire Ijeshatedo","place_n":1},"geometry":{"type":"Polygon","coordinates":[[[3.331944084352074,6.503730126744016],[3.3307625325648473,6.502516196665169],[3.330302711900685,6.501957393019325],[3.3294674161883786,6.501008226048839],[3.3283794829268345,6.5001511289714795],[3.3276773723129054,6.499694023360518],[3.326738900080216,6.499043618368319],[3.326595166833556,6.498804368127139],[3.326623777865109,6.498641597132065],[3.3265458210328798,6.498777530558639],[3.326131992597425,6.499024320715875],[3.3255579922076213,6.499515343358439],[3.3252590116940723,6.499738124315057],[3.3242065656805266,6.500471187795142],[3.3237951411329054,6.500737121820748],[3.322816771376949,6.501309776824768],[3.3222886490020187,6.5015635484190835],[3.322803698831706,6.5032650936092296],[3.3236966707647753,6.506103446616804],[3.323928274969944,6.506803195611042],[3.324127589916373,6.507405385250364],[3.3244116902473597,6.508263735083345],[3.324945266111172,6.509281979879517],[3.324958333260497,6.509307865965297],[3.325296549396285,6.509868356739331],[3.3256767530797333,6.510282426193044],[3.32625124360004,6.510908083641197],[3.326975901117009,6.511469273188481],[3.327802630786835,6.511979335378101],[3.3279081419472614,6.511803934304168],[3.3288089856462193,6.507544966327202],[3.3286155891381664,6.507482861844665],[3.3285150215510266,6.507391020379316],[3.328669890203344,6.507083604224989],[3.3289481746186307,6.506678455146641],[3.329315386695782,6.506132515403293],[3.3302393861388286,6.505115185217675],[3.3308218923165214,6.50445421858734],[3.3312151091899973,6.504158133890825],[3.331637084583861,6.503928088210728],[3.331944084352074,6.503730126744016]]]}},{"type":"Feature","properties":{"name":"Papa Ajao","label":"Papa Ajao","lga":"Mushin","people":26631,"walk":7.43,"walk_clinic":8.61,"walk_school":6.26,"f15":100.0,"f15_health":82.46,"f15_school":100.0,"beyond":0,"clinics":21,"schools":24,"off_pct":0.0,"hexes":39,"gini":0.31,"share":1.14,"rank":1.0,"of":128,"reading":"Most people here already finish inside 15 minutes. Clinics are the weaker of the two services. That is 29 points above the city as a whole.","places":"Odo Aladura","place_n":1},"geometry":{"type":"Polygon","coordinates":[[[3.351942905840474,6.5555113922370065],[3.355135959556947,6.547435614262213],[3.346607365737384,6.540661276696597],[3.3455805818783806,6.539804182317198],[3.344982983278101,6.539421645792347],[3.348073930667397,6.5351611462699575],[3.346204684398742,6.534182091230547],[3.34553052201602,6.533814925018816],[3.344779612389232,6.533202724126453],[3.344197097218284,6.532467863800946],[3.3432989523847714,6.530713621936173],[3.3432630784283788,6.530641987337902],[3.3426338021083093,6.530920866205064],[3.3419256039834973,6.531170262597583],[3.341198143279712,6.531247346188138],[3.3405185058244338,6.531266953207363],[3.3394943542811006,6.5314303968953595],[3.3378479851963903,6.531594256969413],[3.3362621953440907,6.531618135768384],[3.3363296615846707,6.53230580057226],[3.3364837793030233,6.5337369636899885],[3.336803250869366,6.536697572335128],[3.3371051667700726,6.539642873619755],[3.337112942308465,6.539817640671628],[3.3372350162830458,6.541039800446469],[3.3373184670736573,6.541767342988522],[3.337376223334104,6.5422427983664875],[3.337453523661224,6.543314997988829],[3.3374926774451414,6.544597844914676],[3.3374866483901537,6.54512440156992],[3.337493560579389,6.545915821158247],[3.3374970049828216,6.546292384386107],[3.3375356272674144,6.546783807226972],[3.337625322950316,6.547303915743157],[3.337762620648448,6.547830376170964],[3.3378585198548762,6.548083615366579],[3.3380394427661026,6.548518371925354],[3.338298218188242,6.54897454314073],[3.3385665336186885,6.549382838946882],[3.3388986613442175,6.549778328407171],[3.3393233481939997,6.550205664659756],[3.339846943381758,6.550613787796123],[3.3410982582780657,6.551283097437021],[3.341816427186416,6.551576200881016],[3.343587935135133,6.552331312140381],[3.346371280210463,6.5535069607776695],[3.3488258817091032,6.554561556170938],[3.350424986923656,6.55516039133903],[3.351813450230566,6.555701927102291],[3.351942905840474,6.5555113922370065]]]}},{"type":"Feature","properties":{"name":"Igbehin","label":"Igbehin","lga":"Mushin","people":9739,"walk":3.39,"walk_clinic":3.65,"walk_school":3.13,"f15":100.0,"f15_health":100.0,"f15_school":100.0,"beyond":0,"clinics":11,"schools":17,"off_pct":0.0,"hexes":11,"gini":0.2,"share":0.42,"rank":1.0,"of":128,"reading":"Most people here already finish inside 15 minutes. Clinics and schools are about even. That is 29 points above the city as a whole.","places":"Gbangba, Afisi, Agoro, Agoro Abogun, Ajeabo, Ajose Street, Amusa, Anifowoshe and 22 others","place_n":30},"geometry":{"type":"Polygon","coordinates":[[[3.348417229771371,6.5231996531415435],[3.3481173931032795,6.522900188792731],[3.3477533061702047,6.5224121815769545],[3.3474465492189442,6.521770956864202],[3.3471876928578013,6.521187141273572],[3.346718246749731,6.520603468675178],[3.346239242646959,6.520038950737046],[3.3455494455505463,6.519177793220649],[3.3447298502024974,6.518174074274157],[3.343635234078818,6.518841149099783],[3.3409625748629987,6.518735736864812],[3.3403117103172235,6.518812764697371],[3.340120216774608,6.518743963862903],[3.3382516009306755,6.518592041389637],[3.3364366467338873,6.5185243242382285],[3.3366832723152124,6.520883117362018],[3.3362621800555985,6.521021258624216],[3.3357644889400717,6.521128815742315],[3.3351351649559438,6.52101513693907],[3.335329352867405,6.52287798003482],[3.336079548432451,6.52287739997206],[3.3368491747496596,6.52288837529835],[3.3373085646385903,6.52276169499629],[3.34151275401041,6.522758865729144],[3.341937673784685,6.522620717272331],[3.343189732420285,6.522608377674544],[3.343315883920979,6.522309593213208],[3.343778345894009,6.522479689186355],[3.3442092722401644,6.522728311262597],[3.3450995318179935,6.522770784444218],[3.345606878055037,6.522784796780969],[3.345817538848394,6.522885177309149],[3.3461528016105713,6.5232200263831706],[3.3468279109793566,6.523592934766157],[3.3469859245608404,6.523693350367864],[3.3471444129843344,6.524483070237523],[3.3477665100164704,6.524324675343565],[3.3480389839120335,6.523831443066683],[3.348211052098406,6.52349145796444],[3.348417229771371,6.5231996531415435]]]}},{"type":"Feature","properties":{"name":"Alafia\u2013Adeoyo","label":"Alafia\u2013Adeoyo","lga":"Mushin","people":18721,"walk":4.51,"walk_clinic":4.72,"walk_school":4.31,"f15":100.0,"f15_health":100.0,"f15_school":100.0,"beyond":0,"clinics":14,"schools":25,"off_pct":0.0,"hexes":20,"gini":0.19,"share":0.8,"rank":1.0,"of":128,"reading":"Most people here already finish inside 15 minutes. Clinics and schools are about even. That is 29 points above the city as a whole.","places":"Alafia, Ila, Ilasamaja, Ojuwoye, Sadiku Apapa Express","place_n":5},"geometry":{"type":"Polygon","coordinates":[[[3.3432630784283788,6.530641987337902],[3.3446242859820354,6.530038730203271],[3.345179255818038,6.529693697206427],[3.3459445366111145,6.52893685205413],[3.346604800870921,6.5285917462121565],[3.346930219653984,6.528524505701397],[3.3475428522208976,6.528514509736907],[3.348576679570158,6.528513795675168],[3.3491509488572433,6.52839851428007],[3.350002719250142,6.5281394339877465],[3.3505769678528172,6.5279954300451095],[3.350925661989777,6.528020157804065],[3.3503028598890974,6.527168534899999],[3.349976950975531,6.526527324576421],[3.3496892470611783,6.52576163099451],[3.3496407996831863,6.524919181175336],[3.349525665776923,6.524536312800647],[3.349056253843116,6.524010086196598],[3.3486154997056015,6.523397675762168],[3.348417229771371,6.5231996531415435],[3.348211052098406,6.52349145796444],[3.3480389839120335,6.523831443066683],[3.3477665100164704,6.524324675343565],[3.3471444129843344,6.524483070237523],[3.3469859245608404,6.523693350367864],[3.3468279109793566,6.523592934766157],[3.3461528016105713,6.5232200263831706],[3.345817538848394,6.522885177309149],[3.345606878055037,6.522784796780969],[3.3450995318179935,6.522770784444218],[3.3442092722401644,6.522728311262597],[3.343778345894009,6.522479689186355],[3.343315883920979,6.522309593213208],[3.343189732420285,6.522608377674544],[3.341937673784685,6.522620717272331],[3.34151275401041,6.522758865729144],[3.3373085646385903,6.52276169499629],[3.3368491747496596,6.52288837529835],[3.336079548432451,6.52287739997206],[3.335329352867405,6.52287798003482],[3.335440262658039,6.523985081446426],[3.3357929731672016,6.527505805848306],[3.3360690569414833,6.530013927800552],[3.3362621953440907,6.531618135768384],[3.3378479851963903,6.531594256969413],[3.3394943542811006,6.5314303968953595],[3.3405185058244338,6.531266953207363],[3.341198143279712,6.531247346188138],[3.3419256039834973,6.531170262597583],[3.3426338021083093,6.530920866205064],[3.3432630784283788,6.530641987337902]]]}},{"type":"Feature","properties":{"name":"Owodunni","label":"Owodunni","lga":"Mushin","people":4459,"walk":4.15,"walk_clinic":5.4,"walk_school":2.9,"f15":100.0,"f15_health":100.0,"f15_school":100.0,"beyond":0,"clinics":1,"schools":10,"off_pct":0.0,"hexes":9,"gini":0.17,"share":0.19,"rank":1.0,"of":128,"reading":"Most people here already finish inside 15 minutes. Clinics and schools are about even. That is 29 points above the city as a whole.","places":"Owodunni","place_n":1},"geometry":{"type":"Polygon","coordinates":[[[3.3672136118187836,6.539281683403033],[3.367244006205965,6.537732874572556],[3.3672598585556552,6.536674204351073],[3.367269573931765,6.536199969353162],[3.366975747432832,6.536316270579449],[3.366324789357577,6.536288023773351],[3.3658222302117906,6.536293176888649],[3.365195186009089,6.536240976639817],[3.3649606302289494,6.536202852579606],[3.3645345719129978,6.536097851334829],[3.36380697091505,6.535983494442746],[3.363529321421083,6.535921466402613],[3.3632036966932906,6.535706292811199],[3.362648258310514,6.5353907629734085],[3.3622125880405633,6.535228324727426],[3.361815239681619,6.535108939725831],[3.3619251557213947,6.5348743057047045],[3.3619823606974255,6.534553547208474],[3.3619344430201745,6.534476992419286],[3.361809972352375,6.534438787420127],[3.361216320876565,6.534228593374905],[3.360867851570162,6.534076993758276],[3.3598727148539638,6.536538817712312],[3.363190632241924,6.537885315954611],[3.363880054321101,6.538149051137852],[3.363662233125581,6.538752348741922],[3.3637427098582298,6.538844198301148],[3.3647482220528673,6.539371935766269],[3.3654548193844676,6.539555237384319],[3.3661611810936733,6.539416863197744],[3.3668302011529367,6.539285446166445],[3.3672136118187836,6.539281683403033]]]}},{"type":"Feature","properties":{"name":"Ilupeju Industrial","label":"Ilupeju Industrial","lga":"Mushin","people":22864,"walk":6.64,"walk_clinic":6.28,"walk_school":6.99,"f15":100.0,"f15_health":100.0,"f15_school":100.0,"beyond":0,"clinics":15,"schools":12,"off_pct":0.0,"hexes":26,"gini":0.18,"share":0.98,"rank":1.0,"of":128,"reading":"Most people here already finish inside 15 minutes. Clinics and schools are about even. That is 29 points above the city as a whole.","places":"Illupeju, Kappa Mushin, Onipanu, Town Planning Way","place_n":4},"geometry":{"type":"Polygon","coordinates":[[[3.3669259150989315,6.558478963433459],[3.3668645489598252,6.556946960234085],[3.366892155448682,6.55542472996734],[3.3669542068711844,6.553005743420384],[3.366994156555108,6.550909084686565],[3.3670059142915534,6.549530470754689],[3.3670461121883477,6.547772081216634],[3.3670565596125925,6.546955270169633],[3.3669460886910656,6.546862729931092],[3.366796023317874,6.546741010289452],[3.366528285252229,6.546716314006744],[3.3662554363393724,6.546683004916816],[3.3656427758934346,6.546683450980537],[3.363719254639932,6.547532116014395],[3.362628285267192,6.547992440298911],[3.362565884907724,6.547748356201736],[3.3625604152310298,6.546800568791241],[3.3624741351732723,6.546628304552654],[3.3618947937098365,6.546370234199004],[3.361004259838751,6.5460042029316705],[3.359196357226154,6.545224288370262],[3.3564845568168953,6.54411567429895],[3.355135959556947,6.547435614262213],[3.351942905840474,6.5555113922370065],[3.352117000199428,6.555618818054087],[3.3539885388400426,6.556652695765365],[3.3560473603974406,6.557532015989806],[3.3572539358205518,6.558057709295894],[3.3582592546609358,6.558267611960787],[3.35997286155839,6.558314254399362],[3.364070168303669,6.558378312209413],[3.3662911457198565,6.5584245643422046],[3.3668617457730075,6.558483755021315],[3.3669259150989315,6.558478963433459]]]}},{"type":"Feature","properties":{"name":"Onitire","label":"Onitire","lga":"Mushin","people":19276,"walk":5.45,"walk_clinic":5.95,"walk_school":4.94,"f15":100.0,"f15_health":100.0,"f15_school":100.0,"beyond":0,"clinics":11,"schools":14,"off_pct":0.0,"hexes":20,"gini":0.21,"share":0.83,"rank":1.0,"of":128,"reading":"Most people here already finish inside 15 minutes. Clinics and schools are about even. That is 29 points above the city as a whole.","places":"Afolabi Street, Irokosu Street, Itire Mushin, Itire Surulere, Lawanson, Mechanic Villiage, Odo Shimowu, Olaideawoye and 4 others","place_n":12},"geometry":{"type":"Polygon","coordinates":[[[3.3472205486893927,6.514447278319267],[3.347960599901796,6.513228997320425],[3.3482246336599815,6.512999046069183],[3.3486041817376417,6.512766388757881],[3.348614369257803,6.512583251715739],[3.347705187944143,6.5122835724289985],[3.345763628988322,6.511813879007376],[3.344155427131284,6.5117000931848],[3.342784395383603,6.51170869969678],[3.341997536257338,6.51166902430606],[3.3408831296527524,6.511365334042979],[3.3399526433998403,6.511256820945563],[3.3388786352408597,6.511240310292123],[3.338183660747404,6.511189077713821],[3.3376616456684474,6.51110977999241],[3.3376154699780045,6.510765157985702],[3.337511752965099,6.510259736297827],[3.3374541585826027,6.510018518340019],[3.3373046876612302,6.509800337415698],[3.3367875550017057,6.509444541332583],[3.33660363285145,6.509237871730419],[3.336316285068562,6.5089623410392505],[3.3361653140780168,6.508790602904072],[3.336082018870116,6.508852264920164],[3.3359251456290053,6.509017036906754],[3.3357529704233007,6.509200966251626],[3.3356917643635033,6.5092852552103855],[3.335577079218865,6.509557224586273],[3.335377720205656,6.510128907423168],[3.3351770194039427,6.510602938275042],[3.334808884622362,6.511196750729538],[3.334493462703165,6.511891053429394],[3.3342928167601262,6.51245124742718],[3.334216427446222,6.5127337217838885],[3.334197506609712,6.5130735998668],[3.334197826768332,6.51355707180147],[3.334284581668157,6.514471301909111],[3.3345204207808483,6.516462474663514],[3.3344010016049874,6.516816779670705],[3.3343692888116716,6.517007603218358],[3.334574863938883,6.517668925080898],[3.334768986199776,6.518293404417134],[3.334896991203209,6.518858166970859],[3.334995383330352,6.519674206399543],[3.3351351649559438,6.52101513693907],[3.3357644889400717,6.521128815742315],[3.3362621800555985,6.521021258624216],[3.3366832723152124,6.520883117362018],[3.3364366467338873,6.5185243242382285],[3.3382516009306755,6.518592041389637],[3.340120216774608,6.518743963862903],[3.3403117103172235,6.518812764697371],[3.3409625748629987,6.518735736864812],[3.343635234078818,6.518841149099783],[3.3447298502024974,6.518174074274157],[3.344530557739119,6.517898487824994],[3.344384610361544,6.517239917887934],[3.3443077713865823,6.516857023432918],[3.3448667072328253,6.516734097800395],[3.3453260341692044,6.516526992926459],[3.345080618176041,6.515991033859166],[3.345271905773871,6.5157611347685815],[3.346021938561648,6.515132587798745],[3.3472205486893927,6.514447278319267]]]}},{"type":"Feature","properties":{"name":"Ojuwoye","label":"Ojuwoye","lga":"Mushin","people":6637,"walk":4.21,"walk_clinic":4.36,"walk_school":4.07,"f15":100.0,"f15_health":100.0,"f15_school":100.0,"beyond":0,"clinics":8,"schools":6,"off_pct":0.0,"hexes":8,"gini":0.12,"share":0.29,"rank":1.0,"of":128,"reading":"Most people here already finish inside 15 minutes. Clinics and schools are about even. That is 29 points above the city as a whole.","places":"Kumuyi Street, Odi Olowo Mushin","place_n":2},"geometry":{"type":"Polygon","coordinates":[[[3.3553632443183123,6.539406682872141],[3.3554264576649193,6.539390831421768],[3.3556847636409657,6.539169496575026],[3.3561095790938684,6.538870498075084],[3.3562904273613863,6.538764101981769],[3.3564627086871037,6.5387266434199205],[3.3566723559445104,6.538735109637629],[3.3571233605546804,6.538921477044597],[3.357318701396991,6.5390017568256535],[3.3575939811773305,6.538421397329669],[3.358090043620677,6.537355495659653],[3.358889869172174,6.535384665569893],[3.359150748108561,6.5347497460040245],[3.3591697103139495,6.534677471088457],[3.3590266200824885,6.534655214666486],[3.3587728439916305,6.534511790786553],[3.3585909066450768,6.534430545133602],[3.3584472696258563,6.534363631076758],[3.358136111392469,6.53429205043784],[3.3578967109644964,6.534172550322978],[3.3576333867714534,6.534062639679121],[3.35642691027374,6.533594386072081],[3.3559720952360412,6.533427167929518],[3.3549331723280607,6.533001874037324],[3.353855952690139,6.532567030244308],[3.353530399008776,6.532442800594823],[3.3531043299009293,6.532313854900509],[3.352874554916809,6.532266147664644],[3.3527691831513384,6.532160910797416],[3.352773978336472,6.532144045811095],[3.3526961977713654,6.532373337859327],[3.352461272369851,6.5331719466281015],[3.352349545994798,6.533562631010683],[3.3523182118160553,6.53392741042171],[3.352306868667085,6.53413420862688],[3.3523386821844956,6.53445299041323],[3.3524567469813182,6.534912443254712],[3.35255742158779,6.53514501333177],[3.3528219229933716,6.535569898931725],[3.3533624047512376,6.536405300764045],[3.3541846656898433,6.5377258886388745],[3.3544635328657932,6.538156507416945],[3.354868894184165,6.53877659536363],[3.3553230913876186,6.539416752581133],[3.3553632443183123,6.539406682872141]]]}},{"type":"Feature","properties":{"name":"Moshalashi\u2013Agoro","label":"Moshalashi\u2013Agoro","lga":"Mushin","people":12177,"walk":5.18,"walk_clinic":5.41,"walk_school":4.94,"f15":100.0,"f15_health":100.0,"f15_school":100.0,"beyond":0,"clinics":7,"schools":5,"off_pct":0.0,"hexes":12,"gini":0.13,"share":0.52,"rank":1.0,"of":128,"reading":"Most people here already finish inside 15 minutes. Clinics and schools are about even. That is 29 points above the city as a whole.","places":"Kelani Off Moshalashi","place_n":1},"geometry":{"type":"Polygon","coordinates":[[[3.3548414333855026,6.527040089228762],[3.354541766689237,6.5268073239988675],[3.3542141553590454,6.5264743895814386],[3.3535821208182597,6.5261129493532035],[3.3531341307356115,6.526113263216586],[3.35280088605208,6.525935425879256],[3.35235260728706,6.525522156822147],[3.352203434041314,6.525746284963132],[3.351830531054191,6.526349686888579],[3.3516696378435427,6.5262406602782885],[3.351657854026769,6.525815596612516],[3.3515829009301683,6.525402065852689],[3.351485045698326,6.525091948134957],[3.3513756116951754,6.524649720008597],[3.35115132617284,6.524230548700927],[3.3510821251400107,6.523828503182926],[3.3510761140714753,6.5234436464072],[3.35097109663883,6.522928878065329],[3.3509135229408002,6.5227278705947915],[3.3510109420014373,6.522411872210169],[3.351596554437492,6.5221012769524105],[3.351923727797839,6.521813839237325],[3.352055429914231,6.52124507020386],[3.351923082983945,6.520889022310598],[3.351721812012045,6.520527278111444],[3.351710040785804,6.520119447254728],[3.3515720146368153,6.519855310074547],[3.351445541178805,6.5196830719162895],[3.3512385514180774,6.519355796033211],[3.350985902177683,6.519442135446241],[3.3498087597665176,6.5198048383226705],[3.349687699327888,6.519155826380314],[3.3490042640356132,6.519196509011749],[3.3486136309143717,6.519076150044326],[3.3485955356554764,6.517823925933499],[3.3485723799114457,6.517559707814315],[3.348123396077938,6.5161067334390745],[3.3478702809887295,6.515515253825924],[3.347674710819319,6.515084572994681],[3.3475022127569782,6.514797480619278],[3.3472205486893927,6.514447278319267],[3.346021938561648,6.515132587798745],[3.345271905773871,6.5157611347685815],[3.345080618176041,6.515991033859166],[3.3453260341692044,6.516526992926459],[3.3448667072328253,6.516734097800395],[3.3443077713865823,6.516857023432918],[3.344384610361544,6.517239917887934],[3.344530557739119,6.517898487824994],[3.3447298502024974,6.518174074274157],[3.3455494455505463,6.519177793220649],[3.346239242646959,6.520038950737046],[3.346718246749731,6.520603468675178],[3.3471876928578013,6.521187141273572],[3.3474465492189442,6.521770956864202],[3.3477533061702047,6.5224121815769545],[3.3481173931032795,6.522900188792731],[3.348417229771371,6.5231996531415435],[3.3486154997056015,6.523397675762168],[3.349056253843116,6.524010086196598],[3.349525665776923,6.524536312800647],[3.3496407996831863,6.524919181175336],[3.3496892470611783,6.52576163099451],[3.349976950975531,6.526527324576421],[3.3503028598890974,6.527168534899999],[3.350925661989777,6.528020157804065],[3.3520837495654514,6.5277608607751745],[3.3523038226633166,6.527626675630644],[3.3530792262253613,6.527674001553976],[3.3539727296578126,6.5281014232421635],[3.3540011122615847,6.527990713100961],[3.354149875416453,6.527727652409283],[3.3543334801060496,6.5274632903986],[3.3545821858192535,6.527210369562965],[3.3548414333855026,6.527040089228762]]]}},{"type":"Feature","properties":{"name":"Idi-Oro\u2013Odi Olowo","label":"Idi\u2011Oro\u2013Odi Olowo","lga":"Mushin","people":6774,"walk":4.29,"walk_clinic":5.54,"walk_school":3.04,"f15":100.0,"f15_health":100.0,"f15_school":100.0,"beyond":0,"clinics":1,"schools":5,"off_pct":0.0,"hexes":7,"gini":0.12,"share":0.29,"rank":1.0,"of":128,"reading":"Most people here already finish inside 15 minutes. Clinics and schools are about even. That is 29 points above the city as a whole.","places":"Ashaoku, Adedoja, Agege Motor, Aileru, Akala, Akamo, Akinbiyi, Alhaji Street and 19 others","place_n":27},"geometry":{"type":"Polygon","coordinates":[[[3.362174489161418,6.530698425192212],[3.3634957839033746,6.52752832667096],[3.363782432913013,6.526800522426242],[3.3640212586742,6.526130192954097],[3.36396858718058,6.5260967237848035],[3.363532951984211,6.525972579570919],[3.3632887590690075,6.525838725376901],[3.3627474940016664,6.525250334935038],[3.362077502674652,6.524468647809895],[3.3618744141729167,6.5242543438629355],[3.360699795259393,6.525136839593528],[3.3593507987004614,6.526138251778946],[3.3588244183122815,6.526282232339212],[3.3579342540626276,6.526383388082933],[3.357527445735059,6.526412398413527],[3.357101695886626,6.526480655158139],[3.357077593156476,6.526484520444286],[3.3570777739201954,6.526484721892473],[3.357159023170425,6.5265754122255535],[3.357192581372601,6.526651976907259],[3.357619328569229,6.527743073084422],[3.3579116792806194,6.528293351157288],[3.3586921010596598,6.528666168708753],[3.3594390608640197,6.529096452039654],[3.3602530768180823,6.529593700688792],[3.3610929500796374,6.530103376169904],[3.3611231484146065,6.530121380597278],[3.3621578678913124,6.530738302031066],[3.362174489161418,6.530698425192212]]]}},{"type":"Feature","properties":{"name":"Olateju","label":"Olateju","lga":"Mushin","people":3129,"walk":5.35,"walk_clinic":6.21,"walk_school":4.49,"f15":100.0,"f15_health":100.0,"f15_school":100.0,"beyond":0,"clinics":1,"schools":2,"off_pct":0.0,"hexes":6,"gini":0.08,"share":0.13,"rank":1.0,"of":128,"reading":"Most people here already finish inside 15 minutes. Clinics and schools are about even. That is 29 points above the city as a whole.","places":"Jidanu","place_n":1},"geometry":{"type":"Polygon","coordinates":[[[3.3598727148539638,6.536538817712312],[3.360867851570162,6.534076993758276],[3.360970694442017,6.533822575551482],[3.3611656422806386,6.533359071264158],[3.361662406195137,6.531953301403801],[3.362044641447085,6.531026296426489],[3.362174489161418,6.530698425192212],[3.3621578678913124,6.530738302031066],[3.3611231484146065,6.530121380597278],[3.3601115226286984,6.5324381367107085],[3.359958626189723,6.532806832669223],[3.359179798009336,6.534679040405421],[3.3591697103139495,6.534677471088457],[3.359150748108561,6.5347497460040245],[3.358889869172174,6.535384665569893],[3.358090043620677,6.537355495659653],[3.3575939811773305,6.538421397329669],[3.357318701396991,6.5390017568256535],[3.3586429009491776,6.5395569487942],[3.3589869303026494,6.538733367650821],[3.3595755635614637,6.537273921754149],[3.3598727148539638,6.536538817712312]]]}},{"type":"Feature","properties":{"name":"Oduselu\u2013Ola","label":"Oduselu\u2013Ola","lga":"Mushin","people":11821,"walk":4.57,"walk_clinic":5.49,"walk_school":3.65,"f15":100.0,"f15_health":100.0,"f15_school":100.0,"beyond":0,"clinics":6,"schools":10,"off_pct":0.0,"hexes":13,"gini":0.12,"share":0.51,"rank":1.0,"of":128,"reading":"Most people here already finish inside 15 minutes. Clinics and schools are about even. That is 29 points above the city as a whole.","places":"Ola","place_n":1},"geometry":{"type":"Polygon","coordinates":[[[3.3361653140780168,6.508790602904072],[3.3359024566331072,6.508491590014898],[3.3355921149841947,6.508181608094787],[3.3351438892790957,6.507802786669345],[3.33476459840756,6.5074468970566945],[3.334454181215562,6.507022030342455],[3.334143719057409,6.5065282332913625],[3.333925127142948,6.505999908568981],[3.333764088242105,6.5056553621052995],[3.333580131018266,6.505391250106128],[3.3333157150482857,6.505046771091656],[3.332338761724543,6.504128339351438],[3.3321035188623678,6.503893931060134],[3.331944084352074,6.503730126744016],[3.331637084583861,6.503928088210728],[3.3312151091899973,6.504158133890825],[3.3308218923165214,6.50445421858734],[3.3302393861388286,6.505115185217675],[3.329315386695782,6.506132515403293],[3.3289481746186307,6.506678455146641],[3.328669890203344,6.507083604224989],[3.3285150215510266,6.507391020379316],[3.3286155891381664,6.507482861844665],[3.3288089856462193,6.507544966327202],[3.3279081419472614,6.511803934304168],[3.327802630786835,6.511979335378101],[3.328547472687774,6.5123379157622585],[3.3297687376371528,6.512925851147144],[3.3302150990476203,6.513147134732549],[3.3307412114377826,6.513407954313664],[3.3311316242251223,6.513601501008509],[3.3321467133002334,6.51426141902931],[3.3326255807060075,6.514650435169471],[3.333146014776787,6.515170262197898],[3.3334027694223205,6.515510383097761],[3.333586267991905,6.515753462652242],[3.333752789159917,6.5159740519609946],[3.3343692888116716,6.517007603218358],[3.3344010016049874,6.516816779670705],[3.3345204207808483,6.516462474663514],[3.334284581668157,6.514471301909111],[3.334197826768332,6.51355707180147],[3.334197506609712,6.5130735998668],[3.334216427446222,6.5127337217838885],[3.3342928167601262,6.51245124742718],[3.334493462703165,6.511891053429394],[3.334808884622362,6.511196750729538],[3.3351770194039427,6.510602938275042],[3.335377720205656,6.510128907423168],[3.335577079218865,6.509557224586273],[3.3356917643635033,6.5092852552103855],[3.3357529704233007,6.509200966251626],[3.3359251456290053,6.509017036906754],[3.336082018870116,6.508852264920164],[3.3361653140780168,6.508790602904072]]]}},{"type":"Feature","properties":{"name":"Mushin\u2013Atewolara","label":"Mushin\u2013Atewolara","lga":"Mushin","people":22956,"walk":5.5,"walk_clinic":6.05,"walk_school":4.96,"f15":93.25,"f15_health":93.23,"f15_school":96.46,"beyond":1549,"clinics":12,"schools":18,"off_pct":0.0,"hexes":28,"gini":0.33,"share":0.99,"rank":102.0,"of":128,"reading":"Most people here already finish inside 15 minutes. Clinics and schools are about even. That is 23 points above the city as a whole.","places":"Ladipo, Olorunshogo Mushin","place_n":2},"geometry":{"type":"Polygon","coordinates":[[[3.3564845568168953,6.54411567429895],[3.3567828187721034,6.543541042585104],[3.3570350228480943,6.542813266219299],[3.3570346163544973,6.5422388458461],[3.3569423692949276,6.541748739612672],[3.3566663107017125,6.541235787901315],[3.3559381179498478,6.540294255275682],[3.3555241717032227,6.5397201280815125],[3.3553632443183123,6.539406682872141],[3.3553230913876186,6.539416752581133],[3.354868894184165,6.53877659536363],[3.3544635328657932,6.538156507416945],[3.3541846656898433,6.5377258886388745],[3.3533624047512376,6.536405300764045],[3.3528219229933716,6.535569898931725],[3.35255742158779,6.53514501333177],[3.3524567469813182,6.534912443254712],[3.3523386821844956,6.53445299041323],[3.352306868667085,6.53413420862688],[3.3523182118160553,6.53392741042171],[3.352349545994798,6.533562631010683],[3.352461272369851,6.5331719466281015],[3.3526961977713654,6.532373337859327],[3.352773978336472,6.532144045811095],[3.3530890747010735,6.531035780676802],[3.3538722367143805,6.528493422433541],[3.3539727296578126,6.5281014232421635],[3.3530792262253613,6.527674001553976],[3.3523038226633166,6.527626675630644],[3.3520837495654514,6.5277608607751745],[3.350925661989777,6.528020157804065],[3.3505769678528172,6.5279954300451095],[3.350002719250142,6.5281394339877465],[3.3491509488572433,6.52839851428007],[3.348576679570158,6.528513795675168],[3.3475428522208976,6.528514509736907],[3.346930219653984,6.528524505701397],[3.346604800870921,6.5285917462121565],[3.3459445366111145,6.52893685205413],[3.345179255818038,6.529693697206427],[3.3446242859820354,6.530038730203271],[3.3432630784283788,6.530641987337902],[3.3432989523847714,6.530713621936173],[3.344197097218284,6.532467863800946],[3.344779612389232,6.533202724126453],[3.34553052201602,6.533814925018816],[3.346204684398742,6.534182091230547],[3.348073930667397,6.5351611462699575],[3.344982983278101,6.539421645792347],[3.3455805818783806,6.539804182317198],[3.346607365737384,6.540661276696597],[3.355135959556947,6.547435614262213],[3.3564845568168953,6.54411567429895]]]}},{"type":"Feature","properties":{"name":"Botanical Garden","label":"Botanical Garden","lga":"Lagos Mainland","people":15721,"walk":6.8,"walk_clinic":8.01,"walk_school":5.58,"f15":90.39,"f15_health":89.94,"f15_school":98.4,"beyond":1511,"clinics":5,"schools":19,"off_pct":0.0,"hexes":28,"gini":0.36,"share":0.68,"rank":103.0,"of":128,"reading":"Most people here already finish inside 15 minutes. Clinics are the weaker of the two services. That is 20 points above the city as a whole.","places":"Ebute Metta, Oloto, Otumara, Raimi Oladimeji","place_n":4},"geometry":{"type":"Polygon","coordinates":[[[3.374218915970231,6.482378233868472],[3.3748148391335917,6.481713460407945],[3.3760093141785315,6.481635987410924],[3.3784290039953935,6.4816341878675425],[3.380097928976283,6.481158086776303],[3.381231590965171,6.481678044206431],[3.3829863427455966,6.482340815776069],[3.3831051252014395,6.4821805898623674],[3.3832388957584953,6.481874132385371],[3.383410590726214,6.481088963085198],[3.383438842928286,6.480476227096233],[3.3832468628525016,6.479748773587062],[3.3829208388257253,6.4789639802035595],[3.3824703801039964,6.478169706167079],[3.38222124811216,6.477806094975336],[3.3820585832370966,6.477873232963361],[3.3814558243269066,6.478199191339685],[3.3785361968880356,6.477770560962654],[3.37839257515725,6.477703652301784],[3.377913145675165,6.476555170384869],[3.3774340822171776,6.475894942997285],[3.376112818052149,6.475350223633939],[3.3755957762241455,6.475101690590578],[3.376064272648137,6.474421614266134],[3.3763318911039164,6.47390443843915],[3.376618404315934,6.4730550413571],[3.3766985905675715,6.4727677718152545],[3.3769105481832757,6.472055334286323],[3.377088259615561,6.471630131225651],[3.3775065136147755,6.470320142760444],[3.377718469431841,6.469607704332132],[3.377762054175492,6.469418166814989],[3.3760739601452197,6.46981002391351],[3.374150070169662,6.46974251270683],[3.372323610046635,6.4694049458815925],[3.3720313438714693,6.470249557671024],[3.371297620288999,6.472105473288991],[3.3705179719269154,6.473995885102057],[3.369610996650238,6.474542244828796],[3.36889337003305,6.474858698270338],[3.3677162887757395,6.475146761014231],[3.366877847234889,6.47517034483559],[3.3655573753726453,6.475711252872087],[3.3644953263982416,6.4762462271816625],[3.3644602267581267,6.476264005879215],[3.366272328305342,6.480551709893517],[3.366348969429453,6.480647390564684],[3.368290469029944,6.481182112164788],[3.36907100772089,6.480492240424609],[3.369898927193788,6.481778339298955],[3.371154783666384,6.481869329106303],[3.371002086876842,6.482482155926789],[3.3713093186701717,6.483768631617124],[3.3727637868193487,6.483200804173804],[3.37414155358988,6.482464532812002],[3.374218915970231,6.482378233868472]]]}},{"type":"Feature","properties":{"name":"Abule Oja","label":"Abule Oja","lga":"Lagos Mainland","people":49635,"walk":10.33,"walk_clinic":12.88,"walk_school":7.78,"f15":88.27,"f15_health":57.89,"f15_school":89.9,"beyond":5821,"clinics":6,"schools":27,"off_pct":42.16,"hexes":67,"gini":0.23,"share":2.13,"rank":106.0,"of":128,"reading":"Most people here already finish inside 15 minutes. Clinics are the weaker of the two services. That is 18 points above the city as a whole. Some of the long walks sit off the mapped street network.","places":"Ajayi Bembe, Areago Street, Unilag","place_n":3},"geometry":{"type":"Polygon","coordinates":[[[3.382045169848766,6.5240381198634045],[3.382182490929267,6.524031937923667],[3.3838456881280767,6.524030675275469],[3.384667316843263,6.5240320431443015],[3.385469003092055,6.524033425402309],[3.386079011437289,6.524036723216227],[3.3874310989660903,6.52402611211545],[3.388041314155373,6.523996921920455],[3.388852490050397,6.523890987179356],[3.389656498348757,6.523801810405303],[3.390202072068007,6.523736766038951],[3.3905131511610307,6.523707804271795],[3.3927027701167844,6.523636694877608],[3.3940165429291373,6.523597374719087],[3.395356617314064,6.523529311328728],[3.3960170758274444,6.523488105291846],[3.396179803655059,6.523485583592843],[3.3964933999504865,6.523614581447817],[3.3967398762443395,6.5236000268198495],[3.397082099759132,6.523616511392958],[3.3974649816236706,6.523601848846284],[3.3977664694470486,6.523548956119498],[3.3980320464418132,6.523479337801233],[3.3980584424431868,6.523570267353988],[3.3981152742006198,6.523636583361678],[3.3982092911259083,6.523677850552416],[3.398403335145872,6.523936185306751],[3.398542239932453,6.524070106050601],[3.398604455930922,6.524065270395964],[3.398647492088116,6.52401497491121],[3.398862835651414,6.523971722916713],[3.398927502302456,6.524038688234894],[3.399092659198914,6.524081638057226],[3.3993726757084914,6.524114923764785],[3.399848308252899,6.523963336738632],[3.4003201609467055,6.523885985150117],[3.401887260188971,6.51997174889715],[3.402865576884892,6.51761202857233],[3.4046409878912978,6.516124781933172],[3.405084522732579,6.515358537066902],[3.4042508098270337,6.5070110055535215],[3.4037596828630963,6.505709386179263],[3.3995395332229355,6.494974952332257],[3.3978670262422956,6.4909170466843875],[3.3971167362484493,6.491086131819599],[3.3898936028075464,6.492842442125039],[3.391653127290056,6.495621270805031],[3.392078630724257,6.496287267343575],[3.392147840750283,6.49666632888801],[3.3924007822703284,6.496982063771268],[3.3930215716882226,6.497670884204013],[3.3934931680752807,6.498520657202618],[3.393356242696484,6.499692577250699],[3.394723994616698,6.5008288598640425],[3.395034617753481,6.501460478018713],[3.395104495076452,6.502689677686531],[3.395197768262449,6.504458813223722],[3.3952099990422657,6.505412338308815],[3.395060457074465,6.506357371995192],[3.3951179480349083,6.506432002235157],[3.3952734543065053,6.5069948096627845],[3.39578508131649,6.50760903672773],[3.3959006738770654,6.508539504094869],[3.395728808937406,6.509091079889458],[3.395441935097267,6.509458932283962],[3.395252492908241,6.509568218798337],[3.3936276167211754,6.510161138226011],[3.392829515170036,6.510431736135786],[3.392065759627144,6.510558700623562],[3.391123763850658,6.5104273150685685],[3.3904343606572525,6.510152127918444],[3.3896243502836114,6.5098770315997845],[3.3889531062009155,6.510808106908656],[3.388723813253421,6.511376957780441],[3.3882933860309663,6.511790869852802],[3.3875984061415925,6.511733961653078],[3.3870128170879066,6.512027363671962],[3.386507799195612,6.5125389843866515],[3.385954442743412,6.5138868567930786],[3.383801869560671,6.515420280921262],[3.3836831644465524,6.516664945331],[3.383875245246429,6.517502492945766],[3.3819126466513585,6.517121035607374],[3.3809311508519495,6.5166670290602156],[3.380818081789073,6.516617962948658],[3.380577042796346,6.516921547991105],[3.380232572775071,6.517094134187005],[3.3802676823077604,6.517955735968484],[3.3794992385990095,6.5195072445637265],[3.3789718680573064,6.520863270223799],[3.3795693776247044,6.521127053071096],[3.378697763690866,6.522965849194635],[3.3789276717747048,6.523195443415035],[3.378870471295272,6.523505672648696],[3.3793414570426417,6.523539783933926],[3.379720703847454,6.523780753678863],[3.380915680714167,6.524239388137288],[3.3812026336946133,6.5239519612140935],[3.3820753106271586,6.523526231150698],[3.382045169848766,6.5240381198634045]]]}},{"type":"Feature","properties":{"name":"Okun Ajah\u2013Okunmopo","label":"Okun Ajah","lga":"Eti Osa","people":81235,"walk":38.86,"walk_clinic":43.05,"walk_school":34.67,"f15":12.3,"f15_health":1.5,"f15_school":31.6,"beyond":71242,"clinics":6,"schools":15,"off_pct":2.06,"hexes":307,"gini":0.31,"share":3.49,"rank":126.0,"of":128,"reading":"Almost nobody here is within a 15-minute walk of clinics and schools. Clinics are the weaker of the two services. That is 58 points below the city as a whole.","places":"Shakiru Akinlade, Lake Garden Phase 4, Lake Garden Phase 5, Mopo-Akinlade, Ogombo, Ogombo Ajah, Ogumbo, Okun Ajah and 4 others","place_n":12},"geometry":{"type":"Polygon","coordinates":[[[3.5605489488749527,6.421405047205212],[3.5601392860992296,6.422339917653119],[3.5597695721081095,6.424103170724778],[3.559428297378077,6.425112774834757],[3.5600966267579675,6.425326072440326],[3.560878714980788,6.425582027588575],[3.562130055957368,6.426051281241712],[3.5638364287082713,6.4263072372892225],[3.564332526225144,6.426421283015825],[3.5641768122101776,6.428095934879537],[3.565673168082298,6.42832601383452],[3.5701063293436737,6.429591468771319],[3.5745632470962505,6.430459577147815],[3.5757271883591106,6.430626760216852],[3.577890839390761,6.434683444585346],[3.5778172181900914,6.437287495421628],[3.5831467742042955,6.4379247712112715],[3.582311522558768,6.444022064067043],[3.5811189990426446,6.44567770606136],[3.580495662744681,6.449630314587409],[3.582501937814243,6.449857788206429],[3.581609633178062,6.459646644277256],[3.581474120634198,6.461668699750759],[3.585920645821205,6.4618591509790795],[3.586072767044584,6.4609782245654515],[3.5928872269640237,6.46097033301453],[3.600486262630966,6.460769957767411],[3.6127366800537857,6.4605447459433085],[3.6207918068964204,6.457662989855123],[3.629117480387435,6.456944347004083],[3.6405834596590125,6.4571406681074],[3.6472995868065254,6.4551600821720845],[3.6484098079662886,6.455177816802858],[3.649730533437435,6.455156986705616],[3.651108616769307,6.455334726916132],[3.6524564271224444,6.454886981449078],[3.649282491194072,6.45085136819614],[3.6456028835662555,6.447294779730329],[3.642478942749051,6.444158684575654],[3.630498591736682,6.430177440036856],[3.6289801458171396,6.425009716125543],[3.628235537739897,6.421851465272938],[3.627821542929894,6.421898283978691],[3.616250207181337,6.4217301871984205],[3.6030242159948207,6.421650198797692],[3.5962294341410943,6.421658155099805],[3.5887644694047935,6.421437030694449],[3.576093449852863,6.4213174145670555],[3.5709062547199433,6.4211700480593095],[3.5630392642506763,6.420891555001332],[3.56001488198126,6.420703402440097],[3.5605489488749527,6.421405047205212]]]}},{"type":"Feature","properties":{"name":"Sangotedo","label":"Sangotedo","lga":"Eti Osa","people":153143,"walk":19.33,"walk_clinic":25.12,"walk_school":13.53,"f15":26.22,"f15_health":15.35,"f15_school":62.52,"beyond":112995,"clinics":14,"schools":43,"off_pct":4.74,"hexes":310,"gini":0.2,"share":6.58,"rank":124.0,"of":128,"reading":"Most people here walk longer than 15 minutes. Clinics are the weaker of the two services. That is 44 points below the city as a whole.","places":"Alasia, Amity Estate, Crown Estate, Hi Tech, Majek Firstgate Abijo, Monasry, Ogunlana Avenue, Okooba Eleragbe Extension and 5 others","place_n":14},"geometry":{"type":"Polygon","coordinates":[[[3.6524564271224444,6.454886981449078],[3.651108616769307,6.455334726916132],[3.649730533437435,6.455156986705616],[3.6484098079662886,6.455177816802858],[3.6472995868065254,6.4551600821720845],[3.6405834596590125,6.4571406681074],[3.629117480387435,6.456944347004083],[3.6207918068964204,6.457662989855123],[3.6127366800537857,6.4605447459433085],[3.600486262630966,6.460769957767411],[3.5928872269640237,6.46097033301453],[3.586072767044584,6.4609782245654515],[3.585920645821205,6.4618591509790795],[3.581474120634198,6.461668699750759],[3.5801768611732427,6.4655148546268615],[3.5791094270584836,6.46948328492573],[3.5817589206377534,6.469679386594465],[3.581823488363341,6.472574305160095],[3.5821452172280606,6.472696476261432],[3.5820698756243132,6.47376878110441],[3.5817332530872354,6.474014244761633],[3.5824559509813976,6.476586742883909],[3.582565222207279,6.478394071729099],[3.5826895957483207,6.480017574651413],[3.581650315809497,6.481826222801997],[3.581360225993706,6.482592426299505],[3.581437358147582,6.48308249476139],[3.5849278797178954,6.482150756652174],[3.590919674903148,6.482296987316148],[3.60012740975219,6.482439353593349],[3.6098137880758836,6.4826575641952795],[3.6139687017941933,6.483475859123644],[3.617395227607745,6.483378254802687],[3.6174058602922514,6.4846165358245],[3.618672422294481,6.485619475958119],[3.6188380549323256,6.486287397045772],[3.618968568144964,6.488604038945311],[3.6202096631454883,6.488227313839501],[3.6215246653310946,6.487419734333342],[3.624985818640653,6.486720353161842],[3.630620325767495,6.485855609149098],[3.632104190056396,6.484960174872241],[3.639943676559483,6.480210634812975],[3.642959591711815,6.482231418645085],[3.644360557393838,6.485044183242507],[3.6449374841776034,6.487130423330428],[3.646528508983579,6.488851585432371],[3.6484634291439875,6.490036197612482],[3.6515289787793677,6.492157529246639],[3.654317411319539,6.493403397848566],[3.656900809225021,6.492729927044535],[3.65905485999383,6.493110057882915],[3.6614397343562914,6.4924632276958505],[3.664185690117563,6.492686878296865],[3.665477003261117,6.492141579770133],[3.667007243789328,6.491511750367011],[3.6700297123014147,6.488725090390631],[3.6734415926554225,6.482332138217657],[3.6738035751749294,6.478150074866107],[3.6734458590391914,6.473999601100786],[3.665655201226628,6.467893252071973],[3.6524564271224444,6.454886981449078]]]}},{"type":"Feature","properties":{"name":"Epetedo East","label":"Epetedo East","lga":"Lagos Island","people":2142,"walk":2.41,"walk_clinic":2.86,"walk_school":1.96,"f15":100.0,"f15_health":100.0,"f15_school":100.0,"beyond":0,"clinics":5,"schools":13,"off_pct":0.0,"hexes":6,"gini":0.12,"share":0.09,"rank":1.0,"of":128,"reading":"Most people here already finish inside 15 minutes. Clinics and schools are about even. That is 29 points above the city as a whole.","places":"Ebute Elefun, Olowu","place_n":2},"geometry":{"type":"Polygon","coordinates":[[[3.3992930002717685,6.451415481439368],[3.39932715562378,6.4517465425689124],[3.3993312826126503,6.45192405075437],[3.399309414697768,6.452007837891472],[3.399229764442111,6.4521455222980535],[3.3992019412166883,6.452263220171517],[3.3991642029656646,6.45245073331472],[3.3991743320298724,6.452654165357501],[3.39916060387884,6.45294736862621],[3.3991588466035414,6.453250536383224],[3.3991732807223802,6.453858850405652],[3.39917977832414,6.454517033634261],[3.3991820329245,6.454850114641146],[3.39926819157381,6.455384576337167],[3.3993223532440315,6.455797398431228],[3.3993624737991586,6.456106515203543],[3.399369503799619,6.456221043866149],[3.3996294564342975,6.456211403133807],[3.4006159110954854,6.456208074742903],[3.4015248801691205,6.45625554725575],[3.402186888214373,6.456266992028133],[3.402214268074033,6.455588836655521],[3.4022136556357627,6.455066076937952],[3.4024696260724454,6.454996465814304],[3.4026945024493784,6.454941239346794],[3.4032087159095563,6.454651229570628],[3.4032660818642166,6.454574594741815],[3.4030265303501324,6.454225346622479],[3.402849262283667,6.453966999277667],[3.4026118727397825,6.4533257520818665],[3.4025053777210705,6.453051392307942],[3.402211154621113,6.452147712147222],[3.4020264833355895,6.451602160011701],[3.4018872988597764,6.451087685748121],[3.4007556333658613,6.45121542814951],[3.39980100391324,6.45131191371388],[3.3994311514265405,6.451343850438375],[3.3992930002717685,6.451415481439368]]]}},{"type":"Feature","properties":{"name":"Okepopo West","label":"Okepopo West","lga":"Lagos Island","people":2752,"walk":2.22,"walk_clinic":2.88,"walk_school":1.56,"f15":100.0,"f15_health":100.0,"f15_school":100.0,"beyond":0,"clinics":3,"schools":8,"off_pct":0.0,"hexes":6,"gini":0.04,"share":0.12,"rank":1.0,"of":128,"reading":"Most people here already finish inside 15 minutes. Clinics and schools are about even. That is 29 points above the city as a whole.","places":"Agarawu, Banana Island","place_n":2},"geometry":{"type":"Polygon","coordinates":[[[3.394614021919608,6.455958539854803],[3.394733840394451,6.455984667858162],[3.395068847749144,6.456011534205004],[3.3955536497811636,6.455978819566894],[3.3961980203224016,6.455873008932257],[3.3966191008908595,6.455815239182017],[3.3965103458758104,6.455451524568275],[3.3963029514201257,6.455422965697381],[3.3957413355942094,6.455276606430289],[3.3951669197176098,6.455079197147255],[3.3950902399226948,6.4549356509595555],[3.395239827755916,6.454472808573313],[3.395239612817931,6.4541951725692],[3.3952903255881206,6.453767509862757],[3.395401784864532,6.4535057441947865],[3.3954430592498284,6.453247223280754],[3.3954428587010166,6.452988734742347],[3.395307302090373,6.452995794420417],[3.394780886628666,6.452983436836177],[3.3944140621592847,6.453066693373274],[3.3938208099824583,6.453261815680323],[3.3935258089689455,6.453397670865855],[3.393052321307607,6.453757048049397],[3.392913957013548,6.453859572561271],[3.3928992719838793,6.453870455257346],[3.392453014894784,6.454378201692691],[3.3920801793568667,6.4549433347671075],[3.391821938132012,6.455277814219811],[3.3912560181507843,6.455756931637155],[3.3911265040849234,6.455878696244894],[3.3912946026638338,6.456147985641054],[3.3915388423437207,6.456378962119458],[3.391822632408605,6.456180889136761],[3.392132006387044,6.456062575227691],[3.3924829299432986,6.45604315796544],[3.3930348609700904,6.45604273168675],[3.393583609296172,6.456051882288591],[3.3937812263225733,6.455812388331084],[3.393860999785375,6.455831473743556],[3.3942502704337016,6.455891805662361],[3.394614021919608,6.455958539854803]]]}},{"type":"Feature","properties":{"name":"Epetedo West","label":"Epetedo West","lga":"Lagos Island","people":2781,"walk":2.3,"walk_clinic":2.83,"walk_school":1.77,"f15":100.0,"f15_health":100.0,"f15_school":100.0,"beyond":0,"clinics":8,"schools":10,"off_pct":0.0,"hexes":6,"gini":0.11,"share":0.12,"rank":1.0,"of":128,"reading":"Most people here already finish inside 15 minutes. Clinics and schools are about even. That is 29 points above the city as a whole.","places":"Banana Island","place_n":1},"geometry":{"type":"Polygon","coordinates":[[[3.39916060387884,6.45294736862621],[3.3991743320298724,6.452654165357501],[3.3991642029656646,6.45245073331472],[3.3992019412166883,6.452263220171517],[3.399229764442111,6.4521455222980535],[3.399309414697768,6.452007837891472],[3.3993312826126503,6.45192405075437],[3.39932715562378,6.4517465425689124],[3.3992930002717685,6.451415481439368],[3.398886361016821,6.451579348708037],[3.398746815912887,6.451619348753979],[3.3985653902805666,6.451649407694049],[3.3984693615718133,6.451242602963816],[3.398357448137745,6.45091957997471],[3.3983483685823903,6.450922061204209],[3.397354704056397,6.451193610596702],[3.3964615963256506,6.451427663655806],[3.3957518774472537,6.451593760343826],[3.3952913652044,6.451711792765081],[3.395295634286129,6.451738489139983],[3.3953835340229266,6.452288134989487],[3.3953850619710693,6.452300426023897],[3.3954276763462308,6.452643124380757],[3.3954428587010166,6.452988734742347],[3.395445528788173,6.452988694272846],[3.3958863099053356,6.452982007813433],[3.396757263736788,6.452971757340776],[3.397060320877131,6.4529396092755755],[3.397404826871309,6.452875516391998],[3.397433585391696,6.452932935406692],[3.3974529549899435,6.453226511894058],[3.3974661120714695,6.45373390579516],[3.3974343363256025,6.4538966830855315],[3.397437662917867,6.454072196574656],[3.3974561556771046,6.454330670723947],[3.3974979210922247,6.45470401078154],[3.3975619986873653,6.455051803797745],[3.3976356558608813,6.455409162003263],[3.3976739031281795,6.455565581986091],[3.3977557801052285,6.455725079448881],[3.3977698284148805,6.455840750250444],[3.3978628587839803,6.45649447733831],[3.398512241246976,6.456679059590953],[3.398485435154783,6.4570785150614824],[3.3984626553273074,6.4575268990471955],[3.3984103894279656,6.458005621662152],[3.3985292618160092,6.4588618922625765],[3.3986110686459483,6.4594410340765185],[3.3987212212074382,6.459547853750507],[3.3992732187840606,6.459255916727216],[3.3994685479352147,6.459152048628197],[3.399707737921801,6.459040169368392],[3.399984829836058,6.458948203796638],[3.400026699572549,6.458944182028404],[3.4000204573782757,6.458611102820215],[3.399940502252434,6.458361853017152],[3.3999085115685834,6.458252179794327],[3.3998823700753746,6.457970974380997],[3.399836235753753,6.457623965573589],[3.3997760216461184,6.457121395635965],[3.3997539648736392,6.456963847903295],[3.3994707971395997,6.456934152289363],[3.3994027175614296,6.456571204797285],[3.3993806760773855,6.4564336013297075],[3.3993745930630435,6.456303962258119],[3.399369503799619,6.456221043866149],[3.3993624737991586,6.456106515203543],[3.3993223532440315,6.455797398431228],[3.39926819157381,6.455384576337167],[3.3991820329245,6.454850114641146],[3.39917977832414,6.454517033634261],[3.3991732807223802,6.453858850405652],[3.3991588466035414,6.453250536383224],[3.39916060387884,6.45294736862621]]]}},{"type":"Feature","properties":{"name":"Anjorin","label":"Anjorin","lga":"Apapa","people":6575,"walk":12.48,"walk_clinic":12.44,"walk_school":12.52,"f15":71.81,"f15_health":71.81,"f15_school":71.82,"beyond":1854,"clinics":1,"schools":0,"off_pct":2.43,"hexes":67,"gini":0.26,"share":0.28,"rank":112.0,"of":128,"reading":"About half the people here can walk to clinics and schools in 15 minutes. Clinics and schools are about even.","places":"Wharf","place_n":1},"geometry":{"type":"Polygon","coordinates":[[[3.3725718723940186,6.455205864858839],[3.371989848252951,6.456089383118579],[3.3717809150572293,6.456583959881868],[3.3715971988517026,6.457125299592973],[3.3714801673758648,6.457693195384707],[3.371411001416618,6.458028820573644],[3.371443686377063,6.458086648779839],[3.371454856856189,6.458315653944341],[3.3716112507586904,6.458555829587908],[3.371963136589556,6.4587345662473],[3.3722144836115713,6.458829519366873],[3.3722926805627935,6.459164649029389],[3.3721977274432215,6.459304285864164],[3.3722200693007953,6.459594730912157],[3.372315023319743,6.460136523881544],[3.3725775408208847,6.460717414876853],[3.372689251008182,6.4614379436062555],[3.372566370341758,6.462130544788862],[3.372312455755264,6.4623621858662545],[3.3723429652557115,6.4627185808978425],[3.372247665897135,6.463283498134955],[3.372267340365511,6.464011082945149],[3.3718559517907924,6.464250726190128],[3.371406097413512,6.464241480260171],[3.371147628660197,6.464489134665882],[3.370941745065523,6.465036928811284],[3.3708229068517426,6.4651418320299845],[3.370918947251653,6.465591724178751],[3.371589026712286,6.465715693024833],[3.3730628482719,6.465503992615196],[3.374546406791296,6.465522051001925],[3.375953926732393,6.466258184767467],[3.377915768098262,6.46589293231301],[3.3788156513213043,6.466141177573321],[3.3790796643950216,6.466182673191839],[3.379361278100532,6.466226934225686],[3.381493660604008,6.46354471341783],[3.3805648237076866,6.462970989119924],[3.379912995988036,6.461650308614879],[3.379778493382786,6.460970680152797],[3.3797682429101314,6.460061187673716],[3.3798136640693888,6.459451861014601],[3.3798132962466525,6.458957859817416],[3.379766866048101,6.458303056241108],[3.3797780518156624,6.457900954065849],[3.379766048564363,6.457205913921825],[3.3798747523180164,6.456660134257846],[3.3801441037674067,6.45591893101391],[3.380448073719663,6.455395980640049],[3.3811078163726624,6.45451088137213],[3.381469291674535,6.454097027755664],[3.382002998839369,6.453619860068556],[3.382246419236879,6.453457270736522],[3.382257030337712,6.453428275694421],[3.382505745044171,6.4532519330303435],[3.3827789491891735,6.4530812372094015],[3.3834103658957133,6.452721750308569],[3.383850477917292,6.452515585226137],[3.3847163469818606,6.452108051145671],[3.3860892196418035,6.451360266663015],[3.3869289463138443,6.45087881190767],[3.38804907440533,6.450255671661977],[3.389561189097662,6.449396479164251],[3.3908857016139105,6.448587494017658],[3.3918295697788494,6.447983629840678],[3.392811677117265,6.447325482585028],[3.3940424748803366,6.446472478322278],[3.396948024331891,6.444451096441012],[3.397166127015226,6.444304556410202],[3.3975793600994284,6.444013194953016],[3.39824992159663,6.443559837716408],[3.3988018607173562,6.443177418103401],[3.399185426066595,6.442890866220524],[3.3994494166573195,6.4426819537092666],[3.3995622698828925,6.4425755980854555],[3.400244975825046,6.441853439784494],[3.400971781822306,6.441122081418996],[3.4015359724072596,6.440504136556682],[3.401728749282427,6.440207202000807],[3.401910353879771,6.439902297652962],[3.4022191873656316,6.439483894366276],[3.4030097525980523,6.439335522416457],[3.403046307341242,6.437143127253591],[3.4028420587141,6.436439049822354],[3.4005388508873016,6.437231261713405],[3.3939851709789086,6.44015632375539],[3.3916602157464126,6.441125052779],[3.387373543254455,6.442497357966771],[3.384235163821813,6.443629422759726],[3.384005370851242,6.443505138251566],[3.3836703554026144,6.443457521847222],[3.383526921630164,6.44362995605769],[3.381392503061591,6.443468802043639],[3.377305591579841,6.443251645447105],[3.37663530077856,6.442802177778332],[3.3737634057566193,6.441923509562343],[3.3726359149155765,6.44448050786917],[3.3718237920344336,6.446405409582042],[3.370560502665114,6.446502066916877],[3.369192471955046,6.447345542862535],[3.3684940161859345,6.447652405034489],[3.3675349440824784,6.448556066309436],[3.3665619936411417,6.449472798331044],[3.3656337817736817,6.449712806700745],[3.3667359099343344,6.45175121094968],[3.366972356089434,6.452234616334521],[3.3671384851530206,6.452574257895718],[3.367731811973613,6.452468519206832],[3.368047794170423,6.4526597654358975],[3.3682394495909875,6.452985132957566],[3.369406533085055,6.45218009763346],[3.3722196430221625,6.451124947358493],[3.3745167786264574,6.45125729608742],[3.3746355592836608,6.45145498865685],[3.3748617567646875,6.4518314628517714],[3.3741752287039053,6.452568316974293],[3.373690163170522,6.453136110243348],[3.3734748277011595,6.453300849854373],[3.373299701819804,6.453511790336905],[3.373482281282292,6.453736676606412],[3.3726169976763454,6.455070488112596],[3.3725718723940186,6.455205864858839]]]}},{"type":"Feature","properties":{"name":"Abete","label":"Abete","lga":"Apapa","people":4127,"walk":6.02,"walk_clinic":9.02,"walk_school":3.02,"f15":100.0,"f15_health":100.0,"f15_school":100.0,"beyond":0,"clinics":0,"schools":8,"off_pct":0.0,"hexes":9,"gini":0.06,"share":0.18,"rank":1.0,"of":128,"reading":"Most people here already finish inside 15 minutes. Clinics and schools are about even. That is 29 points above the city as a whole.","places":"Gaskiya","place_n":1},"geometry":{"type":"Polygon","coordinates":[[[3.3564600143182592,6.466470027269964],[3.3577117509965424,6.466384484656315],[3.3582544450866294,6.466384103343727],[3.3588459930481913,6.466443999990645],[3.3596154925609767,6.466397503242206],[3.3603878240389236,6.466296432934085],[3.3609792389008253,6.46616676868149],[3.361757343126953,6.466108774100689],[3.3621535898163875,6.466102747743663],[3.3626159195890755,6.4661541170189585],[3.363394274726034,6.46644651539441],[3.3638456543534967,6.4664852770739],[3.3639834161018034,6.465799233747703],[3.3641544383766586,6.464947046069368],[3.364194082291135,6.464437682652999],[3.364207867998743,6.464078784808123],[3.3642193487439727,6.46358541943164],[3.3642216357199577,6.463347200712803],[3.3641641069879706,6.463332420354958],[3.3638199463334786,6.463895598303281],[3.3635447780691266,6.464573611582978],[3.360145034965456,6.464530076302027],[3.3587028326696213,6.464542107432351],[3.3585585553331043,6.464492002603889],[3.3583991406079003,6.4643934476994795],[3.3584266418760644,6.464088530761159],[3.3583683721027455,6.463947463105],[3.3583154272152456,6.463820546281227],[3.357993523882044,6.463380382098989],[3.3575718398685694,6.462599465692847],[3.357437730267066,6.462438720870296],[3.3565942983881882,6.462085541814361],[3.356134726836217,6.461867583921901],[3.3561675466949623,6.463142959280218],[3.3561403727800325,6.463533726400384],[3.35603816123222,6.463821009432081],[3.355944202762771,6.464033468869558],[3.355468205992963,6.4649672367486355],[3.3554832255704246,6.465915022360434],[3.3555008253028973,6.466446349919183],[3.35552390730254,6.466604299648736],[3.355556368331804,6.4666669752007815],[3.356018201678694,6.46655781639015],[3.3564600143182592,6.466470027269964]]]}},{"type":"Feature","properties":{"name":"1004\u2013Aboyade","label":"1004\u2013Aboyade","lga":"Eti Osa","people":24559,"walk":15.11,"walk_clinic":16.86,"walk_school":13.37,"f15":78.85,"f15_health":65.25,"f15_school":75.85,"beyond":5193,"clinics":10,"schools":10,"off_pct":6.08,"hexes":69,"gini":0.32,"share":1.05,"rank":108.0,"of":128,"reading":"About half the people here can walk to clinics and schools in 15 minutes. Clinics are the weaker of the two services. That is 8 points above the city as a whole. Some of the long walks sit off the mapped street network.","places":"Iru, Itirin, Victoria Island","place_n":3},"geometry":{"type":"Polygon","coordinates":[[[3.451958239081535,6.437764646920983],[3.451348827886136,6.437475022954003],[3.451322204356302,6.437461140119582],[3.4507820319652756,6.437830256960864],[3.4499794796693095,6.437428981262543],[3.44842909432731,6.4370277037655805],[3.4472799837842554,6.437283061763936],[3.4454195220933452,6.436918265265773],[3.443942095151612,6.436352830918452],[3.4438740146740647,6.436157669041221],[3.443385779929827,6.4360245136204535],[3.4431851420806647,6.435878595021165],[3.44298450423156,6.43557763779779],[3.442686836728171,6.435557793357532],[3.442587788095978,6.435290360162014],[3.4425786680711212,6.434898203589284],[3.44246010864714,6.434770525039766],[3.442040592899104,6.434469567816337],[3.4416301962766056,6.434177730617819],[3.4413754174416336,6.434043129986492],[3.441304158759976,6.43388817320067],[3.441085281760366,6.433796973851315],[3.440743943178461,6.43372092538044],[3.438588559614402,6.432232140001302],[3.4371687747192254,6.432226218864967],[3.4369767586705393,6.432148548916472],[3.435818529901269,6.432080150078888],[3.4343867030839306,6.432048230441524],[3.433798469124099,6.432093829666542],[3.4338075891489552,6.432727663750711],[3.433592351705727,6.432752163981205],[3.4334063116519933,6.432745903800479],[3.4327770371306197,6.432741345137003],[3.4321842436079915,6.432710564041374],[3.4320499991082443,6.432706286865709],[3.431915543267735,6.432685838081],[3.4318979444346382,6.432686696034239],[3.4318547733791434,6.432674256611677],[3.43164561535292,6.432676938390044],[3.4310002663492583,6.432691240308543],[3.4307363728853493,6.43277816877753],[3.4306659712576106,6.432756042757204],[3.430587313853493,6.432813247733236],[3.4296398484003134,6.432827548752414],[3.429360971331789,6.432841850670912],[3.429271587713629,6.4332208366723185],[3.4250920118868744,6.43321368616273],[3.424480963026099,6.433172949571997],[3.424451131614489,6.433153799408388],[3.424266107794665,6.433118045961122],[3.4240546537992596,6.43311629767902],[3.4240526186334823,6.43311516813054],[3.4240494179463212,6.433115481993924],[3.423998245622613,6.433126823344251],[3.423984837630201,6.433126823344253],[3.4239776880199315,6.433127493339214],[3.423975911858918,6.433125997766638],[3.423972873949026,6.43312653735984],[3.4239709188228744,6.433126872807008],[3.423970404410682,6.433126905182577],[3.423969801864928,6.433126984322939],[3.423969415156421,6.433127728062231],[3.4239685733909933,6.433127878249025],[3.423968035596431,6.433129027582595],[3.423950584252111,6.433135922684755],[3.423947009446976,6.433260165824039],[3.423955052983331,6.433364745286837],[3.423963527294972,6.433393992139087],[3.4239630983183815,6.433409436196598],[3.423939617019755,6.433517898032619],[3.4239749010209266,6.435277392837462],[3.424090573621129,6.436272954033654],[3.4244513465524733,6.437375536351965],[3.4257095520542293,6.4404150721978795],[3.4258934436275585,6.440575755866461],[3.4265072120382456,6.442061068963199],[3.426589651990867,6.441975964319339],[3.4266168960529626,6.441909365924573],[3.426738458313253,6.441762777330382],[3.4278897182359738,6.441909365924573],[3.4281593610656955,6.441966052891075],[3.428279345915144,6.441980247790242],[3.4290800986676686,6.442074982374607],[3.43003926340134,6.442128951589893],[3.4307143583810102,6.442477706880708],[3.4324670156403276,6.442768461295486],[3.432791354337553,6.442828257218365],[3.433637691026661,6.442902231852543],[3.434560120253423,6.442810468628295],[3.435075451570867,6.442669088008074],[3.4355893169934575,6.442545796351453],[3.4358663072842996,6.4424099141862134],[3.4366779103573326,6.442209695421125],[3.436951601934936,6.442212055242179],[3.437595363635183,6.442036778274769],[3.4380302353071674,6.441999874594557],[3.43931144276894,6.441644726922675],[3.439668134576778,6.441416424128704],[3.44287437685108,6.43899889808074],[3.444806638615546,6.43834272213894],[3.4450565728026277,6.438308213353423],[3.446912635010165,6.4385703702264445],[3.447638966165414,6.438730483724894],[3.4492650996047014,6.439246020087806],[3.4498359451727647,6.439825553106857],[3.4503930841735277,6.440304293708208],[3.4510135129633,6.440886575954779],[3.451880663561837,6.44222192440236],[3.451920461260329,6.442335244376068],[3.451952061638394,6.442379809380724],[3.4519699383620264,6.442426289042032],[3.4514944182328695,6.443794751426707],[3.4513496165915853,6.445454604046802],[3.451259131303913,6.446936088729557],[3.451247831322405,6.44694686260766],[3.4512406799134965,6.44696205755298],[3.451240547713155,6.446991297210672],[3.451241126876539,6.44700362062065],[3.4512411268765395,6.447047866366006],[3.4512444921396646,6.4470537542273965],[3.4512426907975855,6.447086523724124],[3.451213641796187,6.4482120873180415],[3.450772087262067,6.448446271678166],[3.450253662276737,6.448962908811268],[3.449917580232182,6.450235730994223],[3.4499604841890346,6.450829237679215],[3.4500677454301463,6.451708771942322],[3.450825717432963,6.452481045863636],[3.450621922963421,6.452863607569498],[3.4506290725736903,6.453106731190758],[3.4510116351788724,6.454215087156569],[3.4506344361303722,6.4549569711873],[3.450627285620783,6.45501417616333],[3.4505647170880707,6.455101771929264],[3.4505253879363518,6.455434279168685],[3.450119586849496,6.455766786408106],[3.4500302032313357,6.45688407983647],[3.4501553402967597,6.457248764818699],[3.450198245152933,6.457398930016667],[3.4502876278717736,6.4574561349926975],[3.4505450534115307,6.4577064091235465],[3.4506469501966417,6.457810093760884],[3.450722031896305,6.457906627888633],[3.4506916420057223,6.458090757782316],[3.450586168616837,6.458239135128053],[3.450419916346107,6.45833030569912],[3.4504431548277807,6.458423265021736],[3.4503913134084314,6.458510860787667],[3.4505039364075856,6.45877901164215],[3.450757786242889,6.459011409049309],[3.452291607871473,6.461203093747827],[3.4525561830215,6.461188792728649],[3.4529137165948214,6.46130320358003],[3.4535644300544277,6.461052930348499],[3.4539005120989827,6.460723997914215],[3.455066073040882,6.459973176420988],[3.4564676079937726,6.459533408839774],[3.456828717271549,6.459286711312699],[3.457229155701043,6.459032860578078],[3.45776903221514,6.458757560113383],[3.4581212040303626,6.458385723722246],[3.458619964439834,6.457872663192916],[3.4589917999316526,6.45769747076173],[3.459714019386524,6.457404292674028],[3.460060826745803,6.457120052948141],[3.460089429683478,6.456912682774146],[3.4601645122824602,6.456775031642449],[3.460231550445769,6.456220854109174],[3.4603772451138184,6.45566935835427],[3.460380819918953,6.455656844287999],[3.460546180062181,6.455428915612003],[3.4605448391730533,6.4553810959608295],[3.4605734421107286,6.455351152134028],[3.460541711330962,6.455201547213676],[3.460555174181991,6.454941552310856],[3.460446125987971,6.45479853762248],[3.4602709335567856,6.454446366706519],[3.460040324901115,6.454337319411819],[3.4591840300190033,6.453786715784358],[3.458690633166214,6.4535972232333165],[3.4583760026504256,6.453429182211038],[3.4580792488582683,6.453346949102467],[3.457664509409654,6.453186058589777],[3.457782495965488,6.452138484203715],[3.4584975640113957,6.451090908019013],[3.4584675536347618,6.450989445606467],[3.4584888486814975,6.450933146247735],[3.458517004656073,6.450849573149355],[3.4590108493712255,6.44912447021818],[3.4595149733373773,6.447082054992904],[3.459697315378833,6.446309781071591],[3.4588993694104038,6.4458567098193384],[3.458817781115726,6.445860182101796],[3.458710520773991,6.445581305033272],[3.458730864337952,6.445357531225113],[3.458724821793112,6.445331924828508],[3.458776408704353,6.44526012205705],[3.4587382864428378,6.440626531589204],[3.4575592185831288,6.440673542749833],[3.4575418158021876,6.437480462053713],[3.4574026160379385,6.437371090103796],[3.456769780201227,6.43737466490893],[3.456347890242967,6.437349637675708],[3.4558366157672253,6.436877692351687],[3.4555791911268448,6.436559487030763],[3.455135847841177,6.4363950208136185],[3.455106723296694,6.436296723115334],[3.4548818100475387,6.436176529623196],[3.453988009838838,6.437158288024648],[3.453426834680726,6.437267404567136],[3.451958239081535,6.437764646920983]]]}},{"type":"Feature","properties":{"name":"Igbobi\u2013Fadeyi","label":"Igbobi\u2013Fadeyi","lga":"Shomolu","people":7619,"walk":7.23,"walk_clinic":8.04,"walk_school":6.42,"f15":100.0,"f15_health":100.0,"f15_school":100.0,"beyond":0,"clinics":2,"schools":7,"off_pct":0.0,"hexes":11,"gini":0.15,"share":0.33,"rank":1.0,"of":128,"reading":"Most people here already finish inside 15 minutes. Clinics and schools are about even. That is 29 points above the city as a whole.","places":"Morocco","place_n":1},"geometry":{"type":"Polygon","coordinates":[[[3.374559330948387,6.527923222578691],[3.3745501830445623,6.527873685222461],[3.3742995959496516,6.527727075044537],[3.3740840572335173,6.527513424005349],[3.373839797768482,6.527295006559371],[3.373555653370772,6.5270750242929685],[3.373126201912726,6.526687608946021],[3.3727270099436173,6.526226772947267],[3.372581650722623,6.525985944395869],[3.3723308172134807,6.525504254917508],[3.3716243233039336,6.525868574774962],[3.3711650053607514,6.526082724937851],[3.3706387077102136,6.526335218595533],[3.3702620410604136,6.526128066956799],[3.3697161552763646,6.525775837584889],[3.369302712650097,6.525458615222986],[3.3692133479177073,6.525426768430691],[3.3691559262050537,6.525444361867868],[3.3691081128491764,6.5255114117223325],[3.3689484930785625,6.525401431830686],[3.3686148877669093,6.525175098551983],[3.3682895283391194,6.525314155324054],[3.368232028385478,6.525223248254349],[3.3681776445826586,6.525033410363619],[3.368054683876608,6.524875534378452],[3.3678343616664965,6.524660287941969],[3.367649187659936,6.524512031105416],[3.3675037412047573,6.524388646818637],[3.3675012815589302,6.524603154012368],[3.367499146568434,6.52479015094474],[3.367495208437162,6.525135228907742],[3.3674677530344184,6.526868081296982],[3.367442072893425,6.52775127040485],[3.3674354808628095,6.528100517624863],[3.3673738898931447,6.5309614346225535],[3.367325278838621,6.532703039213913],[3.367922292879541,6.532755701714335],[3.3691284699029893,6.532805080789897],[3.3702843964078393,6.53286167422692],[3.370600313853458,6.532894949142643],[3.371038370924112,6.533047805112175],[3.37130639497417,6.533038033978129],[3.3714906678600873,6.5330402921757695],[3.37175155129313,6.5330831799448665],[3.3719406517397488,6.533140482946976],[3.3721202445536846,6.533286347586908],[3.3722256118225573,6.533379612679027],[3.3722950277933714,6.533401102878656],[3.372481741439287,6.533465586967339],[3.372883877788752,6.5335873533737185],[3.3733530199259576,6.533703484628178],[3.3733629277569435,6.533510734732659],[3.373416538142749,6.533193568128694],[3.373527942560543,6.532822506053833],[3.3736572974463575,6.532453426084771],[3.3736510318696564,6.5320724786620294],[3.3736905615701858,6.53159376683891],[3.3736962183058945,6.531152975829229],[3.37366389667153,6.530596532004381],[3.3736717135787444,6.5303811191933505],[3.373842498432623,6.529405676730618],[3.37410344931476,6.5290045871919915],[3.3742607317474267,6.528649446714666],[3.374407986739243,6.528218523066413],[3.374559330948387,6.527923222578691]]]}},{"type":"Feature","properties":{"name":"Alagba\u2013Obadina","label":"Alagba\u2013Obadina","lga":"Lagos Island","people":969,"walk":2.42,"walk_clinic":2.78,"walk_school":2.07,"f15":100.0,"f15_health":100.0,"f15_school":100.0,"beyond":0,"clinics":1,"schools":4,"off_pct":0.0,"hexes":4,"gini":0.1,"share":0.04,"rank":1.0,"of":128,"reading":"Most people here already finish inside 15 minutes. Clinics and schools are about even. That is 29 points above the city as a whole.","places":"Lagos Island","place_n":1},"geometry":{"type":"Polygon","coordinates":[[[3.389452417894802,6.457277810222819],[3.3897332770691264,6.457099138314618],[3.3900011131609062,6.45689788622849],[3.3903405973407534,6.45651946590067],[3.390809281723023,6.456131374263577],[3.390981483908376,6.456029999984536],[3.3911265040849234,6.455878696244894],[3.3909097144118623,6.455716376709461],[3.3905617811013826,6.455475706438732],[3.390384228849143,6.45525612706865],[3.390189992374303,6.454703397443893],[3.3900436106241614,6.454150630047595],[3.3899525839446487,6.4540166688342415],[3.3897515189175347,6.453921086189212],[3.3894644814007506,6.45404336880648],[3.389213297156004,6.454115364032873],[3.3888806523203248,6.45404860196146],[3.3889749246530982,6.454170176812284],[3.3890132528593995,6.454227590431002],[3.388774349756489,6.454716029321331],[3.388616678816731,6.455046441140383],[3.3885259660005995,6.455324146392286],[3.3888324333701694,6.455577614015736],[3.3891485010025804,6.455869370275252],[3.3893065658454016,6.456055934633754],[3.389325822129023,6.456204311979489],[3.3895223033117077,6.456563173851464],[3.3892160832556892,6.456635211345998],[3.3892928529828055,6.456898427620387],[3.389314396242469,6.456959332407337],[3.3893504041978413,6.457061135662911],[3.389431934036566,6.457290841399241],[3.389452417894802,6.457277810222819]]]}},{"type":"Feature","properties":{"name":"Ilupeju","label":"Ilupeju","lga":"Mushin","people":16222,"walk":5.43,"walk_clinic":5.92,"walk_school":4.95,"f15":100.0,"f15_health":100.0,"f15_school":100.0,"beyond":0,"clinics":8,"schools":7,"off_pct":0.0,"hexes":20,"gini":0.19,"share":0.7,"rank":1.0,"of":128,"reading":"Most people here already finish inside 15 minutes. Clinics and schools are about even. That is 29 points above the city as a whole.","places":"Onipanu","place_n":1},"geometry":{"type":"Polygon","coordinates":[[[3.3669460886910656,6.546862729931092],[3.3670565596125925,6.546955270169633],[3.3670797324437554,6.545745634353579],[3.367127940602018,6.543748404665167],[3.3671749121924672,6.541433143225048],[3.367207088136638,6.539614124991942],[3.3672136118187836,6.539281683403033],[3.3668302011529367,6.539285446166445],[3.3661611810936733,6.539416863197744],[3.3654548193844676,6.539555237384319],[3.3647482220528673,6.539371935766269],[3.3637427098582298,6.538844198301148],[3.363662233125581,6.538752348741922],[3.363880054321101,6.538149051137852],[3.363190632241924,6.537885315954611],[3.3598727148539638,6.536538817712312],[3.3595755635614637,6.537273921754149],[3.3589869303026494,6.538733367650821],[3.3586429009491776,6.5395569487942],[3.357318701396991,6.5390017568256535],[3.3571233605546804,6.538921477044597],[3.3566723559445104,6.538735109637629],[3.3564627086871037,6.5387266434199205],[3.3562904273613863,6.538764101981769],[3.3561095790938684,6.538870498075084],[3.3556847636409657,6.539169496575026],[3.3554264576649193,6.539390831421768],[3.3553632443183123,6.539406682872141],[3.3555241717032227,6.5397201280815125],[3.3559381179498478,6.540294255275682],[3.3566663107017125,6.541235787901315],[3.3569423692949276,6.541748739612672],[3.3570346163544973,6.5422388458461],[3.3570350228480943,6.542813266219299],[3.3567828187721034,6.543541042585104],[3.3564845568168953,6.54411567429895],[3.359196357226154,6.545224288370262],[3.361004259838751,6.5460042029316705],[3.3618947937098365,6.546370234199004],[3.3624741351732723,6.546628304552654],[3.3625604152310298,6.546800568791241],[3.362565884907724,6.547748356201736],[3.362628285267192,6.547992440298911],[3.363719254639932,6.547532116014395],[3.3656427758934346,6.546683450980537],[3.3662554363393724,6.546683004916816],[3.366528285252229,6.546716314006744],[3.366796023317874,6.546741010289452],[3.3669460886910656,6.546862729931092]]]}},{"type":"Feature","properties":{"name":"Tarkwa Bay","label":"Tarkwa Bay","lga":"Eti Osa","people":9363,"walk":12.91,"walk_clinic":18.11,"walk_school":7.71,"f15":76.84,"f15_health":13.75,"f15_school":80.1,"beyond":2168,"clinics":4,"schools":7,"off_pct":46.69,"hexes":75,"gini":0.14,"share":0.4,"rank":109.0,"of":128,"reading":"About half the people here can walk to clinics and schools in 15 minutes. Clinics are the weaker of the two services. That is 6 points above the city as a whole. Some of the long walks sit off the mapped street network.","places":"Light House Abagbo 1, Ahmadu Bello Way, Light House Abagbo 2, Oko Agbo","place_n":4},"geometry":{"type":"Polygon","coordinates":[[[3.401726338199978,6.400790982417958],[3.401716955573079,6.3985813859222835],[3.3770915070674614,6.398044023013312],[3.3800978318495254,6.407384181235044],[3.384384480959057,6.409898164968411],[3.3975153256718045,6.409448030002635],[3.4002715471942224,6.4104270562637],[3.4001689336494114,6.4113845023929334],[3.4005890897147424,6.415091095977345],[3.4006778357136227,6.415987122008118],[3.4010286279688557,6.419096372399736],[3.4012677559022673,6.421374716669901],[3.401567930715487,6.423388778969012],[3.4018023210203405,6.424499140423051],[3.4022935352185186,6.426034367691954],[3.4027814992668373,6.428301026171482],[3.403008087053649,6.429219918364597],[3.4030184220625874,6.432620472656709],[3.4029622351191056,6.434190596319013],[3.4028420587141,6.436439049822354],[3.403046307341242,6.437143127253591],[3.4030097525980523,6.439335522416457],[3.402883645164138,6.440808715349989],[3.404567569038136,6.4398669039345],[3.4060750783022513,6.4388087769035565],[3.4072917171390595,6.437858101770018],[3.407781327846067,6.437344564600039],[3.4084691761116233,6.435789254570466],[3.4087363521010157,6.434785722682989],[3.4089106892769228,6.4325798152063385],[3.4089085336020157,6.429883878837985],[3.40892273299778,6.428489944055739],[3.4091130601196933,6.42713416301126],[3.409311362429492,6.426176640439677],[3.4096475865669054,6.425356867025868],[3.410167306575999,6.424215271217861],[3.4105878232694526,6.423487336571384],[3.4112303852741093,6.422774541112232],[3.4118960166878765,6.422191928814527],[3.412430302116775,6.420131251056432],[3.4129341922592293,6.418361634381994],[3.413224463738061,6.417534237415168],[3.4122857037223184,6.417237808278287],[3.4101835330436647,6.416576998129985],[3.408751440027004,6.416107119448043],[3.407582917617617,6.4149170870539916],[3.405199896757892,6.4124681189086346],[3.4046175983235685,6.411924796192466],[3.403799953605016,6.409049511625709],[3.4027443788500595,6.405408519987247],[3.401935285784873,6.402505922110663],[3.401715577811728,6.40171772029663],[3.401726338199978,6.400790982417958]]]}},{"type":"Feature","properties":{"name":"Abraham Adesanya","label":"Adesanya","lga":"Apapa","people":68892,"walk":12.99,"walk_clinic":16.2,"walk_school":9.78,"f15":76.49,"f15_health":38.01,"f15_school":88.0,"beyond":16198,"clinics":16,"schools":30,"off_pct":64.11,"hexes":259,"gini":0.24,"share":2.96,"rank":110.0,"of":128,"reading":"About half the people here can walk to clinics and schools in 15 minutes. Clinics are the weaker of the two services. That is 6 points above the city as a whole. Some of the long walks sit off the mapped street network.","places":"Itun Agan, Abagbo, Agala, Anjorin, Apapa Wharf, Gbelejo, Ilado, Irede and 4 others","place_n":12},"geometry":{"type":"Polygon","coordinates":[[[3.3675349440824784,6.448556066309436],[3.3684940161859345,6.447652405034489],[3.369192471955046,6.447345542862535],[3.370560502665114,6.446502066916877],[3.3718237920344336,6.446405409582042],[3.3726359149155765,6.44448050786917],[3.3737634057566193,6.441923509562343],[3.37663530077856,6.442802177778332],[3.377305591579841,6.443251645447105],[3.381392503061591,6.443468802043639],[3.383526921630164,6.44362995605769],[3.3836703554026144,6.443457521847222],[3.384005370851242,6.443505138251566],[3.384235163821813,6.443629422759726],[3.387373543254455,6.442497357966771],[3.3916602157464126,6.441125052779],[3.3939851709789086,6.44015632375539],[3.4005388508873016,6.437231261713405],[3.4028420587141,6.436439049822354],[3.4029622351191056,6.434190596319013],[3.4030184220625874,6.432620472656709],[3.403008087053649,6.429219918364597],[3.4027814992668373,6.428301026171482],[3.4022935352185186,6.426034367691954],[3.4018023210203405,6.424499140423051],[3.401567930715487,6.423388778969012],[3.4012677559022673,6.421374716669901],[3.4010286279688557,6.419096372399736],[3.4006778357136227,6.415987122008118],[3.4005890897147424,6.415091095977345],[3.4001689336494114,6.4113845023929334],[3.4002715471942224,6.4104270562637],[3.3975153256718045,6.409448030002635],[3.384384480959057,6.409898164968411],[3.3800978318495254,6.407384181235044],[3.3770915070674614,6.398044023013312],[3.359591686607075,6.397662151986765],[3.3544554686450287,6.424548690369816],[3.3542750727364705,6.4247115872699965],[3.3425277189791136,6.42755361760544],[3.3320508743483974,6.4298963011734145],[3.33188235308819,6.434203631092772],[3.331724600310111,6.437407102555768],[3.331973490384314,6.437482334442221],[3.334546242115437,6.437675960277376],[3.334649704620233,6.4378252423410895],[3.334879282652821,6.437641276124052],[3.3356258557486744,6.4377212051695105],[3.335901744370062,6.438100144406178],[3.336498885215406,6.437984865709041],[3.336820396444182,6.43788125841337],[3.3370500716035854,6.43784664080988],[3.337079658399546,6.438062606703966],[3.3376757488367734,6.437980634398798],[3.3385990108357073,6.437887128288366],[3.339398394820137,6.437835886716869],[3.3399555625991866,6.438059540915106],[3.3409546338493215,6.4378808042557685],[3.341885319751725,6.437582145699536],[3.3438106252601756,6.436847800685484],[3.3450737581474637,6.436540591375262],[3.3477248354328712,6.436510071982298],[3.348471502957523,6.436729759271031],[3.349059825050915,6.436973870347913],[3.349746166052796,6.436992613118662],[3.350740067999766,6.437658261619505],[3.352446301355769,6.438708280362901],[3.3530439035533277,6.439265057836223],[3.3536298190609277,6.439528885649623],[3.3542212815869448,6.4395112427496874],[3.3550426072305872,6.439728954227915],[3.3558006673669643,6.4398031006326155],[3.356357639093801,6.439733781788674],[3.356673435130972,6.439676119057705],[3.3568609860457173,6.43962237557224],[3.357607459316853,6.439552922729264],[3.3585777072954106,6.43922482216783],[3.358876247141154,6.43912696064075],[3.3597846487426186,6.440677259647885],[3.360164329919939,6.441636276892721],[3.3604576833754436,6.442325377014582],[3.3608772710692274,6.4428707807619485],[3.361578227852988,6.443393008080934],[3.3654610930550466,6.444682690753608],[3.365667988386974,6.444912311054337],[3.366622952387388,6.447283986067134],[3.367152183626445,6.448558820033554],[3.3675349440824784,6.448556066309436]]]}}]}