{"type":"FeatureCollection","features":[{"type":"Feature","properties":{"name":"Limawa Health Post","kind":"clinic","ownership":"Public","level":"Primary","kind_detail":"Health Post","lga":"Kumbotso","ward":"Unguwar Rimi"},"geometry":{"type":"Point","coordinates":[8.59698,11.89962]}},{"type":"Feature","properties":{"name":"Danjirima Health Post","kind":"clinic","ownership":"Public","level":"Primary","kind_detail":"Health Post","lga":"Kumbotso","ward":"Danbare"},"geometry":{"type":"Point","coordinates":[8.40578,11.94826]}},{"type":"Feature","properties":{"name":"Tsamawa Health Post","kind":"clinic","ownership":"Public","level":"Primary","kind_detail":"Health Post","lga":"Kumbotso","ward":"Kumbotso"},"geometry":{"type":"Point","coordinates":[8.4852,11.87816]}},{"type":"Feature","properties":{"name":"Sarkin Fulani Primary Health Center","kind":"clinic","ownership":"","level":"","kind_detail":"","lga":"Kumbotso","ward":"Kumbotso"},"geometry":{"type":"Point","coordinates":[8.50488,11.88844]}},{"type":"Feature","properties":{"name":"Kumbotso Comprehensive Health Center","kind":"clinic","ownership":"Public","level":"Tertiary","kind_detail":"Teaching/Tertiary Hospital","lga":"Kumbotso","ward":"Kumbotso"},"geometry":{"type":"Point","coordinates":[8.49974,11.89259]}},{"type":"Feature","properties":{"name":"Mallam Mohammed Abdullahi Wase Comprehensive Health Center","kind":"clinic","ownership":"Private","level":"Primary","kind_detail":"Health Center","lga":"Kumbotso","ward":"Kumbotso"},"geometry":{"type":"Point","coordinates":[8.49991,11.89276]}},{"type":"Feature","properties":{"name":"Panshekara Primary Health Center","kind":"clinic","ownership":"Public","level":"Primary","kind_detail":"Primary Health Center","lga":"Kumbotso","ward":"Panshekara"},"geometry":{"type":"Point","coordinates":[8.45746,11.89905]}},{"type":"Feature","properties":{"name":"Labi Health Post","kind":"clinic","ownership":"","level":"","kind_detail":"","lga":"Kumbotso","ward":"Panshekara"},"geometry":{"type":"Point","coordinates":[8.4597,11.90004]}},{"type":"Feature","properties":{"name":"Dangwauro Health Post","kind":"clinic","ownership":"Public","level":"Primary","kind_detail":"Clinic","lga":"Kumbotso","ward":"Unguwar Rimi"},"geometry":{"type":"Point","coordinates":[8.55343,11.90201]}},{"type":"Feature","properties":{"name":"Ruga Fada Health Post","kind":"clinic","ownership":"Public","level":"Primary","kind_detail":"Primary Health Clinic","lga":"Kumbotso","ward":"Kumbotso"},"geometry":{"type":"Point","coordinates":[8.51375,11.90289]}},{"type":"Feature","properties":{"name":"Riga Fada Health Post","kind":"clinic","ownership":"","level":"","kind_detail":"","lga":"Kumbotso","ward":"Kumbotso"},"geometry":{"type":"Point","coordinates":[8.50944,11.91256]}},{"type":"Feature","properties":{"name":"Tajuddeen Clinic And Maternity","kind":"clinic","ownership":"","level":"","kind_detail":"","lga":"Kumbotso","ward":"Chiranchi"},"geometry":{"type":"Point","coordinates":[8.46486,11.91367]}},{"type":"Feature","properties":{"name":"Zawachiki Health Post","kind":"clinic","ownership":"Public","level":"Primary","kind_detail":"Primary Health Center","lga":"Kumbotso","ward":"Panshekara"},"geometry":{"type":"Point","coordinates":[8.46588,11.91966]}},{"type":"Feature","properties":{"name":"Naibawa College Clinic","kind":"clinic","ownership":"Public","level":"Primary","kind_detail":"Primary Health Center","lga":"Kumbotso","ward":"Naibawa"},"geometry":{"type":"Point","coordinates":[8.55304,11.92105]}},{"type":"Feature","properties":{"name":"Srcoe College Staff Clinic","kind":"clinic","ownership":"Public","level":"Primary","kind_detail":"Primary Health Center","lga":"Kumbotso","ward":"Naibawa"},"geometry":{"type":"Point","coordinates":[8.55303,11.92108]}},{"type":"Feature","properties":{"name":"Wailari Health Post","kind":"clinic","ownership":"Public","level":"Primary","kind_detail":"Health Post","lga":"Kumbotso","ward":"Naibawa"},"geometry":{"type":"Point","coordinates":[8.5438,11.92404]}},{"type":"Feature","properties":{"name":"Dan Maliki Health Clinic","kind":"clinic","ownership":"Public","level":"Primary","kind_detail":"Primary Health Clinic","lga":"Kumbotso","ward":"Dan Maliki"},"geometry":{"type":"Point","coordinates":[8.51315,11.9278]}},{"type":"Feature","properties":{"name":"Mai Akoko Clinic","kind":"clinic","ownership":"Private","level":"Primary","kind_detail":"Primary Health Center","lga":"Kumbotso","ward":"Naibawa"},"geometry":{"type":"Point","coordinates":[8.55147,11.92801]}},{"type":"Feature","properties":{"name":"Decent Hospital Specialist","kind":"clinic","ownership":"Private","level":"Primary","kind_detail":"Primary Health Center","lga":"Kumbotso","ward":"Naibawa"},"geometry":{"type":"Point","coordinates":[8.54934,11.92802]}},{"type":"Feature","properties":{"name":"Maikalwa Health Clinic","kind":"clinic","ownership":"Public","level":"Primary","kind_detail":"Primary Health Center","lga":"Kumbotso","ward":"Naibawa"},"geometry":{"type":"Point","coordinates":[8.55374,11.9308]}},{"type":"Feature","properties":{"name":"Guringawa Primary Health Center","kind":"clinic","ownership":"Public","level":"Primary","kind_detail":"Primary Health Center","lga":"Kumbotso","ward":"Garun Gawa"},"geometry":{"type":"Point","coordinates":[8.51974,11.93195]}},{"type":"Feature","properties":{"name":"Bechi Health Post","kind":"clinic","ownership":"Public","level":"Primary","kind_detail":"Primary Health Clinic","lga":"Kumbotso","ward":"Garun Gawa"},"geometry":{"type":"Point","coordinates":[8.49199,11.92646]}},{"type":"Feature","properties":{"name":"Danbare Health Post","kind":"clinic","ownership":"Public","level":"Primary","kind_detail":"Health Post","lga":"Kumbotso","ward":"Danbare"},"geometry":{"type":"Point","coordinates":[8.42497,11.95544]}},{"type":"Feature","properties":{"name":"Chalawa Primary Health Center","kind":"clinic","ownership":"Public","level":"Primary","kind_detail":"Primary Health Center","lga":"Kumbotso","ward":"Chalawa"},"geometry":{"type":"Point","coordinates":[8.42508,11.9176]}},{"type":"Feature","properties":{"name":"Runkusawa Health Post","kind":"clinic","ownership":"Public","level":"Primary","kind_detail":"Health Post","lga":"Kumbotso","ward":"Chalawa"},"geometry":{"type":"Point","coordinates":[8.42711,11.89132]}},{"type":"Feature","properties":{"name":"Rauda Health Clinic And Maternity","kind":"clinic","ownership":"Private","level":"Primary","kind_detail":"Primary Health Clinic","lga":"Tarauni","ward":"Babban Giji"},"geometry":{"type":"Point","coordinates":[8.43442,11.96206]}},{"type":"Feature","properties":{"name":"Chalawa Basic Health Center","kind":"clinic","ownership":"","level":"","kind_detail":"","lga":"Kumbotso","ward":"Chalawa"},"geometry":{"type":"Point","coordinates":[8.45235,11.94063]}},{"type":"Feature","properties":{"name":"Chiranchi Primary Health Center","kind":"clinic","ownership":"Public","level":"Primary","kind_detail":"Primary Health Center","lga":"Kumbotso","ward":"Chiranchi"},"geometry":{"type":"Point","coordinates":[8.47556,11.95209]}},{"type":"Feature","properties":{"name":"Masanawa Health Post","kind":"clinic","ownership":"Public","level":"Primary","kind_detail":"Health Post","lga":"Gwale","ward":"Dorayi"},"geometry":{"type":"Point","coordinates":[8.4896,11.95332]}},{"type":"Feature","properties":{"name":"Softcare Hospital","kind":"clinic","ownership":"Private","level":"Primary","kind_detail":"Primary Health Center","lga":"Gwale","ward":"Dorayi"},"geometry":{"type":"Point","coordinates":[8.49264,11.95359]}},{"type":"Feature","properties":{"name":"Turai Yaradua Primary Health Center","kind":"clinic","ownership":"Public","level":"Primary","kind_detail":"Primary Health Center","lga":"Kumbotso","ward":"Dan Maliki"},"geometry":{"type":"Point","coordinates":[8.51505,11.95312]}},{"type":"Feature","properties":{"name":"Zaks Clinic And Maternity","kind":"clinic","ownership":"Private","level":"Unknown","kind_detail":"Maternity Home","lga":"Tarauni","ward":"Darmanawa"},"geometry":{"type":"Point","coordinates":[8.55118,11.95388]}},{"type":"Feature","properties":{"name":"Unguwa Uku Primary Health Center","kind":"clinic","ownership":"Public","level":"Primary","kind_detail":"Primary Health Center","lga":"Tarauni","ward":"Unguwa Uku Cikin Gari"},"geometry":{"type":"Point","coordinates":[8.56026,11.95777]}},{"type":"Feature","properties":{"name":"Unguwar Rimi Health Post","kind":"clinic","ownership":"Public","level":"Primary","kind_detail":"Primary Health Center","lga":"Kumbotso","ward":"Unguwar Rimi"},"geometry":{"type":"Point","coordinates":[8.56698,11.91011]}},{"type":"Feature","properties":{"name":"Nur Clinic And Maternity","kind":"clinic","ownership":"Private","level":"Primary","kind_detail":"Maternity Home","lga":"Kumbotso","ward":"Chiranchi"},"geometry":{"type":"Point","coordinates":[8.45238,11.95153]}},{"type":"Feature","properties":{"name":"Kadawa Community Health Clinic","kind":"clinic","ownership":"Public","level":"Primary","kind_detail":"Clinic","lga":"Gwale","ward":"Dorayi"},"geometry":{"type":"Point","coordinates":[8.4492,11.96402]}},{"type":"Feature","properties":{"name":"Gwazaye Health Post","kind":"clinic","ownership":"Public","level":"Primary","kind_detail":"Health Post","lga":"Kumbotso","ward":"Danbare"},"geometry":{"type":"Point","coordinates":[8.45639,11.93975]}},{"type":"Feature","properties":{"name":"Samegu Health Post","kind":"clinic","ownership":"Public","level":"Primary","kind_detail":"Health Post","lga":"Kumbotso","ward":"Danbare"},"geometry":{"type":"Point","coordinates":[8.45645,11.93982]}},{"type":"Feature","properties":{"name":"Unguwar Jakada Health Clinic","kind":"clinic","ownership":"Public","level":"Primary","kind_detail":"Clinic","lga":"Gwale","ward":"Dorayi"},"geometry":{"type":"Point","coordinates":[8.45654,11.9599]}},{"type":"Feature","properties":{"name":"Dorayi Babba Health Clinic","kind":"clinic","ownership":"Public","level":"Primary","kind_detail":"Primary Health Center","lga":"Gwale","ward":"Dorayi"},"geometry":{"type":"Point","coordinates":[8.46191,11.97598]}},{"type":"Feature","properties":{"name":"Gaidar Sangalawa Health Clinic","kind":"clinic","ownership":"Public","level":"Primary","kind_detail":"Health Post","lga":"Kumbotso","ward":"Chiranchi"},"geometry":{"type":"Point","coordinates":[8.46822,11.93436]}},{"type":"Feature","properties":{"name":"Sauda Clinic","kind":"clinic","ownership":"Private","level":"Secondary","kind_detail":"Clinic","lga":"Gwale","ward":"Dorayi"},"geometry":{"type":"Point","coordinates":[8.47029,11.97749]}},{"type":"Feature","properties":{"name":"Charity Health Post","kind":"clinic","ownership":"Public","level":"Primary","kind_detail":"Health Post","lga":"Gwale","ward":"Dorayi"},"geometry":{"type":"Point","coordinates":[8.47095,11.95276]}},{"type":"Feature","properties":{"name":"Kabuga Primary Health Centre","kind":"clinic","ownership":"Public","level":"Primary","kind_detail":"Primary Health Center","lga":"Gwale","ward":"Kabuga"},"geometry":{"type":"Point","coordinates":[8.4746,11.9838]}},{"type":"Feature","properties":{"name":"Kofar Kabuga Primary Health Center","kind":"clinic","ownership":"Public","level":"Primary","kind_detail":"Primary Health Center","lga":"Kumbotso","ward":"Chiranchi"},"geometry":{"type":"Point","coordinates":[8.47465,11.93688]}},{"type":"Feature","properties":{"name":"Unique Care Hospital","kind":"clinic","ownership":"Private","level":"Primary","kind_detail":"Hospital","lga":"Gwale","ward":"Kabuga"},"geometry":{"type":"Point","coordinates":[8.47926,11.99386]}},{"type":"Feature","properties":{"name":"Kabuga Community Health Post","kind":"clinic","ownership":"Public","level":"Primary","kind_detail":"Health Post","lga":"Gwale","ward":"Kabuga"},"geometry":{"type":"Point","coordinates":[8.48182,11.99084]}},{"type":"Feature","properties":{"name":"Jaen Primary Health Centre Maternal And Child Health","kind":"clinic","ownership":"Public","level":"Primary","kind_detail":"Primary Health Center","lga":"Gwale","ward":"Dorayi"},"geometry":{"type":"Point","coordinates":[8.48301,11.94517]}},{"type":"Feature","properties":{"name":"Ja'En Primary Health Centre","kind":"clinic","ownership":"Public","level":"Primary","kind_detail":"Primary Health Center","lga":"Gwale","ward":"Dorayi"},"geometry":{"type":"Point","coordinates":[8.48317,11.94662]}},{"type":"Feature","properties":{"name":"Col Daudu Suliemanu Health Clinic","kind":"clinic","ownership":"Public","level":"Primary","kind_detail":"Clinic","lga":"Gwale","ward":"Dorayi"},"geometry":{"type":"Point","coordinates":[8.48723,11.96279]}},{"type":"Feature","properties":{"name":"Dogon Nama Primary Health Centre","kind":"clinic","ownership":"Public","level":"Primary","kind_detail":"Clinic","lga":"Dala","ward":"Dogon Nama"},"geometry":{"type":"Point","coordinates":[8.49677,11.99701]}},{"type":"Feature","properties":{"name":"Kwamitin Makota Health Post","kind":"clinic","ownership":"Public","level":"Primary","kind_detail":"Health Post","lga":"Gwale","ward":"Sani Mai Nagge"},"geometry":{"type":"Point","coordinates":[8.49716,11.98704]}},{"type":"Feature","properties":{"name":"Goron Dutse Maternal And Child Health","kind":"clinic","ownership":"Public","level":"Primary","kind_detail":"Maternity Home","lga":"Dala","ward":"Dogon Nama"},"geometry":{"type":"Point","coordinates":[8.49758,11.99737]}},{"type":"Feature","properties":{"name":"Shekar Maidaki Health Post","kind":"clinic","ownership":"Public","level":"Primary","kind_detail":"Health Post","lga":"Kumbotso","ward":"Dan Maliki"},"geometry":{"type":"Point","coordinates":[8.49943,11.94673]}},{"type":"Feature","properties":{"name":"Aisami Health Clinic","kind":"clinic","ownership":"Public","level":"Primary","kind_detail":"Clinic","lga":"Gwale","ward":"Kabuga"},"geometry":{"type":"Point","coordinates":[8.49978,11.99491]}},{"type":"Feature","properties":{"name":"Mangwarori Health Clinic","kind":"clinic","ownership":"Public","level":"Primary","kind_detail":"Clinic","lga":"Gwale","ward":"Gyaranya"},"geometry":{"type":"Point","coordinates":[8.50298,11.9936]}},{"type":"Feature","properties":{"name":"Bakin Ruwa Basic Health Clinic","kind":"clinic","ownership":"Public","level":"Primary","kind_detail":"Clinic","lga":"Dala","ward":"Bakin Ruwa"},"geometry":{"type":"Point","coordinates":[8.50326,11.99907]}},{"type":"Feature","properties":{"name":"Dandago Health Centre","kind":"clinic","ownership":"Public","level":"Primary","kind_detail":"Health Center","lga":"Gwale","ward":"Dandago"},"geometry":{"type":"Point","coordinates":[8.50704,11.99028]}},{"type":"Feature","properties":{"name":"Gyaranya Health Clinic","kind":"clinic","ownership":"Public","level":"Primary","kind_detail":"Clinic","lga":"Gwale","ward":"Gyaranya"},"geometry":{"type":"Point","coordinates":[8.50784,11.9993]}},{"type":"Feature","properties":{"name":"Gidauniyar Alheri Health Clinic","kind":"clinic","ownership":"Public","level":"Primary","kind_detail":"Clinic","lga":"Gwale","ward":"Dandago"},"geometry":{"type":"Point","coordinates":[8.50928,11.99161]}},{"type":"Feature","properties":{"name":"Shekar Mai Daki Health Post","kind":"clinic","ownership":"Public","level":"Primary","kind_detail":"Health Post","lga":"Kumbotso","ward":"Dan Maliki"},"geometry":{"type":"Point","coordinates":[8.50992,11.9483]}},{"type":"Feature","properties":{"name":"Daneji Community Clinic","kind":"clinic","ownership":"Public","level":"Primary","kind_detail":"Clinic","lga":"Kano Municipal","ward":"She She"},"geometry":{"type":"Point","coordinates":[8.51363,11.99506]}},{"type":"Feature","properties":{"name":"Aly Musa Health Clinic","kind":"clinic","ownership":"Public","level":"Primary","kind_detail":"Clinic","lga":"Kano Municipal","ward":"Tudun Wazurchi"},"geometry":{"type":"Point","coordinates":[8.51706,11.98812]}},{"type":"Feature","properties":{"name":"Deen Global Clinic","kind":"clinic","ownership":"Public","level":"Primary","kind_detail":"Health Post","lga":"Kumbotso","ward":"Dan Maliki"},"geometry":{"type":"Point","coordinates":[8.51857,11.94937]}},{"type":"Feature","properties":{"name":"Murtala Mohammed Specialist Hospital","kind":"clinic","ownership":"Public","level":"Secondary","kind_detail":"Specialist Hospital","lga":"Kano Municipal","ward":"Zango"},"geometry":{"type":"Point","coordinates":[8.52226,11.99885]}},{"type":"Feature","properties":{"name":"Gurun Gawa Health Post","kind":"clinic","ownership":"Public","level":"Primary","kind_detail":"Primary Health Clinic","lga":"Kumbotso","ward":"Garun Gawa"},"geometry":{"type":"Point","coordinates":[8.52357,11.93646]}},{"type":"Feature","properties":{"name":"Gandu Model Primary Health Centre","kind":"clinic","ownership":"Public","level":"Primary","kind_detail":"Primary Health Center","lga":"Kano Municipal","ward":"Gandu Albasa"},"geometry":{"type":"Point","coordinates":[8.52403,11.97319]}},{"type":"Feature","properties":{"name":"Dan'Agundi Primary Health Centre","kind":"clinic","ownership":"Public","level":"Primary","kind_detail":"Primary Health Center","lga":"Kano Municipal","ward":"Dan Agundi"},"geometry":{"type":"Point","coordinates":[8.52403,11.98283]}},{"type":"Feature","properties":{"name":"Tukuntawa Primary Health Centre","kind":"clinic","ownership":"Public","level":"Primary","kind_detail":"Primary Health Center","lga":"Kano Municipal","ward":"Gandu Albasa"},"geometry":{"type":"Point","coordinates":[8.52641,11.96436]}},{"type":"Feature","properties":{"name":"Butu Butu Health Center","kind":"clinic","ownership":"Public","level":"Primary","kind_detail":"Health Center","lga":"Kumbotso","ward":"Dan Maliki"},"geometry":{"type":"Point","coordinates":[8.53056,11.94781]}},{"type":"Feature","properties":{"name":"Shekar Barde Primary Health Center","kind":"clinic","ownership":"Public","level":"Primary","kind_detail":"Primary Health Center","lga":"Kumbotso","ward":"Dan Maliki"},"geometry":{"type":"Point","coordinates":[8.53113,11.95421]}},{"type":"Feature","properties":{"name":"Alhaji Sabo Ringin Community Health Clinic","kind":"clinic","ownership":"Public","level":"Primary","kind_detail":"Clinic","lga":"Gwale","ward":"Dorayi"},"geometry":{"type":"Point","coordinates":[8.48766,11.93922]}},{"type":"Feature","properties":{"name":"Dan Tsinke Primary Health Center","kind":"clinic","ownership":"Public","level":"Primary","kind_detail":"Primary Health Center","lga":"Tarauni","ward":"Darmanawa"},"geometry":{"type":"Point","coordinates":[8.53956,11.9345]}},{"type":"Feature","properties":{"name":"Abdullahi Mai Kano Maternal And Child Health Clinic","kind":"clinic","ownership":"Public","level":"Primary","kind_detail":"Primary Health Center","lga":"Tarauni","ward":"Darmanawa"},"geometry":{"type":"Point","coordinates":[8.54371,11.95484]}},{"type":"Feature","properties":{"name":"Rinji Primary Health Clinic","kind":"clinic","ownership":"Public","level":"Primary","kind_detail":"Primary Health Center","lga":"Tarauni","ward":"Unguwar Gano"},"geometry":{"type":"Point","coordinates":[8.54633,11.94756]}},{"type":"Feature","properties":{"name":"Al-Ihsan Clinic And Surgery","kind":"clinic","ownership":"Private","level":"Secondary","kind_detail":"Primary Health Clinic","lga":"Tarauni","ward":"Unguwar Gano"},"geometry":{"type":"Point","coordinates":[8.55776,11.94592]}},{"type":"Feature","properties":{"name":"Algon Primary Health Centre","kind":"clinic","ownership":"Public","level":"Primary","kind_detail":"Primary Health Center","lga":"Tarauni","ward":"Darmanawa"},"geometry":{"type":"Point","coordinates":[8.55814,11.95431]}},{"type":"Feature","properties":{"name":"Gajida Health Post","kind":"clinic","ownership":"Public","level":"Primary","kind_detail":"Health Post","lga":"Tarauni","ward":"Unguwar Gano"},"geometry":{"type":"Point","coordinates":[8.55881,11.93813]}},{"type":"Feature","properties":{"name":"Standard Hospital Specialist","kind":"clinic","ownership":"Private","level":"Secondary","kind_detail":"General Hospital","lga":"Tarauni","ward":"Tarauni"},"geometry":{"type":"Point","coordinates":[8.55944,11.97827]}},{"type":"Feature","properties":{"name":"Yar Akwa Primary Health Clinic","kind":"clinic","ownership":"Public","level":"Primary","kind_detail":"Primary Health Center","lga":"Tarauni","ward":"Unguwar Gano"},"geometry":{"type":"Point","coordinates":[8.56173,11.94119]}},{"type":"Feature","properties":{"name":"Godiya Ltd Clinic And Maternity","kind":"clinic","ownership":"Private","level":"Secondary","kind_detail":"Primary Health Clinic","lga":"Tarauni","ward":"Unguwar Gano"},"geometry":{"type":"Point","coordinates":[8.56343,11.94088]}},{"type":"Feature","properties":{"name":"Giginyu Primary Health Center","kind":"clinic","ownership":"","level":"","kind_detail":"","lga":"Nassarawa","ward":"Giginyu"},"geometry":{"type":"Point","coordinates":[8.56451,11.98856]}},{"type":"Feature","properties":{"name":"Oasis Ltd Clinic And Maternity","kind":"clinic","ownership":"Private","level":"Secondary","kind_detail":"Primary Health Clinic","lga":"Tarauni","ward":"Unguwar Gano"},"geometry":{"type":"Point","coordinates":[8.56456,11.94507]}},{"type":"Feature","properties":{"name":"Kafir Chiri Basic Health Clinic","kind":"clinic","ownership":"Public","level":"Primary","kind_detail":"Primary Health Center","lga":"Garko","ward":"Zakarawa"},"geometry":{"type":"Point","coordinates":[8.56655,11.97638]}},{"type":"Feature","properties":{"name":"Naibawa Health Clinic","kind":"clinic","ownership":"Public","level":"Primary","kind_detail":"Primary Health Center","lga":"Kumbotso","ward":"Naibawa"},"geometry":{"type":"Point","coordinates":[8.56907,11.93896]}},{"type":"Feature","properties":{"name":"Barakallah Clinic And Diagnostic Centre","kind":"clinic","ownership":"Private","level":"","kind_detail":"Primary Health Clinic","lga":"Kumbotso","ward":"Naibawa"},"geometry":{"type":"Point","coordinates":[8.57079,11.93728]}},{"type":"Feature","properties":{"name":"Kawo Health Post","kind":"clinic","ownership":"","level":"","kind_detail":"","lga":"Nassarawa","ward":"Giginyu"},"geometry":{"type":"Point","coordinates":[8.57252,11.98137]}},{"type":"Feature","properties":{"name":"Hotoro Arewa Primary Health Center","kind":"clinic","ownership":"","level":"","kind_detail":"","lga":"Nassarawa","ward":"Hotoro North"},"geometry":{"type":"Point","coordinates":[8.58238,11.97449]}},{"type":"Feature","properties":{"name":"Fatima Me Mota","kind":"clinic","ownership":"","level":"","kind_detail":"","lga":"Nassarawa","ward":"Hotoro South"},"geometry":{"type":"Point","coordinates":[8.58652,11.96987]}},{"type":"Feature","properties":{"name":"Yanhamar Health Post","kind":"clinic","ownership":"Public","level":"Primary","kind_detail":"Health Post","lga":"Kumbotso","ward":"Kureken Sani"},"geometry":{"type":"Point","coordinates":[8.59625,11.92351]}},{"type":"Feature","properties":{"name":"Ahmed Ado Bayero Primary Health Center","kind":"clinic","ownership":"Public","level":"Primary","kind_detail":"Primary Health Center","lga":"Kumbotso","ward":"Kureken Sani"},"geometry":{"type":"Point","coordinates":[8.5803,11.92693]}},{"type":"Feature","properties":{"name":"Zara Health Post","kind":"clinic","ownership":"Public","level":"Primary","kind_detail":"Primary Health Clinic","lga":"Kumbotso","ward":"Mariri"},"geometry":{"type":"Point","coordinates":[8.61118,11.92727]}},{"type":"Feature","properties":{"name":"Maraba Clinic And Maternity Hospital","kind":"clinic","ownership":"Private","level":"Primary","kind_detail":"Primary Health Center","lga":"Kumbotso","ward":"Mariri"},"geometry":{"type":"Point","coordinates":[8.61593,11.94378]}},{"type":"Feature","properties":{"name":"Mariri Primary Health Center","kind":"clinic","ownership":"Public","level":"Primary","kind_detail":"Primary Health Center","lga":"Kumbotso","ward":"Mariri"},"geometry":{"type":"Point","coordinates":[8.60914,11.94982]}},{"type":"Feature","properties":{"name":"Habu Pa","kind":"clinic","ownership":"Public","level":"Primary","kind_detail":"Primary Health Center","lga":"Tarauni","ward":"Unguwa Uku Kauyen Alu"},"geometry":{"type":"Point","coordinates":[8.57664,11.95097]}},{"type":"Feature","properties":{"name":"Nasiha Nursing Home","kind":"clinic","ownership":"Private","level":"Primary","kind_detail":"Primary Health Center","lga":"Kumbotso","ward":"Mariri"},"geometry":{"type":"Point","coordinates":[8.60131,11.96093]}},{"type":"Feature","properties":{"name":"Farawa Health Post","kind":"clinic","ownership":"Public","level":"Primary","kind_detail":"Primary Health Clinic","lga":"Kumbotso","ward":"Mariri"},"geometry":{"type":"Point","coordinates":[8.60474,11.96098]}},{"type":"Feature","properties":{"name":"Hotoro Danmarke Primary Health Clinic","kind":"clinic","ownership":"Public","level":"Primary","kind_detail":"Primary Health Center","lga":"Tarauni","ward":"Hotoro"},"geometry":{"type":"Point","coordinates":[8.58095,11.96208]}},{"type":"Feature","properties":{"name":"Al-Suhal Nursing Home","kind":"clinic","ownership":"","level":"","kind_detail":"","lga":"Nassarawa","ward":"Hotoro South"},"geometry":{"type":"Point","coordinates":[8.57998,11.96741]}},{"type":"Feature","properties":{"name":"Hotoro South Health Clinic","kind":"clinic","ownership":"","level":"","kind_detail":"","lga":"Nassarawa","ward":"Hotoro South"},"geometry":{"type":"Point","coordinates":[8.58249,11.9701]}},{"type":"Feature","properties":{"name":"Maryam Abacha American University Of Nigeria ( Maun ) Clinic","kind":"clinic","ownership":"","level":"","kind_detail":"","lga":"Nassarawa","ward":"Hotoro South"},"geometry":{"type":"Point","coordinates":[8.59228,11.97191]}},{"type":"Feature","properties":{"name":"Dazango And Diagnostics Clinic","kind":"clinic","ownership":"","level":"","kind_detail":"","lga":"Nassarawa","ward":"Hotoro South"},"geometry":{"type":"Point","coordinates":[8.58277,11.97403]}},{"type":"Feature","properties":{"name":"Hotoron Arewa Community Health Center","kind":"clinic","ownership":"","level":"","kind_detail":"","lga":"Nassarawa","ward":"Hotoro North"},"geometry":{"type":"Point","coordinates":[8.58787,11.98114]}},{"type":"Feature","properties":{"name":"Modern Diagnostics Surgery","kind":"clinic","ownership":"","level":"","kind_detail":"","lga":"Nassarawa","ward":"Hotoro North"},"geometry":{"type":"Point","coordinates":[8.58939,11.98492]}},{"type":"Feature","properties":{"name":"Ladanai Health Post","kind":"clinic","ownership":"","level":"","kind_detail":"","lga":"Nassarawa","ward":"Hotoro North"},"geometry":{"type":"Point","coordinates":[8.59642,11.9859]}},{"type":"Feature","properties":{"name":"Arewa ( Annex ) Surgery Hospital","kind":"clinic","ownership":"","level":"","kind_detail":"","lga":"Nassarawa","ward":"Hotoro North"},"geometry":{"type":"Point","coordinates":[8.5866,11.99673]}},{"type":"Feature","properties":{"name":"Haye Health Post","kind":"clinic","ownership":"","level":"","kind_detail":"","lga":"Nassarawa","ward":"Hotoro North"},"geometry":{"type":"Point","coordinates":[8.59003,12.00079]}},{"type":"Feature","properties":{"name":"Haye Dispensary","kind":"clinic","ownership":"Public","level":"Primary","kind_detail":"Health Post","lga":"Nassarawa","ward":"Giginyu"},"geometry":{"type":"Point","coordinates":[8.5863,12.00531]}},{"type":"Feature","properties":{"name":"Tokarawa Health Clinic","kind":"clinic","ownership":"","level":"","kind_detail":"","lga":"Nassarawa","ward":"Kawaji"},"geometry":{"type":"Point","coordinates":[8.60593,12.00792]}},{"type":"Feature","properties":{"name":"Family Nursing And Maternity Home","kind":"clinic","ownership":"","level":"","kind_detail":"","lga":"Nassarawa","ward":"Kawaji"},"geometry":{"type":"Point","coordinates":[8.57994,12.01036]}},{"type":"Feature","properties":{"name":"Nazam Clinic And Maternity","kind":"clinic","ownership":"","level":"","kind_detail":"","lga":"Nassarawa","ward":"Kawaji"},"geometry":{"type":"Point","coordinates":[8.58433,12.01146]}},{"type":"Feature","properties":{"name":"Al Munauwara Nursing And Maternity","kind":"clinic","ownership":"","level":"","kind_detail":"","lga":"Nassarawa","ward":"Kawaji"},"geometry":{"type":"Point","coordinates":[8.60054,12.01167]}},{"type":"Feature","properties":{"name":"Hayin Dae Health Clinic","kind":"clinic","ownership":"Public","level":"Primary","kind_detail":"Primary Health Center","lga":"Tarauni","ward":"Hotoro"},"geometry":{"type":"Point","coordinates":[8.59409,11.9574]}},{"type":"Feature","properties":{"name":"Kawaji Primary Health Clinic","kind":"clinic","ownership":"","level":"","kind_detail":"","lga":"Nassarawa","ward":"Kawaji"},"geometry":{"type":"Point","coordinates":[8.5778,12.01037]}},{"type":"Feature","properties":{"name":"Hassan Sulaiman Artv Primary Health Clinic","kind":"clinic","ownership":"Public","level":"Primary","kind_detail":"Primary Health Center","lga":"Tarauni","ward":"Hotoro"},"geometry":{"type":"Point","coordinates":[8.58731,11.96244]}},{"type":"Feature","properties":{"name":"Lamis Clinic And Maternity","kind":"clinic","ownership":"Private","level":"Primary","kind_detail":"Maternity Home","lga":"Nassarawa","ward":"Hotoro North"},"geometry":{"type":"Point","coordinates":[8.59228,11.97191]}},{"type":"Feature","properties":{"name":"Hafizu Kawu Primary Health Clinic And Maternity","kind":"clinic","ownership":"Public","level":"Primary","kind_detail":"Primary Health Center","lga":"Tarauni","ward":"Hotoro"},"geometry":{"type":"Point","coordinates":[8.57969,11.95819]}},{"type":"Feature","properties":{"name":"Topcare Specialist Medical Centre","kind":"clinic","ownership":"","level":"","kind_detail":"","lga":"Nassarawa","ward":"Kawaji"},"geometry":{"type":"Point","coordinates":[8.57652,12.00958]}},{"type":"Feature","properties":{"name":"Ibrahim Muazzam Mainasara Health Clinic","kind":"clinic","ownership":"Public","level":"Primary","kind_detail":"Primary Health Clinic","lga":"Tarauni","ward":"Babban Giji"},"geometry":{"type":"Point","coordinates":[8.53855,11.96088]}},{"type":"Feature","properties":{"name":"Mecure Diagnostic Center","kind":"clinic","ownership":"Private","level":"Primary","kind_detail":"Diagnostic / Laboratory Center","lga":"Fagge","ward":"Fagge A"},"geometry":{"type":"Point","coordinates":[8.5389,12.00286]}},{"type":"Feature","properties":{"name":"Babban Giji Primary Health Clinic","kind":"clinic","ownership":"Public","level":"Primary","kind_detail":"Primary Health Clinic","lga":"Tarauni","ward":"Babban Giji"},"geometry":{"type":"Point","coordinates":[8.54077,11.95499]}},{"type":"Feature","properties":{"name":"Darmanawa Health Clinic","kind":"clinic","ownership":"","level":"","kind_detail":"","lga":"Tarauni","ward":"Babban Giji"},"geometry":{"type":"Point","coordinates":[8.54078,11.95521]}},{"type":"Feature","properties":{"name":"Triumph Ltd Clinic And Maternity","kind":"clinic","ownership":"Private","level":"Secondary","kind_detail":"Teaching/Tertiary Hospital","lga":"Tarauni","ward":"Babban Giji"},"geometry":{"type":"Point","coordinates":[8.54169,11.96307]}},{"type":"Feature","properties":{"name":"Amity Hospital","kind":"clinic","ownership":"Private","level":"Secondary","kind_detail":"Hospital","lga":"Tarauni","ward":"Babban Giji"},"geometry":{"type":"Point","coordinates":[8.54239,11.96617]}},{"type":"Feature","properties":{"name":"Al Noury Hospital Specialist","kind":"clinic","ownership":"Private","level":"Secondary","kind_detail":"General Hospital","lga":"Tarauni","ward":"Tarauni"},"geometry":{"type":"Point","coordinates":[8.54276,11.9782]}},{"type":"Feature","properties":{"name":"Masjid Bilal Out Patient Clinic","kind":"clinic","ownership":"Private","level":"Unknown","kind_detail":"Clinic","lga":"Tarauni","ward":"Darmanawa"},"geometry":{"type":"Point","coordinates":[8.54921,11.95608]}},{"type":"Feature","properties":{"name":"Mgk Clinic","kind":"clinic","ownership":"Private","level":"Unknown","kind_detail":"Clinic","lga":"Tarauni","ward":"Darmanawa"},"geometry":{"type":"Point","coordinates":[8.54948,11.95665]}},{"type":"Feature","properties":{"name":"Yan Audu Model Primary Health Center","kind":"clinic","ownership":"","level":"","kind_detail":"","lga":"Nassarawa","ward":"Giginyu"},"geometry":{"type":"Point","coordinates":[8.55012,11.99591]}},{"type":"Feature","properties":{"name":"Kundila Primary Health Clinic","kind":"clinic","ownership":"Public","level":"Primary","kind_detail":"Primary Health Center","lga":"Tarauni","ward":"Daurawa"},"geometry":{"type":"Point","coordinates":[8.55606,11.96422]}},{"type":"Feature","properties":{"name":"Reno Dental Clinic","kind":"clinic","ownership":"Private","level":"Unknown","kind_detail":"Primary Health Clinic","lga":"Tarauni","ward":"Unguwa Uku Cikin Gari"},"geometry":{"type":"Point","coordinates":[8.55995,11.95824]}},{"type":"Feature","properties":{"name":"Kings Gate Ltd Hospital","kind":"clinic","ownership":"Private","level":"Secondary","kind_detail":"General Hospital","lga":"Tarauni","ward":"Daurawa"},"geometry":{"type":"Point","coordinates":[8.56105,11.96324]}},{"type":"Feature","properties":{"name":"Udunma Centre","kind":"clinic","ownership":"","level":"","kind_detail":"","lga":"Nassarawa","ward":"Giginyu"},"geometry":{"type":"Point","coordinates":[8.5611,11.98907]}},{"type":"Feature","properties":{"name":"Raya Clinic","kind":"clinic","ownership":"","level":"","kind_detail":"","lga":"Nassarawa","ward":"Giginyu"},"geometry":{"type":"Point","coordinates":[8.56223,11.99574]}},{"type":"Feature","properties":{"name":"Excellence Clinic And Maternity","kind":"clinic","ownership":"Private","level":"Secondary","kind_detail":"General Hospital","lga":"Tarauni","ward":"Tarauni"},"geometry":{"type":"Point","coordinates":[8.56329,11.97668]}},{"type":"Feature","properties":{"name":"Empire Clinic","kind":"clinic","ownership":"","level":"","kind_detail":"","lga":"Nassarawa","ward":"Giginyu"},"geometry":{"type":"Point","coordinates":[8.56903,11.99665]}},{"type":"Feature","properties":{"name":"Al Huda Nursing And Maternity","kind":"clinic","ownership":"Private","level":"Secondary","kind_detail":"Primary Health Clinic","lga":"Tarauni","ward":"Unguwa Uku Kauyen Alu"},"geometry":{"type":"Point","coordinates":[8.57129,11.95976]}},{"type":"Feature","properties":{"name":"Kauyen Alu Primary Health Center","kind":"clinic","ownership":"Public","level":"Primary","kind_detail":"Primary Health Center","lga":"Tarauni","ward":"Unguwa Uku Kauyen Alu"},"geometry":{"type":"Point","coordinates":[8.57231,11.96051]}},{"type":"Feature","properties":{"name":"Expert Alliance Hospital","kind":"clinic","ownership":"Private","level":"Tertiary","kind_detail":"Teaching/Tertiary Hospital","lga":"Tarauni","ward":"Unguwa Uku Kauyen Alu"},"geometry":{"type":"Point","coordinates":[8.57301,11.95484]}},{"type":"Feature","properties":{"name":"Badawa Health Clinic","kind":"clinic","ownership":"","level":"","kind_detail":"","lga":"Nassarawa","ward":"Giginyu"},"geometry":{"type":"Point","coordinates":[8.57358,11.9999]}},{"type":"Feature","properties":{"name":"Interior Hospital","kind":"clinic","ownership":"","level":"","kind_detail":"","lga":"Nassarawa","ward":"Giginyu"},"geometry":{"type":"Point","coordinates":[8.5553,11.99152]}},{"type":"Feature","properties":{"name":"Badodo Health Center","kind":"clinic","ownership":"","level":"","kind_detail":"","lga":"Nassarawa","ward":"Giginyu"},"geometry":{"type":"Point","coordinates":[8.57333,11.99712]}},{"type":"Feature","properties":{"name":"Park House Clinic","kind":"clinic","ownership":"","level":"","kind_detail":"","lga":"Nassarawa","ward":"Giginyu"},"geometry":{"type":"Point","coordinates":[8.56222,11.98342]}},{"type":"Feature","properties":{"name":"Tarauni Primary Health Center","kind":"clinic","ownership":"Public","level":"Primary","kind_detail":"Primary Health Center","lga":"Tarauni","ward":"Tarauni"},"geometry":{"type":"Point","coordinates":[8.56124,11.97934]}},{"type":"Feature","properties":{"name":"Ja'Oji Primary Health Center","kind":"clinic","ownership":"Public","level":"Primary","kind_detail":"Primary Health Center","lga":"Tarauni","ward":"Gyadi Gyadi Arewa"},"geometry":{"type":"Point","coordinates":[8.54173,11.97655]}},{"type":"Feature","properties":{"name":"Nuj Health Post","kind":"clinic","ownership":"Public","level":"Primary","kind_detail":"Health Post","lga":"Tarauni","ward":"Tarauni"},"geometry":{"type":"Point","coordinates":[8.54939,11.97635]}},{"type":"Feature","properties":{"name":"Nasara And Laboratory Maternity Clinic","kind":"clinic","ownership":"","level":"","kind_detail":"","lga":"Tarauni","ward":"Tarauni"},"geometry":{"type":"Point","coordinates":[8.55866,11.97755]}},{"type":"Feature","properties":{"name":"Classic Clinic","kind":"clinic","ownership":"","level":"","kind_detail":"","lga":"Nassarawa","ward":"Giginyu"},"geometry":{"type":"Point","coordinates":[8.5486,12.00008]}},{"type":"Feature","properties":{"name":"Accord ( Giginyu ) Surgery","kind":"clinic","ownership":"","level":"","kind_detail":"","lga":"Nassarawa","ward":"Giginyu"},"geometry":{"type":"Point","coordinates":[8.56165,11.98009]}},{"type":"Feature","properties":{"name":"Imperial Hospital","kind":"clinic","ownership":"","level":"","kind_detail":"","lga":"Nassarawa","ward":"Giginyu"},"geometry":{"type":"Point","coordinates":[8.56741,11.97651]}},{"type":"Feature","properties":{"name":"Union Diagnostic And Service Plc Clinic","kind":"clinic","ownership":"","level":"","kind_detail":"","lga":"Tarauni","ward":"Gyadi Gyadi Arewa"},"geometry":{"type":"Point","coordinates":[8.54129,11.97763]}},{"type":"Feature","properties":{"name":"Hallmark Clinic And Maternity","kind":"clinic","ownership":"Private","level":"Secondary","kind_detail":"Maternity Home","lga":"Nassarawa","ward":"Giginyu"},"geometry":{"type":"Point","coordinates":[8.57349,11.97729]}},{"type":"Feature","properties":{"name":"Medicus Clinic And Diagonistic Center","kind":"clinic","ownership":"Private","level":"Primary","kind_detail":"Diagnostic / Laboratory Center","lga":"Nassarawa","ward":"Giginyu"},"geometry":{"type":"Point","coordinates":[8.56048,11.98534]}},{"type":"Feature","properties":{"name":"Kingsgate Hospital","kind":"clinic","ownership":"Private","level":"Secondary","kind_detail":"Hospital","lga":"Tarauni","ward":"Hotoro"},"geometry":{"type":"Point","coordinates":[8.56292,11.96483]}},{"type":"Feature","properties":{"name":"Baure Health Clinic","kind":"clinic","ownership":"","level":"","kind_detail":"","lga":"Nassarawa","ward":"Giginyu"},"geometry":{"type":"Point","coordinates":[8.5718,11.99702]}},{"type":"Feature","properties":{"name":"Nol International Diagnostics Hospital","kind":"clinic","ownership":"","level":"","kind_detail":"","lga":"Nassarawa","ward":"Giginyu"},"geometry":{"type":"Point","coordinates":[8.56287,11.98323]}},{"type":"Feature","properties":{"name":"Gyadi Gyadi Kudu Primary Health Clinic","kind":"clinic","ownership":"Public","level":"Primary","kind_detail":"Primary Health Center","lga":"Tarauni","ward":"Gyadi Gyadi Kudu"},"geometry":{"type":"Point","coordinates":[8.54452,11.96846]}},{"type":"Feature","properties":{"name":"Kano Dental Hospital","kind":"clinic","ownership":"Private","level":"Unknown","kind_detail":"Hospital","lga":"Tarauni","ward":"Darmanawa"},"geometry":{"type":"Point","coordinates":[8.55608,11.95972]}},{"type":"Feature","properties":{"name":"Prime Allaiance Multicare Specialist Hospital","kind":"clinic","ownership":"Private","level":"Secondary","kind_detail":"","lga":"Nassarawa","ward":"Giginyu"},"geometry":{"type":"Point","coordinates":[8.56759,11.97642]}},{"type":"Feature","properties":{"name":"Medical Nursing And Maternity","kind":"clinic","ownership":"Private","level":"Secondary","kind_detail":"Primary Health Center","lga":"Tarauni","ward":"Unguwa Uku Kauyen Alu"},"geometry":{"type":"Point","coordinates":[8.57057,11.95399]}},{"type":"Feature","properties":{"name":"Aminu Kano Teaching Hospital","kind":"clinic","ownership":"Public","level":"Tertiary","kind_detail":"Teaching/Tertiary Hospital","lga":"Tarauni","ward":"Darmanawa"},"geometry":{"type":"Point","coordinates":[8.55097,11.96281]}},{"type":"Feature","properties":{"name":"Daurawa Primary Health Clinic","kind":"clinic","ownership":"Public","level":"Primary","kind_detail":"Primary Health Center","lga":"Tarauni","ward":"Daurawa"},"geometry":{"type":"Point","coordinates":[8.55548,11.96912]}},{"type":"Feature","properties":{"name":"Prime Specialist Clinic","kind":"clinic","ownership":"","level":"","kind_detail":"","lga":"Nassarawa","ward":"Giginyu"},"geometry":{"type":"Point","coordinates":[8.56272,11.98134]}},{"type":"Feature","properties":{"name":"Mohammed Abdullahi Wase General Hospital","kind":"clinic","ownership":"","level":"","kind_detail":"","lga":"Nassarawa","ward":"Giginyu"},"geometry":{"type":"Point","coordinates":[8.5485,11.99695]}},{"type":"Feature","properties":{"name":"Sabuwar Madina Health Centre","kind":"clinic","ownership":"Public","level":"Primary","kind_detail":"Clinic","lga":"Gwale","ward":"Dorayi"},"geometry":{"type":"Point","coordinates":[8.48997,11.95449]}},{"type":"Feature","properties":{"name":"First Choice","kind":"clinic","ownership":"Private","level":"Secondary","kind_detail":"General Hospital","lga":"Kumbotso","ward":"Dan Maliki"},"geometry":{"type":"Point","coordinates":[8.51185,11.95536]}},{"type":"Feature","properties":{"name":"Sheka Clinic And Maternity","kind":"clinic","ownership":"","level":"","kind_detail":"","lga":"Kumbotso","ward":"Garun Gawa"},"geometry":{"type":"Point","coordinates":[8.52632,11.95609]}},{"type":"Feature","properties":{"name":"Ja'Oji Health Post","kind":"clinic","ownership":"Public","level":"Primary","kind_detail":"Primary Health Clinic","lga":"Kumbotso","ward":"Garun Gawa"},"geometry":{"type":"Point","coordinates":[8.52561,11.95844]}},{"type":"Feature","properties":{"name":"Nagari Classic Hospital","kind":"clinic","ownership":"Private","level":"Secondary","kind_detail":"Hospital","lga":"Gwale","ward":"Dorayi"},"geometry":{"type":"Point","coordinates":[8.48013,11.96215]}},{"type":"Feature","properties":{"name":"Hausawa Primary Health Center","kind":"clinic","ownership":"Public","level":"Primary","kind_detail":"Primary Health Center","lga":"Tarauni","ward":"Babban Giji"},"geometry":{"type":"Point","coordinates":[8.53555,11.96313]}},{"type":"Feature","properties":{"name":"Dalal Health Clinic","kind":"clinic","ownership":"Public","level":"Primary","kind_detail":"Clinic","lga":"Gwale","ward":"Dorayi"},"geometry":{"type":"Point","coordinates":[8.502,11.96603]}},{"type":"Feature","properties":{"name":"Green Field Medical Center","kind":"clinic","ownership":"","level":"","kind_detail":"","lga":"Kumbotso","ward":"Garun Gawa"},"geometry":{"type":"Point","coordinates":[8.52991,11.96627]}},{"type":"Feature","properties":{"name":"Bayero University Kano Clinic","kind":"clinic","ownership":"Public","level":"Primary","kind_detail":"Clinic","lga":"Gwale","ward":"Dorayi"},"geometry":{"type":"Point","coordinates":[8.48038,11.97653]}},{"type":"Feature","properties":{"name":"Rijiyar Zaki Basic Health Clinic","kind":"clinic","ownership":"Public","level":"Primary","kind_detail":"Primary Health Center","lga":"Ungogo","ward":"Rijiyar Zaki"},"geometry":{"type":"Point","coordinates":[8.45868,11.97898]}},{"type":"Feature","properties":{"name":"Ivory Clinic","kind":"clinic","ownership":"Private","level":"Secondary","kind_detail":"Clinic","lga":"Gwale","ward":"Sani Mai Nagge"},"geometry":{"type":"Point","coordinates":[8.49593,11.9838]}},{"type":"Feature","properties":{"name":"Gadon Kaya Health Clinic","kind":"clinic","ownership":"Public","level":"Primary","kind_detail":"Clinic","lga":"Gwale","ward":"Sani Mai Nagge"},"geometry":{"type":"Point","coordinates":[8.49279,11.98497]}},{"type":"Feature","properties":{"name":"Gwale Maternal And Child Health Centre","kind":"clinic","ownership":"Public","level":"Primary","kind_detail":"Primary Health Center","lga":"Gwale","ward":"Gwale"},"geometry":{"type":"Point","coordinates":[8.50467,11.98632]}},{"type":"Feature","properties":{"name":"Unguwar Gini Primary Health Centre","kind":"clinic","ownership":"Public","level":"Primary","kind_detail":"Primary Health Center","lga":"Kano Municipal","ward":"Kan Karofi"},"geometry":{"type":"Point","coordinates":[8.52315,11.98638]}},{"type":"Feature","properties":{"name":"Fce Staff Clinic","kind":"clinic","ownership":"Public","level":"Primary","kind_detail":"Clinic","lga":"Gwale","ward":"Kabuga"},"geometry":{"type":"Point","coordinates":[8.4876,11.98717]}},{"type":"Feature","properties":{"name":"Nulge Health Clinic","kind":"clinic","ownership":"Private","level":"Primary","kind_detail":"Clinic","lga":"Kano Municipal","ward":"Tudun Wazurchi"},"geometry":{"type":"Point","coordinates":[8.52027,11.98847]}},{"type":"Feature","properties":{"name":"Fuskar Yamma Health Post","kind":"clinic","ownership":"Public","level":"Primary","kind_detail":"Clinic","lga":"Gwale","ward":"Galadanchi"},"geometry":{"type":"Point","coordinates":[8.51262,11.99034]}},{"type":"Feature","properties":{"name":"Imamu Halliru Primary Health Center","kind":"clinic","ownership":"Public","level":"Secondary","kind_detail":"Primary Health Center","lga":"Gwale","ward":"Gwale"},"geometry":{"type":"Point","coordinates":[8.5154,11.98522]}},{"type":"Feature","properties":{"name":"Hasiya Bayero Paediatric Hospital","kind":"clinic","ownership":"Public","level":"Secondary","kind_detail":"Hospital","lga":"Kano Municipal","ward":"Tudun Wazurchi"},"geometry":{"type":"Point","coordinates":[8.5181,11.98842]}},{"type":"Feature","properties":{"name":"Barewa Clinic","kind":"clinic","ownership":"Private","level":"Primary","kind_detail":"Clinic","lga":"Kano Municipal","ward":"Gandu Albasa"},"geometry":{"type":"Point","coordinates":[8.53512,11.98452]}},{"type":"Feature","properties":{"name":"Universal Spec. Hosppital","kind":"clinic","ownership":"Private","level":"Primary","kind_detail":"Primary Health Center","lga":"Kano Municipal","ward":"Gandu Albasa"},"geometry":{"type":"Point","coordinates":[8.53161,11.96967]}},{"type":"Feature","properties":{"name":"Muhammad Gauyama Primary Health Center","kind":"clinic","ownership":"Public","level":"Primary","kind_detail":"Primary Health Center","lga":"Gwale","ward":"Gwale"},"geometry":{"type":"Point","coordinates":[8.50438,11.98634]}},{"type":"Feature","properties":{"name":"Palace Clinic","kind":"clinic","ownership":"Private","level":"Secondary","kind_detail":"Clinic","lga":"Gwale","ward":"Dorayi"},"geometry":{"type":"Point","coordinates":[8.49068,11.95628]}},{"type":"Feature","properties":{"name":"Sharada Primary Health Center","kind":"clinic","ownership":"Public","level":"Primary","kind_detail":"Primary Health Center","lga":"Kano Municipal","ward":"Sharada"},"geometry":{"type":"Point","coordinates":[8.51389,11.97068]}},{"type":"Feature","properties":{"name":"Imamu Wali General Hospital","kind":"clinic","ownership":"Public","level":"Secondary","kind_detail":"General Hospital","lga":"Gwale","ward":"Dorayi"},"geometry":{"type":"Point","coordinates":[8.46701,11.97548]}},{"type":"Feature","properties":{"name":"New Age Specialist Hospital","kind":"clinic","ownership":"Private","level":"Secondary","kind_detail":"Specialist Hospital","lga":"Gwale","ward":"Dorayi"},"geometry":{"type":"Point","coordinates":[8.46598,11.97445]}},{"type":"Feature","properties":{"name":"Diso Health Post","kind":"clinic","ownership":"Public","level":"Primary","kind_detail":"Clinic","lga":"Gwale","ward":"Diso"},"geometry":{"type":"Point","coordinates":[8.51027,11.98499]}},{"type":"Feature","properties":{"name":"Vintage Clinic","kind":"clinic","ownership":"Private","level":"Primary","kind_detail":"Clinic","lga":"Kano Municipal","ward":"Sharada"},"geometry":{"type":"Point","coordinates":[8.51137,11.97216]}},{"type":"Feature","properties":{"name":"Al-Iman Clinic And Maternity","kind":"clinic","ownership":"Private","level":"Primary","kind_detail":"Maternity Home","lga":"Kano Municipal","ward":"Sharada"},"geometry":{"type":"Point","coordinates":[8.50682,11.97418]}},{"type":"Feature","properties":{"name":"Al-Sahih Ent Specialist Clinic","kind":"clinic","ownership":"Private","level":"Primary","kind_detail":"Specialist Clinic","lga":"Kano Municipal","ward":"Sharada"},"geometry":{"type":"Point","coordinates":[8.50328,11.98221]}},{"type":"Feature","properties":{"name":"Best Choice Clinic And Maternity","kind":"clinic","ownership":"Private","level":"Secondary","kind_detail":"Maternity Home","lga":"Kumbotso","ward":"Dan Maliki"},"geometry":{"type":"Point","coordinates":[8.51185,11.95536]}},{"type":"Feature","properties":{"name":"Getwell Hospital","kind":"clinic","ownership":"Private","level":"Secondary","kind_detail":"Hospital","lga":"Ungogo","ward":"Rijiyar Zaki"},"geometry":{"type":"Point","coordinates":[8.46593,11.98136]}},{"type":"Feature","properties":{"name":"Sule Specialist Clinic","kind":"clinic","ownership":"Private","level":"Primary","kind_detail":"Specialist Clinic","lga":"Kano Municipal","ward":"Sharada"},"geometry":{"type":"Point","coordinates":[8.50418,11.96542]}},{"type":"Feature","properties":{"name":"Ameer Clinic And Maternity","kind":"clinic","ownership":"Private","level":"Secondary","kind_detail":"General Hospital","lga":"Kumbotso","ward":"Garun Gawa"},"geometry":{"type":"Point","coordinates":[8.52666,11.96321]}},{"type":"Feature","properties":{"name":"Ansar Orthopaedic Hospital","kind":"clinic","ownership":"Private","level":"Secondary","kind_detail":"Hospital","lga":"Kano Municipal","ward":"Gandu Albasa"},"geometry":{"type":"Point","coordinates":[8.52797,11.97674]}},{"type":"Feature","properties":{"name":"Umc Zahir Hospital","kind":"clinic","ownership":"Private","level":"Secondary","kind_detail":"Hospital","lga":"Gwale","ward":"Dorayi"},"geometry":{"type":"Point","coordinates":[8.46635,11.97881]}},{"type":"Feature","properties":{"name":"Saymays Specialist Hospital","kind":"clinic","ownership":"Private","level":"Secondary","kind_detail":"Specialist Hospital","lga":"Kano Municipal","ward":"Gandu Albasa"},"geometry":{"type":"Point","coordinates":[8.52935,11.97971]}},{"type":"Feature","properties":{"name":"Dorayi Karama Health Clinic","kind":"clinic","ownership":"Public","level":"Primary","kind_detail":"Primary Health Center","lga":"Gwale","ward":"Dorayi"},"geometry":{"type":"Point","coordinates":[8.47687,11.96481]}},{"type":"Feature","properties":{"name":"School Of Hygiene Kano Clinic","kind":"clinic","ownership":"Public","level":"Primary","kind_detail":"Clinic","lga":"Kano Municipal","ward":"Gandu Albasa"},"geometry":{"type":"Point","coordinates":[8.52919,11.98438]}},{"type":"Feature","properties":{"name":"Heal Tune Clinic","kind":"clinic","ownership":"Private","level":"Primary","kind_detail":"Clinic","lga":"Kano Municipal","ward":"Gandu Albasa"},"geometry":{"type":"Point","coordinates":[8.53004,11.97189]}},{"type":"Feature","properties":{"name":"Al,Umma Clinic And Maternity","kind":"clinic","ownership":"Private","level":"Secondary","kind_detail":"Maternity Home","lga":"Gwale","ward":"Dorayi"},"geometry":{"type":"Point","coordinates":[8.48081,11.96539]}},{"type":"Feature","properties":{"name":"Sharada Industrial Clinic","kind":"clinic","ownership":"Private","level":"Primary","kind_detail":"Clinic","lga":"Kano Municipal","ward":"Sharada"},"geometry":{"type":"Point","coordinates":[8.51205,11.96908]}},{"type":"Feature","properties":{"name":"Hannah Hospital","kind":"clinic","ownership":"Private","level":"Secondary","kind_detail":"Hospital","lga":"Gwale","ward":"Sani Mai Nagge"},"geometry":{"type":"Point","coordinates":[8.49615,11.98117]}},{"type":"Feature","properties":{"name":"Lafia Care Clinic And Maternity","kind":"clinic","ownership":"","level":"","kind_detail":"","lga":"Gwale","ward":"Dorayi"},"geometry":{"type":"Point","coordinates":[8.45928,11.97797]}},{"type":"Feature","properties":{"name":"Jambulo Health Clinic","kind":"clinic","ownership":"Public","level":"Primary","kind_detail":"Clinic","lga":"Gwale","ward":"Dorayi"},"geometry":{"type":"Point","coordinates":[8.4715,11.97737]}},{"type":"Feature","properties":{"name":"Maryam Clinic And Maternity","kind":"clinic","ownership":"Private","level":"Secondary","kind_detail":"Maternity Home","lga":"Gwale","ward":"Sani Mai Nagge"},"geometry":{"type":"Point","coordinates":[8.49829,11.98605]}},{"type":"Feature","properties":{"name":"Kofar Naisa Health Clinic","kind":"clinic","ownership":"Public","level":"Primary","kind_detail":"Clinic","lga":"Gwale","ward":"Gwale"},"geometry":{"type":"Point","coordinates":[8.51667,11.98401]}},{"type":"Feature","properties":{"name":"Rijiya Biyu Community Health Clinic","kind":"clinic","ownership":"Public","level":"Primary","kind_detail":"Clinic","lga":"Dala","ward":"Dala"},"geometry":{"type":"Point","coordinates":[8.50742,12.00605]}},{"type":"Feature","properties":{"name":"Use Awarnes","kind":"clinic","ownership":"Private","level":"Primary","kind_detail":"Primary Health Center","lga":"Kano Municipal","ward":"Chedi"},"geometry":{"type":"Point","coordinates":[8.51769,12.00035]}},{"type":"Feature","properties":{"name":"Kano Prison Clinic","kind":"clinic","ownership":"Public","level":"Primary","kind_detail":"Clinic","lga":"Kano Municipal","ward":"Kan Karofi"},"geometry":{"type":"Point","coordinates":[8.5208,11.99044]}},{"type":"Feature","properties":{"name":"Nuhu Bammali Maternity Hospital","kind":"clinic","ownership":"Public","level":"Secondary","kind_detail":"Hospital","lga":"Kano Municipal","ward":"Kan Karofi"},"geometry":{"type":"Point","coordinates":[8.52898,11.99126]}},{"type":"Feature","properties":{"name":"Sheikh Isyaka Rabiu Paediatric Hospital","kind":"clinic","ownership":"Public","level":"Tertiary","kind_detail":"General Hospital","lga":"Tarauni","ward":"Babban Giji"},"geometry":{"type":"Point","coordinates":[8.53236,11.97025]}},{"type":"Feature","properties":{"name":"New Tyrones Clinic","kind":"clinic","ownership":"Private","level":"Primary","kind_detail":"Clinic","lga":"Fagge","ward":"Sabon Gari East"},"geometry":{"type":"Point","coordinates":[8.53551,12.0183]}},{"type":"Feature","properties":{"name":"Tiga Clinic And Maternity","kind":"clinic","ownership":"Private","level":"Primary","kind_detail":"Maternity Home","lga":"Fagge","ward":"Fagge A"},"geometry":{"type":"Point","coordinates":[8.53715,12.00016]}},{"type":"Feature","properties":{"name":"Premier Hospital","kind":"clinic","ownership":"Private","level":"Secondary","kind_detail":"Teaching/Tertiary Hospital","lga":"Tarauni","ward":"Babban Giji"},"geometry":{"type":"Point","coordinates":[8.5381,11.97474]}},{"type":"Feature","properties":{"name":"Ideal Hospital","kind":"clinic","ownership":"Private","level":"Primary","kind_detail":"Hospital","lga":"Fagge","ward":"Sabon Gari East"},"geometry":{"type":"Point","coordinates":[8.53837,12.01761]}},{"type":"Feature","properties":{"name":"Head Of Service Primary Health Clinic","kind":"clinic","ownership":"Public","level":"Primary","kind_detail":"Health Post","lga":"Tarauni","ward":"Tarauni"},"geometry":{"type":"Point","coordinates":[8.53855,11.98394]}},{"type":"Feature","properties":{"name":"Access Clinic","kind":"clinic","ownership":"Private","level":"Secondary","kind_detail":"General Hospital","lga":"Tarauni","ward":"Gyadi Gyadi Arewa"},"geometry":{"type":"Point","coordinates":[8.54114,11.97802]}},{"type":"Feature","properties":{"name":"Crescent Clinic","kind":"clinic","ownership":"Private","level":"Secondary","kind_detail":"General Hospital","lga":"Tarauni","ward":"Gyadi Gyadi Arewa"},"geometry":{"type":"Point","coordinates":[8.54123,11.97293]}},{"type":"Feature","properties":{"name":"International Clinic And Hospital","kind":"clinic","ownership":"Private","level":"Secondary","kind_detail":"Hospital","lga":"Fagge","ward":"Sabon Gari East"},"geometry":{"type":"Point","coordinates":[8.54235,12.01027]}},{"type":"Feature","properties":{"name":"Amina Specialist Hospital And Maternity","kind":"clinic","ownership":"","level":"","kind_detail":"","lga":"Nassarawa","ward":"Tudun Wada"},"geometry":{"type":"Point","coordinates":[8.54341,12.01042]}},{"type":"Feature","properties":{"name":"Ahmadiyya Muslim Hospital","kind":"clinic","ownership":"","level":"","kind_detail":"","lga":"Nassarawa","ward":"Tudun Wada"},"geometry":{"type":"Point","coordinates":[8.54809,12.00655]}},{"type":"Feature","properties":{"name":"Kara Health Center","kind":"clinic","ownership":"","level":"","kind_detail":"","lga":"Nassarawa","ward":"Giginyu"},"geometry":{"type":"Point","coordinates":[8.54916,12.00565]}},{"type":"Feature","properties":{"name":"Wisdom Hospital","kind":"clinic","ownership":"","level":"","kind_detail":"","lga":"Nassarawa","ward":"Giginyu"},"geometry":{"type":"Point","coordinates":[8.54992,11.99525]}},{"type":"Feature","properties":{"name":"Almu Memorial Hospital","kind":"clinic","ownership":"Private","level":"Secondary","kind_detail":"General Hospital","lga":"Tarauni","ward":"Daurawa"},"geometry":{"type":"Point","coordinates":[8.55132,11.96832]}},{"type":"Feature","properties":{"name":"Government House Primary Health Clinic","kind":"clinic","ownership":"Public","level":"Primary","kind_detail":"General Hospital","lga":"Tarauni","ward":"Tarauni"},"geometry":{"type":"Point","coordinates":[8.55217,11.98291]}},{"type":"Feature","properties":{"name":"Coppper Store Hospital","kind":"clinic","ownership":"","level":"","kind_detail":"","lga":"Nassarawa","ward":"Tudun Wada"},"geometry":{"type":"Point","coordinates":[8.5545,12.0119]}},{"type":"Feature","properties":{"name":"Bompai Police Clinic","kind":"clinic","ownership":"","level":"","kind_detail":"","lga":"Nassarawa","ward":"Tudun Wada"},"geometry":{"type":"Point","coordinates":[8.55648,12.01276]}},{"type":"Feature","properties":{"name":"Kano Primary Health Center","kind":"clinic","ownership":"","level":"","kind_detail":"","lga":"Nassarawa","ward":"Giginyu"},"geometry":{"type":"Point","coordinates":[8.55889,11.99837]}},{"type":"Feature","properties":{"name":"Al Amin Medical Center","kind":"clinic","ownership":"Private","level":"Unknown","kind_detail":"Medical Center","lga":"Tarauni","ward":"Hotoro"},"geometry":{"type":"Point","coordinates":[8.56028,11.97122]}},{"type":"Feature","properties":{"name":"Cavisdish Hospital","kind":"clinic","ownership":"","level":"","kind_detail":"","lga":"Nassarawa","ward":"Giginyu"},"geometry":{"type":"Point","coordinates":[8.56048,11.98534]}},{"type":"Feature","properties":{"name":"Kan Med Skin Care And Medical Diagnosis","kind":"clinic","ownership":"","level":"","kind_detail":"","lga":"Nassarawa","ward":"Giginyu"},"geometry":{"type":"Point","coordinates":[8.56327,11.98323]}},{"type":"Feature","properties":{"name":"Northern Nigerian Staff Clinic","kind":"clinic","ownership":"","level":"","kind_detail":"","lga":"Nassarawa","ward":"Dakata"},"geometry":{"type":"Point","coordinates":[8.56374,12.02313]}},{"type":"Feature","properties":{"name":"Aurora Hospital Specialist","kind":"clinic","ownership":"Private","level":"Unknown","kind_detail":"Specialist Hospital","lga":"Tarauni","ward":"Hotoro"},"geometry":{"type":"Point","coordinates":[8.56383,11.97543]}},{"type":"Feature","properties":{"name":"Doctors Clinic","kind":"clinic","ownership":"","level":"","kind_detail":"","lga":"Nassarawa","ward":"Kawaji"},"geometry":{"type":"Point","coordinates":[8.56634,12.013]}},{"type":"Feature","properties":{"name":"Prime Allaiance Multicare Specialist Hospital","kind":"clinic","ownership":"","level":"","kind_detail":"","lga":"Nassarawa","ward":"Hotoro North"},"geometry":{"type":"Point","coordinates":[8.56759,11.97642]}},{"type":"Feature","properties":{"name":"Sahara Hospital Specialist","kind":"clinic","ownership":"Private","level":"Unknown","kind_detail":"Specialist Hospital","lga":"Tarauni","ward":"Hotoro"},"geometry":{"type":"Point","coordinates":[8.56973,11.97278]}},{"type":"Feature","properties":{"name":"Ultimate Care Hospital","kind":"clinic","ownership":"","level":"","kind_detail":"","lga":"Nassarawa","ward":"Kawaji"},"geometry":{"type":"Point","coordinates":[8.5702,12.00737]}},{"type":"Feature","properties":{"name":"Hallmark Clinic","kind":"clinic","ownership":"","level":"","kind_detail":"","lga":"Nassarawa","ward":"Hotoro South"},"geometry":{"type":"Point","coordinates":[8.5706,11.97349]}},{"type":"Feature","properties":{"name":"Abdulwahab Clinic","kind":"clinic","ownership":"","level":"","kind_detail":"","lga":"Nassarawa","ward":"Kawaji"},"geometry":{"type":"Point","coordinates":[8.57201,12.01065]}},{"type":"Feature","properties":{"name":"Yacham Clinic","kind":"clinic","ownership":"","level":"","kind_detail":"","lga":"Nassarawa","ward":"Giginyu"},"geometry":{"type":"Point","coordinates":[8.57213,11.9975]}},{"type":"Feature","properties":{"name":"Malam Shu'Aibu Medical Center","kind":"clinic","ownership":"","level":"","kind_detail":"","lga":"Nassarawa","ward":"Tudun Wada"},"geometry":{"type":"Point","coordinates":[8.55676,12.02132]}},{"type":"Feature","properties":{"name":"Where-Else Clinic","kind":"clinic","ownership":"Private","level":"Secondary","kind_detail":"Clinic","lga":"Fagge","ward":"Sabon Gari East"},"geometry":{"type":"Point","coordinates":[8.53923,12.01808]}},{"type":"Feature","properties":{"name":"Tudun Wada Health Post","kind":"clinic","ownership":"","level":"","kind_detail":"","lga":"Nassarawa","ward":"Tudun Wada"},"geometry":{"type":"Point","coordinates":[8.55358,12.02295]}},{"type":"Feature","properties":{"name":"Jogana Dispensary","kind":"clinic","ownership":"Public","level":"Primary","kind_detail":"Health Post","lga":"Ungogo","ward":"Rijiyar Zaki"},"geometry":{"type":"Point","coordinates":[8.41924,12.0158]}},{"type":"Feature","properties":{"name":"Rimin Zakara Health Post","kind":"clinic","ownership":"Public","level":"Primary","kind_detail":"Health Post","lga":"Ungogo","ward":"Rijiyar Zaki"},"geometry":{"type":"Point","coordinates":[8.42863,11.99557]}},{"type":"Feature","properties":{"name":"Rimin Gata Health Post","kind":"clinic","ownership":"Public","level":"Primary","kind_detail":"Health Post","lga":"Ungogo","ward":"Rijiyar Zaki"},"geometry":{"type":"Point","coordinates":[8.4354,11.99467]}},{"type":"Feature","properties":{"name":"Dausayi Health Post","kind":"clinic","ownership":"Public","level":"Primary","kind_detail":"Health Post","lga":"Ungogo","ward":"Rijiyar Zaki"},"geometry":{"type":"Point","coordinates":[8.44418,12.01305]}},{"type":"Feature","properties":{"name":"Khadija Clinic","kind":"clinic","ownership":"","level":"","kind_detail":"","lga":"Gwale","ward":"Dorayi"},"geometry":{"type":"Point","coordinates":[8.44575,11.97242]}},{"type":"Feature","properties":{"name":"Gofaru Primary Health Center","kind":"clinic","ownership":"Public","level":"Primary","kind_detail":"Primary Health Center","lga":"Ungogo","ward":"Rijiyar Zaki"},"geometry":{"type":"Point","coordinates":[8.44872,12.01188]}},{"type":"Feature","properties":{"name":"Tofa Dispensary","kind":"clinic","ownership":"Public","level":"Primary","kind_detail":"Health Post","lga":"Ungogo","ward":"Tudun Fulani"},"geometry":{"type":"Point","coordinates":[8.44971,12.00763]}},{"type":"Feature","properties":{"name":"Wangara Dispensary","kind":"clinic","ownership":"Public","level":"Primary","kind_detail":"Health Post","lga":"Ungogo","ward":"Tudun Fulani"},"geometry":{"type":"Point","coordinates":[8.45318,12.02235]}},{"type":"Feature","properties":{"name":"Gadan Health Post","kind":"clinic","ownership":"Public","level":"Primary","kind_detail":"Health Post","lga":"Ungogo","ward":"Tudun Fulani"},"geometry":{"type":"Point","coordinates":[8.45568,12.00338]}},{"type":"Feature","properties":{"name":"Al-Istijaba Global Clinic","kind":"clinic","ownership":"Private","level":"Primary","kind_detail":"Clinic","lga":"Ungogo","ward":"Tudun Fulani"},"geometry":{"type":"Point","coordinates":[8.45607,11.99976]}},{"type":"Feature","properties":{"name":"Balarabe Chiroma Primary Health Center","kind":"clinic","ownership":"Public","level":"Primary","kind_detail":"Primary Health Center","lga":"Ungogo","ward":"Rijiyar Zaki"},"geometry":{"type":"Point","coordinates":[8.4584,11.97887]}},{"type":"Feature","properties":{"name":"Bajallabe Health Post","kind":"clinic","ownership":"Public","level":"Primary","kind_detail":"Health Post","lga":"Ungogo","ward":"Tudun Fulani"},"geometry":{"type":"Point","coordinates":[8.46453,12.0101]}},{"type":"Feature","properties":{"name":"Waika Waje Health Post","kind":"clinic","ownership":"Public","level":"Primary","kind_detail":"Health Post","lga":"Gwale","ward":"Kabuga"},"geometry":{"type":"Point","coordinates":[8.47483,12.02025]}},{"type":"Feature","properties":{"name":"Badiatu Clinic And Maternity","kind":"clinic","ownership":"Private","level":"Primary","kind_detail":"Maternity Home","lga":"Gwale","ward":"Kabuga"},"geometry":{"type":"Point","coordinates":[8.48162,12.01283]}},{"type":"Feature","properties":{"name":"Dandinshe Model Primary Health Center Primary Health Centre","kind":"clinic","ownership":"Public","level":"Primary","kind_detail":"Primary Health Center","lga":"Dala","ward":"Kofar Ruwa"},"geometry":{"type":"Point","coordinates":[8.48592,12.02034]}},{"type":"Feature","properties":{"name":"Goron Dutse Health Post","kind":"clinic","ownership":"Public","level":"Primary","kind_detail":"Clinic","lga":"Gwale","ward":"Goron Dutse"},"geometry":{"type":"Point","coordinates":[8.48893,12.00537]}},{"type":"Feature","properties":{"name":"Tudun Yola Clinic","kind":"clinic","ownership":"Public","level":"Primary","kind_detail":"Clinic","lga":"Gwale","ward":"Kabuga"},"geometry":{"type":"Point","coordinates":[8.47197,11.9972]}},{"type":"Feature","properties":{"name":"Unguabai Primary Health Centre","kind":"clinic","ownership":"Public","level":"Primary","kind_detail":"Primary Health Center","lga":"Gwale","ward":"Kabuga"},"geometry":{"type":"Point","coordinates":[8.48112,12.01312]}},{"type":"Feature","properties":{"name":"City Clinic","kind":"clinic","ownership":"Private","level":"Primary","kind_detail":"Clinic","lga":"Dala","ward":"Dogon Nama"},"geometry":{"type":"Point","coordinates":[8.49474,12.00149]}},{"type":"Feature","properties":{"name":"City Medical Clinic","kind":"clinic","ownership":"Private","level":"Primary","kind_detail":"Clinic","lga":"Dala","ward":"Dala"},"geometry":{"type":"Point","coordinates":[8.49807,12.00834]}},{"type":"Feature","properties":{"name":"Usmaniyya Mai Jama'A Clinic And Maternity","kind":"clinic","ownership":"Private","level":"Secondary","kind_detail":"Maternity Home","lga":"Dala","ward":"Dala"},"geometry":{"type":"Point","coordinates":[8.49826,12.00797]}},{"type":"Feature","properties":{"name":"Yalwa / Madakingini Clinic Maternal And Child Health","kind":"clinic","ownership":"Public","level":"Primary","kind_detail":"Primary Health Center","lga":"Dala","ward":"Yalwa"},"geometry":{"type":"Point","coordinates":[8.50029,12.00253]}},{"type":"Feature","properties":{"name":"National Orthopaedic Hospital Dala","kind":"clinic","ownership":"Public","level":"Tertiary","kind_detail":"Hospital","lga":"Dala","ward":"Kofar Ruwa"},"geometry":{"type":"Point","coordinates":[8.50236,12.02086]}},{"type":"Feature","properties":{"name":"Sheikh Abubakar Mujin Yawa Health Care","kind":"clinic","ownership":"Public","level":"Primary","kind_detail":"Health Center","lga":"Dala","ward":"Bakin Ruwa"},"geometry":{"type":"Point","coordinates":[8.5031,11.99907]}},{"type":"Feature","properties":{"name":"Madakin Gini Health Clinic","kind":"clinic","ownership":"Public","level":"Primary","kind_detail":"Clinic","lga":"Dala","ward":"Madigawa"},"geometry":{"type":"Point","coordinates":[8.50477,12.00326]}},{"type":"Feature","properties":{"name":"Mailafiya Sanka Primary Health Centre","kind":"clinic","ownership":"Public","level":"Primary","kind_detail":"Primary Health Center","lga":"Dala","ward":"Yalwa"},"geometry":{"type":"Point","coordinates":[8.50503,12.0033]}},{"type":"Feature","properties":{"name":"Dausayi Health Clinic","kind":"clinic","ownership":"Public","level":"Primary","kind_detail":"Clinic","lga":"Gwale","ward":"Goron Dutse"},"geometry":{"type":"Point","coordinates":[8.50548,11.99679]}},{"type":"Feature","properties":{"name":"Mai Unguwa Garba Health Clinic","kind":"clinic","ownership":"Public","level":"Primary","kind_detail":"Clinic","lga":"Dala","ward":"Dala"},"geometry":{"type":"Point","coordinates":[8.50596,12.00801]}},{"type":"Feature","properties":{"name":"Dala Maternal And Child Health Centre","kind":"clinic","ownership":"Public","level":"Primary","kind_detail":"Primary Health Center","lga":"Dala","ward":"Kabuwaya"},"geometry":{"type":"Point","coordinates":[8.50596,12.01342]}},{"type":"Feature","properties":{"name":"Garangamawa Primary Health Centre","kind":"clinic","ownership":"Public","level":"Primary","kind_detail":"Primary Health Center","lga":"Gwale","ward":"Dandago"},"geometry":{"type":"Point","coordinates":[8.50732,11.99401]}},{"type":"Feature","properties":{"name":"Danlashi Model Health Center","kind":"clinic","ownership":"Public","level":"Primary","kind_detail":"Primary Health Center","lga":"Dala","ward":"Dala"},"geometry":{"type":"Point","coordinates":[8.5075,12.01012]}},{"type":"Feature","properties":{"name":"Gwammaja Clinic Maternal And Child Health","kind":"clinic","ownership":"Public","level":"Primary","kind_detail":"Clinic","lga":"Dala","ward":"Gwammaja"},"geometry":{"type":"Point","coordinates":[8.50752,12.02017]}},{"type":"Feature","properties":{"name":"Sabo Bakin Zuwo Maternity Hospital","kind":"clinic","ownership":"Public","level":"Secondary","kind_detail":"Hospital","lga":"Kano Municipal","ward":"Tudun Nufawa"},"geometry":{"type":"Point","coordinates":[8.50892,12.00051]}},{"type":"Feature","properties":{"name":"Kantudu Health Clinic","kind":"clinic","ownership":"Public","level":"Primary","kind_detail":"Clinic","lga":"Dala","ward":"Kantudu"},"geometry":{"type":"Point","coordinates":[8.50969,12.01148]}},{"type":"Feature","properties":{"name":"Nura Sarhamu Clinic","kind":"clinic","ownership":"Private","level":"Primary","kind_detail":"Clinic","lga":"Gwale","ward":"Mandawari"},"geometry":{"type":"Point","coordinates":[8.51151,11.99341]}},{"type":"Feature","properties":{"name":"Gozarki Health Center","kind":"clinic","ownership":"Public","level":"Primary","kind_detail":"Health Center","lga":"Dala","ward":"Gwammaja"},"geometry":{"type":"Point","coordinates":[8.51161,12.01516]}},{"type":"Feature","properties":{"name":"Alfindiki Health Clinic","kind":"clinic","ownership":"Public","level":"Primary","kind_detail":"Clinic","lga":"Kano Municipal","ward":"Tudun Nufawa"},"geometry":{"type":"Point","coordinates":[8.51178,11.99798]}},{"type":"Feature","properties":{"name":"Alfindiki Health Clinic","kind":"clinic","ownership":"Public","level":"Primary","kind_detail":"Clinic","lga":"Kano Municipal","ward":"She She"},"geometry":{"type":"Point","coordinates":[8.51186,11.99851]}},{"type":"Feature","properties":{"name":"Juwairiyya Clinic","kind":"clinic","ownership":"Private","level":"Secondary","kind_detail":"Clinic","lga":"Dala","ward":"Kofar Mazugal"},"geometry":{"type":"Point","coordinates":[8.51211,12.01485]}},{"type":"Feature","properties":{"name":"Marmara Maternity Hospital","kind":"clinic","ownership":"Public","level":"Secondary","kind_detail":"Hospital","lga":"Kano Municipal","ward":"She She"},"geometry":{"type":"Point","coordinates":[8.51272,11.99693]}},{"type":"Feature","properties":{"name":"Adakawa Health Post","kind":"clinic","ownership":"Public","level":"Primary","kind_detail":"Health Post","lga":"Dala","ward":"Adakawa"},"geometry":{"type":"Point","coordinates":[8.51368,12.00778]}},{"type":"Feature","properties":{"name":"Datti Wudilawa Clinic","kind":"clinic","ownership":"Public","level":"Primary","kind_detail":"Clinic","lga":"Kano Municipal","ward":"She She"},"geometry":{"type":"Point","coordinates":[8.51551,11.99431]}},{"type":"Feature","properties":{"name":"Mayanka Primary Health Centre","kind":"clinic","ownership":"Public","level":"Primary","kind_detail":"Primary Health Center","lga":"Kano Municipal","ward":"Zaitawa"},"geometry":{"type":"Point","coordinates":[8.51612,12.00551]}},{"type":"Feature","properties":{"name":"Kofar Mazugal Health Post","kind":"clinic","ownership":"Public","level":"Primary","kind_detail":"Clinic","lga":"Dala","ward":"Kofar Mazugal"},"geometry":{"type":"Point","coordinates":[8.51621,12.01517]}},{"type":"Feature","properties":{"name":"Madatai Primary Health Centre","kind":"clinic","ownership":"Public","level":"Primary","kind_detail":"Primary Health Center","lga":"Kano Municipal","ward":"Zango"},"geometry":{"type":"Point","coordinates":[8.51632,11.99844]}},{"type":"Feature","properties":{"name":"Chedi Health Clinic","kind":"clinic","ownership":"Public","level":"Primary","kind_detail":"Clinic","lga":"Kano Municipal","ward":"Shahuchi"},"geometry":{"type":"Point","coordinates":[8.51656,12.00201]}},{"type":"Feature","properties":{"name":"Garba Mai Sikali Clinic And Maternity","kind":"clinic","ownership":"Private","level":"Primary","kind_detail":"Maternity Home","lga":"Dala","ward":"Kofar Mazugal"},"geometry":{"type":"Point","coordinates":[8.51752,12.01367]}},{"type":"Feature","properties":{"name":"Emirs Palace Health Clinic","kind":"clinic","ownership":"Public","level":"Primary","kind_detail":"Clinic","lga":"Kano Municipal","ward":"Tudun Wazurchi"},"geometry":{"type":"Point","coordinates":[8.51799,11.99299]}},{"type":"Feature","properties":{"name":"Fuskar Gabas Health Clinic","kind":"clinic","ownership":"Public","level":"Primary","kind_detail":"Primary Health Center","lga":"Kano Municipal","ward":"Shahuchi"},"geometry":{"type":"Point","coordinates":[8.5184,12.00512]}},{"type":"Feature","properties":{"name":"Nigeran Custom Service  Hospital Kano","kind":"clinic","ownership":"Public","level":"Primary","kind_detail":"Hospital","lga":"Fagge","ward":"Fagge D2"},"geometry":{"type":"Point","coordinates":[8.51934,12.02231]}},{"type":"Feature","properties":{"name":"Joca Medical Clinic","kind":"clinic","ownership":"Private","level":"Primary","kind_detail":"Clinic","lga":"Fagge","ward":"Fagge D2"},"geometry":{"type":"Point","coordinates":[8.51995,12.02047]}},{"type":"Feature","properties":{"name":"Khadijat Memorial Hospital","kind":"clinic","ownership":"Private","level":"Secondary","kind_detail":"Hospital","lga":"Fagge","ward":"Fagge D2"},"geometry":{"type":"Point","coordinates":[8.52032,12.02196]}},{"type":"Feature","properties":{"name":"Gabari-Omega Clinic And Maternity","kind":"clinic","ownership":"Private","level":"Secondary","kind_detail":"Maternity Home","lga":"Dala","ward":"Dala"},"geometry":{"type":"Point","coordinates":[8.49736,12.00813]}},{"type":"Feature","properties":{"name":"Hassan Hussein Clinic","kind":"clinic","ownership":"Private","level":"Secondary","kind_detail":"Clinic","lga":"Fagge","ward":"Fagge D2"},"geometry":{"type":"Point","coordinates":[8.51562,12.02501]}},{"type":"Feature","properties":{"name":"Sabon Sara Primary Health Centre","kind":"clinic","ownership":"Public","level":"Primary","kind_detail":"Primary Health Center","lga":"Gwale","ward":"Mandawari"},"geometry":{"type":"Point","coordinates":[8.50968,11.9952]}},{"type":"Feature","properties":{"name":"Hanan International Family Clinic","kind":"clinic","ownership":"Private","level":"Secondary","kind_detail":"Clinic","lga":"Dala","ward":"Kofar Mazugal"},"geometry":{"type":"Point","coordinates":[8.51325,12.01493]}},{"type":"Feature","properties":{"name":"Jakara Primary Health Centre","kind":"clinic","ownership":"Public","level":"Primary","kind_detail":"Clinic","lga":"Kano Municipal","ward":"Jakara"},"geometry":{"type":"Point","coordinates":[8.51184,12.0042]}},{"type":"Feature","properties":{"name":"Lawan Danbazau Primary Health Centre","kind":"clinic","ownership":"Public","level":"Primary","kind_detail":"Clinic","lga":"Dala","ward":"Dala"},"geometry":{"type":"Point","coordinates":[8.50996,12.0061]}},{"type":"Feature","properties":{"name":"Fuskar Arewa Primary Health Centre","kind":"clinic","ownership":"Public","level":"Primary","kind_detail":"Clinic","lga":"Dala","ward":"Dala"},"geometry":{"type":"Point","coordinates":[8.51005,12.00606]}},{"type":"Feature","properties":{"name":"Madigawa Health Clinic","kind":"clinic","ownership":"Public","level":"Primary","kind_detail":"Clinic","lga":"Dala","ward":"Madigawa"},"geometry":{"type":"Point","coordinates":[8.50635,12.00068]}},{"type":"Feature","properties":{"name":"Kofar Ruwa Health Clinic","kind":"clinic","ownership":"Public","level":"Primary","kind_detail":"Clinic","lga":"Dala","ward":"Kofar Ruwa"},"geometry":{"type":"Point","coordinates":[8.49678,12.01948]}},{"type":"Feature","properties":{"name":"Yan'Awaki Primary Health Centre","kind":"clinic","ownership":"Public","level":"Primary","kind_detail":"Primary Health Center","lga":"Kano Municipal","ward":"Zaitawa"},"geometry":{"type":"Point","coordinates":[8.52306,12.00928]}},{"type":"Feature","properties":{"name":"Zubairiyya Health Post","kind":"clinic","ownership":"Public","level":"Primary","kind_detail":"Health Post","lga":"Kano Municipal","ward":"Yakasai"},"geometry":{"type":"Point","coordinates":[8.52344,11.99491]}},{"type":"Feature","properties":{"name":"Dr Abubakar Imam Urology Hospital","kind":"clinic","ownership":"Public","level":"Secondary","kind_detail":"Hospital","lga":"Fagge","ward":"Sabon Gari West"},"geometry":{"type":"Point","coordinates":[8.52591,12.01471]}},{"type":"Feature","properties":{"name":"Sabo Garba Maternal And Child Health Clinic","kind":"clinic","ownership":"Private","level":"Primary","kind_detail":"Primary Health Clinic","lga":"Fagge","ward":"Sabon Gari West"},"geometry":{"type":"Point","coordinates":[8.52683,12.01292]}},{"type":"Feature","properties":{"name":"Infectious Disease Hospital","kind":"clinic","ownership":"Public","level":"Secondary","kind_detail":"Hospital","lga":"Fagge","ward":"Sabon Gari West"},"geometry":{"type":"Point","coordinates":[8.52775,12.01514]}},{"type":"Feature","properties":{"name":"Yakasai Zumunta And Maternity Centre","kind":"clinic","ownership":"Public","level":"Primary","kind_detail":"Clinic","lga":"Kano Municipal","ward":"Yakasai"},"geometry":{"type":"Point","coordinates":[8.52775,11.99395]}},{"type":"Feature","properties":{"name":"Access Dental Clinic","kind":"clinic","ownership":"Private","level":"Primary","kind_detail":"Dental Clinic","lga":"Fagge","ward":"Sabon Gari West"},"geometry":{"type":"Point","coordinates":[8.52892,12.0147]}},{"type":"Feature","properties":{"name":"Omega Clinic","kind":"clinic","ownership":"Private","level":"Primary","kind_detail":"Clinic","lga":"Fagge","ward":"Sabon Gari West"},"geometry":{"type":"Point","coordinates":[8.52944,12.0199]}},{"type":"Feature","properties":{"name":"Emotan Clinic And Maternity","kind":"clinic","ownership":"Private","level":"Primary","kind_detail":"Maternity Home","lga":"Fagge","ward":"Sabon Gari West"},"geometry":{"type":"Point","coordinates":[8.53151,12.01863]}},{"type":"Feature","properties":{"name":"Qualitech Clinic","kind":"clinic","ownership":"Private","level":"Secondary","kind_detail":"Clinic","lga":"Fagge","ward":"Sabon Gari West"},"geometry":{"type":"Point","coordinates":[8.53189,12.02493]}},{"type":"Feature","properties":{"name":"Universal Clinic","kind":"clinic","ownership":"Private","level":"Primary","kind_detail":"Clinic","lga":"Fagge","ward":"Sabon Gari West"},"geometry":{"type":"Point","coordinates":[8.53194,12.02659]}},{"type":"Feature","properties":{"name":"Greenland Clinic And Maternity","kind":"clinic","ownership":"Private","level":"Primary","kind_detail":"Maternity Home","lga":"Fagge","ward":"Sabon Gari West"},"geometry":{"type":"Point","coordinates":[8.53233,12.02661]}},{"type":"Feature","properties":{"name":"Ejeoma Clinic","kind":"clinic","ownership":"Private","level":"Primary","kind_detail":"Clinic","lga":"Fagge","ward":"Sabon Gari West"},"geometry":{"type":"Point","coordinates":[8.53253,12.01574]}},{"type":"Feature","properties":{"name":"Maimuna Allah Raya Hospital","kind":"clinic","ownership":"Private","level":"Primary","kind_detail":"Hospital","lga":"Fagge","ward":"Sabon Gari West"},"geometry":{"type":"Point","coordinates":[8.53359,12.01957]}},{"type":"Feature","properties":{"name":"Sabo Clinic","kind":"clinic","ownership":"Private","level":"Primary","kind_detail":"Clinic","lga":"Fagge","ward":"Fagge A"},"geometry":{"type":"Point","coordinates":[8.53392,12.00516]}},{"type":"Feature","properties":{"name":"Sheik Jiddah General Hospital","kind":"clinic","ownership":"Public","level":"Secondary","kind_detail":"General Hospital","lga":"Fagge","ward":"Fagge C"},"geometry":{"type":"Point","coordinates":[8.53395,12.01002]}},{"type":"Feature","properties":{"name":"Crown Dental Clinic","kind":"clinic","ownership":"Private","level":"Primary","kind_detail":"Dental Clinic","lga":"Fagge","ward":"Fagge A"},"geometry":{"type":"Point","coordinates":[8.53411,12.00089]}},{"type":"Feature","properties":{"name":"Good Pasture Clinic","kind":"clinic","ownership":"Private","level":"Secondary","kind_detail":"Clinic","lga":"Fagge","ward":"Sabon Gari West"},"geometry":{"type":"Point","coordinates":[8.53426,12.02653]}},{"type":"Feature","properties":{"name":"Middle Road Clinic Maternal And Child Health","kind":"clinic","ownership":"Public","level":"Primary","kind_detail":"Primary Health Center","lga":"Fagge","ward":"Sabon Gari West"},"geometry":{"type":"Point","coordinates":[8.53417,12.01927]}},{"type":"Feature","properties":{"name":"Wapa Health Post","kind":"clinic","ownership":"Public","level":"Primary","kind_detail":"Clinic","lga":"Fagge","ward":"Fagge D1"},"geometry":{"type":"Point","coordinates":[8.52693,12.01094]}},{"type":"Feature","properties":{"name":"Sabo Garba Maternal And Child Clinic","kind":"clinic","ownership":"Public","level":"Primary","kind_detail":"Primary Health Center","lga":"Fagge","ward":"Fagge A"},"geometry":{"type":"Point","coordinates":[8.52862,12.00446]}},{"type":"Feature","properties":{"name":"Galadima Health Post","kind":"clinic","ownership":"Public","level":"Primary","kind_detail":"Clinic","lga":"Fagge","ward":"Fagge B"},"geometry":{"type":"Point","coordinates":[8.52816,12.00814]}},{"type":"Feature","properties":{"name":"Fatima Ganduje Primary Health Centre","kind":"clinic","ownership":"Public","level":"Primary","kind_detail":"Primary Health Center","lga":"Fagge","ward":"Fagge A"},"geometry":{"type":"Point","coordinates":[8.52339,12.01156]}},{"type":"Feature","properties":{"name":"Chiromawa Primary Health Center","kind":"clinic","ownership":"Public","level":"Primary","kind_detail":"Primary Health Center","lga":"Ungogo","ward":"Tudun Fulani"},"geometry":{"type":"Point","coordinates":[8.41178,12.03669]}},{"type":"Feature","properties":{"name":"Santsi Dispensary","kind":"clinic","ownership":"Public","level":"Primary","kind_detail":"Health Post","lga":"Fagge","ward":"Kwachiri"},"geometry":{"type":"Point","coordinates":[8.5271,12.02974]}},{"type":"Feature","properties":{"name":"Zakirai Comprehensive Health Center","kind":"clinic","ownership":"Public","level":"Primary","kind_detail":"Health Center","lga":"Ungogo","ward":"Fanisau"},"geometry":{"type":"Point","coordinates":[8.53102,12.0628]}},{"type":"Feature","properties":{"name":"349 Nigerian Airforce Base Hospital","kind":"clinic","ownership":"Public","level":"Secondary","kind_detail":"Hospital","lga":"Fagge","ward":"Kwachiri"},"geometry":{"type":"Point","coordinates":[8.5316,12.045]}},{"type":"Feature","properties":{"name":"St Luke Hospital And Maternity","kind":"clinic","ownership":"Private","level":"Secondary","kind_detail":"Hospital","lga":"Fagge","ward":"Sabon Gari West"},"geometry":{"type":"Point","coordinates":[8.53291,12.02991]}},{"type":"Feature","properties":{"name":"Continental Clinic","kind":"clinic","ownership":"Private","level":"Primary","kind_detail":"Clinic","lga":"Fagge","ward":"Sabon Gari West"},"geometry":{"type":"Point","coordinates":[8.53317,12.02724]}},{"type":"Feature","properties":{"name":"Yola Health Post","kind":"clinic","ownership":"Public","level":"Primary","kind_detail":"Health Post","lga":"Ungogo","ward":"Fanisau"},"geometry":{"type":"Point","coordinates":[8.53377,12.06399]}},{"type":"Feature","properties":{"name":"Tunik Hospital","kind":"clinic","ownership":"Private","level":"Secondary","kind_detail":"Hospital","lga":"Fagge","ward":"Sabon Gari West"},"geometry":{"type":"Point","coordinates":[8.53465,12.02904]}},{"type":"Feature","properties":{"name":"Mother Of Good Council  Clinic","kind":"clinic","ownership":"Private","level":"Primary","kind_detail":"Maternity Home","lga":"Fagge","ward":"Sabon Gari West"},"geometry":{"type":"Point","coordinates":[8.53469,12.03092]}},{"type":"Feature","properties":{"name":"Codial  Hospital","kind":"clinic","ownership":"Private","level":"Secondary","kind_detail":"Hospital","lga":"Fagge","ward":"Sabon Gari East"},"geometry":{"type":"Point","coordinates":[8.53512,12.02619]}},{"type":"Feature","properties":{"name":"Assumpta Clinic","kind":"clinic","ownership":"Private","level":"Primary","kind_detail":"Clinic","lga":"Fagge","ward":"Sabon Gari West"},"geometry":{"type":"Point","coordinates":[8.53523,12.03141]}},{"type":"Feature","properties":{"name":"Zoputa Clinic Maternity","kind":"clinic","ownership":"Private","level":"Primary","kind_detail":"Maternity Home","lga":"Fagge","ward":"Sabon Gari West"},"geometry":{"type":"Point","coordinates":[8.53526,12.03155]}},{"type":"Feature","properties":{"name":"Fortress Clinic And Maternity","kind":"clinic","ownership":"Private","level":"Secondary","kind_detail":"Maternity Home","lga":"Fagge","ward":"Sabon Gari West"},"geometry":{"type":"Point","coordinates":[8.53558,12.02627]}},{"type":"Feature","properties":{"name":"The Potters Specialist Clinic","kind":"clinic","ownership":"Private","level":"Secondary","kind_detail":"Specialist Clinic","lga":"Fagge","ward":"Sabon Gari West"},"geometry":{"type":"Point","coordinates":[8.53654,12.03262]}},{"type":"Feature","properties":{"name":"Tarauni Health Post","kind":"clinic","ownership":"Public","level":"Primary","kind_detail":"Health Post","lga":"Ungogo","ward":"Fanisau"},"geometry":{"type":"Point","coordinates":[8.53826,12.06804]}},{"type":"Feature","properties":{"name":"Nakowa Clinic","kind":"clinic","ownership":"Private","level":"Primary","kind_detail":"Clinic","lga":"Fagge","ward":"Sabon Gari West"},"geometry":{"type":"Point","coordinates":[8.53845,12.03001]}},{"type":"Feature","properties":{"name":"Maria Village Specialist Clinic And Maternity","kind":"clinic","ownership":"Private","level":"Primary","kind_detail":"Maternity Home","lga":"Fagge","ward":"Sabon Gari East"},"geometry":{"type":"Point","coordinates":[8.53893,12.04608]}},{"type":"Feature","properties":{"name":"Modular Clinic And Maternity","kind":"clinic","ownership":"Private","level":"Secondary","kind_detail":"Maternity Home","lga":"Fagge","ward":"Sabon Gari East"},"geometry":{"type":"Point","coordinates":[8.53912,12.01847]}},{"type":"Feature","properties":{"name":"Catherina Clinic","kind":"clinic","ownership":"Private","level":"Primary","kind_detail":"Clinic","lga":"Fagge","ward":"Sabon Gari West"},"geometry":{"type":"Point","coordinates":[8.53924,12.02653]}},{"type":"Feature","properties":{"name":"Naz Specialist Clinic And Maternity","kind":"clinic","ownership":"Private","level":"Secondary","kind_detail":"Maternity Home","lga":"Fagge","ward":"Sabon Gari West"},"geometry":{"type":"Point","coordinates":[8.53963,12.02716]}},{"type":"Feature","properties":{"name":"Birnin Rayuwa Hospital","kind":"clinic","ownership":"Private","level":"Primary","kind_detail":"Hospital","lga":"Nassarawa","ward":"Gama"},"geometry":{"type":"Point","coordinates":[8.54117,12.02695]}},{"type":"Feature","properties":{"name":"Tankarau Health Post","kind":"clinic","ownership":"Public","level":"Primary","kind_detail":"Health Post","lga":"Fagge","ward":"Sabon Gari East"},"geometry":{"type":"Point","coordinates":[8.54155,12.04862]}},{"type":"Feature","properties":{"name":"Gidan Ruwa Primary Health Center","kind":"clinic","ownership":"","level":"","kind_detail":"","lga":"Nassarawa","ward":"Kaura Goje"},"geometry":{"type":"Point","coordinates":[8.54229,12.03883]}},{"type":"Feature","properties":{"name":"Ecwa Health Clinic And Maternity","kind":"clinic","ownership":"","level":"","kind_detail":"","lga":"Nassarawa","ward":"Tudun Wada"},"geometry":{"type":"Point","coordinates":[8.54476,12.01485]}},{"type":"Feature","properties":{"name":"Kaura Goje Primary Health Center","kind":"clinic","ownership":"","level":"","kind_detail":"","lga":"Nassarawa","ward":"Kaura Goje"},"geometry":{"type":"Point","coordinates":[8.54608,12.04384]}},{"type":"Feature","properties":{"name":"Gama Primary Health Center","kind":"clinic","ownership":"","level":"","kind_detail":"","lga":"Nassarawa","ward":"Gama"},"geometry":{"type":"Point","coordinates":[8.55224,12.03408]}},{"type":"Feature","properties":{"name":"Koranchi Health Post","kind":"clinic","ownership":"Public","level":"Primary","kind_detail":"Health Post","lga":"Ungogo","ward":"Gayawa"},"geometry":{"type":"Point","coordinates":[8.5538,12.06844]}},{"type":"Feature","properties":{"name":"Mallam Shaibu (T / Wada) Medical Centre","kind":"clinic","ownership":"Public","level":"Primary","kind_detail":"Primary Health Center","lga":"Nassarawa","ward":"Tudun Wada"},"geometry":{"type":"Point","coordinates":[8.55426,12.02332]}},{"type":"Feature","properties":{"name":"Kano School Of Technology Health Clinic","kind":"clinic","ownership":"","level":"","kind_detail":"","lga":"Nassarawa","ward":"Tudun Wada"},"geometry":{"type":"Point","coordinates":[8.55453,12.02348]}},{"type":"Feature","properties":{"name":"Gama Model Health Clinic And Maternity","kind":"clinic","ownership":"","level":"","kind_detail":"","lga":"Nassarawa","ward":"Gama"},"geometry":{"type":"Point","coordinates":[8.55944,12.03707]}},{"type":"Feature","properties":{"name":"Gayawa Basic Health Center","kind":"clinic","ownership":"Public","level":"Primary","kind_detail":"Primary Health Center","lga":"Ungogo","ward":"Gayawa"},"geometry":{"type":"Point","coordinates":[8.56205,12.05519]}},{"type":"Feature","properties":{"name":"Tudun Murtala Health Center","kind":"clinic","ownership":"","level":"","kind_detail":"","lga":"Nassarawa","ward":"Tudun Murtala"},"geometry":{"type":"Point","coordinates":[8.56412,12.02805]}},{"type":"Feature","properties":{"name":"Dalal ( Ungo ) Health Clinic","kind":"clinic","ownership":"Public","level":"Primary","kind_detail":"Primary Health Clinic","lga":"Ungogo","ward":"Zango"},"geometry":{"type":"Point","coordinates":[8.5671,12.04585]}},{"type":"Feature","properties":{"name":"Jaba Model Primary Health Centre","kind":"clinic","ownership":"Public","level":"Primary","kind_detail":"Primary Health Center","lga":"Fagge","ward":"Sabon Gari East"},"geometry":{"type":"Point","coordinates":[8.54595,12.05932]}},{"type":"Feature","properties":{"name":"Gwagwarwa Primary Health Center","kind":"clinic","ownership":"","level":"","kind_detail":"","lga":"Nassarawa","ward":"Gawuna"},"geometry":{"type":"Point","coordinates":[8.55068,12.02742]}},{"type":"Feature","properties":{"name":"Zaura Babba Primary Health Center","kind":"clinic","ownership":"Public","level":"Primary","kind_detail":"Primary Health Center","lga":"Ungogo","ward":"Rangaza"},"geometry":{"type":"Point","coordinates":[8.61983,12.05943]}},{"type":"Feature","properties":{"name":"Yadakunya Leprosy General Hospital","kind":"clinic","ownership":"Public","level":"Primary","kind_detail":"General Hospital","lga":"Ungogo","ward":"Yada Kunya"},"geometry":{"type":"Point","coordinates":[8.63162,12.08391]}},{"type":"Feature","properties":{"name":"Alfa Clinic","kind":"clinic","ownership":"Private","level":"Secondary","kind_detail":"Clinic","lga":"Fagge","ward":"Sabon Gari East"},"geometry":{"type":"Point","coordinates":[8.54057,12.02631]}},{"type":"Feature","properties":{"name":"Unique Care Hospital","kind":"clinic","ownership":"","level":"","kind_detail":"","lga":"Nassarawa","ward":"Tudun Wada"},"geometry":{"type":"Point","coordinates":[8.55593,12.02679]}},{"type":"Feature","properties":{"name":"Wari Hospital","kind":"clinic","ownership":"","level":"","kind_detail":"","lga":"Nassarawa","ward":"Gawuna"},"geometry":{"type":"Point","coordinates":[8.54737,12.02742]}},{"type":"Feature","properties":{"name":"Fazma Specialist Clinic","kind":"clinic","ownership":"","level":"","kind_detail":"","lga":"Nassarawa","ward":"Gwagwarwa"},"geometry":{"type":"Point","coordinates":[8.54026,12.02793]}},{"type":"Feature","properties":{"name":"Bamaiyi Sai Allah Hospital And Maternity","kind":"clinic","ownership":"","level":"","kind_detail":"","lga":"Nassarawa","ward":"Gama"},"geometry":{"type":"Point","coordinates":[8.55438,12.02818]}},{"type":"Feature","properties":{"name":"Daradau Health Post","kind":"clinic","ownership":"Public","level":"Primary","kind_detail":"Health Post","lga":"Ungogo","ward":"Tudun Fulani"},"geometry":{"type":"Point","coordinates":[8.42033,12.03174]}},{"type":"Feature","properties":{"name":"San Bell Hospital","kind":"clinic","ownership":"","level":"","kind_detail":"","lga":"Nassarawa","ward":"Gama"},"geometry":{"type":"Point","coordinates":[8.55084,12.03316]}},{"type":"Feature","properties":{"name":"Jejin Kudu Health Post","kind":"clinic","ownership":"","level":"","kind_detail":"","lga":"Nassarawa","ward":"Gama"},"geometry":{"type":"Point","coordinates":[8.55255,12.03384]}},{"type":"Feature","properties":{"name":"Kaura Goje Health Clinic","kind":"clinic","ownership":"","level":"","kind_detail":"","lga":"Nassarawa","ward":"Kaura Goje"},"geometry":{"type":"Point","coordinates":[8.54245,12.03895]}},{"type":"Feature","properties":{"name":"Tsalle Dispensary","kind":"clinic","ownership":"Public","level":"Primary","kind_detail":"Health Post","lga":"Ungogo","ward":"Bachirawa"},"geometry":{"type":"Point","coordinates":[8.429,12.04831]}},{"type":"Feature","properties":{"name":"Gezawa Dispensary","kind":"clinic","ownership":"Public","level":"Primary","kind_detail":"Health Post","lga":"Ungogo","ward":"Bachirawa"},"geometry":{"type":"Point","coordinates":[8.45063,12.06032]}},{"type":"Feature","properties":{"name":"Unicare Hospital","kind":"clinic","ownership":"Private","level":"Unknown","kind_detail":"","lga":"Ungogo","ward":"Bachirawa"},"geometry":{"type":"Point","coordinates":[8.46193,12.06727]}},{"type":"Feature","properties":{"name":"Imamu Wali Dispensary","kind":"clinic","ownership":"Public","level":"Primary","kind_detail":"Health Post","lga":"Ungogo","ward":"Bachirawa"},"geometry":{"type":"Point","coordinates":[8.43848,12.0697]}},{"type":"Feature","properties":{"name":"Zangon Barebari Health Post","kind":"clinic","ownership":"Public","level":"Primary","kind_detail":"Health Post","lga":"Ungogo","ward":"Kadawa"},"geometry":{"type":"Point","coordinates":[8.48664,12.07017]}},{"type":"Feature","properties":{"name":"Kadawa Health Clinic","kind":"clinic","ownership":"Public","level":"Primary","kind_detail":"Primary Health Clinic","lga":"Ungogo","ward":"Kadawa"},"geometry":{"type":"Point","coordinates":[8.45656,12.07566]}},{"type":"Feature","properties":{"name":"Chikawa Health Post","kind":"clinic","ownership":"Public","level":"Primary","kind_detail":"Health Post","lga":"Ungogo","ward":"Fanisau"},"geometry":{"type":"Point","coordinates":[8.53602,12.08154]}},{"type":"Feature","properties":{"name":"Gumawa Health Post","kind":"clinic","ownership":"Public","level":"Primary","kind_detail":"Health Post","lga":"Ungogo","ward":"Fanisau"},"geometry":{"type":"Point","coordinates":[8.51804,12.08358]}},{"type":"Feature","properties":{"name":"Doka Health Post","kind":"clinic","ownership":"Public","level":"Primary","kind_detail":"Health Post","lga":"Ungogo","ward":"Ungogo"},"geometry":{"type":"Point","coordinates":[8.46891,12.09592]}},{"type":"Feature","properties":{"name":"Jajira Health Post","kind":"clinic","ownership":"Public","level":"Primary","kind_detail":"Health Post","lga":"Ungogo","ward":"Tudun Fulani"},"geometry":{"type":"Point","coordinates":[8.42473,12.03307]}},{"type":"Feature","properties":{"name":"Katsinawa Health Post","kind":"clinic","ownership":"Public","level":"Primary","kind_detail":"Primary Health Clinic","lga":"Ungogo","ward":"Bachirawa"},"geometry":{"type":"Point","coordinates":[8.44878,12.06181]}},{"type":"Feature","properties":{"name":"Panisau Health Clinic","kind":"clinic","ownership":"Public","level":"Primary","kind_detail":"Primary Health Clinic","lga":"Ungogo","ward":"Fanisau"},"geometry":{"type":"Point","coordinates":[8.53542,12.07903]}},{"type":"Feature","properties":{"name":"Mesar Burmi Health Post","kind":"clinic","ownership":"Public","level":"Primary","kind_detail":"Health Post","lga":"Ungogo","ward":"Ungogo"},"geometry":{"type":"Point","coordinates":[8.44503,12.0872]}},{"type":"Feature","properties":{"name":"Dadin Duniya Health Post","kind":"clinic","ownership":"Public","level":"Primary","kind_detail":"Health Post","lga":"Ungogo","ward":"Karo"},"geometry":{"type":"Point","coordinates":[8.53334,12.09885]}},{"type":"Feature","properties":{"name":"Kano Royal London Hospital","kind":"clinic","ownership":"Private","level":"Secondary","kind_detail":"Hospital","lga":"Fagge","ward":"Fagge D2"},"geometry":{"type":"Point","coordinates":[8.52121,12.02852]}},{"type":"Feature","properties":{"name":"Aviation Medical Clinic","kind":"clinic","ownership":"Public","level":"Secondary","kind_detail":"Clinic","lga":"Fagge","ward":"Kwachiri"},"geometry":{"type":"Point","coordinates":[8.51998,12.04266]}},{"type":"Feature","properties":{"name":"Sabon Garin Doka Health Post","kind":"clinic","ownership":"Public","level":"Primary","kind_detail":"Health Post","lga":"Ungogo","ward":"Ungogo"},"geometry":{"type":"Point","coordinates":[8.45023,12.09188]}},{"type":"Feature","properties":{"name":"Tarda Health Post","kind":"clinic","ownership":"Public","level":"Primary","kind_detail":"Health Post","lga":"Ungogo","ward":"Karo"},"geometry":{"type":"Point","coordinates":[8.51911,12.11498]}},{"type":"Feature","properties":{"name":"Burhana Health Clinic","kind":"clinic","ownership":"Public","level":"Primary","kind_detail":"Clinic","lga":"Dala","ward":"Gobirawa"},"geometry":{"type":"Point","coordinates":[8.47978,12.02531]}},{"type":"Feature","properties":{"name":"Ungogo Primary Health Center","kind":"clinic","ownership":"Public","level":"Primary","kind_detail":"Primary Health Center","lga":"Ungogo","ward":"Ungogo"},"geometry":{"type":"Point","coordinates":[8.49049,12.09209]}},{"type":"Feature","properties":{"name":"Tumfafi Health Clinic","kind":"clinic","ownership":"Public","level":"Primary","kind_detail":"Clinic","lga":"Ungogo","ward":"Kadawa"},"geometry":{"type":"Point","coordinates":[8.45877,12.07276]}},{"type":"Feature","properties":{"name":"Fafasa Primary Health Center","kind":"clinic","ownership":"Public","level":"Primary","kind_detail":"Primary Health Center","lga":"Ungogo","ward":"Bachirawa"},"geometry":{"type":"Point","coordinates":[8.46347,12.05796]}},{"type":"Feature","properties":{"name":"Guruma Health Post","kind":"clinic","ownership":"Public","level":"Primary","kind_detail":"Health Post","lga":"Ungogo","ward":"Bachirawa"},"geometry":{"type":"Point","coordinates":[8.46824,12.06863]}},{"type":"Feature","properties":{"name":"Khadija Mairuf Memorial Hospital","kind":"clinic","ownership":"Public","level":"Primary","kind_detail":"Primary Health Center","lga":"Ungogo","ward":"Bachirawa"},"geometry":{"type":"Point","coordinates":[8.47108,12.06818]}},{"type":"Feature","properties":{"name":"Yanmata Gabas Health Post","kind":"clinic","ownership":"Public","level":"Primary","kind_detail":"Health Post","lga":"Fagge","ward":"Yammata"},"geometry":{"type":"Point","coordinates":[8.47244,12.06405]}},{"type":"Feature","properties":{"name":"Mariya Sunusi Maternity Hospital","kind":"clinic","ownership":"Public","level":"Secondary","kind_detail":"Hospital","lga":"Dala","ward":"Gobirawa"},"geometry":{"type":"Point","coordinates":[8.47387,12.05596]}},{"type":"Feature","properties":{"name":"Asiya Abdurrauf Chediya Clinic And Maternity","kind":"clinic","ownership":"Private","level":"Primary","kind_detail":"Maternity Home","lga":"Fagge","ward":"Rijiyar Lemo"},"geometry":{"type":"Point","coordinates":[8.47751,12.05475]}},{"type":"Feature","properties":{"name":"Mangwaro Primary Health Center","kind":"clinic","ownership":"Public","level":"Primary","kind_detail":"Primary Health Center","lga":"Ungogo","ward":"Tudun Fulani"},"geometry":{"type":"Point","coordinates":[8.47756,12.03569]}},{"type":"Feature","properties":{"name":"Abdullahi Umar Ganduje Health Clinic","kind":"clinic","ownership":"Public","level":"Primary","kind_detail":"Primary Health Clinic","lga":"Ungogo","ward":"Tudun Fulani"},"geometry":{"type":"Point","coordinates":[8.47863,12.03953]}},{"type":"Feature","properties":{"name":"Alwasa'U Clinic And Maternity","kind":"clinic","ownership":"Private","level":"Secondary","kind_detail":"General Hospital","lga":"Ungogo","ward":"Tudun Fulani"},"geometry":{"type":"Point","coordinates":[8.47867,12.03758]}},{"type":"Feature","properties":{"name":"Rijiyar Lemo Maternal And Child Health","kind":"clinic","ownership":"Public","level":"Primary","kind_detail":"Primary Health Clinic","lga":"Fagge","ward":"Rijiyar Lemo"},"geometry":{"type":"Point","coordinates":[8.48111,12.04716]}},{"type":"Feature","properties":{"name":"Kurna Primary Health Centre","kind":"clinic","ownership":"Public","level":"Primary","kind_detail":"Primary Health Center","lga":"Dala","ward":"Gobirawa"},"geometry":{"type":"Point","coordinates":[8.48137,12.045]}},{"type":"Feature","properties":{"name":"Kunya Hospital And Maternity Clinic","kind":"clinic","ownership":"Private","level":"Secondary","kind_detail":"Hospital","lga":"Fagge","ward":"Rijiyar Lemo"},"geometry":{"type":"Point","coordinates":[8.48238,12.04497]}},{"type":"Feature","properties":{"name":"Gobirawa Health Clinic","kind":"clinic","ownership":"Public","level":"Primary","kind_detail":"Clinic","lga":"Dala","ward":"Gobirawa"},"geometry":{"type":"Point","coordinates":[8.48326,12.02828]}},{"type":"Feature","properties":{"name":"Dan Rimi Health Post","kind":"clinic","ownership":"Public","level":"Primary","kind_detail":"Clinic","lga":"Fagge","ward":"Kwachiri"},"geometry":{"type":"Point","coordinates":[8.48595,12.05471]}},{"type":"Feature","properties":{"name":"Tudun Bojuwa Health Primary Health Centre","kind":"clinic","ownership":"Public","level":"Primary","kind_detail":"Primary Health Center","lga":"Fagge","ward":"Kwachiri"},"geometry":{"type":"Point","coordinates":[8.48698,12.04952]}},{"type":"Feature","properties":{"name":"Kofar Ruwa B Health Clinic","kind":"clinic","ownership":"Public","level":"Primary","kind_detail":"Clinic","lga":"Dala","ward":"Gobirawa"},"geometry":{"type":"Point","coordinates":[8.49091,12.02893]}},{"type":"Feature","properties":{"name":"Bokavo Health Center","kind":"clinic","ownership":"Public","level":"Primary","kind_detail":"Health Center","lga":"Fagge","ward":"Kwachiri"},"geometry":{"type":"Point","coordinates":[8.50732,12.03307]}},{"type":"Feature","properties":{"name":"Zugachi Basic Health Center","kind":"clinic","ownership":"Public","level":"Primary","kind_detail":"Primary Health Clinic","lga":"Fagge","ward":"Kwachiri"},"geometry":{"type":"Point","coordinates":[8.51403,12.03858]}},{"type":"Feature","properties":{"name":"Armed Forces Specialist Hospital","kind":"clinic","ownership":"Public","level":"Secondary","kind_detail":"Specialist Hospital","lga":"Fagge","ward":"Kwachiri"},"geometry":{"type":"Point","coordinates":[8.51718,12.03323]}},{"type":"Feature","properties":{"name":"3 Bde Medical Centre","kind":"clinic","ownership":"Public","level":"Primary","kind_detail":"Medical Center","lga":"Fagge","ward":"Kwachiri"},"geometry":{"type":"Point","coordinates":[8.50787,12.03317]}},{"type":"Feature","properties":{"name":"Hajia Umma Zaria Health Clinic","kind":"clinic","ownership":"Public","level":"Primary","kind_detail":"Clinic","lga":"Dala","ward":"Gobirawa"},"geometry":{"type":"Point","coordinates":[8.48674,12.03481]}},{"type":"Feature","properties":{"name":"Kainuwa Clinic And Maternity","kind":"clinic","ownership":"Private","level":"Primary","kind_detail":"Maternity Home","lga":"Fagge","ward":"Yammata"},"geometry":{"type":"Point","coordinates":[8.47274,12.05815]}},{"type":"Feature","properties":{"name":"Waraka Nursing Maternity Home","kind":"clinic","ownership":"Private","level":"Primary","kind_detail":"Maternity Home","lga":"Fagge","ward":"Rijiyar Lemo"},"geometry":{"type":"Point","coordinates":[8.47903,12.05452]}},{"type":"Feature","properties":{"name":"Dan Rimi Health Clinic","kind":"clinic","ownership":"Public","level":"Primary","kind_detail":"Primary Health Clinic","lga":"Ungogo","ward":"Kadawa"},"geometry":{"type":"Point","coordinates":[8.48881,12.05814]}},{"type":"Feature","properties":{"name":"Kofar Ruwa Basic Health Clinic","kind":"clinic","ownership":"Public","level":"Primary","kind_detail":"Clinic","lga":"Dala","ward":"Kofar Ruwa"},"geometry":{"type":"Point","coordinates":[8.4919,12.02953]}},{"type":"Feature","properties":{"name":"Amfani Nursing And Maternity Home","kind":"clinic","ownership":"Private","level":"Secondary","kind_detail":"Maternity Home","lga":"Fagge","ward":"Rijiyar Lemo"},"geometry":{"type":"Point","coordinates":[8.48117,12.05317]}},{"type":"Feature","properties":{"name":"Trinity Orthopaedic  Hospital","kind":"clinic","ownership":"Private","level":"Secondary","kind_detail":"Hospital","lga":"Fagge","ward":"Kwachiri"},"geometry":{"type":"Point","coordinates":[8.51459,12.03162]}},{"type":"Feature","properties":{"name":"Karamchi Clinic And Maternity","kind":"clinic","ownership":"Private","level":"Primary","kind_detail":"Maternity Home","lga":"Fagge","ward":"Yammata"},"geometry":{"type":"Point","coordinates":[8.46934,12.06242]}},{"type":"Feature","properties":{"name":"Waziri Shehu Gidado General Hospital","kind":"clinic","ownership":"Public","level":"Secondary","kind_detail":"General Hospital","lga":"Dala","ward":"Gobirawa"},"geometry":{"type":"Point","coordinates":[8.47059,12.05827]}},{"type":"Feature","properties":{"name":"Bala Hospital And Maternity","kind":"clinic","ownership":"Private","level":"Primary","kind_detail":"Hospital","lga":"Fagge","ward":"Rijiyar Lemo"},"geometry":{"type":"Point","coordinates":[8.48977,12.03784]}},{"type":"Feature","properties":{"name":"Tudun Fulani Primary Health Center","kind":"clinic","ownership":"Public","level":"Primary","kind_detail":"Primary Health Center","lga":"Ungogo","ward":"Tudun Fulani"},"geometry":{"type":"Point","coordinates":[8.47748,12.03571]}},{"type":"Feature","properties":{"name":"Musa Kallah Primary Health Centre","kind":"clinic","ownership":"Public","level":"Primary","kind_detail":"Primary Health Center","lga":"Fagge","ward":"Fagge C"},"geometry":{"type":"Point","coordinates":[8.49727,12.04431]}},{"type":"Feature","properties":{"name":"Bachirawa Basic Health Clinic","kind":"clinic","ownership":"Public","level":"Primary","kind_detail":"Clinic","lga":"Ungogo","ward":"Bachirawa"},"geometry":{"type":"Point","coordinates":[8.46355,12.05763]}},{"type":"Feature","properties":{"name":"Rijiyar Lemo Maternal And Child Health Clinic","kind":"clinic","ownership":"Public","level":"Primary","kind_detail":"Primary Health Center","lga":"Fagge","ward":"Rijiyar Lemo"},"geometry":{"type":"Point","coordinates":[8.4773,12.0548]}},{"type":"Feature","properties":{"name":"Yammata Health Clinic","kind":"clinic","ownership":"Public","level":"Primary","kind_detail":"Clinic","lga":"Fagge","ward":"Yammata"},"geometry":{"type":"Point","coordinates":[8.47247,12.06405]}},{"type":"Feature","properties":{"name":"Kwacire Primary Health Center","kind":"clinic","ownership":"","level":"","kind_detail":"","lga":"Fagge","ward":"Kwachiri"},"geometry":{"type":"Point","coordinates":[8.5009,12.06575]}},{"type":"Feature","properties":{"name":"Sabon Garin Kera Health Post","kind":"clinic","ownership":"Public","level":"Primary","kind_detail":"Health Post","lga":"Ungogo","ward":"Fanisau"},"geometry":{"type":"Point","coordinates":[8.51674,12.08284]}},{"type":"Feature","properties":{"name":"Gera Health Post","kind":"clinic","ownership":"Public","level":"Primary","kind_detail":"Health Post","lga":"Ungogo","ward":"Fanisau"},"geometry":{"type":"Point","coordinates":[8.5522,12.08873]}},{"type":"Feature","properties":{"name":"Bagujan Health Post","kind":"clinic","ownership":"Public","level":"Primary","kind_detail":"Health Post","lga":"Ungogo","ward":"Karo"},"geometry":{"type":"Point","coordinates":[8.5212,12.10101]}},{"type":"Feature","properties":{"name":"Gabasawa Health Care","kind":"clinic","ownership":"Public","level":"Primary","kind_detail":"Health Center","lga":"Ungogo","ward":"Karo"},"geometry":{"type":"Point","coordinates":[8.54552,12.10517]}},{"type":"Feature","properties":{"name":"Minkyau Health Post","kind":"clinic","ownership":"Public","level":"Primary","kind_detail":"Health Post","lga":"Ungogo","ward":"Ungogo"},"geometry":{"type":"Point","coordinates":[8.47916,12.11015]}},{"type":"Feature","properties":{"name":"Tsamiya Health Post","kind":"clinic","ownership":"Public","level":"Primary","kind_detail":"Health Post","lga":"Ungogo","ward":"Karo"},"geometry":{"type":"Point","coordinates":[8.54645,12.1214]}},{"type":"Feature","properties":{"name":"Kumbo Health Post","kind":"clinic","ownership":"Public","level":"Primary","kind_detail":"Health Post","lga":"Ungogo","ward":"Karo"},"geometry":{"type":"Point","coordinates":[8.53069,12.12227]}},{"type":"Feature","properties":{"name":"Yar Sabaina Health Post","kind":"clinic","ownership":"Public","level":"Primary","kind_detail":"Health Post","lga":"Ungogo","ward":"Ungogo"},"geometry":{"type":"Point","coordinates":[8.47886,12.09312]}},{"type":"Feature","properties":{"name":"Mazan Kudu Health Post","kind":"clinic","ownership":"Public","level":"Primary","kind_detail":"Health Post","lga":"Ungogo","ward":"Karo"},"geometry":{"type":"Point","coordinates":[8.54411,12.11752]}},{"type":"Feature","properties":{"name":"Alharini Health Post","kind":"clinic","ownership":"Public","level":"Primary","kind_detail":"Health Post","lga":"Ungogo","ward":"Ungogo"},"geometry":{"type":"Point","coordinates":[8.51497,12.09895]}},{"type":"Feature","properties":{"name":"Dakunkuru Health Post","kind":"clinic","ownership":"Public","level":"Primary","kind_detail":"Health Post","lga":"Ungogo","ward":"Gayawa"},"geometry":{"type":"Point","coordinates":[8.57091,12.06468]}},{"type":"Feature","properties":{"name":"Center Bank Staff Clinic","kind":"clinic","ownership":"","level":"","kind_detail":"","lga":"Nassarawa","ward":"Kawaji"},"geometry":{"type":"Point","coordinates":[8.57233,12.01264]}},{"type":"Feature","properties":{"name":"Gaskiya Textile Staff Clinic","kind":"clinic","ownership":"","level":"","kind_detail":"","lga":"Nassarawa","ward":"Kawaji"},"geometry":{"type":"Point","coordinates":[8.57307,12.01452]}},{"type":"Feature","properties":{"name":"Rimin Kebe Health Clinic","kind":"clinic","ownership":"Public","level":"Primary","kind_detail":"Primary Health Clinic","lga":"Ungogo","ward":"Zango"},"geometry":{"type":"Point","coordinates":[8.57362,12.04257]}},{"type":"Feature","properties":{"name":"Galula Health Centre","kind":"clinic","ownership":"Public","level":"Primary","kind_detail":"Clinic","lga":"Ungogo","ward":"Zango"},"geometry":{"type":"Point","coordinates":[8.57374,12.04255]}},{"type":"Feature","properties":{"name":"Sassauka And Diagnostics Clinic","kind":"clinic","ownership":"Private","level":"Primary","kind_detail":"Primary Health Clinic","lga":"Ungogo","ward":"Zango"},"geometry":{"type":"Point","coordinates":[8.57708,12.04713]}},{"type":"Feature","properties":{"name":"Jaafaru Health Clinic","kind":"clinic","ownership":"","level":"","kind_detail":"","lga":"Nassarawa","ward":"Dakata"},"geometry":{"type":"Point","coordinates":[8.57973,12.01956]}},{"type":"Feature","properties":{"name":"Dantamashe Primary Health Center","kind":"clinic","ownership":"Public","level":"Primary","kind_detail":"Primary Health Center","lga":"Ungogo","ward":"Zango"},"geometry":{"type":"Point","coordinates":[8.57992,12.04887]}},{"type":"Feature","properties":{"name":"Dausara Health Post","kind":"clinic","ownership":"Public","level":"Primary","kind_detail":"Health Post","lga":"Ungogo","ward":"Yada Kunya"},"geometry":{"type":"Point","coordinates":[8.58134,12.07295]}},{"type":"Feature","properties":{"name":"K Lam Physician Clinic","kind":"clinic","ownership":"","level":"","kind_detail":"","lga":"Nassarawa","ward":"Dakata"},"geometry":{"type":"Point","coordinates":[8.58205,12.03542]}},{"type":"Feature","properties":{"name":"Warshu Hospital","kind":"clinic","ownership":"","level":"","kind_detail":"","lga":"Nassarawa","ward":"Kawaji"},"geometry":{"type":"Point","coordinates":[8.58309,12.02118]}},{"type":"Feature","properties":{"name":"Zuma Clinic","kind":"clinic","ownership":"Private","level":"Primary","kind_detail":"Clinic","lga":"Nassarawa","ward":"Kawaji"},"geometry":{"type":"Point","coordinates":[8.58636,12.01472]}},{"type":"Feature","properties":{"name":"Inusawa Health Post","kind":"clinic","ownership":"Public","level":"Primary","kind_detail":"Health Post","lga":"Ungogo","ward":"Yada Kunya"},"geometry":{"type":"Point","coordinates":[8.59662,12.06912]}},{"type":"Feature","properties":{"name":"Sir Mohammed Sanusi General Hospital","kind":"clinic","ownership":"","level":"","kind_detail":"","lga":"Nassarawa","ward":"Hotoro North"},"geometry":{"type":"Point","coordinates":[8.59723,12.01061]}},{"type":"Feature","properties":{"name":"Rummawa Health Post","kind":"clinic","ownership":"Public","level":"Primary","kind_detail":"Health Post","lga":"Ungogo","ward":"Rangaza"},"geometry":{"type":"Point","coordinates":[8.59731,12.02962]}},{"type":"Feature","properties":{"name":"Sauna Model Primary Health Center","kind":"clinic","ownership":"","level":"","kind_detail":"","lga":"Nassarawa","ward":"Kawaji"},"geometry":{"type":"Point","coordinates":[8.59898,12.02096]}},{"type":"Feature","properties":{"name":"Alsiyam Medical Enterprises","kind":"clinic","ownership":"","level":"","kind_detail":"","lga":"Nassarawa","ward":"Kawaji"},"geometry":{"type":"Point","coordinates":[8.60057,12.01169]}},{"type":"Feature","properties":{"name":"Sabon Garin Rangaza Health Clinic","kind":"clinic","ownership":"Public","level":"Primary","kind_detail":"Primary Health Clinic","lga":"Ungogo","ward":"Rangaza"},"geometry":{"type":"Point","coordinates":[8.60643,12.05491]}},{"type":"Feature","properties":{"name":"Shauni Health Post","kind":"clinic","ownership":"Public","level":"Primary","kind_detail":"Health Post","lga":"Ungogo","ward":"Rangaza"},"geometry":{"type":"Point","coordinates":[8.60929,12.04771]}},{"type":"Feature","properties":{"name":"Zaura Danbaba Health Post","kind":"clinic","ownership":"Public","level":"Primary","kind_detail":"Health Post","lga":"Ungogo","ward":"Rangaza"},"geometry":{"type":"Point","coordinates":[8.61278,12.0679]}},{"type":"Feature","properties":{"name":"Dawakin Dakata Primary Health Center","kind":"clinic","ownership":"","level":"","kind_detail":"","lga":"Nassarawa","ward":"Dakata"},"geometry":{"type":"Point","coordinates":[8.58193,12.03064]}}]}