{"type":"FeatureCollection","features":[{"type":"Feature","properties":{"name":"Maryam Abacha Government Secondary School","kind":"school","ownership":"Public","level":"Formal","kind_detail":"Secondary","lga":"Fagge","ward":"Fagge D2"},"geometry":{"type":"Point","coordinates":[8.52353,12.01764]}},{"type":"Feature","properties":{"name":"Ahmad Usman Memorial Primary School","kind":"school","ownership":"Private","level":"Integrated","kind_detail":"Primary","lga":"Gwale","ward":"Dorayi"},"geometry":{"type":"Point","coordinates":[8.48032,11.96411]}},{"type":"Feature","properties":{"name":"Dan Yalo Islamic Primary School","kind":"school","ownership":"Public","level":"Integrated","kind_detail":"Primary","lga":"Tarauni","ward":"Unguwa Uku Cikin Gari"},"geometry":{"type":"Point","coordinates":[8.56439,11.95954]}},{"type":"Feature","properties":{"name":"B U K Staff Model Primary School","kind":"school","ownership":"Private","level":"Formal","kind_detail":"Primary","lga":"Ungogo","ward":"Rijiyar Zaki"},"geometry":{"type":"Point","coordinates":[8.43904,11.97026]}},{"type":"Feature","properties":{"name":"Richmab Primary and Secondary School","kind":"school","ownership":"Public","level":"Formal","kind_detail":"Mixed","lga":"Ungogo","ward":"Bachirawa"},"geometry":{"type":"Point","coordinates":[8.4646,12.06481]}},{"type":"Feature","properties":{"name":"Al Ameen Model Primary School","kind":"school","ownership":"Public","level":"Integrated","kind_detail":"Primary","lga":"Gwale","ward":"Kabuga"},"geometry":{"type":"Point","coordinates":[8.49479,11.98894]}},{"type":"Feature","properties":{"name":"Dr Ado Bayaro Islamiyya Primary School","kind":"school","ownership":"Public","level":"Integrated","kind_detail":"Primary","lga":"Tarauni","ward":"Babban Giji"},"geometry":{"type":"Point","coordinates":[8.53851,11.95506]}},{"type":"Feature","properties":{"name":"Rimin Zakara Primary School","kind":"school","ownership":"Public","level":"Formal","kind_detail":"Primary","lga":"Ungogo","ward":"Rijiyar Zaki"},"geometry":{"type":"Point","coordinates":[8.44304,12.00033]}},{"type":"Feature","properties":{"name":"Saudat Memorial Primary School","kind":"school","ownership":"Public","level":"Formal","kind_detail":"Primary","lga":"Ungogo","ward":"Rijiyar Zaki"},"geometry":{"type":"Point","coordinates":[8.43842,11.97544]}},{"type":"Feature","properties":{"name":"Chiromawa Primary School","kind":"school","ownership":"Public","level":"Formal","kind_detail":"Primary","lga":"Ungogo","ward":"Tudun Fulani"},"geometry":{"type":"Point","coordinates":[8.41214,12.03286]}},{"type":"Feature","properties":{"name":"Dabaro Primary School","kind":"school","ownership":"Public","level":"Formal","kind_detail":"Primary","lga":"Ungogo","ward":"Tudun Fulani"},"geometry":{"type":"Point","coordinates":[8.4304,12.02233]}},{"type":"Feature","properties":{"name":"Minkyau Primary School","kind":"school","ownership":"Public","level":"Formal","kind_detail":"Primary","lga":"Ungogo","ward":"Ungogo"},"geometry":{"type":"Point","coordinates":[8.48026,12.10641]}},{"type":"Feature","properties":{"name":"Sabon Garin Doka Primary School","kind":"school","ownership":"Public","level":"Formal","kind_detail":"Primary","lga":"Ungogo","ward":"Ungogo"},"geometry":{"type":"Point","coordinates":[8.4511,12.08563]}},{"type":"Feature","properties":{"name":"Bagujan Primary School","kind":"school","ownership":"Public","level":"Formal","kind_detail":"Primary","lga":"Ungogo","ward":"Karo"},"geometry":{"type":"Point","coordinates":[8.52113,12.1021]}},{"type":"Feature","properties":{"name":"Hidayatul Abadiyya Primary School","kind":"school","ownership":"Public","level":"Religious","kind_detail":"Primary","lga":"Nassarawa","ward":"Giginyu"},"geometry":{"type":"Point","coordinates":[8.57652,11.97702]}},{"type":"Feature","properties":{"name":"Assunnahislamiyya Primary School","kind":"school","ownership":"Public","level":"Religious","kind_detail":"Primary","lga":"Gwale","ward":"Dorayi"},"geometry":{"type":"Point","coordinates":[8.48977,11.96591]}},{"type":"Feature","properties":{"name":"Ansarul Sunna Islamiyya Primary School","kind":"school","ownership":"Public","level":"Integrated","kind_detail":"Primary","lga":"Fagge","ward":"Fagge B"},"geometry":{"type":"Point","coordinates":[8.52719,12.00634]}},{"type":"Feature","properties":{"name":"Dr Ado Bayero Islamiyya Primary School","kind":"school","ownership":"Public","level":"Formal","kind_detail":"Primary","lga":"Fagge","ward":"Fagge B"},"geometry":{"type":"Point","coordinates":[8.53062,12.00692]}},{"type":"Feature","properties":{"name":"Mukhutariya Islamiyya Primary School","kind":"school","ownership":"Public","level":"Integrated","kind_detail":"Primary","lga":"Fagge","ward":"Fagge B"},"geometry":{"type":"Point","coordinates":[8.52694,12.00663]}},{"type":"Feature","properties":{"name":"Fagge Primary School","kind":"school","ownership":"Public","level":"Formal","kind_detail":"Primary","lga":"Fagge","ward":"Fagge C"},"geometry":{"type":"Point","coordinates":[8.5326,12.00896]}},{"type":"Feature","properties":{"name":"Fagge Model Primary School","kind":"school","ownership":"Public","level":"Formal","kind_detail":"Primary","lga":"Fagge","ward":"Fagge C"},"geometry":{"type":"Point","coordinates":[8.532,12.00874]}},{"type":"Feature","properties":{"name":"Dabo Special Primary School","kind":"school","ownership":"Public","level":"Formal","kind_detail":"Primary","lga":"Fagge","ward":"Sabon Gari East"},"geometry":{"type":"Point","coordinates":[8.54192,12.01375]}},{"type":"Feature","properties":{"name":"Danwaire Special Primary School","kind":"school","ownership":"Public","level":"Formal","kind_detail":"Primary","lga":"Fagge","ward":"Sabon Gari East"},"geometry":{"type":"Point","coordinates":[8.53998,12.01747]}},{"type":"Feature","properties":{"name":"Kundila Special Primary School","kind":"school","ownership":"Public","level":"Formal","kind_detail":"Primary","lga":"Fagge","ward":"Sabon Gari East"},"geometry":{"type":"Point","coordinates":[8.54187,12.01996]}},{"type":"Feature","properties":{"name":"Kurna Special Primary School","kind":"school","ownership":"Public","level":"Formal","kind_detail":"Primary","lga":"Fagge","ward":"Fagge D2"},"geometry":{"type":"Point","coordinates":[8.52298,12.0175]}},{"type":"Feature","properties":{"name":"Madinattul Ahbab Islamiyya Primary School","kind":"school","ownership":"Public","level":"Integrated","kind_detail":"Primary","lga":"Fagge","ward":"Fagge D2"},"geometry":{"type":"Point","coordinates":[8.52418,12.01326]}},{"type":"Feature","properties":{"name":"Maikwaru Islamiyya Primary School","kind":"school","ownership":"Public","level":"Integrated","kind_detail":"Primary","lga":"Fagge","ward":"Fagge D2"},"geometry":{"type":"Point","coordinates":[8.52483,12.01349]}},{"type":"Feature","properties":{"name":"Ansaruddeen Special Primary School","kind":"school","ownership":"Public","level":"Formal","kind_detail":"Primary","lga":"Fagge","ward":"Sabon Gari West"},"geometry":{"type":"Point","coordinates":[8.52991,12.01746]}},{"type":"Feature","properties":{"name":"Jalli Special Primary School","kind":"school","ownership":"Public","level":"Formal","kind_detail":"Primary","lga":"Fagge","ward":"Sabon Gari West"},"geometry":{"type":"Point","coordinates":[8.53155,12.01269]}},{"type":"Feature","properties":{"name":"Kuka Special Primary School","kind":"school","ownership":"Public","level":"Formal","kind_detail":"Primary","lga":"Fagge","ward":"Sabon Gari West"},"geometry":{"type":"Point","coordinates":[8.53111,12.01324]}},{"type":"Feature","properties":{"name":"Kwakwachi Special Primary School","kind":"school","ownership":"Public","level":"Formal","kind_detail":"Primary","lga":"Fagge","ward":"Sabon Gari West"},"geometry":{"type":"Point","coordinates":[8.53299,12.02749]}},{"type":"Feature","properties":{"name":"Riga Special Primary School","kind":"school","ownership":"Public","level":"Formal","kind_detail":"Primary","lga":"Fagge","ward":"Sabon Gari West"},"geometry":{"type":"Point","coordinates":[8.5368,12.02979]}},{"type":"Feature","properties":{"name":"Rumfa Special Primary School","kind":"school","ownership":"Public","level":"Formal","kind_detail":"Primary","lga":"Fagge","ward":"Sabon Gari West"},"geometry":{"type":"Point","coordinates":[8.5324,12.02877]}},{"type":"Feature","properties":{"name":"Al Bayan Tahfeezul Quran Islamiyya Primary School","kind":"school","ownership":"Public","level":"Religious","kind_detail":"Primary","lga":"Fagge","ward":"Kwachiri"},"geometry":{"type":"Point","coordinates":[8.48755,12.05271]}},{"type":"Feature","properties":{"name":"Ali Musa Littahfizul Quran Primary School","kind":"school","ownership":"Public","level":"Religious","kind_detail":"Primary","lga":"Fagge","ward":"Kwachiri"},"geometry":{"type":"Point","coordinates":[8.49546,12.04679]}},{"type":"Feature","properties":{"name":"Faiza Islamiyya Primary School","kind":"school","ownership":"Public","level":"Integrated","kind_detail":"Primary","lga":"Fagge","ward":"Kwachiri"},"geometry":{"type":"Point","coordinates":[8.49162,12.04768]}},{"type":"Feature","properties":{"name":"Hassan Bn Sale Islamiyya Primary School","kind":"school","ownership":"Public","level":"Religious","kind_detail":"Primary","lga":"Fagge","ward":"Kwachiri"},"geometry":{"type":"Point","coordinates":[8.48892,12.05285]}},{"type":"Feature","properties":{"name":"Kwachiri Special Primary School","kind":"school","ownership":"Public","level":"Formal","kind_detail":"Primary","lga":"Fagge","ward":"Kwachiri"},"geometry":{"type":"Point","coordinates":[8.49915,12.06998]}},{"type":"Feature","properties":{"name":"Maidorawa Special Primary School","kind":"school","ownership":"Public","level":"Formal","kind_detail":"Primary","lga":"Fagge","ward":"Kwachiri"},"geometry":{"type":"Point","coordinates":[8.49682,12.04684]}},{"type":"Feature","properties":{"name":"Maisango Special Primary School","kind":"school","ownership":"Public","level":"Formal","kind_detail":"Primary","lga":"Fagge","ward":"Kwachiri"},"geometry":{"type":"Point","coordinates":[8.51106,12.03361]}},{"type":"Feature","properties":{"name":"Nigeria Airforce Primary School","kind":"school","ownership":"Public","level":"Formal","kind_detail":"Primary","lga":"Fagge","ward":"Kwachiri"},"geometry":{"type":"Point","coordinates":[8.52483,12.03368]}},{"type":"Feature","properties":{"name":"Nurul Mubin Primary School","kind":"school","ownership":"Public","level":"Formal","kind_detail":"Primary","lga":"Fagge","ward":"Kwachiri"},"geometry":{"type":"Point","coordinates":[8.49227,12.04129]}},{"type":"Feature","properties":{"name":"Ramat Primary School","kind":"school","ownership":"Public","level":"Formal","kind_detail":"Primary","lga":"Fagge","ward":"Kwachiri"},"geometry":{"type":"Point","coordinates":[8.51016,12.03367]}},{"type":"Feature","properties":{"name":"Sabilu Rashad Islamiyya Primary School","kind":"school","ownership":"Public","level":"Integrated","kind_detail":"Primary","lga":"Fagge","ward":"Kwachiri"},"geometry":{"type":"Point","coordinates":[8.48403,12.05221]}},{"type":"Feature","properties":{"name":"Dadin Kowa Islamiyya Primary School","kind":"school","ownership":"Public","level":"Religious","kind_detail":"Primary","lga":"Fagge","ward":"Yammata"},"geometry":{"type":"Point","coordinates":[8.4742,12.05826]}},{"type":"Feature","properties":{"name":"Kaab Bn Makil Islamiyya Primary School","kind":"school","ownership":"Public","level":"Integrated","kind_detail":"Primary","lga":"Fagge","ward":"Yammata"},"geometry":{"type":"Point","coordinates":[8.47298,12.0644]}},{"type":"Feature","properties":{"name":"Kanzul Huda Islamiyya Primary School","kind":"school","ownership":"Public","level":"Integrated","kind_detail":"Primary","lga":"Fagge","ward":"Yammata"},"geometry":{"type":"Point","coordinates":[8.4732,12.06016]}},{"type":"Feature","properties":{"name":"M Sharu Abdullahi Primary School","kind":"school","ownership":"Public","level":"Formal","kind_detail":"Primary","lga":"Fagge","ward":"Yammata"},"geometry":{"type":"Point","coordinates":[8.47695,12.06652]}},{"type":"Feature","properties":{"name":"Sule Chambers Special Primary School","kind":"school","ownership":"Public","level":"Formal","kind_detail":"Primary","lga":"Fagge","ward":"Yammata"},"geometry":{"type":"Point","coordinates":[8.48211,12.05938]}},{"type":"Feature","properties":{"name":"Nurul Anwar Islamiyyah Primary School","kind":"school","ownership":"Public","level":"Formal","kind_detail":"Primary","lga":"Dala","ward":"Bakin Ruwa"},"geometry":{"type":"Point","coordinates":[8.5018,11.99505]}},{"type":"Feature","properties":{"name":"Goron Dutse Special Primary School","kind":"school","ownership":"Public","level":"Formal","kind_detail":"Primary","lga":"Dala","ward":"Dogon Nama"},"geometry":{"type":"Point","coordinates":[8.49808,12.00017]}},{"type":"Feature","properties":{"name":"Na Baba Islamic Primary School G Dutse","kind":"school","ownership":"Public","level":"Formal","kind_detail":"Primary","lga":"Dala","ward":"Dogon Nama"},"geometry":{"type":"Point","coordinates":[8.49651,11.99991]}},{"type":"Feature","properties":{"name":"Qur Anic Murattam Islamic Primary School","kind":"school","ownership":"Public","level":"Formal","kind_detail":"Primary","lga":"Dala","ward":"Dogon Nama"},"geometry":{"type":"Point","coordinates":[8.50057,12.00039]}},{"type":"Feature","properties":{"name":"Babban Mallami Islamiyya Primary School","kind":"school","ownership":"Public","level":"Integrated","kind_detail":"Primary","lga":"Dala","ward":"Adakawa"},"geometry":{"type":"Point","coordinates":[8.51086,12.00769]}},{"type":"Feature","properties":{"name":"Ma Ahad Shekh Saad Islamiyya Primary School","kind":"school","ownership":"Public","level":"Integrated","kind_detail":"Primary","lga":"Dala","ward":"Adakawa"},"geometry":{"type":"Point","coordinates":[8.51274,12.00959]}},{"type":"Feature","properties":{"name":"Mariya Sunusi Islam Primary School","kind":"school","ownership":"Public","level":"Formal","kind_detail":"Primary","lga":"Dala","ward":"Adakawa"},"geometry":{"type":"Point","coordinates":[8.51243,12.01408]}},{"type":"Feature","properties":{"name":"Salga Islamiyya Primary School","kind":"school","ownership":"Public","level":"Integrated","kind_detail":"Primary","lga":"Dala","ward":"Adakawa"},"geometry":{"type":"Point","coordinates":[8.51177,12.01251]}},{"type":"Feature","properties":{"name":"An Warul Islam Model Primary School","kind":"school","ownership":"Public","level":"Integrated","kind_detail":"Primary","lga":"Dala","ward":"Yalwa"},"geometry":{"type":"Point","coordinates":[8.50053,12.00525]}},{"type":"Feature","properties":{"name":"Shahada Islamiyya Primary School","kind":"school","ownership":"Public","level":"Integrated","kind_detail":"Primary","lga":"Dala","ward":"Yalwa"},"geometry":{"type":"Point","coordinates":[8.5001,12.00166]}},{"type":"Feature","properties":{"name":"Sakinat Islamiyya Primary School","kind":"school","ownership":"Public","level":"Integrated","kind_detail":"Primary","lga":"Dala","ward":"Kantudu"},"geometry":{"type":"Point","coordinates":[8.51048,12.00848]}},{"type":"Feature","properties":{"name":"Mahad M Sule Islamiyya Primary School","kind":"school","ownership":"Public","level":"Integrated","kind_detail":"Primary","lga":"Dala","ward":"Kabuwaya"},"geometry":{"type":"Point","coordinates":[8.51028,12.00772]}},{"type":"Feature","properties":{"name":"Sani Musa Islamiyya Primary School","kind":"school","ownership":"Public","level":"Integrated","kind_detail":"Primary","lga":"Dala","ward":"Kabuwaya"},"geometry":{"type":"Point","coordinates":[8.51075,12.01355]}},{"type":"Feature","properties":{"name":"Dantata Primary School","kind":"school","ownership":"Public","level":"Formal","kind_detail":"Primary","lga":"Dala","ward":"Kofar Mazugal"},"geometry":{"type":"Point","coordinates":[8.51647,12.01081]}},{"type":"Feature","properties":{"name":"Mai Jalalaini Islamiyya Primary School","kind":"school","ownership":"Public","level":"Integrated","kind_detail":"Primary","lga":"Dala","ward":"Kofar Mazugal"},"geometry":{"type":"Point","coordinates":[8.51293,12.01229]}},{"type":"Feature","properties":{"name":"Prof IYY Special Primary School","kind":"school","ownership":"Public","level":"Formal","kind_detail":"Primary","lga":"Dala","ward":"Kofar Mazugal"},"geometry":{"type":"Point","coordinates":[8.51444,12.01551]}},{"type":"Feature","properties":{"name":"Gwammaja Special Primary School","kind":"school","ownership":"Public","level":"Formal","kind_detail":"Primary","lga":"Dala","ward":"Gwammaja"},"geometry":{"type":"Point","coordinates":[8.50841,12.0178]}},{"type":"Feature","properties":{"name":"Nahaldatul Islam Primary School","kind":"school","ownership":"Public","level":"Formal","kind_detail":"Primary","lga":"Dala","ward":"Gwammaja"},"geometry":{"type":"Point","coordinates":[8.51165,12.02129]}},{"type":"Feature","properties":{"name":"Pilot Science Primary School Gwammaja","kind":"school","ownership":"Public","level":"Formal","kind_detail":"Primary","lga":"Dala","ward":"Gwammaja"},"geometry":{"type":"Point","coordinates":[8.51386,12.02022]}},{"type":"Feature","properties":{"name":"Abdu Naliti Special Primary School","kind":"school","ownership":"Public","level":"Integrated","kind_detail":"Primary","lga":"Dala","ward":"Kofar Ruwa"},"geometry":{"type":"Point","coordinates":[8.48932,12.01719]}},{"type":"Feature","properties":{"name":"Ahbaburrasul Islamiya Primary School","kind":"school","ownership":"Public","level":"Integrated","kind_detail":"Primary","lga":"Dala","ward":"Kofar Ruwa"},"geometry":{"type":"Point","coordinates":[8.49257,12.02707]}},{"type":"Feature","properties":{"name":"Ammamu Islamiya Primary School","kind":"school","ownership":"Public","level":"Integrated","kind_detail":"Primary","lga":"Dala","ward":"Kofar Ruwa"},"geometry":{"type":"Point","coordinates":[8.48924,12.02376]}},{"type":"Feature","properties":{"name":"Bunyanu Islamiya Primary School","kind":"school","ownership":"Public","level":"Integrated","kind_detail":"Primary","lga":"Dala","ward":"Kofar Ruwa"},"geometry":{"type":"Point","coordinates":[8.50017,12.02362]}},{"type":"Feature","properties":{"name":"Dandinshi Special Primary School","kind":"school","ownership":"Public","level":"Formal","kind_detail":"Primary","lga":"Dala","ward":"Kofar Ruwa"},"geometry":{"type":"Point","coordinates":[8.48243,12.02028]}},{"type":"Feature","properties":{"name":"Hon Aliyu Muhammed Science Primary School","kind":"school","ownership":"Public","level":"Formal","kind_detail":"Primary","lga":"Dala","ward":"Kofar Ruwa"},"geometry":{"type":"Point","coordinates":[8.4938,12.02754]}},{"type":"Feature","properties":{"name":"Kiraatul Quran Islamiya Primary School","kind":"school","ownership":"Public","level":"Integrated","kind_detail":"Primary","lga":"Dala","ward":"Kofar Ruwa"},"geometry":{"type":"Point","coordinates":[8.48307,12.02268]}},{"type":"Feature","properties":{"name":"Kofar Ruwa Speacial Primary School","kind":"school","ownership":"Public","level":"Formal","kind_detail":"Primary","lga":"Dala","ward":"Kofar Ruwa"},"geometry":{"type":"Point","coordinates":[8.49704,12.01712]}},{"type":"Feature","properties":{"name":"Markazun Naja Islamiyya Acadamic Primary School","kind":"school","ownership":"Public","level":"Formal","kind_detail":"Primary","lga":"Dala","ward":"Kofar Ruwa"},"geometry":{"type":"Point","coordinates":[8.49449,12.01424]}},{"type":"Feature","properties":{"name":"Almajiri Islamiya Primary School","kind":"school","ownership":"Public","level":"Religious","kind_detail":"Primary","lga":"Dala","ward":"Gobirawa"},"geometry":{"type":"Point","coordinates":[8.48975,12.0316]}},{"type":"Feature","properties":{"name":"Fadimatuzzaratu Islamiya Primary School","kind":"school","ownership":"Public","level":"Religious","kind_detail":"Primary","lga":"Dala","ward":"Gobirawa"},"geometry":{"type":"Point","coordinates":[8.4838,12.02854]}},{"type":"Feature","properties":{"name":"Gobirawa Islamiyya Primary School","kind":"school","ownership":"Public","level":"Integrated","kind_detail":"Primary","lga":"Dala","ward":"Gobirawa"},"geometry":{"type":"Point","coordinates":[8.47827,12.02492]}},{"type":"Feature","properties":{"name":"Khairul Wara Islamiya Primary School","kind":"school","ownership":"Public","level":"Formal","kind_detail":"Primary","lga":"Dala","ward":"Gobirawa"},"geometry":{"type":"Point","coordinates":[8.47273,12.0554]}},{"type":"Feature","properties":{"name":"Nurul Anwar Islamiyya Primary School","kind":"school","ownership":"Public","level":"Integrated","kind_detail":"Primary","lga":"Dala","ward":"Gobirawa"},"geometry":{"type":"Point","coordinates":[8.48429,12.04068]}},{"type":"Feature","properties":{"name":"B U K Primary School","kind":"school","ownership":"Private","level":"Formal","kind_detail":"Primary","lga":"Gwale","ward":"Dorayi"},"geometry":{"type":"Point","coordinates":[8.4762,11.97734]}},{"type":"Feature","properties":{"name":"Dariul Khairi Islamiyya Primary School","kind":"school","ownership":"Public","level":"Integrated","kind_detail":"Primary","lga":"Gwale","ward":"Dorayi"},"geometry":{"type":"Point","coordinates":[8.48329,11.96379]}},{"type":"Feature","properties":{"name":"Jaudatu Speccial Primary School","kind":"school","ownership":"Public","level":"Formal","kind_detail":"Primary","lga":"Gwale","ward":"Dorayi"},"geometry":{"type":"Point","coordinates":[8.47006,11.95945]}},{"type":"Feature","properties":{"name":"Jilawa Special Primary School","kind":"school","ownership":"Public","level":"Formal","kind_detail":"Primary","lga":"Gwale","ward":"Dorayi"},"geometry":{"type":"Point","coordinates":[8.49739,11.94654]}},{"type":"Feature","properties":{"name":"Khalid Ibn Walid Islamiyya Primary School","kind":"school","ownership":"Public","level":"Integrated","kind_detail":"Primary","lga":"Gwale","ward":"Dorayi"},"geometry":{"type":"Point","coordinates":[8.46469,11.97781]}},{"type":"Feature","properties":{"name":"Kofar Kabuga Janbulo Specail Primary School","kind":"school","ownership":"Public","level":"Formal","kind_detail":"Primary","lga":"Gwale","ward":"Dorayi"},"geometry":{"type":"Point","coordinates":[8.47244,11.9785]}},{"type":"Feature","properties":{"name":"Naharaddin Islamiyya Primary School","kind":"school","ownership":"Public","level":"Integrated","kind_detail":"Primary","lga":"Gwale","ward":"Dorayi"},"geometry":{"type":"Point","coordinates":[8.48719,11.96111]}},{"type":"Feature","properties":{"name":"Sabon Gida Special Primary School","kind":"school","ownership":"Public","level":"Formal","kind_detail":"Primary","lga":"Gwale","ward":"Dorayi"},"geometry":{"type":"Point","coordinates":[8.49492,11.96769]}},{"type":"Feature","properties":{"name":"Tahir Islamiyya Primary School","kind":"school","ownership":"Public","level":"Integrated","kind_detail":"Primary","lga":"Gwale","ward":"Dorayi"},"geometry":{"type":"Point","coordinates":[8.47997,11.96545]}},{"type":"Feature","properties":{"name":"Tarbiatul Aulad Islamiyya Primary School","kind":"school","ownership":"Public","level":"Integrated","kind_detail":"Primary","lga":"Gwale","ward":"Dorayi"},"geometry":{"type":"Point","coordinates":[8.47056,11.96504]}},{"type":"Feature","properties":{"name":"Jarkasa Special Primary School","kind":"school","ownership":"Public","level":"Formal","kind_detail":"Primary","lga":"Kano Municipal","ward":"Tudun Wazurchi"},"geometry":{"type":"Point","coordinates":[8.5173,11.99006]}},{"type":"Feature","properties":{"name":"Kofar Gudu Special Primary School","kind":"school","ownership":"Public","level":"Formal","kind_detail":"Primary","lga":"Kano Municipal","ward":"Tudun Wazurchi"},"geometry":{"type":"Point","coordinates":[8.5173,11.99092]}},{"type":"Feature","properties":{"name":"Maje Ahmad Gwangwazo Computer Model Primary School","kind":"school","ownership":"Public","level":"Formal","kind_detail":"Primary","lga":"Kano Municipal","ward":"Tudun Wazurchi"},"geometry":{"type":"Point","coordinates":[8.51839,11.98632]}},{"type":"Feature","properties":{"name":"Almansuriyya Litahafizul Quran Islamiyya Primary School","kind":"school","ownership":"Public","level":"Religious","kind_detail":"Primary","lga":"Gwale","ward":"Sani Mai Nagge"},"geometry":{"type":"Point","coordinates":[8.49297,11.9817]}},{"type":"Feature","properties":{"name":"Annajah Islamiyya Primary School","kind":"school","ownership":"Public","level":"Integrated","kind_detail":"Primary","lga":"Gwale","ward":"Sani Mai Nagge"},"geometry":{"type":"Point","coordinates":[8.50003,11.99363]}},{"type":"Feature","properties":{"name":"Mai Gadon Kaya Special Primary School","kind":"school","ownership":"Public","level":"Formal","kind_detail":"Primary","lga":"Gwale","ward":"Sani Mai Nagge"},"geometry":{"type":"Point","coordinates":[8.49338,11.98505]}},{"type":"Feature","properties":{"name":"Maitasa Special Primary School","kind":"school","ownership":"Public","level":"Formal","kind_detail":"Primary","lga":"Gwale","ward":"Sani Mai Nagge"},"geometry":{"type":"Point","coordinates":[8.50107,11.98731]}},{"type":"Feature","properties":{"name":"Muhd Maigadon Kaya Special Primary School","kind":"school","ownership":"Public","level":"Formal","kind_detail":"Primary","lga":"Gwale","ward":"Sani Mai Nagge"},"geometry":{"type":"Point","coordinates":[8.49402,11.98463]}},{"type":"Feature","properties":{"name":"Nusratul Islamiyya Primary School","kind":"school","ownership":"Public","level":"Integrated","kind_detail":"Primary","lga":"Gwale","ward":"Sani Mai Nagge"},"geometry":{"type":"Point","coordinates":[8.49428,11.9821]}},{"type":"Feature","properties":{"name":"Shehu Maihula Islamic Primary School","kind":"school","ownership":"Public","level":"Formal","kind_detail":"Primary","lga":"Gwale","ward":"Sani Mai Nagge"},"geometry":{"type":"Point","coordinates":[8.49883,11.98951]}},{"type":"Feature","properties":{"name":"Tahzibul Adfal Islamiyya Primary School","kind":"school","ownership":"Public","level":"Integrated","kind_detail":"Primary","lga":"Gwale","ward":"Sani Mai Nagge"},"geometry":{"type":"Point","coordinates":[8.49129,11.98166]}},{"type":"Feature","properties":{"name":"Darul Hijra Islamiyya Primary School","kind":"school","ownership":"Public","level":"Integrated","kind_detail":"Primary","lga":"Gwale","ward":"Dandago"},"geometry":{"type":"Point","coordinates":[8.50391,11.99296]}},{"type":"Feature","properties":{"name":"Raudhatun Nabyyi Islamiyya Primary School","kind":"school","ownership":"Public","level":"Integrated","kind_detail":"Primary","lga":"Gwale","ward":"Dandago"},"geometry":{"type":"Point","coordinates":[8.50706,11.99406]}},{"type":"Feature","properties":{"name":"Gyaranya Islamic Primary School","kind":"school","ownership":"Public","level":"Religious","kind_detail":"Primary","lga":"Gwale","ward":"Gyaranya"},"geometry":{"type":"Point","coordinates":[8.50778,11.99822]}},{"type":"Feature","properties":{"name":"Sudawa Islamic Primary School","kind":"school","ownership":"Public","level":"Formal","kind_detail":"Primary","lga":"Gwale","ward":"Gyaranya"},"geometry":{"type":"Point","coordinates":[8.50894,11.9963]}},{"type":"Feature","properties":{"name":"Dansarkin Kura Islamiyya Primary School","kind":"school","ownership":"Public","level":"Integrated","kind_detail":"Primary","lga":"Gwale","ward":"Goron Dutse"},"geometry":{"type":"Point","coordinates":[8.49228,12.00409]}},{"type":"Feature","properties":{"name":"Hajara Islamiyya Primary School Kofar Kabuga","kind":"school","ownership":"Public","level":"Integrated","kind_detail":"Primary","lga":"Gwale","ward":"Kabuga"},"geometry":{"type":"Point","coordinates":[8.47902,11.98651]}},{"type":"Feature","properties":{"name":"Khadika Islamic Primary School","kind":"school","ownership":"Public","level":"Formal","kind_detail":"Primary","lga":"Gwale","ward":"Kabuga"},"geometry":{"type":"Point","coordinates":[8.48082,11.9879]}},{"type":"Feature","properties":{"name":"Kofar Kabuga Special Primary School","kind":"school","ownership":"Public","level":"Formal","kind_detail":"Primary","lga":"Gwale","ward":"Kabuga"},"geometry":{"type":"Point","coordinates":[8.47742,11.98701]}},{"type":"Feature","properties":{"name":"Kofar Waika Special Primary School","kind":"school","ownership":"Public","level":"Formal","kind_detail":"Primary","lga":"Gwale","ward":"Kabuga"},"geometry":{"type":"Point","coordinates":[8.47816,12.01484]}},{"type":"Feature","properties":{"name":"Layin Bayan Dabai Primary School","kind":"school","ownership":"Public","level":"Formal","kind_detail":"Primary","lga":"Gwale","ward":"Kabuga"},"geometry":{"type":"Point","coordinates":[8.4786,12.01475]}},{"type":"Feature","properties":{"name":"Markaz Turba Islamiyya Primary School","kind":"school","ownership":"Public","level":"Integrated","kind_detail":"Primary","lga":"Gwale","ward":"Kabuga"},"geometry":{"type":"Point","coordinates":[8.47418,12.01978]}},{"type":"Feature","properties":{"name":"Najahu Islamiyya Primary School","kind":"school","ownership":"Public","level":"Integrated","kind_detail":"Primary","lga":"Gwale","ward":"Kabuga"},"geometry":{"type":"Point","coordinates":[8.48221,11.98728]}},{"type":"Feature","properties":{"name":"Remand Home Primary School","kind":"school","ownership":"Public","level":"Formal","kind_detail":"Primary","lga":"Gwale","ward":"Kabuga"},"geometry":{"type":"Point","coordinates":[8.48931,11.99852]}},{"type":"Feature","properties":{"name":"Rulayya Bayero Islamic Nursery And Primary School","kind":"school","ownership":"Public","level":"Formal","kind_detail":"Primary","lga":"Gwale","ward":"Kabuga"},"geometry":{"type":"Point","coordinates":[8.48068,11.99217]}},{"type":"Feature","properties":{"name":"Sabilurrusah Special Primary School","kind":"school","ownership":"Public","level":"Formal","kind_detail":"Primary","lga":"Gwale","ward":"Kabuga"},"geometry":{"type":"Point","coordinates":[8.493,12.01685]}},{"type":"Feature","properties":{"name":"Shababuddeen Primary School","kind":"school","ownership":"Public","level":"Formal","kind_detail":"Primary","lga":"Gwale","ward":"Kabuga"},"geometry":{"type":"Point","coordinates":[8.47397,12.02]}},{"type":"Feature","properties":{"name":"Sheikh Muhd Rabiu Islamiyya Primary School","kind":"school","ownership":"Public","level":"Integrated","kind_detail":"Primary","lga":"Gwale","ward":"Kabuga"},"geometry":{"type":"Point","coordinates":[8.49647,12.00868]}},{"type":"Feature","properties":{"name":"Tarbiyatul Subyan Islamiyya Primary School","kind":"school","ownership":"Public","level":"Integrated","kind_detail":"Primary","lga":"Gwale","ward":"Kabuga"},"geometry":{"type":"Point","coordinates":[8.47763,12.01525]}},{"type":"Feature","properties":{"name":"Gwale Model Special Primary School","kind":"school","ownership":"Public","level":"Formal","kind_detail":"Primary","lga":"Gwale","ward":"Gwale"},"geometry":{"type":"Point","coordinates":[8.50909,11.98546]}},{"type":"Feature","properties":{"name":"Irshadul Adfal Primary School","kind":"school","ownership":"Public","level":"Formal","kind_detail":"Primary","lga":"Gwale","ward":"Gwale"},"geometry":{"type":"Point","coordinates":[8.51434,11.98369]}},{"type":"Feature","properties":{"name":"Sheikh Ma Ahd Mnasiru Special Primary School","kind":"school","ownership":"Public","level":"Formal","kind_detail":"Primary","lga":"Gwale","ward":"Gwale"},"geometry":{"type":"Point","coordinates":[8.50794,11.98675]}},{"type":"Feature","properties":{"name":"Sheikh Mohd Dan Kani Primary School","kind":"school","ownership":"Public","level":"Formal","kind_detail":"Primary","lga":"Gwale","ward":"Gwale"},"geometry":{"type":"Point","coordinates":[8.50905,11.98681]}},{"type":"Feature","properties":{"name":"Layin Kabiru Kiru Primary School","kind":"school","ownership":"Public","level":"Formal","kind_detail":"Primary","lga":"Kano Municipal","ward":"Sharada"},"geometry":{"type":"Point","coordinates":[8.49895,11.97864]}},{"type":"Feature","properties":{"name":"Gandun Albasa Primary School","kind":"school","ownership":"Public","level":"Formal","kind_detail":"Primary","lga":"Kano Municipal","ward":"Gandu Albasa"},"geometry":{"type":"Point","coordinates":[8.52801,11.96986]}},{"type":"Feature","properties":{"name":"Gidan Makama Primary School","kind":"school","ownership":"Public","level":"Formal","kind_detail":"Primary","lga":"Kano Municipal","ward":"Kan Karofi"},"geometry":{"type":"Point","coordinates":[8.52161,11.98866]}},{"type":"Feature","properties":{"name":"Kwalli Girls Center Primary School","kind":"school","ownership":"Public","level":"Formal","kind_detail":"Primary","lga":"Kano Municipal","ward":"Kan Karofi"},"geometry":{"type":"Point","coordinates":[8.52673,11.98669]}},{"type":"Feature","properties":{"name":"Kurmawa Primary School","kind":"school","ownership":"Public","level":"Formal","kind_detail":"Primary","lga":"Kano Municipal","ward":"Yakasai"},"geometry":{"type":"Point","coordinates":[8.52041,11.9926]}},{"type":"Feature","properties":{"name":"Rimi City Special Primary School","kind":"school","ownership":"Public","level":"Formal","kind_detail":"Primary","lga":"Kano Municipal","ward":"Yakasai"},"geometry":{"type":"Point","coordinates":[8.52805,11.99513]}},{"type":"Feature","properties":{"name":"Jakara Special Primary School","kind":"school","ownership":"Public","level":"Formal","kind_detail":"Primary","lga":"Kano Municipal","ward":"Tudun Nufawa"},"geometry":{"type":"Point","coordinates":[8.51025,12.00227]}},{"type":"Feature","properties":{"name":"Miftahurrashid Islamiyya Primary School","kind":"school","ownership":"Public","level":"Integrated","kind_detail":"Primary","lga":"Kano Municipal","ward":"Jakara"},"geometry":{"type":"Point","coordinates":[8.51214,12.00356]}},{"type":"Feature","properties":{"name":"Shahuci Special Primary School","kind":"school","ownership":"Public","level":"Formal","kind_detail":"Primary","lga":"Kano Municipal","ward":"Zango"},"geometry":{"type":"Point","coordinates":[8.52352,11.99706]}},{"type":"Feature","properties":{"name":"Kofar Wanbai Special Primary School","kind":"school","ownership":"Public","level":"Formal","kind_detail":"Primary","lga":"Kano Municipal","ward":"Zaitawa"},"geometry":{"type":"Point","coordinates":[8.52194,12.00596]}},{"type":"Feature","properties":{"name":"Mayanka Primary School","kind":"school","ownership":"Public","level":"Formal","kind_detail":"Primary","lga":"Kano Municipal","ward":"Zaitawa"},"geometry":{"type":"Point","coordinates":[8.51707,12.00655]}},{"type":"Feature","properties":{"name":"Sabuwar Kofa Special Primary School","kind":"school","ownership":"Public","level":"Formal","kind_detail":"Primary","lga":"Kano Municipal","ward":"Zaitawa"},"geometry":{"type":"Point","coordinates":[8.52117,12.01167]}},{"type":"Feature","properties":{"name":"Gadama Islamiya Primary School","kind":"school","ownership":"Public","level":"Integrated","kind_detail":"Primary","lga":"Kumbotso","ward":"Kumbotso"},"geometry":{"type":"Point","coordinates":[8.49814,11.90183]}},{"type":"Feature","properties":{"name":"Gadama Primary School","kind":"school","ownership":"Public","level":"Formal","kind_detail":"Primary","lga":"Kumbotso","ward":"Kumbotso"},"geometry":{"type":"Point","coordinates":[8.4949,11.89693]}},{"type":"Feature","properties":{"name":"Kanfa Primary School","kind":"school","ownership":"Public","level":"Formal","kind_detail":"Primary","lga":"Kumbotso","ward":"Kumbotso"},"geometry":{"type":"Point","coordinates":[8.51528,11.90415]}},{"type":"Feature","properties":{"name":"Kumbotso Special Primary School","kind":"school","ownership":"Public","level":"Formal","kind_detail":"Primary","lga":"Kumbotso","ward":"Kumbotso"},"geometry":{"type":"Point","coordinates":[8.505,11.89193]}},{"type":"Feature","properties":{"name":"Dangoro Primary School","kind":"school","ownership":"Public","level":"Formal","kind_detail":"Primary","lga":"Kumbotso","ward":"Unguwar Rimi"},"geometry":{"type":"Point","coordinates":[8.55395,11.89803]}},{"type":"Feature","properties":{"name":"Gadama Fulani Primary School","kind":"school","ownership":"Public","level":"Formal","kind_detail":"Primary","lga":"Kumbotso","ward":"Panshekara"},"geometry":{"type":"Point","coordinates":[8.48745,11.90244]}},{"type":"Feature","properties":{"name":"Gasau Primary School","kind":"school","ownership":"Public","level":"Religious","kind_detail":"Primary","lga":"Kumbotso","ward":"Panshekara"},"geometry":{"type":"Point","coordinates":[8.46311,11.90553]}},{"type":"Feature","properties":{"name":"Kayi Primary School","kind":"school","ownership":"Public","level":"Formal","kind_detail":"Primary","lga":"Kumbotso","ward":"Panshekara"},"geometry":{"type":"Point","coordinates":[8.44907,11.89565]}},{"type":"Feature","properties":{"name":"Panshekara Science Primary School","kind":"school","ownership":"Public","level":"Formal","kind_detail":"Primary","lga":"Kumbotso","ward":"Panshekara"},"geometry":{"type":"Point","coordinates":[8.45679,11.89287]}},{"type":"Feature","properties":{"name":"Rahatul Abai Primary School","kind":"school","ownership":"Public","level":"Formal","kind_detail":"Primary","lga":"Kumbotso","ward":"Panshekara"},"geometry":{"type":"Point","coordinates":[8.46094,11.89488]}},{"type":"Feature","properties":{"name":"Tamrinul Adafal Islamiyya Primary School Zawaciki","kind":"school","ownership":"Public","level":"Integrated","kind_detail":"Primary","lga":"Kumbotso","ward":"Panshekara"},"geometry":{"type":"Point","coordinates":[8.4639,11.9144]}},{"type":"Feature","properties":{"name":"Assayada Zainab Primary School","kind":"school","ownership":"Public","level":"Formal","kind_detail":"Primary","lga":"Kumbotso","ward":"Garun Gawa"},"geometry":{"type":"Point","coordinates":[8.53177,11.96128]}},{"type":"Feature","properties":{"name":"Bechi Primary School","kind":"school","ownership":"Public","level":"Formal","kind_detail":"Primary","lga":"Kumbotso","ward":"Garun Gawa"},"geometry":{"type":"Point","coordinates":[8.50031,11.9254]}},{"type":"Feature","properties":{"name":"Gurin Gawa Primary School","kind":"school","ownership":"Public","level":"Formal","kind_detail":"Primary","lga":"Kumbotso","ward":"Garun Gawa"},"geometry":{"type":"Point","coordinates":[8.51958,11.93117]}},{"type":"Feature","properties":{"name":"Izazuadeen Islamic Nursery And Primary School","kind":"school","ownership":"Public","level":"Formal","kind_detail":"Primary","lga":"Kumbotso","ward":"Garun Gawa"},"geometry":{"type":"Point","coordinates":[8.52195,11.93202]}},{"type":"Feature","properties":{"name":"Jaoji Special Primary School","kind":"school","ownership":"Public","level":"Formal","kind_detail":"Primary","lga":"Kumbotso","ward":"Garun Gawa"},"geometry":{"type":"Point","coordinates":[8.52542,11.9589]}},{"type":"Feature","properties":{"name":"Miftahul Khairi Islamic Primary School","kind":"school","ownership":"Public","level":"Formal","kind_detail":"Primary","lga":"Kumbotso","ward":"Garun Gawa"},"geometry":{"type":"Point","coordinates":[8.52759,11.9579]}},{"type":"Feature","properties":{"name":"Nurul Nabiyyi Islamiyya Primary School","kind":"school","ownership":"Public","level":"Integrated","kind_detail":"Primary","lga":"Kumbotso","ward":"Garun Gawa"},"geometry":{"type":"Point","coordinates":[8.53163,11.95897]}},{"type":"Feature","properties":{"name":"Sunnani Huda Islamiyya Primary School","kind":"school","ownership":"Public","level":"Integrated","kind_detail":"Primary","lga":"Kumbotso","ward":"Garun Gawa"},"geometry":{"type":"Point","coordinates":[8.53206,11.9618]}},{"type":"Feature","properties":{"name":"Tarbiyatul Ummahatul Muminina Islsmiyya Primary School","kind":"school","ownership":"Public","level":"Formal","kind_detail":"Primary","lga":"Kumbotso","ward":"Garun Gawa"},"geometry":{"type":"Point","coordinates":[8.52943,11.96199]}},{"type":"Feature","properties":{"name":"Dangwauro Primary School","kind":"school","ownership":"Public","level":"Formal","kind_detail":"Primary","lga":"Kumbotso","ward":"Naibawa"},"geometry":{"type":"Point","coordinates":[8.54118,11.89467]}},{"type":"Feature","properties":{"name":"Fatahur Rahaman Islamiyya Primary School","kind":"school","ownership":"Public","level":"Integrated","kind_detail":"Primary","lga":"Kumbotso","ward":"Naibawa"},"geometry":{"type":"Point","coordinates":[8.54423,11.92193]}},{"type":"Feature","properties":{"name":"Hudal Islam Primary School","kind":"school","ownership":"Public","level":"Formal","kind_detail":"Primary","lga":"Kumbotso","ward":"Naibawa"},"geometry":{"type":"Point","coordinates":[8.54426,11.91826]}},{"type":"Feature","properties":{"name":"Mai Kalwa Special Primary School","kind":"school","ownership":"Public","level":"Formal","kind_detail":"Primary","lga":"Kumbotso","ward":"Naibawa"},"geometry":{"type":"Point","coordinates":[8.54512,11.92853]}},{"type":"Feature","properties":{"name":"Naibawa Special Primary School","kind":"school","ownership":"Public","level":"Formal","kind_detail":"Primary","lga":"Kumbotso","ward":"Naibawa"},"geometry":{"type":"Point","coordinates":[8.56557,11.94206]}},{"type":"Feature","properties":{"name":"Nurudden Islamiyya Primary School","kind":"school","ownership":"Public","level":"Integrated","kind_detail":"Primary","lga":"Kumbotso","ward":"Naibawa"},"geometry":{"type":"Point","coordinates":[8.54749,11.93102]}},{"type":"Feature","properties":{"name":"Nurul Haq Islamiyya Primary School","kind":"school","ownership":"Public","level":"Integrated","kind_detail":"Primary","lga":"Kumbotso","ward":"Naibawa"},"geometry":{"type":"Point","coordinates":[8.55362,11.93353]}},{"type":"Feature","properties":{"name":"Nurul Zaman Islamiyya Primary School","kind":"school","ownership":"Public","level":"Integrated","kind_detail":"Primary","lga":"Kumbotso","ward":"Naibawa"},"geometry":{"type":"Point","coordinates":[8.55155,11.92839]}},{"type":"Feature","properties":{"name":"Saadatu Rimi Primary School","kind":"school","ownership":"Public","level":"Formal","kind_detail":"Primary","lga":"Kumbotso","ward":"Naibawa"},"geometry":{"type":"Point","coordinates":[8.5543,11.92026]}},{"type":"Feature","properties":{"name":"Chalawa Primary School","kind":"school","ownership":"Public","level":"Formal","kind_detail":"Primary","lga":"Kumbotso","ward":"Chalawa"},"geometry":{"type":"Point","coordinates":[8.42284,11.90825]}},{"type":"Feature","properties":{"name":"Kusuba Primary School","kind":"school","ownership":"Public","level":"Formal","kind_detail":"Primary","lga":"Kumbotso","ward":"Chalawa"},"geometry":{"type":"Point","coordinates":[8.41359,11.91771]}},{"type":"Feature","properties":{"name":"Runkusawa Primary School","kind":"school","ownership":"Public","level":"Formal","kind_detail":"Primary","lga":"Kumbotso","ward":"Chalawa"},"geometry":{"type":"Point","coordinates":[8.42741,11.89191]}},{"type":"Feature","properties":{"name":"Kureken Sani Primary School","kind":"school","ownership":"Public","level":"Formal","kind_detail":"Primary","lga":"Kumbotso","ward":"Kureken Sani"},"geometry":{"type":"Point","coordinates":[8.5917,11.94119]}},{"type":"Feature","properties":{"name":"Amirul Jaishi Islamic Primary School","kind":"school","ownership":"Public","level":"Integrated","kind_detail":"Primary","lga":"Kumbotso","ward":"Dan Maliki"},"geometry":{"type":"Point","coordinates":[8.5247,11.9526]}},{"type":"Feature","properties":{"name":"Bubbugaje Primary School","kind":"school","ownership":"Public","level":"Formal","kind_detail":"Primary","lga":"Kumbotso","ward":"Dan Maliki"},"geometry":{"type":"Point","coordinates":[8.49878,11.94108]}},{"type":"Feature","properties":{"name":"Ilmul Huda Islamiyya Primary School","kind":"school","ownership":"Public","level":"Integrated","kind_detail":"Primary","lga":"Kumbotso","ward":"Dan Maliki"},"geometry":{"type":"Point","coordinates":[8.53335,11.95458]}},{"type":"Feature","properties":{"name":"Imam Malik Islamiyya Primary School","kind":"school","ownership":"Public","level":"Integrated","kind_detail":"Primary","lga":"Kumbotso","ward":"Dan Maliki"},"geometry":{"type":"Point","coordinates":[8.52783,11.94368]}},{"type":"Feature","properties":{"name":"Medile Special Primary School","kind":"school","ownership":"Public","level":"Formal","kind_detail":"Primary","lga":"Kumbotso","ward":"Dan Maliki"},"geometry":{"type":"Point","coordinates":[8.50914,11.94806]}},{"type":"Feature","properties":{"name":"Nana Fatima Islamiyya Primary School","kind":"school","ownership":"Public","level":"Integrated","kind_detail":"Primary","lga":"Kumbotso","ward":"Dan Maliki"},"geometry":{"type":"Point","coordinates":[8.53406,11.95022]}},{"type":"Feature","properties":{"name":"Nassaradeen Islamiyya Primary School","kind":"school","ownership":"Public","level":"Integrated","kind_detail":"Primary","lga":"Kumbotso","ward":"Dan Maliki"},"geometry":{"type":"Point","coordinates":[8.51352,11.9259]}},{"type":"Feature","properties":{"name":"Nizamiyya Islamic Nursery And Primary School","kind":"school","ownership":"Public","level":"Formal","kind_detail":"Primary","lga":"Kumbotso","ward":"Dan Maliki"},"geometry":{"type":"Point","coordinates":[8.52923,11.94695]}},{"type":"Feature","properties":{"name":"Nurul Yakin Islamiyya Primary School","kind":"school","ownership":"Public","level":"Integrated","kind_detail":"Primary","lga":"Kumbotso","ward":"Dan Maliki"},"geometry":{"type":"Point","coordinates":[8.53164,11.94192]}},{"type":"Feature","properties":{"name":"Rigar Kuka Primary School","kind":"school","ownership":"Public","level":"Formal","kind_detail":"Primary","lga":"Kumbotso","ward":"Dan Maliki"},"geometry":{"type":"Point","coordinates":[8.53189,11.93893]}},{"type":"Feature","properties":{"name":"Sabuwar Gandu Primary School","kind":"school","ownership":"Public","level":"Formal","kind_detail":"Primary","lga":"Kumbotso","ward":"Dan Maliki"},"geometry":{"type":"Point","coordinates":[8.51538,11.95399]}},{"type":"Feature","properties":{"name":"Shekarbarde Primary School","kind":"school","ownership":"Public","level":"Formal","kind_detail":"Primary","lga":"Kumbotso","ward":"Dan Maliki"},"geometry":{"type":"Point","coordinates":[8.53151,11.95303]}},{"type":"Feature","properties":{"name":"Taalimul Adfaluddin Islamiyya Primary School","kind":"school","ownership":"Public","level":"Integrated","kind_detail":"Primary","lga":"Kumbotso","ward":"Dan Maliki"},"geometry":{"type":"Point","coordinates":[8.5306,11.95441]}},{"type":"Feature","properties":{"name":"Tarbiyyatul Aulad Islamiyya Primary School","kind":"school","ownership":"Public","level":"Integrated","kind_detail":"Primary","lga":"Kumbotso","ward":"Dan Maliki"},"geometry":{"type":"Point","coordinates":[8.51446,11.95261]}},{"type":"Feature","properties":{"name":"Tarbiyyatul Islamiyya Mailkawa Primary School","kind":"school","ownership":"Public","level":"Formal","kind_detail":"Primary","lga":"Kumbotso","ward":"Dan Maliki"},"geometry":{"type":"Point","coordinates":[8.53203,11.95773]}},{"type":"Feature","properties":{"name":"Abdulkarim Hassan Islamiyya Primary School","kind":"school","ownership":"Public","level":"Integrated","kind_detail":"Primary","lga":"Kumbotso","ward":"Chiranchi"},"geometry":{"type":"Point","coordinates":[8.48338,11.95682]}},{"type":"Feature","properties":{"name":"Adafalul Faira Islamiyya Primary School","kind":"school","ownership":"Public","level":"Integrated","kind_detail":"Primary","lga":"Kumbotso","ward":"Chiranchi"},"geometry":{"type":"Point","coordinates":[8.48465,11.96197]}},{"type":"Feature","properties":{"name":"Asassulddeen Islamiyya Primary School","kind":"school","ownership":"Public","level":"Integrated","kind_detail":"Primary","lga":"Kumbotso","ward":"Chiranchi"},"geometry":{"type":"Point","coordinates":[8.48307,11.96104]}},{"type":"Feature","properties":{"name":"Chiranchi Gabas Special Primary School","kind":"school","ownership":"Public","level":"Formal","kind_detail":"Primary","lga":"Kumbotso","ward":"Chiranchi"},"geometry":{"type":"Point","coordinates":[8.4832,11.96137]}},{"type":"Feature","properties":{"name":"Chiranchi Special Primary School","kind":"school","ownership":"Public","level":"Formal","kind_detail":"Primary","lga":"Kumbotso","ward":"Chiranchi"},"geometry":{"type":"Point","coordinates":[8.47634,11.95241]}},{"type":"Feature","properties":{"name":"Nurul Huda Isl Primary School","kind":"school","ownership":"Public","level":"Formal","kind_detail":"Primary","lga":"Kumbotso","ward":"Chiranchi"},"geometry":{"type":"Point","coordinates":[8.47043,11.93271]}},{"type":"Feature","properties":{"name":"Shafiu Aulad Islamiyya Primary School","kind":"school","ownership":"Public","level":"Integrated","kind_detail":"Primary","lga":"Kumbotso","ward":"Chiranchi"},"geometry":{"type":"Point","coordinates":[8.48299,11.96212]}},{"type":"Feature","properties":{"name":"Tarbiyatul Adafal Islamiyya Primary School","kind":"school","ownership":"Public","level":"Integrated","kind_detail":"Primary","lga":"Kumbotso","ward":"Chiranchi"},"geometry":{"type":"Point","coordinates":[8.47293,11.95269]}},{"type":"Feature","properties":{"name":"Farawa Primary School","kind":"school","ownership":"Public","level":"Formal","kind_detail":"Primary","lga":"Kumbotso","ward":"Mariri"},"geometry":{"type":"Point","coordinates":[8.6062,11.95546]}},{"type":"Feature","properties":{"name":"Mariri Special Primary School","kind":"school","ownership":"Public","level":"Formal","kind_detail":"Primary","lga":"Kumbotso","ward":"Mariri"},"geometry":{"type":"Point","coordinates":[8.61044,11.94867]}},{"type":"Feature","properties":{"name":"Ruby Primary School","kind":"school","ownership":"Public","level":"Formal","kind_detail":"Primary","lga":"Kumbotso","ward":"Mariri"},"geometry":{"type":"Point","coordinates":[8.61061,11.96482]}},{"type":"Feature","properties":{"name":"Danbare Primary School","kind":"school","ownership":"Public","level":"Formal","kind_detail":"Primary","lga":"Kumbotso","ward":"Danbare"},"geometry":{"type":"Point","coordinates":[8.43455,11.95829]}},{"type":"Feature","properties":{"name":"Khairu Zad Takawa Islamic Primary School","kind":"school","ownership":"Public","level":"Formal","kind_detail":"Primary","lga":"Kumbotso","ward":"Danbare"},"geometry":{"type":"Point","coordinates":[8.42456,11.95786]}},{"type":"Feature","properties":{"name":"Murtala Islamic Primary School","kind":"school","ownership":"Public","level":"Formal","kind_detail":"Primary","lga":"Kumbotso","ward":"Danbare"},"geometry":{"type":"Point","coordinates":[8.45695,11.94283]}},{"type":"Feature","properties":{"name":"Science Primary School Unguwa Uku","kind":"school","ownership":"Public","level":"Formal","kind_detail":"Primary","lga":"Tarauni","ward":"Unguwa Uku Cikin Gari"},"geometry":{"type":"Point","coordinates":[8.56171,11.95681]}},{"type":"Feature","properties":{"name":"Bashir Memorial Primary School","kind":"school","ownership":"Public","level":"Formal","kind_detail":"Primary","lga":"Tarauni","ward":"Unguwar Gano"},"geometry":{"type":"Point","coordinates":[8.55442,11.94254]}},{"type":"Feature","properties":{"name":"Bashirbin Abdulwahab Islamiyya Primary School","kind":"school","ownership":"Public","level":"Integrated","kind_detail":"Primary","lga":"Tarauni","ward":"Darmanawa"},"geometry":{"type":"Point","coordinates":[8.54646,11.95826]}},{"type":"Feature","properties":{"name":"Burham Islamiyya Primary School","kind":"school","ownership":"Public","level":"Integrated","kind_detail":"Primary","lga":"Tarauni","ward":"Darmanawa"},"geometry":{"type":"Point","coordinates":[8.54268,11.94586]}},{"type":"Feature","properties":{"name":"Dahiru Sitti Islamiyya Primary School","kind":"school","ownership":"Public","level":"Integrated","kind_detail":"Primary","lga":"Tarauni","ward":"Darmanawa"},"geometry":{"type":"Point","coordinates":[8.54596,11.95806]}},{"type":"Feature","properties":{"name":"Darmanawa Special Primary School","kind":"school","ownership":"Public","level":"Formal","kind_detail":"Primary","lga":"Tarauni","ward":"Darmanawa"},"geometry":{"type":"Point","coordinates":[8.54492,11.94848]}},{"type":"Feature","properties":{"name":"Fathul Rahman Islamiyya Primary School","kind":"school","ownership":"Public","level":"Integrated","kind_detail":"Primary","lga":"Tarauni","ward":"Darmanawa"},"geometry":{"type":"Point","coordinates":[8.54362,11.95542]}},{"type":"Feature","properties":{"name":"Imamu Shuaibu Islamiyya Primary School","kind":"school","ownership":"Public","level":"Integrated","kind_detail":"Primary","lga":"Tarauni","ward":"Darmanawa"},"geometry":{"type":"Point","coordinates":[8.54437,11.95644]}},{"type":"Feature","properties":{"name":"Sallari Special Primary School","kind":"school","ownership":"Public","level":"Formal","kind_detail":"Primary","lga":"Tarauni","ward":"Darmanawa"},"geometry":{"type":"Point","coordinates":[8.54193,11.95652]}},{"type":"Feature","properties":{"name":"Julasau Tuba Islamiyya Primary School","kind":"school","ownership":"Public","level":"Integrated","kind_detail":"Primary","lga":"Tarauni","ward":"Unguwa Uku Kauyen Alu"},"geometry":{"type":"Point","coordinates":[8.5696,11.95381]}},{"type":"Feature","properties":{"name":"Kauyen Alu Special Primary School","kind":"school","ownership":"Public","level":"Formal","kind_detail":"Primary","lga":"Tarauni","ward":"Unguwa Uku Kauyen Alu"},"geometry":{"type":"Point","coordinates":[8.57126,11.96514]}},{"type":"Feature","properties":{"name":"Bashir Mwmoria Islamic Primary School","kind":"school","ownership":"Public","level":"Integrated","kind_detail":"Primary","lga":"Tarauni","ward":"Gyadi Gyadi Kudu"},"geometry":{"type":"Point","coordinates":[8.54624,11.97152]}},{"type":"Feature","properties":{"name":"Gyadi Gyadi Kudu Primary School","kind":"school","ownership":"Public","level":"Formal","kind_detail":"Primary","lga":"Tarauni","ward":"Gyadi Gyadi Kudu"},"geometry":{"type":"Point","coordinates":[8.54588,11.96792]}},{"type":"Feature","properties":{"name":"Tahir Islamiyya Primary School","kind":"school","ownership":"Public","level":"Integrated","kind_detail":"Primary","lga":"Tarauni","ward":"Gyadi Gyadi Kudu"},"geometry":{"type":"Point","coordinates":[8.54615,11.96762]}},{"type":"Feature","properties":{"name":"Limawa Lslamiyya Primary School","kind":"school","ownership":"Public","level":"Formal","kind_detail":"Primary","lga":"Tarauni","ward":"Hotoro"},"geometry":{"type":"Point","coordinates":[8.57138,11.96602]}},{"type":"Feature","properties":{"name":"Hafsat Islamiyya Primary School","kind":"school","ownership":"Public","level":"Integrated","kind_detail":"Primary","lga":"Tarauni","ward":"Babban Giji"},"geometry":{"type":"Point","coordinates":[8.53581,11.96203]}},{"type":"Feature","properties":{"name":"Irshadul Agfal Islamiyya Primary School","kind":"school","ownership":"Public","level":"Integrated","kind_detail":"Primary","lga":"Tarauni","ward":"Babban Giji"},"geometry":{"type":"Point","coordinates":[8.53535,11.96343]}},{"type":"Feature","properties":{"name":"Kanzil Ilmu Islamiyya Primary School","kind":"school","ownership":"Public","level":"Integrated","kind_detail":"Primary","lga":"Tarauni","ward":"Babban Giji"},"geometry":{"type":"Point","coordinates":[8.53782,11.95858]}},{"type":"Feature","properties":{"name":"Model Primary School Hausawa","kind":"school","ownership":"Public","level":"Formal","kind_detail":"Primary","lga":"Tarauni","ward":"Babban Giji"},"geometry":{"type":"Point","coordinates":[8.53871,11.96593]}},{"type":"Feature","properties":{"name":"Sabilu Sa Adat Islamiyya Primary School","kind":"school","ownership":"Public","level":"Integrated","kind_detail":"Primary","lga":"Tarauni","ward":"Babban Giji"},"geometry":{"type":"Point","coordinates":[8.54026,11.95423]}},{"type":"Feature","properties":{"name":"Special Primary School Hausawa","kind":"school","ownership":"Public","level":"Formal","kind_detail":"Primary","lga":"Tarauni","ward":"Babban Giji"},"geometry":{"type":"Point","coordinates":[8.53958,11.96505]}},{"type":"Feature","properties":{"name":"Tahfizul Qur An Islamiyya Primary School Sallari","kind":"school","ownership":"Public","level":"Integrated","kind_detail":"Primary","lga":"Tarauni","ward":"Babban Giji"},"geometry":{"type":"Point","coordinates":[8.53791,11.95632]}},{"type":"Feature","properties":{"name":"Abdulkarim Islamiyya Primary School","kind":"school","ownership":"Public","level":"Integrated","kind_detail":"Primary","lga":"Tarauni","ward":"Gyadi Gyadi Arewa"},"geometry":{"type":"Point","coordinates":[8.5403,11.97617]}},{"type":"Feature","properties":{"name":"Danpullo Islamic Primary School","kind":"school","ownership":"Public","level":"Integrated","kind_detail":"Primary","lga":"Tarauni","ward":"Gyadi Gyadi Arewa"},"geometry":{"type":"Point","coordinates":[8.54155,11.97397]}},{"type":"Feature","properties":{"name":"Saminu Islamiyya Primary School","kind":"school","ownership":"Public","level":"Integrated","kind_detail":"Primary","lga":"Tarauni","ward":"Gyadi Gyadi Arewa"},"geometry":{"type":"Point","coordinates":[8.54301,11.97454]}},{"type":"Feature","properties":{"name":"Sayyada Zainab Islamiyya Primary School","kind":"school","ownership":"Public","level":"Integrated","kind_detail":"Primary","lga":"Tarauni","ward":"Gyadi Gyadi Arewa"},"geometry":{"type":"Point","coordinates":[8.54137,11.97244]}},{"type":"Feature","properties":{"name":"Daurawa Primary School","kind":"school","ownership":"Public","level":"Formal","kind_detail":"Primary","lga":"Tarauni","ward":"Tarauni"},"geometry":{"type":"Point","coordinates":[8.55819,11.97496]}},{"type":"Feature","properties":{"name":"Nurul Hayat Islamiyyah Primary School","kind":"school","ownership":"Public","level":"Formal","kind_detail":"Primary","lga":"Tarauni","ward":"Tarauni"},"geometry":{"type":"Point","coordinates":[8.55643,11.97507]}},{"type":"Feature","properties":{"name":"Riyadul Muslimina Islamiyya Primary School","kind":"school","ownership":"Public","level":"Integrated","kind_detail":"Primary","lga":"Tarauni","ward":"Tarauni"},"geometry":{"type":"Point","coordinates":[8.55211,11.97917]}},{"type":"Feature","properties":{"name":"Danjirima Special Primary School","kind":"school","ownership":"Public","level":"Formal","kind_detail":"Primary","lga":"Ungogo","ward":"Rijiyar Zaki"},"geometry":{"type":"Point","coordinates":[8.40435,11.94937]}},{"type":"Feature","properties":{"name":"Jajira Primary School","kind":"school","ownership":"Public","level":"Formal","kind_detail":"Primary","lga":"Ungogo","ward":"Tudun Fulani"},"geometry":{"type":"Point","coordinates":[8.42309,12.03338]}},{"type":"Feature","properties":{"name":"Garun Iya Primary School","kind":"school","ownership":"Public","level":"Formal","kind_detail":"Primary","lga":"Ungogo","ward":"Bachirawa"},"geometry":{"type":"Point","coordinates":[8.41276,12.04144]}},{"type":"Feature","properties":{"name":"Nothern Primary School","kind":"school","ownership":"Public","level":"Formal","kind_detail":"Primary","lga":"Ungogo","ward":"Bachirawa"},"geometry":{"type":"Point","coordinates":[8.46368,12.06424]}},{"type":"Feature","properties":{"name":"Sabon Garin Rangaza Primary School","kind":"school","ownership":"Public","level":"Formal","kind_detail":"Primary","lga":"Ungogo","ward":"Rangaza"},"geometry":{"type":"Point","coordinates":[8.60737,12.05483]}},{"type":"Feature","properties":{"name":"Salha Nursery And Primary School","kind":"school","ownership":"Public","level":"Formal","kind_detail":"Primary","lga":"Ungogo","ward":"Rangaza"},"geometry":{"type":"Point","coordinates":[8.58785,12.04079]}},{"type":"Feature","properties":{"name":"Dan Rimi Special Primary School","kind":"school","ownership":"Public","level":"Formal","kind_detail":"Primary","lga":"Ungogo","ward":"Kadawa"},"geometry":{"type":"Point","coordinates":[8.49168,12.05627]}},{"type":"Feature","properties":{"name":"Kadawa Science And Mathematics Primary School","kind":"school","ownership":"Public","level":"Formal","kind_detail":"Primary","lga":"Ungogo","ward":"Kadawa"},"geometry":{"type":"Point","coordinates":[8.4573,12.07473]}},{"type":"Feature","properties":{"name":"Rafin Malani Primary School","kind":"school","ownership":"Public","level":"Formal","kind_detail":"Primary","lga":"Ungogo","ward":"Kadawa"},"geometry":{"type":"Point","coordinates":[8.49453,12.07011]}},{"type":"Feature","properties":{"name":"Dosera Primary School","kind":"school","ownership":"Public","level":"Formal","kind_detail":"Primary","lga":"Ungogo","ward":"Yada Kunya"},"geometry":{"type":"Point","coordinates":[8.58138,12.0746]}},{"type":"Feature","properties":{"name":"Inusawa Primary School","kind":"school","ownership":"Public","level":"Formal","kind_detail":"Primary","lga":"Ungogo","ward":"Yada Kunya"},"geometry":{"type":"Point","coordinates":[8.59937,12.06902]}},{"type":"Feature","properties":{"name":"Dankunkuru Primary School","kind":"school","ownership":"Public","level":"Formal","kind_detail":"Primary","lga":"Ungogo","ward":"Gayawa"},"geometry":{"type":"Point","coordinates":[8.57359,12.06624]}},{"type":"Feature","properties":{"name":"Kera Primary School Fanisau","kind":"school","ownership":"Public","level":"Formal","kind_detail":"Primary","lga":"Ungogo","ward":"Fanisau"},"geometry":{"type":"Point","coordinates":[8.51214,12.08583]}},{"type":"Feature","properties":{"name":"Panisau Special Primary School","kind":"school","ownership":"Public","level":"Formal","kind_detail":"Primary","lga":"Ungogo","ward":"Fanisau"},"geometry":{"type":"Point","coordinates":[8.54455,12.07934]}},{"type":"Feature","properties":{"name":"Alharini Primary School","kind":"school","ownership":"Public","level":"Formal","kind_detail":"Primary","lga":"Ungogo","ward":"Ungogo"},"geometry":{"type":"Point","coordinates":[8.51283,12.10501]}},{"type":"Feature","properties":{"name":"Bakin Kasuwa Primary School","kind":"school","ownership":"Public","level":"Formal","kind_detail":"Primary","lga":"Ungogo","ward":"Ungogo"},"geometry":{"type":"Point","coordinates":[8.49429,12.10386]}},{"type":"Feature","properties":{"name":"Kokarani Primary School","kind":"school","ownership":"Public","level":"Formal","kind_detail":"Primary","lga":"Ungogo","ward":"Ungogo"},"geometry":{"type":"Point","coordinates":[8.46915,12.095]}},{"type":"Feature","properties":{"name":"Da Awatul Hikima Wattahfizul Quran Primary School","kind":"school","ownership":"Public","level":"Religious","kind_detail":"Primary","lga":"Nassarawa","ward":"Hotoro South"},"geometry":{"type":"Point","coordinates":[8.5902,11.97174]}},{"type":"Feature","properties":{"name":"Ihyaussunnah Primary School","kind":"school","ownership":"Public","level":"Integrated","kind_detail":"Primary","lga":"Nassarawa","ward":"Hotoro South"},"geometry":{"type":"Point","coordinates":[8.58055,11.9733]}},{"type":"Feature","properties":{"name":"Masjid Islamiyya Primary School","kind":"school","ownership":"Public","level":"Integrated","kind_detail":"Primary","lga":"Nassarawa","ward":"Hotoro South"},"geometry":{"type":"Point","coordinates":[8.58155,11.96869]}},{"type":"Feature","properties":{"name":"Miftahul Khairi Lslam Primary School","kind":"school","ownership":"Public","level":"Formal","kind_detail":"Primary","lga":"Nassarawa","ward":"Hotoro South"},"geometry":{"type":"Point","coordinates":[8.5919,11.9643]}},{"type":"Feature","properties":{"name":"Sabululsalam Islamic Primary School","kind":"school","ownership":"Public","level":"Formal","kind_detail":"Primary","lga":"Nassarawa","ward":"Hotoro South"},"geometry":{"type":"Point","coordinates":[8.59133,11.96455]}},{"type":"Feature","properties":{"name":"Sheikh M Lawal Islamic Primary School","kind":"school","ownership":"Public","level":"Formal","kind_detail":"Primary","lga":"Nassarawa","ward":"Hotoro South"},"geometry":{"type":"Point","coordinates":[8.58507,11.96827]}},{"type":"Feature","properties":{"name":"Tarbiyawa Ta Alim Primary School","kind":"school","ownership":"Public","level":"Formal","kind_detail":"Primary","lga":"Nassarawa","ward":"Hotoro South"},"geometry":{"type":"Point","coordinates":[8.58381,11.97153]}},{"type":"Feature","properties":{"name":"Badawa Special Primary School","kind":"school","ownership":"Public","level":"Formal","kind_detail":"Primary","lga":"Nassarawa","ward":"Giginyu"},"geometry":{"type":"Point","coordinates":[8.57273,11.99942]}},{"type":"Feature","properties":{"name":"Dinil Islam Primary School Kano","kind":"school","ownership":"Public","level":"Integrated","kind_detail":"Primary","lga":"Nassarawa","ward":"Giginyu"},"geometry":{"type":"Point","coordinates":[8.57227,11.9823]}},{"type":"Feature","properties":{"name":"Fadimatulzuhra Isllamiyya Primary School","kind":"school","ownership":"Public","level":"Religious","kind_detail":"Primary","lga":"Nassarawa","ward":"Giginyu"},"geometry":{"type":"Point","coordinates":[8.56933,11.98283]}},{"type":"Feature","properties":{"name":"Giginyu Primary School","kind":"school","ownership":"Public","level":"Formal","kind_detail":"Primary","lga":"Nassarawa","ward":"Giginyu"},"geometry":{"type":"Point","coordinates":[8.5677,11.99037]}},{"type":"Feature","properties":{"name":"Halmisa Nuresry And Primary School","kind":"school","ownership":"Public","level":"Formal","kind_detail":"Primary","lga":"Nassarawa","ward":"Giginyu"},"geometry":{"type":"Point","coordinates":[8.57605,11.99098]}},{"type":"Feature","properties":{"name":"Magwan Science And Technical Primary School","kind":"school","ownership":"Public","level":"Formal","kind_detail":"Primary","lga":"Nassarawa","ward":"Giginyu"},"geometry":{"type":"Point","coordinates":[8.54339,11.98703]}},{"type":"Feature","properties":{"name":"Race Cource Model Primary School","kind":"school","ownership":"Public","level":"Formal","kind_detail":"Primary","lga":"Nassarawa","ward":"Giginyu"},"geometry":{"type":"Point","coordinates":[8.55802,11.99384]}},{"type":"Feature","properties":{"name":"Tarauni Special Primary School","kind":"school","ownership":"Public","level":"Formal","kind_detail":"Primary","lga":"Nassarawa","ward":"Giginyu"},"geometry":{"type":"Point","coordinates":[8.56335,11.97955]}},{"type":"Feature","properties":{"name":"Danfodio Islamiyyah Primary School","kind":"school","ownership":"Public","level":"Integrated","kind_detail":"Primary","lga":"Nassarawa","ward":"Kawaji"},"geometry":{"type":"Point","coordinates":[8.59567,12.01473]}},{"type":"Feature","properties":{"name":"Kawaji Special Primary School","kind":"school","ownership":"Public","level":"Formal","kind_detail":"Primary","lga":"Nassarawa","ward":"Kawaji"},"geometry":{"type":"Point","coordinates":[8.57687,12.01091]}},{"type":"Feature","properties":{"name":"Kawaji Yan Kaba Special Primary School","kind":"school","ownership":"Public","level":"Formal","kind_detail":"Primary","lga":"Nassarawa","ward":"Kawaji"},"geometry":{"type":"Point","coordinates":[8.58233,12.00805]}},{"type":"Feature","properties":{"name":"Saunar Kawaji Primary School","kind":"school","ownership":"Public","level":"Formal","kind_detail":"Primary","lga":"Nassarawa","ward":"Kawaji"},"geometry":{"type":"Point","coordinates":[8.59466,12.02259]}},{"type":"Feature","properties":{"name":"Shabbabul Islam Special Primary School","kind":"school","ownership":"Public","level":"Formal","kind_detail":"Primary","lga":"Nassarawa","ward":"Kawaji"},"geometry":{"type":"Point","coordinates":[8.57113,12.00754]}},{"type":"Feature","properties":{"name":"Tarbiya Dakata Islamiyya Primary School","kind":"school","ownership":"Public","level":"Integrated","kind_detail":"Primary","lga":"Nassarawa","ward":"Kawaji"},"geometry":{"type":"Point","coordinates":[8.58211,12.01629]}},{"type":"Feature","properties":{"name":"Gawuna Primary School","kind":"school","ownership":"Public","level":"Formal","kind_detail":"Primary","lga":"Nassarawa","ward":"Gawuna"},"geometry":{"type":"Point","coordinates":[8.54736,12.0293]}},{"type":"Feature","properties":{"name":"Kitabu Wa Sannah Primary School","kind":"school","ownership":"Public","level":"Formal","kind_detail":"Primary","lga":"Nassarawa","ward":"Gawuna"},"geometry":{"type":"Point","coordinates":[8.54856,12.02724]}},{"type":"Feature","properties":{"name":"Liman Datti Model Islamuyya Primary School","kind":"school","ownership":"Public","level":"Formal","kind_detail":"Primary","lga":"Nassarawa","ward":"Gawuna"},"geometry":{"type":"Point","coordinates":[8.55479,12.02639]}},{"type":"Feature","properties":{"name":"Chediya Islamiyya Primary School","kind":"school","ownership":"Public","level":"Integrated","kind_detail":"Primary","lga":"Nassarawa","ward":"Gwagwarwa"},"geometry":{"type":"Point","coordinates":[8.54239,12.0301]}},{"type":"Feature","properties":{"name":"Hikmatu Alami Islamic Primary School","kind":"school","ownership":"Private","level":"Formal","kind_detail":"Primary","lga":"Nassarawa","ward":"Gwagwarwa"},"geometry":{"type":"Point","coordinates":[8.54306,12.03041]}},{"type":"Feature","properties":{"name":"Dakata Islamiyya Primary School","kind":"school","ownership":"Faith Based","level":"Religious","kind_detail":"Primary","lga":"Nassarawa","ward":"Dakata"},"geometry":{"type":"Point","coordinates":[8.58064,12.01738]}},{"type":"Feature","properties":{"name":"Holborn Childfriendly Primary School","kind":"school","ownership":"Public","level":"Formal","kind_detail":"Primary","lga":"Nassarawa","ward":"Dakata"},"geometry":{"type":"Point","coordinates":[8.58057,12.03201]}},{"type":"Feature","properties":{"name":"Mubaraka Islamiyya Nursery And Primary School","kind":"school","ownership":"Public","level":"Formal","kind_detail":"Primary","lga":"Nassarawa","ward":"Dakata"},"geometry":{"type":"Point","coordinates":[8.57888,12.01728]}},{"type":"Feature","properties":{"name":"Kaura Goje Special Primary School","kind":"school","ownership":"Public","level":"Formal","kind_detail":"Primary","lga":"Nassarawa","ward":"Kaura Goje"},"geometry":{"type":"Point","coordinates":[8.5484,12.04225]}},{"type":"Feature","properties":{"name":"Kauragoje Special Primary School","kind":"school","ownership":"Public","level":"Formal","kind_detail":"Primary","lga":"Nassarawa","ward":"Kaura Goje"},"geometry":{"type":"Point","coordinates":[8.54873,12.04235]}},{"type":"Feature","properties":{"name":"Liman Badamasi Islamiyya Primary School","kind":"school","ownership":"Public","level":"Integrated","kind_detail":"Primary","lga":"Nassarawa","ward":"Kaura Goje"},"geometry":{"type":"Point","coordinates":[8.54614,12.03993]}},{"type":"Feature","properties":{"name":"Tahfizul Aulad Islamiyya Primary School","kind":"school","ownership":"Public","level":"Integrated","kind_detail":"Primary","lga":"Nassarawa","ward":"Kaura Goje"},"geometry":{"type":"Point","coordinates":[8.55395,12.03965]}},{"type":"Feature","properties":{"name":"Baharunnada Islamiyya Primary School","kind":"school","ownership":"Public","level":"Integrated","kind_detail":"Primary","lga":"Nassarawa","ward":"Tudun Murtala"},"geometry":{"type":"Point","coordinates":[8.56284,12.03156]}},{"type":"Feature","properties":{"name":"Dalailul Khairat Islamiyya Primary School","kind":"school","ownership":"Public","level":"Integrated","kind_detail":"Primary","lga":"Nassarawa","ward":"Tudun Murtala"},"geometry":{"type":"Point","coordinates":[8.56577,12.03407]}},{"type":"Feature","properties":{"name":"Daril Quran Islamiyya Primary School","kind":"school","ownership":"Public","level":"Integrated","kind_detail":"Primary","lga":"Nassarawa","ward":"Tudun Murtala"},"geometry":{"type":"Point","coordinates":[8.57179,12.03833]}},{"type":"Feature","properties":{"name":"Irshadul Umma Islamiyya Primary School","kind":"school","ownership":"Public","level":"Integrated","kind_detail":"Primary","lga":"Nassarawa","ward":"Tudun Murtala"},"geometry":{"type":"Point","coordinates":[8.56344,12.03308]}},{"type":"Feature","properties":{"name":"Raudatul Ilmi Islamiyya Primary School","kind":"school","ownership":"Public","level":"Integrated","kind_detail":"Primary","lga":"Nassarawa","ward":"Tudun Murtala"},"geometry":{"type":"Point","coordinates":[8.56545,12.03022]}},{"type":"Feature","properties":{"name":"Shajaratul Islamiyya Primary School","kind":"school","ownership":"Public","level":"Integrated","kind_detail":"Primary","lga":"Nassarawa","ward":"Tudun Murtala"},"geometry":{"type":"Point","coordinates":[8.57295,12.03187]}},{"type":"Feature","properties":{"name":"Tagarji Special Primary School","kind":"school","ownership":"Public","level":"Formal","kind_detail":"Primary","lga":"Nassarawa","ward":"Tudun Murtala"},"geometry":{"type":"Point","coordinates":[8.57559,12.03451]}},{"type":"Feature","properties":{"name":"Gama Special Primary School","kind":"school","ownership":"Public","level":"Formal","kind_detail":"Primary","lga":"Nassarawa","ward":"Gama"},"geometry":{"type":"Point","coordinates":[8.55168,12.03188]}},{"type":"Feature","properties":{"name":"Sabilul Rashad Primary School","kind":"school","ownership":"Public","level":"Formal","kind_detail":"Primary","lga":"Nassarawa","ward":"Gama"},"geometry":{"type":"Point","coordinates":[8.54882,12.03227]}},{"type":"Feature","properties":{"name":"Suntulma Special Primary School","kind":"school","ownership":"Public","level":"Formal","kind_detail":"Primary","lga":"Nassarawa","ward":"Gama"},"geometry":{"type":"Point","coordinates":[8.5537,12.03421]}},{"type":"Feature","properties":{"name":"Bamai Foundation Primary School","kind":"school","ownership":"Public","level":"Formal","kind_detail":"Primary","lga":"Fagge","ward":"Rijiyar Lemo"},"geometry":{"type":"Point","coordinates":[8.47917,12.05089]}},{"type":"Feature","properties":{"name":"Khairul Bariyya Islamic Primary School","kind":"school","ownership":"Public","level":"Formal","kind_detail":"Primary","lga":"Fagge","ward":"Rijiyar Lemo"},"geometry":{"type":"Point","coordinates":[8.48078,12.0496]}},{"type":"Feature","properties":{"name":"Maahad Idris Islamiyya Primary School","kind":"school","ownership":"Public","level":"Integrated","kind_detail":"Primary","lga":"Fagge","ward":"Rijiyar Lemo"},"geometry":{"type":"Point","coordinates":[8.48216,12.05252]}},{"type":"Feature","properties":{"name":"Madinatul Ahbab Islamiyya Primary School","kind":"school","ownership":"Public","level":"Integrated","kind_detail":"Primary","lga":"Fagge","ward":"Rijiyar Lemo"},"geometry":{"type":"Point","coordinates":[8.48127,12.05124]}},{"type":"Feature","properties":{"name":"Multazam Islamiyya Primary School","kind":"school","ownership":"Public","level":"Integrated","kind_detail":"Primary","lga":"Fagge","ward":"Rijiyar Lemo"},"geometry":{"type":"Point","coordinates":[8.48367,12.04978]}},{"type":"Feature","properties":{"name":"Musa Mai Yaladifu Islamiyya Primary School","kind":"school","ownership":"Public","level":"Integrated","kind_detail":"Primary","lga":"Fagge","ward":"Rijiyar Lemo"},"geometry":{"type":"Point","coordinates":[8.48076,12.05401]}},{"type":"Feature","properties":{"name":"Al Hussain Primary School","kind":"school","ownership":"Private","level":"Formal","kind_detail":"Primary","lga":"Nassarawa","ward":"Hotoro North"},"geometry":{"type":"Point","coordinates":[8.59474,11.98587]}},{"type":"Feature","properties":{"name":"Ammanu Lala Primary School","kind":"school","ownership":"Faith Based","level":"Religious","kind_detail":"Primary","lga":"Nassarawa","ward":"Hotoro North"},"geometry":{"type":"Point","coordinates":[8.59365,12.00472]}},{"type":"Feature","properties":{"name":"Gwarza Islamiyya Primary School","kind":"school","ownership":"Private","level":"Integrated","kind_detail":"Primary","lga":"Nassarawa","ward":"Hotoro North"},"geometry":{"type":"Point","coordinates":[8.5795,11.9779]}},{"type":"Feature","properties":{"name":"Hotoron Arewa Special Primary School","kind":"school","ownership":"Public","level":"Formal","kind_detail":"Primary","lga":"Nassarawa","ward":"Hotoro North"},"geometry":{"type":"Point","coordinates":[8.58134,11.97997]}},{"type":"Feature","properties":{"name":"Ladanai Primary School","kind":"school","ownership":"Public","level":"Formal","kind_detail":"Primary","lga":"Nassarawa","ward":"Hotoro North"},"geometry":{"type":"Point","coordinates":[8.5991,11.98487]}},{"type":"Feature","properties":{"name":"Nurul Islam Primary School Hotoro North","kind":"school","ownership":"Public","level":"Formal","kind_detail":"Primary","lga":"Nassarawa","ward":"Hotoro North"},"geometry":{"type":"Point","coordinates":[8.58248,11.98168]}},{"type":"Feature","properties":{"name":"Zawai Special Primary School","kind":"school","ownership":"Public","level":"Formal","kind_detail":"Primary","lga":"Fagge","ward":"Sabon Gari East"},"geometry":{"type":"Point","coordinates":[8.54102,12.02325]}},{"type":"Feature","properties":{"name":"Zaid Bin Thabit Islamiyya Primary School","kind":"school","ownership":"Public","level":"Integrated","kind_detail":"Primary","lga":"Fagge","ward":"Fagge D2"},"geometry":{"type":"Point","coordinates":[8.52231,12.01761]}},{"type":"Feature","properties":{"name":"Tazkiyatul Adfal Islamiyya Primary School","kind":"school","ownership":"Public","level":"Integrated","kind_detail":"Primary","lga":"Fagge","ward":"Kwachiri"},"geometry":{"type":"Point","coordinates":[8.48273,12.05547]}},{"type":"Feature","properties":{"name":"Umar Binkhatab Islamiyyah Primary School","kind":"school","ownership":"Public","level":"Formal","kind_detail":"Primary","lga":"Fagge","ward":"Kwachiri"},"geometry":{"type":"Point","coordinates":[8.49125,12.04341]}},{"type":"Feature","properties":{"name":"Zalihatu Islamiyya Primary School","kind":"school","ownership":"Public","level":"Integrated","kind_detail":"Primary","lga":"Fagge","ward":"Kwachiri"},"geometry":{"type":"Point","coordinates":[8.48407,12.05386]}},{"type":"Feature","properties":{"name":"Zangina Islamiyya Primary School","kind":"school","ownership":"Public","level":"Integrated","kind_detail":"Primary","lga":"Fagge","ward":"Kwachiri"},"geometry":{"type":"Point","coordinates":[8.49204,12.03961]}},{"type":"Feature","properties":{"name":"Wahada Islamic Primary School","kind":"school","ownership":"Public","level":"Formal","kind_detail":"Primary","lga":"Dala","ward":"Dogon Nama"},"geometry":{"type":"Point","coordinates":[8.49843,12.00019]}},{"type":"Feature","properties":{"name":"Yalwa Model Primary School","kind":"school","ownership":"Public","level":"Formal","kind_detail":"Primary","lga":"Dala","ward":"Yalwa"},"geometry":{"type":"Point","coordinates":[8.49871,12.00706]}},{"type":"Feature","properties":{"name":"Ulumamudeen Primary School","kind":"school","ownership":"Public","level":"Formal","kind_detail":"Primary","lga":"Dala","ward":"Kofar Mazugal"},"geometry":{"type":"Point","coordinates":[8.51535,12.00893]}},{"type":"Feature","properties":{"name":"Yanmata Special Primary School","kind":"school","ownership":"Public","level":"Formal","kind_detail":"Primary","lga":"Dala","ward":"Gobirawa"},"geometry":{"type":"Point","coordinates":[8.47284,12.05223]}},{"type":"Feature","properties":{"name":"Tazimurrasul Islamiyya Primary School","kind":"school","ownership":"Public","level":"Integrated","kind_detail":"Primary","lga":"Gwale","ward":"Dorayi"},"geometry":{"type":"Point","coordinates":[8.47879,11.94234]}},{"type":"Feature","properties":{"name":"Ummal Kulsum Islamiyya Primary School","kind":"school","ownership":"Public","level":"Integrated","kind_detail":"Primary","lga":"Gwale","ward":"Dorayi"},"geometry":{"type":"Point","coordinates":[8.48109,11.96304]}},{"type":"Feature","properties":{"name":"Zubairiyya Primary School","kind":"school","ownership":"Public","level":"Formal","kind_detail":"Primary","lga":"Gwale","ward":"Galadanchi"},"geometry":{"type":"Point","coordinates":[8.51335,11.98824]}},{"type":"Feature","properties":{"name":"Wahatuttanzil Islamiyya Primary School","kind":"school","ownership":"Public","level":"Integrated","kind_detail":"Primary","lga":"Gwale","ward":"Sani Mai Nagge"},"geometry":{"type":"Point","coordinates":[8.4942,11.98292]}},{"type":"Feature","properties":{"name":"Tudun Yola Special Primary School","kind":"school","ownership":"Public","level":"Formal","kind_detail":"Primary","lga":"Gwale","ward":"Kabuga"},"geometry":{"type":"Point","coordinates":[8.47444,11.99508]}},{"type":"Feature","properties":{"name":"Warure Special Primary School Kabuga","kind":"school","ownership":"Public","level":"Formal","kind_detail":"Primary","lga":"Gwale","ward":"Kabuga"},"geometry":{"type":"Point","coordinates":[8.49726,11.99565]}},{"type":"Feature","properties":{"name":"Masallaci Primary School","kind":"school","ownership":"Public","level":"Formal","kind_detail":"Primary","lga":"Kano Municipal","ward":"Shahuchi"},"geometry":{"type":"Point","coordinates":[8.51939,11.99689]}},{"type":"Feature","properties":{"name":"Yolawa Special Islamiyya Primary School","kind":"school","ownership":"Public","level":"Integrated","kind_detail":"Primary","lga":"Kano Municipal","ward":"Shahuchi"},"geometry":{"type":"Point","coordinates":[8.5178,11.99998]}},{"type":"Feature","properties":{"name":"Yakasai Model Primary School","kind":"school","ownership":"Public","level":"Formal","kind_detail":"Primary","lga":"Kano Municipal","ward":"Zango"},"geometry":{"type":"Point","coordinates":[8.5232,11.9972]}},{"type":"Feature","properties":{"name":"Zango Girls Model Primary School","kind":"school","ownership":"Public","level":"Formal","kind_detail":"Primary","lga":"Kano Municipal","ward":"Zango"},"geometry":{"type":"Point","coordinates":[8.52494,12.00027]}},{"type":"Feature","properties":{"name":"Tsamawa Primary School","kind":"school","ownership":"Public","level":"Formal","kind_detail":"Primary","lga":"Kumbotso","ward":"Kumbotso"},"geometry":{"type":"Point","coordinates":[8.48666,11.87732]}},{"type":"Feature","properties":{"name":"Unguwar Rimi Primary School","kind":"school","ownership":"Public","level":"Formal","kind_detail":"Primary","lga":"Kumbotso","ward":"Unguwar Rimi"},"geometry":{"type":"Point","coordinates":[8.56894,11.91074]}},{"type":"Feature","properties":{"name":"Yusif Islamiyya Primary School","kind":"school","ownership":"Public","level":"Integrated","kind_detail":"Primary","lga":"Kumbotso","ward":"Unguwar Rimi"},"geometry":{"type":"Point","coordinates":[8.57023,11.90804]}},{"type":"Feature","properties":{"name":"Yan Danko Primary School","kind":"school","ownership":"Public","level":"Formal","kind_detail":"Primary","lga":"Kumbotso","ward":"Panshekara"},"geometry":{"type":"Point","coordinates":[8.46733,11.88139]}},{"type":"Feature","properties":{"name":"Zawchiki Primary School","kind":"school","ownership":"Public","level":"Formal","kind_detail":"Primary","lga":"Kumbotso","ward":"Panshekara"},"geometry":{"type":"Point","coordinates":[8.46375,11.91367]}},{"type":"Feature","properties":{"name":"Umarawa Cikin Gari Primary School","kind":"school","ownership":"Public","level":"Formal","kind_detail":"Primary","lga":"Kumbotso","ward":"Naibawa"},"geometry":{"type":"Point","coordinates":[8.52602,11.91532]}},{"type":"Feature","properties":{"name":"Ummarawa Special Primary School School","kind":"school","ownership":"Public","level":"Formal","kind_detail":"Primary","lga":"Kumbotso","ward":"Naibawa"},"geometry":{"type":"Point","coordinates":[8.52644,11.91549]}},{"type":"Feature","properties":{"name":"Wailari Special Primary School","kind":"school","ownership":"Public","level":"Formal","kind_detail":"Primary","lga":"Kumbotso","ward":"Naibawa"},"geometry":{"type":"Point","coordinates":[8.54443,11.92318]}},{"type":"Feature","properties":{"name":"Yanhamar Primary School","kind":"school","ownership":"Public","level":"Formal","kind_detail":"Primary","lga":"Kumbotso","ward":"Kureken Sani"},"geometry":{"type":"Point","coordinates":[8.5985,11.92713]}},{"type":"Feature","properties":{"name":"Yansango Primary School","kind":"school","ownership":"Public","level":"Formal","kind_detail":"Primary","lga":"Kumbotso","ward":"Kureken Sani"},"geometry":{"type":"Point","coordinates":[8.57361,11.88455]}},{"type":"Feature","properties":{"name":"Yanshana Primary School","kind":"school","ownership":"Public","level":"Formal","kind_detail":"Primary","lga":"Kumbotso","ward":"Kureken Sani"},"geometry":{"type":"Point","coordinates":[8.57986,11.92611]}},{"type":"Feature","properties":{"name":"Zara Primary School","kind":"school","ownership":"Public","level":"Formal","kind_detail":"Primary","lga":"Kumbotso","ward":"Kureken Sani"},"geometry":{"type":"Point","coordinates":[8.60771,11.92674]}},{"type":"Feature","properties":{"name":"Umar Bn Khatab Isl Primary School","kind":"school","ownership":"Public","level":"Formal","kind_detail":"Primary","lga":"Kumbotso","ward":"Dan Maliki"},"geometry":{"type":"Point","coordinates":[8.51759,11.94914]}},{"type":"Feature","properties":{"name":"Unguwa Uku Special Primary School","kind":"school","ownership":"Public","level":"Formal","kind_detail":"Primary","lga":"Tarauni","ward":"Unguwa Uku Cikin Gari"},"geometry":{"type":"Point","coordinates":[8.5623,11.95788]}},{"type":"Feature","properties":{"name":"Unguwan Gano Special Primary School","kind":"school","ownership":"Public","level":"Formal","kind_detail":"Primary","lga":"Tarauni","ward":"Unguwar Gano"},"geometry":{"type":"Point","coordinates":[8.56321,11.94357]}},{"type":"Feature","properties":{"name":"Zinatul Adfal Islamiyya Primary School","kind":"school","ownership":"Public","level":"Integrated","kind_detail":"Primary","lga":"Tarauni","ward":"Unguwar Gano"},"geometry":{"type":"Point","coordinates":[8.54763,11.94953]}},{"type":"Feature","properties":{"name":"Tarbiyyatul Islamiyya Primary School","kind":"school","ownership":"Public","level":"Integrated","kind_detail":"Primary","lga":"Tarauni","ward":"Darmanawa"},"geometry":{"type":"Point","coordinates":[8.54585,11.95776]}},{"type":"Feature","properties":{"name":"Ubayyau Bin Kaab Islamiyya Primary School","kind":"school","ownership":"Public","level":"Integrated","kind_detail":"Primary","lga":"Tarauni","ward":"Darmanawa"},"geometry":{"type":"Point","coordinates":[8.54307,11.95987]}},{"type":"Feature","properties":{"name":"Yunusiyya Islamiyya Primary School","kind":"school","ownership":"Public","level":"Integrated","kind_detail":"Primary","lga":"Tarauni","ward":"Babban Giji"},"geometry":{"type":"Point","coordinates":[8.54068,11.95909]}},{"type":"Feature","properties":{"name":"Zango Gabas Primary School","kind":"school","ownership":"Public","level":"Formal","kind_detail":"Primary","lga":"Ungogo","ward":"Zango"},"geometry":{"type":"Point","coordinates":[8.5829,12.0418]}},{"type":"Feature","properties":{"name":"Tudun Fulani Special Primary School","kind":"school","ownership":"Public","level":"Formal","kind_detail":"Primary","lga":"Ungogo","ward":"Bachirawa"},"geometry":{"type":"Point","coordinates":[8.47018,12.04412]}},{"type":"Feature","properties":{"name":"Zaura Primary School","kind":"school","ownership":"Public","level":"Formal","kind_detail":"Primary","lga":"Ungogo","ward":"Rangaza"},"geometry":{"type":"Point","coordinates":[8.61602,12.06783]}},{"type":"Feature","properties":{"name":"Zangon Barebari Primary School","kind":"school","ownership":"Public","level":"Formal","kind_detail":"Primary","lga":"Ungogo","ward":"Kadawa"},"geometry":{"type":"Point","coordinates":[8.48326,12.07118]}},{"type":"Feature","properties":{"name":"Wujinare Primary School","kind":"school","ownership":"Public","level":"Formal","kind_detail":"Primary","lga":"Ungogo","ward":"Yada Kunya"},"geometry":{"type":"Point","coordinates":[8.61345,12.08082]}},{"type":"Feature","properties":{"name":"Yada Kunya Primary School","kind":"school","ownership":"Public","level":"Formal","kind_detail":"Primary","lga":"Ungogo","ward":"Yada Kunya"},"geometry":{"type":"Point","coordinates":[8.62829,12.08748]}},{"type":"Feature","properties":{"name":"Rimaye Primary School","kind":"school","ownership":"Public","level":"Formal","kind_detail":"Primary","lga":"Ungogo","ward":"Gayawa"},"geometry":{"type":"Point","coordinates":[8.55315,12.08929]}},{"type":"Feature","properties":{"name":"Ummadawa Primary School","kind":"school","ownership":"Public","level":"Formal","kind_detail":"Primary","lga":"Ungogo","ward":"Gayawa"},"geometry":{"type":"Point","coordinates":[8.57097,12.09317]}},{"type":"Feature","properties":{"name":"Sabon Gari Primary School","kind":"school","ownership":"Public","level":"Formal","kind_detail":"Primary","lga":"Ungogo","ward":"Fanisau"},"geometry":{"type":"Point","coordinates":[8.51405,12.0812]}},{"type":"Feature","properties":{"name":"Walawa Primary School","kind":"school","ownership":"Public","level":"Formal","kind_detail":"Primary","lga":"Ungogo","ward":"Fanisau"},"geometry":{"type":"Point","coordinates":[8.53405,12.06454]}},{"type":"Feature","properties":{"name":"Ungoggo Girls Primary School","kind":"school","ownership":"Public","level":"Formal","kind_detail":"Primary","lga":"Ungogo","ward":"Ungogo"},"geometry":{"type":"Point","coordinates":[8.49575,12.08982]}},{"type":"Feature","properties":{"name":"Ungogo Special Education Primary School","kind":"school","ownership":"Public","level":"Formal","kind_detail":"Primary","lga":"Ungogo","ward":"Ungogo"},"geometry":{"type":"Point","coordinates":[8.48785,12.08911]}},{"type":"Feature","properties":{"name":"Karo Primary School","kind":"school","ownership":"Public","level":"Formal","kind_detail":"Primary","lga":"Ungogo","ward":"Karo"},"geometry":{"type":"Point","coordinates":[8.55152,12.12413]}},{"type":"Feature","properties":{"name":"Wacceni Primary School","kind":"school","ownership":"Public","level":"Formal","kind_detail":"Primary","lga":"Ungogo","ward":"Karo"},"geometry":{"type":"Point","coordinates":[8.51878,12.11621]}},{"type":"Feature","properties":{"name":"Unguwar Gaya Primary School","kind":"school","ownership":"Public","level":"Formal","kind_detail":"Primary","lga":"Nassarawa","ward":"Giginyu"},"geometry":{"type":"Point","coordinates":[8.57355,11.99936]}},{"type":"Feature","properties":{"name":"Tokarwa Special Primary School","kind":"school","ownership":"Public","level":"Formal","kind_detail":"Primary","lga":"Nassarawa","ward":"Kawaji"},"geometry":{"type":"Point","coordinates":[8.61025,12.01139]}},{"type":"Feature","properties":{"name":"Tudun Wada Primary School","kind":"school","ownership":"Public","level":"Formal","kind_detail":"Primary","lga":"Nassarawa","ward":"Tudun Wada"},"geometry":{"type":"Point","coordinates":[8.55643,12.02376]}},{"type":"Feature","properties":{"name":"Ummu Khadija Primary School","kind":"school","ownership":"Public","level":"Formal","kind_detail":"Primary","lga":"Nassarawa","ward":"Dakata"},"geometry":{"type":"Point","coordinates":[8.57773,12.01987]}},{"type":"Feature","properties":{"name":"Usman Bin Affan Primary School","kind":"school","ownership":"Public","level":"Formal","kind_detail":"Primary","lga":"Nassarawa","ward":"Dakata"},"geometry":{"type":"Point","coordinates":[8.57816,12.01733]}},{"type":"Feature","properties":{"name":"Nurudeen Islamiya Primary School","kind":"school","ownership":"Public","level":"Formal","kind_detail":"Primary","lga":"Nassarawa","ward":"Kaura Goje"},"geometry":{"type":"Point","coordinates":[8.54689,12.03549]}},{"type":"Feature","properties":{"name":"Tudun Murtala Special Primary School","kind":"school","ownership":"Public","level":"Formal","kind_detail":"Primary","lga":"Nassarawa","ward":"Tudun Murtala"},"geometry":{"type":"Point","coordinates":[8.57023,12.03318]}},{"type":"Feature","properties":{"name":"Zaharaddeen Islamiyya Primary School","kind":"school","ownership":"Public","level":"Integrated","kind_detail":"Primary","lga":"Nassarawa","ward":"Tudun Murtala"},"geometry":{"type":"Point","coordinates":[8.56436,12.02975]}},{"type":"Feature","properties":{"name":"Warbogga Primary School","kind":"school","ownership":"Public","level":"Formal","kind_detail":"Primary","lga":"Nassarawa","ward":"Hotoro North"},"geometry":{"type":"Point","coordinates":[8.59012,11.99506]}},{"type":"Feature","properties":{"name":"AA Wahid Special Primary School","kind":"school","ownership":"Public","level":"Formal","kind_detail":"Primary","lga":"Gwale","ward":"Kabuga"},"geometry":{"type":"Point","coordinates":[8.49479,12.01035]}},{"type":"Feature","properties":{"name":"Danladi Nasidi Primary School","kind":"school","ownership":"Public","level":"Formal","kind_detail":"Primary","lga":"Kumbotso","ward":"Mariri"},"geometry":{"type":"Point","coordinates":[8.62226,11.93537]}},{"type":"Feature","properties":{"name":"Babban Giji Primary School","kind":"school","ownership":"Public","level":"Formal","kind_detail":"Primary","lga":"Tarauni","ward":"Babban Giji"},"geometry":{"type":"Point","coordinates":[8.53932,11.95456]}},{"type":"Feature","properties":{"name":"Ansaruddeen Islamiyya Primary School","kind":"school","ownership":"Public","level":"Integrated","kind_detail":"Primary","lga":"Tarauni","ward":"Babban Giji"},"geometry":{"type":"Point","coordinates":[8.53613,11.96455]}},{"type":"Feature","properties":{"name":"Imamu Malik Islamiyya Primary School","kind":"school","ownership":"Public","level":"Integrated","kind_detail":"Primary","lga":"Fagge","ward":"Fagge A"},"geometry":{"type":"Point","coordinates":[8.53818,11.99845]}},{"type":"Feature","properties":{"name":"Abbas Bin Abdulmutallib Primary School","kind":"school","ownership":"Public","level":"Integrated","kind_detail":"Primary","lga":"Fagge","ward":"Kwachiri"},"geometry":{"type":"Point","coordinates":[8.48931,12.05147]}},{"type":"Feature","properties":{"name":"Anas Bin Malik Islamiyya Primary School Kwachiri","kind":"school","ownership":"Public","level":"Integrated","kind_detail":"Primary","lga":"Fagge","ward":"Kwachiri"},"geometry":{"type":"Point","coordinates":[8.4876,12.04384]}},{"type":"Feature","properties":{"name":"Hajaratu Islamiyyah Primary School","kind":"school","ownership":"Public","level":"Integrated","kind_detail":"Primary","lga":"Fagge","ward":"Kwachiri"},"geometry":{"type":"Point","coordinates":[8.48712,12.04966]}},{"type":"Feature","properties":{"name":"Nurul Quran Islamiyya Primary School","kind":"school","ownership":"Public","level":"Integrated","kind_detail":"Primary","lga":"Fagge","ward":"Kwachiri"},"geometry":{"type":"Point","coordinates":[8.48901,12.04951]}},{"type":"Feature","properties":{"name":"Qiraatul Quran Primary School","kind":"school","ownership":"Public","level":"Integrated","kind_detail":"Primary","lga":"Fagge","ward":"Kwachiri"},"geometry":{"type":"Point","coordinates":[8.48493,12.05025]}},{"type":"Feature","properties":{"name":"Abdullahi Bn Masud Islamic Nursery And Primary School","kind":"school","ownership":"Public","level":"Integrated","kind_detail":"Primary","lga":"Fagge","ward":"Yammata"},"geometry":{"type":"Point","coordinates":[8.47785,12.05713]}},{"type":"Feature","properties":{"name":"Abu Ubaida Bn Aljarra Islamiyya Primary School","kind":"school","ownership":"Public","level":"Integrated","kind_detail":"Primary","lga":"Fagge","ward":"Yammata"},"geometry":{"type":"Point","coordinates":[8.48369,12.06097]}},{"type":"Feature","properties":{"name":"Adakawa Special Primary School","kind":"school","ownership":"Public","level":"Formal","kind_detail":"Primary","lga":"Dala","ward":"Adakawa"},"geometry":{"type":"Point","coordinates":[8.51202,12.01258]}},{"type":"Feature","properties":{"name":"Buk Staff School Primary School","kind":"school","ownership":"Public","level":"Formal","kind_detail":"Primary","lga":"Gwale","ward":"Dorayi"},"geometry":{"type":"Point","coordinates":[8.47673,11.9768]}},{"type":"Feature","properties":{"name":"Dorayi Babba Specail Primary School","kind":"school","ownership":"Public","level":"Formal","kind_detail":"Primary","lga":"Gwale","ward":"Dorayi"},"geometry":{"type":"Point","coordinates":[8.46002,11.97561]}},{"type":"Feature","properties":{"name":"Dorayi Karama Special Primary School","kind":"school","ownership":"Public","level":"Integrated","kind_detail":"Primary","lga":"Gwale","ward":"Dorayi"},"geometry":{"type":"Point","coordinates":[8.47278,11.96575]}},{"type":"Feature","properties":{"name":"Diso Comprehensive Primary School","kind":"school","ownership":"Public","level":"Formal","kind_detail":"Primary","lga":"Gwale","ward":"Diso"},"geometry":{"type":"Point","coordinates":[8.51343,11.98633]}},{"type":"Feature","properties":{"name":"Abubakar Islamiyya Primary School","kind":"school","ownership":"Public","level":"Integrated","kind_detail":"Primary","lga":"Gwale","ward":"Galadanchi"},"geometry":{"type":"Point","coordinates":[8.50897,11.98823]}},{"type":"Feature","properties":{"name":"Dandago Special Primary School","kind":"school","ownership":"Public","level":"Formal","kind_detail":"Primary","lga":"Gwale","ward":"Dandago"},"geometry":{"type":"Point","coordinates":[8.50846,11.99142]}},{"type":"Feature","properties":{"name":"Bajallabe Nomadic Special Primary School","kind":"school","ownership":"Public","level":"Integrated","kind_detail":"Primary","lga":"Gwale","ward":"Kabuga"},"geometry":{"type":"Point","coordinates":[8.47094,12.00965]}},{"type":"Feature","properties":{"name":"Dukawuya Girls Science Project Primary School","kind":"school","ownership":"Public","level":"Integrated","kind_detail":"Primary","lga":"Gwale","ward":"Kabuga"},"geometry":{"type":"Point","coordinates":[8.48697,11.98154]}},{"type":"Feature","properties":{"name":"Ibadun Rahaman Primary School","kind":"school","ownership":"Public","level":"Formal","kind_detail":"Primary","lga":"Gwale","ward":"Gwale"},"geometry":{"type":"Point","coordinates":[8.51518,11.98367]}},{"type":"Feature","properties":{"name":"Ado Yola Special Primary School","kind":"school","ownership":"Public","level":"Formal","kind_detail":"Primary","lga":"Kano Municipal","ward":"Shahuchi"},"geometry":{"type":"Point","coordinates":[8.51646,11.99839]}},{"type":"Feature","properties":{"name":"Festival Special Primary School","kind":"school","ownership":"Public","level":"Formal","kind_detail":"Primary","lga":"Kano Municipal","ward":"Zango"},"geometry":{"type":"Point","coordinates":[8.52416,12.0041]}},{"type":"Feature","properties":{"name":"Saadu Model Quranic Primary School","kind":"school","ownership":"Public","level":"Integrated","kind_detail":"Primary","lga":"Kumbotso","ward":"Panshekara"},"geometry":{"type":"Point","coordinates":[8.46077,11.8945]}},{"type":"Feature","properties":{"name":"Amina Shekarau Model Primary School","kind":"school","ownership":"Public","level":"Formal","kind_detail":"Primary","lga":"Kumbotso","ward":"Garun Gawa"},"geometry":{"type":"Point","coordinates":[8.52395,11.95812]}},{"type":"Feature","properties":{"name":"Adama Ilaruna Ibrahim Islamic And Primary School","kind":"school","ownership":"Public","level":"Integrated","kind_detail":"Primary","lga":"Kumbotso","ward":"Dan Maliki"},"geometry":{"type":"Point","coordinates":[8.53287,11.94738]}},{"type":"Feature","properties":{"name":"Batakaye Primary School","kind":"school","ownership":"Public","level":"Formal","kind_detail":"Primary","lga":"Kumbotso","ward":"Dan Maliki"},"geometry":{"type":"Point","coordinates":[8.50795,11.9136]}},{"type":"Feature","properties":{"name":"Chief Muntaz Imum Mohd Islamiyya Primary School","kind":"school","ownership":"Public","level":"Integrated","kind_detail":"Primary","lga":"Kumbotso","ward":"Dan Maliki"},"geometry":{"type":"Point","coordinates":[8.53169,11.94802]}},{"type":"Feature","properties":{"name":"Danmaliki Primary School","kind":"school","ownership":"Public","level":"Formal","kind_detail":"Primary","lga":"Kumbotso","ward":"Dan Maliki"},"geometry":{"type":"Point","coordinates":[8.51032,11.92837]}},{"type":"Feature","properties":{"name":"Gaida Primary School","kind":"school","ownership":"Public","level":"Formal","kind_detail":"Primary","lga":"Kumbotso","ward":"Chiranchi"},"geometry":{"type":"Point","coordinates":[8.46944,11.92295]}},{"type":"Feature","properties":{"name":"Tahsinul Quran Islamiyya Primary School","kind":"school","ownership":"Public","level":"Integrated","kind_detail":"Primary","lga":"Tarauni","ward":"Unguwa Uku Cikin Gari"},"geometry":{"type":"Point","coordinates":[8.56534,11.95625]}},{"type":"Feature","properties":{"name":"Babban Giji Special Primary School","kind":"school","ownership":"Public","level":"Formal","kind_detail":"Primary","lga":"Tarauni","ward":"Darmanawa"},"geometry":{"type":"Point","coordinates":[8.54534,11.95839]}},{"type":"Feature","properties":{"name":"Nurul Imul Quran Islamiyya Primary School","kind":"school","ownership":"Public","level":"Integrated","kind_detail":"Primary","lga":"Tarauni","ward":"Darmanawa"},"geometry":{"type":"Point","coordinates":[8.54643,11.95477]}},{"type":"Feature","properties":{"name":"Gyadi Gyadi Special Primary School","kind":"school","ownership":"Public","level":"Formal","kind_detail":"Primary","lga":"Tarauni","ward":"Gyadi Gyadi Kudu"},"geometry":{"type":"Point","coordinates":[8.54583,11.96861]}},{"type":"Feature","properties":{"name":"Al Amin Special Primary School","kind":"school","ownership":"Public","level":"Formal","kind_detail":"Primary","lga":"Tarauni","ward":"Hotoro"},"geometry":{"type":"Point","coordinates":[8.58878,11.96271]}},{"type":"Feature","properties":{"name":"Hotoro Special Primary School","kind":"school","ownership":"Public","level":"Formal","kind_detail":"Primary","lga":"Tarauni","ward":"Hotoro"},"geometry":{"type":"Point","coordinates":[8.57995,11.96026]}},{"type":"Feature","properties":{"name":"Haj Jummai Islamiyya Primary School","kind":"school","ownership":"Public","level":"Integrated","kind_detail":"Primary","lga":"Tarauni","ward":"Babban Giji"},"geometry":{"type":"Point","coordinates":[8.53292,11.9677]}},{"type":"Feature","properties":{"name":"Hausawa Islamiyya Primary School","kind":"school","ownership":"Public","level":"Integrated","kind_detail":"Primary","lga":"Tarauni","ward":"Babban Giji"},"geometry":{"type":"Point","coordinates":[8.53475,11.96657]}},{"type":"Feature","properties":{"name":"Bachirawa Special Primary School","kind":"school","ownership":"Public","level":"Formal","kind_detail":"Primary","lga":"Ungogo","ward":"Bachirawa"},"geometry":{"type":"Point","coordinates":[8.46479,12.06645]}},{"type":"Feature","properties":{"name":"Hotoro South Primary School","kind":"school","ownership":"Public","level":"Formal","kind_detail":"Primary","lga":"Nassarawa","ward":"Hotoro South"},"geometry":{"type":"Point","coordinates":[8.57964,11.96966]}},{"type":"Feature","properties":{"name":"Ihsanun Mannan Islamiyya Primary School","kind":"school","ownership":"Public","level":"Integrated","kind_detail":"Primary","lga":"Nassarawa","ward":"Kawaji"},"geometry":{"type":"Point","coordinates":[8.58266,12.00921]}},{"type":"Feature","properties":{"name":"Dangana Special Primary School","kind":"school","ownership":"Public","level":"Formal","kind_detail":"Primary","lga":"Nassarawa","ward":"Tudun Wada"},"geometry":{"type":"Point","coordinates":[8.55571,12.02154]}},{"type":"Feature","properties":{"name":"Brigade Girls Model Primary School","kind":"school","ownership":"Public","level":"Formal","kind_detail":"Primary","lga":"Nassarawa","ward":"Gawuna"},"geometry":{"type":"Point","coordinates":[8.5551,12.02673]}},{"type":"Feature","properties":{"name":"Gwagwarwa Primary School","kind":"school","ownership":"Public","level":"Formal","kind_detail":"Primary","lga":"Nassarawa","ward":"Gwagwarwa"},"geometry":{"type":"Point","coordinates":[8.54168,12.02792]}},{"type":"Feature","properties":{"name":"Dakata Special Primary School","kind":"school","ownership":"Public","level":"Formal","kind_detail":"Primary","lga":"Nassarawa","ward":"Dakata"},"geometry":{"type":"Point","coordinates":[8.57901,12.0208]}},{"type":"Feature","properties":{"name":"Markszul Quran Islamiyya Primary School","kind":"school","ownership":"Public","level":"Integrated","kind_detail":"Primary","lga":"Nassarawa","ward":"Kaura Goje"},"geometry":{"type":"Point","coordinates":[8.54602,12.04339]}},{"type":"Feature","properties":{"name":"Mannarul Quran Islamiyya Primary School","kind":"school","ownership":"Public","level":"Integrated","kind_detail":"Primary","lga":"Nassarawa","ward":"Tudun Murtala"},"geometry":{"type":"Point","coordinates":[8.57219,12.03075]}},{"type":"Feature","properties":{"name":"Ado Bayero Tahafizul Quranic Primary School","kind":"school","ownership":"Public","level":"Integrated","kind_detail":"Primary","lga":"Nassarawa","ward":"Gama"},"geometry":{"type":"Point","coordinates":[8.54997,12.03256]}},{"type":"Feature","properties":{"name":"Gobirawa Project Special Primary School","kind":"school","ownership":"Public","level":"Formal","kind_detail":"Primary","lga":"Fagge","ward":"Rijiyar Lemo"},"geometry":{"type":"Point","coordinates":[8.48772,12.04038]}},{"type":"Feature","properties":{"name":"Taalimul Quran Primary School","kind":"school","ownership":"Public","level":"Integrated","kind_detail":"Primary","lga":"Fagge","ward":"Rijiyar Lemo"},"geometry":{"type":"Point","coordinates":[8.48703,12.04162]}},{"type":"Feature","properties":{"name":"Tahfizul Quran Primary School","kind":"school","ownership":"Public","level":"Integrated","kind_detail":"Primary","lga":"Fagge","ward":"Rijiyar Lemo"},"geometry":{"type":"Point","coordinates":[8.48489,12.0468]}},{"type":"Feature","properties":{"name":"Tazyinuh Quran Islamiyya Primary School","kind":"school","ownership":"Public","level":"Integrated","kind_detail":"Primary","lga":"Fagge","ward":"Kwachiri"},"geometry":{"type":"Point","coordinates":[8.48477,12.05221]}},{"type":"Feature","properties":{"name":"Wadil Quran Islamiyya Primary School","kind":"school","ownership":"Public","level":"Integrated","kind_detail":"Primary","lga":"Fagge","ward":"Yammata"},"geometry":{"type":"Point","coordinates":[8.47504,12.05993]}},{"type":"Feature","properties":{"name":"Tazimul Quran Islamiyya Primary School","kind":"school","ownership":"Public","level":"Integrated","kind_detail":"Primary","lga":"Gwale","ward":"Dorayi"},"geometry":{"type":"Point","coordinates":[8.46806,11.9681]}},{"type":"Feature","properties":{"name":"Ulumul Quran Islamiyya Primary School","kind":"school","ownership":"Public","level":"Integrated","kind_detail":"Primary","lga":"Gwale","ward":"Sani Mai Nagge"},"geometry":{"type":"Point","coordinates":[8.50156,11.98855]}},{"type":"Feature","properties":{"name":"Watta Alimul Quran Islam Primary School","kind":"school","ownership":"Public","level":"Integrated","kind_detail":"Primary","lga":"Tarauni","ward":"Hotoro"},"geometry":{"type":"Point","coordinates":[8.58351,11.96232]}},{"type":"Feature","properties":{"name":"Baban Gwaggo Primary School","kind":"school","ownership":"Public","level":"Integrated","kind_detail":"Primary","lga":"Gwale","ward":"Kabuga"},"geometry":{"type":"Point","coordinates":[8.4959,12.01216]}},{"type":"Feature","properties":{"name":"Durus Sahaba Islamiyya Primary School","kind":"school","ownership":"Private","level":"Integrated","kind_detail":"Primary","lga":"Gwale","ward":"Dorayi"},"geometry":{"type":"Point","coordinates":[8.47187,11.95654]}},{"type":"Feature","properties":{"name":"Fasaha Nursery And Primary School","kind":"school","ownership":"Private","level":"Formal","kind_detail":"Primary","lga":"Kumbotso","ward":"Panshekara"},"geometry":{"type":"Point","coordinates":[8.45621,11.89646]}},{"type":"Feature","properties":{"name":"Hammani Memorial Nursery And Primary School","kind":"school","ownership":"Private","level":"Formal","kind_detail":"Primary","lga":"Kumbotso","ward":"Naibawa"},"geometry":{"type":"Point","coordinates":[8.563,11.93948]}},{"type":"Feature","properties":{"name":"Brany Nursery And Primary School","kind":"school","ownership":"Private","level":"Formal","kind_detail":"Primary","lga":"Tarauni","ward":"Tarauni"},"geometry":{"type":"Point","coordinates":[8.55689,11.97623]}},{"type":"Feature","properties":{"name":"Hidayatul Wildan Islamiyya Primary School","kind":"school","ownership":"Private","level":"Integrated","kind_detail":"Primary","lga":"Nassarawa","ward":"Tudun Wada"},"geometry":{"type":"Point","coordinates":[8.55646,12.02159]}},{"type":"Feature","properties":{"name":"Abdulsalam Memorial Primary School","kind":"school","ownership":"Private","level":"Formal","kind_detail":"Primary","lga":"Nassarawa","ward":"Gwagwarwa"},"geometry":{"type":"Point","coordinates":[8.5441,12.03091]}},{"type":"Feature","properties":{"name":"Hephziber Nursery And Primary School","kind":"school","ownership":"Private","level":"Formal","kind_detail":"Primary","lga":"Nassarawa","ward":"Dakata"},"geometry":{"type":"Point","coordinates":[8.58027,12.01846]}},{"type":"Feature","properties":{"name":"Gama Tudu Special Primary School","kind":"school","ownership":"Private","level":"Integrated","kind_detail":"Primary","lga":"Nassarawa","ward":"Gama"},"geometry":{"type":"Point","coordinates":[8.55206,12.03183]}},{"type":"Feature","properties":{"name":"Hajiya Bayero Nursery And Primary School","kind":"school","ownership":"Private","level":"Integrated","kind_detail":"Primary","lga":"Kano Municipal","ward":"Tudun Wazurchi"},"geometry":{"type":"Point","coordinates":[8.51699,11.98675]}},{"type":"Feature","properties":{"name":"Hills Nursery And Primary School","kind":"school","ownership":"Private","level":"Formal","kind_detail":"Primary","lga":"Tarauni","ward":"Unguwar Gano"},"geometry":{"type":"Point","coordinates":[8.55309,11.95095]}},{"type":"Feature","properties":{"name":"Rinjin Wanzamai Primary School","kind":"school","ownership":"Public","level":"Formal","kind_detail":"Primary","lga":"Kumbotso","ward":"Chiranchi"},"geometry":{"type":"Point","coordinates":[8.48181,11.91539]}},{"type":"Feature","properties":{"name":"Mandawari Islamiyya Primary School","kind":"school","ownership":"Public","level":"Integrated","kind_detail":"Primary","lga":"Gwale","ward":"Mandawari"},"geometry":{"type":"Point","coordinates":[8.51178,11.99132]}},{"type":"Feature","properties":{"name":"Haido Islamiyya Primary School","kind":"school","ownership":"Public","level":"Integrated","kind_detail":"Primary","lga":"Fagge","ward":"Fagge B"},"geometry":{"type":"Point","coordinates":[8.52853,12.00488]}},{"type":"Feature","properties":{"name":"Irshadul Adfal Islamiyy Primary School","kind":"school","ownership":"Public","level":"Formal","kind_detail":"Primary","lga":"Dala","ward":"Dala"},"geometry":{"type":"Point","coordinates":[8.50887,12.003]}},{"type":"Feature","properties":{"name":"Maahad Sheikh Islamiyya Primary School","kind":"school","ownership":"Public","level":"Integrated","kind_detail":"Primary","lga":"Dala","ward":"Dala"},"geometry":{"type":"Point","coordinates":[8.50879,12.00334]}},{"type":"Feature","properties":{"name":"Fukarau Islamiya Primary School","kind":"school","ownership":"Public","level":"Integrated","kind_detail":"Primary","lga":"Dala","ward":"Gobirawa"},"geometry":{"type":"Point","coordinates":[8.49399,12.03165]}},{"type":"Feature","properties":{"name":"Subulussalam Nursery And Primary School","kind":"school","ownership":"Public","level":"Formal","kind_detail":"Primary","lga":"Gwale","ward":"Gwale"},"geometry":{"type":"Point","coordinates":[8.5101,11.98503]}},{"type":"Feature","properties":{"name":"Danfodio Islamic Primary School","kind":"school","ownership":"Public","level":"Integrated","kind_detail":"Primary","lga":"Gwale","ward":"Gwale"},"geometry":{"type":"Point","coordinates":[8.50925,11.98746]}},{"type":"Feature","properties":{"name":"Sunusi Dantata Islamic Primary School","kind":"school","ownership":"Public","level":"Formal","kind_detail":"Primary","lga":"Fagge","ward":"Yammata"},"geometry":{"type":"Point","coordinates":[8.4673,12.06438]}},{"type":"Feature","properties":{"name":"Asfan Nursery And Primary School","kind":"school","ownership":"Private","level":"Formal","kind_detail":"Primary","lga":"Nassarawa","ward":"Dakata"},"geometry":{"type":"Point","coordinates":[8.58639,12.03879]}},{"type":"Feature","properties":{"name":"Jaa En Special Primary School","kind":"school","ownership":"Public","level":"Formal","kind_detail":"Primary","lga":"Gwale","ward":"Dorayi"},"geometry":{"type":"Point","coordinates":[8.48739,11.94839]}},{"type":"Feature","properties":{"name":"SabilussaaAda Islamiyya Primary School","kind":"school","ownership":"Public","level":"Religious","kind_detail":"Primary","lga":"Gwale","ward":"Dorayi"},"geometry":{"type":"Point","coordinates":[8.47176,11.97016]}},{"type":"Feature","properties":{"name":"Ahbabur Rasulu Islamiyya Nursery And Primary School Kabuga","kind":"school","ownership":"Public","level":"Integrated","kind_detail":"Primary","lga":"Gwale","ward":"Kabuga"},"geometry":{"type":"Point","coordinates":[8.48237,11.99099]}},{"type":"Feature","properties":{"name":"Kofar Dan'Agundi Special Primary School","kind":"school","ownership":"Public","level":"Formal","kind_detail":"Primary","lga":"Kano Municipal","ward":"Dan Agundi"},"geometry":{"type":"Point","coordinates":[8.52388,11.98281]}},{"type":"Feature","properties":{"name":"Sheka U Fulani Nomadic Primary School","kind":"school","ownership":"Public","level":"Formal","kind_detail":"Primary","lga":"Kumbotso","ward":"Dan Maliki"},"geometry":{"type":"Point","coordinates":[8.52514,11.94852]}},{"type":"Feature","properties":{"name":"MuaAssasatul Islamiyya Primary School","kind":"school","ownership":"Public","level":"Integrated","kind_detail":"Primary","lga":"Kumbotso","ward":"Danbare"},"geometry":{"type":"Point","coordinates":[8.46783,11.95827]}},{"type":"Feature","properties":{"name":"Al Ameen Memo Islamiyya Primary School","kind":"school","ownership":"Public","level":"Integrated","kind_detail":"Primary","lga":"Nassarawa","ward":"Tudun Murtala"},"geometry":{"type":"Point","coordinates":[8.57213,12.03625]}},{"type":"Feature","properties":{"name":"Ummu Khairi Islamiyya Primary School","kind":"school","ownership":"Public","level":"Integrated","kind_detail":"Primary","lga":"Gwale","ward":"Dorayi"},"geometry":{"type":"Point","coordinates":[8.47397,11.95927]}},{"type":"Feature","properties":{"name":"Z square Nursery And Primary School","kind":"school","ownership":"Public","level":"Formal","kind_detail":"Primary","lga":"Gwale","ward":"Dorayi"},"geometry":{"type":"Point","coordinates":[8.47985,11.9658]}},{"type":"Feature","properties":{"name":"HayaaUddeen Primary School","kind":"school","ownership":"Public","level":"Religious","kind_detail":"Primary","lga":"Gwale","ward":"Dorayi"},"geometry":{"type":"Point","coordinates":[8.4873,11.95855]}},{"type":"Feature","properties":{"name":"MaAhad Littahfizul Quran Islamic Primary School","kind":"school","ownership":"Public","level":"Integrated","kind_detail":"Primary","lga":"Tarauni","ward":"Darmanawa"},"geometry":{"type":"Point","coordinates":[8.54445,11.95485]}},{"type":"Feature","properties":{"name":"ManaAhad DanaAmu Primary School","kind":"school","ownership":"Public","level":"Formal","kind_detail":"Primary","lga":"Nassarawa","ward":"Kaura Goje"},"geometry":{"type":"Point","coordinates":[8.54982,12.042]}},{"type":"Feature","properties":{"name":"Ubayyu Bin KaAb Dorayi Primary School","kind":"school","ownership":"Public","level":"Formal","kind_detail":"Primary","lga":"Gwale","ward":"Dorayi"},"geometry":{"type":"Point","coordinates":[8.47941,11.96307]}},{"type":"Feature","properties":{"name":"HauaAraj Primary School","kind":"school","ownership":"Private","level":"Formal","kind_detail":"Primary","lga":"Gwale","ward":"Dorayi"},"geometry":{"type":"Point","coordinates":[8.48285,11.95117]}},{"type":"Feature","properties":{"name":"Al Ameen Lslamic Nurserya Nd Primary School","kind":"school","ownership":"Private","level":"Integrated","kind_detail":"Primary","lga":"Kumbotso","ward":"Dan Maliki"},"geometry":{"type":"Point","coordinates":[8.52462,11.95463]}},{"type":"Feature","properties":{"name":"Muslim Cummunoty N Primary School","kind":"school","ownership":"Public","level":"Formal","kind_detail":"Primary","lga":"Fagge","ward":"Sabon Gari West"},"geometry":{"type":"Point","coordinates":[8.534,12.01765]}},{"type":"Feature","properties":{"name":"Kofar Nassarawa Model Primary School","kind":"school","ownership":"Public","level":"Formal","kind_detail":"Primary","lga":"Kano Municipal","ward":"Zango"},"geometry":{"type":"Point","coordinates":[8.53029,11.99677]}},{"type":"Feature","properties":{"name":"Taa Adibul Aulad Islamic Primary School","kind":"school","ownership":"Public","level":"Formal","kind_detail":"Primary","lga":"Dala","ward":"Kofar Mazugal"},"geometry":{"type":"Point","coordinates":[8.51095,12.01287]}},{"type":"Feature","properties":{"name":"MubadiUl Islamiyya Primary School","kind":"school","ownership":"Public","level":"Integrated","kind_detail":"Primary","lga":"Gwale","ward":"Dorayi"},"geometry":{"type":"Point","coordinates":[8.47936,11.96165]}},{"type":"Feature","properties":{"name":"TaAlimul Adfal Primary School","kind":"school","ownership":"Public","level":"Formal","kind_detail":"Primary","lga":"Gwale","ward":"Diso"},"geometry":{"type":"Point","coordinates":[8.51491,11.99019]}},{"type":"Feature","properties":{"name":"MaAhad Aminatu Islamiyya Primary School","kind":"school","ownership":"Public","level":"Integrated","kind_detail":"Primary","lga":"Gwale","ward":"Kabuga"},"geometry":{"type":"Point","coordinates":[8.47725,12.01161]}},{"type":"Feature","properties":{"name":"Muhammad RabiU Special Primary School","kind":"school","ownership":"Public","level":"Formal","kind_detail":"Primary","lga":"Gwale","ward":"Kabuga"},"geometry":{"type":"Point","coordinates":[8.49603,12.00902]}},{"type":"Feature","properties":{"name":"NashaAtu Islamiyya Primary School","kind":"school","ownership":"Public","level":"Integrated","kind_detail":"Primary","lga":"Tarauni","ward":"Darmanawa"},"geometry":{"type":"Point","coordinates":[8.54825,11.95126]}},{"type":"Feature","properties":{"name":"Ashatu Islamiyya Primary School","kind":"school","ownership":"Public","level":"Integrated","kind_detail":"Primary","lga":"Dala","ward":"Dala"},"geometry":{"type":"Point","coordinates":[8.50889,12.00642]}},{"type":"Feature","properties":{"name":"Honorable Garzali Sani Science Primary School","kind":"school","ownership":"Public","level":"Formal","kind_detail":"Primary","lga":"Dala","ward":"Dala"},"geometry":{"type":"Point","coordinates":[8.50891,12.00618]}},{"type":"Feature","properties":{"name":"Nurul Tahaqiq Islamiyya Primary School","kind":"school","ownership":"Public","level":"Integrated","kind_detail":"Primary","lga":"Dala","ward":"Dala"},"geometry":{"type":"Point","coordinates":[8.50865,12.00313]}},{"type":"Feature","properties":{"name":"Kids High School","kind":"school","ownership":"Public","level":"Formal","kind_detail":"Secondary","lga":"Kumbotso","ward":"Garun Gawa"},"geometry":{"type":"Point","coordinates":[8.52541,11.96202]}},{"type":"Feature","properties":{"name":"Government Secondary School Darmanawa","kind":"school","ownership":"Public","level":"Formal","kind_detail":"Secondary","lga":"Tarauni","ward":"Darmanawa"},"geometry":{"type":"Point","coordinates":[8.5449,11.94804]}},{"type":"Feature","properties":{"name":"Government Arabic Secondary School Hausawa Bawo Road","kind":"school","ownership":"Public","level":"Religious","kind_detail":"Secondary","lga":"Tarauni","ward":"Babban Giji"},"geometry":{"type":"Point","coordinates":[8.54086,11.96741]}},{"type":"Feature","properties":{"name":"Onward Secondary School","kind":"school","ownership":"Public","level":"Formal","kind_detail":"Secondary","lga":"Nassarawa","ward":"Kawaji"},"geometry":{"type":"Point","coordinates":[8.57029,12.01041]}},{"type":"Feature","properties":{"name":"Government Girls Secondary School Dakata","kind":"school","ownership":"Public","level":"Formal","kind_detail":"Secondary","lga":"Nassarawa","ward":"Dakata"},"geometry":{"type":"Point","coordinates":[8.58213,12.02363]}},{"type":"Feature","properties":{"name":"Gateway To Knowledge For Success","kind":"school","ownership":"Private","level":"Formal","kind_detail":"Secondary","lga":"Nassarawa","ward":"Gama"},"geometry":{"type":"Point","coordinates":[8.55123,12.03163]}},{"type":"Feature","properties":{"name":"Ulul Albab Secondary School","kind":"school","ownership":"Public","level":"Formal","kind_detail":"Secondary","lga":"Kumbotso","ward":"Chiranchi"},"geometry":{"type":"Point","coordinates":[8.48235,11.96079]}},{"type":"Feature","properties":{"name":"Government Secondary School Stadium","kind":"school","ownership":"Public","level":"Formal","kind_detail":"Secondary","lga":"Fagge","ward":"Sabon Gari East"},"geometry":{"type":"Point","coordinates":[8.54266,12.0135]}},{"type":"Feature","properties":{"name":"Government Secondary School Kwakwachi","kind":"school","ownership":"Public","level":"Formal","kind_detail":"Secondary","lga":"Fagge","ward":"Fagge D2"},"geometry":{"type":"Point","coordinates":[8.5234,12.02334]}},{"type":"Feature","properties":{"name":"Government Girls Secondary School","kind":"school","ownership":"Public","level":"Formal","kind_detail":"Secondary","lga":"Fagge","ward":"Sabon Gari West"},"geometry":{"type":"Point","coordinates":[8.52797,12.01278]}},{"type":"Feature","properties":{"name":"Government Girls Arabic Secondary School Masallachi","kind":"school","ownership":"Public","level":"Religious","kind_detail":"Secondary","lga":"Fagge","ward":"Sabon Gari West"},"geometry":{"type":"Point","coordinates":[8.52766,12.0124]}},{"type":"Feature","properties":{"name":"Government Girls Secondary School Aisha Shehu","kind":"school","ownership":"Public","level":"Formal","kind_detail":"Secondary","lga":"Fagge","ward":"Sabon Gari West"},"geometry":{"type":"Point","coordinates":[8.53111,12.01287]}},{"type":"Feature","properties":{"name":"Mohd Vice Adamu Government Secondary School Kuka","kind":"school","ownership":"Public","level":"Formal","kind_detail":"Secondary","lga":"Fagge","ward":"Sabon Gari West"},"geometry":{"type":"Point","coordinates":[8.53204,12.01293]}},{"type":"Feature","properties":{"name":"Ad Government Secondary School","kind":"school","ownership":"Public","level":"Formal","kind_detail":"Secondary","lga":"Fagge","ward":"Kwachiri"},"geometry":{"type":"Point","coordinates":[8.50965,12.03493]}},{"type":"Feature","properties":{"name":"Army Day Boys Secondary School","kind":"school","ownership":"Public","level":"Formal","kind_detail":"Secondary","lga":"Fagge","ward":"Kwachiri"},"geometry":{"type":"Point","coordinates":[8.50145,12.0309]}},{"type":"Feature","properties":{"name":"Costom Staff School","kind":"school","ownership":"Public","level":"Formal","kind_detail":"Secondary","lga":"Fagge","ward":"Kwachiri"},"geometry":{"type":"Point","coordinates":[8.51918,12.03203]}},{"type":"Feature","properties":{"name":"College Of Quranic Studies","kind":"school","ownership":"Public","level":"Religious","kind_detail":"Secondary","lga":"Dala","ward":"Bakin Ruwa"},"geometry":{"type":"Point","coordinates":[8.50434,11.99712]}},{"type":"Feature","properties":{"name":"Girls Junior Islamic Secondary School Tadibul Aulad","kind":"school","ownership":"Public","level":"Integrated","kind_detail":"Secondary","lga":"Dala","ward":"Adakawa"},"geometry":{"type":"Point","coordinates":[8.51096,12.01248]}},{"type":"Feature","properties":{"name":"Government Arabic Secondary School Yalwa","kind":"school","ownership":"Public","level":"Religious","kind_detail":"Secondary","lga":"Dala","ward":"Yalwa"},"geometry":{"type":"Point","coordinates":[8.49778,12.00577]}},{"type":"Feature","properties":{"name":"Government Girls Junior And Senior Islamic Secondary School Hayatu","kind":"school","ownership":"Public","level":"Religious","kind_detail":"Secondary","lga":"Dala","ward":"Yalwa"},"geometry":{"type":"Point","coordinates":[8.50056,12.00393]}},{"type":"Feature","properties":{"name":"Miftahul Khairi Girls Arabic College","kind":"school","ownership":"Public","level":"Formal","kind_detail":"Secondary","lga":"Dala","ward":"Yalwa"},"geometry":{"type":"Point","coordinates":[8.50084,12.00624]}},{"type":"Feature","properties":{"name":"Government Girls Arabic Secondary School Gwamaja","kind":"school","ownership":"Public","level":"Religious","kind_detail":"Secondary","lga":"Dala","ward":"Gwammaja"},"geometry":{"type":"Point","coordinates":[8.50956,12.0226]}},{"type":"Feature","properties":{"name":"Government Secondary School Gwamaja","kind":"school","ownership":"Public","level":"Formal","kind_detail":"Secondary","lga":"Dala","ward":"Gwammaja"},"geometry":{"type":"Point","coordinates":[8.50902,12.02349]}},{"type":"Feature","properties":{"name":"Al Buhaj Royal Academy","kind":"school","ownership":"Private","level":"Formal","kind_detail":"Secondary","lga":"Dala","ward":"Kofar Ruwa"},"geometry":{"type":"Point","coordinates":[8.49445,12.02499]}},{"type":"Feature","properties":{"name":"Government Girls Colledge Dala","kind":"school","ownership":"Public","level":"Formal","kind_detail":"Secondary","lga":"Dala","ward":"Kofar Ruwa"},"geometry":{"type":"Point","coordinates":[8.50381,12.01698]}},{"type":"Feature","properties":{"name":"Special Education Kofar Ruwa","kind":"school","ownership":"Public","level":"Formal","kind_detail":"Secondary","lga":"Dala","ward":"Kofar Ruwa"},"geometry":{"type":"Point","coordinates":[8.49745,12.01796]}},{"type":"Feature","properties":{"name":"Government Girls Secondary School Yammata","kind":"school","ownership":"Public","level":"Formal","kind_detail":"Secondary","lga":"Dala","ward":"Gobirawa"},"geometry":{"type":"Point","coordinates":[8.47253,12.05286]}},{"type":"Feature","properties":{"name":"Government Secondary School Dorayi Karama","kind":"school","ownership":"Public","level":"Formal","kind_detail":"Secondary","lga":"Gwale","ward":"Dorayi"},"geometry":{"type":"Point","coordinates":[8.47261,11.96758]}},{"type":"Feature","properties":{"name":"CECG Galadima","kind":"school","ownership":"Public","level":"Formal","kind_detail":"Secondary","lga":"Gwale","ward":"Galadanchi"},"geometry":{"type":"Point","coordinates":[8.51387,11.98877]}},{"type":"Feature","properties":{"name":"GAC Gwale","kind":"school","ownership":"Public","level":"Formal","kind_detail":"Secondary","lga":"Gwale","ward":"Gwale"},"geometry":{"type":"Point","coordinates":[8.50594,11.98546]}},{"type":"Feature","properties":{"name":"Government Girls Junior And Senior Secondary School Turaki Hashim","kind":"school","ownership":"Public","level":"Formal","kind_detail":"Secondary","lga":"Gwale","ward":"Dandago"},"geometry":{"type":"Point","coordinates":[8.50879,11.99152]}},{"type":"Feature","properties":{"name":"Adamu Namaaj Secondary School","kind":"school","ownership":"Private","level":"Integrated","kind_detail":"Secondary","lga":"Gwale","ward":"Kabuga"},"geometry":{"type":"Point","coordinates":[8.49175,11.99237]}},{"type":"Feature","properties":{"name":"Aminu Kano Community Commercial College","kind":"school","ownership":"Public","level":"Integrated","kind_detail":"Secondary","lga":"Gwale","ward":"Kabuga"},"geometry":{"type":"Point","coordinates":[8.49432,11.99542]}},{"type":"Feature","properties":{"name":"Andal Science Academy","kind":"school","ownership":"Private","level":"Formal","kind_detail":"Secondary","lga":"Gwale","ward":"Kabuga"},"geometry":{"type":"Point","coordinates":[8.47411,11.98346]}},{"type":"Feature","properties":{"name":"Asmau Muslim Academy","kind":"school","ownership":"Private","level":"Integrated","kind_detail":"Secondary","lga":"Gwale","ward":"Kabuga"},"geometry":{"type":"Point","coordinates":[8.48544,11.98032]}},{"type":"Feature","properties":{"name":"Government Girls Arabic College","kind":"school","ownership":"Public","level":"Religious","kind_detail":"Secondary","lga":"Gwale","ward":"Kabuga"},"geometry":{"type":"Point","coordinates":[8.48676,11.99238]}},{"type":"Feature","properties":{"name":"Government Girls College","kind":"school","ownership":"Public","level":"Formal","kind_detail":"Secondary","lga":"Gwale","ward":"Kabuga"},"geometry":{"type":"Point","coordinates":[8.48727,11.98008]}},{"type":"Feature","properties":{"name":"Government Secondary School Goron Dutse","kind":"school","ownership":"Public","level":"Formal","kind_detail":"Secondary","lga":"Gwale","ward":"Kabuga"},"geometry":{"type":"Point","coordinates":[8.48778,11.98263]}},{"type":"Feature","properties":{"name":"Nasara Academy","kind":"school","ownership":"Public","level":"Formal","kind_detail":"Secondary","lga":"Gwale","ward":"Kabuga"},"geometry":{"type":"Point","coordinates":[8.47966,11.98641]}},{"type":"Feature","properties":{"name":"Sheikh Bashir El Rayyah School","kind":"school","ownership":"Public","level":"Formal","kind_detail":"Secondary","lga":"Gwale","ward":"Kabuga"},"geometry":{"type":"Point","coordinates":[8.49473,11.99203]}},{"type":"Feature","properties":{"name":"Government Girls Junior And Senior Secondary School Kofar Naisa","kind":"school","ownership":"Public","level":"Formal","kind_detail":"Secondary","lga":"Gwale","ward":"Gwale"},"geometry":{"type":"Point","coordinates":[8.51558,11.98397]}},{"type":"Feature","properties":{"name":"Government Secondary School Gwale","kind":"school","ownership":"Public","level":"Formal","kind_detail":"Secondary","lga":"Gwale","ward":"Gwale"},"geometry":{"type":"Point","coordinates":[8.50748,11.98596]}},{"type":"Feature","properties":{"name":"Sharada Secondary","kind":"school","ownership":"Public","level":"Formal","kind_detail":"Secondary","lga":"Kano Municipal","ward":"Sharada"},"geometry":{"type":"Point","coordinates":[8.51155,11.97001]}},{"type":"Feature","properties":{"name":"Government Girls Arabic Secondary School 200 Road","kind":"school","ownership":"Public","level":"Formal","kind_detail":"Secondary","lga":"Kano Municipal","ward":"Gandu Albasa"},"geometry":{"type":"Point","coordinates":[8.53075,11.97315]}},{"type":"Feature","properties":{"name":"Girls Islamic Secondary School Yolawa","kind":"school","ownership":"Public","level":"Formal","kind_detail":"Secondary","lga":"Kano Municipal","ward":"Shahuchi"},"geometry":{"type":"Point","coordinates":[8.51798,11.99984]}},{"type":"Feature","properties":{"name":"Dalha Girls Secondary School","kind":"school","ownership":"Public","level":"Integrated","kind_detail":"Secondary","lga":"Kano Municipal","ward":"Zango"},"geometry":{"type":"Point","coordinates":[8.52093,12.00432]}},{"type":"Feature","properties":{"name":"Government Secondary School Kumbotso","kind":"school","ownership":"Public","level":"Formal","kind_detail":"Secondary","lga":"Kumbotso","ward":"Kumbotso"},"geometry":{"type":"Point","coordinates":[8.51037,11.88791]}},{"type":"Feature","properties":{"name":"Government Girls Junior And Senior Secondary School Zawaciki","kind":"school","ownership":"Public","level":"Formal","kind_detail":"Secondary","lga":"Kumbotso","ward":"Panshekara"},"geometry":{"type":"Point","coordinates":[8.46422,11.91454]}},{"type":"Feature","properties":{"name":"Government Secondary School Kayi","kind":"school","ownership":"Public","level":"Formal","kind_detail":"Secondary","lga":"Kumbotso","ward":"Panshekara"},"geometry":{"type":"Point","coordinates":[8.45687,11.89224]}},{"type":"Feature","properties":{"name":"Government Secondary School Panshekara","kind":"school","ownership":"Public","level":"Formal","kind_detail":"Secondary","lga":"Kumbotso","ward":"Panshekara"},"geometry":{"type":"Point","coordinates":[8.45951,11.90237]}},{"type":"Feature","properties":{"name":"First Divine New Breed College","kind":"school","ownership":"Public","level":"Formal","kind_detail":"Secondary","lga":"Kumbotso","ward":"Naibawa"},"geometry":{"type":"Point","coordinates":[8.5441,11.92364]}},{"type":"Feature","properties":{"name":"Government Girls Secondary School Wailari","kind":"school","ownership":"Public","level":"Formal","kind_detail":"Secondary","lga":"Kumbotso","ward":"Naibawa"},"geometry":{"type":"Point","coordinates":[8.54555,11.92404]}},{"type":"Feature","properties":{"name":"Government Secondary School Danmaliki","kind":"school","ownership":"Public","level":"Formal","kind_detail":"Secondary","lga":"Kumbotso","ward":"Dan Maliki"},"geometry":{"type":"Point","coordinates":[8.51007,11.92813]}},{"type":"Feature","properties":{"name":"Government Secondary School Sheka","kind":"school","ownership":"Public","level":"Formal","kind_detail":"Secondary","lga":"Kumbotso","ward":"Dan Maliki"},"geometry":{"type":"Point","coordinates":[8.53123,11.95374]}},{"type":"Feature","properties":{"name":"Government Secondary School Mariri","kind":"school","ownership":"Public","level":"Formal","kind_detail":"Secondary","lga":"Kumbotso","ward":"Mariri"},"geometry":{"type":"Point","coordinates":[8.60972,11.94963]}},{"type":"Feature","properties":{"name":"Government Secondary School Dambare","kind":"school","ownership":"Public","level":"Formal","kind_detail":"Secondary","lga":"Kumbotso","ward":"Danbare"},"geometry":{"type":"Point","coordinates":[8.43404,11.95846]}},{"type":"Feature","properties":{"name":"Epic Accademy Secondary School","kind":"school","ownership":"Private","level":"Formal","kind_detail":"Secondary","lga":"Tarauni","ward":"Unguwar Gano"},"geometry":{"type":"Point","coordinates":[8.56043,11.94334]}},{"type":"Feature","properties":{"name":"Shehu Abdullahi Academy","kind":"school","ownership":"Public","level":"Religious","kind_detail":"Secondary","lga":"Tarauni","ward":"Darmanawa"},"geometry":{"type":"Point","coordinates":[8.55311,11.9522]}},{"type":"Feature","properties":{"name":"Al Ma Awah Islamic School","kind":"school","ownership":"Public","level":"Integrated","kind_detail":"Secondary","lga":"Tarauni","ward":"Unguwa Uku Kauyen Alu"},"geometry":{"type":"Point","coordinates":[8.5695,11.95924]}},{"type":"Feature","properties":{"name":"Abubakar Special Junior Secondary School","kind":"school","ownership":"Private","level":"Formal","kind_detail":"Secondary","lga":"Tarauni","ward":"Gyadi Gyadi Kudu"},"geometry":{"type":"Point","coordinates":[8.54599,11.96739]}},{"type":"Feature","properties":{"name":"Government College Maitama Sule Acadamy","kind":"school","ownership":"Public","level":"Formal","kind_detail":"Secondary","lga":"Tarauni","ward":"Gyadi Gyadi Kudu"},"geometry":{"type":"Point","coordinates":[8.5475,11.96649]}},{"type":"Feature","properties":{"name":"Government Secondary School Kundila","kind":"school","ownership":"Public","level":"Formal","kind_detail":"Secondary","lga":"Tarauni","ward":"Daurawa"},"geometry":{"type":"Point","coordinates":[8.55629,11.96515]}},{"type":"Feature","properties":{"name":"Queen Science Academy","kind":"school","ownership":"Public","level":"Formal","kind_detail":"Secondary","lga":"Tarauni","ward":"Hotoro"},"geometry":{"type":"Point","coordinates":[8.57096,11.97168]}},{"type":"Feature","properties":{"name":"Government Girls Secondary School Hausawa","kind":"school","ownership":"Public","level":"Formal","kind_detail":"Secondary","lga":"Tarauni","ward":"Babban Giji"},"geometry":{"type":"Point","coordinates":[8.5403,11.96558]}},{"type":"Feature","properties":{"name":"Government Secondary School Murtala Muhd","kind":"school","ownership":"Public","level":"Formal","kind_detail":"Secondary","lga":"Tarauni","ward":"Babban Giji"},"geometry":{"type":"Point","coordinates":[8.53546,11.96208]}},{"type":"Feature","properties":{"name":"Shekh Secondary School","kind":"school","ownership":"Public","level":"Formal","kind_detail":"Secondary","lga":"Tarauni","ward":"Gyadi Gyadi Arewa"},"geometry":{"type":"Point","coordinates":[8.53901,11.97724]}},{"type":"Feature","properties":{"name":"Government Girls Arabic Secondary School Taraunin Kudu","kind":"school","ownership":"Public","level":"Religious","kind_detail":"Secondary","lga":"Tarauni","ward":"Tarauni"},"geometry":{"type":"Point","coordinates":[8.55681,11.97435]}},{"type":"Feature","properties":{"name":"Government Secondary School Rijiyar Zaki","kind":"school","ownership":"Public","level":"Formal","kind_detail":"Secondary","lga":"Ungogo","ward":"Rijiyar Zaki"},"geometry":{"type":"Point","coordinates":[8.4499,11.97968]}},{"type":"Feature","properties":{"name":"Government Secondary School Rimin Gata","kind":"school","ownership":"Public","level":"Formal","kind_detail":"Secondary","lga":"Ungogo","ward":"Rijiyar Zaki"},"geometry":{"type":"Point","coordinates":[8.44028,11.9743]}},{"type":"Feature","properties":{"name":"Government Secondary School Jajira","kind":"school","ownership":"Public","level":"Formal","kind_detail":"Secondary","lga":"Ungogo","ward":"Tudun Fulani"},"geometry":{"type":"Point","coordinates":[8.42324,12.03477]}},{"type":"Feature","properties":{"name":"Government Secondary Shool Zangon Gabas","kind":"school","ownership":"Public","level":"Formal","kind_detail":"Secondary","lga":"Ungogo","ward":"Zango"},"geometry":{"type":"Point","coordinates":[8.58068,12.04097]}},{"type":"Feature","properties":{"name":"Fahad Memorial School","kind":"school","ownership":"Private","level":"Formal","kind_detail":"Secondary","lga":"Ungogo","ward":"Bachirawa"},"geometry":{"type":"Point","coordinates":[8.46648,12.06576]}},{"type":"Feature","properties":{"name":"Manarul Huda Group Of School","kind":"school","ownership":"Public","level":"Formal","kind_detail":"Secondary","lga":"Ungogo","ward":"Bachirawa"},"geometry":{"type":"Point","coordinates":[8.46285,12.06565]}},{"type":"Feature","properties":{"name":"Government Junior Islamic Secondary School","kind":"school","ownership":"Public","level":"Formal","kind_detail":"Secondary","lga":"Ungogo","ward":"Rangaza"},"geometry":{"type":"Point","coordinates":[8.61554,12.06801]}},{"type":"Feature","properties":{"name":"Government Girls Islamic Secondary School","kind":"school","ownership":"Public","level":"Integrated","kind_detail":"Secondary","lga":"Ungogo","ward":"Rangaza"},"geometry":{"type":"Point","coordinates":[8.6155,12.06885]}},{"type":"Feature","properties":{"name":"Government Girls Secondary School Rangaza","kind":"school","ownership":"Public","level":"Formal","kind_detail":"Secondary","lga":"Ungogo","ward":"Rangaza"},"geometry":{"type":"Point","coordinates":[8.59507,12.04536]}},{"type":"Feature","properties":{"name":"Government Girls Secondary School Kadawa","kind":"school","ownership":"Public","level":"Formal","kind_detail":"Secondary","lga":"Ungogo","ward":"Kadawa"},"geometry":{"type":"Point","coordinates":[8.45817,12.0744]}},{"type":"Feature","properties":{"name":"Government Secondary School Kadawa","kind":"school","ownership":"Public","level":"Formal","kind_detail":"Secondary","lga":"Ungogo","ward":"Kadawa"},"geometry":{"type":"Point","coordinates":[8.46369,12.07173]}},{"type":"Feature","properties":{"name":"Jan Baki Government Girls Secondary School","kind":"school","ownership":"Public","level":"Formal","kind_detail":"Secondary","lga":"Ungogo","ward":"Yada Kunya"},"geometry":{"type":"Point","coordinates":[8.63919,12.08759]}},{"type":"Feature","properties":{"name":"Junior Arabic Secondary School Inusawa","kind":"school","ownership":"Public","level":"Formal","kind_detail":"Secondary","lga":"Ungogo","ward":"Yada Kunya"},"geometry":{"type":"Point","coordinates":[8.59866,12.06896]}},{"type":"Feature","properties":{"name":"Happy Day International Secondary School","kind":"school","ownership":"Private","level":"Formal","kind_detail":"Secondary","lga":"Nassarawa","ward":"Hotoro South"},"geometry":{"type":"Point","coordinates":[8.58282,11.97055]}},{"type":"Feature","properties":{"name":"Precise Secondary School","kind":"school","ownership":"Public","level":"Formal","kind_detail":"Secondary","lga":"Nassarawa","ward":"Hotoro South"},"geometry":{"type":"Point","coordinates":[8.57935,11.97363]}},{"type":"Feature","properties":{"name":"Rakad International","kind":"school","ownership":"Public","level":"Formal","kind_detail":"Secondary","lga":"Nassarawa","ward":"Hotoro South"},"geometry":{"type":"Point","coordinates":[8.5885,11.973]}},{"type":"Feature","properties":{"name":"Seat of Wisdom","kind":"school","ownership":"Public","level":"Formal","kind_detail":"Secondary","lga":"Nassarawa","ward":"Hotoro South"},"geometry":{"type":"Point","coordinates":[8.58143,11.97401]}},{"type":"Feature","properties":{"name":"Alfijir Science Technical College","kind":"school","ownership":"Private","level":"Formal","kind_detail":"Secondary","lga":"Nassarawa","ward":"Giginyu"},"geometry":{"type":"Point","coordinates":[8.55725,11.99905]}},{"type":"Feature","properties":{"name":"At International School","kind":"school","ownership":"Private","level":"Formal","kind_detail":"Secondary","lga":"Nassarawa","ward":"Giginyu"},"geometry":{"type":"Point","coordinates":[8.57173,11.97688]}},{"type":"Feature","properties":{"name":"Crescent Secondary School","kind":"school","ownership":"Private","level":"Formal","kind_detail":"Secondary","lga":"Nassarawa","ward":"Giginyu"},"geometry":{"type":"Point","coordinates":[8.5424,11.98919]}},{"type":"Feature","properties":{"name":"Girl Science And Technical College Kano","kind":"school","ownership":"Public","level":"Formal","kind_detail":"Secondary","lga":"Nassarawa","ward":"Giginyu"},"geometry":{"type":"Point","coordinates":[8.53709,11.99055]}},{"type":"Feature","properties":{"name":"Government Girls Secondary School Giginyu","kind":"school","ownership":"Public","level":"Formal","kind_detail":"Secondary","lga":"Nassarawa","ward":"Giginyu"},"geometry":{"type":"Point","coordinates":[8.56878,11.98995]}},{"type":"Feature","properties":{"name":"Government Girls Secondary School Magwan","kind":"school","ownership":"Public","level":"Formal","kind_detail":"Secondary","lga":"Nassarawa","ward":"Giginyu"},"geometry":{"type":"Point","coordinates":[8.54418,11.98677]}},{"type":"Feature","properties":{"name":"Government Secondary School Tarauni","kind":"school","ownership":"Public","level":"Formal","kind_detail":"Secondary","lga":"Nassarawa","ward":"Giginyu"},"geometry":{"type":"Point","coordinates":[8.56234,11.97964]}},{"type":"Feature","properties":{"name":"Government Technical College Kano","kind":"school","ownership":"Public","level":"Formal","kind_detail":"Secondary","lga":"Nassarawa","ward":"Giginyu"},"geometry":{"type":"Point","coordinates":[8.53559,11.98961]}},{"type":"Feature","properties":{"name":"New Hamdala Continental School","kind":"school","ownership":"Public","level":"Formal","kind_detail":"Secondary","lga":"Nassarawa","ward":"Giginyu"},"geometry":{"type":"Point","coordinates":[8.5733,12.00182]}},{"type":"Feature","properties":{"name":"Palmgrove International School","kind":"school","ownership":"Public","level":"Formal","kind_detail":"Secondary","lga":"Nassarawa","ward":"Giginyu"},"geometry":{"type":"Point","coordinates":[8.5747,12.00163]}},{"type":"Feature","properties":{"name":"Prime College","kind":"school","ownership":"Public","level":"Formal","kind_detail":"Secondary","lga":"Nassarawa","ward":"Giginyu"},"geometry":{"type":"Point","coordinates":[8.55728,11.99386]}},{"type":"Feature","properties":{"name":"Progressive Science And Commercial College","kind":"school","ownership":"Public","level":"Formal","kind_detail":"Secondary","lga":"Nassarawa","ward":"Giginyu"},"geometry":{"type":"Point","coordinates":[8.57542,12.0023]}},{"type":"Feature","properties":{"name":"Sayyada Khadija School","kind":"school","ownership":"Public","level":"Formal","kind_detail":"Secondary","lga":"Nassarawa","ward":"Giginyu"},"geometry":{"type":"Point","coordinates":[8.56371,11.98662]}},{"type":"Feature","properties":{"name":"Bennie International School","kind":"school","ownership":"Private","level":"Formal","kind_detail":"Secondary","lga":"Nassarawa","ward":"Kawaji"},"geometry":{"type":"Point","coordinates":[8.58367,12.01092]}},{"type":"Feature","properties":{"name":"Government Girls Arabic Secondary School Yankaba","kind":"school","ownership":"Public","level":"Religious","kind_detail":"Secondary","lga":"Nassarawa","ward":"Kawaji"},"geometry":{"type":"Point","coordinates":[8.57732,12.01346]}},{"type":"Feature","properties":{"name":"Ijioma Secondary School","kind":"school","ownership":"Private","level":"Formal","kind_detail":"Secondary","lga":"Nassarawa","ward":"Kawaji"},"geometry":{"type":"Point","coordinates":[8.57511,12.01077]}},{"type":"Feature","properties":{"name":"Royal Academy","kind":"school","ownership":"Public","level":"Formal","kind_detail":"Secondary","lga":"Nassarawa","ward":"Kawaji"},"geometry":{"type":"Point","coordinates":[8.56191,12.0061]}},{"type":"Feature","properties":{"name":"Samadi International School","kind":"school","ownership":"Public","level":"Formal","kind_detail":"Secondary","lga":"Nassarawa","ward":"Kawaji"},"geometry":{"type":"Point","coordinates":[8.58406,12.01367]}},{"type":"Feature","properties":{"name":"Dangana Government Girls Secondary School","kind":"school","ownership":"Public","level":"Formal","kind_detail":"Secondary","lga":"Nassarawa","ward":"Tudun Wada"},"geometry":{"type":"Point","coordinates":[8.55528,12.02059]}},{"type":"Feature","properties":{"name":"ECWA Baba Alhamdu Secondary School","kind":"school","ownership":"Public","level":"Formal","kind_detail":"Secondary","lga":"Nassarawa","ward":"Tudun Wada"},"geometry":{"type":"Point","coordinates":[8.54562,12.01762]}},{"type":"Feature","properties":{"name":"Fatima International School","kind":"school","ownership":"Private","level":"Formal","kind_detail":"Secondary","lga":"Nassarawa","ward":"Tudun Wada"},"geometry":{"type":"Point","coordinates":[8.55813,12.02244]}},{"type":"Feature","properties":{"name":"Hajara Ajmad International School","kind":"school","ownership":"Public","level":"Formal","kind_detail":"Secondary","lga":"Nassarawa","ward":"Tudun Wada"},"geometry":{"type":"Point","coordinates":[8.55858,12.02587]}},{"type":"Feature","properties":{"name":"Paject International School","kind":"school","ownership":"Public","level":"Formal","kind_detail":"Secondary","lga":"Nassarawa","ward":"Gawuna"},"geometry":{"type":"Point","coordinates":[8.55144,12.0232]}},{"type":"Feature","properties":{"name":"Government Girls Secondary School Gwagwarwa","kind":"school","ownership":"Public","level":"Formal","kind_detail":"Secondary","lga":"Nassarawa","ward":"Gwagwarwa"},"geometry":{"type":"Point","coordinates":[8.54209,12.02781]}},{"type":"Feature","properties":{"name":"Government Girls Secondary School Dakata Kano","kind":"school","ownership":"Public","level":"Formal","kind_detail":"Secondary","lga":"Nassarawa","ward":"Dakata"},"geometry":{"type":"Point","coordinates":[8.58226,12.02409]}},{"type":"Feature","properties":{"name":"Government Secondary School Kawaji","kind":"school","ownership":"Public","level":"Formal","kind_detail":"Secondary","lga":"Nassarawa","ward":"Dakata"},"geometry":{"type":"Point","coordinates":[8.58155,12.02523]}},{"type":"Feature","properties":{"name":"Pathfinder Comprihensive College","kind":"school","ownership":"Public","level":"Formal","kind_detail":"Secondary","lga":"Nassarawa","ward":"Dakata"},"geometry":{"type":"Point","coordinates":[8.57923,12.01684]}},{"type":"Feature","properties":{"name":"Government Secondary School Kaura Goje","kind":"school","ownership":"Public","level":"Formal","kind_detail":"Secondary","lga":"Nassarawa","ward":"Kaura Goje"},"geometry":{"type":"Point","coordinates":[8.54734,12.04222]}},{"type":"Feature","properties":{"name":"Government Girls Arabic Secondary School Tudun Murtala","kind":"school","ownership":"Public","level":"Religious","kind_detail":"Secondary","lga":"Nassarawa","ward":"Tudun Murtala"},"geometry":{"type":"Point","coordinates":[8.57666,12.03118]}},{"type":"Feature","properties":{"name":"Government Girls Senior Arabic Secondary School","kind":"school","ownership":"Public","level":"Integrated","kind_detail":"Secondary","lga":"Nassarawa","ward":"Gama"},"geometry":{"type":"Point","coordinates":[8.55131,12.0313]}},{"type":"Feature","properties":{"name":"Government Secondary School Suntulma","kind":"school","ownership":"Public","level":"Formal","kind_detail":"Secondary","lga":"Nassarawa","ward":"Gama"},"geometry":{"type":"Point","coordinates":[8.55322,12.03427]}},{"type":"Feature","properties":{"name":"Government Junior Senior Secondary School Tukur Muhammed","kind":"school","ownership":"Public","level":"Formal","kind_detail":"Secondary","lga":"Fagge","ward":"Rijiyar Lemo"},"geometry":{"type":"Point","coordinates":[8.48162,12.04676]}},{"type":"Feature","properties":{"name":"Government Girls Arabic Secondary School Hotoro","kind":"school","ownership":"Public","level":"Religious","kind_detail":"Secondary","lga":"Nassarawa","ward":"Hotoro North"},"geometry":{"type":"Point","coordinates":[8.58226,11.97928]}},{"type":"Feature","properties":{"name":"Kano Model School","kind":"school","ownership":"Public","level":"Formal","kind_detail":"Secondary","lga":"Nassarawa","ward":"Hotoro North"},"geometry":{"type":"Point","coordinates":[8.58825,11.97342]}},{"type":"Feature","properties":{"name":"Sankoree International","kind":"school","ownership":"Public","level":"Formal","kind_detail":"Secondary","lga":"Nassarawa","ward":"Hotoro North"},"geometry":{"type":"Point","coordinates":[8.57015,11.99577]}},{"type":"Feature","properties":{"name":"Wahada Secondary School","kind":"school","ownership":"Public","level":"Formal","kind_detail":"Secondary","lga":"Dala","ward":"Dogon Nama"},"geometry":{"type":"Point","coordinates":[8.49856,12.00034]}},{"type":"Feature","properties":{"name":"Tudun Fulani Government Junior Secondary","kind":"school","ownership":"Public","level":"Formal","kind_detail":"Secondary","lga":"Tarauni","ward":"Unguwar Gano"},"geometry":{"type":"Point","coordinates":[8.55379,11.94355]}},{"type":"Feature","properties":{"name":"Wami International School","kind":"school","ownership":"Public","level":"Formal","kind_detail":"Secondary","lga":"Nassarawa","ward":"Kawaji"},"geometry":{"type":"Point","coordinates":[8.58634,12.01148]}},{"type":"Feature","properties":{"name":"Yan Dutse College","kind":"school","ownership":"Public","level":"Formal","kind_detail":"Secondary","lga":"Nassarawa","ward":"Tudun Wada"},"geometry":{"type":"Point","coordinates":[8.55186,12.01201]}},{"type":"Feature","properties":{"name":"Ultimate International School","kind":"school","ownership":"Public","level":"Formal","kind_detail":"Secondary","lga":"Nassarawa","ward":"Tudun Murtala"},"geometry":{"type":"Point","coordinates":[8.56544,12.02728]}},{"type":"Feature","properties":{"name":"Government Technical College Ungogo","kind":"school","ownership":"Public","level":"Formal","kind_detail":"Secondary","lga":"Ungogo","ward":"Kadawa"},"geometry":{"type":"Point","coordinates":[8.46237,12.07393]}},{"type":"Feature","properties":{"name":"Aisha Islamiyyah","kind":"school","ownership":"Public","level":"Integrated","kind_detail":"Primary","lga":"Fagge","ward":"Kwachiri"},"geometry":{"type":"Point","coordinates":[8.4916,12.04483]}},{"type":"Feature","properties":{"name":"Adabiyyatul Islama Islamiyya","kind":"school","ownership":"Private","level":"Religious","kind_detail":"Primary","lga":"Nassarawa","ward":"Hotoro South"},"geometry":{"type":"Point","coordinates":[8.58231,11.96947]}},{"type":"Feature","properties":{"name":"Fatimatu Binta Rasullilah","kind":"school","ownership":"Private","level":"Integrated","kind_detail":"Primary","lga":"Gwale","ward":"Dorayi"},"geometry":{"type":"Point","coordinates":[8.47554,11.96069]}},{"type":"Feature","properties":{"name":"Sheik Idris Islamiya","kind":"school","ownership":"Public","level":"Religious","kind_detail":"Primary","lga":"Fagge","ward":"Fagge B"},"geometry":{"type":"Point","coordinates":[8.52971,12.00794]}},{"type":"Feature","properties":{"name":"Rukayya Islamiyya","kind":"school","ownership":"Public","level":"Religious","kind_detail":"Primary","lga":"Fagge","ward":"Fagge A"},"geometry":{"type":"Point","coordinates":[8.53368,11.9981]}},{"type":"Feature","properties":{"name":"Haido Junior Secondary Islamiyya","kind":"school","ownership":"Public","level":"Religious","kind_detail":"Primary","lga":"Fagge","ward":"Fagge C"},"geometry":{"type":"Point","coordinates":[8.53071,12.00958]}},{"type":"Feature","properties":{"name":"Saratu Islamiyya","kind":"school","ownership":"Public","level":"Religious","kind_detail":"Primary","lga":"Fagge","ward":"Fagge D1"},"geometry":{"type":"Point","coordinates":[8.52756,12.00854]}},{"type":"Feature","properties":{"name":"Adado Islamiyyah","kind":"school","ownership":"Public","level":"Formal","kind_detail":"Primary","lga":"Fagge","ward":"Fagge D2"},"geometry":{"type":"Point","coordinates":[8.52645,12.01224]}},{"type":"Feature","properties":{"name":"Tarbiyyatul Aulad Li Tahfizul Quran","kind":"school","ownership":"Public","level":"Religious","kind_detail":"Primary","lga":"Dala","ward":"Bakin Ruwa"},"geometry":{"type":"Point","coordinates":[8.50476,11.99743]}},{"type":"Feature","properties":{"name":"Hidayatul Quran Makwalla","kind":"school","ownership":"Public","level":"Religious","kind_detail":"Primary","lga":"Dala","ward":"Adakawa"},"geometry":{"type":"Point","coordinates":[8.51059,12.0071]}},{"type":"Feature","properties":{"name":"Muhd Barnoma Model Quran","kind":"school","ownership":"Public","level":"Religious","kind_detail":"Primary","lga":"Dala","ward":"Yalwa"},"geometry":{"type":"Point","coordinates":[8.49954,12.00879]}},{"type":"Feature","properties":{"name":"Markaz M Lawan Islamiyya","kind":"school","ownership":"Public","level":"Religious","kind_detail":"Primary","lga":"Dala","ward":"Kofar Mazugal"},"geometry":{"type":"Point","coordinates":[8.5128,12.01277]}},{"type":"Feature","properties":{"name":"Bada Iul Islamiyya Primary","kind":"school","ownership":"Private","level":"Integrated","kind_detail":"Primary","lga":"Dala","ward":"Dala"},"geometry":{"type":"Point","coordinates":[8.50585,12.00866]}},{"type":"Feature","properties":{"name":"Nafhatur Rasul Islamiyya Primry School","kind":"school","ownership":"Public","level":"Religious","kind_detail":"Primary","lga":"Dala","ward":"Dala"},"geometry":{"type":"Point","coordinates":[8.50596,12.00797]}},{"type":"Feature","properties":{"name":"Sidi Abubakar School Of Tahfizul Quran","kind":"school","ownership":"Public","level":"Religious","kind_detail":"Primary","lga":"Dala","ward":"Dala"},"geometry":{"type":"Point","coordinates":[8.50911,12.00634]}},{"type":"Feature","properties":{"name":"Abdullahi Bn Abbass","kind":"school","ownership":"Public","level":"Integrated","kind_detail":"Primary","lga":"Dala","ward":"Gwammaja"},"geometry":{"type":"Point","coordinates":[8.50515,12.0237]}},{"type":"Feature","properties":{"name":"Manarul Huda Islamiyyah School","kind":"school","ownership":"Public","level":"Religious","kind_detail":"Primary","lga":"Dala","ward":"Gwammaja"},"geometry":{"type":"Point","coordinates":[8.50756,12.01482]}},{"type":"Feature","properties":{"name":"Adam Nagoggo Islamiya Sch","kind":"school","ownership":"Public","level":"Integrated","kind_detail":"Primary","lga":"Dala","ward":"Kofar Ruwa"},"geometry":{"type":"Point","coordinates":[8.4921,12.02507]}},{"type":"Feature","properties":{"name":"Maahaad Abdullahi Gidan Gawu Islamiyya","kind":"school","ownership":"Public","level":"Religious","kind_detail":"Primary","lga":"Dala","ward":"Kofar Ruwa"},"geometry":{"type":"Point","coordinates":[8.49819,12.0224]}},{"type":"Feature","properties":{"name":"Madarasatul Ahibbatul Habib Islamiya","kind":"school","ownership":"Public","level":"Religious","kind_detail":"Primary","lga":"Dala","ward":"Kofar Ruwa"},"geometry":{"type":"Point","coordinates":[8.49527,12.01915]}},{"type":"Feature","properties":{"name":"Najashi Islamiya School","kind":"school","ownership":"Public","level":"Religious","kind_detail":"Primary","lga":"Dala","ward":"Kofar Ruwa"},"geometry":{"type":"Point","coordinates":[8.48682,12.02662]}},{"type":"Feature","properties":{"name":"Sabulussam Islamiya","kind":"school","ownership":"Public","level":"Religious","kind_detail":"Primary","lga":"Dala","ward":"Kofar Ruwa"},"geometry":{"type":"Point","coordinates":[8.49369,12.02078]}},{"type":"Feature","properties":{"name":"Qira Atul Quran Islamic School","kind":"school","ownership":"Public","level":"Religious","kind_detail":"Primary","lga":"Dala","ward":"Gobirawa"},"geometry":{"type":"Point","coordinates":[8.47683,12.05067]}},{"type":"Feature","properties":{"name":"Kiraatul Quran","kind":"school","ownership":"Public","level":"Religious","kind_detail":"Primary","lga":"Gwale","ward":"Dorayi"},"geometry":{"type":"Point","coordinates":[8.47444,11.93783]}},{"type":"Feature","properties":{"name":"Maahad Tajaweed Quran","kind":"school","ownership":"Public","level":"Religious","kind_detail":"Primary","lga":"Gwale","ward":"Dorayi"},"geometry":{"type":"Point","coordinates":[8.47116,11.95758]}},{"type":"Feature","properties":{"name":"Maryam Islamiyya","kind":"school","ownership":"Public","level":"Religious","kind_detail":"Primary","lga":"Gwale","ward":"Dorayi"},"geometry":{"type":"Point","coordinates":[8.46998,11.97067]}},{"type":"Feature","properties":{"name":"Riyadul Quran","kind":"school","ownership":"Public","level":"Religious","kind_detail":"Primary","lga":"Gwale","ward":"Dorayi"},"geometry":{"type":"Point","coordinates":[8.47702,11.95891]}},{"type":"Feature","properties":{"name":"Shamsuddeen Islamiyya","kind":"school","ownership":"Public","level":"Religious","kind_detail":"Primary","lga":"Gwale","ward":"Dorayi"},"geometry":{"type":"Point","coordinates":[8.4894,11.96501]}},{"type":"Feature","properties":{"name":"Tahfizul Quran","kind":"school","ownership":"Public","level":"Religious","kind_detail":"Primary","lga":"Gwale","ward":"Dorayi"},"geometry":{"type":"Point","coordinates":[8.45736,11.96484]}},{"type":"Feature","properties":{"name":"Tajweedul Quran Dorayi","kind":"school","ownership":"Public","level":"Religious","kind_detail":"Primary","lga":"Gwale","ward":"Dorayi"},"geometry":{"type":"Point","coordinates":[8.47531,11.96456]}},{"type":"Feature","properties":{"name":"Adeela Memorial Science School","kind":"school","ownership":"Private","level":"Formal","kind_detail":"Primary","lga":"Gwale","ward":"Sani Mai Nagge"},"geometry":{"type":"Point","coordinates":[8.49588,11.98361]}},{"type":"Feature","properties":{"name":"Asasul Quran Islamiyya","kind":"school","ownership":"Public","level":"Integrated","kind_detail":"Primary","lga":"Gwale","ward":"Sani Mai Nagge"},"geometry":{"type":"Point","coordinates":[8.4965,11.98209]}},{"type":"Feature","properties":{"name":"Mahmud Islamiyyah","kind":"school","ownership":"Public","level":"Religious","kind_detail":"Primary","lga":"Gwale","ward":"Sani Mai Nagge"},"geometry":{"type":"Point","coordinates":[8.49919,11.9875]}},{"type":"Feature","properties":{"name":"Sunusiyya Islamiyya","kind":"school","ownership":"Public","level":"Religious","kind_detail":"Primary","lga":"Gwale","ward":"Sani Mai Nagge"},"geometry":{"type":"Point","coordinates":[8.50122,11.98504]}},{"type":"Feature","properties":{"name":"Irshadus Sibyan Islamiyya","kind":"school","ownership":"Public","level":"Religious","kind_detail":"Primary","lga":"Gwale","ward":"Dandago"},"geometry":{"type":"Point","coordinates":[8.506,11.99212]}},{"type":"Feature","properties":{"name":"Tahfizul Quran Sudawa","kind":"school","ownership":"Public","level":"Religious","kind_detail":"Primary","lga":"Gwale","ward":"Gyaranya"},"geometry":{"type":"Point","coordinates":[8.50903,11.99685]}},{"type":"Feature","properties":{"name":"Goron Dutse Islamiyya School","kind":"school","ownership":"Public","level":"Integrated","kind_detail":"Primary","lga":"Gwale","ward":"Kabuga"},"geometry":{"type":"Point","coordinates":[8.48377,11.99012]}},{"type":"Feature","properties":{"name":"Jilanniyyah Islamiyya","kind":"school","ownership":"Public","level":"Religious","kind_detail":"Primary","lga":"Gwale","ward":"Kabuga"},"geometry":{"type":"Point","coordinates":[8.48972,11.98326]}},{"type":"Feature","properties":{"name":"Markazu Waja Islamiyya","kind":"school","ownership":"Public","level":"Religious","kind_detail":"Primary","lga":"Gwale","ward":"Kabuga"},"geometry":{"type":"Point","coordinates":[8.49451,12.01396]}},{"type":"Feature","properties":{"name":"Miftahul Khairi Amada Islamiyya","kind":"school","ownership":"Public","level":"Religious","kind_detail":"Primary","lga":"Gwale","ward":"Kabuga"},"geometry":{"type":"Point","coordinates":[8.4993,11.99404]}},{"type":"Feature","properties":{"name":"Saadatuddaraini Islamiyya","kind":"school","ownership":"Public","level":"Religious","kind_detail":"Primary","lga":"Gwale","ward":"Kabuga"},"geometry":{"type":"Point","coordinates":[8.4911,12.01161]}},{"type":"Feature","properties":{"name":"Ta Alimul Quran","kind":"school","ownership":"Public","level":"Religious","kind_detail":"Primary","lga":"Gwale","ward":"Kabuga"},"geometry":{"type":"Point","coordinates":[8.4933,12.01476]}},{"type":"Feature","properties":{"name":"Tahafizul Quran Dan Gwalalo","kind":"school","ownership":"Public","level":"Religious","kind_detail":"Primary","lga":"Gwale","ward":"Kabuga"},"geometry":{"type":"Point","coordinates":[8.48931,11.98576]}},{"type":"Feature","properties":{"name":"Tahfizul Quran Ziayyad","kind":"school","ownership":"Public","level":"Religious","kind_detail":"Primary","lga":"Gwale","ward":"Kabuga"},"geometry":{"type":"Point","coordinates":[8.48772,11.98476]}},{"type":"Feature","properties":{"name":"Mimbaru Islamiyya","kind":"school","ownership":"Public","level":"Religious","kind_detail":"Primary","lga":"Gwale","ward":"Gwale"},"geometry":{"type":"Point","coordinates":[8.51235,11.98295]}},{"type":"Feature","properties":{"name":"Subulussalam Islamiyya","kind":"school","ownership":"Public","level":"Religious","kind_detail":"Primary","lga":"Gwale","ward":"Gwale"},"geometry":{"type":"Point","coordinates":[8.50922,11.98493]}},{"type":"Feature","properties":{"name":"Cibiyar Yada Addininmusulunci","kind":"school","ownership":"Public","level":"Religious","kind_detail":"Primary","lga":"Kano Municipal","ward":"Chedi"},"geometry":{"type":"Point","coordinates":[8.51913,12.00131]}},{"type":"Feature","properties":{"name":"Immam Nuhu","kind":"school","ownership":"Public","level":"Religious","kind_detail":"Primary","lga":"Kano Municipal","ward":"Chedi"},"geometry":{"type":"Point","coordinates":[8.51972,12.00036]}},{"type":"Feature","properties":{"name":"Abdulkarim Magili","kind":"school","ownership":"Public","level":"Religious","kind_detail":"Primary","lga":"Kano Municipal","ward":"Zango"},"geometry":{"type":"Point","coordinates":[8.52037,12.0005]}},{"type":"Feature","properties":{"name":"Mukhtar Islamiya","kind":"school","ownership":"Public","level":"Religious","kind_detail":"Primary","lga":"Kumbotso","ward":"Kumbotso"},"geometry":{"type":"Point","coordinates":[8.50201,11.88865]}},{"type":"Feature","properties":{"name":"Serikin Fulani Islamiya Kumbotso","kind":"school","ownership":"Public","level":"Religious","kind_detail":"Primary","lga":"Kumbotso","ward":"Kumbotso"},"geometry":{"type":"Point","coordinates":[8.50333,11.88864]}},{"type":"Feature","properties":{"name":"Gali Quranic School","kind":"school","ownership":"Public","level":"Integrated","kind_detail":"Primary","lga":"Kumbotso","ward":"Panshekara"},"geometry":{"type":"Point","coordinates":[8.45498,11.89561]}},{"type":"Feature","properties":{"name":"Ishaq Quranic School","kind":"school","ownership":"Public","level":"Religious","kind_detail":"Primary","lga":"Kumbotso","ward":"Panshekara"},"geometry":{"type":"Point","coordinates":[8.45468,11.89545]}},{"type":"Feature","properties":{"name":"Salisu Quranic School","kind":"school","ownership":"Public","level":"Religious","kind_detail":"Primary","lga":"Kumbotso","ward":"Panshekara"},"geometry":{"type":"Point","coordinates":[8.45443,11.89621]}},{"type":"Feature","properties":{"name":"Abdullahi Bin Abbas","kind":"school","ownership":"Public","level":"Religious","kind_detail":"Primary","lga":"Kumbotso","ward":"Garun Gawa"},"geometry":{"type":"Point","coordinates":[8.52222,11.95521]}},{"type":"Feature","properties":{"name":"Anntie Bellos Ever Green","kind":"school","ownership":"Private","level":"Formal","kind_detail":"Primary","lga":"Kumbotso","ward":"Garun Gawa"},"geometry":{"type":"Point","coordinates":[8.53442,11.96186]}},{"type":"Feature","properties":{"name":"Hubbin Nabbiyu Islam","kind":"school","ownership":"Public","level":"Integrated","kind_detail":"Primary","lga":"Kumbotso","ward":"Garun Gawa"},"geometry":{"type":"Point","coordinates":[8.53399,11.96242]}},{"type":"Feature","properties":{"name":"Fatahur Absar Islamiyya","kind":"school","ownership":"Faith Based","level":"Integrated","kind_detail":"Primary","lga":"Kumbotso","ward":"Naibawa"},"geometry":{"type":"Point","coordinates":[8.57045,11.93935]}},{"type":"Feature","properties":{"name":"Mad Nurul Huda Islamiyya","kind":"school","ownership":"Public","level":"Religious","kind_detail":"Primary","lga":"Kumbotso","ward":"Naibawa"},"geometry":{"type":"Point","coordinates":[8.54746,11.92579]}},{"type":"Feature","properties":{"name":"Nuraddeen Islamiyya","kind":"school","ownership":"Public","level":"Religious","kind_detail":"Primary","lga":"Kumbotso","ward":"Naibawa"},"geometry":{"type":"Point","coordinates":[8.54712,11.9312]}},{"type":"Feature","properties":{"name":"Nurul Anwar Islamiyya","kind":"school","ownership":"Public","level":"Religious","kind_detail":"Primary","lga":"Kumbotso","ward":"Naibawa"},"geometry":{"type":"Point","coordinates":[8.55783,11.93233]}},{"type":"Feature","properties":{"name":"Hubbin Nabiyyu Islam","kind":"school","ownership":"Public","level":"Integrated","kind_detail":"Primary","lga":"Kumbotso","ward":"Dan Maliki"},"geometry":{"type":"Point","coordinates":[8.52943,11.9564]}},{"type":"Feature","properties":{"name":"Maahad Sautul Quran","kind":"school","ownership":"Public","level":"Religious","kind_detail":"Primary","lga":"Kumbotso","ward":"Dan Maliki"},"geometry":{"type":"Point","coordinates":[8.53417,11.95556]}},{"type":"Feature","properties":{"name":"Imamu Malik Academic","kind":"school","ownership":"Public","level":"Integrated","kind_detail":"Primary","lga":"Kumbotso","ward":"Chiranchi"},"geometry":{"type":"Point","coordinates":[8.48385,11.96007]}},{"type":"Feature","properties":{"name":"Madarasatul Madawatul Quran","kind":"school","ownership":"Public","level":"Religious","kind_detail":"Primary","lga":"Kumbotso","ward":"Chiranchi"},"geometry":{"type":"Point","coordinates":[8.47298,11.93423]}},{"type":"Feature","properties":{"name":"Sheikh Tijjani Namama Litahfizul Quran","kind":"school","ownership":"Public","level":"Religious","kind_detail":"Primary","lga":"Kumbotso","ward":"Chiranchi"},"geometry":{"type":"Point","coordinates":[8.48668,11.9628]}},{"type":"Feature","properties":{"name":"Maazu Mahmoud Islamiya","kind":"school","ownership":"Public","level":"Religious","kind_detail":"Primary","lga":"Kumbotso","ward":"Mariri"},"geometry":{"type":"Point","coordinates":[8.62222,11.93174]}},{"type":"Feature","properties":{"name":"Mal Abdullahi Tahfizul Quran","kind":"school","ownership":"Public","level":"Religious","kind_detail":"Primary","lga":"Kumbotso","ward":"Mariri"},"geometry":{"type":"Point","coordinates":[8.61507,11.94719]}},{"type":"Feature","properties":{"name":"Nuruk Khairat Islamiya","kind":"school","ownership":"Public","level":"Religious","kind_detail":"Primary","lga":"Kumbotso","ward":"Mariri"},"geometry":{"type":"Point","coordinates":[8.61452,11.94705]}},{"type":"Feature","properties":{"name":"Sabilar Rashad Litahfizul Quran Lslamiya School","kind":"school","ownership":"Public","level":"Religious","kind_detail":"Primary","lga":"Kumbotso","ward":"Mariri"},"geometry":{"type":"Point","coordinates":[8.61624,11.94741]}},{"type":"Feature","properties":{"name":"Sheik Dahiru Usman Bauchi","kind":"school","ownership":"Public","level":"Religious","kind_detail":"Primary","lga":"Kumbotso","ward":"Mariri"},"geometry":{"type":"Point","coordinates":[8.62473,11.93367]}},{"type":"Feature","properties":{"name":"Auladul Jamaa Islamiyya","kind":"school","ownership":"Public","level":"Integrated","kind_detail":"Primary","lga":"Tarauni","ward":"Unguwa Uku Cikin Gari"},"geometry":{"type":"Point","coordinates":[8.56224,11.95929]}},{"type":"Feature","properties":{"name":"Isah Islamiyya","kind":"school","ownership":"Public","level":"Religious","kind_detail":"Primary","lga":"Tarauni","ward":"Unguwa Uku Cikin Gari"},"geometry":{"type":"Point","coordinates":[8.56832,11.95575]}},{"type":"Feature","properties":{"name":"Nana Zainab Islamiyya","kind":"school","ownership":"Public","level":"Religious","kind_detail":"Primary","lga":"Tarauni","ward":"Unguwa Uku Cikin Gari"},"geometry":{"type":"Point","coordinates":[8.56165,11.96031]}},{"type":"Feature","properties":{"name":"Nurudden Islamiyya","kind":"school","ownership":"Public","level":"Religious","kind_detail":"Primary","lga":"Tarauni","ward":"Unguwa Uku Cikin Gari"},"geometry":{"type":"Point","coordinates":[8.56085,11.95954]}},{"type":"Feature","properties":{"name":"Shehu Gidado Islamiyya","kind":"school","ownership":"Public","level":"Religious","kind_detail":"Primary","lga":"Tarauni","ward":"Unguwa Uku Kauyen Alu"},"geometry":{"type":"Point","coordinates":[8.56875,11.95232]}},{"type":"Feature","properties":{"name":"Abdullahi Bn Abbass Islamlyya School","kind":"school","ownership":"Public","level":"Integrated","kind_detail":"Primary","lga":"Tarauni","ward":"Gyadi Gyadi Kudu"},"geometry":{"type":"Point","coordinates":[8.5447,11.96865]}},{"type":"Feature","properties":{"name":"Abubakar Sadiq Islamiyya School","kind":"school","ownership":"Public","level":"Integrated","kind_detail":"Primary","lga":"Tarauni","ward":"Gyadi Gyadi Kudu"},"geometry":{"type":"Point","coordinates":[8.54344,11.97163]}},{"type":"Feature","properties":{"name":"Ibadurrahman Islamiyya","kind":"school","ownership":"Public","level":"Integrated","kind_detail":"Primary","lga":"Tarauni","ward":"Gyadi Gyadi Kudu"},"geometry":{"type":"Point","coordinates":[8.54606,11.96945]}},{"type":"Feature","properties":{"name":"Kundila Primary and Islamiyya School","kind":"school","ownership":"Public","level":"Religious","kind_detail":"Primary","lga":"Tarauni","ward":"Daurawa"},"geometry":{"type":"Point","coordinates":[8.55544,11.96611]}},{"type":"Feature","properties":{"name":"Addaawa Islamiyya","kind":"school","ownership":"Private","level":"Integrated","kind_detail":"Primary","lga":"Tarauni","ward":"Hotoro"},"geometry":{"type":"Point","coordinates":[8.58971,11.96191]}},{"type":"Feature","properties":{"name":"Jibril Darussalam Islamiyya","kind":"school","ownership":"Public","level":"Religious","kind_detail":"Primary","lga":"Tarauni","ward":"Hotoro"},"geometry":{"type":"Point","coordinates":[8.58062,11.96435]}},{"type":"Feature","properties":{"name":"Al Aminat Primary Sch","kind":"school","ownership":"Public","level":"Integrated","kind_detail":"Primary","lga":"Tarauni","ward":"Babban Giji"},"geometry":{"type":"Point","coordinates":[8.53853,11.97124]}},{"type":"Feature","properties":{"name":"Attaawun Islamiyya","kind":"school","ownership":"Public","level":"Integrated","kind_detail":"Primary","lga":"Tarauni","ward":"Gyadi Gyadi Arewa"},"geometry":{"type":"Point","coordinates":[8.54112,11.97499]}},{"type":"Feature","properties":{"name":"Madinatul Ahbab Wattalamiz Islamiyya","kind":"school","ownership":"Public","level":"Religious","kind_detail":"Primary","lga":"Tarauni","ward":"Gyadi Gyadi Arewa"},"geometry":{"type":"Point","coordinates":[8.54265,11.97261]}},{"type":"Feature","properties":{"name":"Aliyu Bn Abi Talib","kind":"school","ownership":"Private","level":"Integrated","kind_detail":"Primary","lga":"Tarauni","ward":"Tarauni"},"geometry":{"type":"Point","coordinates":[8.53905,11.98151]}},{"type":"Feature","properties":{"name":"Raudat Islamiyya","kind":"school","ownership":"Public","level":"Religious","kind_detail":"Primary","lga":"Tarauni","ward":"Tarauni"},"geometry":{"type":"Point","coordinates":[8.55976,11.97657]}},{"type":"Feature","properties":{"name":"Bachirawa Gabas","kind":"school","ownership":"Public","level":"Formal","kind_detail":"Primary","lga":"Ungogo","ward":"Bachirawa"},"geometry":{"type":"Point","coordinates":[8.47198,12.07107]}},{"type":"Feature","properties":{"name":"Assayyada Khadija Wattahafizil Quran Islamiyya","kind":"school","ownership":"Private","level":"Integrated","kind_detail":"Primary","lga":"Nassarawa","ward":"Hotoro South"},"geometry":{"type":"Point","coordinates":[8.58108,11.97134]}},{"type":"Feature","properties":{"name":"Haske International School","kind":"school","ownership":"Private","level":"Formal","kind_detail":"Primary","lga":"Nassarawa","ward":"Hotoro South"},"geometry":{"type":"Point","coordinates":[8.5777,11.97462]}},{"type":"Feature","properties":{"name":"Madarasatul Ummu Littahafizil Quran","kind":"school","ownership":"Public","level":"Religious","kind_detail":"Primary","lga":"Nassarawa","ward":"Hotoro South"},"geometry":{"type":"Point","coordinates":[8.57978,11.96754]}},{"type":"Feature","properties":{"name":"Addaawa Islamic","kind":"school","ownership":"Public","level":"Integrated","kind_detail":"Primary","lga":"Nassarawa","ward":"Giginyu"},"geometry":{"type":"Point","coordinates":[8.56629,12.0026]}},{"type":"Feature","properties":{"name":"Asamu School","kind":"school","ownership":"Private","level":"Formal","kind_detail":"Primary","lga":"Nassarawa","ward":"Giginyu"},"geometry":{"type":"Point","coordinates":[8.56649,11.9802]}},{"type":"Feature","properties":{"name":"Basiratul Islamiyya","kind":"school","ownership":"Private","level":"Religious","kind_detail":"Primary","lga":"Nassarawa","ward":"Giginyu"},"geometry":{"type":"Point","coordinates":[8.57021,11.99942]}},{"type":"Feature","properties":{"name":"Dr Hassan Gwarzo","kind":"school","ownership":"Public","level":"Religious","kind_detail":"Primary","lga":"Nassarawa","ward":"Giginyu"},"geometry":{"type":"Point","coordinates":[8.56288,11.99973]}},{"type":"Feature","properties":{"name":"Giginyu Islamic School","kind":"school","ownership":"Public","level":"Formal","kind_detail":"Primary","lga":"Nassarawa","ward":"Giginyu"},"geometry":{"type":"Point","coordinates":[8.56752,11.98957]}},{"type":"Feature","properties":{"name":"Hidayatul Abadiyya Liltahfizul Quran","kind":"school","ownership":"Public","level":"Integrated","kind_detail":"Primary","lga":"Nassarawa","ward":"Giginyu"},"geometry":{"type":"Point","coordinates":[8.57622,11.97692]}},{"type":"Feature","properties":{"name":"Madarasatul Ibadallahi Litahafizul Quran","kind":"school","ownership":"Public","level":"Religious","kind_detail":"Primary","lga":"Nassarawa","ward":"Giginyu"},"geometry":{"type":"Point","coordinates":[8.56312,11.99647]}},{"type":"Feature","properties":{"name":"Madaratul Abubakar Saddiq Islamiyya","kind":"school","ownership":"Public","level":"Religious","kind_detail":"Primary","lga":"Nassarawa","ward":"Giginyu"},"geometry":{"type":"Point","coordinates":[8.57022,11.98199]}},{"type":"Feature","properties":{"name":"Malam Yusuf Lilfatahuddeen Islamiyya","kind":"school","ownership":"Public","level":"Religious","kind_detail":"Primary","lga":"Nassarawa","ward":"Giginyu"},"geometry":{"type":"Point","coordinates":[8.57687,11.97955]}},{"type":"Feature","properties":{"name":"Nurul Ummah Islamiyya","kind":"school","ownership":"Public","level":"Religious","kind_detail":"Primary","lga":"Nassarawa","ward":"Giginyu"},"geometry":{"type":"Point","coordinates":[8.56517,12.0037]}},{"type":"Feature","properties":{"name":"Rabiu Gambo Islamiya School","kind":"school","ownership":"Public","level":"Religious","kind_detail":"Primary","lga":"Nassarawa","ward":"Giginyu"},"geometry":{"type":"Point","coordinates":[8.54826,12.00023]}},{"type":"Feature","properties":{"name":"Tahfizul Quran","kind":"school","ownership":"Public","level":"Religious","kind_detail":"Primary","lga":"Nassarawa","ward":"Giginyu"},"geometry":{"type":"Point","coordinates":[8.56799,11.98148]}},{"type":"Feature","properties":{"name":"Bustanul Quran Islamiyya","kind":"school","ownership":"Public","level":"Integrated","kind_detail":"Primary","lga":"Nassarawa","ward":"Kawaji"},"geometry":{"type":"Point","coordinates":[8.60656,12.00541]}},{"type":"Feature","properties":{"name":"Harira Islamayya","kind":"school","ownership":"Public","level":"Integrated","kind_detail":"Primary","lga":"Nassarawa","ward":"Kawaji"},"geometry":{"type":"Point","coordinates":[8.59119,12.02123]}},{"type":"Feature","properties":{"name":"Jamaatul Islamiyyah School","kind":"school","ownership":"Public","level":"Religious","kind_detail":"Primary","lga":"Nassarawa","ward":"Kawaji"},"geometry":{"type":"Point","coordinates":[8.58224,12.01381]}},{"type":"Feature","properties":{"name":"Naibiyya Islamiyya School","kind":"school","ownership":"Public","level":"Religious","kind_detail":"Primary","lga":"Nassarawa","ward":"Kawaji"},"geometry":{"type":"Point","coordinates":[8.58302,12.00615]}},{"type":"Feature","properties":{"name":"Nourroda Islamiyya","kind":"school","ownership":"Public","level":"Religious","kind_detail":"Primary","lga":"Nassarawa","ward":"Kawaji"},"geometry":{"type":"Point","coordinates":[8.60636,12.00779]}},{"type":"Feature","properties":{"name":"Saudat Islamiyya School","kind":"school","ownership":"Public","level":"Religious","kind_detail":"Primary","lga":"Nassarawa","ward":"Kawaji"},"geometry":{"type":"Point","coordinates":[8.58129,12.00779]}},{"type":"Feature","properties":{"name":"Sakafatul Gilma Islamiya","kind":"school","ownership":"Public","level":"Religious","kind_detail":"Primary","lga":"Nassarawa","ward":"Tudun Wada"},"geometry":{"type":"Point","coordinates":[8.55767,12.02565]}},{"type":"Feature","properties":{"name":"Amina Islamiyya","kind":"school","ownership":"Private","level":"Integrated","kind_detail":"Primary","lga":"Nassarawa","ward":"Gawuna"},"geometry":{"type":"Point","coordinates":[8.55114,12.02724]}},{"type":"Feature","properties":{"name":"Hali Quran School","kind":"school","ownership":"Private","level":"Integrated","kind_detail":"Primary","lga":"Nassarawa","ward":"Gawuna"},"geometry":{"type":"Point","coordinates":[8.54746,12.02834]}},{"type":"Feature","properties":{"name":"Nurul Huda Islamiyya","kind":"school","ownership":"Public","level":"Religious","kind_detail":"Primary","lga":"Nassarawa","ward":"Gawuna"},"geometry":{"type":"Point","coordinates":[8.55843,12.03059]}},{"type":"Feature","properties":{"name":"Imam Malik Islamiyya School","kind":"school","ownership":"Private","level":"Integrated","kind_detail":"Primary","lga":"Nassarawa","ward":"Gwagwarwa"},"geometry":{"type":"Point","coordinates":[8.54445,12.02772]}},{"type":"Feature","properties":{"name":"Itkanu Islamiya","kind":"school","ownership":"Public","level":"Religious","kind_detail":"Primary","lga":"Nassarawa","ward":"Gwagwarwa"},"geometry":{"type":"Point","coordinates":[8.54578,12.03444]}},{"type":"Feature","properties":{"name":"Mukaddami Islamiyya School","kind":"school","ownership":"Public","level":"Religious","kind_detail":"Primary","lga":"Nassarawa","ward":"Gwagwarwa"},"geometry":{"type":"Point","coordinates":[8.54327,12.02672]}},{"type":"Feature","properties":{"name":"Al Islah Education Center","kind":"school","ownership":"Private","level":"Integrated","kind_detail":"Primary","lga":"Nassarawa","ward":"Dakata"},"geometry":{"type":"Point","coordinates":[8.5805,12.01661]}},{"type":"Feature","properties":{"name":"Dan Amu Islamiya","kind":"school","ownership":"Public","level":"Integrated","kind_detail":"Primary","lga":"Nassarawa","ward":"Kaura Goje"},"geometry":{"type":"Point","coordinates":[8.54832,12.03846]}},{"type":"Feature","properties":{"name":"Dan Fodiyo Islamiyya","kind":"school","ownership":"Public","level":"Integrated","kind_detail":"Primary","lga":"Nassarawa","ward":"Kaura Goje"},"geometry":{"type":"Point","coordinates":[8.54242,12.03954]}},{"type":"Feature","properties":{"name":"Gwani Ashhab","kind":"school","ownership":"Public","level":"Integrated","kind_detail":"Primary","lga":"Nassarawa","ward":"Kaura Goje"},"geometry":{"type":"Point","coordinates":[8.55096,12.04262]}},{"type":"Feature","properties":{"name":"Hidayatul Aulad Islamiyya","kind":"school","ownership":"Public","level":"Integrated","kind_detail":"Primary","lga":"Nassarawa","ward":"Kaura Goje"},"geometry":{"type":"Point","coordinates":[8.55257,12.04297]}},{"type":"Feature","properties":{"name":"Madarasatul Quran","kind":"school","ownership":"Public","level":"Religious","kind_detail":"Primary","lga":"Nassarawa","ward":"Kaura Goje"},"geometry":{"type":"Point","coordinates":[8.55019,12.04611]}},{"type":"Feature","properties":{"name":"Mallan Nuhu Islamiyya Primary","kind":"school","ownership":"Public","level":"Religious","kind_detail":"Primary","lga":"Nassarawa","ward":"Kaura Goje"},"geometry":{"type":"Point","coordinates":[8.54526,12.03673]}},{"type":"Feature","properties":{"name":"Minhajjuddin Islamiyya","kind":"school","ownership":"Public","level":"Religious","kind_detail":"Primary","lga":"Nassarawa","ward":"Kaura Goje"},"geometry":{"type":"Point","coordinates":[8.54434,12.03504]}},{"type":"Feature","properties":{"name":"Barden Boko","kind":"school","ownership":"Public","level":"Integrated","kind_detail":"Primary","lga":"Nassarawa","ward":"Tudun Murtala"},"geometry":{"type":"Point","coordinates":[8.56787,12.03697]}},{"type":"Feature","properties":{"name":"Adafalul Muslim Islamiyya Primary","kind":"school","ownership":"Public","level":"Religious","kind_detail":"Primary","lga":"Nassarawa","ward":"Gama"},"geometry":{"type":"Point","coordinates":[8.54995,12.03418]}},{"type":"Feature","properties":{"name":"Iklasul Ilmi Primary","kind":"school","ownership":"Public","level":"Religious","kind_detail":"Primary","lga":"Nassarawa","ward":"Gama"},"geometry":{"type":"Point","coordinates":[8.555,12.03598]}},{"type":"Feature","properties":{"name":"Madarasayul Qudus Islamiyya","kind":"school","ownership":"Public","level":"Religious","kind_detail":"Primary","lga":"Nassarawa","ward":"Gama"},"geometry":{"type":"Point","coordinates":[8.55672,12.03056]}},{"type":"Feature","properties":{"name":"Madinatul Quran Primary","kind":"school","ownership":"Public","level":"Religious","kind_detail":"Primary","lga":"Nassarawa","ward":"Gama"},"geometry":{"type":"Point","coordinates":[8.54844,12.02992]}},{"type":"Feature","properties":{"name":"Tahfizul Quran Suntulma Primary","kind":"school","ownership":"Public","level":"Religious","kind_detail":"Primary","lga":"Nassarawa","ward":"Gama"},"geometry":{"type":"Point","coordinates":[8.55411,12.03412]}},{"type":"Feature","properties":{"name":"Darussalafiyyah Islamiyya School","kind":"school","ownership":"Public","level":"Integrated","kind_detail":"Primary","lga":"Fagge","ward":"Rijiyar Lemo"},"geometry":{"type":"Point","coordinates":[8.48357,12.04498]}},{"type":"Feature","properties":{"name":"Khadija Titi Islamiyyah","kind":"school","ownership":"Public","level":"Religious","kind_detail":"Primary","lga":"Fagge","ward":"Rijiyar Lemo"},"geometry":{"type":"Point","coordinates":[8.48618,12.04454]}},{"type":"Feature","properties":{"name":"Abubakar Saddiq","kind":"school","ownership":"Public","level":"Integrated","kind_detail":"Primary","lga":"Nassarawa","ward":"Hotoro North"},"geometry":{"type":"Point","coordinates":[8.56549,11.99489]}},{"type":"Feature","properties":{"name":"Sautul Kuan Islamiyya","kind":"school","ownership":"Public","level":"Religious","kind_detail":"Primary","lga":"Nassarawa","ward":"Hotoro North"},"geometry":{"type":"Point","coordinates":[8.5832,11.97773]}},{"type":"Feature","properties":{"name":"Thaqafa Islamiyya","kind":"school","ownership":"Public","level":"Religious","kind_detail":"Primary","lga":"Fagge","ward":"Fagge D1"},"geometry":{"type":"Point","coordinates":[8.5267,12.00836]}},{"type":"Feature","properties":{"name":"Thimarul Quran","kind":"school","ownership":"Public","level":"Religious","kind_detail":"Primary","lga":"Fagge","ward":"Sabon Gari West"},"geometry":{"type":"Point","coordinates":[8.52776,12.01319]}},{"type":"Feature","properties":{"name":"Zakariyya Islamiyya","kind":"school","ownership":"Public","level":"Religious","kind_detail":"Primary","lga":"Gwale","ward":"Galadanchi"},"geometry":{"type":"Point","coordinates":[8.51319,11.98841]}},{"type":"Feature","properties":{"name":"Madinatul Ahbab Wattalamiz Islamiyya","kind":"school","ownership":"Public","level":"Religious","kind_detail":"Primary","lga":"Gwale","ward":"Kabuga"},"geometry":{"type":"Point","coordinates":[8.49452,12.00832]}},{"type":"Feature","properties":{"name":"Nana Aisha Islamiyya","kind":"school","ownership":"Public","level":"Religious","kind_detail":"Primary","lga":"Gwale","ward":"Kabuga"},"geometry":{"type":"Point","coordinates":[8.47409,11.99494]}},{"type":"Feature","properties":{"name":"Ulumul Quran Islamic School","kind":"school","ownership":"Public","level":"Religious","kind_detail":"Primary","lga":"Kumbotso","ward":"Garun Gawa"},"geometry":{"type":"Point","coordinates":[8.52714,11.95818]}},{"type":"Feature","properties":{"name":"Ulumuddin Primary Islamiyya Naibawa","kind":"school","ownership":"Public","level":"Religious","kind_detail":"Primary","lga":"Kumbotso","ward":"Naibawa"},"geometry":{"type":"Point","coordinates":[8.56163,11.93187]}},{"type":"Feature","properties":{"name":"Ummariyyah Islamiyyah","kind":"school","ownership":"Public","level":"Religious","kind_detail":"Primary","lga":"Kumbotso","ward":"Dan Maliki"},"geometry":{"type":"Point","coordinates":[8.53108,11.95138]}},{"type":"Feature","properties":{"name":"Usman Bin Affan Islamiya School","kind":"school","ownership":"Public","level":"Religious","kind_detail":"Primary","lga":"Kumbotso","ward":"Dan Maliki"},"geometry":{"type":"Point","coordinates":[8.52718,11.95385]}},{"type":"Feature","properties":{"name":"Ummussalama Islamiyya","kind":"school","ownership":"Public","level":"Religious","kind_detail":"Primary","lga":"Tarauni","ward":"Unguwa Uku Cikin Gari"},"geometry":{"type":"Point","coordinates":[8.56525,11.95666]}},{"type":"Feature","properties":{"name":"Imam Malik Islamiyya","kind":"school","ownership":"Public","level":"Religious","kind_detail":"Primary","lga":"Tarauni","ward":"Daurawa"},"geometry":{"type":"Point","coordinates":[8.55779,11.97066]}},{"type":"Feature","properties":{"name":"Zangina Islamiyya","kind":"school","ownership":"Public","level":"Religious","kind_detail":"Primary","lga":"Nassarawa","ward":"Hotoro South"},"geometry":{"type":"Point","coordinates":[8.59191,11.96691]}},{"type":"Feature","properties":{"name":"Usmaniyya Islamiyya Kawo","kind":"school","ownership":"Public","level":"Religious","kind_detail":"Primary","lga":"Nassarawa","ward":"Giginyu"},"geometry":{"type":"Point","coordinates":[8.56997,11.98116]}},{"type":"Feature","properties":{"name":"Ummu Salma Islamiya Police Barack","kind":"school","ownership":"Public","level":"Religious","kind_detail":"Primary","lga":"Nassarawa","ward":"Tudun Wada"},"geometry":{"type":"Point","coordinates":[8.55535,12.01756]}},{"type":"Feature","properties":{"name":"Zam Zam Islamiyya School","kind":"school","ownership":"Public","level":"Religious","kind_detail":"Primary","lga":"Nassarawa","ward":"Gwagwarwa"},"geometry":{"type":"Point","coordinates":[8.54322,12.02863]}},{"type":"Feature","properties":{"name":"Ulumul Quran Primary","kind":"school","ownership":"Public","level":"Religious","kind_detail":"Primary","lga":"Nassarawa","ward":"Gama"},"geometry":{"type":"Point","coordinates":[8.55421,12.03522]}},{"type":"Feature","properties":{"name":"Ummah Salama Islamiyya","kind":"school","ownership":"Public","level":"Religious","kind_detail":"Primary","lga":"Nassarawa","ward":"Hotoro North"},"geometry":{"type":"Point","coordinates":[8.57621,11.97599]}},{"type":"Feature","properties":{"name":"Abdullahi Islamiyya","kind":"school","ownership":"Faith Based","level":"Religious","kind_detail":"Others","lga":"Tarauni","ward":"Tarauni"},"geometry":{"type":"Point","coordinates":[8.56171,11.97864]}},{"type":"Feature","properties":{"name":"Abdullahi Aliyu Inuwa Islamiyya","kind":"school","ownership":"Faith Based","level":"Religious","kind_detail":"Others","lga":"Nassarawa","ward":"Giginyu"},"geometry":{"type":"Point","coordinates":[8.57259,11.98251]}},{"type":"Feature","properties":{"name":"Idirisiyya Islamiyya","kind":"school","ownership":"Faith Based","level":"Religious","kind_detail":"Others","lga":"Nassarawa","ward":"Giginyu"},"geometry":{"type":"Point","coordinates":[8.57482,11.97684]}},{"type":"Feature","properties":{"name":"Sheikh Mauwal","kind":"school","ownership":"Public","level":"Formal","kind_detail":"Primary","lga":"Gwale","ward":"Galadanchi"},"geometry":{"type":"Point","coordinates":[8.50894,11.98868]}},{"type":"Feature","properties":{"name":"Abdullahi Bin Abba Littahafizul Quran Islamiyyah","kind":"school","ownership":"Public","level":"Integrated","kind_detail":"Primary","lga":"Gwale","ward":"Sani Mai Nagge"},"geometry":{"type":"Point","coordinates":[8.5003,11.98922]}},{"type":"Feature","properties":{"name":"Aliyu Bn Shaaib","kind":"school","ownership":"Public","level":"Religious","kind_detail":"Others","lga":"Kumbotso","ward":"Mariri"},"geometry":{"type":"Point","coordinates":[8.6125,11.95131]}},{"type":"Feature","properties":{"name":"Farawa Legislative","kind":"school","ownership":"Public","level":"Religious","kind_detail":"Others","lga":"Kumbotso","ward":"Mariri"},"geometry":{"type":"Point","coordinates":[8.6023,11.95455]}},{"type":"Feature","properties":{"name":"Baba Yaro","kind":"school","ownership":"Public","level":"Formal","kind_detail":"Primary","lga":"Tarauni","ward":"Babban Giji"},"geometry":{"type":"Point","coordinates":[8.53402,11.97031]}},{"type":"Feature","properties":{"name":"Ihyau Sunnah","kind":"school","ownership":"Public","level":"Formal","kind_detail":"Primary","lga":"Nassarawa","ward":"Tudun Wada"},"geometry":{"type":"Point","coordinates":[8.55579,12.0248]}},{"type":"Feature","properties":{"name":"Nurul Islam","kind":"school","ownership":"Public","level":"Formal","kind_detail":"Primary","lga":"Nassarawa","ward":"Gawuna"},"geometry":{"type":"Point","coordinates":[8.5496,12.02705]}},{"type":"Feature","properties":{"name":"Hayatuddeen Quran Islamiyya","kind":"school","ownership":"Public","level":"Religious","kind_detail":"Primary","lga":"Fagge","ward":"Fagge D1"},"geometry":{"type":"Point","coordinates":[8.52797,12.01015]}},{"type":"Feature","properties":{"name":"Ansarul Islam","kind":"school","ownership":"Public","level":"Religious","kind_detail":"Others","lga":"Fagge","ward":"Sabon Gari East"},"geometry":{"type":"Point","coordinates":[8.5383,12.0184]}},{"type":"Feature","properties":{"name":"Darul Hijrah","kind":"school","ownership":"Public","level":"Religious","kind_detail":"Others","lga":"Fagge","ward":"Sabon Gari East"},"geometry":{"type":"Point","coordinates":[8.54225,12.02049]}},{"type":"Feature","properties":{"name":"Suils Special Prmary School","kind":"school","ownership":"Public","level":"Formal","kind_detail":"Primary","lga":"Fagge","ward":"Sabon Gari East"},"geometry":{"type":"Point","coordinates":[8.54081,12.02575]}},{"type":"Feature","properties":{"name":"Ittikanul Quran Islamiyyah","kind":"school","ownership":"Public","level":"Religious","kind_detail":"Primary","lga":"Fagge","ward":"Fagge D2"},"geometry":{"type":"Point","coordinates":[8.52352,12.02616]}},{"type":"Feature","properties":{"name":"Saratu Islamic School","kind":"school","ownership":"Public","level":"Formal","kind_detail":"Primary","lga":"Fagge","ward":"Sabon Gari West"},"geometry":{"type":"Point","coordinates":[8.53146,12.01321]}},{"type":"Feature","properties":{"name":"Abdurrahman Bin Auf Islamiyya School","kind":"school","ownership":"Public","level":"Integrated","kind_detail":"Primary","lga":"Fagge","ward":"Kwachiri"},"geometry":{"type":"Point","coordinates":[8.49506,12.04403]}},{"type":"Feature","properties":{"name":"Bukavu Islamic School","kind":"school","ownership":"Public","level":"Religious","kind_detail":"Others","lga":"Fagge","ward":"Kwachiri"},"geometry":{"type":"Point","coordinates":[8.50469,12.03261]}},{"type":"Feature","properties":{"name":"Danlami Ibrahim Islamiyya Tsamiya","kind":"school","ownership":"Public","level":"Integrated","kind_detail":"Primary","lga":"Dala","ward":"Bakin Ruwa"},"geometry":{"type":"Point","coordinates":[8.50172,11.99666]}},{"type":"Feature","properties":{"name":"Sheikh Mallan Inuwa Dan Baffa Lungun Malamai Madabo","kind":"school","ownership":"Public","level":"Formal","kind_detail":"Primary","lga":"Dala","ward":"Kantudu"},"geometry":{"type":"Point","coordinates":[8.50919,12.00825]}},{"type":"Feature","properties":{"name":"Queen Amina Group Of Schools","kind":"school","ownership":"Public","level":"Formal","kind_detail":"Primary","lga":"Dala","ward":"Kabuwaya"},"geometry":{"type":"Point","coordinates":[8.50542,12.0123]}},{"type":"Feature","properties":{"name":"Garbati Islamiyyah School","kind":"school","ownership":"Public","level":"Integrated","kind_detail":"Primary","lga":"Dala","ward":"Kofar Mazugal"},"geometry":{"type":"Point","coordinates":[8.51456,12.01125]}},{"type":"Feature","properties":{"name":"Layin AGM Nursery and Primary","kind":"school","ownership":"Public","level":"Formal","kind_detail":"Primary","lga":"Dala","ward":"Kofar Ruwa"},"geometry":{"type":"Point","coordinates":[8.4903,12.02425]}},{"type":"Feature","properties":{"name":"Layin Zaliha Nursary and Primary","kind":"school","ownership":"Public","level":"Formal","kind_detail":"Primary","lga":"Dala","ward":"Kofar Ruwa"},"geometry":{"type":"Point","coordinates":[8.49616,12.02232]}},{"type":"Feature","properties":{"name":"Ali Usman Tahfizul Quran Islamiyya School","kind":"school","ownership":"Public","level":"Religious","kind_detail":"Others","lga":"Dala","ward":"Gobirawa"},"geometry":{"type":"Point","coordinates":[8.47121,12.0479]}},{"type":"Feature","properties":{"name":"Layin Azim Nursery","kind":"school","ownership":"Public","level":"Formal","kind_detail":"Primary","lga":"Dala","ward":"Gobirawa"},"geometry":{"type":"Point","coordinates":[8.47821,12.04398]}},{"type":"Feature","properties":{"name":"Saqafatuddeen Islamic School","kind":"school","ownership":"Public","level":"Formal","kind_detail":"Primary","lga":"Dala","ward":"Gobirawa"},"geometry":{"type":"Point","coordinates":[8.47666,12.05092]}},{"type":"Feature","properties":{"name":"Abdullahi Bn Umar","kind":"school","ownership":"Public","level":"Religious","kind_detail":"Others","lga":"Gwale","ward":"Dorayi"},"geometry":{"type":"Point","coordinates":[8.47319,11.97185]}},{"type":"Feature","properties":{"name":"Ahamad Muhammad","kind":"school","ownership":"Public","level":"Religious","kind_detail":"Others","lga":"Gwale","ward":"Dorayi"},"geometry":{"type":"Point","coordinates":[8.48444,11.93926]}},{"type":"Feature","properties":{"name":"Alkibla Model","kind":"school","ownership":"Public","level":"Religious","kind_detail":"Others","lga":"Gwale","ward":"Dorayi"},"geometry":{"type":"Point","coordinates":[8.47344,11.95509]}},{"type":"Feature","properties":{"name":"Asahabul Kahfi","kind":"school","ownership":"Public","level":"Religious","kind_detail":"Others","lga":"Gwale","ward":"Dorayi"},"geometry":{"type":"Point","coordinates":[8.49377,11.96647]}},{"type":"Feature","properties":{"name":"Darul Hijra","kind":"school","ownership":"Public","level":"Religious","kind_detail":"Others","lga":"Gwale","ward":"Dorayi"},"geometry":{"type":"Point","coordinates":[8.47957,11.96622]}},{"type":"Feature","properties":{"name":"Haj Daado Sani","kind":"school","ownership":"Public","level":"Religious","kind_detail":"Others","lga":"Gwale","ward":"Dorayi"},"geometry":{"type":"Point","coordinates":[8.45885,11.9617]}},{"type":"Feature","properties":{"name":"Hubbun Nabiyy","kind":"school","ownership":"Public","level":"Religious","kind_detail":"Others","lga":"Gwale","ward":"Dorayi"},"geometry":{"type":"Point","coordinates":[8.47583,11.95867]}},{"type":"Feature","properties":{"name":"Illauddeen Islamiyya","kind":"school","ownership":"Public","level":"Religious","kind_detail":"Others","lga":"Gwale","ward":"Dorayi"},"geometry":{"type":"Point","coordinates":[8.45524,11.96846]}},{"type":"Feature","properties":{"name":"Irshadul Umma","kind":"school","ownership":"Public","level":"Formal","kind_detail":"Primary","lga":"Gwale","ward":"Dorayi"},"geometry":{"type":"Point","coordinates":[8.46769,11.96526]}},{"type":"Feature","properties":{"name":"Khuddamun Nabiyy","kind":"school","ownership":"Public","level":"Formal","kind_detail":"Primary","lga":"Gwale","ward":"Dorayi"},"geometry":{"type":"Point","coordinates":[8.46558,11.96861]}},{"type":"Feature","properties":{"name":"MSA Harazumi","kind":"school","ownership":"Public","level":"Formal","kind_detail":"Primary","lga":"Gwale","ward":"Dorayi"},"geometry":{"type":"Point","coordinates":[8.48791,11.96749]}},{"type":"Feature","properties":{"name":"Musaadatul Adfal","kind":"school","ownership":"Public","level":"Formal","kind_detail":"Primary","lga":"Gwale","ward":"Dorayi"},"geometry":{"type":"Point","coordinates":[8.48502,11.95576]}},{"type":"Feature","properties":{"name":"Reading Academy","kind":"school","ownership":"Public","level":"Formal","kind_detail":"Primary","lga":"Gwale","ward":"Dorayi"},"geometry":{"type":"Point","coordinates":[8.47458,11.96416]}},{"type":"Feature","properties":{"name":"Ado Bayero School Complex","kind":"school","ownership":"Public","level":"Integrated","kind_detail":"Primary","lga":"Kano Municipal","ward":"Tudun Wazurchi"},"geometry":{"type":"Point","coordinates":[8.51763,11.98425]}},{"type":"Feature","properties":{"name":"Sheikh Salisu Isllamic School","kind":"school","ownership":"Public","level":"Formal","kind_detail":"Primary","lga":"Gwale","ward":"Kabuga"},"geometry":{"type":"Point","coordinates":[8.495,12.00979]}},{"type":"Feature","properties":{"name":"Hidayatul Hausawa","kind":"school","ownership":"Public","level":"Religious","kind_detail":"Others","lga":"Gwale","ward":"Galadanchi"},"geometry":{"type":"Point","coordinates":[8.51002,11.98916]}},{"type":"Feature","properties":{"name":"Bako Maishinku Islamiyyah School","kind":"school","ownership":"Public","level":"Integrated","kind_detail":"Primary","lga":"Gwale","ward":"Sani Mai Nagge"},"geometry":{"type":"Point","coordinates":[8.49597,11.98849]}},{"type":"Feature","properties":{"name":"Khadija Nasiha","kind":"school","ownership":"Public","level":"Formal","kind_detail":"Primary","lga":"Gwale","ward":"Sani Mai Nagge"},"geometry":{"type":"Point","coordinates":[8.50354,11.99124]}},{"type":"Feature","properties":{"name":"Maahad Khalid","kind":"school","ownership":"Public","level":"Formal","kind_detail":"Primary","lga":"Gwale","ward":"Sani Mai Nagge"},"geometry":{"type":"Point","coordinates":[8.49738,11.98555]}},{"type":"Feature","properties":{"name":"Alhliyya Islamiyya Primary Sch","kind":"school","ownership":"Public","level":"Integrated","kind_detail":"Primary","lga":"Gwale","ward":"Dandago"},"geometry":{"type":"Point","coordinates":[8.50419,11.9936]}},{"type":"Feature","properties":{"name":"Anwarul Hidaya","kind":"school","ownership":"Public","level":"Religious","kind_detail":"Others","lga":"Gwale","ward":"Dandago"},"geometry":{"type":"Point","coordinates":[8.50617,11.99346]}},{"type":"Feature","properties":{"name":"Gwadabe Mai Tasa","kind":"school","ownership":"Public","level":"Religious","kind_detail":"Others","lga":"Gwale","ward":"Dandago"},"geometry":{"type":"Point","coordinates":[8.50847,11.9938]}},{"type":"Feature","properties":{"name":"Taalimul Quran Islamiyyah Dandago","kind":"school","ownership":"Public","level":"Religious","kind_detail":"Primary","lga":"Gwale","ward":"Dandago"},"geometry":{"type":"Point","coordinates":[8.51029,11.9918]}},{"type":"Feature","properties":{"name":"Kabiru Musa Gyaranya","kind":"school","ownership":"Public","level":"Formal","kind_detail":"Primary","lga":"Gwale","ward":"Gyaranya"},"geometry":{"type":"Point","coordinates":[8.50701,11.99765]}},{"type":"Feature","properties":{"name":"Abubakar Sadiq Islamiyya","kind":"school","ownership":"Public","level":"Integrated","kind_detail":"Primary","lga":"Gwale","ward":"Kabuga"},"geometry":{"type":"Point","coordinates":[8.48439,11.98154]}},{"type":"Feature","properties":{"name":"Baban Gwaggo Islamiyya","kind":"school","ownership":"Public","level":"Religious","kind_detail":"Others","lga":"Gwale","ward":"Kabuga"},"geometry":{"type":"Point","coordinates":[8.49624,12.01204]}},{"type":"Feature","properties":{"name":"Buhari Islamiyya School","kind":"school","ownership":"Public","level":"Integrated","kind_detail":"Primary","lga":"Gwale","ward":"Kabuga"},"geometry":{"type":"Point","coordinates":[8.49416,11.99673]}},{"type":"Feature","properties":{"name":"Duka Wuya Science Model","kind":"school","ownership":"Public","level":"Formal","kind_detail":"Primary","lga":"Gwale","ward":"Kabuga"},"geometry":{"type":"Point","coordinates":[8.48803,11.98186]}},{"type":"Feature","properties":{"name":"Nakowa International School","kind":"school","ownership":"Public","level":"Formal","kind_detail":"Primary","lga":"Gwale","ward":"Kabuga"},"geometry":{"type":"Point","coordinates":[8.47623,11.98529]}},{"type":"Feature","properties":{"name":"Prison Staff School","kind":"school","ownership":"Public","level":"Formal","kind_detail":"Primary","lga":"Gwale","ward":"Kabuga"},"geometry":{"type":"Point","coordinates":[8.49314,11.9985]}},{"type":"Feature","properties":{"name":"Sheikh Sani Kafinga","kind":"school","ownership":"Public","level":"Formal","kind_detail":"Primary","lga":"Gwale","ward":"Kabuga"},"geometry":{"type":"Point","coordinates":[8.49052,11.99103]}},{"type":"Feature","properties":{"name":"Jama Atu Gwale Islm","kind":"school","ownership":"Public","level":"Formal","kind_detail":"Primary","lga":"Gwale","ward":"Gwale"},"geometry":{"type":"Point","coordinates":[8.50552,11.98753]}},{"type":"Feature","properties":{"name":"Layin Iqraa Nursery","kind":"school","ownership":"Public","level":"Formal","kind_detail":"Primary","lga":"Kano Municipal","ward":"Sharada"},"geometry":{"type":"Point","coordinates":[8.50491,11.96694]}},{"type":"Feature","properties":{"name":"Layin Star Nursery","kind":"school","ownership":"Public","level":"Formal","kind_detail":"Primary","lga":"Kano Municipal","ward":"Sharada"},"geometry":{"type":"Point","coordinates":[8.51056,11.97059]}},{"type":"Feature","properties":{"name":"Izatu Islam","kind":"school","ownership":"Public","level":"Formal","kind_detail":"Primary","lga":"Kano Municipal","ward":"Shahuchi"},"geometry":{"type":"Point","coordinates":[8.51976,12.00499]}},{"type":"Feature","properties":{"name":"Masallaci Nat Model Adult Eduvation Center","kind":"school","ownership":"Public","level":"Formal","kind_detail":"Primary","lga":"Kano Municipal","ward":"Shahuchi"},"geometry":{"type":"Point","coordinates":[8.51976,11.99727]}},{"type":"Feature","properties":{"name":"Kumbotso Nomadic School","kind":"school","ownership":"Public","level":"Formal","kind_detail":"Primary","lga":"Kumbotso","ward":"Kumbotso"},"geometry":{"type":"Point","coordinates":[8.50563,11.88879]}},{"type":"Feature","properties":{"name":"Kumbotso Quoranic School","kind":"school","ownership":"Public","level":"Formal","kind_detail":"Primary","lga":"Kumbotso","ward":"Kumbotso"},"geometry":{"type":"Point","coordinates":[8.49968,11.89065]}},{"type":"Feature","properties":{"name":"Peaks Academy School","kind":"school","ownership":"Public","level":"Formal","kind_detail":"Primary","lga":"Kumbotso","ward":"Kumbotso"},"geometry":{"type":"Point","coordinates":[8.5022,11.89225]}},{"type":"Feature","properties":{"name":"Liman Abdurrahman","kind":"school","ownership":"Public","level":"Formal","kind_detail":"Primary","lga":"Kumbotso","ward":"Unguwar Rimi"},"geometry":{"type":"Point","coordinates":[8.5517,11.9028]}},{"type":"Feature","properties":{"name":"Gida Dubu Normadic","kind":"school","ownership":"Public","level":"Religious","kind_detail":"Others","lga":"Kumbotso","ward":"Panshekara"},"geometry":{"type":"Point","coordinates":[8.46255,11.92383]}},{"type":"Feature","properties":{"name":"Irshadul Islam","kind":"school","ownership":"Public","level":"Formal","kind_detail":"Primary","lga":"Kumbotso","ward":"Panshekara"},"geometry":{"type":"Point","coordinates":[8.48698,11.8873]}},{"type":"Feature","properties":{"name":"Police Children School Challawa","kind":"school","ownership":"Public","level":"Formal","kind_detail":"Primary","lga":"Kumbotso","ward":"Panshekara"},"geometry":{"type":"Point","coordinates":[8.46362,11.90103]}},{"type":"Feature","properties":{"name":"Abbas Khalifa Islamic School","kind":"school","ownership":"Public","level":"Integrated","kind_detail":"Primary","lga":"Kumbotso","ward":"Garun Gawa"},"geometry":{"type":"Point","coordinates":[8.5334,11.95766]}},{"type":"Feature","properties":{"name":"Hayatul Islam Isalamiya Primary","kind":"school","ownership":"Public","level":"Religious","kind_detail":"Primary","lga":"Kumbotso","ward":"Garun Gawa"},"geometry":{"type":"Point","coordinates":[8.52211,11.92772]}},{"type":"Feature","properties":{"name":"Kureken Wailari Nomadic","kind":"school","ownership":"Public","level":"Formal","kind_detail":"Primary","lga":"Kumbotso","ward":"Naibawa"},"geometry":{"type":"Point","coordinates":[8.53865,11.91635]}},{"type":"Feature","properties":{"name":"Rimin Hamza","kind":"school","ownership":"Public","level":"Formal","kind_detail":"Primary","lga":"Kumbotso","ward":"Naibawa"},"geometry":{"type":"Point","coordinates":[8.53558,11.93423]}},{"type":"Feature","properties":{"name":"Nafhatul Rahman Isla","kind":"school","ownership":"Public","level":"Formal","kind_detail":"Primary","lga":"Kumbotso","ward":"Kureken Sani"},"geometry":{"type":"Point","coordinates":[8.59916,11.92581]}},{"type":"Feature","properties":{"name":"Ansaruddeen Islamic School","kind":"school","ownership":"Public","level":"Integrated","kind_detail":"Primary","lga":"Kumbotso","ward":"Dan Maliki"},"geometry":{"type":"Point","coordinates":[8.52638,11.95103]}},{"type":"Feature","properties":{"name":"Eaglets Acadamy","kind":"school","ownership":"Public","level":"Formal","kind_detail":"Primary","lga":"Kumbotso","ward":"Dan Maliki"},"geometry":{"type":"Point","coordinates":[8.53161,11.95253]}},{"type":"Feature","properties":{"name":"Guided Islamic School","kind":"school","ownership":"Public","level":"Religious","kind_detail":"Others","lga":"Kumbotso","ward":"Dan Maliki"},"geometry":{"type":"Point","coordinates":[8.53005,11.95671]}},{"type":"Feature","properties":{"name":"Imamu Musa Mai Tafsiri Islamic School","kind":"school","ownership":"Public","level":"Integrated","kind_detail":"Primary","lga":"Kumbotso","ward":"Dan Maliki"},"geometry":{"type":"Point","coordinates":[8.53556,11.94866]}},{"type":"Feature","properties":{"name":"Jazaul Khairi","kind":"school","ownership":"Public","level":"Formal","kind_detail":"Primary","lga":"Kumbotso","ward":"Dan Maliki"},"geometry":{"type":"Point","coordinates":[8.52814,11.95296]}},{"type":"Feature","properties":{"name":"Mad Nurul Islam","kind":"school","ownership":"Public","level":"Formal","kind_detail":"Primary","lga":"Kumbotso","ward":"Dan Maliki"},"geometry":{"type":"Point","coordinates":[8.52864,11.95589]}},{"type":"Feature","properties":{"name":"Madarasatul Tarbiyyatul Ummahatul Muminin","kind":"school","ownership":"Public","level":"Formal","kind_detail":"Primary","lga":"Kumbotso","ward":"Dan Maliki"},"geometry":{"type":"Point","coordinates":[8.53302,11.95665]}},{"type":"Feature","properties":{"name":"Malam Maimari Islamic School","kind":"school","ownership":"Public","level":"Formal","kind_detail":"Primary","lga":"Kumbotso","ward":"Dan Maliki"},"geometry":{"type":"Point","coordinates":[8.51109,11.94822]}},{"type":"Feature","properties":{"name":"Medile Nomadic School","kind":"school","ownership":"Public","level":"Formal","kind_detail":"Primary","lga":"Kumbotso","ward":"Dan Maliki"},"geometry":{"type":"Point","coordinates":[8.50816,11.94728]}},{"type":"Feature","properties":{"name":"Nurul Islam Islam","kind":"school","ownership":"Public","level":"Formal","kind_detail":"Primary","lga":"Kumbotso","ward":"Dan Maliki"},"geometry":{"type":"Point","coordinates":[8.51244,11.92506]}},{"type":"Feature","properties":{"name":"Sa Adatul Daraini Islamic School","kind":"school","ownership":"Public","level":"Formal","kind_detail":"Primary","lga":"Kumbotso","ward":"Dan Maliki"},"geometry":{"type":"Point","coordinates":[8.5307,11.94946]}},{"type":"Feature","properties":{"name":"Fadima Maikudi","kind":"school","ownership":"Public","level":"Religious","kind_detail":"Others","lga":"Kumbotso","ward":"Chiranchi"},"geometry":{"type":"Point","coordinates":[8.4746,11.95432]}},{"type":"Feature","properties":{"name":"M Tadrisiddeen Isl Pri","kind":"school","ownership":"Public","level":"Formal","kind_detail":"Primary","lga":"Kumbotso","ward":"Chiranchi"},"geometry":{"type":"Point","coordinates":[8.48146,11.959]}},{"type":"Feature","properties":{"name":"Mad Tarbayat","kind":"school","ownership":"Public","level":"Formal","kind_detail":"Primary","lga":"Kumbotso","ward":"Chiranchi"},"geometry":{"type":"Point","coordinates":[8.46727,11.93067]}},{"type":"Feature","properties":{"name":"Shittu Kabo","kind":"school","ownership":"Public","level":"Formal","kind_detail":"Primary","lga":"Kumbotso","ward":"Chiranchi"},"geometry":{"type":"Point","coordinates":[8.46839,11.93753]}},{"type":"Feature","properties":{"name":"Saadatul Nabiyya","kind":"school","ownership":"Public","level":"Formal","kind_detail":"Primary","lga":"Kumbotso","ward":"Mariri"},"geometry":{"type":"Point","coordinates":[8.60968,11.94717]}},{"type":"Feature","properties":{"name":"Sabilul Huda School","kind":"school","ownership":"Public","level":"Formal","kind_detail":"Primary","lga":"Kumbotso","ward":"Mariri"},"geometry":{"type":"Point","coordinates":[8.59877,11.9606]}},{"type":"Feature","properties":{"name":"Gwazaye Normadic","kind":"school","ownership":"Public","level":"Religious","kind_detail":"Others","lga":"Kumbotso","ward":"Danbare"},"geometry":{"type":"Point","coordinates":[8.44698,11.94783]}},{"type":"Feature","properties":{"name":"Sabuwar Dajirima","kind":"school","ownership":"Public","level":"Formal","kind_detail":"Primary","lga":"Kumbotso","ward":"Danbare"},"geometry":{"type":"Point","coordinates":[8.42299,11.9344]}},{"type":"Feature","properties":{"name":"Al Ihsan Islamiyya","kind":"school","ownership":"Public","level":"Religious","kind_detail":"Others","lga":"Tarauni","ward":"Unguwa Uku Cikin Gari"},"geometry":{"type":"Point","coordinates":[8.5683,11.95517]}},{"type":"Feature","properties":{"name":"Jibiriliyya Nursery Primary And Tahfizul Quran Islamiyya","kind":"school","ownership":"Public","level":"Religious","kind_detail":"Primary","lga":"Tarauni","ward":"Unguwa Uku Cikin Gari"},"geometry":{"type":"Point","coordinates":[8.56393,11.95967]}},{"type":"Feature","properties":{"name":"Sa Adu Islam","kind":"school","ownership":"Public","level":"Formal","kind_detail":"Primary","lga":"Tarauni","ward":"Unguwa Uku Cikin Gari"},"geometry":{"type":"Point","coordinates":[8.56656,11.95665]}},{"type":"Feature","properties":{"name":"Kubra Academy","kind":"school","ownership":"Public","level":"Formal","kind_detail":"Primary","lga":"Tarauni","ward":"Darmanawa"},"geometry":{"type":"Point","coordinates":[8.54608,11.9549]}},{"type":"Feature","properties":{"name":"Intisharuddeen Islamic School","kind":"school","ownership":"Public","level":"Formal","kind_detail":"Primary","lga":"Tarauni","ward":"Unguwa Uku Kauyen Alu"},"geometry":{"type":"Point","coordinates":[8.56933,11.96458]}},{"type":"Feature","properties":{"name":"Muajirun Islamic School","kind":"school","ownership":"Public","level":"Formal","kind_detail":"Primary","lga":"Tarauni","ward":"Unguwa Uku Kauyen Alu"},"geometry":{"type":"Point","coordinates":[8.56917,11.96233]}},{"type":"Feature","properties":{"name":"Nasruddeen Islamic School","kind":"school","ownership":"Public","level":"Formal","kind_detail":"Primary","lga":"Tarauni","ward":"Unguwa Uku Kauyen Alu"},"geometry":{"type":"Point","coordinates":[8.56894,11.96203]}},{"type":"Feature","properties":{"name":"Risalatul Abadiyya Hotoro","kind":"school","ownership":"Public","level":"Formal","kind_detail":"Primary","lga":"Tarauni","ward":"Unguwa Uku Kauyen Alu"},"geometry":{"type":"Point","coordinates":[8.57735,11.96292]}},{"type":"Feature","properties":{"name":"Irshad Academy","kind":"school","ownership":"Public","level":"Formal","kind_detail":"Primary","lga":"Tarauni","ward":"Gyadi Gyadi Kudu"},"geometry":{"type":"Point","coordinates":[8.54732,11.96997]}},{"type":"Feature","properties":{"name":"Tarbiyatul Umma","kind":"school","ownership":"Public","level":"Formal","kind_detail":"Primary","lga":"Tarauni","ward":"Gyadi Gyadi Kudu"},"geometry":{"type":"Point","coordinates":[8.5491,11.96813]}},{"type":"Feature","properties":{"name":"Daurawa Community Islamiyya","kind":"school","ownership":"Public","level":"Integrated","kind_detail":"Primary","lga":"Tarauni","ward":"Daurawa"},"geometry":{"type":"Point","coordinates":[8.55749,11.96925]}},{"type":"Feature","properties":{"name":"Darul Haq Islam","kind":"school","ownership":"Public","level":"Religious","kind_detail":"Others","lga":"Tarauni","ward":"Hotoro"},"geometry":{"type":"Point","coordinates":[8.58036,11.96223]}},{"type":"Feature","properties":{"name":"Nurul Islam Hotoro","kind":"school","ownership":"Public","level":"Formal","kind_detail":"Primary","lga":"Tarauni","ward":"Hotoro"},"geometry":{"type":"Point","coordinates":[8.58072,11.9607]}},{"type":"Feature","properties":{"name":"Subulul Salami Isl School","kind":"school","ownership":"Public","level":"Formal","kind_detail":"Primary","lga":"Tarauni","ward":"Hotoro"},"geometry":{"type":"Point","coordinates":[8.58736,11.95869]}},{"type":"Feature","properties":{"name":"Abdullahi Bin Masud","kind":"school","ownership":"Public","level":"Integrated","kind_detail":"Primary","lga":"Tarauni","ward":"Babban Giji"},"geometry":{"type":"Point","coordinates":[8.5345,11.97183]}},{"type":"Feature","properties":{"name":"Anas Bin Malik Islamiyyah","kind":"school","ownership":"Public","level":"Integrated","kind_detail":"Primary","lga":"Tarauni","ward":"Babban Giji"},"geometry":{"type":"Point","coordinates":[8.5375,11.97343]}},{"type":"Feature","properties":{"name":"Sabilul Rashad Islamic Center","kind":"school","ownership":"Public","level":"Formal","kind_detail":"Primary","lga":"Tarauni","ward":"Babban Giji"},"geometry":{"type":"Point","coordinates":[8.53599,11.97388]}},{"type":"Feature","properties":{"name":"Tamamul Minna","kind":"school","ownership":"Public","level":"Formal","kind_detail":"Primary","lga":"Tarauni","ward":"Tarauni"},"geometry":{"type":"Point","coordinates":[8.5622,11.97703]}},{"type":"Feature","properties":{"name":"Tarbiyatul Adfal","kind":"school","ownership":"Public","level":"Formal","kind_detail":"Primary","lga":"Tarauni","ward":"Tarauni"},"geometry":{"type":"Point","coordinates":[8.5598,11.97801]}},{"type":"Feature","properties":{"name":"Madibatu Mai Kassu","kind":"school","ownership":"Public","level":"Formal","kind_detail":"Primary","lga":"Ungogo","ward":"Tudun Fulani"},"geometry":{"type":"Point","coordinates":[8.47271,12.04729]}},{"type":"Feature","properties":{"name":"Talent Nursery Primary","kind":"school","ownership":"Public","level":"Formal","kind_detail":"Primary","lga":"Ungogo","ward":"Zango"},"geometry":{"type":"Point","coordinates":[8.56611,12.0403]}},{"type":"Feature","properties":{"name":"Northern City College","kind":"school","ownership":"Public","level":"Formal","kind_detail":"Primary","lga":"Ungogo","ward":"Bachirawa"},"geometry":{"type":"Point","coordinates":[8.46493,12.06496]}},{"type":"Feature","properties":{"name":"Ittiqanul Islam","kind":"school","ownership":"Public","level":"Formal","kind_detail":"Primary","lga":"Nassarawa","ward":"Hotoro South"},"geometry":{"type":"Point","coordinates":[8.59168,11.96454]}},{"type":"Feature","properties":{"name":"Nana Aisha Islamic School","kind":"school","ownership":"Public","level":"Formal","kind_detail":"Primary","lga":"Nassarawa","ward":"Hotoro South"},"geometry":{"type":"Point","coordinates":[8.59027,11.9661]}},{"type":"Feature","properties":{"name":"Bushral Islam","kind":"school","ownership":"Public","level":"Religious","kind_detail":"Others","lga":"Nassarawa","ward":"Giginyu"},"geometry":{"type":"Point","coordinates":[8.57536,11.98161]}},{"type":"Feature","properties":{"name":"Ibrahim Islamiyya","kind":"school","ownership":"Public","level":"Religious","kind_detail":"Others","lga":"Nassarawa","ward":"Giginyu"},"geometry":{"type":"Point","coordinates":[8.5708,11.98535]}},{"type":"Feature","properties":{"name":"Kano Capital School","kind":"school","ownership":"Public","level":"Formal","kind_detail":"Primary","lga":"Nassarawa","ward":"Giginyu"},"geometry":{"type":"Point","coordinates":[8.54509,11.98802]}},{"type":"Feature","properties":{"name":"Kawo Cikingari Cfs","kind":"school","ownership":"Public","level":"Formal","kind_detail":"Primary","lga":"Nassarawa","ward":"Giginyu"},"geometry":{"type":"Point","coordinates":[8.57153,11.98214]}},{"type":"Feature","properties":{"name":"Madarasatul Zaid Bn Sabit","kind":"school","ownership":"Public","level":"Formal","kind_detail":"Primary","lga":"Nassarawa","ward":"Giginyu"},"geometry":{"type":"Point","coordinates":[8.56344,11.98092]}},{"type":"Feature","properties":{"name":"Miftahul Ibadat","kind":"school","ownership":"Public","level":"Formal","kind_detail":"Primary","lga":"Nassarawa","ward":"Giginyu"},"geometry":{"type":"Point","coordinates":[8.56707,11.98809]}},{"type":"Feature","properties":{"name":"Nabiyul Rahamati","kind":"school","ownership":"Public","level":"Formal","kind_detail":"Primary","lga":"Nassarawa","ward":"Giginyu"},"geometry":{"type":"Point","coordinates":[8.56459,11.99024]}},{"type":"Feature","properties":{"name":"Saadatu Bn Abiwaqas","kind":"school","ownership":"Public","level":"Formal","kind_detail":"Primary","lga":"Nassarawa","ward":"Giginyu"},"geometry":{"type":"Point","coordinates":[8.57487,11.98956]}},{"type":"Feature","properties":{"name":"Sabilul Falah Islamiyya Kawo","kind":"school","ownership":"Public","level":"Formal","kind_detail":"Primary","lga":"Nassarawa","ward":"Giginyu"},"geometry":{"type":"Point","coordinates":[8.57386,11.98927]}},{"type":"Feature","properties":{"name":"Supreme Interligence School","kind":"school","ownership":"Public","level":"Formal","kind_detail":"Primary","lga":"Nassarawa","ward":"Giginyu"},"geometry":{"type":"Point","coordinates":[8.57345,11.99051]}},{"type":"Feature","properties":{"name":"Abdullahi Na Liman Islamiyyah School","kind":"school","ownership":"Public","level":"Integrated","kind_detail":"Primary","lga":"Nassarawa","ward":"Kawaji"},"geometry":{"type":"Point","coordinates":[8.58551,12.02084]}},{"type":"Feature","properties":{"name":"Darikit Taalim Islamiyyah School","kind":"school","ownership":"Public","level":"Integrated","kind_detail":"Primary","lga":"Nassarawa","ward":"Kawaji"},"geometry":{"type":"Point","coordinates":[8.59281,12.01405]}},{"type":"Feature","properties":{"name":"Ibrahim Bakur Alfallata","kind":"school","ownership":"Public","level":"Integrated","kind_detail":"Primary","lga":"Nassarawa","ward":"Kawaji"},"geometry":{"type":"Point","coordinates":[8.58039,12.00758]}},{"type":"Feature","properties":{"name":"Liman Yankaba","kind":"school","ownership":"Public","level":"Formal","kind_detail":"Primary","lga":"Nassarawa","ward":"Kawaji"},"geometry":{"type":"Point","coordinates":[8.58247,12.0098]}},{"type":"Feature","properties":{"name":"Maljaussunnah Academic","kind":"school","ownership":"Public","level":"Formal","kind_detail":"Primary","lga":"Nassarawa","ward":"Kawaji"},"geometry":{"type":"Point","coordinates":[8.58854,12.02076]}},{"type":"Feature","properties":{"name":"Manasikul Islam","kind":"school","ownership":"Public","level":"Formal","kind_detail":"Primary","lga":"Nassarawa","ward":"Kawaji"},"geometry":{"type":"Point","coordinates":[8.57395,12.00713]}},{"type":"Feature","properties":{"name":"Tahafizul Quran Islamiyyah School Sauna","kind":"school","ownership":"Public","level":"Religious","kind_detail":"Primary","lga":"Nassarawa","ward":"Kawaji"},"geometry":{"type":"Point","coordinates":[8.59537,12.01693]}},{"type":"Feature","properties":{"name":"Nasharatul Islam","kind":"school","ownership":"Public","level":"Formal","kind_detail":"Primary","lga":"Nassarawa","ward":"Tudun Wada"},"geometry":{"type":"Point","coordinates":[8.55501,12.02163]}},{"type":"Feature","properties":{"name":"Fatimatu Zahrah Islamiyya School","kind":"school","ownership":"Public","level":"Integrated","kind_detail":"Primary","lga":"Nassarawa","ward":"Gawuna"},"geometry":{"type":"Point","coordinates":[8.5486,12.02592]}},{"type":"Feature","properties":{"name":"Bustabul Islaniyya School","kind":"school","ownership":"Public","level":"Religious","kind_detail":"Others","lga":"Nassarawa","ward":"Gwagwarwa"},"geometry":{"type":"Point","coordinates":[8.54166,12.0276]}},{"type":"Feature","properties":{"name":"Kazinatul Quran Islamiyya School","kind":"school","ownership":"Public","level":"Religious","kind_detail":"Primary","lga":"Nassarawa","ward":"Gwagwarwa"},"geometry":{"type":"Point","coordinates":[8.54222,12.02714]}},{"type":"Feature","properties":{"name":"Fatahul Rabbani","kind":"school","ownership":"Public","level":"Religious","kind_detail":"Others","lga":"Nassarawa","ward":"Dakata"},"geometry":{"type":"Point","coordinates":[8.58233,12.01921]}},{"type":"Feature","properties":{"name":"Filin Alkama Zabarmawa Sanfat Nursery School","kind":"school","ownership":"Public","level":"Formal","kind_detail":"Primary","lga":"Nassarawa","ward":"Kaura Goje"},"geometry":{"type":"Point","coordinates":[8.55397,12.04836]}},{"type":"Feature","properties":{"name":"Mahmudiya School","kind":"school","ownership":"Public","level":"Formal","kind_detail":"Primary","lga":"Nassarawa","ward":"Kaura Goje"},"geometry":{"type":"Point","coordinates":[8.54934,12.03891]}},{"type":"Feature","properties":{"name":"Nurul Hayat","kind":"school","ownership":"Public","level":"Formal","kind_detail":"Primary","lga":"Nassarawa","ward":"Kaura Goje"},"geometry":{"type":"Point","coordinates":[8.54384,12.03692]}},{"type":"Feature","properties":{"name":"Tarbiyatul Aulad","kind":"school","ownership":"Public","level":"Formal","kind_detail":"Primary","lga":"Nassarawa","ward":"Tudun Murtala"},"geometry":{"type":"Point","coordinates":[8.56502,12.03045]}},{"type":"Feature","properties":{"name":"Alumul Huda Islamiyyah School","kind":"school","ownership":"Public","level":"Integrated","kind_detail":"Primary","lga":"Fagge","ward":"Rijiyar Lemo"},"geometry":{"type":"Point","coordinates":[8.48188,12.04821]}},{"type":"Feature","properties":{"name":"Nahadatul Islam","kind":"school","ownership":"Public","level":"Formal","kind_detail":"Primary","lga":"Fagge","ward":"Rijiyar Lemo"},"geometry":{"type":"Point","coordinates":[8.48375,12.04589]}},{"type":"Feature","properties":{"name":"Jigi Nursery And Primary","kind":"school","ownership":"Public","level":"Formal","kind_detail":"Primary","lga":"Nassarawa","ward":"Hotoro North"},"geometry":{"type":"Point","coordinates":[8.58569,11.98903]}},{"type":"Feature","properties":{"name":"Sabilil Najati","kind":"school","ownership":"Public","level":"Formal","kind_detail":"Primary","lga":"Nassarawa","ward":"Hotoro North"},"geometry":{"type":"Point","coordinates":[8.58708,11.98793]}},{"type":"Feature","properties":{"name":"Zahimatu Institute Of Education","kind":"school","ownership":"Public","level":"Formal","kind_detail":"Primary","lga":"Dala","ward":"Kofar Ruwa"},"geometry":{"type":"Point","coordinates":[8.48787,12.02332]}},{"type":"Feature","properties":{"name":"Tukuntawa Primary","kind":"school","ownership":"Public","level":"Formal","kind_detail":"Primary","lga":"Kano Municipal","ward":"Gandu Albasa"},"geometry":{"type":"Point","coordinates":[8.52228,11.96448]}},{"type":"Feature","properties":{"name":"Zilalul Quran Islamiyya","kind":"school","ownership":"Public","level":"Religious","kind_detail":"Primary","lga":"Kumbotso","ward":"Kumbotso"},"geometry":{"type":"Point","coordinates":[8.50221,11.89179]}},{"type":"Feature","properties":{"name":"Zawaciki Nomadic","kind":"school","ownership":"Public","level":"Formal","kind_detail":"Primary","lga":"Kumbotso","ward":"Panshekara"},"geometry":{"type":"Point","coordinates":[8.4563,11.90958]}},{"type":"Feature","properties":{"name":"Umarawa Nomadic","kind":"school","ownership":"Public","level":"Formal","kind_detail":"Primary","lga":"Kumbotso","ward":"Naibawa"},"geometry":{"type":"Point","coordinates":[8.52485,11.9117]}},{"type":"Feature","properties":{"name":"Unguwar Rimi Nomadic","kind":"school","ownership":"Public","level":"Formal","kind_detail":"Primary","lga":"Kumbotso","ward":"Naibawa"},"geometry":{"type":"Point","coordinates":[8.55706,11.92152]}},{"type":"Feature","properties":{"name":"Usmaniyyah Islamic School","kind":"school","ownership":"Public","level":"Formal","kind_detail":"Primary","lga":"Kumbotso","ward":"Dan Maliki"},"geometry":{"type":"Point","coordinates":[8.52937,11.94893]}},{"type":"Feature","properties":{"name":"Usulul Hikimati","kind":"school","ownership":"Public","level":"Formal","kind_detail":"Primary","lga":"Kumbotso","ward":"Dan Maliki"},"geometry":{"type":"Point","coordinates":[8.50944,11.92614]}},{"type":"Feature","properties":{"name":"Sabilul Huda School","kind":"school","ownership":"Public","level":"Formal","kind_detail":"Primary","lga":"Tarauni","ward":"Unguwa Uku Cikin Gari"},"geometry":{"type":"Point","coordinates":[8.56588,11.9579]}},{"type":"Feature","properties":{"name":"Umar Bn Abdulaziz","kind":"school","ownership":"Public","level":"Formal","kind_detail":"Primary","lga":"Tarauni","ward":"Gyadi Gyadi Kudu"},"geometry":{"type":"Point","coordinates":[8.54543,11.97205]}},{"type":"Feature","properties":{"name":"Riyadul Quran Islamiyya","kind":"school","ownership":"Public","level":"Religious","kind_detail":"Primary","lga":"Tarauni","ward":"Daurawa"},"geometry":{"type":"Point","coordinates":[8.55898,11.97264]}},{"type":"Feature","properties":{"name":"Zaid Bin","kind":"school","ownership":"Public","level":"Formal","kind_detail":"Primary","lga":"Tarauni","ward":"Babban Giji"},"geometry":{"type":"Point","coordinates":[8.53699,11.95963]}},{"type":"Feature","properties":{"name":"The Fountain Primary And Nursery School","kind":"school","ownership":"Public","level":"Formal","kind_detail":"Primary","lga":"Ungogo","ward":"Rijiyar Zaki"},"geometry":{"type":"Point","coordinates":[8.45886,11.97973]}},{"type":"Feature","properties":{"name":"Zaidu Bn Khalik","kind":"school","ownership":"Public","level":"Formal","kind_detail":"Primary","lga":"Ungogo","ward":"Zango"},"geometry":{"type":"Point","coordinates":[8.56997,12.04191]}},{"type":"Feature","properties":{"name":"Zangon Barebari","kind":"school","ownership":"Public","level":"Formal","kind_detail":"Primary","lga":"Ungogo","ward":"Kadawa"},"geometry":{"type":"Point","coordinates":[8.48292,12.07125]}},{"type":"Feature","properties":{"name":"Ummaru Ibn Khattab Islamic School","kind":"school","ownership":"Public","level":"Formal","kind_detail":"Primary","lga":"Nassarawa","ward":"Hotoro South"},"geometry":{"type":"Point","coordinates":[8.57957,11.97018]}},{"type":"Feature","properties":{"name":"Tudun Wada","kind":"school","ownership":"Public","level":"Formal","kind_detail":"Primary","lga":"Nassarawa","ward":"Kawaji"},"geometry":{"type":"Point","coordinates":[8.56806,12.00956]}},{"type":"Feature","properties":{"name":"Zaifat Model School","kind":"school","ownership":"Public","level":"Formal","kind_detail":"Primary","lga":"Nassarawa","ward":"Kawaji"},"geometry":{"type":"Point","coordinates":[8.58852,12.02134]}},{"type":"Feature","properties":{"name":"Nashrul Ulum","kind":"school","ownership":"Public","level":"Formal","kind_detail":"Primary","lga":"Gwale","ward":"Dorayi"},"geometry":{"type":"Point","coordinates":[8.47927,11.96341]}},{"type":"Feature","properties":{"name":"Muazu Bin Jabal","kind":"school","ownership":"Public","level":"Formal","kind_detail":"Primary","lga":"Gwale","ward":"Kabuga"},"geometry":{"type":"Point","coordinates":[8.49013,11.98363]}},{"type":"Feature","properties":{"name":"Sabilil Huda","kind":"school","ownership":"Public","level":"Formal","kind_detail":"Primary","lga":"Nassarawa","ward":"Hotoro North"},"geometry":{"type":"Point","coordinates":[8.5793,11.97742]}},{"type":"Feature","properties":{"name":"Gama Vocational Training Centre","kind":"school","ownership":"Public","level":"Formal","kind_detail":"Tertiary","lga":"Nassarawa","ward":"Kaura Goje"},"geometry":{"type":"Point","coordinates":[8.55161,12.03589]}},{"type":"Feature","properties":{"name":"Binta Ahmad Memorial School","kind":"school","ownership":"Private","level":"Integrated","kind_detail":"Primary","lga":"Gwale","ward":"Dorayi"},"geometry":{"type":"Point","coordinates":[8.47402,11.96101]}},{"type":"Feature","properties":{"name":"Alhaji Shehi Islamic School","kind":"school","ownership":"Private","level":"Religious","kind_detail":"Primary","lga":"Gwale","ward":"Sani Mai Nagge"},"geometry":{"type":"Point","coordinates":[8.49855,11.9928]}},{"type":"Feature","properties":{"name":"Al Ikhlas Academy","kind":"school","ownership":"Private","level":"Integrated","kind_detail":"Primary","lga":"Gwale","ward":"Kabuga"},"geometry":{"type":"Point","coordinates":[8.47113,11.99195]}},{"type":"Feature","properties":{"name":"Anchor Science Academy","kind":"school","ownership":"Private","level":"Formal","kind_detail":"Primary","lga":"Gwale","ward":"Kabuga"},"geometry":{"type":"Point","coordinates":[8.47615,11.98454]}},{"type":"Feature","properties":{"name":"Ibadurrahman Islam","kind":"school","ownership":"Private","level":"Integrated","kind_detail":"Primary","lga":"Kumbotso","ward":"Dan Maliki"},"geometry":{"type":"Point","coordinates":[8.53244,11.95204]}},{"type":"Feature","properties":{"name":"Alhasaniyya Academy","kind":"school","ownership":"Private","level":"Formal","kind_detail":"Primary","lga":"Kumbotso","ward":"Danbare"},"geometry":{"type":"Point","coordinates":[8.43417,11.95958]}},{"type":"Feature","properties":{"name":"Ansarullah Islamiyyah School","kind":"school","ownership":"Private","level":"Integrated","kind_detail":"Primary","lga":"Nassarawa","ward":"Kawaji"},"geometry":{"type":"Point","coordinates":[8.57757,12.00836]}},{"type":"Feature","properties":{"name":"Bright Future Academy","kind":"school","ownership":"Private","level":"Formal","kind_detail":"Primary","lga":"Nassarawa","ward":"Kawaji"},"geometry":{"type":"Point","coordinates":[8.6075,12.00609]}},{"type":"Feature","properties":{"name":"Imam Kabir","kind":"school","ownership":"Private","level":"Integrated","kind_detail":"Primary","lga":"Nassarawa","ward":"Kaura Goje"},"geometry":{"type":"Point","coordinates":[8.54773,12.03924]}},{"type":"Feature","properties":{"name":"Dogara International School","kind":"school","ownership":"Private","level":"Formal","kind_detail":"Primary","lga":"Ungogo","ward":"Bachirawa"},"geometry":{"type":"Point","coordinates":[8.46524,12.0717]}},{"type":"Feature","properties":{"name":"Government Girls Secondary School Haido Arabic Fagge","kind":"school","ownership":"Public","level":"Formal","kind_detail":"Secondary","lga":"Fagge","ward":"Fagge B"},"geometry":{"type":"Point","coordinates":[8.52997,12.00553]}},{"type":"Feature","properties":{"name":"Government Girls Secondary School Mukaddami","kind":"school","ownership":"Public","level":"Formal","kind_detail":"Secondary","lga":"Fagge","ward":"Fagge B"},"geometry":{"type":"Point","coordinates":[8.52755,12.00595]}},{"type":"Feature","properties":{"name":"Mallan Hussaini Madabo Junior Islamic Secondary","kind":"school","ownership":"Public","level":"Formal","kind_detail":"Secondary","lga":"Dala","ward":"Dala"},"geometry":{"type":"Point","coordinates":[8.50762,12.01]}},{"type":"Feature","properties":{"name":"Government Girls Arabic Secondary School Kawaji","kind":"school","ownership":"Public","level":"Formal","kind_detail":"Secondary","lga":"Nassarawa","ward":"Dakata"},"geometry":{"type":"Point","coordinates":[8.58246,12.01841]}},{"type":"Feature","properties":{"name":"Nana Aisha Islamiyyah","kind":"school","ownership":"Public","level":"Religious","kind_detail":"Primary","lga":"Gwale","ward":"Goron Dutse"},"geometry":{"type":"Point","coordinates":[8.50399,11.99575]}},{"type":"Feature","properties":{"name":"Dala No1 Islamiyya Primary","kind":"school","ownership":"Public","level":"Integrated","kind_detail":"Primary","lga":"Dala","ward":"Dala"},"geometry":{"type":"Point","coordinates":[8.50736,12.01029]}},{"type":"Feature","properties":{"name":"Shiek Kabir Islamiyya","kind":"school","ownership":"Public","level":"Religious","kind_detail":"Primary","lga":"Gwale","ward":"Galadanchi"},"geometry":{"type":"Point","coordinates":[8.50814,11.99032]}},{"type":"Feature","properties":{"name":"Nurur Hayat Islamiyya","kind":"school","ownership":"Public","level":"Religious","kind_detail":"Primary","lga":"Kumbotso","ward":"Chiranchi"},"geometry":{"type":"Point","coordinates":[8.47092,11.92091]}},{"type":"Feature","properties":{"name":"Riyadu Islam Fagge","kind":"school","ownership":"Public","level":"Formal","kind_detail":"Primary","lga":"Fagge","ward":"Fagge B"},"geometry":{"type":"Point","coordinates":[8.53046,12.00482]}},{"type":"Feature","properties":{"name":"Sheik Malam Sabo","kind":"school","ownership":"Public","level":"Formal","kind_detail":"Primary","lga":"Kano Municipal","ward":"Shahuchi"},"geometry":{"type":"Point","coordinates":[8.52057,12.00415]}},{"type":"Feature","properties":{"name":"Irshad Group School","kind":"school","ownership":"Public","level":"Formal","kind_detail":"Primary","lga":"Fagge","ward":"Yammata"},"geometry":{"type":"Point","coordinates":[8.46951,12.06656]}},{"type":"Feature","properties":{"name":"Darul Ulumudeen Islamiyya School","kind":"school","ownership":"Public","level":"Integrated","kind_detail":"Primary","lga":"Fagge","ward":"Kwachiri"},"geometry":{"type":"Point","coordinates":[8.48323,12.04801]}},{"type":"Feature","properties":{"name":"Government College Kano Ktc New Road","kind":"school","ownership":"Public","level":"Formal","kind_detail":"Secondary","lga":"Fagge","ward":"Sabon Gari East"},"geometry":{"type":"Point","coordinates":[8.54234,12.01843]}},{"type":"Feature","properties":{"name":"Governmet Girls Junior Secondary Schlool Dala New","kind":"school","ownership":"Public","level":"Formal","kind_detail":"Secondary","lga":"Dala","ward":"Kabuwaya"},"geometry":{"type":"Point","coordinates":[8.50699,12.01384]}},{"type":"Feature","properties":{"name":"Prestige International Comprehensive College An Nur","kind":"school","ownership":"Public","level":"Formal","kind_detail":"Secondary","lga":"Gwale","ward":"Sani Mai Nagge"},"geometry":{"type":"Point","coordinates":[8.49373,11.9833]}},{"type":"Feature","properties":{"name":"Darul Hadith Foundation","kind":"school","ownership":"Private","level":"Integrated","kind_detail":"Secondary","lga":"Gwale","ward":"Kabuga"},"geometry":{"type":"Point","coordinates":[8.47286,11.99032]}},{"type":"Feature","properties":{"name":"Special Education School T Maliki","kind":"school","ownership":"Public","level":"Formal","kind_detail":"Secondary","lga":"Kumbotso","ward":"Garun Gawa"},"geometry":{"type":"Point","coordinates":[8.53008,11.96184]}},{"type":"Feature","properties":{"name":"Ete Inoh International School","kind":"school","ownership":"Private","level":"Formal","kind_detail":"Secondary","lga":"Nassarawa","ward":"Tudun Wada"},"geometry":{"type":"Point","coordinates":[8.55909,12.02469]}},{"type":"Feature","properties":{"name":"Al Ameen Islamic Model School","kind":"school","ownership":"Public","level":"Integrated","kind_detail":"Primary","lga":"Gwale","ward":"Kabuga"},"geometry":{"type":"Point","coordinates":[8.49465,11.98867]}},{"type":"Feature","properties":{"name":"MaaAhad Sheikh Muhd Islamiyya","kind":"school","ownership":"Public","level":"Religious","kind_detail":"Primary","lga":"Kumbotso","ward":"Garun Gawa"},"geometry":{"type":"Point","coordinates":[8.52458,11.95881]}},{"type":"Feature","properties":{"name":"Nurul QuraAn Islamiyya","kind":"school","ownership":"Public","level":"Religious","kind_detail":"Primary","lga":"Kumbotso","ward":"Garun Gawa"},"geometry":{"type":"Point","coordinates":[8.52328,11.95334]}},{"type":"Feature","properties":{"name":"DaaAwatul Islamiyya Primary","kind":"school","ownership":"Public","level":"Religious","kind_detail":"Primary","lga":"Nassarawa","ward":"Gama"},"geometry":{"type":"Point","coordinates":[8.5576,12.03554]}},{"type":"Feature","properties":{"name":"Ihyaa Ussunnah Islamiyya","kind":"school","ownership":"Public","level":"Religious","kind_detail":"Others","lga":"Gwale","ward":"Dorayi"},"geometry":{"type":"Point","coordinates":[8.47918,11.96461]}},{"type":"Feature","properties":{"name":"Nurul QuraaAn Dorayi Gabas","kind":"school","ownership":"Public","level":"Formal","kind_detail":"Primary","lga":"Gwale","ward":"Dorayi"},"geometry":{"type":"Point","coordinates":[8.48621,11.96505]}},{"type":"Feature","properties":{"name":"Ihyaa Uddeen Islamiyya","kind":"school","ownership":"Public","level":"Religious","kind_detail":"Others","lga":"Gwale","ward":"Kabuga"},"geometry":{"type":"Point","coordinates":[8.47667,12.01549]}},{"type":"Feature","properties":{"name":"Madarasatul Ahbabu Mustapha Al Lslamiyya","kind":"school","ownership":"Public","level":"Formal","kind_detail":"Primary","lga":"Kumbotso","ward":"Dan Maliki"},"geometry":{"type":"Point","coordinates":[8.51029,11.95476]}},{"type":"Feature","properties":{"name":"MaaAhad Sheik Adam Primary","kind":"school","ownership":"Public","level":"Formal","kind_detail":"Primary","lga":"Nassarawa","ward":"Gama"},"geometry":{"type":"Point","coordinates":[8.55336,12.03479]}},{"type":"Feature","properties":{"name":"Ta Alimuddeen Gama Primary","kind":"school","ownership":"Public","level":"Formal","kind_detail":"Primary","lga":"Nassarawa","ward":"Gama"},"geometry":{"type":"Point","coordinates":[8.555,12.03104]}},{"type":"Feature","properties":{"name":"Taalimulddeen Islamic","kind":"school","ownership":"Public","level":"Formal","kind_detail":"Primary","lga":"Gwale","ward":"Gwale"},"geometry":{"type":"Point","coordinates":[8.50377,11.98661]}},{"type":"Feature","properties":{"name":"SaAdatu Rimi College Of Education Staff Secondary School","kind":"school","ownership":"Public","level":"Formal","kind_detail":"Secondary","lga":"Kumbotso","ward":"Naibawa"},"geometry":{"type":"Point","coordinates":[8.55486,11.92094]}},{"type":"Feature","properties":{"name":"Maa Ahad Sheik Auwalu Isa Islamiyya","kind":"school","ownership":"Public","level":"Religious","kind_detail":"Primary","lga":"Dala","ward":"Adakawa"},"geometry":{"type":"Point","coordinates":[8.51146,12.01369]}},{"type":"Feature","properties":{"name":"Tafiz Wattajweed Kabuga","kind":"school","ownership":"Public","level":"Formal","kind_detail":"Primary","lga":"Gwale","ward":"Kabuga"},"geometry":{"type":"Point","coordinates":[8.47776,11.9872]}},{"type":"Feature","properties":{"name":"Madarasatul IAnatu Daawatil Mustafah","kind":"school","ownership":"Public","level":"Formal","kind_detail":"Primary","lga":"Kumbotso","ward":"Dan Maliki"},"geometry":{"type":"Point","coordinates":[8.52954,11.95404]}},{"type":"Feature","properties":{"name":"DaIfatul Mubarak Islamiyya","kind":"school","ownership":"Public","level":"Integrated","kind_detail":"Primary","lga":"Nassarawa","ward":"Kaura Goje"},"geometry":{"type":"Point","coordinates":[8.54589,12.03717]}},{"type":"Feature","properties":{"name":"Madarasatul Fadimatul ZahharaU Islamiyya School","kind":"school","ownership":"Public","level":"Religious","kind_detail":"Primary","lga":"Nassarawa","ward":"Kaura Goje"},"geometry":{"type":"Point","coordinates":[8.55174,12.03816]}},{"type":"Feature","properties":{"name":"IIzazuddeen Islamiyya","kind":"school","ownership":"Public","level":"Integrated","kind_detail":"Primary","lga":"Gwale","ward":"Sani Mai Nagge"},"geometry":{"type":"Point","coordinates":[8.49638,11.99041]}},{"type":"Feature","properties":{"name":"Maahad Sheikh Ahmad Tijjani LitaAlimic Quran Wad Diratil Islamiyya","kind":"school","ownership":"Public","level":"Religious","kind_detail":"Primary","lga":"Gwale","ward":"Sani Mai Nagge"},"geometry":{"type":"Point","coordinates":[8.49979,11.99156]}},{"type":"Feature","properties":{"name":"RabeeAh Ibn Malik Islamic Foundation","kind":"school","ownership":"Public","level":"Formal","kind_detail":"Primary","lga":"Gwale","ward":"Sani Mai Nagge"},"geometry":{"type":"Point","coordinates":[8.50259,11.98523]}},{"type":"Feature","properties":{"name":"Tahafizil QurAn","kind":"school","ownership":"Public","level":"Formal","kind_detail":"Primary","lga":"Nassarawa","ward":"Giginyu"},"geometry":{"type":"Point","coordinates":[8.57031,11.99997]}},{"type":"Feature","properties":{"name":"Kofar Naisa Primary","kind":"school","ownership":"Public","level":"Formal","kind_detail":"Primary","lga":"Gwale","ward":"Gwale"},"geometry":{"type":"Point","coordinates":[8.51574,11.98372]}},{"type":"Feature","properties":{"name":"Alpha Primary School","kind":"school","ownership":"Public","level":"Formal","kind_detail":"Primary","lga":"Fagge","ward":"Kwachiri"},"geometry":{"type":"Point","coordinates":[8.50943,12.06154]}},{"type":"Feature","properties":{"name":"Hybrid Primary School","kind":"school","ownership":"Public","level":"Formal","kind_detail":"Primary","lga":"Gwale","ward":"Dorayi"},"geometry":{"type":"Point","coordinates":[8.46127,11.97351]}},{"type":"Feature","properties":{"name":"Gwazaye Primary School","kind":"school","ownership":"Public","level":"Integrated","kind_detail":"Primary","lga":"Kumbotso","ward":"Danbare"},"geometry":{"type":"Point","coordinates":[8.45619,11.93844]}},{"type":"Feature","properties":{"name":"Halimatussadiya Primary School","kind":"school","ownership":"Public","level":"Religious","kind_detail":"Primary","lga":"Nassarawa","ward":"Giginyu"},"geometry":{"type":"Point","coordinates":[8.56617,11.98793]}},{"type":"Feature","properties":{"name":"Maitasa Primary School","kind":"school","ownership":"Public","level":"Formal","kind_detail":"Primary","lga":"Gwale","ward":"Sani Mai Nagge"},"geometry":{"type":"Point","coordinates":[8.50073,11.98746]}},{"type":"Feature","properties":{"name":"Dandago Primary School","kind":"school","ownership":"Public","level":"Religious","kind_detail":"Others","lga":"Gwale","ward":"Dandago"},"geometry":{"type":"Point","coordinates":[8.50493,11.99068]}},{"type":"Feature","properties":{"name":"Limawa Primary School","kind":"school","ownership":"Public","level":"Formal","kind_detail":"Primary","lga":"Kumbotso","ward":"Unguwar Rimi"},"geometry":{"type":"Point","coordinates":[8.60028,11.89868]}},{"type":"Feature","properties":{"name":"Jovoy Primary School","kind":"school","ownership":"Public","level":"Formal","kind_detail":"Primary","lga":"Nassarawa","ward":"Kawaji"},"geometry":{"type":"Point","coordinates":[8.56679,12.00706]}},{"type":"Feature","properties":{"name":"Kulafaurrashidin Primary School","kind":"school","ownership":"Public","level":"Formal","kind_detail":"Primary","lga":"Nassarawa","ward":"Hotoro North"},"geometry":{"type":"Point","coordinates":[8.59208,12.00674]}},{"type":"Feature","properties":{"name":"Jaoji Junior Secondary School","kind":"school","ownership":"Public","level":"Formal","kind_detail":"Secondary","lga":"Kumbotso","ward":"Garun Gawa"},"geometry":{"type":"Point","coordinates":[8.52523,11.95819]}},{"type":"Feature","properties":{"name":"Government Junior Arabic Secondary School Diso","kind":"school","ownership":"Public","level":"Formal","kind_detail":"Secondary","lga":"Gwale","ward":"Galadanchi"},"geometry":{"type":"Point","coordinates":[8.51179,11.98796]}},{"type":"Feature","properties":{"name":"Dabo Government Junior Secondary","kind":"school","ownership":"Public","level":"Formal","kind_detail":"Secondary","lga":"Fagge","ward":"Sabon Gari East"},"geometry":{"type":"Point","coordinates":[8.54175,12.01415]}},{"type":"Feature","properties":{"name":"Government Junior Secondary School Dan Waire","kind":"school","ownership":"Public","level":"Formal","kind_detail":"Secondary","lga":"Fagge","ward":"Sabon Gari East"},"geometry":{"type":"Point","coordinates":[8.54008,12.01809]}},{"type":"Feature","properties":{"name":"Government Junior Secondary School Zawal","kind":"school","ownership":"Public","level":"Formal","kind_detail":"Secondary","lga":"Fagge","ward":"Sabon Gari East"},"geometry":{"type":"Point","coordinates":[8.5411,12.02384]}},{"type":"Feature","properties":{"name":"Government Junior Secondary School Gogau","kind":"school","ownership":"Public","level":"Formal","kind_detail":"Secondary","lga":"Fagge","ward":"Fagge D2"},"geometry":{"type":"Point","coordinates":[8.52285,12.01707]}},{"type":"Feature","properties":{"name":"Government Junior Secondary School Wapa","kind":"school","ownership":"Public","level":"Formal","kind_detail":"Secondary","lga":"Fagge","ward":"Fagge D2"},"geometry":{"type":"Point","coordinates":[8.52699,12.01071]}},{"type":"Feature","properties":{"name":"Junior Secondary School Abdullahi Sani","kind":"school","ownership":"Public","level":"Formal","kind_detail":"Secondary","lga":"Fagge","ward":"Fagge D2"},"geometry":{"type":"Point","coordinates":[8.52387,12.01079]}},{"type":"Feature","properties":{"name":"Government Junior Secondary School Nomansland","kind":"school","ownership":"Public","level":"Formal","kind_detail":"Secondary","lga":"Fagge","ward":"Sabon Gari West"},"geometry":{"type":"Point","coordinates":[8.533,12.0283]}},{"type":"Feature","properties":{"name":"Government Girls Junior Secondary School Mariya Sunusi","kind":"school","ownership":"Public","level":"Formal","kind_detail":"Secondary","lga":"Dala","ward":"Adakawa"},"geometry":{"type":"Point","coordinates":[8.51248,12.01367]}},{"type":"Feature","properties":{"name":"Government Girls Junior Secondary School Yalwa Model","kind":"school","ownership":"Public","level":"Formal","kind_detail":"Secondary","lga":"Dala","ward":"Yalwa"},"geometry":{"type":"Point","coordinates":[8.49885,12.00658]}},{"type":"Feature","properties":{"name":"Goverment Girls Secondary School Dandaishi","kind":"school","ownership":"Public","level":"Formal","kind_detail":"Secondary","lga":"Dala","ward":"Kofar Ruwa"},"geometry":{"type":"Point","coordinates":[8.4823,12.02005]}},{"type":"Feature","properties":{"name":"Junior Secondary Schoolahbab Rasul","kind":"school","ownership":"Public","level":"Formal","kind_detail":"Secondary","lga":"Dala","ward":"Kofar Ruwa"},"geometry":{"type":"Point","coordinates":[8.49259,12.0274]}},{"type":"Feature","properties":{"name":"Government Girls Junior Secondary School Filin Durumi","kind":"school","ownership":"Public","level":"Formal","kind_detail":"Secondary","lga":"Dala","ward":"Gobirawa"},"geometry":{"type":"Point","coordinates":[8.48749,12.03534]}},{"type":"Feature","properties":{"name":"Government Junior Secondary School Unguwar Dabai","kind":"school","ownership":"Public","level":"Formal","kind_detail":"Secondary","lga":"Gwale","ward":"Kabuga"},"geometry":{"type":"Point","coordinates":[8.47381,12.00966]}},{"type":"Feature","properties":{"name":"Junior Secondary School Kabuga","kind":"school","ownership":"Public","level":"Formal","kind_detail":"Secondary","lga":"Gwale","ward":"Kabuga"},"geometry":{"type":"Point","coordinates":[8.47746,11.98737]}},{"type":"Feature","properties":{"name":"Hasiya Bayero","kind":"school","ownership":"Public","level":"Formal","kind_detail":"Secondary","lga":"Kano Municipal","ward":"Gandu Albasa"},"geometry":{"type":"Point","coordinates":[8.5272,11.96953]}},{"type":"Feature","properties":{"name":"Government Girls Arabic Junior Secondary Secondary School","kind":"school","ownership":"Public","level":"Religious","kind_detail":"Secondary","lga":"Kano Municipal","ward":"Yakasai"},"geometry":{"type":"Point","coordinates":[8.52705,11.99285]}},{"type":"Feature","properties":{"name":"Government Day Junior Secondary School Kumbotso","kind":"school","ownership":"Public","level":"Formal","kind_detail":"Secondary","lga":"Kumbotso","ward":"Kumbotso"},"geometry":{"type":"Point","coordinates":[8.50471,11.89217]}},{"type":"Feature","properties":{"name":"Government Junior Secondary School Unguwar Rimi","kind":"school","ownership":"Public","level":"Formal","kind_detail":"Secondary","lga":"Kumbotso","ward":"Unguwar Rimi"},"geometry":{"type":"Point","coordinates":[8.56838,11.91036]}},{"type":"Feature","properties":{"name":"Government Junior Secondary School Zawaciki","kind":"school","ownership":"Public","level":"Formal","kind_detail":"Secondary","lga":"Kumbotso","ward":"Panshekara"},"geometry":{"type":"Point","coordinates":[8.46442,11.91349]}},{"type":"Feature","properties":{"name":"Government Girls Junior Secondary School","kind":"school","ownership":"Public","level":"Formal","kind_detail":"Secondary","lga":"Kumbotso","ward":"Naibawa"},"geometry":{"type":"Point","coordinates":[8.5447,11.92906]}},{"type":"Feature","properties":{"name":"Government Junior Secondary School Kuyan","kind":"school","ownership":"Public","level":"Formal","kind_detail":"Secondary","lga":"Kumbotso","ward":"Chalawa"},"geometry":{"type":"Point","coordinates":[8.44754,11.94147]}},{"type":"Feature","properties":{"name":"Government Girls Junior Secondary School Medile","kind":"school","ownership":"Public","level":"Formal","kind_detail":"Secondary","lga":"Kumbotso","ward":"Dan Maliki"},"geometry":{"type":"Point","coordinates":[8.50848,11.94819]}},{"type":"Feature","properties":{"name":"Government Junior Secondary School Batakaye","kind":"school","ownership":"Public","level":"Formal","kind_detail":"Secondary","lga":"Kumbotso","ward":"Dan Maliki"},"geometry":{"type":"Point","coordinates":[8.50833,11.9137]}},{"type":"Feature","properties":{"name":"Government Junior Secondary School Chiranchi","kind":"school","ownership":"Public","level":"Formal","kind_detail":"Secondary","lga":"Kumbotso","ward":"Chiranchi"},"geometry":{"type":"Point","coordinates":[8.47725,11.95383]}},{"type":"Feature","properties":{"name":"Government Junior Secondary School Danbare","kind":"school","ownership":"Public","level":"Formal","kind_detail":"Secondary","lga":"Kumbotso","ward":"Danbare"},"geometry":{"type":"Point","coordinates":[8.43382,11.95874]}},{"type":"Feature","properties":{"name":"Government Junior Secondary School Uunguwa Uku","kind":"school","ownership":"Public","level":"Formal","kind_detail":"Secondary","lga":"Tarauni","ward":"Unguwa Uku Cikin Gari"},"geometry":{"type":"Point","coordinates":[8.56335,11.95604]}},{"type":"Feature","properties":{"name":"Government Girls Junior Secondary School Darmanawa","kind":"school","ownership":"Public","level":"Formal","kind_detail":"Secondary","lga":"Tarauni","ward":"Unguwar Gano"},"geometry":{"type":"Point","coordinates":[8.55322,11.95156]}},{"type":"Feature","properties":{"name":"Government Junior Secondary School Al Israh","kind":"school","ownership":"Public","level":"Formal","kind_detail":"Secondary","lga":"Tarauni","ward":"Unguwa Uku Kauyen Alu"},"geometry":{"type":"Point","coordinates":[8.56833,11.96138]}},{"type":"Feature","properties":{"name":"Government Junior Secondary School Gyadi Gyadi","kind":"school","ownership":"Public","level":"Formal","kind_detail":"Secondary","lga":"Tarauni","ward":"Gyadi Gyadi Kudu"},"geometry":{"type":"Point","coordinates":[8.54564,11.96818]}},{"type":"Feature","properties":{"name":"Government Girls Junior Secondary School Sallari","kind":"school","ownership":"Public","level":"Formal","kind_detail":"Secondary","lga":"Tarauni","ward":"Babban Giji"},"geometry":{"type":"Point","coordinates":[8.53806,11.95846]}},{"type":"Feature","properties":{"name":"Government Junior Secondary School Hausawa Bawo","kind":"school","ownership":"Public","level":"Formal","kind_detail":"Secondary","lga":"Tarauni","ward":"Babban Giji"},"geometry":{"type":"Point","coordinates":[8.53982,11.96675]}},{"type":"Feature","properties":{"name":"Government Junior Secondary School Hausawa Model","kind":"school","ownership":"Public","level":"Formal","kind_detail":"Secondary","lga":"Tarauni","ward":"Babban Giji"},"geometry":{"type":"Point","coordinates":[8.53848,11.96617]}},{"type":"Feature","properties":{"name":"Baballe Ila Junior Secondry School","kind":"school","ownership":"Public","level":"Formal","kind_detail":"Secondary","lga":"Tarauni","ward":"Gyadi Gyadi Arewa"},"geometry":{"type":"Point","coordinates":[8.54437,11.97356]}},{"type":"Feature","properties":{"name":"Government Junior Secondary School Nasir Muhammed Nasir","kind":"school","ownership":"Public","level":"Formal","kind_detail":"Secondary","lga":"Tarauni","ward":"Gyadi Gyadi Arewa"},"geometry":{"type":"Point","coordinates":[8.53882,11.97705]}},{"type":"Feature","properties":{"name":"Government Junior Secondary School Daurawa","kind":"school","ownership":"Public","level":"Formal","kind_detail":"Secondary","lga":"Tarauni","ward":"Tarauni"},"geometry":{"type":"Point","coordinates":[8.55811,11.97457]}},{"type":"Feature","properties":{"name":"Junior Secondary School Gobirawa","kind":"school","ownership":"Public","level":"Formal","kind_detail":"Secondary","lga":"Ungogo","ward":"Tudun Fulani"},"geometry":{"type":"Point","coordinates":[8.47266,12.02746]}},{"type":"Feature","properties":{"name":"Government Junior Secondary School Rafin Malam","kind":"school","ownership":"Public","level":"Formal","kind_detail":"Secondary","lga":"Ungogo","ward":"Kadawa"},"geometry":{"type":"Point","coordinates":[8.49416,12.06968]}},{"type":"Feature","properties":{"name":"Government Girls Junior Secondary School Gayawa","kind":"school","ownership":"Public","level":"Formal","kind_detail":"Secondary","lga":"Ungogo","ward":"Gayawa"},"geometry":{"type":"Point","coordinates":[8.56306,12.0555]}},{"type":"Feature","properties":{"name":"Government Junior Secondary School Magwam","kind":"school","ownership":"Public","level":"Formal","kind_detail":"Secondary","lga":"Nassarawa","ward":"Giginyu"},"geometry":{"type":"Point","coordinates":[8.54343,11.98761]}},{"type":"Feature","properties":{"name":"Government Junior Secondary School Race Course","kind":"school","ownership":"Public","level":"Formal","kind_detail":"Secondary","lga":"Nassarawa","ward":"Giginyu"},"geometry":{"type":"Point","coordinates":[8.55761,11.99399]}},{"type":"Feature","properties":{"name":"Government Junior Secondary School Rabiu Zakariya","kind":"school","ownership":"Public","level":"Formal","kind_detail":"Secondary","lga":"Nassarawa","ward":"Tudun Wada"},"geometry":{"type":"Point","coordinates":[8.55534,12.02103]}},{"type":"Feature","properties":{"name":"Government Junior Secondary School Gawuna","kind":"school","ownership":"Public","level":"Formal","kind_detail":"Secondary","lga":"Nassarawa","ward":"Gawuna"},"geometry":{"type":"Point","coordinates":[8.54666,12.02904]}},{"type":"Feature","properties":{"name":"Government Junior Secondary School Tudunwada","kind":"school","ownership":"Public","level":"Formal","kind_detail":"Secondary","lga":"Nassarawa","ward":"Gawuna"},"geometry":{"type":"Point","coordinates":[8.55457,12.0269]}},{"type":"Feature","properties":{"name":"Liman Datti Junior Secondary School","kind":"school","ownership":"Public","level":"Formal","kind_detail":"Secondary","lga":"Nassarawa","ward":"Gawuna"},"geometry":{"type":"Point","coordinates":[8.55522,12.02607]}},{"type":"Feature","properties":{"name":"Government Arabic Junior Secondary School Tudunmurtala","kind":"school","ownership":"Public","level":"Formal","kind_detail":"Secondary","lga":"Nassarawa","ward":"Tudun Murtala"},"geometry":{"type":"Point","coordinates":[8.57097,12.03256]}},{"type":"Feature","properties":{"name":"Government Junior Secondary School Tudun Murtala","kind":"school","ownership":"Public","level":"Formal","kind_detail":"Secondary","lga":"Nassarawa","ward":"Tudun Murtala"},"geometry":{"type":"Point","coordinates":[8.57049,12.03244]}},{"type":"Feature","properties":{"name":"Government Junior Secondary School Ladanai","kind":"school","ownership":"Public","level":"Formal","kind_detail":"Secondary","lga":"Nassarawa","ward":"Hotoro North"},"geometry":{"type":"Point","coordinates":[8.59957,11.98451]}},{"type":"Feature","properties":{"name":"Government Junior Secondary School Wurobogga","kind":"school","ownership":"Public","level":"Formal","kind_detail":"Secondary","lga":"Nassarawa","ward":"Hotoro North"},"geometry":{"type":"Point","coordinates":[8.58972,11.99471]}},{"type":"Feature","properties":{"name":"Zaura Babba Junior Secondary School","kind":"school","ownership":"Public","level":"Formal","kind_detail":"Secondary","lga":"Ungogo","ward":"Rangaza"},"geometry":{"type":"Point","coordinates":[8.62101,12.05867]}},{"type":"Feature","properties":{"name":"N Slam Girls Junior Secondary School","kind":"school","ownership":"Public","level":"Formal","kind_detail":"Secondary","lga":"Dala","ward":"Kabuwaya"},"geometry":{"type":"Point","coordinates":[8.50382,12.01486]}},{"type":"Feature","properties":{"name":"Government Junior Secondary School Baika","kind":"school","ownership":"Public","level":"Formal","kind_detail":"Secondary","lga":"Dala","ward":"Dala"},"geometry":{"type":"Point","coordinates":[8.50604,12.00766]}},{"type":"Feature","properties":{"name":"Government Junior Secondary School MuhD M Kaya","kind":"school","ownership":"Public","level":"Formal","kind_detail":"Secondary","lga":"Gwale","ward":"Sani Mai Nagge"},"geometry":{"type":"Point","coordinates":[8.49366,11.98432]}},{"type":"Feature","properties":{"name":"Girls Junior Islamic Secondary School","kind":"school","ownership":"Public","level":"Religious","kind_detail":"Secondary","lga":"Dala","ward":"Dala"},"geometry":{"type":"Point","coordinates":[8.50901,12.00322]}},{"type":"Feature","properties":{"name":"College Of Islamic Studies Kadawa","kind":"school","ownership":"Public","level":"Formal","kind_detail":"Secondary","lga":"Ungogo","ward":"Kadawa"},"geometry":{"type":"Point","coordinates":[8.45215,12.07207]}},{"type":"Feature","properties":{"name":"Senior Secondry School Panisua","kind":"school","ownership":"Public","level":"Formal","kind_detail":"Secondary","lga":"Ungogo","ward":"Fanisau"},"geometry":{"type":"Point","coordinates":[8.54451,12.08006]}},{"type":"Feature","properties":{"name":"Government Girls Senior Secondary School Hotoro South","kind":"school","ownership":"Public","level":"Formal","kind_detail":"Secondary","lga":"Nassarawa","ward":"Hotoro South"},"geometry":{"type":"Point","coordinates":[8.58052,11.9697]}},{"type":"Feature","properties":{"name":"Government Girls Senior Secondary School","kind":"school","ownership":"Public","level":"Formal","kind_detail":"Secondary","lga":"Gwale","ward":"Sani Mai Nagge"},"geometry":{"type":"Point","coordinates":[8.50549,11.98831]}},{"type":"Feature","properties":{"name":"Sheikh Mai Hula Senior Islamic Secondary School","kind":"school","ownership":"Public","level":"Religious","kind_detail":"Secondary","lga":"Gwale","ward":"Sani Mai Nagge"},"geometry":{"type":"Point","coordinates":[8.49903,11.99005]}},{"type":"Feature","properties":{"name":"Government Girls Senior Secondary School Abdullahi Mariri","kind":"school","ownership":"Public","level":"Formal","kind_detail":"Secondary","lga":"Kumbotso","ward":"Mariri"},"geometry":{"type":"Point","coordinates":[8.61081,11.94786]}},{"type":"Feature","properties":{"name":"Government Senior Secondary School Unguwa Uku","kind":"school","ownership":"Public","level":"Formal","kind_detail":"Secondary","lga":"Tarauni","ward":"Unguwa Uku Cikin Gari"},"geometry":{"type":"Point","coordinates":[8.56319,11.95719]}},{"type":"Feature","properties":{"name":"Government Girls Senior Secondary School Tahir","kind":"school","ownership":"Public","level":"Formal","kind_detail":"Secondary","lga":"Tarauni","ward":"Gyadi Gyadi Kudu"},"geometry":{"type":"Point","coordinates":[8.54641,11.96785]}},{"type":"Feature","properties":{"name":"Government Girls Senior Secondary School Na Maituwo","kind":"school","ownership":"Public","level":"Formal","kind_detail":"Secondary","lga":"Tarauni","ward":"Hotoro"},"geometry":{"type":"Point","coordinates":[8.58117,11.9618]}},{"type":"Feature","properties":{"name":"Government Senior Secondary School Hausawa","kind":"school","ownership":"Public","level":"Formal","kind_detail":"Secondary","lga":"Tarauni","ward":"Babban Giji"},"geometry":{"type":"Point","coordinates":[8.53972,11.96638]}},{"type":"Feature","properties":{"name":"Rabiu Gambo Senior Secondary School","kind":"school","ownership":"Public","level":"Formal","kind_detail":"Secondary","lga":"Tarauni","ward":"Babban Giji"},"geometry":{"type":"Point","coordinates":[8.53742,11.96975]}},{"type":"Feature","properties":{"name":"Senior Islamic School Islamiyya College","kind":"school","ownership":"Public","level":"Religious","kind_detail":"Secondary","lga":"Tarauni","ward":"Babban Giji"},"geometry":{"type":"Point","coordinates":[8.53562,11.96747]}},{"type":"Feature","properties":{"name":"Day Science College Kano","kind":"school","ownership":"Public","level":"Formal","kind_detail":"Secondary","lga":"Nassarawa","ward":"Giginyu"},"geometry":{"type":"Point","coordinates":[8.53663,11.98966]}},{"type":"Feature","properties":{"name":"Government Islamic Senior Secondary School Dakata","kind":"school","ownership":"Public","level":"Formal","kind_detail":"Secondary","lga":"Nassarawa","ward":"Dakata"},"geometry":{"type":"Point","coordinates":[8.57924,12.01957]}},{"type":"Feature","properties":{"name":"Yakub Memorial Senior Secondary School","kind":"school","ownership":"Public","level":"Formal","kind_detail":"Secondary","lga":"Nassarawa","ward":"Gwagwarwa"},"geometry":{"type":"Point","coordinates":[8.54499,12.02631]}},{"type":"Feature","properties":{"name":"Senior Secondary School Slamic M Bala Shuaibu","kind":"school","ownership":"Public","level":"Formal","kind_detail":"Secondary","lga":"Fagge","ward":"Fagge B"},"geometry":{"type":"Point","coordinates":[8.53085,12.00591]}},{"type":"Feature","properties":{"name":"Mai Sukari Senior Secondary School","kind":"school","ownership":"Public","level":"Formal","kind_detail":"Secondary","lga":"Gwale","ward":"Sani Mai Nagge"},"geometry":{"type":"Point","coordinates":[8.49283,11.98484]}},{"type":"Feature","properties":{"name":"Sani Mainagge Pre Primary","kind":"school","ownership":"Public","level":"Formal","kind_detail":"Pre Primary","lga":"Gwale","ward":"Sani Mai Nagge"},"geometry":{"type":"Point","coordinates":[8.50638,11.98848]}},{"type":"Feature","properties":{"name":"Kamaluddeen Islamiyya Schools","kind":"school","ownership":"Public","level":"Religious","kind_detail":"Mixed","lga":"Nassarawa","ward":"Dakata"},"geometry":{"type":"Point","coordinates":[8.5818,12.03226]}}]}