{"type":"FeatureCollection","features":[{"type":"Feature","properties":{"name":"Unguwa Uku Kauyen Alu","label":"Unguwa Uku Kauyen Alu","lga":"Tarauni","people":67756,"walk":8.74,"walk_clinic":10.02,"walk_school":7.47,"f15":96.45,"f15_health":96.45,"f15_school":95.63,"beyond":2408,"clinics":5,"schools":9,"off_pct":0.0,"hexes":43,"gini":0.16,"share":1.18,"rank":54.0,"of":88,"reading":"Most people here already finish inside 15 minutes. Clinics and schools are about even. That is 29 points above the city as a whole.","places":"Kafin Alu, Yan Awaki, Arbamiyya, Cbn, Famfon Dan Yobe, Gangara, Kauyen Alu, Kauyen Muhd and 21 others","place_n":29},"geometry":{"type":"Polygon","coordinates":[[[8.570792133350324,11.946214636196544],[8.57037096824564,11.945751354941137],[8.56979632843786,11.946029751771675],[8.569500086359938,11.945612156076205],[8.569439409101506,11.945580034091336],[8.568691532887954,11.945324037574322],[8.567979609771214,11.945080347380156],[8.567870648811436,11.945442254356578],[8.567779735446493,11.945744217022021],[8.566336591560514,11.94592922015744],[8.565682156706202,11.946007605966313],[8.565743979700926,11.946361320118854],[8.56573283080553,11.947800107688863],[8.565367216823631,11.950215066172403],[8.565936064098139,11.950178614851268],[8.566200481866815,11.95017861485127],[8.566479077447525,11.950220621284698],[8.567344316087372,11.950454742692273],[8.5674720153213,11.950483119000808],[8.568388087240464,11.951679584245483],[8.56840234689082,11.952191143806319],[8.568421362156187,11.952377165873543],[8.56850692725294,11.95260969278314],[8.568640026915773,11.953056143226489],[8.568815910026274,11.953707216414953],[8.569053590051169,11.95423737395572],[8.56923422607872,11.954837289209593],[8.569309731359056,11.955273079089348],[8.56956892136867,11.956182183960665],[8.569676285132516,11.956558760678321],[8.569280390977326,11.956554901687413],[8.569274693772172,11.956858119806444],[8.567860499962137,11.956643036147227],[8.56758862231709,11.95750210723651],[8.567301811429502,11.958543604004149],[8.56717675710172,11.959631170342277],[8.566294190324697,11.961703565367314],[8.565865004166653,11.962305007670011],[8.563563511347013,11.963881444573074],[8.563119438711169,11.964205527862871],[8.565247083586087,11.966422633697613],[8.566720698301651,11.968050232132557],[8.568988765119457,11.96633980523785],[8.570654096409498,11.965426877348534],[8.571992895555752,11.964955025554044],[8.573383322082691,11.964229574835086],[8.573969060423849,11.963835062038529],[8.575001921001899,11.96418074614456],[8.57612139258822,11.963671533814306],[8.577167037029199,11.963131737339836],[8.578217727566141,11.962660083396198],[8.577939642800345,11.962562425115891],[8.57706022814705,11.962414776221008],[8.576387593712525,11.962226435701496],[8.575512932875597,11.961833479631425],[8.575499999725253,11.959800000969322],[8.577306398671396,11.959769416825168],[8.57714437501295,11.959173887564932],[8.577153184771703,11.958644497145885],[8.577365079434912,11.957477783273134],[8.577692864334267,11.956575852293778],[8.577843125759673,11.956247426177807],[8.577868747444768,11.956106155274881],[8.577863992729135,11.956017795984565],[8.577906776176803,11.955882931851876],[8.577947918361815,11.95580528168847],[8.577979506149347,11.955699857762284],[8.578015157973198,11.955558019387125],[8.578114982720308,11.955318518235059],[8.578210054550425,11.955053441263374],[8.578264720740322,11.95494415384968],[8.578305127279862,11.954781387351202],[8.578326517654716,11.954686051120403],[8.578333648379214,11.95455351173524],[8.57828848892268,11.954486079668865],[8.578278982189318,11.95441864760255],[8.57828848892268,11.95436051632481],[8.57831225710504,11.954295409005963],[8.578343156011899,11.95424425376933],[8.578407328935157,11.954251229810437],[8.578450112382825,11.954234952980753],[8.578500023857089,11.954237277728225],[8.57855231403812,11.954253554557967],[8.578602227310967,11.954227976939647],[8.5786249648703,11.954191578678488],[8.57867115405054,11.95414426894291],[8.578673530059405,11.954060560046852],[8.57867115405054,11.954000103122326],[8.578678283875774,11.95393732055095],[8.578703788648966,11.953903045589131],[8.578766225880656,11.953865237190994],[8.578820892070553,11.953835009178361],[8.578837528629094,11.95379548037715],[8.578887441901998,11.953760601070938],[8.578961123357203,11.953758276323468],[8.579007372792091,11.953737991215348],[8.579039305019933,11.953671459370412],[8.57901578864778,11.953616435250355],[8.578965877173516,11.953558303972615],[8.578925470634033,11.953521099019554],[8.578877935168634,11.953525750313187],[8.578844660252912,11.953560628720084],[8.578794746980066,11.953565279114398],[8.578756718247973,11.953544351890399],[8.578761472064343,11.953490871006917],[8.578768601889522,11.953365306763546],[8.578809008429062,11.953286248261806],[8.578830398803916,11.953225791337271],[8.578887441901998,11.9531630087659],[8.578932601358531,11.953083950264157],[8.578987268447747,11.953011866904204],[8.579053818279135,11.952930482755617],[8.57909659992822,11.952844448212772],[8.579139383375889,11.95273283605161],[8.579163150658928,11.95261889914292],[8.579189294850153,11.95250031004133],[8.579234455206006,11.952377069646104],[8.579224946674003,11.952288710355731],[8.57922019375701,11.952244529361563],[8.579262976305358,11.952228251632562],[8.579289121395902,11.952153844424402],[8.579303381945579,11.952109664329612],[8.579324013292648,11.952083512044512],[8.579374685593336,11.952051532152549],[8.579445990140357,11.952002700764067],[8.579545814887524,11.95195154462812],[8.579614741627097,11.95192131661554],[8.57967891634894,11.951923642262328],[8.579733581639516,11.951923642262328],[8.579793001645783,11.951918990968695],[8.579871436017982,11.951874810873846],[8.579909371220538,11.95181290514148],[8.579930856024248,11.951723668112834],[8.579921349290885,11.9516632111883],[8.579978392388966,11.951560898916396],[8.57999978276382,11.951500441991868],[8.57999978276382,11.951435333773702],[8.579964130939914,11.951379528142752],[8.579966507848098,11.95130279438848],[8.579964130939914,11.95123071012921],[8.579954624206607,11.951156302021788],[8.580043659787123,11.951052564324412],[8.5800639565864,11.95097027905518],[8.580104362226564,11.950905170837018],[8.580160503304626,11.950843676994166],[8.580227956055353,11.95080518421196],[8.580261230971075,11.950733099952627],[8.58028737606162,11.950661015693353],[8.580332534618833,11.950581956292295],[8.580392146180657,11.950521680131486],[8.580479895730662,11.950486620061499],[8.580572591551913,11.950449415108492],[8.580615088115849,11.950399017101004],[8.580648649015984,11.950339196896492],[8.58066766338203,11.950285715113695],[8.580693496407775,11.950257537555387],[8.580712822838564,11.950211306106949],[8.580719952663742,11.950160149971],[8.580731837204553,11.950108992935727],[8.580736591020923,11.950039235222562],[8.580708069022194,11.949976451751922],[8.580679547023522,11.949915993928018],[8.580670040290158,11.94986483779206],[8.580712822838564,11.949813681656108],[8.580743720846101,11.949753224731579],[8.580781749578136,11.949688117412734],[8.580810270677489,11.949648586812886],[8.580864937766705,11.949599756323721],[8.580948125055954,11.949525346417659],[8.58108649294735,11.94944319424809],[8.580299999845181,11.947700000554615],[8.578724065663152,11.944700942294675],[8.577203590873069,11.945396933921412],[8.576243478253957,11.945946589663434],[8.57520127371987,11.946635445169704],[8.573720059733034,11.947499188236977],[8.573563253041755,11.947440414843301],[8.573349101979545,11.947572474889853],[8.5726693044449,11.947891277360611],[8.572314036263833,11.948057885762866],[8.571510563062077,11.946976761268559],[8.570792133350324,11.946214636196544]]]}},{"type":"Feature","properties":{"name":"Sabon Gari West","label":"Sabon Gari West","lga":"Fagge","people":24415,"walk":5.98,"walk_clinic":5.21,"walk_school":6.74,"f15":100.0,"f15_health":100.0,"f15_school":99.96,"beyond":0,"clinics":25,"schools":14,"off_pct":0.0,"hexes":37,"gini":0.16,"share":0.42,"rank":1.0,"of":88,"reading":"Most people here already finish inside 15 minutes. Clinics and schools are about even. That is 32 points above the city as a whole.","places":"Aba Road By Court Road, Abadie, Abarba Street, Abedi Line, Abeokuta By Court Road, Abeokuta Road, Abeokuta Road By Gold Coast Road, Aitkin Road and 90 others","place_n":98},"geometry":{"type":"Polygon","coordinates":[[[8.52982228097352,12.028235045211206],[8.53094145668291,12.029416337993664],[8.533094054147341,12.03249127655124],[8.534216344208971,12.03342337528858],[8.535848370006306,12.034778816389288],[8.536799540666323,12.03376533800002],[8.537277142725998,12.033256598713137],[8.538099515180534,12.031729351128714],[8.538110002174903,12.031706558710766],[8.538805422732139,12.030195121207951],[8.539097768946931,12.029553531370425],[8.539343767700757,12.029072339217121],[8.53962898409037,12.028517917967577],[8.540049677051002,12.027953036703309],[8.54030527516835,12.027674840421582],[8.540573255151628,12.027334010855954],[8.541186024415538,12.02667240210974],[8.54139912866691,12.026438517223822],[8.539525070125933,12.026447057185974],[8.539534576859296,12.025697594568383],[8.537750946948677,12.025712104230251],[8.537746749812698,12.027310888386863],[8.538422996823897,12.027304409670817],[8.538199578247998,12.027511301405468],[8.537835800681705,12.027723148404618],[8.536431241308776,12.028558541243738],[8.536184053651198,12.028556215596891],[8.536217201762497,12.027374454267715],[8.536179766583018,12.026465816144537],[8.536229213107731,12.024241701893057],[8.534632004563434,12.024241701893063],[8.534580191922373,12.014382052989392],[8.53460000128905,12.010767263998103],[8.534590356060107,12.010766408742825],[8.533450382629098,12.010622333753757],[8.531823570201652,12.010559613235612],[8.531059328125536,12.01056227882617],[8.530503160392584,12.010642099952975],[8.530129980414301,12.010772644641861],[8.52975075339458,12.01085619255929],[8.528948355782063,12.011162390132254],[8.527863130379217,12.011607526666069],[8.526850006322775,12.012493527054685],[8.526071086411548,12.013667345571603],[8.525118025376628,12.014647470804164],[8.526045113990847,12.015945546849533],[8.5258624374016,12.016702161775413],[8.526365707011792,12.018635642121236],[8.528037981967316,12.018985567430034],[8.527892676705733,12.025829983766808],[8.528374185420375,12.026757663235628],[8.528992792183658,12.027359513830561],[8.52982228097352,12.028235045211206]]]}},{"type":"Feature","properties":{"name":"Kan Karofi","label":"Kan Karofi","lga":"Kano Municipal","people":22151,"walk":7.64,"walk_clinic":7.47,"walk_school":7.81,"f15":100.0,"f15_health":100.0,"f15_school":100.0,"beyond":0,"clinics":3,"schools":2,"off_pct":0.0,"hexes":15,"gini":0.12,"share":0.39,"rank":1.0,"of":88,"reading":"Most people here already finish inside 15 minutes. Clinics and schools are about even. That is 32 points above the city as a whole.","places":"Asibiti Wata Tazo, Dogarai Layin Mai Unguwa, Durumi Zungura, Durumi Zungura Gidan Umar Jega, Durumi Zungura Layin Mai Unguwa, Durumi Zungura Layin Yar Magaji, Kan Karofi Bayan Gidan Mai Unguwa, Kan Karofi Layin Gidan Sarikin Ringim and 10 others","place_n":18},"geometry":{"type":"Polygon","coordinates":[[[8.531911621923882,11.990464021997068],[8.531830915864134,11.99024335804461],[8.53168397563502,11.989841597611703],[8.5311272835973,11.9886061332665],[8.529981165098718,11.986636760078454],[8.528473654035963,11.985016314851121],[8.527753145990971,11.984336892333772],[8.52716603888166,11.98498231777978],[8.52666513358912,11.98551287282089],[8.526075688242486,11.98617316675831],[8.525814240934494,11.98660096256441],[8.525605082008951,11.9872240551461],[8.523637093776927,11.98673116101429],[8.523789208705068,11.986196416931131],[8.523004865881887,11.98605691769262],[8.522900287318464,11.986428915961765],[8.522705389841917,11.986391716404622],[8.522118321403468,11.986198741678606],[8.52200661121617,11.986308017401143],[8.521629888808377,11.986127830135274],[8.521297288039477,11.985927218366498],[8.520596539898463,11.98791115067911],[8.520497183698126,11.989129948788161],[8.520807152128441,11.989941124683185],[8.520441511166837,11.991599974559223],[8.520077417938523,11.992594628339475],[8.521734348661312,11.992534443909504],[8.522328346376128,11.9925189863622],[8.52320935282944,11.992935528951534],[8.524515952649153,11.992925045554443],[8.525992145720977,11.993014602741765],[8.527516440831107,11.992187550215306],[8.527809302357468,11.992574091421204],[8.528643557554176,11.993072787079484],[8.529704896963494,11.991073370239919],[8.531102929056999,11.990748810309412],[8.531911621923882,11.990464021997068]]]}},{"type":"Feature","properties":{"name":"Babban Giji","label":"Babban Giji","lga":"Tarauni","people":35257,"walk":5.71,"walk_clinic":7.72,"walk_school":3.7,"f15":100.0,"f15_health":100.0,"f15_school":100.0,"beyond":0,"clinics":6,"schools":28,"off_pct":0.0,"hexes":36,"gini":0.08,"share":0.61,"rank":1.0,"of":88,"reading":"Most people here already finish inside 15 minutes. Clinics and schools are about even. That is 32 points above the city as a whole.","places":"Audu Azare, Babban Giji Gidan Mai Unguwa, Babban Giji Primary School, Bawo Road, Bawo Road Madakin Labai, Danfulani, Danfulani Baso, Danfulani Nasiriyya and 19 others","place_n":27},"geometry":{"type":"Polygon","coordinates":[[[8.53951761474616,11.95312798287017],[8.539416601095297,11.953203553801014],[8.539321058919768,11.953318809115782],[8.538150585880885,11.955016702159128],[8.538164847329881,11.955121338279186],[8.5375730241758,11.956021206213732],[8.536966188638758,11.956984257817284],[8.5361552744464,11.95810571600606],[8.53596369456892,11.958298069300497],[8.536098677412099,11.958609437075893],[8.535401014845036,11.959366237262088],[8.53439514202222,11.961029437158857],[8.534450544756908,11.961073800715385],[8.53519425800863,11.961557807746656],[8.535078471194538,11.961715368069804],[8.5342763020098,11.962697758694672],[8.533592972837482,11.963534821574795],[8.533010657316026,11.964191682799992],[8.532362979967616,11.964970611704416],[8.531617547212079,11.96589091943042],[8.531487836194742,11.966033190379502],[8.531005724934289,11.966631413109269],[8.530499704297938,11.967232732204877],[8.530552838942413,11.967282194917404],[8.531362350192353,11.968738027338134],[8.531566034045284,11.969104331999347],[8.532773485408086,11.971210838309611],[8.533393569757493,11.972279579139295],[8.533653394688486,11.972804964877298],[8.533674642071105,11.972842365882512],[8.534611874138704,11.974551182091428],[8.534868567630326,11.974879017352805],[8.535444357670997,11.975424682802894],[8.53607003940084,11.975988366170213],[8.537206984814532,11.976866451625485],[8.537611142840035,11.977178590119875],[8.538117542990278,11.976623344192037],[8.539313960570894,11.975275674133117],[8.54073237939582,11.97357900506705],[8.54105613173516,11.97293608243433],[8.541658771934806,11.97160370714539],[8.541861209327408,11.971231636930552],[8.542172667035004,11.970884262099046],[8.542222451704845,11.97082415770876],[8.542374597209914,11.970478300932882],[8.54251720540475,11.969873771257596],[8.542802420895043,11.968534499967236],[8.543011578921266,11.967483538734369],[8.543239751313536,11.966413974125658],[8.543515460070466,11.965307200966606],[8.543717541331489,11.96429854564144],[8.54363849991688,11.964254644336393],[8.543000001049279,11.963900000284806],[8.54194695968448,11.963217640581716],[8.540899998636064,11.96229999934553],[8.538613252899326,11.961019521233993],[8.538830236826016,11.960843489735339],[8.539089559935292,11.960745119191927],[8.539703465942239,11.960175603721211],[8.540322665358758,11.959476653324941],[8.541209304266033,11.958613954370549],[8.541423464321497,11.958372823646924],[8.541640448248131,11.958129483289097],[8.541778048118488,11.95792756210733],[8.541830971422257,11.95760138159852],[8.541966219565438,11.957154819639246],[8.54095621885449,11.956190994618739],[8.540143354931956,11.955339958072669],[8.540535525893858,11.954879559144388],[8.540756567561573,11.954621457314431],[8.541348390715712,11.955123709791451],[8.54129134761763,11.955514351905888],[8.542390721154902,11.955786173792944],[8.542709492149413,11.954613969559091],[8.542507466646327,11.954538870772296],[8.542393381349541,11.954455161876297],[8.54203210839512,11.954129627080645],[8.541645739859064,11.953755536089147],[8.541174726232668,11.953382752711947],[8.540714295828138,11.953087632987945],[8.540195649609586,11.952849464631127],[8.539825189181158,11.952704493917338],[8.53951761474616,11.95312798287017]]]}},{"type":"Feature","properties":{"name":"Tudun Nufawa","label":"Tudun Nufawa","lga":"Kano Municipal","people":14964,"walk":5.43,"walk_clinic":5.47,"walk_school":5.39,"f15":100.0,"f15_health":100.0,"f15_school":100.0,"beyond":0,"clinics":1,"schools":1,"off_pct":0.0,"hexes":11,"gini":0.09,"share":0.26,"rank":1.0,"of":88,"reading":"Most people here already finish inside 15 minutes. Clinics and schools are about even. That is 32 points above the city as a whole.","places":"Chediyar Feru A, Chediyar Feru B, Dukawa Gidan Mai Unguwa, Gidan Makafi, Lungun Mazan Kwarai, Makafin Kofar Wambai B, Makwarari, Mazan Kwarai and 7 others","place_n":15},"geometry":{"type":"Polygon","coordinates":[[[8.510486704098184,11.99968546341347],[8.510462047385602,11.999678422621173],[8.51044493238777,11.999490606406422],[8.510392432664673,11.999498243449239],[8.510383604919468,11.999464034137928],[8.510115230133806,11.999455376364551],[8.509998061961028,11.999395362805783],[8.50985597807096,11.999356218015123],[8.50984562687421,11.999369635000674],[8.509803733755348,11.99942394056245],[8.509726574621766,11.999569687391215],[8.50966656196232,11.9997382949864],[8.50970085491059,11.999741153031838],[8.50968656558257,11.999786877262636],[8.509646557442693,11.999946910721402],[8.509617979686084,11.999964058094857],[8.509360780775467,11.999878324824863],[8.509217892891513,11.999789735308072],[8.50919109399382,11.999751567181137],[8.509123587283797,11.999655419761835],[8.50909500862781,11.999598264248558],[8.509011954438224,11.999605814956453],[8.508854144103509,11.999451749398759],[8.50871388313925,11.999564551362992],[8.508744324291172,11.999770790189872],[8.508771935276629,11.999919244877274],[8.508732180745596,12.00014618519833],[8.508735955200223,12.000304458683843],[8.50877136510644,12.000322037731907],[8.50879465215155,12.000337522258915],[8.508795565862727,12.000400392963797],[8.508730204035714,12.000825909887906],[8.508569770378642,12.000860782898883],[8.508509724444252,12.000998309024792],[8.50846350378771,12.001097799224112],[8.508432684021216,12.00118420608629],[8.508379022374015,12.001289751420927],[8.508339239964016,12.001366968111144],[8.508223813778045,12.001521278284429],[8.508000316061782,12.00168261486084],[8.509188360054793,12.002221523704405],[8.509499423859381,12.002279788981124],[8.510003719596057,12.002310140200848],[8.510623732898978,12.002468094427059],[8.511236947327292,12.002641062834813],[8.511592040140613,12.002790316120239],[8.51164361715928,12.002848436606087],[8.511669761350447,12.003176237693255],[8.511757703355386,12.003462192426298],[8.51181474555409,12.003517988164672],[8.511888427009353,12.003541235639542],[8.512021526672186,12.003571459155578],[8.512183109662828,12.003552535621054],[8.512458249148949,12.003460892905933],[8.512668087062593,12.003440477396165],[8.512889367950038,12.003489349254098],[8.513077084340011,12.003571793703372],[8.513266968995481,12.003706299006524],[8.513927718889192,12.004027125851227],[8.514179658564444,12.00404107523548],[8.514511598331637,12.004075988715952],[8.514512797127907,12.004032605420432],[8.514641115095458,12.003768139987699],[8.515330556060348,12.004133611876737],[8.515531311720736,12.004352669640014],[8.515804200203718,12.00456625143141],[8.516367025617797,12.004956819801462],[8.516636625280057,12.005122563955183],[8.516966255588272,12.005465717369022],[8.51739758123341,12.005778682340347],[8.517625416379929,12.005898758021315],[8.51792608671957,12.00602876941224],[8.51837897900674,12.006088473604223],[8.518266228303844,12.00646354395741],[8.51898104364028,12.00685792005703],[8.519232712619669,12.006916981233758],[8.519797155014716,12.00701419075233],[8.519822846846978,12.00687760261934],[8.519738805201769,12.006849443047429],[8.51972135026017,12.006442712061586],[8.519873756568643,12.006384859573641],[8.519822676875094,12.006244720917207],[8.51987398409716,12.005973876593204],[8.519935089432863,12.005926236806427],[8.519876415863962,12.005643124830383],[8.51989585830728,12.005514093700526],[8.519373005060174,12.005489884850363],[8.518893160990615,12.005440271051723],[8.51820781373965,12.005219048620235],[8.518257251271166,12.00494936981761],[8.518247743638483,12.004793143189035],[8.51818499614069,12.004763384622548],[8.51823245516374,12.004460399427954],[8.516642779340827,12.003698759090526],[8.516134932181444,12.003540831843964],[8.515870158281245,12.003557879392645],[8.515866294793739,12.003506121610256],[8.515690667989986,12.003441549388018],[8.515399456719592,12.003302221920082],[8.515425342805372,12.003035179030345],[8.514927219115918,12.002992767901958],[8.51506147440756,12.002281176635051],[8.51489848937382,12.001809851843234],[8.514705720592588,12.001571622332563],[8.513978253593564,12.00048855080604],[8.51374976913661,12.00040331396184],[8.513341522793098,12.000336556387028],[8.512799515785048,12.00030650644015],[8.512741676787016,11.999611797246702],[8.512767451356865,11.999428386810678],[8.512482277235335,11.99933863986638],[8.512393986293489,11.999320607560033],[8.512323834677261,11.99930961784463],[8.512148540622718,11.99927750934961],[8.511865420552738,11.999319179436608],[8.511610122808975,11.999274128798048],[8.511440517865651,11.999282568935485],[8.511117770968383,11.999284460209704],[8.511246390208782,11.999444774256972],[8.511346215855212,11.999678422621171],[8.511340050103286,11.999690269390442],[8.51139550769659,11.999784019217145],[8.511481240966532,11.999958342903255],[8.51157554657425,12.000021212708877],[8.511526965197334,12.000109804024303],[8.511421228307086,12.000246976716653],[8.511412655070046,12.000324135850235],[8.511401223787516,12.00031842065863],[8.511352642410543,12.000364144889431],[8.511158314204863,12.0003527136069],[8.510392432664673,12.00036128684394],[8.510426725612945,12.000169816683753],[8.51046387660665,12.000032643991405],[8.510501027600412,11.999895472198318],[8.510472450743066,11.999732578895477],[8.510486704098184,11.99968546341347]]]}},{"type":"Feature","properties":{"name":"Yakasai","label":"Yakasai","lga":"Kano Municipal","people":24341,"walk":7.58,"walk_clinic":8.81,"walk_school":6.36,"f15":100.0,"f15_health":99.89,"f15_school":100.0,"beyond":0,"clinics":2,"schools":3,"off_pct":0.0,"hexes":16,"gini":0.1,"share":0.42,"rank":1.0,"of":88,"reading":"Most people here already finish inside 15 minutes. Clinics and schools are about even. That is 32 points above the city as a whole.","places":"Alkali A, Alkali B, Durumin Iya B, Gyanawa A, Gyanawa B, Gyanawa C, Hauren Balagun A, Hauren Balagun B and 7 others","place_n":15},"geometry":{"type":"Polygon","coordinates":[[[8.519516269760118,11.993683460923023],[8.520052007594131,11.99394600270591],[8.52005597989961,11.994112587725795],[8.520270723615056,11.994238926285448],[8.520507116710121,11.994539516585462],[8.520671358096763,11.994629661929423],[8.520696048084176,11.99492979627314],[8.520827981326306,11.995175684410354],[8.521279572294475,11.99542634884699],[8.521443027673627,11.995408544968425],[8.522060839436222,11.995653888116465],[8.523992445594956,11.996308733061651],[8.523358130373481,11.99665969259081],[8.524293821003084,11.997644897194279],[8.52482201712246,11.99753180834631],[8.525466027035577,11.997674287938082],[8.526342492811864,11.997986839221314],[8.527061224695785,11.99859333121731],[8.527528730966196,11.998815131912862],[8.528125107387837,11.999287686977198],[8.52864361331217,11.99874983843432],[8.53015040941392,11.99677245498486],[8.530970196317583,11.995764424688502],[8.531279081964103,11.995048140759138],[8.531220060357555,11.99453499209625],[8.532508375161456,11.994852425798852],[8.532837965000114,11.994119712155053],[8.533222792098229,11.993797062384543],[8.533252554261992,11.99373089836234],[8.533589246946235,11.993448602970718],[8.53351931566391,11.993397838939186],[8.533016117100146,11.99276827213811],[8.53236961876297,11.991716256899794],[8.531911621923882,11.990464021997068],[8.531102929056999,11.990748810309412],[8.529704896963494,11.991073370239919],[8.528643557554176,11.993072787079484],[8.527809302357468,11.992574091421204],[8.527516440831107,11.992187550215306],[8.525992145720977,11.993014602741765],[8.524515952649153,11.992925045554443],[8.52320935282944,11.992935528951534],[8.522328346376128,11.9925189863622],[8.521734348661312,11.992534443909504],[8.520077417938523,11.992594628339475],[8.519953923035189,11.99295973870102],[8.519516269760118,11.993683460923023]]]}},{"type":"Feature","properties":{"name":"Yalwa","label":"Yalwa","lga":"Dala","people":16556,"walk":5.28,"walk_clinic":6.29,"walk_school":4.27,"f15":100.0,"f15_health":100.0,"f15_school":100.0,"beyond":0,"clinics":4,"schools":8,"off_pct":0.0,"hexes":15,"gini":0.09,"share":0.29,"rank":1.0,"of":88,"reading":"Most people here already finish inside 15 minutes. Clinics and schools are about even. That is 32 points above the city as a whole.","places":"Bayan Makabarta, Dogon Nama, Kantudu Kasuwar Kulkul, Layin Abdurrazak, Layin Alhaji Dahiru Abdullahi, Layin Alhaji Garba, Layin Alhaji IDI, Layin Alhaji Shittu and 42 others","place_n":50},"geometry":{"type":"Polygon","coordinates":[[[8.494513593427655,12.002662698724636],[8.494533370418765,12.003165548351433],[8.495033681259429,12.004996113879594],[8.495939110601512,12.006555586870888],[8.496347967584711,12.007231028089503],[8.497973160333117,12.009915858729926],[8.498165896738783,12.01031749055977],[8.498581586770854,12.01091263131292],[8.499010279201059,12.011553275063646],[8.499697864864629,12.010944639983222],[8.5010880341855,12.009837547564816],[8.502365475286524,12.008654207925417],[8.502789940903085,12.008835933931262],[8.502838420656644,12.00797618295451],[8.502731064087413,12.007778792557303],[8.502083473073867,12.007144186854816],[8.501959959284761,12.006980215264775],[8.501224871430738,12.00666592289406],[8.50106677691025,12.006452329411504],[8.501640856440417,12.006295610853783],[8.502444383601471,12.005919837230747],[8.502595236780792,12.005890130824922],[8.502700221837813,12.005806787053642],[8.502788217802049,12.005801858768791],[8.502968976137367,12.005420122640599],[8.503131785803305,12.00523141160039],[8.503304005075847,12.005088030887975],[8.503551047043231,12.00490179658067],[8.503663989301685,12.004803470104095],[8.503763603607467,12.004730444254674],[8.503846057049941,12.00462851599326],[8.503939656689852,12.004553207664456],[8.504051692431688,12.004194763077919],[8.504031911843299,12.00401606419007],[8.50395677168774,12.003891841735138],[8.503945960038095,12.00365717174111],[8.50394033298005,12.003411262919487],[8.504177737812427,12.00336157357782],[8.504890916382749,12.00305190192381],[8.504578563849691,12.003023238731545],[8.504100173983886,12.002900214173623],[8.503793032122758,12.002783199784915],[8.503408978441655,12.00246908368132],[8.503133446851166,12.00232348434139],[8.50283716790102,12.002116821034521],[8.50245013386666,12.001981080962137],[8.50191216121732,12.001877694899745],[8.50131283232139,12.001876748812947],[8.501245715017774,12.001731678274382],[8.500819532595415,12.001612922798186],[8.500552695650413,12.001565547412154],[8.50007646235889,12.001424593969885],[8.499978717743659,12.001463639835151],[8.499826567741934,12.001440743995206],[8.498911501264843,12.00197545660211],[8.49810845074444,12.001134439402902],[8.497857731449187,12.001352441362144],[8.497663179312326,12.001595039779318],[8.497392858393766,12.002090065304344],[8.497200666977221,12.002072658926126],[8.49695188302303,12.002589187241256],[8.494513593427655,12.002662698724636]]]}},{"type":"Feature","properties":{"name":"Gyadi Gyadi Arewa","label":"Gyadi Gyadi Arewa","lga":"Tarauni","people":7352,"walk":4.4,"walk_clinic":5.73,"walk_school":3.08,"f15":98.02,"f15_health":98.02,"f15_school":98.02,"beyond":146,"clinics":4,"schools":9,"off_pct":0.0,"hexes":10,"gini":0.18,"share":0.13,"rank":48.0,"of":88,"reading":"Most people here already finish inside 15 minutes. Clinics and schools are about even. That is 30 points above the city as a whole.","places":"Dangi, Gyadi-Gyadin Arewa, Jaoji, Layin Kilba, Nasidi, Unguwa Maigari, Unguwar Dogari","place_n":7},"geometry":{"type":"Polygon","coordinates":[[[8.540391629869873,11.979200025960495],[8.541462550656263,11.977918439884148],[8.54249055129793,11.976680614818576],[8.543608256615812,11.975350625431075],[8.544654832754361,11.974084275668814],[8.545386447426665,11.973230727316263],[8.545131915905245,11.973077919010787],[8.542607758141571,11.971766565374763],[8.542222451704845,11.97082415770876],[8.542172667035004,11.970884262099046],[8.541861209327408,11.971231636930552],[8.541658771934806,11.97160370714539],[8.54105613173516,11.97293608243433],[8.54073237939582,11.97357900506705],[8.539313960570894,11.975275674133117],[8.538117542990278,11.976623344192037],[8.537611142840035,11.977178590119875],[8.53826525933431,11.977747435595743],[8.53955781803893,11.978639298664746],[8.540391629869873,11.979200025960495]]]}},{"type":"Feature","properties":{"name":"Gyadi Gyadi Kudu","label":"Gyadi Gyadi Kudu","lga":"Tarauni","people":10740,"walk":5.96,"walk_clinic":8.71,"walk_school":3.21,"f15":100.0,"f15_health":100.0,"f15_school":100.0,"beyond":0,"clinics":1,"schools":14,"off_pct":0.0,"hexes":9,"gini":0.06,"share":0.19,"rank":1.0,"of":88,"reading":"Most people here already finish inside 15 minutes. Clinics and schools are about even. That is 32 points above the city as a whole.","places":"Abdu Dan Fulani, Ahmad Karaye, Ali Tukur, Amanallahi, Baba Koki, Gyadi Gyadin Kudu, Mahmud Baffa, Mansur Kankarofi and 7 others","place_n":15},"geometry":{"type":"Polygon","coordinates":[[[8.542222451704845,11.97082415770876],[8.542607758141571,11.971766565374763],[8.545131915905245,11.973077919010787],[8.545386447426665,11.973230727316263],[8.545649329153264,11.972924028820898],[8.545680749666928,11.972887371554974],[8.546025664852607,11.972484969006187],[8.547393831360296,11.971200970048754],[8.548142853310083,11.970489411157473],[8.549532302273974,11.969155423384109],[8.550435884408614,11.968256087848204],[8.550803052418985,11.967933266307226],[8.54962859808137,11.967440270552117],[8.547600000939326,11.966300000344802],[8.54590035601666,11.96542838910892],[8.544084353210394,11.964497104257985],[8.543949941436722,11.964427628032634],[8.543717541331489,11.96429854564144],[8.543515460070466,11.965307200966606],[8.543239751313536,11.966413974125658],[8.543011578921266,11.967483538734369],[8.542802420895043,11.968534499967236],[8.54251720540475,11.969873771257596],[8.542374597209914,11.970478300932882],[8.542222451704845,11.97082415770876]]]}},{"type":"Feature","properties":{"name":"Sani Mai Nagge","label":"Sani Mai Nagge","lga":"Gwale","people":36520,"walk":5.35,"walk_clinic":7.3,"walk_school":3.4,"f15":100.0,"f15_health":100.0,"f15_school":100.0,"beyond":0,"clinics":6,"schools":29,"off_pct":0.0,"hexes":30,"gini":0.11,"share":0.64,"rank":1.0,"of":88,"reading":"Most people here already finish inside 15 minutes. Clinics and schools are about even. That is 32 points above the city as a whole.","places":"Alhaji Aminu Ibrahim, Alhaji Bature Yakubu, Alhaji Kabiru Abijan, Badamasi Road, Balbela Street, Dambo Road A, Dambo Road B, Dandalama Avenue and 89 others","place_n":97},"geometry":{"type":"Polygon","coordinates":[[[8.498468853155089,11.98093191697444],[8.498420428260204,11.980746913839027],[8.496653934931203,11.980100520722488],[8.49598610557439,11.979735969739238],[8.49318244481401,11.979171035414995],[8.491766758129415,11.978853555846966],[8.491455845410997,11.978783831408744],[8.491445931284773,11.978796025316342],[8.491077586961126,11.980815267710508],[8.490675142144141,11.983279268023866],[8.489914214069756,11.985863006772378],[8.490698557792257,11.98574675770675],[8.491375828231924,11.989236995091286],[8.492721320132887,11.988854338956628],[8.4940777073204,11.988465046724572],[8.495284756686203,11.988597090583312],[8.495195929748434,11.991113181428204],[8.495076470103072,11.993568685846238],[8.49488947496934,11.995722343611305],[8.498310112022125,11.994722533118475],[8.49809692503311,11.994229785576183],[8.49766163967297,11.993292193779782],[8.498145406585309,11.993131921101336],[8.498659895238006,11.99294345557604],[8.49939660636835,11.994134729933878],[8.499421291859164,11.994180071053504],[8.499661983713622,11.994128440974803],[8.499872329744278,11.99413192764638],[8.500097244792073,11.994203923772089],[8.500309438929492,11.994142071999082],[8.500802845674855,11.99412495430323],[8.501690594345519,11.993975493274434],[8.502200402926292,11.99385991510303],[8.502943085554989,11.99357001684285],[8.50290844277049,11.993295129166937],[8.502987128952896,11.99287869539552],[8.503122137876403,11.992575702106992],[8.503713539248508,11.991834232663734],[8.503836251741689,11.991802465911123],[8.504134397684368,11.991506677091534],[8.504961462801305,11.990394534080508],[8.507137504692139,11.990838425952631],[8.507394709897994,11.990246783562267],[8.507619210358314,11.989684019302103],[8.507596033929872,11.989595073653788],[8.507513029202983,11.989596803050063],[8.507227098751628,11.989366009134073],[8.506871327849524,11.989090286887292],[8.506657870164645,11.9889996163393],[8.506619579729886,11.988974384060613],[8.50662859093677,11.988918314029036],[8.506550154765876,11.988575671430171],[8.506162101799589,11.988121565058236],[8.505819459200723,11.987853230742076],[8.50542314865942,11.987456921100089],[8.504969044086181,11.987172073432475],[8.504667683067169,11.987213355012384],[8.504329088316808,11.987104749284812],[8.50423009094601,11.987072996021992],[8.504093156573958,11.987045608967717],[8.503994782433324,11.987081251798372],[8.503920474150618,11.98706886723448],[8.503879190772068,11.986990431063589],[8.50388216123281,11.986925109706076],[8.503833781304024,11.986845943285685],[8.503726447217787,11.986656044241101],[8.503569573976733,11.986581735958397],[8.50370167809001,11.986086348905928],[8.503662357931546,11.985924155275598],[8.503561318200298,11.98590057864885],[8.503098956052042,11.985768475434837],[8.502696978882511,11.985470235063358],[8.50272665201345,11.984628478621461],[8.502679272130763,11.984534144235397],[8.502607696887765,11.984501109438723],[8.502128823186695,11.984724034286783],[8.501443537089585,11.98480659834587],[8.501038969872639,11.984839624149402],[8.50050230124026,11.984748803414616],[8.500576608623646,11.984319467069783],[8.500023425740551,11.984013978162636],[8.499065677439091,11.98378279843746],[8.498000594152131,11.983625925196348],[8.498124440690447,11.982891099944368],[8.49777767020339,11.982808535885283],[8.497728131048461,11.982172788943101],[8.497472181296189,11.982156275591706],[8.497364847209951,11.98198288989852],[8.497430898816958,11.981627862735705],[8.497885004289571,11.981570066905135],[8.497860235161795,11.981190269715224],[8.498297827282954,11.981148988135313],[8.498468853155089,11.98093191697444]]]}},{"type":"Feature","properties":{"name":"Unguwa Uku Cikin Gari","label":"Unguwa Uku Cikin Gari","lga":"Tarauni","people":29337,"walk":6.57,"walk_clinic":9.47,"walk_school":3.68,"f15":100.0,"f15_health":100.0,"f15_school":100.0,"beyond":1,"clinics":2,"schools":15,"off_pct":0.0,"hexes":18,"gini":0.09,"share":0.51,"rank":40.0,"of":88,"reading":"Most people here already finish inside 15 minutes. Clinics and schools are about even. That is 32 points above the city as a whole.","places":"Ado Gano, Alhaji Adamu Line, Alhaji Ayuba Line, Alkali Mamuda, Baba Mai Lemo, Baba Mai Rago, Baban Yawo, Friendship International School Line and 11 others","place_n":19},"geometry":{"type":"Polygon","coordinates":[[[8.561102594808972,11.956413644274335],[8.56071279985588,11.956776381324971],[8.559612419077952,11.95790593341212],[8.559480762826981,11.958041078133306],[8.559320532416677,11.95819823196291],[8.558730928789373,11.958776514924294],[8.558220703822487,11.959320540010935],[8.559500142317745,11.960429181961214],[8.561211436158885,11.962335839127716],[8.563119438711169,11.964205527862871],[8.563563511347013,11.963881444573074],[8.565865004166653,11.962305007670011],[8.566294190324697,11.961703565367314],[8.56717675710172,11.959631170342277],[8.567301811429502,11.958543604004149],[8.56758862231709,11.95750210723651],[8.567860499962137,11.956643036147227],[8.569274693772172,11.956858119806444],[8.569280390977326,11.956554901687413],[8.569676285132516,11.956558760678321],[8.56956892136867,11.956182183960665],[8.569309731359056,11.955273079089348],[8.56923422607872,11.954837289209593],[8.569053590051169,11.95423737395572],[8.568815910026274,11.953707216414953],[8.568640026915773,11.953056143226489],[8.56850692725294,11.95260969278314],[8.568421362156187,11.952377165873543],[8.56840234689082,11.952191143806319],[8.568388087240464,11.951679584245483],[8.5674720153213,11.950483119000808],[8.567344316087372,11.950454742692273],[8.566479077447525,11.950220621284698],[8.566200481866815,11.95017861485127],[8.565936064098139,11.950178614851268],[8.565367216823631,11.950215066172403],[8.564998036130532,11.951239240198847],[8.5645480288685,11.95216066218484],[8.563985737651706,11.953099999565381],[8.562928759055012,11.954475919128411],[8.56171564196336,11.95572854523624],[8.561102594808972,11.956413644274335]]]}},{"type":"Feature","properties":{"name":"Gwammaja","label":"Gwammaja","lga":"Dala","people":35238,"walk":8.86,"walk_clinic":11.45,"walk_school":6.27,"f15":98.98,"f15_health":91.73,"f15_school":98.98,"beyond":360,"clinics":2,"schools":7,"off_pct":0.0,"hexes":23,"gini":0.09,"share":0.61,"rank":45.0,"of":88,"reading":"Most people here already finish inside 15 minutes. Clinics and schools are about even. That is 31 points above the city as a whole.","places":"Babashi, Barawon Layi, Congo, Gidan Haya, Gwammaja II, Housing Estate, Kofar Wakili, Layin Amada and 29 others","place_n":37},"geometry":{"type":"Polygon","coordinates":[[[8.505270129912619,12.01542498867235],[8.504302359566282,12.017894648419317],[8.503385819999664,12.020263771156179],[8.502249593144256,12.023157924398731],[8.501703642609073,12.02450545776071],[8.507277653241147,12.026511303853624],[8.509992169602981,12.026931171236637],[8.511096382392168,12.025727155284018],[8.512472057339608,12.022814172935796],[8.513147087568086,12.021668796377924],[8.513489567389684,12.021230624194006],[8.515527129873194,12.019472822812586],[8.514782101812614,12.019250437557675],[8.513504881045492,12.019056568905569],[8.513201393129862,12.018836235903617],[8.513656656029923,12.017174938072971],[8.514036117772662,12.01623405295925],[8.512705111251933,12.015949273640105],[8.512900688615957,12.015198935082822],[8.512520635119245,12.01513121793141],[8.51101966392639,12.014863707394227],[8.510508395745887,12.014772586285858],[8.50615569502935,12.013967386385845],[8.505372349554364,12.01516414840677],[8.505270129912619,12.01542498867235]]]}},{"type":"Feature","properties":{"name":"She She","label":"She She","lga":"Kano Municipal","people":10644,"walk":6.04,"walk_clinic":4.4,"walk_school":7.69,"f15":100.0,"f15_health":100.0,"f15_school":100.0,"beyond":0,"clinics":3,"schools":0,"off_pct":0.0,"hexes":7,"gini":0.05,"share":0.19,"rank":1.0,"of":88,"reading":"Most people here already finish inside 15 minutes. Clinics and schools are about even. That is 32 points above the city as a whole.","places":"Alfindiki, Daneji A, Daneji B, Kududdufawa A, Kwalwa, Lalloki, Marmara A, Marmara B and 4 others","place_n":12},"geometry":{"type":"Polygon","coordinates":[[[8.511571975366394,11.997277046598468],[8.511606268314665,11.99737278212825],[8.511594837032135,11.9974599426223],[8.511599124100371,11.997542817846806],[8.511621985766055,11.997571395603472],[8.511643419308427,11.997854315124586],[8.511613411629696,11.997907182670417],[8.511586718852016,11.998014162423713],[8.511594324418581,11.998149934871664],[8.511623686384041,11.99825945431041],[8.511626648750905,11.99832476577535],[8.51167817181022,11.998376504672022],[8.51195696344314,11.998417863593602],[8.512139968284941,11.998432316598155],[8.51233483788252,11.998420459036995],[8.512456657348935,11.998461826951825],[8.512710547653683,11.998472468629584],[8.512727105971237,11.99854450162752],[8.51292499279424,11.998551135926222],[8.512851921978665,11.998836539374846],[8.512776518321687,11.99913934920164],[8.512767451356865,11.999428386810678],[8.512741676787016,11.999611797246702],[8.512799515785048,12.00030650644015],[8.513341522793098,12.000336556387028],[8.51374976913661,12.00040331396184],[8.514276752070487,11.999242285603032],[8.514753418835255,11.998131031122227],[8.515415748837768,11.99649648182725],[8.5157470968511,11.9959011702029],[8.516384717980372,11.995019093556378],[8.514876580090174,11.994409174244025],[8.514608449020727,11.99421805392012],[8.514371198871801,11.99404686437134],[8.513397864419971,11.993480170973159],[8.513323556137266,11.993765018640774],[8.5132246280142,11.994118782256066],[8.513076979119319,11.994549990090036],[8.512847756318934,11.995997617995727],[8.512819235219581,11.99622962419784],[8.512813293398835,11.996688789256266],[8.512846491872153,11.996880072357493],[8.511822808875593,11.997032975991088],[8.511822664084718,11.997032994876863],[8.51165153389121,11.997034690098927],[8.511543790613473,11.997033047037517],[8.511532915112015,11.997166491140717],[8.511571975366394,11.997277046598468]]]}},{"type":"Feature","properties":{"name":"Fagge B","label":"Fagge B","lga":"Fagge","people":8437,"walk":5.41,"walk_clinic":7.53,"walk_school":3.3,"f15":100.0,"f15_health":100.0,"f15_school":100.0,"beyond":0,"clinics":2,"schools":9,"off_pct":0.0,"hexes":7,"gini":0.12,"share":0.15,"rank":1.0,"of":88,"reading":"Most people here already finish inside 15 minutes. Clinics and schools are about even. That is 32 points above the city as a whole.","places":"Abba Ghana, Abbale, Ali Haidar Musa, Dandali, Danwawu, Delu Mai Salad, Dogon Layi, Duni Street and 52 others","place_n":60},"geometry":{"type":"Polygon","coordinates":[[[8.528716009636184,12.002919152097263],[8.527676867293621,12.004915545416114],[8.526758294359865,12.006013496225933],[8.52635357066083,12.006497308104313],[8.526738334806339,12.006777440626422],[8.526390414985713,12.007449466219953],[8.52607550478075,12.007656556704777],[8.52795823638354,12.008642666925596],[8.528155207696727,12.00826734566152],[8.528872506960681,12.008587822669936],[8.52906448973448,12.008709226649556],[8.529314916750081,12.008808162866444],[8.529618231096551,12.008182244614943],[8.529934623384236,12.00827355188295],[8.53040257481905,12.008489117578792],[8.530658792569284,12.008173876423314],[8.530857174918708,12.008263437207914],[8.531795791042953,12.008687181568234],[8.532874237356225,12.005542676853107],[8.529886649049672,12.003610690281164],[8.528716009636184,12.002919152097263]]]}},{"type":"Feature","properties":{"name":"Fagge D1","label":"Fagge D1","lga":"Fagge","people":4448,"walk":4.76,"walk_clinic":6.48,"walk_school":3.05,"f15":100.0,"f15_health":100.0,"f15_school":100.0,"beyond":0,"clinics":0,"schools":3,"off_pct":0.0,"hexes":5,"gini":0.11,"share":0.08,"rank":1.0,"of":88,"reading":"Most people here already finish inside 15 minutes. Clinics and schools are about even. That is 32 points above the city as a whole.","places":"Abba Ghana Street, Duni South, Duni Street, Karamin Layi 1, Karamin Layi 2, Kwarin Gogau 1, Kwarin Gogau 2, Layin Ali Zaki and 14 others","place_n":22},"geometry":{"type":"Polygon","coordinates":[[[8.524324397053306,12.008712397659053],[8.52434314162275,12.00873763083706],[8.524766389557271,12.00920688179224],[8.524713652413197,12.009384559949522],[8.52590007043193,12.01011880244084],[8.52608641085925,12.009781709558295],[8.527122694257002,12.010297808896834],[8.528247934994226,12.010826044586338],[8.528679884768906,12.009919480299796],[8.529210722197092,12.008947895029396],[8.529314916750081,12.008808162866444],[8.52906448973448,12.008709226649556],[8.528872506960681,12.008587822669936],[8.528155207696727,12.00826734566152],[8.52795823638354,12.008642666925596],[8.52607550478075,12.007656556704777],[8.526390414985713,12.007449466219953],[8.526738334806339,12.006777440626422],[8.52635357066083,12.006497308104313],[8.525822580347835,12.007082432208506],[8.524324397053306,12.008712397659053]]]}},{"type":"Feature","properties":{"name":"Galadanchi","label":"Galadanchi","lga":"Gwale","people":14884,"walk":4.97,"walk_clinic":6.38,"walk_school":3.55,"f15":100.0,"f15_health":100.0,"f15_school":100.0,"beyond":0,"clinics":1,"schools":8,"off_pct":0.0,"hexes":10,"gini":0.05,"share":0.26,"rank":1.0,"of":88,"reading":"Most people here already finish inside 15 minutes. Clinics and schools are about even. That is 32 points above the city as a whole.","places":"Filin D O, Kan Marmara, Kantudu, Kwanar Hausawa, Kwargwam, Layi Uwani Mai Tuwo, Layin Ado Chiranchi, Layin Ahmed Dahiru and 71 others","place_n":79},"geometry":{"type":"Polygon","coordinates":[[[8.513149311591519,11.992250260840931],[8.513173897257616,11.992397378236491],[8.513289514099824,11.992918933761816],[8.513416597298203,11.99293670256679],[8.513503861214247,11.992666217072326],[8.513683963943834,11.992164991621108],[8.513864109840824,11.99223132831321],[8.51391030081976,11.992262190347843],[8.513916978285977,11.992302428714142],[8.513972709273162,11.992339583305178],[8.514163121830677,11.992489000267197],[8.51423236782955,11.99230454571824],[8.514289269734036,11.992026263101593],[8.514494930296848,11.992017581046584],[8.514546533395844,11.99191437484859],[8.514583687087566,11.99175750160748],[8.514740560328619,11.991751309775166],[8.514798355259927,11.991677002391782],[8.51494334036289,11.991405884673894],[8.515091458703921,11.9912125762994],[8.515310254764474,11.990969011111018],[8.515428383413223,11.990850884260961],[8.51548444984752,11.99072340266298],[8.515486950862169,11.99063453075905],[8.515426680097278,11.990484577801052],[8.515228620604432,11.990327388897926],[8.51520028206744,11.990144733892405],[8.515054789746785,11.990183007240034],[8.51482443829724,11.990223795092106],[8.514531490435957,11.990157811833624],[8.514486019814,11.990092422127647],[8.514530020044447,11.989822396186694],[8.514540310986604,11.989589668728284],[8.514603056685758,11.989435656230624],[8.514598623927384,11.989279570795588],[8.514628288065069,11.98912738482102],[8.514281147956638,11.989115521863882],[8.514291527032412,11.988782554171566],[8.514342872025964,11.988075973927096],[8.51411078398553,11.988000811288487],[8.514308533212272,11.98760463564548],[8.51372954608172,11.987420654139951],[8.512793088330397,11.987134062686893],[8.512731291416003,11.987525277669478],[8.512713456061192,11.987991392688683],[8.512707997176392,11.988533628124513],[8.512697430142339,11.988745269178876],[8.512589265082568,11.98874551289515],[8.51256323510529,11.988808617423787],[8.51231812578095,11.988946155240908],[8.51216236140391,11.98900095632911],[8.512196594097588,11.988703016331216],[8.512206382318766,11.988510434608939],[8.512217639132814,11.988394554265316],[8.512263595388674,11.988218893287351],[8.512331146165536,11.988032240795341],[8.512062630186279,11.987926370805441],[8.511896761926096,11.987938633061503],[8.511551308046478,11.98781038074452],[8.511468716108425,11.988186846845567],[8.510971515123401,11.988086029246912],[8.511027307264442,11.98766063013403],[8.50964362565287,11.98748436301298],[8.509359833789347,11.987470916349762],[8.509098113986795,11.987456598243455],[8.508711500835147,11.98742398522876],[8.508193855562013,11.987295645677534],[8.507843341197315,11.987109147868921],[8.507374100134655,11.986957926866866],[8.507269257170549,11.987110045392344],[8.507187250691118,11.987300016382676],[8.507169246263743,11.987469926196182],[8.50716981733325,11.987672950846045],[8.507182630873785,11.987846558671777],[8.507281265817825,11.988053111362033],[8.507326454052647,11.98816724432294],[8.5073724615699,11.988261575111666],[8.507500809215003,11.988585906614333],[8.507571366425454,11.988651656049115],[8.507607824041884,11.988915733874078],[8.507695091555263,11.989179273005107],[8.50788153360594,11.989206097083754],[8.507893627688816,11.98938045314543],[8.508037796207361,11.990101399160263],[8.50818180015,11.990464367336758],[8.508170038816274,11.99097150942765],[8.509116911616218,11.991142245718097],[8.509209388902207,11.990986943592643],[8.50950848902562,11.990821405383599],[8.509577724232658,11.990719806274111],[8.509770600033221,11.990670690699856],[8.509969294447444,11.990480825829477],[8.510162683760882,11.990389311717422],[8.510309232784891,11.99033862862484],[8.510504519667904,11.990274239864332],[8.510603976592279,11.990275361318934],[8.510697819948462,11.990377869643],[8.510783289717097,11.990446407875481],[8.510986546392076,11.990558992203775],[8.511229887649222,11.990735405014957],[8.511272546990483,11.990831361777962],[8.511520100672158,11.990956514131879],[8.51170971193369,11.991039756279804],[8.512022345055243,11.991092837864246],[8.51228076704382,11.991214824604526],[8.512431443956018,11.99133066807593],[8.512748724773871,11.991424721873443],[8.512930665717704,11.991408091610193],[8.513004991986861,11.991879459569475],[8.513149311591519,11.992250260840931]]]}},{"type":"Feature","properties":{"name":"Madigawa","label":"Madigawa","lga":"Dala","people":13647,"walk":5.19,"walk_clinic":5.12,"walk_school":5.25,"f15":100.0,"f15_health":100.0,"f15_school":100.0,"beyond":0,"clinics":3,"schools":0,"off_pct":0.0,"hexes":10,"gini":0.07,"share":0.24,"rank":1.0,"of":88,"reading":"Most people here already finish inside 15 minutes. Clinics and schools are about even. That is 32 points above the city as a whole.","places":"Layin Abba Ahmad, Layin Aminu Ara, Layin Baban Salo, Layin Bakin Rijiya, Layin Bore Hole, Layin Bulukiya, Layin Dan Dabail, Layin Dan Sale and 51 others","place_n":59},"geometry":{"type":"Polygon","coordinates":[[[8.503408978441655,12.00246908368132],[8.503793032122758,12.002783199784915],[8.504100173983886,12.002900214173623],[8.504578563849691,12.003023238731545],[8.504890916382749,12.00305190192381],[8.504177737812427,12.00336157357782],[8.50479760632453,12.003474701096648],[8.504551981688678,12.003848516895573],[8.50439124765802,12.003982843233702],[8.504279406169701,12.004208950782525],[8.504262981851184,12.004511070829322],[8.504232014595857,12.004985522563855],[8.50407680869779,12.00556178384932],[8.503931367638529,12.005583620287895],[8.503594697437393,12.005686025189956],[8.503202882607013,12.005758253340785],[8.502788217802049,12.005801858768791],[8.502700221837813,12.005806787053642],[8.502595236780792,12.005890130824922],[8.502444383601471,12.005919837230747],[8.501640856440417,12.006295610853783],[8.50106677691025,12.006452329411504],[8.501224871430738,12.00666592289406],[8.501959959284761,12.006980215264775],[8.502083473073867,12.007144186854816],[8.502731064087413,12.007778792557303],[8.502838420656644,12.00797618295451],[8.503348545798815,12.007676241965044],[8.504779580313425,12.006568844676508],[8.505303213272725,12.006230142007494],[8.505495339038703,12.006097671870123],[8.505868301381042,12.005991295561898],[8.50598824036507,12.00586513416863],[8.506307884601258,12.005794451952454],[8.506555425692397,12.005702616782402],[8.506520038269173,12.005513978587317],[8.506638055401993,12.005433046797748],[8.506675249563159,12.005226400577953],[8.50662090263262,12.005168066952763],[8.506527166295712,12.005109246794344],[8.506479322362907,12.004908174572618],[8.506596868250938,12.00476290258592],[8.50670354942929,12.004691714950749],[8.50685189709742,12.004368146972467],[8.50720002915807,12.004300008938287],[8.507290238353846,12.004243698787715],[8.50728012457813,12.004081829812662],[8.507293901292542,12.003938030016114],[8.507317618213563,12.003855040577719],[8.507442531347806,12.003616836248055],[8.507519992653613,12.003412393367284],[8.507571575068198,12.003296298985045],[8.50768321420901,12.002961964323216],[8.507808353073074,12.002468982057907],[8.507743484074581,12.002318356407045],[8.507880706229685,12.002192600608057],[8.507993324732183,12.002106163168945],[8.5080230509231,12.00177316400038],[8.508000316061782,12.00168261486084],[8.508223813778045,12.001521278284429],[8.508339239964016,12.001366968111144],[8.508379022374015,12.001289751420927],[8.508432684021216,12.00118420608629],[8.50846350378771,12.001097799224112],[8.508509724444252,12.000998309024792],[8.508569770378642,12.000860782898883],[8.508730204035714,12.000825909887906],[8.508795565862727,12.000400392963797],[8.50879465215155,12.000337522258915],[8.50877136510644,12.000322037731907],[8.508735955200223,12.000304458683843],[8.50836570521318,12.000316595934178],[8.507906180425948,12.000214111891808],[8.507687560632462,11.999985490737856],[8.507544304925773,12.000120087771904],[8.507244196662384,11.999802959838803],[8.507123469872283,11.999865735215563],[8.506635909619604,12.000127858813695],[8.506494147686794,12.000191261017903],[8.506257261763267,12.000238783892822],[8.506097435148547,12.00028711795619],[8.505768825570897,12.000338684182962],[8.505361381422688,12.000597491081406],[8.50489682582787,12.000869830078665],[8.504818003847845,12.000858602042909],[8.504758971449405,12.000883164326636],[8.504644477860438,12.00135105820482],[8.504559333646398,12.001435556705644],[8.504239128233223,12.0017699174478],[8.50399984381778,12.001907075750974],[8.503836535927462,12.002090883687401],[8.503408978441655,12.00246908368132]]]}},{"type":"Feature","properties":{"name":"Fagge A","label":"Fagge A","lga":"Fagge","people":14487,"walk":12.53,"walk_clinic":12.48,"walk_school":12.59,"f15":73.68,"f15_health":69.13,"f15_school":74.6,"beyond":3813,"clinics":3,"schools":2,"off_pct":0.0,"hexes":29,"gini":0.16,"share":0.25,"rank":65.0,"of":88,"reading":"About half the people here can walk to clinics and schools in 15 minutes. Clinics and schools are about even. That is 6 points above the city as a whole.","places":"Ajasa, Audu Lokos First Bank, Berut Road, CIVIL Center Fagge A, Diga Yan Nama, Gidan Mangoro, Giga, Halal Table Water and 10 others","place_n":18},"geometry":{"type":"Polygon","coordinates":[[[8.528716009636184,12.002919152097263],[8.529886649049672,12.003610690281164],[8.532874237356225,12.005542676853107],[8.53354107116354,12.004155916862146],[8.535841171832658,12.003715132147702],[8.537315264987512,12.003576388339695],[8.53856863033809,12.004884966667928],[8.539011821638326,12.005154974622426],[8.541720715438714,12.004684916975407],[8.542386747050784,12.004571328104362],[8.543040924698971,12.004461502896104],[8.543171318301745,12.003988648357508],[8.542773478912977,12.003070463031522],[8.542399998561109,11.999700000054986],[8.542476020052334,11.99907206822144],[8.542699999805222,11.998473993879767],[8.543751820789966,11.995932973827733],[8.544548654296989,11.993908372373541],[8.54316228371249,11.993568094991643],[8.540318148064102,11.992695743613751],[8.53942816188021,11.992402766974179],[8.537882751587745,11.991996669111018],[8.537821933135774,11.991980687258943],[8.535127337656547,11.991089496882807],[8.534910578560414,11.991686394011936],[8.534689223029261,11.992500338919568],[8.533964594290637,11.993414222788202],[8.53369356830359,11.993524331282911],[8.533589246946235,11.993448602970718],[8.533252554261992,11.99373089836234],[8.533222792098229,11.993797062384543],[8.532837965000114,11.994119712155053],[8.532508375161456,11.994852425798852],[8.532476859319672,11.994922490180839],[8.532334348251595,11.99533318987488],[8.531776503283027,11.996602133281897],[8.53110319705496,11.998041856146813],[8.530190580331066,11.999956867115769],[8.52922434242953,12.001958004358471],[8.528716009636184,12.002919152097263]]]}},{"type":"Feature","properties":{"name":"Zango (Ungogo)","label":"Zango (Ungogo)","lga":"Ungogo","people":178894,"walk":11.79,"walk_clinic":12.42,"walk_school":11.16,"f15":90.19,"f15_health":78.62,"f15_school":84.24,"beyond":17553,"clinics":5,"schools":4,"off_pct":0.0,"hexes":65,"gini":0.12,"share":3.11,"rank":57.0,"of":88,"reading":"Most people here already finish inside 15 minutes. Clinics and schools are about even. That is 23 points above the city as a whole.","places":"Agantasa A, Babban Layi A, Babban Layi B, Bayan Dan Falke, Bulbuka, Dan Kargo, Dawakin Dakata Arewaci, Dawakin Dakata Bus Stop Layin Mai Kudi Motion and 53 others","place_n":61},"geometry":{"type":"Polygon","coordinates":[[[8.56015319671269,12.041398505636547],[8.560329139178464,12.041459075875707],[8.560799757103155,12.041863642193391],[8.561336426634853,12.042309490990247],[8.56178227633103,12.042416825076486],[8.562112534366008,12.042499390034887],[8.562731767956791,12.042829648069866],[8.562442792400986,12.04340760008074],[8.562199339627853,12.043868184269344],[8.562137302594465,12.04398555209161],[8.562137302594465,12.044695607316498],[8.562021712731905,12.044860736333986],[8.56194740534852,12.04581022885901],[8.5622611500321,12.045760689704139],[8.562566638939302,12.045744177252004],[8.562880383622883,12.045991871227898],[8.563070282667468,12.046388180869881],[8.563317975744042,12.046809259639645],[8.56369777293395,12.047205570180951],[8.56412710927873,12.047180800153852],[8.564354410227907,12.047085267870838],[8.564385330718496,12.047100924168378],[8.564874780446814,12.047113999411579],[8.565447822159342,12.04747268771439],[8.567487817308972,12.049441423283097],[8.569464705232008,12.052494269095291],[8.569736347254661,12.05239431214784],[8.569944464765285,12.05191475676065],[8.570382689109863,12.051989591146766],[8.570657076762757,12.052450794068932],[8.571388093385849,12.052748788925497],[8.571936624975308,12.05256635785116],[8.575884414034533,12.053591456380671],[8.577882513367342,12.054240111292128],[8.579079341938154,12.054230610854063],[8.581598488679333,12.055226329431603],[8.585208549934691,12.05565524669231],[8.587049515222986,12.055427642671646],[8.587717360767613,12.055563728083655],[8.587544325810029,12.054893973278297],[8.587130106169525,12.053444797639372],[8.584885005338776,12.0522552679663],[8.583802244977676,12.051373015951981],[8.584281118678746,12.048011598356648],[8.584647024940296,12.047917653377057],[8.585544615791434,12.044576912094842],[8.585779446764093,12.043402761728148],[8.58595980130383,12.042580892893964],[8.586669202721566,12.040323650316282],[8.586834076331627,12.039821431114204],[8.585505245270895,12.038752136302094],[8.584449251431863,12.037995406263063],[8.582955732920766,12.036631289402518],[8.580573340687181,12.034255980229373],[8.579291808570133,12.032976516553047],[8.57892764609403,12.032333637087731],[8.578086283555194,12.032207171723652],[8.57709603195633,12.034166870904414],[8.576483169162998,12.034707280716473],[8.575868422289886,12.036596300379015],[8.575217923768207,12.036399885746164],[8.57484914956865,12.037163654778906],[8.574301083828004,12.038320127172197],[8.574085769043052,12.038878377734987],[8.57391613712008,12.039351549734308],[8.573775711579856,12.039302907203476],[8.573375372075816,12.04025260117663],[8.573250992239537,12.040702578761056],[8.572857887781367,12.041590928178834],[8.570571032327337,12.039467369823287],[8.568769703758848,12.038123753008847],[8.567011332207244,12.036878868265205],[8.565268768039289,12.035657097896774],[8.565535554622215,12.034728886029313],[8.56499926190645,12.034690762868477],[8.564536000436135,12.034638646256552],[8.564072739865082,12.034306988876496],[8.56377426566985,12.03420773340025],[8.563290443898893,12.034388623935914],[8.563135661581555,12.034562383747073],[8.56297602112653,12.034714811639274],[8.562084721932422,12.034633450873114],[8.561899990392305,12.03481033582841],[8.561690217229796,12.034910361124334],[8.56105520413439,12.034977848948644],[8.56130319668523,12.035790389115222],[8.560914221014514,12.03729411493151],[8.560677388150964,12.037900882120084],[8.560435816759593,12.03852678957975],[8.56035230661371,12.038593663167092],[8.559886619671829,12.038977321146488],[8.559804295731738,12.039629023860412],[8.559150001171645,12.039842518417517],[8.560003411028617,12.04124494369927],[8.56015319671269,12.041398505636547]]]}},{"type":"Feature","properties":{"name":"Kantudu","label":"Kantudu","lga":"Dala","people":6813,"walk":4.16,"walk_clinic":5.32,"walk_school":3.0,"f15":100.0,"f15_health":100.0,"f15_school":100.0,"beyond":0,"clinics":1,"schools":2,"off_pct":0.0,"hexes":5,"gini":0.07,"share":0.12,"rank":1.0,"of":88,"reading":"Most people here already finish inside 15 minutes. Clinics and schools are about even. That is 32 points above the city as a whole.","places":"Bakin Titi, Famfon Ganda, Gaban Asibiti, Gidan Mai Unguwa, Juma, Kantudu B, Kantudu Unguwar A, Layin Alhaji Garba and 23 others","place_n":31},"geometry":{"type":"Polygon","coordinates":[[[8.510432081975068,12.00805194993757],[8.510250044803797,12.00787415666707],[8.51011970785828,12.007819770166291],[8.51003029995843,12.00787692118303],[8.509866587373153,12.007803721764388],[8.509779031177402,12.007793489278129],[8.509701506019724,12.007716206937458],[8.509579600218444,12.007661080294667],[8.509707346217112,12.007117193703552],[8.509724356893628,12.006851626601359],[8.509646741803751,12.006935732098382],[8.509376593554975,12.007213529081127],[8.509099971086869,12.007400028688437],[8.50881968478069,12.008073759396552],[8.508670804713915,12.008373032189752],[8.508276772155341,12.009578049087734],[8.508229188126563,12.00972356838804],[8.508145349728181,12.010036405655624],[8.506930487052387,12.010575963809739],[8.506099586326911,12.010871117707948],[8.50595306787983,12.01100927156068],[8.506697204712282,12.011058075969455],[8.507142819685441,12.011176254980226],[8.507559150034808,12.011315944874978],[8.50779550625765,12.011462046036627],[8.50839564634208,12.011689587104796],[8.508766104971812,12.01182168222488],[8.509089510172828,12.011954907792813],[8.50959213227111,12.012138326322772],[8.510880536107893,12.012526428751752],[8.510861474077842,12.012493224882466],[8.510851968243799,12.012473762654057],[8.510833331593005,12.012460071375244],[8.510730452748248,12.012237165412895],[8.510730452748248,12.01203426397018],[8.510667582043311,12.011897091277774],[8.51065615076078,12.011748488202214],[8.510689014686307,12.011697047880487],[8.510739216641582,12.011670595221858],[8.510930496145534,12.011597026181846],[8.510942651382322,12.011518015344166],[8.510987650759546,12.011225517143938],[8.511000066799681,12.010898565016818],[8.511004798133001,12.010773990926962],[8.51098193556794,12.010451063266032],[8.510920029835574,12.010291873371328],[8.510853336112632,12.009945238681894],[8.510890487106337,12.009519433075413],[8.510970027644703,12.008863894753006],[8.510856392908238,12.008775783675501],[8.510855480995701,12.00869328796489],[8.510781892170655,12.008487780286883],[8.510641862332136,12.008347750448365],[8.510432081975068,12.00805194993757]]]}},{"type":"Feature","properties":{"name":"Dogon Nama","label":"Dogon Nama","lga":"Dala","people":15273,"walk":5.35,"walk_clinic":5.98,"walk_school":4.72,"f15":100.0,"f15_health":100.0,"f15_school":100.0,"beyond":0,"clinics":3,"schools":5,"off_pct":0.0,"hexes":14,"gini":0.12,"share":0.27,"rank":1.0,"of":88,"reading":"Most people here already finish inside 15 minutes. Clinics and schools are about even. That is 32 points above the city as a whole.","places":"Alhaji Akilu, Bayan Gidan Salihi Iliyasu, Famfon Gabas, Goron Dutse Junction, Layin Abba Na Lado, Layin Abdu Goma, Layin Alhaji Bature, Layin Ali Vio and 33 others","place_n":41},"geometry":{"type":"Polygon","coordinates":[[[8.501712169081372,11.999254656677122],[8.501705807277233,11.999195331099713],[8.50135641886368,11.998964005684341],[8.501268500241167,11.99856588121048],[8.501163875812269,11.998394553166122],[8.501149116138834,11.998328687718809],[8.501036814197676,11.998333016155811],[8.501097420409678,11.99809800711739],[8.501095246748264,11.997804650064609],[8.501088250922066,11.99757545514319],[8.500780316758267,11.997566319829845],[8.500013231925152,11.997532674393481],[8.499466293934347,11.997427531055738],[8.499170052755801,11.997362071202703],[8.498968958051023,11.997754193601223],[8.498554734813183,11.997608186868373],[8.498170059700556,11.99736060800569],[8.497242204863937,11.996995155002423],[8.496004947270535,11.996382792232112],[8.494610776865898,11.996875403976787],[8.494330886261423,11.999549458041088],[8.49447175876469,12.001603220911987],[8.494513593427655,12.002662698724636],[8.49695188302303,12.002589187241256],[8.497200666977221,12.002072658926126],[8.497392858393766,12.002090065304344],[8.497663179312326,12.001595039779318],[8.497857731449187,12.001352441362144],[8.49810845074444,12.001134439402902],[8.498911501264843,12.00197545660211],[8.499826567741934,12.001440743995206],[8.499978717743659,12.001463639835151],[8.50007646235889,12.001424593969885],[8.500552695650413,12.001565547412154],[8.500819532595415,12.001612922798186],[8.501245715017774,12.001731678274382],[8.50131283232139,12.001876748812947],[8.50191216121732,12.001877694899745],[8.50245013386666,12.001981080962137],[8.50283716790102,12.002116821034521],[8.503133446851166,12.00232348434139],[8.503408978441655,12.00246908368132],[8.503836535927462,12.002090883687401],[8.50399984381778,12.001907075750974],[8.504239128233223,12.0017699174478],[8.504559333646398,12.001435556705644],[8.504644477860438,12.00135105820482],[8.504758971449405,12.000883164326636],[8.504136428353547,12.000686150745308],[8.504121585942471,12.000493205696955],[8.50407586171167,12.000338887429736],[8.504001559724259,12.000338887429734],[8.503847240557775,12.000173136980722],[8.50371006786537,12.000007385632387],[8.503601472929688,11.999915938070158],[8.503247110365919,11.999910221979233],[8.502978481072091,11.999790195760966],[8.502801299340547,11.999664455250466],[8.502486944916598,11.999510136083982],[8.502212600431221,11.999355816018126],[8.502063997355664,11.999292946212561],[8.501903962098197,11.999258652364972],[8.501712169081372,11.999254656677122]]]}},{"type":"Feature","properties":{"name":"Daurawa","label":"Daurawa","lga":"Tarauni","people":15572,"walk":7.9,"walk_clinic":8.57,"walk_school":7.23,"f15":100.0,"f15_health":100.0,"f15_school":100.0,"beyond":0,"clinics":3,"schools":5,"off_pct":0.0,"hexes":18,"gini":0.1,"share":0.27,"rank":1.0,"of":88,"reading":"Most people here already finish inside 15 minutes. Clinics and schools are about even. That is 32 points above the city as a whole.","places":"Babban Layin, Daurawa Gidan Mai Unguwa, Gidan Mangwaro, Kundila Oscar Line, Kundila Phase 1, Kundila Phase 2, Kundila Phase 2 A, Kundila Phase 3a and 15 others","place_n":23},"geometry":{"type":"Polygon","coordinates":[[[8.563119438711169,11.964205527862871],[8.561211436158885,11.962335839127716],[8.559500142317745,11.960429181961214],[8.558220703822487,11.959320540010935],[8.556998160037097,11.960624067746549],[8.555750341704936,11.962251838851332],[8.555103917112149,11.963096357111224],[8.554249152876139,11.964171116204113],[8.553547538688008,11.96503245718219],[8.551208245564112,11.967577008871901],[8.550936366120425,11.96781605316835],[8.550803052418985,11.967933266307226],[8.553833145383408,11.968161286714064],[8.553683559348826,11.9694439375877],[8.554723392370704,11.970899507406385],[8.555453891883646,11.971691156321867],[8.556699478098494,11.973699473751763],[8.55742105723607,11.97484053806045],[8.557848880021822,11.97463128200809],[8.558882787410766,11.973864004720095],[8.559453218391354,11.974015134890637],[8.560057396431773,11.974211550422751],[8.560456352778488,11.973409624954286],[8.560593433739996,11.973282068712537],[8.559782547426664,11.97205360828747],[8.558899998636093,11.97060000168875],[8.559601951868615,11.969898306561676],[8.558628327835095,11.968241835392462],[8.558111619655563,11.96734819616239],[8.559305850084968,11.966615192936843],[8.561157154878856,11.965516660265733],[8.562302141130942,11.964801988820792],[8.563119438711169,11.964205527862871]]]}},{"type":"Feature","properties":{"name":"Hotoro South","label":"Hotoro South","lga":"Nassarawa","people":55241,"walk":7.65,"walk_clinic":9.37,"walk_school":5.93,"f15":98.24,"f15_health":97.91,"f15_school":99.56,"beyond":973,"clinics":10,"schools":21,"off_pct":0.0,"hexes":42,"gini":0.17,"share":0.96,"rank":47.0,"of":88,"reading":"Most people here already finish inside 15 minutes. Clinics and schools are about even. That is 31 points above the city as a whole.","places":"Badawa Gidan Tsamiya, Badawa Gidan Tsamiya Aa Rano Street, Badawa Gidan Tsamiya Layin Garba Khalil, Badawa Gidan Tsamiya Layin Musa Daura, Charity Bread, Gidan Mai Unguwa, Hotoro Cikin Gari A Layin Asibiti, Hotoro Cikin Gari A Layin Isihu Hayaniya and 55 others","place_n":63},"geometry":{"type":"Polygon","coordinates":[[[8.565592068019555,11.976495400342515],[8.565464024345317,11.976964285273596],[8.564975982055955,11.977293977634984],[8.564941504746685,11.977317269176694],[8.563942812111122,11.978174303301497],[8.56464898316409,11.979059048236534],[8.565459249844537,11.979949782656377],[8.566314532090018,11.979388819738286],[8.56798243903836,11.978312540791192],[8.568348515271794,11.978085378337596],[8.56833253341972,11.977962263847472],[8.568319993273121,11.977865661371197],[8.568512513841483,11.977757546673503],[8.568697800263294,11.97767109214726],[8.568743146778843,11.977643216761066],[8.568722682705697,11.977485571002374],[8.56891520417338,11.977377455405305],[8.56910048969587,11.977290999080369],[8.57042324044022,11.976477897736853],[8.56997281769145,11.97571207735052],[8.570424244083654,11.975414845119074],[8.571085158553274,11.97497967936874],[8.571828146052155,11.97605560578165],[8.572018564904909,11.97666753687736],[8.571986157834942,11.977799123231023],[8.573198324343254,11.977952574551749],[8.573297881092401,11.977534110111154],[8.573640860037699,11.97609246179775],[8.573778682939919,11.975668366701825],[8.574356243745683,11.976052003996813],[8.575618066320772,11.97560073318732],[8.575682497349419,11.97557768985854],[8.576669008667864,11.975217547351972],[8.576979181244269,11.975133843851834],[8.57717883163781,11.975081530288433],[8.57743552602875,11.975011777971249],[8.577852153154367,11.974889244443151],[8.578092569816306,11.97482436555208],[8.579506904819823,11.974453760332834],[8.57977785976044,11.974387494687162],[8.579982123676132,11.974370975939848],[8.581063233781265,11.974152019799929],[8.582861662935443,11.973999746591062],[8.584938684073052,11.973802293241306],[8.585844061254477,11.973691583100107],[8.587903535719647,11.973223790845338],[8.588394784991408,11.973056868579645],[8.588774250331426,11.972940158161807],[8.58925467356437,11.972792395053034],[8.589946851166303,11.972579503041686],[8.59076460470277,11.972331535671858],[8.591239964752617,11.972226906746416],[8.591883641017262,11.972030904003077],[8.592200734776156,11.971956226098996],[8.59243544434031,11.971892286100173],[8.593041775357676,11.971721780036146],[8.593222757624233,11.971714998248615],[8.593258410347403,11.971552239844018],[8.593511675623404,11.97075340084882],[8.593783484020605,11.969206897880095],[8.59442522044759,11.96932780363528],[8.594800753951688,11.969434760006207],[8.595114491440654,11.969546365872135],[8.594886318149122,11.969964886969992],[8.594891071965435,11.970448510890094],[8.594852609760153,11.970773668869754],[8.594910086331481,11.971122792882621],[8.596829228785907,11.97072009265821],[8.598800000419715,11.970300001344015],[8.598364777112806,11.968483193644545],[8.597944109333241,11.967830571823471],[8.597499999825176,11.966899998336318],[8.597100001164165,11.966300000344802],[8.596669715135306,11.965869715215202],[8.595630808415137,11.964561612628357],[8.595299999995063,11.96390000028481],[8.595299999995063,11.963370893152272],[8.595314620273541,11.962753808041839],[8.595400343650965,11.961900667082146],[8.594678199739178,11.962254806614053],[8.593214092656297,11.962817501626432],[8.592524821663233,11.963045368249196],[8.591369698253004,11.963152326418765],[8.589309277701034,11.963300083232298],[8.588023168034852,11.963403445013002],[8.586873319148424,11.96359829302685],[8.585056925137053,11.964449772039417],[8.583099077660336,11.965368861184059],[8.581040771414507,11.966373326567801],[8.580229505587283,11.966685249224897],[8.580014723200975,11.966792639968387],[8.577883070946996,11.96804424264775],[8.576230578378556,11.969076419741038],[8.574365184805458,11.970238027263179],[8.57284155519369,11.971318174194437],[8.57198636108177,11.97192444675585],[8.56885154476305,11.974501322777883],[8.567635905972338,11.975393398986222],[8.567252461132227,11.975636418286113],[8.567047716079287,11.975766180564847],[8.566862789386278,11.97581758221571],[8.565687997802913,11.97614411615808],[8.565592068019555,11.976495400342515]]]}},{"type":"Feature","properties":{"name":"Giginyu","label":"Giginyu","lga":"Nassarawa","people":194361,"walk":9.76,"walk_clinic":11.78,"walk_school":7.74,"f15":97.55,"f15_health":82.14,"f15_school":95.21,"beyond":4770,"clinics":26,"schools":53,"off_pct":0.0,"hexes":155,"gini":0.17,"share":3.38,"rank":50.0,"of":88,"reading":"Most people here already finish inside 15 minutes. Clinics are the weaker of the two services. That is 30 points above the city as a whole.","places":"Abbas Road, Ahamadu Bello Way, Arakan Road, Awo Sabon Fegi B Layin Malam Balarabe, Badawa Bakin Dogo B Layin Bakin Dogo, Badawa Gabas, Badawa Gidan Tifa, Badawa Unguwar Fulani Yantifa Line and 148 others","place_n":156},"geometry":{"type":"Polygon","coordinates":[[[8.575618066320772,11.97560073318732],[8.574356243745683,11.976052003996813],[8.573778682939919,11.975668366701825],[8.573640860037699,11.97609246179775],[8.573297881092401,11.977534110111154],[8.573198324343254,11.977952574551749],[8.571986157834942,11.977799123231023],[8.572018564904909,11.97666753687736],[8.571828146052155,11.97605560578165],[8.571085158553274,11.97497967936874],[8.570424244083654,11.975414845119074],[8.56997281769145,11.97571207735052],[8.57042324044022,11.976477897736853],[8.56910048969587,11.977290999080369],[8.56891520417338,11.977377455405305],[8.568722682705697,11.977485571002374],[8.568743146778843,11.977643216761066],[8.568697800263294,11.97767109214726],[8.568512513841483,11.977757546673503],[8.568319993273121,11.977865661371197],[8.56833253341972,11.977962263847472],[8.568348515271794,11.978085378337596],[8.56798243903836,11.978312540791192],[8.566314532090018,11.979388819738286],[8.565459249844537,11.979949782656377],[8.56464898316409,11.979059048236534],[8.563942812111122,11.978174303301497],[8.564941504746685,11.977317269176694],[8.564345502443018,11.9777942120333],[8.562700530904806,11.978831138446306],[8.562637459651114,11.978868446821421],[8.55882908979072,11.981079217831676],[8.558139902434618,11.98148912882027],[8.556834005884696,11.982237369259222],[8.556312849658354,11.982539902094858],[8.555597917410012,11.983000086984475],[8.555547556274746,11.983029482224879],[8.555205134009782,11.98325291339131],[8.553868868253744,11.98411303309007],[8.551714276093037,11.985342995383007],[8.549644881206348,11.986641293560924],[8.547518640173166,11.987061246379481],[8.544105516956108,11.986652627716637],[8.542606119576817,11.986813071266281],[8.541222037766886,11.98741110963505],[8.540388824884417,11.98754287920059],[8.538479839373112,11.988163757651362],[8.537301685224634,11.98854694078875],[8.534488862171315,11.989463861667955],[8.534574064841252,11.989885766914654],[8.534875585040254,11.990442387905942],[8.535127337656547,11.991089496882807],[8.537821933135774,11.991980687258943],[8.537882751587745,11.991996669111018],[8.53942816188021,11.992402766974179],[8.540318148064102,11.992695743613751],[8.54316228371249,11.993568094991643],[8.544548654296989,11.993908372373541],[8.543751820789966,11.995932973827733],[8.542699999805222,11.998473993879767],[8.542476020052334,11.99907206822144],[8.542399998561109,11.999700000054986],[8.542773478912977,12.003070463031522],[8.543171318301745,12.003988648357508],[8.543040924698971,12.004461502896104],[8.542386747050784,12.004571328104362],[8.541720715438714,12.004684916975407],[8.542382717188673,12.008129288036287],[8.542519638070871,12.008874244151118],[8.542593135165077,12.009365179559438],[8.544741278287404,12.009054083379281],[8.549800000769494,12.008299999145718],[8.55099200357813,12.008068000138167],[8.553214058382139,12.007778593807132],[8.556283005656212,12.007622014644308],[8.556777380072106,12.007529022946075],[8.557366825418683,12.007305842690526],[8.558165428791542,12.007008269615994],[8.55964678756925,12.006403655404426],[8.561194260906461,12.005919485595824],[8.561078120658806,12.004063843371737],[8.561074669060758,12.004049361588837],[8.565228708638017,12.004318196827395],[8.566795492218262,12.004398278757604],[8.570886022571926,12.0044738766681],[8.571798556558178,12.004512042097133],[8.57289558286493,12.00293609802253],[8.574342835753328,12.002718143727405],[8.573549481723262,12.00458073771091],[8.5761895800851,12.004704347727511],[8.57705920202062,12.00474506363383],[8.580123451236318,12.00488853158049],[8.580226194283512,12.003725274701706],[8.580526617309602,12.003696142962667],[8.58188044502657,12.003564861729046],[8.581900648296312,12.005003354321389],[8.586350480290491,12.00543717198792],[8.586389384062898,12.00543794360624],[8.588113025595703,12.005242708883937],[8.587400000809453,12.001899998985834],[8.586800001918618,12.00209999831634],[8.585999999200624,12.002399999560398],[8.585859988247933,11.998382905147025],[8.585848103707065,11.997953540023902],[8.584576518091865,11.99780401064663],[8.58381594255178,11.997748214008935],[8.58381594255178,11.997153043578123],[8.583587770159511,11.996855458812433],[8.583245510671816,11.99637188165707],[8.582560994394441,11.995553520178875],[8.582009576880523,11.994828151298181],[8.581306045337783,11.994028383303318],[8.580776339256715,11.993570077097447],[8.579321524868533,11.993058761252883],[8.578893702082723,11.994895440372316],[8.57643371724231,11.99437233621438],[8.576404009937164,11.994022647427302],[8.576271797005859,11.99382249611136],[8.5759259815988,11.993773173693057],[8.575900591039499,11.993631437840632],[8.575131918003649,11.993500627851745],[8.575146614724531,11.993990253847185],[8.575102746694427,11.99477712196665],[8.573786877562384,11.994727994701233],[8.573786764247814,11.993928289658864],[8.572085300895992,11.993850760903966],[8.572075583721244,11.99451875303805],[8.570590086263508,11.99461175013221],[8.570530666257298,11.99630892461721],[8.568403432372577,11.996239177695939],[8.568439084196427,11.994914275773283],[8.567758103154006,11.994914275773283],[8.567763807553717,11.997202098897787],[8.566687119415064,11.997118402592264],[8.566246671047054,11.996535999836567],[8.565048765088477,11.995950128395746],[8.565141460010409,11.994966696356014],[8.5653625025775,11.994903922777837],[8.565426676400023,11.994408719187106],[8.565225032209526,11.993747845186931],[8.565239292759202,11.992987596100704],[8.572977586646346,11.99301786458284],[8.574050453565633,11.992891642935035],[8.575500349561537,11.992721064025945],[8.576047013259085,11.992500195927335],[8.576397561798103,11.992576472825986],[8.576772270623849,11.992644302392705],[8.577003674280206,11.992686190115649],[8.578091058955238,11.992796624164896],[8.578892441233222,11.992943088652682],[8.579090007897605,11.992366528792331],[8.5792275690971,11.99190384828404],[8.58166077302633,11.992282548301034],[8.581963061246313,11.990787255427561],[8.581974944887861,11.988497180400596],[8.58199999910073,11.986799999620358],[8.582699999005797,11.986521577608753],[8.582699999005797,11.985499999925082],[8.582800000919349,11.984900001933568],[8.582899999235622,11.984499997876641],[8.583154246571269,11.983906757390965],[8.58199983992074,11.982816511073167],[8.582293968591841,11.9812645654074],[8.577436573738908,11.97746098893356],[8.577029312153059,11.977148062633036],[8.57666649056614,11.976979703250777],[8.576167364132573,11.976777423239522],[8.575482846056559,11.976519341194715],[8.575625454251337,11.976163607164779],[8.575654887263283,11.975810596282033],[8.575618066320772,11.97560073318732]]]}},{"type":"Feature","properties":{"name":"Chedi","label":"Chedi","lga":"Kano Municipal","people":7103,"walk":5.11,"walk_clinic":6.53,"walk_school":3.68,"f15":100.0,"f15_health":100.0,"f15_school":100.0,"beyond":0,"clinics":1,"schools":2,"off_pct":0.0,"hexes":6,"gini":0.03,"share":0.12,"rank":1.0,"of":88,"reading":"Most people here already finish inside 15 minutes. Clinics and schools are about even. That is 32 points above the city as a whole.","places":"Alkantara, Chedi Layin Mai Unguwa Nasir, Chedi Layin Yahaya Fari, Chiromawa Kadawa, Darma Baba","place_n":5},"geometry":{"type":"Polygon","coordinates":[[[8.520166834831628,11.99864286317762],[8.518611326951202,11.999598080786821],[8.51679962200501,12.000789349748743],[8.516387424040431,12.000929261776038],[8.516389979014377,12.001003774204888],[8.516645304637166,12.001165414752165],[8.516637603742481,12.001211672280874],[8.516804779616962,12.001322941800368],[8.516912152374005,12.001362752089392],[8.517202836641673,12.001633516373712],[8.517221035322564,12.001716296270102],[8.51722345539821,12.001844219435213],[8.517467605145898,12.001877719181435],[8.517685785170897,12.002020555804052],[8.517877327276892,12.002035267813428],[8.51790130410194,12.002116328206057],[8.517796579848323,12.002250362264475],[8.517742562069657,12.002635676795077],[8.517615640749284,12.002723018952228],[8.517397005667306,12.00313114838383],[8.517513472368876,12.003198700060011],[8.517802838230466,12.003489726070026],[8.517915365002125,12.003634071755071],[8.518091541291653,12.003622698928439],[8.518332704390843,12.003500657329539],[8.518434956408157,12.003474816209858],[8.518756904707459,12.003367047751114],[8.519269223296078,12.003297261259657],[8.519548495166987,12.003377436719402],[8.519661127159338,12.003458530386919],[8.519874767406634,12.003358968241853],[8.52013483065798,12.003332327624891],[8.520396227603896,12.003299574315973],[8.520851769293756,12.003227913637373],[8.52091113803863,12.003054500964481],[8.520800313683594,12.002648877044065],[8.520515254675331,12.001758889061533],[8.52040828391523,12.001147959810565],[8.520116656258722,12.000082183146274],[8.520210941182029,11.999091221982384],[8.520166834831628,11.99864286317762]]]}},{"type":"Feature","properties":{"name":"Gama","label":"Gama","lga":"Nassarawa","people":50009,"walk":6.25,"walk_clinic":8.03,"walk_school":4.48,"f15":100.0,"f15_health":98.96,"f15_school":100.0,"beyond":0,"clinics":5,"schools":17,"off_pct":0.0,"hexes":22,"gini":0.18,"share":0.87,"rank":1.0,"of":88,"reading":"Most people here already finish inside 15 minutes. Clinics and schools are about even. That is 32 points above the city as a whole.","places":"Ado Bayero Islamic School, Audu Utai Street, Audu Utai Too Sani Bello, Benen Zawarawa, Burtsatsen Nufawa, Gaba B Layin Gidan Kallo, Gaba B Layin Goriba, Gaba B Layin Sani Manchester and 95 others","place_n":103},"geometry":{"type":"Polygon","coordinates":[[[8.546501822601101,12.034830645218166],[8.547271071203,12.034968912385464],[8.547100086699686,12.035488679159243],[8.547457557320456,12.03554446770306],[8.547939334033062,12.035550047097045],[8.548224548624091,12.034793667793567],[8.548869849963637,12.035006365551398],[8.548687176072349,12.035705633408325],[8.549800969339287,12.03569762404618],[8.549765338199848,12.035979292610309],[8.550525912840671,12.036066462996924],[8.550477753245787,12.035808335086642],[8.55181495609537,12.035849027610595],[8.55248188972746,12.035607805156133],[8.553037909072316,12.035627683770654],[8.553654941122659,12.03570485999137],[8.553677587850473,12.036187240149047],[8.553706080171537,12.036794126947427],[8.555612725646824,12.036820968113261],[8.556465707426526,12.036842220891856],[8.556686274252229,12.036767836166746],[8.556706153766015,12.037004565608244],[8.557226520387644,12.039261804588644],[8.557797999977765,12.039900557964417],[8.559150001171645,12.039842518417517],[8.559804295731738,12.039629023860412],[8.559886619671829,12.038977321146488],[8.56035230661371,12.038593663167092],[8.560435816759593,12.03852678957975],[8.560677388150964,12.037900882120084],[8.560914221014514,12.03729411493151],[8.56130319668523,12.035790389115222],[8.56105520413439,12.034977848948644],[8.560447951311971,12.035105433968623],[8.560174618563849,12.034646332762122],[8.560582613996473,12.033965386793225],[8.560909301722972,12.033501254779138],[8.56098453540801,12.03326520612444],[8.561210239161255,12.032557049368393],[8.559413153594221,12.03150164818254],[8.557815945949187,12.030804270700571],[8.556019087910613,12.02957688316667],[8.556126043382221,12.029270035383886],[8.556033350258929,12.027659550148144],[8.553847882573791,12.027530063061988],[8.55337142625035,12.027532495728167],[8.550913726587282,12.027547498218494],[8.549751669404088,12.027666059441113],[8.548963886674073,12.02777047342863],[8.548697209808438,12.028400908974845],[8.548335557340124,12.029958999708128],[8.547656684308606,12.03093852599221],[8.546904428396715,12.032256566087709],[8.54637706325093,12.032925944077078],[8.546397319580706,12.032982054578213],[8.546501822601101,12.034830645218166]]]}},{"type":"Feature","properties":{"name":"Fagge C","label":"Fagge C","lga":"Fagge","people":10078,"walk":8.18,"walk_clinic":8.52,"walk_school":7.84,"f15":100.0,"f15_health":100.0,"f15_school":100.0,"beyond":0,"clinics":2,"schools":3,"off_pct":0.0,"hexes":17,"gini":0.17,"share":0.18,"rank":1.0,"of":88,"reading":"Most people here already finish inside 15 minutes. Clinics and schools are about even. That is 32 points above the city as a whole.","places":"Abba Gana Street 2, Abbale Street 1, Ado Bayero Road, Ari Road, Bello Dandago Road, Bello Road, Kabobo Street, Kroda and 21 others","place_n":29},"geometry":{"type":"Polygon","coordinates":[[[8.528247934994226,12.010826044586338],[8.527863130379217,12.011607526666069],[8.528948355782063,12.011162390132254],[8.52975075339458,12.01085619255929],[8.530129980414301,12.010772644641861],[8.530503160392584,12.010642099952975],[8.531059328125536,12.01056227882617],[8.531823570201652,12.010559613235612],[8.533450382629098,12.010622333753757],[8.534590356060107,12.010766408742825],[8.53460000128905,12.010767263998103],[8.534917565393357,12.010771860433062],[8.53776347180684,12.010266045741442],[8.540021180233339,12.009965015673002],[8.542615313346062,12.009516530063873],[8.542593135165077,12.009365179559438],[8.542519638070871,12.008874244151118],[8.542382717188673,12.008129288036287],[8.541720715438714,12.004684916975407],[8.539011821638326,12.005154974622426],[8.53856863033809,12.004884966667928],[8.537315264987512,12.003576388339695],[8.535841171832658,12.003715132147702],[8.53354107116354,12.004155916862146],[8.532874237356225,12.005542676853107],[8.531795791042953,12.008687181568234],[8.530857174918708,12.008263437207914],[8.530658792569284,12.008173876423314],[8.53040257481905,12.008489117578792],[8.529934623384236,12.00827355188295],[8.529618231096551,12.008182244614943],[8.529314916750081,12.008808162866444],[8.529210722197092,12.008947895029396],[8.528679884768906,12.009919480299796],[8.528247934994226,12.010826044586338]]]}},{"type":"Feature","properties":{"name":"Kabuwaya","label":"Kabuwaya","lga":"Dala","people":9937,"walk":4.93,"walk_clinic":5.77,"walk_school":4.08,"f15":100.0,"f15_health":100.0,"f15_school":100.0,"beyond":0,"clinics":1,"schools":5,"off_pct":0.0,"hexes":12,"gini":0.1,"share":0.17,"rank":1.0,"of":88,"reading":"Most people here already finish inside 15 minutes. Clinics and schools are about even. That is 32 points above the city as a whole.","places":"Dala Layin Sarkin Yaki, Datsa, Gidan Madugu, Kabuwaya Gangaren Madabo, Kabuwaya Layin Mai Unguwa, Kuka Mai Ruwa, Layin Bako Yunusa, Layin Dan Maraya and 28 others","place_n":36},"geometry":{"type":"MultiPolygon","coordinates":[[[[8.510911461994397,12.005667477572102],[8.510857983808933,12.005925530838624],[8.510857983808933,12.006016198688652],[8.510875247194974,12.006230776928874],[8.510838655579562,12.006428561229141],[8.51081201136526,12.006698574579614],[8.51081083864932,12.006837601674022],[8.51102183219183,12.006902895152562],[8.51110647458421,12.00697749301696],[8.511210107060833,12.006996993916175],[8.511466800552455,12.007164378433343],[8.511478054668544,12.007361107828899],[8.51150088485798,12.007437137414001],[8.511936077587961,12.007583852812617],[8.512105953227206,12.007584107320723],[8.512110350911996,12.007426599158293],[8.512169832072118,12.007421547666357],[8.512226293308856,12.007232136054311],[8.512639174758135,12.007246440670771],[8.512705444001085,12.006815339856074],[8.512928749262414,12.006837289609278],[8.513147218869108,12.006878701590837],[8.51337106102568,12.006958181874664],[8.513499636199299,12.006960224235002],[8.513522622870823,12.006883414937706],[8.513441779214816,12.006657767841773],[8.513243054223608,12.006288315553375],[8.513151954699026,12.006138752001846],[8.512983392069941,12.005963091023885],[8.512769419972813,12.00588765499134],[8.512662450112032,12.005730497564457],[8.512577185388864,12.005648342696926],[8.512487059829994,12.005538726131363],[8.512363394055456,12.005361024591648],[8.512136978039166,12.005418145031397],[8.511611584207287,12.005567757146308],[8.511412638882234,12.005578915934278],[8.511199807125422,12.00551239488118],[8.510977459642106,12.005403852106156],[8.510911461994397,12.005667477572102]]],[[[8.501169070296385,12.01382132299568],[8.502503183974797,12.014351655904246],[8.503624568419127,12.014787334268135],[8.505270129912619,12.01542498867235],[8.505372349554364,12.01516414840677],[8.50615569502935,12.013967386385845],[8.510508395745887,12.014772586285858],[8.510773263175622,12.01370833397249],[8.510855471103184,12.013311675393538],[8.510880536107893,12.012526428751752],[8.50959213227111,12.012138326322772],[8.509089510172828,12.011954907792813],[8.508766104971812,12.01182168222488],[8.50839564634208,12.011689587104796],[8.50779550625765,12.011462046036627],[8.507559150034808,12.011315944874978],[8.507142819685441,12.011176254980226],[8.506697204712282,12.011058075969455],[8.50595306787983,12.01100927156068],[8.505159123894487,12.011310760283434],[8.504685193766704,12.011501962445664],[8.504145203038718,12.01176027831423],[8.503538186737956,12.011760523829137],[8.50214004402784,12.012316096210894],[8.50037918675014,12.013339128098323],[8.501169070296385,12.01382132299568]]]]}},{"type":"Feature","properties":{"name":"Adakawa","label":"Adakawa","lga":"Dala","people":10370,"walk":3.98,"walk_clinic":5.26,"walk_school":2.71,"f15":100.0,"f15_health":100.0,"f15_school":100.0,"beyond":0,"clinics":2,"schools":9,"off_pct":0.0,"hexes":7,"gini":0.07,"share":0.18,"rank":1.0,"of":88,"reading":"Most people here already finish inside 15 minutes. Clinics and schools are about even. That is 32 points above the city as a whole.","places":"Durumin Daje, Gangamau, Garke, Karofin Gangamau, Kasuwar Adakawa, Layin Adakawa, Layin Adakawa Pimary School Gidan Alhaji Idris Sani Idris, Layin Agalawa Madabo and 22 others","place_n":30},"geometry":{"type":"MultiPolygon","coordinates":[[[[8.510641862332136,12.008347750448365],[8.510781892170655,12.008487780286883],[8.510855480995701,12.00869328796489],[8.510856392908238,12.008775783675501],[8.510970027644703,12.008863894753006],[8.510890487106337,12.009519433075413],[8.510853336112632,12.009945238681894],[8.510920029835574,12.010291873371328],[8.51098193556794,12.010451063266032],[8.511004798133001,12.010773990926962],[8.511000066799681,12.010898565016818],[8.510987650759546,12.011225517143938],[8.510942651382322,12.011518015344166],[8.510930496145534,12.011597026181846],[8.510739216641582,12.011670595221858],[8.510689014686307,12.011697047880487],[8.51065615076078,12.011748488202214],[8.510667582043311,12.011897091277774],[8.510730452748248,12.01203426397018],[8.510730452748248,12.012237165412895],[8.510833331593005,12.012460071375244],[8.510851968243799,12.012473762654057],[8.510861474077842,12.012493224882466],[8.510880536107893,12.012526428751752],[8.511142479841624,12.012623869396123],[8.511242304588734,12.012665714850925],[8.511493891729742,12.012713129807139],[8.511769991691835,12.012678458244297],[8.512199713845746,12.012599695619482],[8.51229438367892,12.012252597779193],[8.512304982189221,12.012080612330465],[8.512383001074681,12.01133211468539],[8.512455151883785,12.010778704273829],[8.512489450227974,12.01054913433512],[8.512543887090771,12.010374511174803],[8.51251088107233,12.010007024804393],[8.512881626585852,12.01010671375388],[8.513114343252369,12.010282049177246],[8.513289569857818,12.010396887206639],[8.5134309037133,12.010485044149505],[8.513640578849675,12.010633399911514],[8.513748135068454,12.010280208265044],[8.51385611216989,12.01003176695252],[8.51392896714816,12.009930175936915],[8.513819543037528,12.00971777855267],[8.513506653609227,12.009453257361995],[8.513361033584886,12.009212719291611],[8.51352858357734,12.008661150691582],[8.51365111440748,12.008365946431352],[8.513627661887142,12.00812035327175],[8.513682373942459,12.007781102915603],[8.513658615652616,12.007567497741887],[8.51357799322983,12.007474789330104],[8.513302008381004,12.007417605937801],[8.513223754772525,12.00736197567471],[8.513111827848604,12.007346690797188],[8.513144982255199,12.007244126715136],[8.513154140950917,12.007195976113449],[8.513150576937619,12.007106423422726],[8.513147218869108,12.006878701590837],[8.512928749262414,12.006837289609278],[8.512705444001085,12.006815339856074],[8.512639174758135,12.007246440670771],[8.512226293308856,12.007232136054311],[8.512169832072118,12.007421547666357],[8.512110350911996,12.007426599158293],[8.512105953227206,12.007584107320723],[8.511936077587961,12.007583852812617],[8.51150088485798,12.007437137414001],[8.511478054668544,12.007361107828899],[8.511466800552455,12.007164378433343],[8.511210107060833,12.006996993916175],[8.51110647458421,12.00697749301696],[8.51102183219183,12.006902895152562],[8.51081083864932,12.006837601674022],[8.51081201136526,12.006698574579614],[8.510838655579562,12.006428561229141],[8.510875247194974,12.006230776928874],[8.510857983808933,12.006016198688652],[8.510857983808933,12.005925530838624],[8.510911461994397,12.005667477572102],[8.510977459642106,12.005403852106156],[8.51090029241459,12.005376236624043],[8.510290552966694,12.00511648363886],[8.510160751117837,12.006187624759148],[8.510285389958824,12.006195220433142],[8.510363461004943,12.006216539761565],[8.510349883040703,12.006329777897008],[8.510184908706606,12.006336330357383],[8.510119988446775,12.0065183558375],[8.51013424899645,12.006598561874169],[8.51017402960781,12.006722959696903],[8.510216249180587,12.006860101812324],[8.510246112068444,12.00702465076705],[8.51025834104962,12.007292974291373],[8.510350942442074,12.007401446919287],[8.510367391941656,12.007652784948107],[8.510250044803797,12.00787415666707],[8.510432081975068,12.00805194993757],[8.510641862332136,12.008347750448365]]],[[[8.510773263175622,12.01370833397249],[8.510508395745887,12.014772586285858],[8.51101966392639,12.014863707394227],[8.512520635119245,12.01513121793141],[8.51254468029282,12.015031002878516],[8.512598157578964,12.014891520727133],[8.512681345767533,12.014606741408043],[8.5130081558018,12.014641611721059],[8.513067574908689,12.013874448646959],[8.512841780323924,12.013665223171584],[8.512301058447122,12.013525738322189],[8.512199394586446,12.01353950334544],[8.511833732041168,12.013429899370406],[8.511757792388266,12.013504803004308],[8.511607898785542,12.0134445268435],[8.511381272327924,12.013377271943568],[8.51117135527386,12.013320007612322],[8.511099697293218,12.013314319400365],[8.51102482783358,12.013324780314406],[8.510855471103184,12.013311675393538],[8.510773263175622,12.01370833397249]]]]}},{"type":"Feature","properties":{"name":"Gyaranya","label":"Gyaranya","lga":"Gwale","people":10824,"walk":4.23,"walk_clinic":4.04,"walk_school":4.41,"f15":100.0,"f15_health":100.0,"f15_school":100.0,"beyond":0,"clinics":3,"schools":4,"off_pct":0.0,"hexes":8,"gini":0.13,"share":0.19,"rank":1.0,"of":88,"reading":"Most people here already finish inside 15 minutes. Clinics and schools are about even. That is 32 points above the city as a whole.","places":"Gyaranya, Bakin Lilo, Filin Iyan Dala, Gidan Alhaji Shehu, Gidan Dabinai, Gidan Inuwa Akwa, Gidan Mai Unguwa, Gidan Mamman and 59 others","place_n":67},"geometry":{"type":"Polygon","coordinates":[[[8.509954562652979,11.998814075209454],[8.509927920237374,11.998832612934795],[8.509255229145538,11.999171002639686],[8.509175755157003,11.999056881370054],[8.50909654736779,11.999000798747884],[8.509043546722353,11.998924503862838],[8.50890841728966,11.998882815789385],[8.50887608036686,11.998853812653408],[8.508861231660546,11.998642916237657],[8.508823463731915,11.998627732084232],[8.508806192251996,11.998499989682841],[8.508787582580908,11.99838156785512],[8.508730857842863,11.998162722331813],[8.508832861647306,11.997962859698243],[8.508987552233805,11.99782793980762],[8.509138379332796,11.99771553894101],[8.509464932160938,11.997620903282098],[8.509666212126035,11.997618269167846],[8.50973432228119,11.997352258699836],[8.509806751880149,11.997131591150037],[8.509818883734567,11.996909116862298],[8.509811243094418,11.996838708040002],[8.509757568856742,11.996743331339701],[8.509637903266652,11.996725537353713],[8.509569563784398,11.996715202344772],[8.509445660588824,11.996711867658632],[8.509347904282379,11.996709445784346],[8.509129860055054,11.99668467665657],[8.509023579974269,11.99662564605677],[8.509082799431724,11.99645869681143],[8.509191181228061,11.99642940409376],[8.509323806948203,11.996345707788233],[8.50949126880704,11.996327626019193],[8.509518245770494,11.99619015115462],[8.509554534314361,11.996089230133919],[8.509798613015619,11.995353149428352],[8.510404289326516,11.99499970597168],[8.509631527073338,11.994760946760323],[8.50924196324604,11.994710317627094],[8.508993566000301,11.994621499682523],[8.508853741207247,11.994824164603587],[8.508748176087522,11.995082951716881],[8.508490299088066,11.995577728129717],[8.508380502658099,11.995996757344527],[8.50835424874964,11.996065906216643],[8.508346260971223,11.996087462966102],[8.508343098055605,11.996139918622418],[8.50825018279977,11.996467048815303],[8.50825018279977,11.996638515355244],[8.508234141592425,11.996734759001981],[8.508218746997613,11.996827126570679],[8.508220998900015,11.997061246179612],[8.508209521752065,11.997063249869143],[8.508235894371069,11.997170058751239],[8.50823875241656,11.997495843558395],[8.508244466708845,11.997795908654323],[8.508224463088538,11.997915934872536],[8.50805585459409,11.997887358015191],[8.507981552606623,11.99783591769352],[8.507847237959709,11.99782162926482],[8.507738643024027,11.997761615706056],[8.507590039948411,11.997678741380867],[8.507404284979827,11.997624443013706],[8.507249965813344,11.997573003591297],[8.507147685017685,11.997529598712049],[8.507081358218159,11.997481555129694],[8.506956213958176,11.997386710828096],[8.50693704131146,11.99741296923321],[8.50690560461004,11.997430114808026],[8.506783680822252,11.997411916127076],[8.506675766673368,11.997612575559968],[8.506646124119357,11.997773180088243],[8.506281642383954,11.997699667705545],[8.50605819413039,11.997622506773325],[8.505852700841501,11.99749153040983],[8.5057101007406,11.997607900883963],[8.505585300021608,11.997731983044616],[8.506064305923019,11.998083322087666],[8.506072710087551,11.9980919915522],[8.506189341365086,11.998233358682624],[8.506411221200949,11.998809305205327],[8.506919392116288,11.99937676932251],[8.507244196662384,11.999802959838803],[8.507544304925773,12.000120087771904],[8.507687560632462,11.999985490737856],[8.507906180425948,12.000214111891808],[8.50836570521318,12.000316595934178],[8.508735955200223,12.000304458683843],[8.508732180745596,12.00014618519833],[8.508771935276629,11.999919244877274],[8.508744324291172,11.999770790189872],[8.50871388313925,11.999564551362992],[8.508854144103509,11.999451749398759],[8.509011954438224,11.999605814956453],[8.50909500862781,11.999598264248558],[8.509123587283797,11.999655419761835],[8.50919109399382,11.999751567181137],[8.509217892891513,11.999789735308072],[8.509360780775467,11.999878324824863],[8.509617979686084,11.999964058094857],[8.509646557442693,11.999946910721402],[8.50968656558257,11.999786877262636],[8.50970085491059,11.999741153031838],[8.50966656196232,11.9997382949864],[8.509726574621766,11.999569687391215],[8.509803733755348,11.99942394056245],[8.50984562687421,11.999369635000674],[8.50985597807096,11.999356218015123],[8.509998061961028,11.999395362805783],[8.510115230133806,11.999455376364551],[8.510383604919468,11.999464034137928],[8.510392432664673,11.999498243449239],[8.51044493238777,11.999490606406422],[8.510462047385602,11.999678422621173],[8.510486704098184,11.99968546341347],[8.510472450743066,11.999732578895477],[8.510501027600412,11.999895472198318],[8.51046387660665,12.000032643991405],[8.510426725612945,12.000169816683753],[8.510392432664673,12.00036128684394],[8.511158314204863,12.0003527136069],[8.511352642410543,12.000364144889431],[8.511401223787516,12.00031842065863],[8.511412655070046,12.000324135850235],[8.511421228307086,12.000246976716653],[8.511526965197334,12.000109804024303],[8.51157554657425,12.000021212708877],[8.511481240966532,11.999958342903255],[8.51139550769659,11.999784019217145],[8.511340050103286,11.999690269390442],[8.511346215855212,11.999678422621171],[8.511246390208782,11.999444774256972],[8.511117770968383,11.999284460209704],[8.511440517865651,11.999282568935485],[8.511610122808975,11.999274128798048],[8.511865420552738,11.999319179436608],[8.512148540622718,11.99927750934961],[8.512323834677261,11.99930961784463],[8.512393986293489,11.999320607560033],[8.512482277235335,11.99933863986638],[8.512767451356865,11.999428386810678],[8.512776518321687,11.99913934920164],[8.512851921978665,11.998836539374846],[8.51292499279424,11.998551135926222],[8.512727105971237,11.99854450162752],[8.512710547653683,11.998472468629584],[8.512456657348935,11.998461826951825],[8.51233483788252,11.998420459036995],[8.512139968284941,11.998432316598155],[8.51195696344314,11.998417863593602],[8.51167817181022,11.998376504672022],[8.511626648750905,11.99832476577535],[8.511623686384041,11.99825945431041],[8.511594324418581,11.998149934871664],[8.511586718852016,11.998014162423713],[8.511613411629696,11.997907182670417],[8.511643419308427,11.997854315124586],[8.511621985766055,11.997571395603472],[8.511599124100371,11.997542817846806],[8.511594837032135,11.9974599426223],[8.511606268314665,11.99737278212825],[8.511571975366394,11.997277046598468],[8.511532915112015,11.997166491140717],[8.511543790613473,11.997033047037517],[8.51151414356292,11.997005626708354],[8.511549888016987,11.996911378657272],[8.511569789114503,11.99685758570905],[8.51158697605814,11.996781860994133],[8.511551970846824,11.996765506822728],[8.51146052238522,11.99679408457939],[8.51138193422895,11.996785511342296],[8.511384791375065,11.996749789371334],[8.511339067144263,11.99676264877729],[8.511280482608242,11.996808373008035],[8.511253333874322,11.996821233313309],[8.511233330254015,11.996778367128],[8.51119617926031,11.996756933585685],[8.511147596984074,11.996736929066058],[8.511110445990312,11.996749789371336],[8.511069096961307,11.996756849049405],[8.511068858640954,11.996740181014612],[8.510947740645747,11.99665092420082],[8.510801384975991,11.996600475831372],[8.510738936952407,11.996551174996798],[8.510724647624443,11.99664262255902],[8.510653203682468,11.996768364868217],[8.51062462682512,11.9968769598039],[8.510620073557618,11.99691012680097],[8.51060462230555,11.997022705733345],[8.510610338396475,11.99723418041316],[8.510630342016725,11.997457086375503],[8.510601764260059,11.997851457079149],[8.510575592189866,11.997900810973704],[8.510539607616863,11.998025065804196],[8.510562470181924,11.998213677918951],[8.510584457706615,11.998311186911794],[8.51059980014071,11.998394431757674],[8.510626783399402,11.998475382433014],[8.510470421872526,11.998554421149663],[8.510253265276049,11.998601749771012],[8.510148421412566,11.998624600644858],[8.510107138034016,11.998703036815753],[8.51005553583434,11.998767025377957],[8.509954562652979,11.998814075209454]]]}},{"type":"Feature","properties":{"name":"Goron Dutse","label":"Goron Dutse","lga":"Gwale","people":19814,"walk":6.93,"walk_clinic":8.36,"walk_school":5.5,"f15":99.1,"f15_health":98.73,"f15_school":100.0,"beyond":179,"clinics":2,"schools":2,"off_pct":0.0,"hexes":19,"gini":0.22,"share":0.34,"rank":44.0,"of":88,"reading":"Most people here already finish inside 15 minutes. Clinics and schools are about even. That is 31 points above the city as a whole.","places":"Abdulrahman Bin Auf, Alhaji Sabo, Babban Gidan Zakka A, Babban Gidan Zakka B, Bayan Layin Makera, Dan Sarkin Kura, Dausayi, Fanfon Dangalura and 54 others","place_n":62},"geometry":{"type":"MultiPolygon","coordinates":[[[[8.50690560461004,11.997430114808026],[8.50693704131146,11.99741296923321],[8.506956213958176,11.997386710828096],[8.507081358218159,11.997481555129694],[8.507147685017685,11.997529598712049],[8.507249965813344,11.997573003591297],[8.507404284979827,11.997624443013706],[8.507590039948411,11.997678741380867],[8.507738643024027,11.997761615706056],[8.507847237959709,11.99782162926482],[8.507981552606623,11.99783591769352],[8.50805585459409,11.997887358015191],[8.508224463088538,11.997915934872536],[8.508244466708845,11.997795908654323],[8.50823875241656,11.997495843558395],[8.508235894371069,11.997170058751239],[8.508209521752065,11.997063249869143],[8.508220998900015,11.997061246179612],[8.508218746997613,11.996827126570679],[8.508234141592425,11.996734759001981],[8.50825018279977,11.996638515355244],[8.50825018279977,11.996467048815303],[8.508343098055605,11.996139918622418],[8.508346260971223,11.996087462966102],[8.50835424874964,11.996065906216643],[8.50747959600659,11.99558543981624],[8.507137295150073,11.99516790257667],[8.506946608299359,11.994880426190774],[8.506888308848431,11.994781008836524],[8.506844933646846,11.994715649707528],[8.506768415729823,11.994611786105109],[8.506697833338364,11.994481547185728],[8.506570860756653,11.994307022950807],[8.506220212392918,11.99402472576054],[8.506046861773314,11.993825334371707],[8.505969722424823,11.993608892736232],[8.505963768013544,11.99355437313585],[8.505694868023795,11.993505747692152],[8.505410326125684,11.993465949993661],[8.505130011940537,11.993439062962407],[8.505229207162245,11.993673705976791],[8.505274321652678,11.993795119848926],[8.505291109297332,11.993992054289945],[8.505345313235694,11.994205333909065],[8.505369716339374,11.994300830219174],[8.505412873005753,11.994311559131177],[8.505448165100802,11.994451992765278],[8.505519010993623,11.994617636195017],[8.505202464022547,11.994648967675747],[8.504848088868243,11.9945608925712],[8.504674829080159,11.994514820302756],[8.504439356890884,11.994583915215571],[8.504423400219821,11.994643816359089],[8.504395176796038,11.994696691998797],[8.504356916038887,11.994777773975159],[8.504259808143672,11.99494262869939],[8.504074722270673,11.994914091412225],[8.50365265424665,11.994823049444221],[8.503601727437797,11.994943045085504],[8.503966396232272,11.99577282255774],[8.504009176981981,11.99588066206297],[8.50408686042033,11.995985208250831],[8.504145031268251,11.996104766821587],[8.504492743345452,11.996278264030709],[8.505161676170474,11.996803799056126],[8.505292513139011,11.996998576023485],[8.505417059349838,11.997199774150317],[8.505585300021608,11.997731983044616],[8.5057101007406,11.997607900883963],[8.505852700841501,11.99749153040983],[8.50605819413039,11.997622506773325],[8.506281642383954,11.997699667705545],[8.506646124119357,11.997773180088243],[8.506675766673368,11.997612575559968],[8.506783680822252,11.997411916127076],[8.50690560461004,11.997430114808026]]],[[[8.495939110601512,12.006555586870888],[8.495033681259429,12.004996113879594],[8.494533370418765,12.003165548351433],[8.494513593427655,12.002662698724636],[8.49447175876469,12.001603220911987],[8.49446111438897,12.001604364849584],[8.491788805009378,12.0018916038145],[8.486368864431597,12.002378217081116],[8.486369349166184,12.002389475693803],[8.48643228642095,12.003850836247127],[8.487759263978887,12.00704681905552],[8.488735399818893,12.009452322067034],[8.4895661782366,12.01061641801334],[8.49161295697246,12.009024208800273],[8.494066984703636,12.007636057558047],[8.494545209993476,12.008290914194388],[8.496347967584711,12.007231028089503],[8.495939110601512,12.006555586870888]]]]}},{"type":"Feature","properties":{"name":"Rijiyar Lemo","label":"Rijiyar Lemo","lga":"Fagge","people":33608,"walk":6.76,"walk_clinic":8.85,"walk_school":4.67,"f15":100.0,"f15_health":93.7,"f15_school":100.0,"beyond":0,"clinics":6,"schools":14,"off_pct":0.0,"hexes":22,"gini":0.18,"share":0.58,"rank":1.0,"of":88,"reading":"Most people here already finish inside 15 minutes. Clinics and schools are about even. That is 32 points above the city as a whole.","places":"Bayan Layin Azman, Bayan Rijiyar Lemo Phc, Garba Mai Doya, Gidan Vice Center, Gidan Vice Gabas, Gidan Vice North, Gidan Vice West, Gidan Vice Yamma and 116 others","place_n":124},"geometry":{"type":"Polygon","coordinates":[[[8.487526360253357,12.03974177096603],[8.486807927843643,12.040341845399896],[8.48382635959888,12.043210894067556],[8.482976898665015,12.04408894714726],[8.48223933407803,12.044871088430058],[8.481458583147116,12.04569563364663],[8.479959542798724,12.047368943721834],[8.477935903619084,12.050508087578237],[8.476021984427064,12.053439361237565],[8.474373272608489,12.055847805931535],[8.473838492552431,12.056696202068109],[8.473712857262626,12.056842716018593],[8.4750374048524,12.057159661389337],[8.475422085361004,12.056132349628284],[8.476305844639057,12.056362859358499],[8.477392580003597,12.056658364891687],[8.47815968731976,12.056913399134089],[8.478488042389301,12.057036691690026],[8.479563896856405,12.057328009080383],[8.480433537677698,12.057515321674826],[8.480503724367452,12.057259555384237],[8.48037695862979,12.05720199787396],[8.48064292682966,12.05660478598213],[8.480751808649075,12.056412083750727],[8.480834700960713,12.056280717980824],[8.481415925604551,12.055067237563035],[8.482310572075278,12.052863794228756],[8.483378677084318,12.050610379165729],[8.484103863402595,12.049089107576323],[8.483312388955653,12.048835744274243],[8.483539321182775,12.048163403918013],[8.48320037839477,12.048068544327917],[8.483517582770277,12.04728020401825],[8.483717706207244,12.047349739598872],[8.484234335246413,12.047584747737973],[8.484426193913748,12.047104929748743],[8.484571939843192,12.046764324114294],[8.48477551757611,12.046788182228852],[8.484959913669115,12.046850363153792],[8.485140699883459,12.046521258948985],[8.48493509417932,12.046408542420354],[8.484401961681215,12.046169204944873],[8.484640415123124,12.045647552292735],[8.484878871262936,12.045149321583947],[8.485256338309398,12.04532470467143],[8.48567170728353,12.045590949862515],[8.48562602172359,12.045724961437884],[8.486003879975158,12.046003073183327],[8.48613522595997,12.0460801666664],[8.486404866991052,12.045706083768778],[8.48654573140044,12.04549098122385],[8.486648333254038,12.045314997389255],[8.486772707694342,12.045132829816282],[8.486817656709547,12.045062983969558],[8.487054582203257,12.044694824006966],[8.4873074877504,12.044301831064727],[8.487634296885346,12.043784636351916],[8.487760065274813,12.04358361898886],[8.487835833157249,12.04341998104735],[8.487906736606647,12.043318158905945],[8.488014585105077,12.043123318986034],[8.488311685136182,12.042582875899033],[8.488489944255548,12.042228391027493],[8.488748071266514,12.041694507595476],[8.489015909156933,12.040316746220922],[8.487526360253357,12.03974177096603]]]}},{"type":"Feature","properties":{"name":"Mandawari","label":"Mandawari","lga":"Gwale","people":14089,"walk":4.25,"walk_clinic":4.07,"walk_school":4.43,"f15":100.0,"f15_health":100.0,"f15_school":100.0,"beyond":0,"clinics":1,"schools":1,"off_pct":0.0,"hexes":8,"gini":0.1,"share":0.25,"rank":1.0,"of":88,"reading":"Most people here already finish inside 15 minutes. Clinics and schools are about even. That is 32 points above the city as a whole.","places":"Alhaji Sani Dan Landon, Bayan Gidan Hakimi, Durumin Baki, Layin Aminu Ado, Layin Baban Uwa, Layin Banbadawa, Layin Bilya Mai Itace, Layin Biro Man and 53 others","place_n":61},"geometry":{"type":"Polygon","coordinates":[[[8.509954562652979,11.998814075209454],[8.51005553583434,11.998767025377957],[8.510107138034016,11.998703036815753],[8.510148421412566,11.998624600644858],[8.510253265276049,11.998601749771012],[8.510470421872526,11.998554421149663],[8.510626783399402,11.998475382433014],[8.51059980014071,11.998394431757674],[8.510584457706615,11.998311186911794],[8.510562470181924,11.998213677918951],[8.510539607616863,11.998025065804196],[8.510575592189866,11.997900810973704],[8.510601764260059,11.997851457079149],[8.510630342016725,11.997457086375503],[8.510610338396475,11.99723418041316],[8.51060462230555,11.997022705733345],[8.510620073557618,11.99691012680097],[8.51062462682512,11.9968769598039],[8.510653203682468,11.996768364868217],[8.510724647624443,11.99664262255902],[8.510738936952407,11.996551174996798],[8.510801384975991,11.996600475831372],[8.510947740645747,11.99665092420082],[8.511068858640954,11.996740181014612],[8.511069096961307,11.996756849049405],[8.511110445990312,11.996749789371336],[8.511147596984074,11.996736929066058],[8.51119617926031,11.996756933585685],[8.511233330254015,11.996778367128],[8.511253333874322,11.996821233313309],[8.511280482608242,11.996808373008035],[8.511339067144263,11.99676264877729],[8.511384791375065,11.996749789371334],[8.51138193422895,11.996785511342296],[8.51146052238522,11.99679408457939],[8.511551970846824,11.996765506822728],[8.51158697605814,11.996781860994133],[8.511569789114503,11.99685758570905],[8.511549888016987,11.996911378657272],[8.51151414356292,11.997005626708354],[8.511543790613473,11.997033047037517],[8.51165153389121,11.997034690098927],[8.511822664084718,11.997032994876863],[8.511822808875593,11.997032975991088],[8.512846491872153,11.996880072357493],[8.512813293398835,11.996688789256266],[8.512819235219581,11.99622962419784],[8.512847756318934,11.995997617995727],[8.513076979119319,11.994549990090036],[8.5132246280142,11.994118782256066],[8.513323556137266,11.993765018640774],[8.513397864419971,11.993480170973159],[8.513364323304927,11.993318275018451],[8.513289514099824,11.992918933761816],[8.513173897257616,11.992397378236491],[8.513149311591519,11.992250260840931],[8.513004991986861,11.991879459569475],[8.512930665717704,11.991408091610193],[8.512748724773871,11.991424721873443],[8.512431443956018,11.99133066807593],[8.51228076704382,11.991214824604526],[8.512022345055243,11.991092837864246],[8.51170971193369,11.991039756279804],[8.511520100672158,11.990956514131879],[8.511272546990483,11.990831361777962],[8.511229887649222,11.990735405014957],[8.510996360693525,11.991197967712084],[8.510893295689073,11.991237815772651],[8.510675307219685,11.99172036320425],[8.51042110215218,11.992024190164269],[8.51027444161224,11.992138779081415],[8.510027450906193,11.992293618955387],[8.509804541346568,11.992406384047456],[8.50968356814218,11.992726316066696],[8.509567993568112,11.992888149068847],[8.50950270188821,11.992926845997205],[8.509336167230401,11.993090945290932],[8.509187137876154,11.993365133294331],[8.509149660428534,11.99375359994872],[8.50958162009573,11.99390652516604],[8.509898543882741,11.99393914807325],[8.509972756837328,11.99404504324423],[8.510049095789213,11.994263324892586],[8.51025191359497,11.994385530168133],[8.51053406869238,11.994392505309918],[8.51060516639535,11.99442840444737],[8.510585729347952,11.994612340087484],[8.510613256696502,11.994883708716257],[8.510404289326516,11.99499970597168],[8.509798613015619,11.995353149428352],[8.509554534314361,11.996089230133919],[8.509518245770494,11.99619015115462],[8.50949126880704,11.996327626019193],[8.509323806948203,11.996345707788233],[8.509191181228061,11.99642940409376],[8.509082799431724,11.99645869681143],[8.509023579974269,11.99662564605677],[8.509129860055054,11.99668467665657],[8.509347904282379,11.996709445784346],[8.509445660588824,11.996711867658632],[8.509569563784398,11.996715202344772],[8.509637903266652,11.996725537353713],[8.509757568856742,11.996743331339701],[8.509811243094418,11.996838708040002],[8.509818883734567,11.996909116862298],[8.509806751880149,11.997131591150037],[8.50973432228119,11.997352258699836],[8.509666212126035,11.997618269167846],[8.509464932160938,11.997620903282098],[8.509138379332796,11.99771553894101],[8.508987552233805,11.99782793980762],[8.508832861647306,11.997962859698243],[8.508730857842863,11.998162722331813],[8.508787582580908,11.99838156785512],[8.508806192251996,11.998499989682841],[8.508823463731915,11.998627732084232],[8.508861231660546,11.998642916237657],[8.50887608036686,11.998853812653408],[8.50890841728966,11.998882815789385],[8.509043546722353,11.998924503862838],[8.50909654736779,11.999000798747884],[8.509175755157003,11.999056881370054],[8.509255229145538,11.999171002639686],[8.509927920237374,11.998832612934795],[8.509954562652979,11.998814075209454]]]}},{"type":"Feature","properties":{"name":"Jakara","label":"Jakara","lga":"Kano Municipal","people":8692,"walk":4.55,"walk_clinic":5.31,"walk_school":3.8,"f15":100.0,"f15_health":100.0,"f15_school":100.0,"beyond":0,"clinics":1,"schools":1,"off_pct":0.0,"hexes":6,"gini":0.1,"share":0.15,"rank":1.0,"of":88,"reading":"Most people here already finish inside 15 minutes. Clinics and schools are about even. That is 32 points above the city as a whole.","places":"Bakin Zuwo B, Durumin Ali Dabi, Gidan Mai Unguwa Rabiu Ali, Lungun Ali Gwarge, Lungun Gidan Mai Unguwa Bashir Yusuf, Lungun Mai Unguwa Danladi Ibrahim, Lungun Mai Unguwa Garzali Yaya, Lungun Mai Unguwa Ibrahim Usama and 6 others","place_n":14},"geometry":{"type":"Polygon","coordinates":[[[8.50949489487357,12.003017546922308],[8.509490493591443,12.004481403993623],[8.509500030901734,12.00449391985859],[8.509587763364664,12.004700245020329],[8.509776313426187,12.004862594233371],[8.510042671032465,12.004990531787653],[8.510290552966694,12.00511648363886],[8.51090029241459,12.005376236624043],[8.510977459642106,12.005403852106156],[8.511199807125422,12.00551239488118],[8.511412638882234,12.005578915934278],[8.511611584207287,12.005567757146308],[8.512136978039166,12.005418145031397],[8.512363394055456,12.005361024591648],[8.512487059829994,12.005538726131363],[8.512577185388864,12.005648342696926],[8.512662450112032,12.005730497564457],[8.512769419972813,12.00588765499134],[8.512983392069941,12.005963091023885],[8.51313087099294,12.005817113968702],[8.51336896560531,12.005844645813793],[8.513535055998092,12.005802264363071],[8.513781166267847,12.00569186179001],[8.513849649641656,12.005746187136877],[8.513925806930501,12.005840444181219],[8.514117348137177,12.005859365017729],[8.514167677796138,12.006062380674393],[8.514200181093543,12.006231913671911],[8.514452711623392,12.006212144774736],[8.514504688840361,12.0060070247045],[8.514572658701297,12.006013891927637],[8.514581983771564,12.005835351320455],[8.514973562080286,12.005830712617351],[8.514733423308883,12.005207817886513],[8.51465588196345,12.004992371800542],[8.514587405784198,12.004687598753721],[8.514555166887476,12.004517160138901],[8.514511598331637,12.004075988715952],[8.514179658564444,12.00404107523548],[8.513927718889192,12.004027125851227],[8.513266968995481,12.003706299006524],[8.513077084340011,12.003571793703372],[8.512889367950038,12.003489349254098],[8.512668087062593,12.003440477396165],[8.512458249148949,12.003460892905933],[8.512183109662828,12.003552535621054],[8.512021526672186,12.003571459155578],[8.511888427009353,12.003541235639542],[8.51181474555409,12.003517988164672],[8.511757703355386,12.003462192426298],[8.511669761350447,12.003176237693255],[8.51164361715928,12.002848436606087],[8.511592040140613,12.002790316120239],[8.511236947327292,12.002641062834813],[8.510623732898978,12.002468094427059],[8.510003719596057,12.002310140200848],[8.509499423859381,12.002279788981124],[8.50949978988342,12.002574393393616],[8.50949489487357,12.003017546922308]]]}},{"type":"Feature","properties":{"name":"Bakin Ruwa","label":"Bakin Ruwa","lga":"Dala","people":14828,"walk":4.21,"walk_clinic":4.42,"walk_school":3.99,"f15":100.0,"f15_health":100.0,"f15_school":100.0,"beyond":0,"clinics":2,"schools":4,"off_pct":0.0,"hexes":8,"gini":0.09,"share":0.26,"rank":1.0,"of":88,"reading":"Most people here already finish inside 15 minutes. Clinics and schools are about even. That is 32 points above the city as a whole.","places":"Ayagi Layin Yan Hula Ziri, Bakin Ruwa Layin Gidan Mai Unguwa, Bakin Ruwa Layin Tunusi, Gidan Ya Sayyadi, Kwar Galla, Layin Alhaji Sambo, Layin Alhaji Tijjani Babuga, Layin Ayagi Tawalkala and 24 others","place_n":32},"geometry":{"type":"Polygon","coordinates":[[[8.501712169081372,11.999254656677122],[8.501903962098197,11.999258652364972],[8.502063997355664,11.999292946212561],[8.502212600431221,11.999355816018126],[8.502486944916598,11.999510136083982],[8.502801299340547,11.999664455250466],[8.502978481072091,11.999790195760966],[8.503247110365919,11.999910221979233],[8.503601472929688,11.999915938070158],[8.50371006786537,12.000007385632387],[8.503847240557775,12.000173136980722],[8.504001559724259,12.000338887429734],[8.50407586171167,12.000338887429736],[8.504121585942471,12.000493205696955],[8.504136428353547,12.000686150745308],[8.504758971449405,12.000883164326636],[8.504818003847845,12.000858602042909],[8.50489682582787,12.000869830078665],[8.505361381422688,12.000597491081406],[8.505768825570897,12.000338684182962],[8.506097435148547,12.00028711795619],[8.506257261763267,12.000238783892822],[8.506494147686794,12.000191261017903],[8.506635909619604,12.000127858813695],[8.507123469872283,11.999865735215563],[8.507244196662384,11.999802959838803],[8.506919392116288,11.99937676932251],[8.506411221200949,11.998809305205327],[8.506189341365086,11.998233358682624],[8.506072710087551,11.9980919915522],[8.506064305923019,11.998083322087666],[8.505585300021608,11.997731983044616],[8.505417059349838,11.997199774150317],[8.505292513139011,11.996998576023485],[8.505161676170474,11.996803799056126],[8.504492743345452,11.996278264030709],[8.504145031268251,11.996104766821587],[8.50408686042033,11.995985208250831],[8.504009176981981,11.99588066206297],[8.503966396232272,11.99577282255774],[8.503601727437797,11.994943045085504],[8.50323195858806,11.994701336097815],[8.502984689092159,11.99456625972516],[8.50290574390499,11.994132567064353],[8.502850662228354,11.993909667397306],[8.50270800457082,11.993969233093708],[8.502451115926306,11.994064199703077],[8.502062987416991,11.994185772755259],[8.501711202310162,11.994352962119534],[8.501451173233079,11.994477375230757],[8.501485953613894,11.99520920304235],[8.501690357823804,11.995255700690109],[8.50172493136057,11.995465463960045],[8.502182723154192,11.995670145161114],[8.502082153768413,11.99606241235051],[8.501757553368464,11.996098795323178],[8.501213809769581,11.996265175297651],[8.500762390571936,11.996319472765492],[8.500602787888397,11.996403643013762],[8.500888065431925,11.996936554278587],[8.501085543063425,11.997468246062738],[8.501088250922066,11.99757545514319],[8.501095246748264,11.997804650064609],[8.501097420409678,11.99809800711739],[8.501036814197676,11.998333016155811],[8.501149116138834,11.998328687718809],[8.501163875812269,11.998394553166122],[8.501268500241167,11.99856588121048],[8.50135641886368,11.998964005684341],[8.501705807277233,11.999195331099713],[8.501712169081372,11.999254656677122]]]}},{"type":"Feature","properties":{"name":"Zaitawa","label":"Zaitawa","lga":"Kano Municipal","people":21526,"walk":6.5,"walk_clinic":7.59,"walk_school":5.42,"f15":100.0,"f15_health":100.0,"f15_school":100.0,"beyond":0,"clinics":2,"schools":3,"off_pct":0.0,"hexes":14,"gini":0.1,"share":0.37,"rank":1.0,"of":88,"reading":"Most people here already finish inside 15 minutes. Clinics and schools are about even. That is 32 points above the city as a whole.","places":"Zaitawa, Aminu Kano Islamiyya Yan Awaki, Daganda, Dukawa Bakin Titi, Koki Layin Barebari, Koki Layin Hajiya Mariya, Koki Layin Maarifa, Koki Layin Masallaci and 14 others","place_n":22},"geometry":{"type":"Polygon","coordinates":[[[8.522074926416792,12.011168951585889],[8.52317002817432,12.010072193277153],[8.523506874642578,12.009617247837753],[8.524324397053306,12.008712397659053],[8.525822580347835,12.007082432208506],[8.52635357066083,12.006497308104313],[8.525026352983843,12.004199667081025],[8.524146938330603,12.004641381694457],[8.523231870954135,12.005141217693108],[8.522257383571457,12.005629429054975],[8.521556228936845,12.005745669127348],[8.521036220245435,12.005699619342009],[8.520825851731729,12.00565427642374],[8.520888002979007,12.006150051983353],[8.520913314398001,12.006573989697928],[8.520784643896263,12.00746074102045],[8.520379429167349,12.007349512869778],[8.52009790089744,12.007128858809837],[8.519797155014716,12.00701419075233],[8.519232712619669,12.006916981233758],[8.51898104364028,12.00685792005703],[8.518266228303844,12.00646354395741],[8.51837897900674,12.006088473604223],[8.51792608671957,12.00602876941224],[8.517625416379929,12.005898758021315],[8.51739758123341,12.005778682340347],[8.516966255588272,12.005465717369022],[8.516636625280057,12.005122563955183],[8.516367025617797,12.004956819801462],[8.515804200203718,12.00456625143141],[8.515531311720736,12.004352669640014],[8.515330556060348,12.004133611876737],[8.514641115095458,12.003768139987699],[8.514512797127907,12.004032605420432],[8.514511598331637,12.004075988715952],[8.514555166887476,12.004517160138901],[8.514587405784198,12.004687598753721],[8.51465588196345,12.004992371800542],[8.514733423308883,12.005207817886513],[8.514973562080286,12.005830712617351],[8.514581983771564,12.005835351320455],[8.514572658701297,12.006013891927637],[8.514504688840361,12.0060070247045],[8.514452711623392,12.006212144774736],[8.514200181093543,12.006231913671911],[8.514167677796138,12.006062380674393],[8.514117348137177,12.005859365017729],[8.513925806930501,12.005840444181219],[8.513849649641656,12.005746187136877],[8.513781166267847,12.00569186179001],[8.513535055998092,12.005802264363071],[8.51336896560531,12.005844645813793],[8.51313087099294,12.005817113968702],[8.512983392069941,12.005963091023885],[8.513151954699026,12.006138752001846],[8.513243054223608,12.006288315553375],[8.513441779214816,12.006657767841773],[8.513522622870823,12.006883414937706],[8.513499636199299,12.006960224235002],[8.51337106102568,12.006958181874664],[8.513147218869108,12.006878701590837],[8.513150576937619,12.007106423422726],[8.513154140950917,12.007195976113449],[8.513144982255199,12.007244126715136],[8.513111827848604,12.007346690797188],[8.513223754772525,12.00736197567471],[8.513302008381004,12.007417605937801],[8.51357799322983,12.007474789330104],[8.513658615652616,12.007567497741887],[8.513682373942459,12.007781102915603],[8.513985011099408,12.007720112693105],[8.51446910806294,12.00785053327553],[8.51462853178134,12.008017388991336],[8.51529546631275,12.00812448115994],[8.515528179382045,12.008318899297818],[8.515679242103374,12.008332253330877],[8.515940053590668,12.008315925239799],[8.516162011667575,12.009002382254208],[8.516588986392662,12.01003788683903],[8.51690069231313,12.00999893540262],[8.51780069244802,12.010098931920199],[8.51848514217562,12.01078494916612],[8.519843086988942,12.011325107168034],[8.520777798256859,12.011902412566315],[8.52115757206434,12.011837943766123],[8.522074926416792,12.011168951585889]]]}},{"type":"Feature","properties":{"name":"Dandago","label":"Dandago","lga":"Gwale","people":17163,"walk":4.24,"walk_clinic":5.42,"walk_school":3.06,"f15":100.0,"f15_health":100.0,"f15_school":100.0,"beyond":0,"clinics":3,"schools":10,"off_pct":0.0,"hexes":10,"gini":0.06,"share":0.3,"rank":1.0,"of":88,"reading":"Most people here already finish inside 15 minutes. Clinics and schools are about even. That is 32 points above the city as a whole.","places":"Dandago, Bashir Dandago, Danrimi, Dirimin Sambo, Gidan Alasan, Gidan Burodi, Lakin Sarkin Dawaki, Layin Abba Wakili and 49 others","place_n":57},"geometry":{"type":"Polygon","coordinates":[[[8.507607824041884,11.988915733874078],[8.507505607098153,11.988952823713872],[8.506871327849524,11.989090286887292],[8.507227098751628,11.989366009134073],[8.507513029202983,11.989596803050063],[8.507596033929872,11.989595073653788],[8.507619210358314,11.989684019302103],[8.507394709897994,11.990246783562267],[8.507137504692139,11.990838425952631],[8.504961462801305,11.990394534080508],[8.504134397684368,11.991506677091534],[8.503836251741689,11.991802465911123],[8.503713539248508,11.991834232663734],[8.503122137876403,11.992575702106992],[8.502987128952896,11.99287869539552],[8.50290844277049,11.993295129166937],[8.502943085554989,11.99357001684285],[8.503024768278465,11.993842205653324],[8.502850662228354,11.993909667397306],[8.50290574390499,11.994132567064353],[8.502984689092159,11.99456625972516],[8.50323195858806,11.994701336097815],[8.503601727437797,11.994943045085504],[8.50365265424665,11.994823049444221],[8.504074722270673,11.994914091412225],[8.504259808143672,11.99494262869939],[8.504356916038887,11.994777773975159],[8.504395176796038,11.994696691998797],[8.504423400219821,11.994643816359089],[8.504439356890884,11.994583915215571],[8.504674829080159,11.994514820302756],[8.504848088868243,11.9945608925712],[8.505202464022547,11.994648967675747],[8.505519010993623,11.994617636195017],[8.505448165100802,11.994451992765278],[8.505412873005753,11.994311559131177],[8.505369716339374,11.994300830219174],[8.505345313235694,11.994205333909065],[8.505291109297332,11.993992054289945],[8.505274321652678,11.993795119848926],[8.505229207162245,11.993673705976791],[8.505130011940537,11.993439062962407],[8.505410326125684,11.993465949993661],[8.505694868023795,11.993505747692152],[8.505963768013544,11.99355437313585],[8.505969722424823,11.993608892736232],[8.506046861773314,11.993825334371707],[8.506220212392918,11.99402472576054],[8.506570860756653,11.994307022950807],[8.506697833338364,11.994481547185728],[8.506768415729823,11.994611786105109],[8.506844933646846,11.994715649707528],[8.506888308848431,11.994781008836524],[8.506946608299359,11.994880426190774],[8.507137295150073,11.99516790257667],[8.50747959600659,11.99558543981624],[8.50835424874964,11.996065906216643],[8.508380502658099,11.995996757344527],[8.508490299088066,11.995577728129717],[8.508748176087522,11.995082951716881],[8.508853741207247,11.994824164603587],[8.508993566000301,11.994621499682523],[8.50924196324604,11.994710317627094],[8.509631527073338,11.994760946760323],[8.510404289326516,11.99499970597168],[8.510613256696502,11.994883708716257],[8.510585729347952,11.994612340087484],[8.51060516639535,11.99442840444737],[8.51053406869238,11.994392505309918],[8.51025191359497,11.994385530168133],[8.510049095789213,11.994263324892586],[8.509972756837328,11.99404504324423],[8.509898543882741,11.99393914807325],[8.50958162009573,11.99390652516604],[8.509149660428534,11.99375359994872],[8.509187137876154,11.993365133294331],[8.509336167230401,11.993090945290932],[8.50950270188821,11.992926845997205],[8.509567993568112,11.992888149068847],[8.50968356814218,11.992726316066696],[8.509804541346568,11.992406384047456],[8.510027450906193,11.992293618955387],[8.51027444161224,11.992138779081415],[8.51042110215218,11.992024190164269],[8.510675307219685,11.99172036320425],[8.510893295689073,11.991237815772651],[8.510996360693525,11.991197967712084],[8.511229887649222,11.990735405014957],[8.510986546392076,11.990558992203775],[8.510783289717097,11.990446407875481],[8.510697819948462,11.990377869643],[8.510603976592279,11.990275361318934],[8.510504519667904,11.990274239864332],[8.510309232784891,11.99033862862484],[8.510162683760882,11.990389311717422],[8.509969294447444,11.990480825829477],[8.509770600033221,11.990670690699856],[8.509577724232658,11.990719806274111],[8.50950848902562,11.990821405383599],[8.509209388902207,11.990986943592643],[8.509116911616218,11.991142245718097],[8.508170038816274,11.99097150942765],[8.50818180015,11.990464367336758],[8.508037796207361,11.990101399160263],[8.507893627688816,11.98938045314543],[8.50788153360594,11.989206097083754],[8.507695091555263,11.989179273005107],[8.507607824041884,11.988915733874078]]]}},{"type":"Feature","properties":{"name":"Dan Agundi","label":"Dan Agundi","lga":"Kano Municipal","people":12811,"walk":7.81,"walk_clinic":7.66,"walk_school":7.97,"f15":100.0,"f15_health":100.0,"f15_school":100.0,"beyond":0,"clinics":1,"schools":1,"off_pct":0.0,"hexes":8,"gini":0.11,"share":0.22,"rank":1.0,"of":88,"reading":"Most people here already finish inside 15 minutes. Clinics and schools are about even. That is 32 points above the city as a whole.","places":"Bunu, Filin Daru A, Filin Iraqi A, Filin Wali A, Indabawa, Layin Alhaji Jazuli, Layin Gidan Babba Dan Agundi, Layin Gidan Mai Unguwa and 2 others","place_n":10},"geometry":{"type":"Polygon","coordinates":[[[8.519953796230766,11.9813663470793],[8.519200000679518,11.983399999310562],[8.518941730676374,11.983913279274475],[8.518731384645719,11.984178329266511],[8.518991643949278,11.984380603881789],[8.519205555791814,11.9845235906912],[8.519376685086002,11.984635190261884],[8.51954781438019,11.98463170269099],[8.519768856947223,11.984548002788129],[8.519932856416233,11.984506152836731],[8.520064768074633,11.984501503341733],[8.520152709180252,11.984492202553158],[8.520297694283215,11.984559628324234],[8.520043376800459,11.985130412738382],[8.520449809211357,11.98524898655154],[8.520738589614268,11.985308274357408],[8.520713634326796,11.985461722980176],[8.520713634326796,11.985646558841664],[8.5206993728778,11.98588719493813],[8.521297288039477,11.985927218366498],[8.521629888808377,11.986127830135274],[8.52200661121617,11.986308017401143],[8.522118321403468,11.986198741678606],[8.522705389841917,11.986391716404622],[8.522900287318464,11.986428915961765],[8.523004865881887,11.98605691769262],[8.523789208705068,11.986196416931131],[8.523637093776927,11.98673116101429],[8.525605082008951,11.9872240551461],[8.525814240934494,11.98660096256441],[8.526075688242486,11.98617316675831],[8.52666513358912,11.98551287282089],[8.52716603888166,11.98498231777978],[8.527753145990971,11.984336892333772],[8.52767722702248,11.984265302701605],[8.527494857101999,11.984093333440624],[8.526165060169433,11.98292374083803],[8.524891702889818,11.982014709711109],[8.523535654746695,11.98139232309728],[8.523272255909944,11.981255891446269],[8.522529506731416,11.98105245220893],[8.522000669395425,11.98101176418163],[8.52154313570719,11.981023388818414],[8.521026182012747,11.981104764873068],[8.520574591044578,11.981226828955014],[8.519953796230766,11.9813663470793]]]}},{"type":"Feature","properties":{"name":"Gobirawa","label":"Gobirawa","lga":"Dala","people":184666,"walk":9.67,"walk_clinic":11.23,"walk_school":8.11,"f15":99.77,"f15_health":91.32,"f15_school":100.0,"beyond":423,"clinics":9,"schools":13,"off_pct":0.0,"hexes":70,"gini":0.08,"share":3.21,"rank":42.0,"of":88,"reading":"Most people here already finish inside 15 minutes. Clinics are the weaker of the two services. That is 32 points above the city as a whole.","places":"Babban Layin, Burhana, Duniyar Yan Garuwa, Farin Bene, Filin Dirimi, Gobirawa Burhana A, Gobirawa Burhana B, Gobirawa Cikin Gari A and 104 others","place_n":112},"geometry":{"type":"Polygon","coordinates":[[[8.480197187750036,12.02327051142504],[8.48042596268806,12.022698322269832],[8.480322436331448,12.02221442675443],[8.480346227896177,12.021972706974907],[8.480203706036264,12.02179667907353],[8.480216980029638,12.021447761904712],[8.480443099269678,12.020581879350287],[8.479722795370776,12.019484854842233],[8.478732873823105,12.018001291826181],[8.478303554565457,12.018332915931353],[8.477442548135116,12.018641375299294],[8.476409933071977,12.019164319377865],[8.475224694064423,12.019863794078903],[8.474980716986522,12.02008621530666],[8.474708336620495,12.020284208249679],[8.474609555086943,12.020358386130678],[8.474419237857603,12.020435935569992],[8.474157101668936,12.020657174189296],[8.470638486177222,12.022866197816823],[8.469041630167169,12.0239310167031],[8.46914702531501,12.02411380480828],[8.469321184425155,12.024404882079695],[8.46947520861403,12.024886944776709],[8.469994490653278,12.024925682174569],[8.470121154767526,12.02493907487843],[8.47032014326004,12.024960115417056],[8.471050658061472,12.025080630866453],[8.471446721289226,12.025295836833434],[8.472111225852416,12.025747770443274],[8.47239727141698,12.026010321219413],[8.472678915699476,12.026225527186401],[8.47283276362117,12.026372237189037],[8.472854943600794,12.026393387444896],[8.473103435275391,12.026652846351851],[8.473180595308293,12.026733412117322],[8.473092581357605,12.026836710046155],[8.472780131697789,12.027620056420517],[8.47340943229949,12.027800827346367],[8.473783490915423,12.027895516964579],[8.473968319582355,12.028076288789746],[8.474478800856048,12.02832592530126],[8.474778047568861,12.028506697126433],[8.47592663020987,12.028906974577238],[8.476393104058559,12.028855325612824],[8.476709954101125,12.02877354935987],[8.47699159928294,12.028700379618895],[8.477019434199576,12.028738190714991],[8.477070810669431,12.028807981703038],[8.477176427949814,12.028833805735585],[8.477293746309385,12.028589978844478],[8.47735245585119,12.028467959728628],[8.477911344033373,12.028752028583312],[8.477995567341623,12.028813144710908],[8.478320609308696,12.029049009004607],[8.478927905298633,12.029543976973004],[8.479139322421815,12.029328465236517],[8.47924035495845,12.029225475775148],[8.479632016904134,12.029526760351755],[8.479623209843282,12.02955489564198],[8.479566005766628,12.029737658566146],[8.479799243140633,12.029888301304085],[8.480402137848444,12.030180976670804],[8.480789400310641,12.030314401888177],[8.481735549156326,12.030701765973786],[8.481951184099898,12.030706070129098],[8.482158038063062,12.030826024401561],[8.482697101590022,12.031138626046811],[8.483020552656455,12.03140332260529],[8.483443019979461,12.031717516949868],[8.483799476164961,12.032001583106648],[8.484098723777151,12.032225391988275],[8.484415573819717,12.03244489581533],[8.484142730302835,12.032660097285717],[8.483654252741644,12.033025936997431],[8.482862128084776,12.033718880821764],[8.48213015458299,12.035792479139674],[8.483680158612458,12.036513157156548],[8.483259307371213,12.037276854243487],[8.48241805904621,12.038515571436504],[8.481709798868167,12.039595339753191],[8.481262342982802,12.040192974326372],[8.480575869780637,12.04127031357416],[8.4788538362356,12.043813525274006],[8.477938000838094,12.043641332981165],[8.47769109556765,12.045507047612206],[8.475424859769532,12.049279961700904],[8.473385200966277,12.047902902696876],[8.47125708214867,12.046526832047729],[8.470966681167454,12.04635508581862],[8.47061938997291,12.046979152366022],[8.470108153268711,12.047630212964009],[8.47004668460687,12.047833625221703],[8.469409646238205,12.048814570635955],[8.469707759805317,12.049047425798106],[8.469688606943691,12.049227750660233],[8.469164536014546,12.0506143712563],[8.470211431412453,12.050981202020921],[8.469782776753789,12.052081804032069],[8.469410350407372,12.053021258324462],[8.469290167707129,12.052995900140727],[8.468330261032747,12.05497850325537],[8.467592851129211,12.05608007383637],[8.46734736229098,12.056621881194927],[8.466693097408552,12.056468100722327],[8.466230991567045,12.057984662562152],[8.465333988872544,12.0578215174491],[8.464611984355656,12.059555948148555],[8.46643398833794,12.060368857037192],[8.466079465694861,12.061170070242609],[8.465368412222517,12.062271346745318],[8.464532773868484,12.06372711981078],[8.464804056162336,12.063853309982333],[8.464386044980017,12.06450656942269],[8.46496302392444,12.064823290862249],[8.465629871221608,12.06510285861009],[8.466312809188821,12.065450833289391],[8.470020445087528,12.060840389572375],[8.472717255596933,12.058115514819175],[8.473712857262626,12.056842716018593],[8.473838492552431,12.056696202068109],[8.474373272608489,12.055847805931535],[8.476021984427064,12.053439361237565],[8.477935903619084,12.050508087578237],[8.479959542798724,12.047368943721834],[8.481458583147116,12.04569563364663],[8.48223933407803,12.044871088430058],[8.482976898665015,12.04408894714726],[8.48382635959888,12.043210894067556],[8.486807927843643,12.040341845399896],[8.487526360253357,12.03974177096603],[8.4883007277964,12.038897749131877],[8.488829596608639,12.038450136764423],[8.492456966216082,12.035125067967556],[8.495381867279377,12.032832834567724],[8.494913730584244,12.03209846976864],[8.493881746845204,12.031309352444737],[8.492954975691646,12.030782611428435],[8.492684483002563,12.030576949066983],[8.492798901048502,12.030172368360182],[8.492869311669438,12.030000205744955],[8.49288691499919,12.029475112286661],[8.492772496053874,12.029242692396393],[8.492772496053874,12.029079138091786],[8.49264927724238,12.029001665094823],[8.492508455101188,12.028777852615862],[8.492455646011308,12.02842491907478],[8.4922620156795,12.028244148148985],[8.491786740165992,12.02789982111989],[8.491619513929493,12.027727657605338],[8.491320267216622,12.027607143055262],[8.490862594133489,12.027434980440033],[8.490572148186118,12.027228382783674],[8.489700810344175,12.026772148615803],[8.489612796393487,12.027021786925959],[8.489383960301552,12.026918488097804],[8.488820670837356,12.026815190168916],[8.488495019129857,12.026944313029672],[8.488257382272423,12.026849623411461],[8.487984538755484,12.027168126407958],[8.487764504328482,12.027271424336789],[8.48763248295279,12.027400547197542],[8.486577710393078,12.027295413752366],[8.486250663837097,12.027262816026164],[8.485784189988408,12.027185342129883],[8.485115284143092,12.026901272375879],[8.484340761916656,12.026668849787653],[8.484059116734898,12.026668849787653],[8.483900692163274,12.02647946965186],[8.48420874144034,12.026221223031083],[8.48397110278421,12.025962976410257],[8.483522232265273,12.025566996819519],[8.483452218245304,12.025361563785165],[8.483458421768773,12.025313054354001],[8.483261069143055,12.025145847902593],[8.483187778892955,12.025063415144531],[8.482615688663147,12.024589959858814],[8.4821404140489,12.024374752992513],[8.481339486827892,12.024159546126212],[8.481022636785326,12.024013204845573],[8.480784999028515,12.023780781358026],[8.48060897112714,12.02382382201182],[8.48046814898595,12.02361722255682],[8.480327326844701,12.023531140349917],[8.480197187750036,12.02327051142504]]]}},{"type":"Feature","properties":{"name":"Gwagwarwa","label":"Gwagwarwa","lga":"Nassarawa","people":14161,"walk":5.02,"walk_clinic":7.2,"walk_school":2.84,"f15":100.0,"f15_health":100.0,"f15_school":100.0,"beyond":0,"clinics":2,"schools":12,"off_pct":0.0,"hexes":12,"gini":0.2,"share":0.25,"rank":1.0,"of":88,"reading":"Most people here already finish inside 15 minutes. Clinics and schools are about even. That is 32 points above the city as a whole.","places":"Ahmadiyya Line Opposite Kabarin Raka, Airport Road, Chediya Uku Along Airport Road, Dadar Dan Dada, Dan Kafin Line, Dorawa, Gidan Dirimi, Habibu Kansila Line and 48 others","place_n":56},"geometry":{"type":"Polygon","coordinates":[[[8.542825407566568,12.024819940787664],[8.542440971673557,12.025253212565756],[8.541653063937815,12.026159821818398],[8.54139912866691,12.026438517223822],[8.541186024415538,12.02667240210974],[8.540573255151628,12.027334010855954],[8.54030527516835,12.027674840421582],[8.540049677051002,12.027953036703309],[8.53962898409037,12.028517917967577],[8.539343767700757,12.029072339217121],[8.539097768946931,12.029553531370425],[8.539699573676444,12.029956617404027],[8.541792344641067,12.031612888923746],[8.543370594577311,12.032918360993621],[8.543836983889719,12.033267988626845],[8.544110315738521,12.032890246387808],[8.544838209915497,12.033395839846207],[8.544749079906182,12.033546937641121],[8.544497770655653,12.033941722032921],[8.5448113678504,12.034287623774844],[8.545004440602497,12.034429658202212],[8.545435234748311,12.034670831193976],[8.546100737559016,12.034833550927658],[8.546501822601101,12.034830645218166],[8.546397319580706,12.032982054578213],[8.54637706325093,12.032925944077078],[8.546109389037099,12.032184504311486],[8.545900231010876,12.031310461308804],[8.545859825370712,12.030608435231155],[8.54586172743683,12.027984652369867],[8.545859349629325,12.026062187819777],[8.545859349629325,12.024923113710772],[8.543534842259191,12.024930087953239],[8.542825407566568,12.024819940787664]]]}},{"type":"Feature","properties":{"name":"Shahuchi","label":"Shahuchi","lga":"Kano Municipal","people":22761,"walk":5.44,"walk_clinic":5.94,"walk_school":4.95,"f15":100.0,"f15_health":100.0,"f15_school":100.0,"beyond":0,"clinics":3,"schools":7,"off_pct":0.0,"hexes":11,"gini":0.1,"share":0.4,"rank":1.0,"of":88,"reading":"Most people here already finish inside 15 minutes. Clinics and schools are about even. That is 32 points above the city as a whole.","places":"Agadasawa, Chediyar Kuda, Chiromawa Layin Gidan Mai Unguwa, Darma Karama, Gabari, Gidan Mai Unguwa, Kurawa, Kurna and 6 others","place_n":14},"geometry":{"type":"Polygon","coordinates":[[[8.520825851731729,12.00565427642374],[8.520702858650054,12.005637638965934],[8.52079496001943,12.005018657185298],[8.52082203860624,12.004400414647474],[8.520732901402312,12.00366070697612],[8.520785340870816,12.003347405658303],[8.520851769293756,12.003227913637373],[8.520396227603896,12.003299574315973],[8.52013483065798,12.003332327624891],[8.519874767406634,12.003358968241853],[8.519661127159338,12.003458530386919],[8.519548495166987,12.003377436719402],[8.519269223296078,12.003297261259657],[8.518756904707459,12.003367047751114],[8.518434956408157,12.003474816209858],[8.518332704390843,12.003500657329539],[8.518091541291653,12.003622698928439],[8.517915365002125,12.003634071755071],[8.517802838230466,12.003489726070026],[8.517513472368876,12.003198700060011],[8.517397005667306,12.00313114838383],[8.517615640749284,12.002723018952228],[8.517742562069657,12.002635676795077],[8.517796579848323,12.002250362264475],[8.51790130410194,12.002116328206057],[8.517877327276892,12.002035267813428],[8.517685785170897,12.002020555804052],[8.517467605145898,12.001877719181435],[8.51722345539821,12.001844219435213],[8.517221035322564,12.001716296270102],[8.517202836641673,12.001633516373712],[8.516912152374005,12.001362752089392],[8.516804779616962,12.001322941800368],[8.516637603742481,12.001211672280874],[8.516645304637166,12.001165414752165],[8.516389979014377,12.001003774204888],[8.516387424040431,12.000929261776038],[8.51679962200501,12.000789349748743],[8.518611326951202,11.999598080786821],[8.520166834831628,11.99864286317762],[8.520613174658308,11.998303299857467],[8.520842411847866,11.998177928968289],[8.521186505053208,11.997988618979605],[8.521370075568598,11.99776746129936],[8.519402834673144,11.996395958306891],[8.518676025078548,11.995816308375993],[8.518310857160373,11.99564649838726],[8.517535163117316,11.995251358763253],[8.517098764396508,11.995161038950812],[8.516384717980372,11.995019093556378],[8.5157470968511,11.9959011702029],[8.515415748837768,11.99649648182725],[8.514753418835255,11.998131031122227],[8.514276752070487,11.999242285603032],[8.51374976913661,12.00040331396184],[8.513978253593564,12.00048855080604],[8.514705720592588,12.001571622332563],[8.51489848937382,12.001809851843234],[8.51506147440756,12.002281176635051],[8.514927219115918,12.002992767901958],[8.515425342805372,12.003035179030345],[8.515399456719592,12.003302221920082],[8.515690667989986,12.003441549388018],[8.515866294793739,12.003506121610256],[8.515870158281245,12.003557879392645],[8.516134932181444,12.003540831843964],[8.516642779340827,12.003698759090526],[8.51823245516374,12.004460399427954],[8.51818499614069,12.004763384622548],[8.518247743638483,12.004793143189035],[8.518257251271166,12.00494936981761],[8.51820781373965,12.005219048620235],[8.518893160990615,12.005440271051723],[8.519373005060174,12.005489884850363],[8.51989585830728,12.005514093700526],[8.519876415863962,12.005643124830383],[8.519935089432863,12.005926236806427],[8.51987398409716,12.005973876593204],[8.519822676875094,12.006244720917207],[8.519873756568643,12.006384859573641],[8.51972135026017,12.006442712061586],[8.519738805201769,12.006849443047429],[8.519822846846978,12.00687760261934],[8.519797155014716,12.00701419075233],[8.52009790089744,12.007128858809837],[8.520379429167349,12.007349512869778],[8.520784643896263,12.00746074102045],[8.520913314398001,12.006573989697928],[8.520888002979007,12.006150051983353],[8.520825851731729,12.00565427642374]]]}},{"type":"Feature","properties":{"name":"Diso","label":"Diso","lga":"Gwale","people":7969,"walk":5.22,"walk_clinic":6.62,"walk_school":3.82,"f15":100.0,"f15_health":100.0,"f15_school":100.0,"beyond":0,"clinics":0,"schools":2,"off_pct":0.0,"hexes":7,"gini":0.06,"share":0.14,"rank":1.0,"of":88,"reading":"Most people here already finish inside 15 minutes. Clinics and schools are about even. That is 32 points above the city as a whole.","places":"Ahmadu Dan Fulani, Chiranchi, Filin Wasa, Gidan Isma'ila Mai Allura, Gidan Mai Unguwar Diso, Gidan Santare, Gidan Sarkin Tsakuwa, Layin Abdu Au and 34 others","place_n":42},"geometry":{"type":"Polygon","coordinates":[[[8.514647252968416,11.985626942829185],[8.514455697372568,11.985659876901817],[8.51439843933656,11.985755511707564],[8.514064903272697,11.98574511104806],[8.513792417685977,11.98565120743734],[8.513097534024041,11.985573201142357],[8.513035093195072,11.985793184308077],[8.512883537645223,11.98573079024385],[8.512748871363385,11.98570945292897],[8.51259796422471,11.985662861751733],[8.512328871780085,11.985586629819183],[8.511785218113346,11.985512841344587],[8.511630372843456,11.985970541407424],[8.511612257799527,11.986005648242097],[8.511577849738046,11.986048804908476],[8.511291662979886,11.986952118145778],[8.510628285267217,11.986928867972946],[8.509712323964607,11.986808328241805],[8.50964362565287,11.98748436301298],[8.511027307264442,11.98766063013403],[8.510971515123401,11.988086029246912],[8.511468716108425,11.988186846845567],[8.511551308046478,11.98781038074452],[8.511896761926096,11.987938633061503],[8.512062630186279,11.987926370805441],[8.512331146165536,11.988032240795341],[8.512263595388674,11.988218893287351],[8.512217639132814,11.988394554265316],[8.512206382318766,11.988510434608939],[8.512196594097588,11.988703016331216],[8.51216236140391,11.98900095632911],[8.51231812578095,11.988946155240908],[8.51256323510529,11.988808617423787],[8.512589265082568,11.98874551289515],[8.512697430142339,11.988745269178876],[8.512707997176392,11.988533628124513],[8.512713456061192,11.987991392688683],[8.512731291416003,11.987525277669478],[8.512793088330397,11.987134062686893],[8.51372954608172,11.987420654139951],[8.514308533212272,11.98760463564548],[8.51411078398553,11.988000811288487],[8.514342872025964,11.988075973927096],[8.514291527032412,11.988782554171566],[8.514281147956638,11.989115521863882],[8.514628288065069,11.98912738482102],[8.514598623927384,11.989279570795588],[8.514603056685758,11.989435656230624],[8.514540310986604,11.989589668728284],[8.514530020044447,11.989822396186694],[8.514486019814,11.990092422127647],[8.514531490435957,11.990157811833624],[8.51482443829724,11.990223795092106],[8.515054789746785,11.990183007240034],[8.51520028206744,11.990144733892405],[8.515298042870427,11.99000104561179],[8.515421485613105,11.989910426325139],[8.515554383827805,11.98969753521311],[8.515823401628722,11.989823889061258],[8.51604729504669,11.989334030141436],[8.516280078263037,11.989025569874173],[8.51636760388186,11.988686602804535],[8.51647834010339,11.988660043126513],[8.516611283284135,11.988341333285971],[8.516275008784703,11.988207765975682],[8.516364912210975,11.987737482598789],[8.51602650272099,11.987369195831773],[8.515942027602534,11.987449795771512],[8.515699825786385,11.98731941925587],[8.515619906633447,11.987124999319294],[8.515492324311367,11.986883132050934],[8.515408049741723,11.98687632778035],[8.5152419998185,11.986597549637283],[8.515077419387467,11.986544541797226],[8.51477947129564,11.986401597255965],[8.514678416275956,11.986732152966509],[8.514464321871003,11.986706570851595],[8.514534844907189,11.986287700816773],[8.514798024309414,11.985862686613757],[8.514647252968416,11.985626942829185]]]}},{"type":"Feature","properties":{"name":"Tarauni","label":"Tarauni","lga":"Tarauni","people":34406,"walk":8.38,"walk_clinic":9.47,"walk_school":7.28,"f15":96.44,"f15_health":96.44,"f15_school":96.44,"beyond":1224,"clinics":9,"schools":11,"off_pct":0.0,"hexes":53,"gini":0.22,"share":0.6,"rank":55.0,"of":88,"reading":"Most people here already finish inside 15 minutes. Clinics and schools are about even. That is 29 points above the city as a whole.","places":"Iyaka Road, Ali Rano, Ali Zaki, Audu Dawakin Tofa, Commissioner Road, Dan Hausa, Danchadi, Gidan Dagachi and 14 others","place_n":22},"geometry":{"type":"Polygon","coordinates":[[[8.545386447426665,11.973230727316263],[8.544654832754361,11.974084275668814],[8.543608256615812,11.975350625431075],[8.54249055129793,11.976680614818576],[8.541462550656263,11.977918439884148],[8.540391629869873,11.979200025960495],[8.539258262858596,11.980635578669078],[8.535085935567508,11.98505945712827],[8.534729864291876,11.985780584806207],[8.534335784069242,11.98657868365939],[8.534248123552118,11.987754156029553],[8.534234329750575,11.988330325584112],[8.534486364754002,11.989451496889101],[8.534488862171315,11.989463861667955],[8.537301685224634,11.98854694078875],[8.538479839373112,11.988163757651362],[8.540388824884417,11.98754287920059],[8.541222037766886,11.98741110963505],[8.542606119576817,11.986813071266281],[8.544105516956108,11.986652627716637],[8.547518640173166,11.987061246379481],[8.549644881206348,11.986641293560924],[8.551714276093037,11.985342995383007],[8.553868868253744,11.98411303309007],[8.555205134009782,11.98325291339131],[8.555547556274746,11.983029482224879],[8.555597917410012,11.983000086984475],[8.556312849658354,11.982539902094858],[8.556834005884696,11.982237369259222],[8.558139902434618,11.98148912882027],[8.55882908979072,11.981079217831676],[8.562637459651114,11.978868446821421],[8.562700530904806,11.978831138446306],[8.564345502443018,11.9777942120333],[8.564941504746685,11.977317269176694],[8.564975982055955,11.977293977634984],[8.565464024345317,11.976964285273596],[8.565592068019555,11.976495400342515],[8.564373188971558,11.97653783755123],[8.56308971791617,11.976072826000175],[8.561972624137354,11.97492191591374],[8.560593433739996,11.973282068712537],[8.560456352778488,11.973409624954286],[8.560057396431773,11.974211550422751],[8.559453218391354,11.974015134890637],[8.558882787410766,11.973864004720095],[8.557848880021822,11.97463128200809],[8.55742105723607,11.97484053806045],[8.556699478098494,11.973699473751763],[8.555453891883646,11.971691156321867],[8.554723392370704,11.970899507406385],[8.553683559348826,11.9694439375877],[8.553833145383408,11.968161286714064],[8.550803052418985,11.967933266307226],[8.550435884408614,11.968256087848204],[8.549532302273974,11.969155423384109],[8.548142853310083,11.970489411157473],[8.547393831360296,11.971200970048754],[8.546025664852607,11.972484969006187],[8.545680749666928,11.972887371554974],[8.545649329153264,11.972924028820898],[8.545386447426665,11.973230727316263]]]}},{"type":"Feature","properties":{"name":"Yammata","label":"Yammata","lga":"Fagge","people":49288,"walk":8.41,"walk_clinic":9.4,"walk_school":7.43,"f15":100.0,"f15_health":98.03,"f15_school":100.0,"beyond":0,"clinics":4,"schools":10,"off_pct":0.0,"hexes":29,"gini":0.14,"share":0.86,"rank":1.0,"of":88,"reading":"Most people here already finish inside 15 minutes. Clinics and schools are about even. That is 32 points above the city as a whole.","places":"Malam Abubakar Yammata, Asibiti Yammata, Babban Layi, Bin Masud Yammata, Dadin Kowa Yammata, Dandaji Bayan Makaranta S Shuaibu, Kan Titin Dadin Kowa, Lasyin Malam Saadu and 110 others","place_n":118},"geometry":{"type":"Polygon","coordinates":[[[8.485345220105899,12.058951413976617],[8.484807642258943,12.058697130668122],[8.484121258089658,12.05813191485606],[8.484016678626858,12.058113319574092],[8.483195645262867,12.059656703693973],[8.482216624397722,12.059166172081238],[8.482905865713178,12.057710713778475],[8.482211518946485,12.05735056767463],[8.481379982400313,12.056919262713846],[8.480927690860312,12.056747588430481],[8.48064292682966,12.05660478598213],[8.48037695862979,12.05720199787396],[8.480503724367452,12.057259555384237],[8.480433537677698,12.057515321674826],[8.479563896856405,12.057328009080383],[8.478488042389301,12.057036691690026],[8.47815968731976,12.056913399134089],[8.477392580003597,12.056658364891687],[8.476305844639057,12.056362859358499],[8.475422085361004,12.056132349628284],[8.4750374048524,12.057159661389337],[8.473712857262626,12.056842716018593],[8.472717255596933,12.058115514819175],[8.470020445087528,12.060840389572375],[8.466312809188821,12.065450833289391],[8.468522161068904,12.066125816753072],[8.469322556790587,12.066715510312578],[8.470004240203593,12.067009236087413],[8.47228822412228,12.068026945786984],[8.474996507283038,12.068949403791978],[8.478605941710896,12.069816726161033],[8.479278459233571,12.068343510744453],[8.480184806783427,12.067468685331617],[8.480772565001928,12.066071961751675],[8.482195073044238,12.06410790175829],[8.483271015644902,12.062792109068653],[8.48363769262545,12.062106306760711],[8.48459785560658,12.060982159599007],[8.485210164417595,12.059558218936727],[8.485290070080737,12.059174096907098],[8.485345220105899,12.058951413976617]]]}},{"type":"Feature","properties":{"name":"Gandu Albasa","label":"Gandu Albasa","lga":"Kano Municipal","people":65298,"walk":11.54,"walk_clinic":11.3,"walk_school":11.78,"f15":90.16,"f15_health":85.51,"f15_school":81.49,"beyond":6428,"clinics":8,"schools":4,"off_pct":0.0,"hexes":78,"gini":0.16,"share":1.14,"rank":58.0,"of":88,"reading":"Most people here already finish inside 15 minutes. Clinics and schools are about even. That is 23 points above the city as a whole.","places":"Yamadawa, GRA, Gandu Gidan Maiunguwa, Gandu Housing Estate, Gandu Layin Maiunguwa, Gandun Albasa, Gidan Dagaci A, Gidan Dagaci B and 31 others","place_n":39},"geometry":{"type":"Polygon","coordinates":[[[8.516715406790638,11.955197786049041],[8.516608153643404,11.955246871046311],[8.51516233787163,11.955975097073122],[8.511615298407321,11.959006281814482],[8.510949271291906,11.95930262371718],[8.510341724391141,11.959572946434376],[8.510322667756952,11.959563881268139],[8.508884098722206,11.96045357517238],[8.506816284843694,11.961534789598886],[8.504330693606676,11.96455486501503],[8.504375412395405,11.96465826906393],[8.504891202367162,11.96585096165262],[8.5060334133114,11.966424177833574],[8.507451856418072,11.96711147031817],[8.509464885396198,11.967748668766093],[8.511601351721026,11.968673848119634],[8.513116894629036,11.969646082700592],[8.515089429833381,11.971211661189269],[8.517257789715245,11.973412027942798],[8.520234262401345,11.976729045109378],[8.522424098993042,11.979220344343448],[8.52316622404203,11.980066146835272],[8.523380135884622,11.980717155272542],[8.52339897038621,11.980798921632983],[8.523535654746695,11.98139232309728],[8.524891702889818,11.982014709711109],[8.526165060169433,11.98292374083803],[8.527494857101999,11.984093333440624],[8.52767722702248,11.984265302701605],[8.527753145990971,11.984336892333772],[8.528473654035963,11.985016314851121],[8.529981165098718,11.986636760078454],[8.5311272835973,11.9886061332665],[8.53168397563502,11.989841597611703],[8.531830915864134,11.99024335804461],[8.531911621923882,11.990464021997068],[8.53236961876297,11.991716256899794],[8.533016117100146,11.99276827213811],[8.53351931566391,11.993397838939186],[8.533589246946235,11.993448602970718],[8.53369356830359,11.993524331282911],[8.533964594290637,11.993414222788202],[8.534689223029261,11.992500338919568],[8.534910578560414,11.991686394011936],[8.535127337656547,11.991089496882807],[8.534875585040254,11.990442387905942],[8.534574064841252,11.989885766914654],[8.534488862171315,11.989463861667955],[8.534486364754002,11.989451496889101],[8.534234329750575,11.988330325584112],[8.534248123552118,11.987754156029553],[8.534335784069242,11.98657868365939],[8.534729864291876,11.985780584806207],[8.535085935567508,11.98505945712827],[8.539258262858596,11.980635578669078],[8.540391629869873,11.979200025960495],[8.53955781803893,11.978639298664746],[8.53826525933431,11.977747435595743],[8.537611142840035,11.977178590119875],[8.537206984814532,11.976866451625485],[8.53607003940084,11.975988366170213],[8.535444357670997,11.975424682802894],[8.534868567630326,11.974879017352805],[8.534611874138704,11.974551182091428],[8.533674642071105,11.972842365882512],[8.533653394688486,11.972804964877298],[8.533393569757493,11.972279579139295],[8.532773485408086,11.971210838309611],[8.531566034045284,11.969104331999347],[8.531362350192353,11.968738027338134],[8.530552838942413,11.967282194917404],[8.530499704297938,11.967232732204877],[8.52918533793303,11.965976396393613],[8.528534812431701,11.96532363158036],[8.52834522185458,11.965173370154957],[8.526904648230982,11.964040896170445],[8.525081032663593,11.963328641203871],[8.524355511797467,11.96304527112244],[8.523856385363956,11.962556983318164],[8.52369896443571,11.962730435561184],[8.522749471910629,11.962024645820806],[8.521925355670703,11.96131841721126],[8.52110000016495,11.960605271915824],[8.518666030013321,11.957940488063116],[8.517392498265224,11.956060705337336],[8.516715406790638,11.955197786049041]]]}},{"type":"Feature","properties":{"name":"Bachirawa","label":"Bachirawa","lga":"Ungogo","people":177604,"walk":16.83,"walk_clinic":16.7,"walk_school":16.96,"f15":51.73,"f15_health":54.47,"f15_school":51.72,"beyond":85736,"clinics":9,"schools":10,"off_pct":0.26,"hexes":244,"gini":0.25,"share":3.09,"rank":70.0,"of":88,"reading":"About half the people here can walk to clinics and schools in 15 minutes. Clinics and schools are about even. That is 16 points below the city as a whole.","places":"Fegin Gara, Fegin Sadda, Kwalwa, Mangwarori Unguwar Yamma, Shabiri, Unguwar Burtsatse, Yar Kasuwa, Zango Cikin Gari and 77 others","place_n":85},"geometry":{"type":"Polygon","coordinates":[[[8.478605941710896,12.069816726161033],[8.474996507283038,12.068949403791978],[8.47228822412228,12.068026945786984],[8.470004240203593,12.067009236087413],[8.469322556790587,12.066715510312578],[8.468522161068904,12.066125816753072],[8.466312809188821,12.065450833289391],[8.465629871221608,12.06510285861009],[8.46496302392444,12.064823290862249],[8.464386044980017,12.06450656942269],[8.464804056162336,12.063853309982333],[8.464532773868484,12.06372711981078],[8.465368412222517,12.062271346745318],[8.466079465694861,12.061170070242609],[8.46643398833794,12.060368857037192],[8.464611984355656,12.059555948148555],[8.465333988872544,12.0578215174491],[8.466230991567045,12.057984662562152],[8.466693097408552,12.056468100722327],[8.46734736229098,12.056621881194927],[8.467592851129211,12.05608007383637],[8.468330261032747,12.05497850325537],[8.469290167707129,12.052995900140727],[8.469410350407372,12.053021258324462],[8.469782776753789,12.052081804032069],[8.470211431412453,12.050981202020921],[8.469164536014546,12.0506143712563],[8.469688606943691,12.049227750660233],[8.469707759805317,12.049047425798106],[8.469409646238205,12.048814570635955],[8.47004668460687,12.047833625221703],[8.470108153268711,12.047630212964009],[8.47061938997291,12.046979152366022],[8.470966681167454,12.04635508581862],[8.47125708214867,12.046526832047729],[8.471491861859988,12.046090957631636],[8.470832708262947,12.045735664269557],[8.47025221836526,12.045468278738097],[8.470810300754808,12.04423161829459],[8.4677911732241,12.042084478815696],[8.463727432774874,12.038497004932877],[8.455872895217965,12.038438313377524],[8.453074829140121,12.034725901179458],[8.447316460186528,12.032252036202577],[8.446154304077936,12.026911923046837],[8.440193520214848,12.026020764147006],[8.436285375969364,12.02943363015794],[8.430343473372659,12.029805676990463],[8.430770671129608,12.035292537920327],[8.427873772256817,12.035075140305533],[8.427193693234415,12.040121302855882],[8.427171078882225,12.040486156910672],[8.419517790713542,12.040439667356793],[8.416427954886274,12.040346687349766],[8.413052902669392,12.04057913781702],[8.412036357591887,12.040511963856092],[8.409143875289658,12.040320824646413],[8.405730496665115,12.040343628755519],[8.405416760075468,12.040929405767487],[8.406044235053457,12.04126413433238],[8.406362106725908,12.041567179781564],[8.40685709897599,12.042365946831016],[8.407413270306222,12.043453806348111],[8.407657376886505,12.044182059354625],[8.407698484897196,12.04508558842923],[8.408233184913627,12.045386471908213],[8.408796566108663,12.045490045029622],[8.409074527667372,12.045353526144368],[8.409309953991226,12.045587672732948],[8.408383002973267,12.047805203047744],[8.40856839281713,12.048181763577588],[8.409008689199709,12.04822340398698],[8.409637952029925,12.048014403342108],[8.410051515165321,12.047972563283226],[8.410251165558918,12.048209656950176],[8.410322470105939,12.048739628331248],[8.410099050630722,12.049553180235135],[8.41031223222376,12.049676709312733],[8.411163856027201,12.049813516880363],[8.411943445034012,12.049813516880365],[8.413274451554742,12.050780476937517],[8.413730797238543,12.051152384375087],[8.413787840336624,12.05161726642376],[8.413164525622392,12.051997683246553],[8.413265387287822,12.052401266605214],[8.413903402320216,12.053344131126773],[8.414685118223701,12.053786823303312],[8.41546110544573,12.05379290811629],[8.416069565158352,12.053699931706545],[8.416147355616033,12.05522992582047],[8.416578200123865,12.05655892235643],[8.41724744411431,12.057424642133581],[8.418042307206747,12.057432882621468],[8.418403580161169,12.058102299281755],[8.419069083871193,12.058269652322622],[8.418688795651462,12.059125012809147],[8.418004277575392,12.059571287884694],[8.417838199773144,12.060204774830536],[8.419190887149796,12.060150596073184],[8.42115781598045,12.06038662764081],[8.425249028919609,12.0619601714248],[8.427963392396691,12.063887762110598],[8.431031801876202,12.066444770309941],[8.443168261705978,12.075999031030502],[8.442843630729044,12.072173344724149],[8.44274242102597,12.068083853087385],[8.449586292373567,12.063837236399365],[8.452935232774848,12.064165258719756],[8.453843185614573,12.06434457724049],[8.45469586162477,12.065170864443871],[8.45486520936197,12.065299862298843],[8.455528614953664,12.0658312959776],[8.456077375870223,12.066331846937258],[8.457196209837264,12.065998801003898],[8.458199999830185,12.065699997656793],[8.460000000999287,12.06659999869106],[8.459899999085735,12.067000001848669],[8.460594708279189,12.067247355880795],[8.461700000254837,12.067800000070006],[8.463109103902072,12.069532186960885],[8.463599998840948,12.070300002942815],[8.464734832646457,12.072976713604472],[8.465351018434774,12.07436764375183],[8.46750491002365,12.073235174263912],[8.468300837014056,12.072594937906105],[8.469725465657746,12.073221241067472],[8.469571029579413,12.074060830143251],[8.472901189438403,12.075296087644404],[8.475376869247157,12.074440127310082],[8.476705452094961,12.07378408626664],[8.477945022744677,12.07158138307443],[8.478605941710896,12.069816726161033]]]}},{"type":"Feature","properties":{"name":"Danbare","label":"Danbare","lga":"Kumbotso","people":113296,"walk":17.97,"walk_clinic":21.6,"walk_school":14.34,"f15":29.28,"f15_health":16.11,"f15_school":64.91,"beyond":80122,"clinics":7,"schools":10,"off_pct":1.0,"hexes":199,"gini":0.15,"share":1.97,"rank":76.0,"of":88,"reading":"Most people here walk longer than 15 minutes. Clinics are the weaker of the two services. That is 38 points below the city as a whole.","places":"Fatake, Geza, Gidan Mai Unguwa, Gwazaye Cikin Gari, Hauwan Dawaki, Hawan Dawaki Cikin Gari, Kukoki, Tsakuwa and 37 others","place_n":45},"geometry":{"type":"Polygon","coordinates":[[[8.45967203893349,11.931402777816002],[8.453941458131851,11.925035020150117],[8.451240431600695,11.924011696882362],[8.450755857097192,11.927120333037012],[8.449842645921422,11.935712751742129],[8.44932293760354,11.939738578572587],[8.448600002288345,11.944200001928609],[8.44740000001002,11.944600000589613],[8.4461000003148,11.945300003192642],[8.443999997901642,11.946199997931616],[8.44228052742443,11.947778006849601],[8.438731374553356,11.951368626560905],[8.437300000094979,11.952900000234873],[8.436900001433969,11.953600001039264],[8.423765529755428,11.952860909403512],[8.422701610191211,11.948402982611585],[8.42770746063087,11.94670409671676],[8.42765711388472,11.942238317044769],[8.427995078210358,11.93871360055226],[8.42273173837907,11.937295986620542],[8.423135528581838,11.934412682799119],[8.422225482120325,11.933477247576946],[8.4205135191836,11.932046232847426],[8.417944492444406,11.930467794952845],[8.410866202912985,11.930900207878326],[8.41176328115057,11.936711704281777],[8.408458956115965,11.937048649675491],[8.402877681659731,11.936663205642501],[8.401787325624639,11.940539550759697],[8.402856982863511,11.947493617836246],[8.402848075978,11.947535030717118],[8.40286158289581,11.947549597935618],[8.402966299055493,11.94766253299957],[8.405566124876827,11.949980781088241],[8.406516844077146,11.951027160275256],[8.41033772620517,11.95380874178005],[8.411341742827233,11.954910348333957],[8.413837380390817,11.957142576268948],[8.41747387991569,11.95963055790395],[8.419826909284495,11.959677061847003],[8.421752114968172,11.960118851104138],[8.42562629361862,11.961374457565226],[8.429381634055233,11.963048589620767],[8.43087901605378,11.963839148557897],[8.43305378630322,11.96501723165994],[8.436250577602095,11.966877354306519],[8.440053454403426,11.969004851692604],[8.441871703716176,11.970109283916374],[8.44405707337529,11.97124810891313],[8.444448354907706,11.97142750927219],[8.44489873988499,11.96635062588075],[8.445300002093461,11.962699998006542],[8.445500001423966,11.960399999860156],[8.445599998840919,11.95890000083443],[8.449120322145177,11.957097728877157],[8.455372267815962,11.95387939611726],[8.456999999350558,11.953099999565381],[8.457400001608846,11.953499999125711],[8.457782446402803,11.953866424296107],[8.458199999830185,11.954399999260604],[8.458900000634571,11.95609999761683],[8.459399997611854,11.956799999320536],[8.461052643964422,11.9588519131853],[8.461517329061508,11.959505311121234],[8.461936812433976,11.959944762141106],[8.462889011019115,11.961050344597764],[8.463298716962242,11.96142591227607],[8.46362061040287,11.961765332604044],[8.464024036380238,11.96217239274176],[8.46529205798214,11.963453566928596],[8.465505968925356,11.963662831974148],[8.465856547141982,11.96334312118813],[8.466177415355503,11.962994346112225],[8.466426164236111,11.96279553928275],[8.466667071028553,11.96259246067359],[8.466847707056104,11.962294837236982],[8.466971300884893,11.961922808390964],[8.467170952177753,11.961392666138693],[8.467427645669375,11.960992732228876],[8.467570253864153,11.960564895053892],[8.467731876424978,11.960090554835292],[8.467869691233318,11.959613970808164],[8.467608281696869,11.959396712588273],[8.467722368792352,11.959048862015438],[8.467922020085211,11.957988564021035],[8.468174094658764,11.957537080072257],[8.468649898074375,11.956709227149188],[8.467936858898952,11.95651390789061],[8.466496561367252,11.956319311686908],[8.46654752504827,11.956066505065223],[8.465823479070366,11.955604376740666],[8.466419884270294,11.9547332358502],[8.467234698822326,11.955637847708545],[8.467370602571293,11.955402907018593],[8.468360228241977,11.955744608926636],[8.468403476639196,11.955431731189492],[8.468414186665427,11.955354247400633],[8.468903411563247,11.955348823589361],[8.46888611130504,11.955186824212603],[8.468987272444735,11.955172213826643],[8.46901732688815,11.955113462016698],[8.469365828570176,11.955175532325027],[8.469555789667993,11.95463539141025],[8.469694594629914,11.95418150177494],[8.469772554160102,11.953986181617038],[8.469774456226219,11.953777838376595],[8.46979156942541,11.953621581171088],[8.469768750927187,11.953610418785841],[8.469825983782187,11.953146845250783],[8.469894578671926,11.953143879286642],[8.46997547988451,11.952553829595614],[8.470627911049291,11.952623588208095],[8.470702053856769,11.952239041698475],[8.470745548668162,11.952047558048433],[8.470750985969289,11.95182947784815],[8.470767296973236,11.951664588949654],[8.470760129376515,11.951501928571192],[8.470707343669005,11.951382400577357],[8.470260960674864,11.950908912016702],[8.470036621193174,11.950771577446403],[8.469541503037988,11.950227674667472],[8.469448425004884,11.949895149441657],[8.468149155559104,11.949102379970896],[8.466946689138467,11.947952415071937],[8.464903033748044,11.94537165307935],[8.464288810280436,11.944358786229033],[8.463049510326698,11.943118963769221],[8.46222871618238,11.942016152123758],[8.459689869791703,11.939129107122653],[8.459168769323298,11.938345648333042],[8.4583198821569,11.937634168582065],[8.457278173149234,11.937000922654533],[8.45681902068128,11.936599289925313],[8.456581477353325,11.93621771927235],[8.457512123685603,11.933905411205783],[8.459433482968905,11.93166715421586],[8.45967203893349,11.931402777816002]]]}},{"type":"Feature","properties":{"name":"Dorayi","label":"Dorayi","lga":"Gwale","people":364943,"walk":11.48,"walk_clinic":13.51,"walk_school":9.44,"f15":84.26,"f15_health":62.94,"f15_school":88.06,"beyond":57430,"clinics":20,"schools":54,"off_pct":0.0,"hexes":233,"gini":0.17,"share":6.35,"rank":61.0,"of":88,"reading":"About half the people here can walk to clinics and schools in 15 minutes. Clinics are the weaker of the two services. That is 17 points above the city as a whole.","places":"Dorayi Karami, Gwale Unguwar Lalle, Unguwar Wambai, Adamu Navy, Ado Bayero Road, Amina Saloon, Babban Layi, Bayan Clinic and 134 others","place_n":142},"geometry":{"type":"Polygon","coordinates":[[[8.491455845410997,11.978783831408744],[8.491766758129415,11.978853555846966],[8.49318244481401,11.979171035414995],[8.49598610557439,11.979735969739238],[8.496012854110006,11.979300110611685],[8.496116830127676,11.977605838238903],[8.49611752260563,11.977594542753991],[8.496764137854711,11.975913342027184],[8.497507082186132,11.974230123221675],[8.497585619081121,11.974055484772864],[8.49827785873623,11.972376094381275],[8.499774387278194,11.970756508905822],[8.500368369704574,11.969939938877133],[8.501737977825485,11.968057082268555],[8.504330693606676,11.96455486501503],[8.506816284843694,11.961534789598886],[8.508884098722206,11.96045357517238],[8.510322667756952,11.959563881268139],[8.510341724391141,11.959572946434376],[8.510949271291906,11.95930262371718],[8.510901734927188,11.959274721351337],[8.502391201292937,11.952524312047386],[8.502350086087631,11.95249169993207],[8.501503629788715,11.953112525322807],[8.501214611065507,11.953397310937193],[8.499760010715988,11.952318388882587],[8.50001670510693,11.951448737269459],[8.500175020860581,11.95108776918522],[8.500968607815025,11.95080944340117],[8.500163326076688,11.950240642891401],[8.497939713646929,11.94842586676037],[8.498146494764967,11.948073585227805],[8.498199972950431,11.947923600793613],[8.498378232969117,11.947717811627738],[8.49829623278498,11.947613172809723],[8.498374016048047,11.947404867340822],[8.498183037817,11.947282396765278],[8.498188979637746,11.947206824935051],[8.498209777359364,11.947107999334772],[8.498275139186376,11.947017892661675],[8.498375559284684,11.946940576146746],[8.497767098672739,11.946768504363035],[8.497748084306693,11.946605731569322],[8.497700547941974,11.946563875322623],[8.497786113038728,11.946377848758743],[8.497248956973806,11.946196474387817],[8.497054058597996,11.946363896676532],[8.496768844007022,11.946270885193258],[8.497253709890856,11.945303550118808],[8.49732184522702,11.944749344706565],[8.497107934283804,11.944534252054153],[8.496864312438106,11.944342412272531],[8.49668605241942,11.94420870466803],[8.49641866239142,11.944022678104147],[8.496085911435728,11.944005236652401],[8.495735333219102,11.943964544128447],[8.495390696823222,11.943929663922917],[8.495056762359752,11.943912467986083],[8.49459447035855,11.943900596935064],[8.494226066679687,11.943807583653097],[8.49383983663921,11.943737824141296],[8.49345955021812,11.943638996742378],[8.493061435636776,11.943609928855208],[8.492758394684188,11.943598303319108],[8.492306802816756,11.943598303319108],[8.49203835068937,11.943672513575677],[8.49051107882326,11.942249855346573],[8.488248368367579,11.940408166104021],[8.487059969142308,11.939431508657263],[8.486111626850175,11.938613437660079],[8.484721200323179,11.937455393251867],[8.48313468831526,11.936192700133065],[8.48162304486766,11.934978835704724],[8.480913259439433,11.934317179294455],[8.480280431696599,11.934730586847136],[8.478497032911775,11.934013971067941],[8.478395905047023,11.934577551912525],[8.47824402304326,11.934955979434957],[8.477600001438987,11.935500000025057],[8.47729181456566,11.9356761052681],[8.476351186658007,11.936144154728993],[8.475279573393664,11.937032332376305],[8.473578763848934,11.937957398415277],[8.473128413945176,11.938306390227751],[8.472705485269955,11.938838459727208],[8.474036901881561,11.943165340008475],[8.474425657218376,11.944431457745623],[8.477073716378982,11.943683325225322],[8.47794127437038,11.944864151259592],[8.478372269065005,11.945790218244042],[8.47865709424957,11.94631936404744],[8.47887595955791,11.94662404086682],[8.479263940578448,11.947126209706878],[8.479601760113212,11.947497922890872],[8.479849733778224,11.947763927063646],[8.480099998016556,11.947966110847402],[8.48030000184366,11.948300000344771],[8.480400000159932,11.94860000158883],[8.480512020613332,11.94879181978672],[8.480599998591117,11.949000001149157],[8.48073129691187,11.949349736701034],[8.481305678614206,11.950403686381092],[8.481392682626279,11.950516291393797],[8.481163938265183,11.950703005039712],[8.480900000734493,11.951499998626105],[8.480878965591842,11.951789651371369],[8.480798240646322,11.952110953058083],[8.480816352992349,11.9522213583291],[8.480684139161724,11.952623541443359],[8.48030000184366,11.953400000809436],[8.480887981295325,11.953460100703122],[8.481400002208376,11.953600001039261],[8.482294492197127,11.953965892012375],[8.483115687439067,11.953951297814172],[8.484059732770504,11.955757080724764],[8.484703373062246,11.9568296193915],[8.484834442955218,11.95723299590611],[8.48483793412339,11.957648483590674],[8.485155917311772,11.958634598308093],[8.48567089429639,11.959473580341523],[8.485967048240752,11.960031287713834],[8.486422178041153,11.960724691091684],[8.486715151083388,11.961230135262554],[8.487170773712307,11.962244521067817],[8.486795409280774,11.963054476582897],[8.486548622720818,11.963438883697561],[8.485928660679178,11.963924077833951],[8.485175905643587,11.963622322911933],[8.484322354593019,11.963445240105786],[8.483547907909667,11.963197200790205],[8.48277072099205,11.96299059863725],[8.482788960142443,11.962827544355715],[8.481391635815385,11.962446891910586],[8.480981220307115,11.96231504410406],[8.480888630605875,11.962507331747986],[8.480602146172146,11.962370301148551],[8.480345092052403,11.962449410911631],[8.48007577477722,11.962434107148399],[8.479501609811507,11.960693746319409],[8.479169758177818,11.959687865402714],[8.478564053987952,11.959587646752539],[8.478051637373198,11.958779754282261],[8.477825281611501,11.958737326966116],[8.47728261540044,11.95821217505187],[8.476972312422333,11.957974408692055],[8.477028683726815,11.957788784125116],[8.475870632124042,11.95664528535167],[8.473925975903114,11.954814125371627],[8.473533464098125,11.95450699160443],[8.472050630432307,11.952817085440186],[8.471897270842419,11.95265082687422],[8.47188702936296,11.952485204128893],[8.47115824305854,11.951862347169651],[8.470760129376515,11.951501928571192],[8.470767296973236,11.951664588949654],[8.470750985969289,11.95182947784815],[8.470745548668162,11.952047558048433],[8.470702053856769,11.952239041698475],[8.470627911049291,11.952623588208095],[8.46997547988451,11.952553829595614],[8.469894578671926,11.953143879286642],[8.469825983782187,11.953146845250783],[8.469768750927187,11.953610418785841],[8.46979156942541,11.953621581171088],[8.469774456226219,11.953777838376595],[8.469772554160102,11.953986181617038],[8.469694594629914,11.95418150177494],[8.469555789667993,11.95463539141025],[8.469365828570176,11.955175532325027],[8.46901732688815,11.955113462016698],[8.468987272444735,11.955172213826643],[8.46888611130504,11.955186824212603],[8.468903411563247,11.955348823589361],[8.468414186665427,11.955354247400633],[8.468403476639196,11.955431731189492],[8.468360228241977,11.955744608926636],[8.467370602571293,11.955402907018593],[8.467234698822326,11.955637847708545],[8.466419884270294,11.9547332358502],[8.465823479070366,11.955604376740666],[8.46654752504827,11.956066505065223],[8.466496561367252,11.956319311686908],[8.467936858898952,11.95651390789061],[8.468649898074375,11.956709227149188],[8.468174094658764,11.957537080072257],[8.467922020085211,11.957988564021035],[8.467722368792352,11.959048862015438],[8.467608281696869,11.959396712588273],[8.467869691233318,11.959613970808164],[8.467731876424978,11.960090554835292],[8.467570253864153,11.960564895053892],[8.467427645669375,11.960992732228876],[8.467170952177753,11.961392666138693],[8.466971300884893,11.961922808390964],[8.466847707056104,11.962294837236982],[8.466667071028553,11.96259246067359],[8.466426164236111,11.96279553928275],[8.466177415355503,11.962994346112225],[8.465856547141982,11.96334312118813],[8.465505968925356,11.963662831974148],[8.46529205798214,11.963453566928596],[8.464024036380238,11.96217239274176],[8.46362061040287,11.961765332604044],[8.463298716962242,11.96142591227607],[8.462889011019115,11.961050344597764],[8.461936812433976,11.959944762141106],[8.461517329061508,11.959505311121234],[8.461052643964422,11.9588519131853],[8.459399997611854,11.956799999320536],[8.458900000634571,11.95609999761683],[8.458199999830185,11.954399999260604],[8.457782446402803,11.953866424296107],[8.457400001608846,11.953499999125711],[8.456999999350558,11.953099999565381],[8.455372267815962,11.95387939611726],[8.449120322145177,11.957097728877157],[8.445599998840919,11.95890000083443],[8.445500001423966,11.960399999860156],[8.445300002093461,11.962699998006542],[8.44489873988499,11.96635062588075],[8.444448354907706,11.97142750927219],[8.448020776837438,11.973065434622185],[8.449244026590577,11.973626282427063],[8.45034826456083,11.974066498769956],[8.45363642068429,11.975426517419919],[8.455941278767057,11.9763458466835],[8.456540526723984,11.976575826713088],[8.460297878944004,11.978071168149938],[8.463819789551678,11.979465924013253],[8.463848886217193,11.979476307585575],[8.464237406830932,11.979599663993325],[8.47116782803289,11.981800073914314],[8.473209549880892,11.982530384569657],[8.475842421290736,11.983726288637342],[8.478292099900557,11.985068647300293],[8.481100930863306,11.98670985067912],[8.48265236031824,11.980962770015877],[8.483551221012078,11.97975656511346],[8.483559430023718,11.979745537626512],[8.485100001064268,11.97850000087436],[8.48298940643599,11.971659731311602],[8.482371439090684,11.969636884434694],[8.482099999415482,11.969099998166428],[8.48111893529068,11.965764383019913],[8.485697973782521,11.966008155951672],[8.48751822858344,11.966184075934393],[8.487162535023003,11.969545342443666],[8.489738017095876,11.969731347423817],[8.489179138806264,11.977836829106419],[8.491455845410997,11.978783831408744]]]}},{"type":"Feature","properties":{"name":"Kawaji","label":"Kawaji","lga":"Nassarawa","people":126302,"walk":11.82,"walk_clinic":14.87,"walk_school":8.76,"f15":80.23,"f15_health":52.16,"f15_school":88.89,"beyond":24972,"clinics":15,"schools":33,"off_pct":0.0,"hexes":111,"gini":0.24,"share":2.2,"rank":63.0,"of":88,"reading":"About half the people here can walk to clinics and schools in 15 minutes. Clinics are the weaker of the two services. That is 13 points above the city as a whole.","places":"Alhaji Muhammad Dan Kauye, Bakin Dogo Layiin Kwalta, Bakin Dogo Layin Mai Unguwa, Bakin Dogo Layin Makaranta, Bello Road Garawa, Dan Yaragi Layin Alhaji Saadu Kansila Kusada Makaranta, Dan Yaragi Layin Gidan Bulo Kusada Titi, Dan Yargi Layin Mai Beetle Kusar da Nepa and 97 others","place_n":105},"geometry":{"type":"Polygon","coordinates":[[[8.560263217973159,12.011943168042817],[8.560441477991844,12.012012911366808],[8.560708867120582,12.012100088947989],[8.560982198969327,12.012198891165953],[8.561606108135436,12.012617345713975],[8.562407240401853,12.012894998805224],[8.56386788509485,12.01304453537705],[8.565651068941747,12.013053605939204],[8.56799587670838,12.013346789422828],[8.56951252758114,12.013809480723012],[8.571382486112896,12.014429560575817],[8.573039660551956,12.014964891016973],[8.573254888102667,12.014666102059037],[8.57476220131457,12.015009893092152],[8.578422146165167,12.015697852873643],[8.580961504270078,12.016126892442172],[8.582087684798864,12.016301606434013],[8.582805649561124,12.01639491919019],[8.582492111721649,12.017202139866924],[8.58475653718449,12.018076426585877],[8.583237972554457,12.021512957357118],[8.584812686356429,12.021993590132126],[8.584589572650714,12.022922957628452],[8.586742578407325,12.023442793650075],[8.588199999030792,12.023699998855934],[8.589871887277809,12.023875987187125],[8.590872817426657,12.023949931244376],[8.592215561898684,12.024083959906877],[8.593363982661742,12.024200000329815],[8.594333164044315,12.024219476048017],[8.594599999190677,12.024200000329813],[8.595082579897166,12.02426894055918],[8.595299999995063,12.024300002243367],[8.59595560216934,12.024504550344771],[8.597372243933933,12.023899563813867],[8.597703844656735,12.02389235484833],[8.598024712870256,12.023810993182849],[8.598511955662275,12.02375287629428],[8.59893561998291,12.02377728479388],[8.599313531294456,12.02369359838093],[8.599741354080265,12.023421612817229],[8.59982691917702,12.022835798933047],[8.600353221324156,12.020964292667996],[8.600828581374003,12.020778318264831],[8.601189854328368,12.02061094184154],[8.601360982723236,12.020387773277148],[8.601684227844885,12.020220395954542],[8.601931414603143,12.019941432551096],[8.60204550079925,12.019662470047024],[8.601665212579519,12.019346311583035],[8.601379997988545,12.01917893426048],[8.60132295489052,12.018825581635324],[8.601570140749459,12.018453629231654],[8.601551127282733,12.018100274807864],[8.601665212579519,12.017486553161975],[8.601464001862269,12.01709294778135],[8.601437041086628,12.017040207939313],[8.601134633256777,12.016860422670447],[8.601106111258105,12.016672120821797],[8.601049068160023,12.01648381897314],[8.600984895236763,12.016351310164907],[8.600892200314831,12.016142085588854],[8.600778113219405,12.015925887669654],[8.600692549021971,12.015828249174431],[8.60067115684848,12.015639946426463],[8.600543364984333,12.015329215371024],[8.600048990568496,12.014752683389702],[8.599972934003745,12.014027364871028],[8.59999194836979,12.01346942817162],[8.60033420695811,12.011962990899347],[8.6012846257849,12.012097310042863],[8.613833708958566,12.012969150605839],[8.613819749681738,12.012574600037793],[8.61378729404845,12.011657210611814],[8.61377124474717,12.010475373739553],[8.613601121794375,12.009542723717797],[8.613629675269351,12.009009725218673],[8.613705818169024,12.008752743044681],[8.613981835393417,12.008543351194762],[8.614086531768066,12.007534459347879],[8.614179468607631,12.00652238659893],[8.614202169294742,12.005481754079707],[8.613945669157374,12.004803706625806],[8.618221499422702,12.00403386806863],[8.619579923574634,12.003639897563291],[8.619986339797777,12.003522028818622],[8.619707761304198,12.00185078718414],[8.619569140703334,12.001025044969877],[8.618692945622968,11.999421381991223],[8.616999660705801,11.998103450713757],[8.614393980298019,11.996609847666377],[8.608750825290429,11.996522629615695],[8.60625780205595,11.997160003431475],[8.603719857685348,11.997577660280854],[8.601370300598944,11.99827739038932],[8.601276653294974,11.99856493512368],[8.601005621911952,11.998645651975325],[8.600432841002885,12.000404378759129],[8.59972596308279,12.002392576556192],[8.599700738898036,12.002463523173104],[8.59903447526085,12.003047071665092],[8.598738441825674,12.003306353405547],[8.598074911228196,12.0043597167276],[8.597535714601577,12.006091878437472],[8.596225614620494,12.01065326683482],[8.596115687788824,12.01103599671393],[8.590654527684364,12.010725523763938],[8.586794470188693,12.011142164379407],[8.586389384062898,12.00543794360624],[8.586350480290491,12.00543717198792],[8.581900648296312,12.005003354321389],[8.58188044502657,12.003564861729046],[8.580526617309602,12.003696142962667],[8.580226194283512,12.003725274701706],[8.580123451236318,12.00488853158049],[8.57705920202062,12.00474506363383],[8.5761895800851,12.004704347727511],[8.573549481723262,12.00458073771091],[8.574342835753328,12.002718143727405],[8.57289558286493,12.00293609802253],[8.571798556558178,12.004512042097133],[8.570886022571926,12.0044738766681],[8.566795492218262,12.004398278757604],[8.565228708638017,12.004318196827395],[8.561074669060758,12.004049361588837],[8.561078120658806,12.004063843371737],[8.561194260906461,12.005919485595824],[8.55964678756925,12.006403655404426],[8.55953050343004,12.00693077593462],[8.559482967065321,12.00767471041962],[8.559435430700603,12.008279154659304],[8.55944731524147,12.00856975529001],[8.55956615525389,12.00906958229541],[8.559732530731765,12.00951128971428],[8.5599464425743,12.01024359326726],[8.560204176581522,12.01128558376274],[8.560227566149308,12.01165257280803],[8.560263217973159,12.011943168042817]]]}},{"type":"Feature","properties":{"name":"Darmanawa","label":"Darmanawa","lga":"Tarauni","people":88393,"walk":9.99,"walk_clinic":12.13,"walk_school":7.86,"f15":83.42,"f15_health":66.36,"f15_school":99.07,"beyond":14656,"clinics":9,"schools":16,"off_pct":0.03,"hexes":79,"gini":0.23,"share":1.54,"rank":62.0,"of":88,"reading":"About half the people here can walk to clinics and schools in 15 minutes. Clinics are the weaker of the two services. That is 16 points above the city as a whole.","places":"Dan Tsinke, Akth, Barugu, Dan Tsinke Turba, Darmanawa Gabas, Darmanawa Yamma, Gidan Mai Unguwa Aminu, Gidan Mai Unguwa Fada and 21 others","place_n":29},"geometry":{"type":"Polygon","coordinates":[[[8.543717541331489,11.96429854564144],[8.543949941436722,11.964427628032634],[8.544084353210394,11.964497104257985],[8.54590035601666,11.96542838910892],[8.547600000939326,11.966300000344802],[8.54962859808137,11.967440270552117],[8.550803052418985,11.967933266307226],[8.550936366120425,11.96781605316835],[8.551208245564112,11.967577008871901],[8.553547538688008,11.96503245718219],[8.554249152876139,11.964171116204113],[8.555103917112149,11.963096357111224],[8.555750341704936,11.962251838851332],[8.556998160037097,11.960624067746549],[8.558220703822487,11.959320540010935],[8.558730928789373,11.958776514924294],[8.559320532416677,11.95819823196291],[8.559480762826981,11.958041078133306],[8.559612419077952,11.95790593341212],[8.56071279985588,11.956776381324971],[8.561102594808972,11.956413644274335],[8.55949949840317,11.954628036754514],[8.557781072938212,11.952902697301681],[8.556057894556261,11.951170370116529],[8.55547795684231,11.950637879734415],[8.554807700215235,11.951447078020294],[8.55406613904114,11.952284175973997],[8.553158360669842,11.95344163942019],[8.552393305606643,11.953047311884003],[8.55255207731659,11.952794789448033],[8.553344112041202,11.952049720917953],[8.552449634642983,11.951204613602101],[8.55180241774741,11.950640506654107],[8.551097951809083,11.951423111087763],[8.550135348967217,11.950492998952765],[8.550123465325726,11.950388361034072],[8.548851878811206,11.949737282449687],[8.548435938767625,11.9505022997414],[8.546071025757271,11.949562885019189],[8.546274054903733,11.948859670037793],[8.546570153090158,11.947911921298157],[8.545162019811414,11.947632201564884],[8.545155959280123,11.947074808955335],[8.545975953927154,11.946284200555453],[8.546201750310559,11.945958655867344],[8.550135348967217,11.947214327978882],[8.551081469933933,11.947736057972744],[8.551805589656283,11.94671079216937],[8.554019983135788,11.94252051800754],[8.554818474992658,11.94100952297117],[8.554801396867049,11.941002281630059],[8.5383683800967,11.934034934264842],[8.538350264153394,11.934025449115207],[8.537425031739872,11.933541020301902],[8.53740862181047,11.933535118051278],[8.536280924125379,11.933129387111592],[8.53599105014689,11.933643590679196],[8.535358763795955,11.934689647908957],[8.535356859931198,11.93470785288514],[8.534919009704595,11.938411452626497],[8.534906430887133,11.940527909035834],[8.535035030342442,11.941822512798748],[8.535055283974202,11.942013643015288],[8.535054956621025,11.942023120970305],[8.534968345612697,11.944532871594788],[8.535809870029539,11.94565296371337],[8.535676026627357,11.947093000441667],[8.53565727756137,11.947703494420805],[8.535543380222862,11.948369858782032],[8.53635873256951,11.948656649884525],[8.53690214521788,11.948627269033295],[8.537406609127743,11.949307995567604],[8.53776119292479,11.949587587597136],[8.538052269296827,11.94971702791855],[8.538428022235507,11.950498846344715],[8.538939606078031,11.951735820651662],[8.53951761474616,11.95312798287017],[8.539825189181158,11.952704493917338],[8.540195649609586,11.952849464631127],[8.540714295828138,11.953087632987945],[8.541174726232668,11.953382752711947],[8.541645739859064,11.953755536089147],[8.54203210839512,11.954129627080645],[8.542393381349541,11.954455161876297],[8.542507466646327,11.954538870772296],[8.542709492149413,11.954613969559091],[8.542390721154902,11.955786173792944],[8.54129134761763,11.955514351905888],[8.541348390715712,11.955123709791451],[8.540756567561573,11.954621457314431],[8.540535525893858,11.954879559144388],[8.540143354931956,11.955339958072669],[8.54095621885449,11.956190994618739],[8.541966219565438,11.957154819639246],[8.541830971422257,11.95760138159852],[8.541778048118488,11.95792756210733],[8.541640448248131,11.958129483289097],[8.541423464321497,11.958372823646924],[8.541209304266033,11.958613954370549],[8.540322665358758,11.959476653324941],[8.539703465942239,11.960175603721211],[8.539089559935292,11.960745119191927],[8.538830236826016,11.960843489735339],[8.538613252899326,11.961019521233993],[8.540899998636064,11.96229999934553],[8.54194695968448,11.963217640581716],[8.543000001049279,11.963900000284806],[8.54363849991688,11.964254644336393],[8.543717541331489,11.96429854564144]]]}},{"type":"Feature","properties":{"name":"Kadawa","label":"Kadawa","lga":"Ungogo","people":132542,"walk":15.44,"walk_clinic":17.32,"walk_school":13.56,"f15":46.28,"f15_health":32.24,"f15_school":64.12,"beyond":71197,"clinics":4,"schools":10,"off_pct":0.0,"hexes":155,"gini":0.14,"share":2.31,"rank":72.0,"of":88,"reading":"Most people here walk longer than 15 minutes. Clinics are the weaker of the two services. That is 21 points below the city as a whole.","places":"Dan Rimi Kudu, Gtc Ungogo, Jangaru, Tsallaken Gada, Unguwar Fulani, Unguwar Majema, Zangon Bare Bari Cikin Gari, Bakin Gawo and 55 others","place_n":63},"geometry":{"type":"Polygon","coordinates":[[[8.443168261705978,12.075999031030502],[8.444653691714564,12.083199362160885],[8.445046709837811,12.082852417205341],[8.454355951166235,12.082361285744811],[8.46513606158004,12.080625813630432],[8.469138718277293,12.080499029007056],[8.470894794759033,12.080069504703944],[8.471646238583105,12.0806849620414],[8.472454349588588,12.07952287877788],[8.473832891574716,12.077303287216978],[8.48325747095555,12.083514070018339],[8.496092176113109,12.087732341874128],[8.496983475307161,12.08290979305258],[8.49751206802756,12.079031650190531],[8.498100000714487,12.075399998910882],[8.498399999260585,12.073399998411217],[8.500358312586116,12.073922714961384],[8.505681338622935,12.07554970275663],[8.507015434314894,12.072180252416786],[8.506784323837508,12.072142047417628],[8.503512806071171,12.07160122571605],[8.502349381019144,12.071311993853497],[8.502247789104217,12.07188365600598],[8.50074545004253,12.071628354664877],[8.500909484585122,12.07095403040421],[8.4968929657378,12.069955504143254],[8.496904485153891,12.06874277286073],[8.496487020759446,12.064256449975232],[8.49690292483018,12.06417444529444],[8.503976074736102,12.062779800047789],[8.504078986855802,12.062473773346024],[8.505431863989374,12.058450728118657],[8.500915948911938,12.057085166946933],[8.493768457448425,12.054659040682221],[8.49095660476354,12.05369541441189],[8.489919127066116,12.053270566583418],[8.489766447363706,12.053208044815449],[8.48926732003082,12.054102937700463],[8.489074798563138,12.054793280685429],[8.488710790770426,12.055750703432238],[8.488540222653228,12.05619933473156],[8.487852774585917,12.055929564198095],[8.487682882758861,12.05586289385752],[8.487165847226095,12.0568721948959],[8.486364633121354,12.058750255420021],[8.486206965778877,12.059119829116867],[8.485345220105899,12.058951413976617],[8.485290070080737,12.059174096907098],[8.485210164417595,12.059558218936727],[8.48459785560658,12.060982159599007],[8.48363769262545,12.062106306760711],[8.483271015644902,12.062792109068653],[8.482195073044238,12.06410790175829],[8.480772565001928,12.066071961751675],[8.480184806783427,12.067468685331617],[8.479278459233571,12.068343510744453],[8.478605941710896,12.069816726161033],[8.477945022744677,12.07158138307443],[8.476705452094961,12.07378408626664],[8.475376869247157,12.074440127310082],[8.472901189438403,12.075296087644404],[8.469571029579413,12.074060830143251],[8.469725465657746,12.073221241067472],[8.468300837014056,12.072594937906105],[8.46750491002365,12.073235174263912],[8.465351018434774,12.07436764375183],[8.464734832646457,12.072976713604472],[8.463599998840948,12.070300002942815],[8.463109103902072,12.069532186960885],[8.461700000254837,12.067800000070006],[8.460594708279189,12.067247355880795],[8.459899999085735,12.067000001848669],[8.460000000999287,12.06659999869106],[8.458199999830185,12.065699997656793],[8.457196209837264,12.065998801003898],[8.456077375870223,12.066331846937258],[8.455528614953664,12.0658312959776],[8.45486520936197,12.065299862298843],[8.45469586162477,12.065170864443871],[8.453843185614573,12.06434457724049],[8.452935232774848,12.064165258719756],[8.449586292373567,12.063837236399365],[8.44274242102597,12.068083853087385],[8.442843630729044,12.072173344724149],[8.443168261705978,12.075999031030502]]]}},{"type":"Feature","properties":{"name":"Sharada","label":"Sharada","lga":"Kano Municipal","people":60476,"walk":11.61,"walk_clinic":10.62,"walk_school":12.61,"f15":98.97,"f15_health":99.84,"f15_school":96.91,"beyond":626,"clinics":6,"schools":4,"off_pct":0.0,"hexes":51,"gini":0.08,"share":1.05,"rank":46.0,"of":88,"reading":"Most people here already finish inside 15 minutes. Clinics and schools are about even. That is 31 points above the city as a whole.","places":"Abdullahi Bayero, Alahasan Usman, Burtali, Fegi 1, GRA, Gidan Cindo A, Gidan Cindo B, Gidan Malan Aminu and 58 others","place_n":66},"geometry":{"type":"Polygon","coordinates":[[[8.49598610557439,11.979735969739238],[8.496653934931203,11.980100520722488],[8.498420428260204,11.980746913839027],[8.5018591210017,11.98208841544806],[8.504616205873276,11.983111417657824],[8.506089819689464,11.98326254333176],[8.50794372172544,11.983123043193926],[8.50969066828975,11.982867293091145],[8.511782248551981,11.982541791570497],[8.513529195116291,11.98228604056834],[8.51744522911406,11.981737685246003],[8.519953796230766,11.9813663470793],[8.520574591044578,11.981226828955014],[8.521026182012747,11.981104764873068],[8.52154313570719,11.981023388818414],[8.522000669395425,11.98101176418163],[8.522529506731416,11.98105245220893],[8.523272255909944,11.981255891446269],[8.523535654746695,11.98139232309728],[8.52339897038621,11.980798921632983],[8.523380135884622,11.980717155272542],[8.52316622404203,11.980066146835272],[8.522424098993042,11.979220344343448],[8.520234262401345,11.976729045109378],[8.517257789715245,11.973412027942798],[8.515089429833381,11.971211661189269],[8.513116894629036,11.969646082700592],[8.511601351721026,11.968673848119634],[8.509464885396198,11.967748668766093],[8.507451856418072,11.96711147031817],[8.5060334133114,11.966424177833574],[8.504891202367162,11.96585096165262],[8.504375412395405,11.96465826906393],[8.504330693606676,11.96455486501503],[8.501737977825485,11.968057082268555],[8.500368369704574,11.969939938877133],[8.499774387278194,11.970756508905822],[8.49827785873623,11.972376094381275],[8.497585619081121,11.974055484772864],[8.497507082186132,11.974230123221675],[8.496764137854711,11.975913342027184],[8.49611752260563,11.977594542753991],[8.496116830127676,11.977605838238903],[8.496012854110006,11.979300110611685],[8.49598610557439,11.979735969739238]]]}},{"type":"Feature","properties":{"name":"Fagge D2","label":"Fagge D2","lga":"Fagge","people":22037,"walk":9.12,"walk_clinic":9.22,"walk_school":9.03,"f15":96.72,"f15_health":98.26,"f15_school":96.84,"beyond":723,"clinics":8,"schools":11,"off_pct":0.0,"hexes":41,"gini":0.2,"share":0.38,"rank":53.0,"of":88,"reading":"Most people here already finish inside 15 minutes. Clinics and schools are about even. That is 29 points above the city as a whole.","places":"Dantata Estate, Layin Yan Kabalu, Bayan Kabo Air Limited, Custom Barrack, Egbe Road Deeper Life, Gidan Adado, Gidan Babban Gwari, Gidan Lemo and 31 others","place_n":39},"geometry":{"type":"Polygon","coordinates":[[[8.522074926416792,12.011168951585889],[8.52310790930261,12.011809185245735],[8.523393124792904,12.012506612190462],[8.523761529371143,12.012820454000801],[8.52398758835659,12.013176107091738],[8.524330692307672,12.013870772218407],[8.524925672082134,12.014718646748182],[8.52340918668466,12.016250226366877],[8.52227783235611,12.017245203003768],[8.519299488180877,12.019866671010103],[8.518090062806209,12.02095217790071],[8.517666247399461,12.021332568643173],[8.517048280054155,12.021785880913738],[8.516584803645799,12.022308931112319],[8.516109445394648,12.022901720138346],[8.515871765369752,12.023355027912261],[8.515657854426479,12.023819959423633],[8.515503361690833,12.024389499176094],[8.515336986213015,12.025516950446956],[8.51520190894098,12.027851612062305],[8.513258200605549,12.028073632192445],[8.509918637435192,12.028711720069849],[8.509718986142332,12.03077596633784],[8.511017192589406,12.031868987963492],[8.512205590915357,12.033114960886794],[8.512685703882198,12.03348689440469],[8.513733871820762,12.033063045723052],[8.515949698819611,12.033198804681149],[8.515515055575406,12.030721735419775],[8.5158677831717,12.03073829103937],[8.517440844019802,12.030891581381415],[8.519146677177446,12.031053152680897],[8.519429165923327,12.031361461862048],[8.519410151557281,12.031793835217341],[8.519404791597879,12.032028246206663],[8.519371213610668,12.03348256686701],[8.520074880051709,12.0335635849915],[8.524399795314366,12.033814119026427],[8.52422722170894,12.033210176608408],[8.523901605974402,12.031458399785379],[8.523402505621164,12.029163084408879],[8.525697645629918,12.02911288964816],[8.525789814448444,12.02853420199187],[8.52676437917279,12.028279983434517],[8.527991819766727,12.028381531282717],[8.52982228097352,12.028235045211206],[8.528992792183658,12.027359513830561],[8.528374185420375,12.026757663235628],[8.527892676705733,12.025829983766808],[8.528037981967316,12.018985567430034],[8.526365707011792,12.018635642121236],[8.5258624374016,12.016702161775413],[8.526045113990847,12.015945546849533],[8.525118025376628,12.014647470804164],[8.526071086411548,12.013667345571603],[8.526850006322775,12.012493527054685],[8.527863130379217,12.011607526666069],[8.528247934994226,12.010826044586338],[8.527122694257002,12.010297808896834],[8.52608641085925,12.009781709558295],[8.52590007043193,12.01011880244084],[8.524713652413197,12.009384559949522],[8.524766389557271,12.00920688179224],[8.52434314162275,12.00873763083706],[8.524324397053306,12.008712397659053],[8.523506874642578,12.009617247837753],[8.52317002817432,12.010072193277153],[8.522074926416792,12.011168951585889]]]}},{"type":"Feature","properties":{"name":"Kofar Ruwa","label":"Kofar Ruwa","lga":"Dala","people":105427,"walk":9.26,"walk_clinic":12.77,"walk_school":5.76,"f15":99.99,"f15_health":84.39,"f15_school":99.99,"beyond":6,"clinics":3,"schools":22,"off_pct":0.0,"hexes":59,"gini":0.1,"share":1.83,"rank":41.0,"of":88,"reading":"Most people here already finish inside 15 minutes. Clinics are the weaker of the two services. That is 32 points above the city as a whole.","places":"Dan Dinshen Gabas A, Dan Dinshen Gabas B, Dan Dinshen Yamma, Kafar Ruwa A, Kofar Ruwa B Layin Bello, Layin A G Abdullahi, Layin Abdullahi Dan Fulani, Layin Abdullahi Mai Itace and 85 others","place_n":93},"geometry":{"type":"Polygon","coordinates":[[[8.480197187750036,12.02327051142504],[8.480327326844701,12.023531140349917],[8.48046814898595,12.02361722255682],[8.48060897112714,12.02382382201182],[8.480784999028515,12.023780781358026],[8.481022636785326,12.024013204845573],[8.481339486827892,12.024159546126212],[8.4821404140489,12.024374752992513],[8.482615688663147,12.024589959858814],[8.483187778892955,12.025063415144531],[8.483261069143055,12.025145847902593],[8.483458421768773,12.025313054354001],[8.483452218245304,12.025361563785165],[8.483522232265273,12.025566996819519],[8.48397110278421,12.025962976410257],[8.48420874144034,12.026221223031083],[8.483900692163274,12.02647946965186],[8.484059116734898,12.026668849787653],[8.484340761916656,12.026668849787653],[8.485115284143092,12.026901272375879],[8.485784189988408,12.027185342129883],[8.486250663837097,12.027262816026164],[8.486577710393078,12.027295413752366],[8.48763248295279,12.027400547197542],[8.487764504328482,12.027271424336789],[8.487984538755484,12.027168126407958],[8.488257382272423,12.026849623411461],[8.488495019129857,12.026944313029672],[8.488820670837356,12.026815190168916],[8.489383960301552,12.026918488097804],[8.489612796393487,12.027021786925959],[8.489700810344175,12.026772148615803],[8.490572148186118,12.027228382783674],[8.490862594133489,12.027434980440033],[8.491320267216622,12.027607143055262],[8.491619513929493,12.027727657605338],[8.491786740165992,12.02789982111989],[8.4922620156795,12.028244148148985],[8.492455646011308,12.02842491907478],[8.492508455101188,12.028777852615862],[8.49264927724238,12.029001665094823],[8.492772496053874,12.029079138091786],[8.492772496053874,12.029242692396393],[8.49288691499919,12.029475112286661],[8.492869311669438,12.030000205744955],[8.492798901048502,12.030172368360182],[8.492684483002563,12.030576949066983],[8.492954975691646,12.030782611428435],[8.493881746845204,12.031309352444737],[8.494913730584244,12.03209846976864],[8.495381867279377,12.032832834567724],[8.49597972668306,12.032514427798672],[8.498327683875573,12.031479595007342],[8.499175142918546,12.031176962346988],[8.500128526810101,12.02864706960662],[8.5008545656857,12.026610013441424],[8.501448764848647,12.02695870667901],[8.501995429445572,12.027237661988579],[8.50258734612919,12.027342921338798],[8.503207595054505,12.027656094053556],[8.504372226097416,12.027609601801714],[8.505780478086649,12.027574733287338],[8.506279606318799,12.027853685898945],[8.506778732752366,12.027749078557179],[8.507384815556861,12.027539862974322],[8.508240462927063,12.027679340629108],[8.509591806716571,12.027481719106106],[8.509992169602981,12.026931171236637],[8.507277653241147,12.026511303853624],[8.501703642609073,12.02450545776071],[8.502249593144256,12.023157924398731],[8.503385819999664,12.020263771156179],[8.504302359566282,12.017894648419317],[8.505270129912619,12.01542498867235],[8.503624568419127,12.014787334268135],[8.502503183974797,12.014351655904246],[8.501169070296385,12.01382132299568],[8.50037918675014,12.013339128098323],[8.499950484427359,12.0135135291261],[8.499658410707127,12.013699829983238],[8.498980140221363,12.014041664091561],[8.496730147078665,12.015486765801652],[8.496113943303897,12.014364571068139],[8.495715372766313,12.014737397612864],[8.495526122132901,12.014896163027574],[8.494106804885178,12.013881378822646],[8.493928978339738,12.014407144074482],[8.493892350751423,12.01491702460106],[8.492690084879541,12.014712192313878],[8.492692349372476,12.015217024945798],[8.492537351217834,12.01568202480564],[8.492393548723328,12.016113434087742],[8.49388220819742,12.01665122417472],[8.493412674855108,12.017019456982382],[8.4928422429752,12.01692646798216],[8.492806591151293,12.017373975128919],[8.492282038185579,12.017800722325546],[8.491638162271443,12.018378343385907],[8.490055850996782,12.01495572242868],[8.489282371983904,12.01188652424372],[8.48793896920813,12.012082898407073],[8.485116095331591,12.013853614053117],[8.479831991053572,12.017300297270936],[8.479435068073997,12.017579125776079],[8.478732873823105,12.018001291826181],[8.479722795370776,12.019484854842233],[8.480443099269678,12.020581879350287],[8.480216980029638,12.021447761904712],[8.480203706036264,12.02179667907353],[8.480346227896177,12.021972706974907],[8.480322436331448,12.02221442675443],[8.48042596268806,12.022698322269832],[8.480197187750036,12.02327051142504]]]}},{"type":"Feature","properties":{"name":"Yada Kunya","label":"Yada Kunya","lga":"Ungogo","people":52015,"walk":24.77,"walk_clinic":28.21,"walk_school":21.33,"f15":0.0,"f15_health":0.0,"f15_school":2.08,"beyond":52015,"clinics":3,"schools":6,"off_pct":18.13,"hexes":213,"gini":0.09,"share":0.91,"rank":83.0,"of":88,"reading":"Almost nobody here is within a 15-minute walk of clinics and schools. Clinics and schools are about even. That is 68 points below the city as a whole. Some of the long walks sit off the mapped street network.","places":"Adaraye Cikin Gari, Gobirawa, Layin Shanono, Unguwar Gani, Wujinare, Yar Inusawa, Adaraye Gazai, Amarawa and 35 others","place_n":43},"geometry":{"type":"Polygon","coordinates":[[[8.63735515781434,12.098652649400321],[8.639133051848887,12.097782904257656],[8.640705728686498,12.097178341307426],[8.640911048406224,12.097099413207388],[8.641201118436925,12.09665345109596],[8.64224405142187,12.095050012048485],[8.642814764789591,12.092379897913984],[8.643191006959455,12.091594183624748],[8.644839130621449,12.08815236663844],[8.64506906478556,12.087672186222447],[8.646022356046958,12.08631034914333],[8.64726419568615,12.084747022557108],[8.645500001024288,12.08309999876599],[8.644400000659573,12.082800001119214],[8.641199998780962,12.082600000889386],[8.639899999085742,12.083199999780218],[8.637600000939358,12.0837000012541],[8.635699998755967,12.083799998671054],[8.635391692272833,12.080581881748516],[8.631700002253353,12.080800000619604],[8.628300000144918,12.081500001423988],[8.627000000449698,12.082499999875152],[8.624699998706035,12.08150000142399],[8.620511201231011,12.07839767761078],[8.617023311076991,12.075823309797954],[8.614342468030543,12.077417930992793],[8.610851260277514,12.070239164705754],[8.609520751081845,12.067250375804234],[8.608479318166076,12.060456438413953],[8.608300450205661,12.059554824895313],[8.60589676472398,12.05646262744835],[8.597302529388287,12.052252954010664],[8.592374011651373,12.054122023112937],[8.589808877177973,12.054781763967299],[8.588646209355147,12.05536823795387],[8.587717360767613,12.055563728083655],[8.587658110733287,12.055842624937215],[8.584135797229294,12.061171248354468],[8.58229279767454,12.069369832351926],[8.579354438256757,12.069875896155736],[8.581036169583626,12.076304120638726],[8.57554726539405,12.078459693060436],[8.575640866832602,12.079582716069527],[8.578461055333491,12.084004188842302],[8.582970793867105,12.083751693385977],[8.585224529988125,12.084635629830528],[8.588763692290627,12.087249304311968],[8.589649121609739,12.090952745772654],[8.591043326188583,12.092032620209293],[8.591682489655227,12.093394522039603],[8.59363313356232,12.09379017877376],[8.594649273045547,12.093749687697992],[8.601218728861284,12.094631869565207],[8.602657230446882,12.094824424307774],[8.603264572302237,12.094796913147094],[8.604945817095825,12.094637610837138],[8.608581496438944,12.09429312103077],[8.611884003044338,12.093747541915603],[8.616695281562045,12.093810724685225],[8.620219428783685,12.09385700559636],[8.624488161599402,12.09391306393678],[8.634435169747348,12.097576366855888],[8.63735515781434,12.098652649400321]]]}},{"type":"Feature","properties":{"name":"Kofar Mazugal","label":"Kofar Mazugal","lga":"Dala","people":26391,"walk":5.93,"walk_clinic":7.03,"walk_school":4.83,"f15":100.0,"f15_health":100.0,"f15_school":100.0,"beyond":0,"clinics":3,"schools":7,"off_pct":0.0,"hexes":22,"gini":0.15,"share":0.46,"rank":1.0,"of":88,"reading":"Most people here already finish inside 15 minutes. Clinics and schools are about even. That is 32 points above the city as a whole.","places":"Arzai, Arzai A Layin Lawan Porthacut, Arzai A Layin Mahauta, Arzai A1 Layin Mai Unguwa, Arzai A1 Layin Sharifai, Arzai B Layin Multara, Arzai B Layin Yan Izala, Dala Daurawa and 40 others","place_n":48},"geometry":{"type":"Polygon","coordinates":[[[8.518090062806209,12.02095217790071],[8.519299488180877,12.019866671010103],[8.52227783235611,12.017245203003768],[8.52340918668466,12.016250226366877],[8.524925672082134,12.014718646748182],[8.524330692307672,12.013870772218407],[8.52398758835659,12.013176107091738],[8.523761529371143,12.012820454000801],[8.523393124792904,12.012506612190462],[8.52310790930261,12.011809185245735],[8.522074926416792,12.011168951585889],[8.52115757206434,12.011837943766123],[8.520777798256859,12.011902412566315],[8.519843086988942,12.011325107168034],[8.51848514217562,12.01078494916612],[8.51780069244802,12.010098931920199],[8.51690069231313,12.00999893540262],[8.516588986392662,12.01003788683903],[8.516162011667575,12.009002382254208],[8.515940053590668,12.008315925239799],[8.515679242103374,12.008332253330877],[8.515528179382045,12.008318899297818],[8.51529546631275,12.00812448115994],[8.51462853178134,12.008017388991336],[8.51446910806294,12.00785053327553],[8.513985011099408,12.007720112693105],[8.513682373942459,12.007781102915603],[8.513627661887142,12.00812035327175],[8.51365111440748,12.008365946431352],[8.51352858357734,12.008661150691582],[8.513361033584886,12.009212719291611],[8.513506653609227,12.009453257361995],[8.513819543037528,12.00971777855267],[8.51392896714816,12.009930175936915],[8.51385611216989,12.01003176695252],[8.513748135068454,12.010280208265044],[8.513640578849675,12.010633399911514],[8.5134309037133,12.010485044149505],[8.513289569857818,12.010396887206639],[8.513114343252369,12.010282049177246],[8.512881626585852,12.01010671375388],[8.51251088107233,12.010007024804393],[8.512543887090771,12.010374511174803],[8.512489450227974,12.01054913433512],[8.512455151883785,12.010778704273829],[8.512383001074681,12.01133211468539],[8.512304982189221,12.012080612330465],[8.51229438367892,12.012252597779193],[8.512199713845746,12.012599695619482],[8.511769991691835,12.012678458244297],[8.511493891729742,12.012713129807139],[8.511242304588734,12.012665714850925],[8.511142479841624,12.012623869396123],[8.510880536107893,12.012526428751752],[8.510855471103184,12.013311675393538],[8.51102482783358,12.013324780314406],[8.511099697293218,12.013314319400365],[8.51117135527386,12.013320007612322],[8.511381272327924,12.013377271943568],[8.511607898785542,12.0134445268435],[8.511757792388266,12.013504803004308],[8.511833732041168,12.013429899370406],[8.512199394586446,12.01353950334544],[8.512301058447122,12.013525738322189],[8.512841780323924,12.013665223171584],[8.513067574908689,12.013874448646959],[8.5130081558018,12.014641611721059],[8.512681345767533,12.014606741408043],[8.512598157578964,12.014891520727133],[8.51254468029282,12.015031002878516],[8.512520635119245,12.01513121793141],[8.512900688615957,12.015198935082822],[8.512705111251933,12.015949273640105],[8.514036117772662,12.01623405295925],[8.513656656029923,12.017174938072971],[8.513201393129862,12.018836235903617],[8.513504881045492,12.019056568905569],[8.514782101812614,12.019250437557675],[8.515527129873194,12.019472822812586],[8.516026257206079,12.019589058388359],[8.518090062806209,12.02095217790071]]]}},{"type":"Feature","properties":{"name":"Panshekara","label":"Panshekara","lga":"Kumbotso","people":106814,"walk":19.68,"walk_clinic":27.36,"walk_school":12.0,"f15":21.27,"f15_health":0.0,"f15_school":72.38,"beyond":84096,"clinics":3,"schools":21,"off_pct":1.09,"hexes":217,"gini":0.16,"share":1.86,"rank":79.0,"of":88,"reading":"Most people here walk longer than 15 minutes. Clinics are the weaker of the two services. That is 46 points below the city as a whole.","places":"Gafiyawa, Gidan Malam Uba, Kirimbo, Rinjin Wanzamai Yamma, Bakin Diga, Bakin Dogo, Bakin Police, Bakin Ruwa and 60 others","place_n":68},"geometry":{"type":"Polygon","coordinates":[[[8.451240431600695,11.924011696882362],[8.453941458131851,11.925035020150117],[8.45967203893349,11.931402777816002],[8.460579764244756,11.930369858782],[8.462489970136064,11.92801129768327],[8.464698465861545,11.925529533960855],[8.46592379394798,11.924359281255871],[8.467434341121987,11.922692940926538],[8.467338442814935,11.922142775268922],[8.46381964566018,11.910866549351791],[8.470288184951812,11.908684631290726],[8.472594612351543,11.907582146099232],[8.474356202576757,11.908024269004843],[8.477068452647018,11.90603954079222],[8.486811294905408,11.905532113616175],[8.489171570111921,11.905376315064926],[8.49377740210548,11.903269961639467],[8.495140414598495,11.903355262335536],[8.495737729912378,11.902768095870954],[8.496648661306722,11.903060793720726],[8.49644581112534,11.90243401661661],[8.49644581112534,11.901875847892143],[8.4971968790328,11.900499029906369],[8.496911664441825,11.899336169628556],[8.494515851625295,11.899894342849677],[8.483438210405154,11.899886321796377],[8.484716789148536,11.896312656104271],[8.486898902362498,11.892370435647134],[8.487601658689641,11.890135714791429],[8.489491548895899,11.887814078057316],[8.48709777933908,11.886974595101549],[8.487037542748453,11.8841498578297],[8.485667769152258,11.883035567237698],[8.482740579314338,11.882810056838705],[8.481277406627044,11.88162735122131],[8.47953303392245,11.879753340344449],[8.476746609568409,11.877419367609775],[8.47561509066395,11.878624230723746],[8.475277316994607,11.878876393430856],[8.474144581307428,11.879523668782324],[8.473073572387477,11.879370668021977],[8.471749226245834,11.879120741029395],[8.470330204875097,11.878780282883781],[8.469480838370032,11.878476705935267],[8.468457669785664,11.878381527985196],[8.467029993339565,11.877810456687257],[8.465459548619322,11.877810456687255],[8.463460801774659,11.878524295359968],[8.46275886922649,11.878902260630866],[8.461604822304764,11.879523668782324],[8.460850757856237,11.880512548015702],[8.460304249741398,11.88136614762965],[8.459891610209695,11.881950720449426],[8.458321164590132,11.882664557323494],[8.456179651269963,11.88280732469832],[8.454466439174894,11.882093486924926],[8.45332429657907,11.882950092972466],[8.453181530103564,11.88452053679339],[8.453467065752534,11.88623374978778],[8.45332429657907,11.887946960983527],[8.452039389306435,11.88923187095412],[8.44989787418757,11.89023124257784],[8.448206656811806,11.89030477474563],[8.446614217372257,11.890374010851989],[8.445067818724908,11.89028344012871],[8.443649115714152,11.890096892857342],[8.442343166104308,11.88984707738075],[8.440760743313717,11.889517404804447],[8.438333693445259,11.88880356703106],[8.436445395938335,11.887605662871065],[8.435607922967336,11.888623686434014],[8.435340532939279,11.891269287747493],[8.435548502961069,11.892839192874476],[8.43910775701744,11.892778723359468],[8.439264624862574,11.894899825666473],[8.435899080278375,11.89489982566647],[8.436231832133387,11.896560414831356],[8.439620262665017,11.899421366003308],[8.441409533123478,11.900913575101468],[8.444528792070173,11.903509800037282],[8.447172520095762,11.905625320252394],[8.445989041960786,11.906429389704613],[8.444452401856893,11.907155933999208],[8.443411317878088,11.90917034973188],[8.443398080756879,11.914357683360436],[8.4431011057315,11.91639484474632],[8.443245869601242,11.918337488284521],[8.444743251599846,11.918581672206471],[8.445670202617805,11.91900027244469],[8.447167586415048,11.919523521393446],[8.448415403847832,11.920290953364828],[8.449484963060627,11.921128145747387],[8.450269305883808,11.922174635551018],[8.45051887044957,11.923395535375729],[8.451240431600695,11.924011696882362]]]}},{"type":"Feature","properties":{"name":"Zango (Municipal)","label":"Zango (Municipal)","lga":"Kano Municipal","people":26368,"walk":7.64,"walk_clinic":9.64,"walk_school":5.64,"f15":100.0,"f15_health":96.04,"f15_school":100.0,"beyond":0,"clinics":1,"schools":7,"off_pct":0.0,"hexes":19,"gini":0.12,"share":0.46,"rank":1.0,"of":88,"reading":"Most people here already finish inside 15 minutes. Clinics and schools are about even. That is 32 points above the city as a whole.","places":"Dorayi A, Dorayi B, Kofar Mata A, Kofar Mata B, Kofar Mata C, Rimin Kira, Zage A, Zage B and 4 others","place_n":12},"geometry":{"type":"Polygon","coordinates":[[[8.532508375161456,11.994852425798852],[8.531220060357555,11.99453499209625],[8.531279081964103,11.995048140759138],[8.530970196317583,11.995764424688502],[8.53015040941392,11.99677245498486],[8.52864361331217,11.99874983843432],[8.528125107387837,11.999287686977198],[8.527528730966196,11.998815131912862],[8.527061224695785,11.99859333121731],[8.526342492811864,11.997986839221314],[8.525466027035577,11.997674287938082],[8.52482201712246,11.99753180834631],[8.524293821003084,11.997644897194279],[8.523358130373481,11.99665969259081],[8.523992445594956,11.996308733061651],[8.522060839436222,11.995653888116465],[8.521443027673627,11.995408544968425],[8.521279572294475,11.99542634884699],[8.520827981326306,11.995175684410354],[8.520696048084176,11.99492979627314],[8.520671358096763,11.994629661929423],[8.520507116710121,11.994539516585462],[8.520270723615056,11.994238926285448],[8.52005597989961,11.994112587725795],[8.520052007594131,11.99394600270591],[8.519516269760118,11.993683460923023],[8.51921133663393,11.994138779581077],[8.518521552127993,11.995200529980536],[8.518310857160373,11.99564649838726],[8.518676025078548,11.995816308375993],[8.519402834673144,11.996395958306891],[8.521370075568598,11.99776746129936],[8.521186505053208,11.997988618979605],[8.520842411847866,11.998177928968289],[8.520613174658308,11.998303299857467],[8.520166834831628,11.99864286317762],[8.520210941182029,11.999091221982384],[8.520116656258722,12.000082183146274],[8.52040828391523,12.001147959810565],[8.520515254675331,12.001758889061533],[8.520800313683594,12.002648877044065],[8.52091113803863,12.003054500964481],[8.520851769293756,12.003227913637373],[8.520785340870816,12.003347405658303],[8.520732901402312,12.00366070697612],[8.52082203860624,12.004400414647474],[8.52079496001943,12.005018657185298],[8.520702858650054,12.005637638965934],[8.520825851731729,12.00565427642374],[8.521036220245435,12.005699619342009],[8.521556228936845,12.005745669127348],[8.522257383571457,12.005629429054975],[8.523231870954135,12.005141217693108],[8.524146938330603,12.004641381694457],[8.525026352983843,12.004199667081025],[8.52635357066083,12.006497308104313],[8.526758294359865,12.006013496225933],[8.527676867293621,12.004915545416114],[8.528716009636184,12.002919152097263],[8.52922434242953,12.001958004358471],[8.530190580331066,11.999956867115769],[8.53110319705496,11.998041856146813],[8.531776503283027,11.996602133281897],[8.532334348251595,11.99533318987488],[8.532476859319672,11.994922490180839],[8.532508375161456,11.994852425798852]]]}},{"type":"Feature","properties":{"name":"Tudun Fulani","label":"Tudun Fulani","lga":"Ungogo","people":251927,"walk":16.86,"walk_clinic":15.38,"walk_school":18.34,"f15":43.71,"f15_health":47.85,"f15_school":42.71,"beyond":141809,"clinics":12,"schools":6,"off_pct":0.17,"hexes":239,"gini":0.21,"share":4.38,"rank":73.0,"of":88,"reading":"Most people here walk longer than 15 minutes. Clinics and schools are about even. That is 24 points below the city as a whole.","places":"Bajallabe, Barado, Fulani, Gidan Lemo, Jajira Cikin Gari, Kwarin Dalla, Magami, Riga and 84 others","place_n":92},"geometry":{"type":"Polygon","coordinates":[[[8.46914702531501,12.02411380480828],[8.469041630167169,12.0239310167031],[8.468627433009658,12.023261092825239],[8.468425787919841,12.02261930333822],[8.468020200871651,12.021328410178056],[8.467278990433101,12.01055687030339],[8.467252482016477,12.006309644774316],[8.467209811883379,12.006235950728579],[8.467078652058206,12.005511363358776],[8.467172564662178,12.005334551248607],[8.46623156443519,12.0055232595908],[8.46565692372809,12.005702908162732],[8.464115033382143,12.006149057333174],[8.4631691966012,12.006284686788886],[8.462655234051851,12.00650597666953],[8.46216982407816,12.006743922893744],[8.460435197326547,12.007105602341708],[8.459594056920253,12.007362582717061],[8.45899324324364,12.007529145253898],[8.458850475868815,12.007017562310692],[8.459177651027801,12.00682125469717],[8.461035614402135,12.00550660414649],[8.462396666373081,12.004316872125969],[8.462396666373081,12.004031338275693],[8.46229196909917,12.003631587827556],[8.461768488125301,12.002794016830476],[8.460559721953643,12.001242609858593],[8.46069297180327,12.00036696696202],[8.460845256703294,11.999529396864206],[8.45961555161648,11.999537248845002],[8.457198019273221,11.999689536442984],[8.455437217753456,11.99973712496842],[8.452978441601829,11.999984587818517],[8.450221440367216,12.00031771199286],[8.448390840664786,12.000422409266832],[8.447553270567028,12.004762544655762],[8.447991091116023,12.00759886339688],[8.451474622256058,12.007998612046379],[8.451638629818945,12.012981876912134],[8.4459431477581,12.0211586172764],[8.443670015059183,12.02154803091696],[8.442401300979327,12.02192645034546],[8.44085555703839,12.022852418404456],[8.438744858088796,12.022830522610606],[8.436893634233856,12.022063522313774],[8.435603760005563,12.021515471861562],[8.434588410127049,12.021485152118142],[8.43345328224325,12.021774150156944],[8.432336808996581,12.021462820153088],[8.4302199955564,12.02220048996071],[8.42290622124517,12.02327362217994],[8.42087629220714,12.021729607635336],[8.418729058299448,12.019649071947185],[8.414569663259385,12.017556843273725],[8.411855208950783,12.017704416625575],[8.408697951849035,12.017594232587838],[8.405501583231512,12.016332828197505],[8.402270498085045,12.01847670583538],[8.39776461494506,12.019721767745407],[8.398270048324093,12.020351635819393],[8.398136946862678,12.020853765988534],[8.397946803202444,12.021207116815049],[8.397160299308439,12.021196956274538],[8.39695805527009,12.021690649903633],[8.397167214195633,12.022322958737618],[8.397604543714749,12.022787891148312],[8.398631008314453,12.022831962425183],[8.398022860666515,12.023401601103043],[8.398232018692738,12.023643365848727],[8.399486967749397,12.0238665317151],[8.399692309952172,12.02423444526346],[8.399604143116733,12.025661218790276],[8.399429924651372,12.027306996121009],[8.399867255069807,12.027269801959847],[8.400652519698099,12.026981452332224],[8.400856003002161,12.027492966027635],[8.40166387029143,12.029159463738322],[8.402377153183124,12.02957581836938],[8.403080684725865,12.029334059918995],[8.403230200613336,12.029893692739789],[8.40309969999123,12.030654432855838],[8.402770049897924,12.03163161820464],[8.402520649008808,12.032669326128541],[8.402776454869526,12.032923226325861],[8.40327003608337,12.033003226417804],[8.403905116627868,12.033467641718344],[8.404453167080021,12.033158683226702],[8.405402498626472,12.03299342830411],[8.40577328011284,12.03296553313288],[8.405922317560965,12.033073503939077],[8.406070030307717,12.034272775068589],[8.4061999994305,12.035200000379746],[8.405516585721898,12.03565737578731],[8.404775025447123,12.035866585974189],[8.404632417252287,12.036326846406897],[8.405830323210921,12.036731317396404],[8.406215364347645,12.036898683027855],[8.406545858005018,12.037284887887324],[8.406899882423659,12.0377913051247],[8.406999707170826,12.038084196328667],[8.406828577876638,12.039283650919797],[8.406258145996674,12.039632327969628],[8.4059729314057,12.039925217374957],[8.405730496665115,12.040343628755519],[8.409143875289658,12.040320824646413],[8.412036357591887,12.040511963856092],[8.413052902669392,12.04057913781702],[8.416427954886274,12.040346687349766],[8.419517790713542,12.040439667356793],[8.427171078882225,12.040486156910672],[8.427193693234415,12.040121302855882],[8.427873772256817,12.035075140305533],[8.430770671129608,12.035292537920327],[8.430343473372659,12.029805676990463],[8.436285375969364,12.02943363015794],[8.440193520214848,12.026020764147006],[8.446154304077936,12.026911923046837],[8.447316460186528,12.032252036202577],[8.453074829140121,12.034725901179458],[8.455872895217965,12.038438313377524],[8.463727432774874,12.038497004932877],[8.4677911732241,12.042084478815696],[8.470810300754808,12.04423161829459],[8.47025221836526,12.045468278738097],[8.470832708262947,12.045735664269557],[8.471491861859988,12.046090957631636],[8.47125708214867,12.046526832047729],[8.473385200966277,12.047902902696876],[8.475424859769532,12.049279961700904],[8.47769109556765,12.045507047612206],[8.477938000838094,12.043641332981165],[8.4788538362356,12.043813525274006],[8.480575869780637,12.04127031357416],[8.481262342982802,12.040192974326372],[8.481709798868167,12.039595339753191],[8.48241805904621,12.038515571436504],[8.483259307371213,12.037276854243487],[8.483680158612458,12.036513157156548],[8.48213015458299,12.035792479139674],[8.482862128084776,12.033718880821764],[8.483654252741644,12.033025936997431],[8.484142730302835,12.032660097285717],[8.484415573819717,12.03244489581533],[8.484098723777151,12.032225391988275],[8.483799476164961,12.032001583106648],[8.483443019979461,12.031717516949868],[8.483020552656455,12.03140332260529],[8.482697101590022,12.031138626046811],[8.482158038063062,12.030826024401561],[8.481951184099898,12.030706070129098],[8.481735549156326,12.030701765973786],[8.480789400310641,12.030314401888177],[8.480402137848444,12.030180976670804],[8.479799243140633,12.029888301304085],[8.479566005766628,12.029737658566146],[8.479623209843282,12.02955489564198],[8.479632016904134,12.029526760351755],[8.47924035495845,12.029225475775148],[8.479139322421815,12.029328465236517],[8.478927905298633,12.029543976973004],[8.478320609308696,12.029049009004607],[8.477995567341623,12.028813144710908],[8.477911344033373,12.028752028583312],[8.47735245585119,12.028467959728628],[8.477293746309385,12.028589978844478],[8.477176427949814,12.028833805735585],[8.477070810669431,12.028807981703038],[8.477019434199576,12.028738190714991],[8.47699159928294,12.028700379618895],[8.476709954101125,12.02877354935987],[8.476393104058559,12.028855325612824],[8.47592663020987,12.028906974577238],[8.474778047568861,12.028506697126433],[8.474478800856048,12.02832592530126],[8.473968319582355,12.028076288789746],[8.473783490915423,12.027895516964579],[8.47340943229949,12.027800827346367],[8.472780131697789,12.027620056420517],[8.473092581357605,12.026836710046155],[8.473180595308293,12.026733412117322],[8.473103435275391,12.026652846351851],[8.472854943600794,12.026393387444896],[8.47283276362117,12.026372237189037],[8.472678915699476,12.026225527186401],[8.47239727141698,12.026010321219413],[8.472111225852416,12.025747770443274],[8.471446721289226,12.025295836833434],[8.471050658061472,12.025080630866453],[8.47032014326004,12.024960115417056],[8.470121154767526,12.02493907487843],[8.469994490653278,12.024925682174569],[8.46947520861403,12.024886944776709],[8.469321184425155,12.024404882079695],[8.46914702531501,12.02411380480828]]]}},{"type":"Feature","properties":{"name":"Rangaza","label":"Rangaza","lga":"Ungogo","people":107515,"walk":20.74,"walk_clinic":23.66,"walk_school":17.82,"f15":8.42,"f15_health":0.0,"f15_school":29.58,"beyond":98466,"clinics":5,"schools":7,"off_pct":1.21,"hexes":190,"gini":0.11,"share":1.87,"rank":80.0,"of":88,"reading":"Almost nobody here is within a 15-minute walk of clinics and schools. Clinics are the weaker of the two services. That is 59 points below the city as a whole.","places":"Kauyen Rangaza Inkyan, Kwajalawa, Rumawa, Unguwar Wanzamai, Unguwar Zubairu Baushe, Babban Layi, Buzaye, Dama Gari and 36 others","place_n":45},"geometry":{"type":"Polygon","coordinates":[[[8.588979864129499,12.03430038605404],[8.58850827223904,12.035598239966875],[8.588279303047443,12.035510227814827],[8.587839414957102,12.036880696586934],[8.587648863004688,12.03743357999576],[8.587484196238734,12.037815753194476],[8.587124649982684,12.038955314736029],[8.586834076331627,12.039821431114204],[8.586669202721566,12.040323650316282],[8.58595980130383,12.042580892893964],[8.585779446764093,12.043402761728148],[8.585544615791434,12.044576912094842],[8.584647024940296,12.047917653377057],[8.584281118678746,12.048011598356648],[8.583802244977676,12.051373015951981],[8.584885005338776,12.0522552679663],[8.587130106169525,12.053444797639372],[8.587544325810029,12.054893973278297],[8.587717360767613,12.055563728083655],[8.588646209355147,12.05536823795387],[8.589808877177973,12.054781763967299],[8.592374011651373,12.054122023112937],[8.597302529388287,12.052252954010664],[8.60589676472398,12.05646262744835],[8.608300450205661,12.059554824895313],[8.608479318166076,12.060456438413953],[8.609520751081845,12.067250375804234],[8.610851260277514,12.070239164705754],[8.614342468030543,12.077417930992793],[8.617023311076991,12.075823309797954],[8.620511201231011,12.07839767761078],[8.624699998706035,12.08150000142399],[8.627000000449698,12.082499999875152],[8.628300000144918,12.081500001423988],[8.631700002253353,12.080800000619604],[8.635391692272833,12.080581881748516],[8.635699998755967,12.083799998671054],[8.637600000939358,12.0837000012541],[8.639899999085742,12.083199999780218],[8.641199998780962,12.082600000889386],[8.644400000659573,12.082800001119214],[8.645500001024288,12.08309999876599],[8.64726419568615,12.084747022557108],[8.647971473804546,12.083200840646326],[8.646762524171208,12.08058038257866],[8.64566853217707,12.078652842254938],[8.644253164751774,12.076844597000616],[8.643416635169615,12.075440872198556],[8.641871364272106,12.073232390862188],[8.640842151344259,12.07218502242091],[8.639311509718425,12.070208805392099],[8.63441126306941,12.06114537665786],[8.623685965435016,12.048884257302689],[8.618367881172844,12.0429859358523],[8.613461385134883,12.039412682049656],[8.611721569295014,12.038701377666483],[8.610537923886113,12.038073755199719],[8.608712543848867,12.037613498364294],[8.607429072793536,12.037585604092387],[8.606254935017262,12.037422886157346],[8.604945826988398,12.037291093209435],[8.604565539667988,12.03682618508043],[8.604527510935952,12.036175313340093],[8.604736668962175,12.035357070572386],[8.6046825027953,12.0341458375604],[8.604462222853329,12.033223401139082],[8.603862008125247,12.031972501729625],[8.603900036857283,12.031526180788662],[8.604147222716223,12.03122863289514],[8.604511448144876,12.030999632227294],[8.60426130981165,12.030317393033327],[8.60407116615147,12.029871070293721],[8.603938064689999,12.029517730259103],[8.604082376200722,12.028970803959512],[8.60409017961814,12.028941227955329],[8.604337367275718,12.028476306336527],[8.604546525301942,12.027881204254243],[8.604755684227484,12.02737908667558],[8.604831740792235,12.026914162358764],[8.604831740792235,12.026560817827542],[8.604660612397367,12.026133086772571],[8.60431835290973,12.025872726744979],[8.603842992859882,12.025668158858476],[8.603025946190485,12.025526611863711],[8.601874370605742,12.025446234056519],[8.600961681036779,12.025204471109475],[8.599763775078202,12.02501850030359],[8.59852784128691,12.024906916920713],[8.598090509969097,12.027417520102517],[8.593916795024143,12.026590990082184],[8.593128390862603,12.02656081782754],[8.59292557125815,12.028194639570982],[8.592093692070307,12.030071760303544],[8.591950311357834,12.030724848872751],[8.591798566051011,12.03141603722037],[8.592126966985973,12.03147930092905],[8.593113293044098,12.031515346655965],[8.593751507725926,12.03159436828554],[8.593755074437183,12.031328203134137],[8.593743189896372,12.031002760968704],[8.59374829175033,12.03080485975653],[8.593769683024505,12.030609595356568],[8.59421176725931,12.03065143811341],[8.594660982218613,12.030853676755838],[8.595110196278597,12.030937362269523],[8.595381151219215,12.03116052273998],[8.59555929792333,12.03146159507662],[8.59572340980759,12.03175329198086],[8.595921286738019,12.032128713969028],[8.59566730740039,12.032176660424568],[8.59543404304668,12.032268187127157],[8.595160711197934,12.032489021950825],[8.593354286171405,12.036733176295115],[8.592760087008458,12.036454231777437],[8.59218965512855,12.035873095267162],[8.591666759613304,12.03547792056963],[8.591264735679033,12.03504841515229],[8.590610165027158,12.034775647178433],[8.590359522174253,12.034487079015545],[8.590157493973209,12.034463833339256],[8.59010995760849,12.03427786792929],[8.589967350313032,12.034277867929287],[8.58967025028187,12.034370850634275],[8.589503874804052,12.034501606663865],[8.588979864129499,12.03430038605404]]]}},{"type":"Feature","properties":{"name":"Kumbotso","label":"Kumbotso","lga":"Kumbotso","people":40623,"walk":18.56,"walk_clinic":23.68,"walk_school":13.44,"f15":43.58,"f15_health":0.0,"f15_school":60.98,"beyond":22921,"clinics":5,"schools":13,"off_pct":1.92,"hexes":188,"gini":0.24,"share":0.71,"rank":74.0,"of":88,"reading":"Most people here walk longer than 15 minutes. Clinics are the weaker of the two services. That is 24 points below the city as a whole.","places":"Gidan Alhaji Faruk, Kanawan Gatari, Rinji Yamma, Unguwar Yamma, Yakasai, Agalawa, Babban Gida, Bakin Rafi and 34 others","place_n":42},"geometry":{"type":"Polygon","coordinates":[[[8.522604872616853,11.91380585215842],[8.523554217653043,11.91371202409067],[8.523708384834151,11.910806407189966],[8.528788094794777,11.9093888858884],[8.535633271058657,11.908942364398625],[8.534894682143943,11.906471067885546],[8.534324250263978,11.904482620076921],[8.533896426578849,11.90176156204649],[8.532612956422838,11.899877735968799],[8.530972966229456,11.89921490594321],[8.529653844249538,11.898272985709754],[8.528406025018114,11.897296176277566],[8.527193857610484,11.896214704644933],[8.526801686648582,11.894226181293275],[8.523713027134534,11.89298087656624],[8.52253347184228,11.889977351373714],[8.522531770324974,11.889967952559003],[8.52171865998821,11.88547794335244],[8.517926205430058,11.879890120932375],[8.510231221094045,11.876947047268462],[8.509195533946809,11.874373639032283],[8.505883957678577,11.866313902264835],[8.501721833196086,11.864277078124701],[8.50127043738081,11.866103508570122],[8.498115186666553,11.868933187616562],[8.497177763942716,11.869815468409174],[8.495334115976732,11.870771434254323],[8.493180269354013,11.87181421525389],[8.491317032355198,11.871279774242222],[8.490134559662238,11.870862430356908],[8.488914908096604,11.870817258309899],[8.487564742418954,11.870767252406836],[8.486277613820846,11.870845106716331],[8.484724842577464,11.870980756856511],[8.484109925732525,11.871081265088378],[8.483477054822288,11.871525912391007],[8.482615462933325,11.87200457205341],[8.482380910750464,11.872239124236213],[8.482005593083727,11.87261444280233],[8.480972246871772,11.873647788114967],[8.479078486882713,11.875305833097741],[8.477540798169343,11.876744401233168],[8.477155108621389,11.877072192427763],[8.476746609568409,11.877419367609775],[8.47953303392245,11.879753340344449],[8.481277406627044,11.88162735122131],[8.482740579314338,11.882810056838705],[8.485667769152258,11.883035567237698],[8.487037542748453,11.8841498578297],[8.48709777933908,11.886974595101549],[8.489491548895899,11.887814078057316],[8.487601658689641,11.890135714791429],[8.486898902362498,11.892370435647134],[8.484716789148536,11.896312656104271],[8.483438210405154,11.899886321796377],[8.494515851625295,11.899894342849677],[8.496911664441825,11.899336169628556],[8.4971968790328,11.900499029906369],[8.49644581112534,11.901875847892143],[8.49644581112534,11.90243401661661],[8.496648661306722,11.903060793720726],[8.497005309947156,11.903897049908945],[8.496265187688323,11.906177274661559],[8.505637797946065,11.906369412118746],[8.52259002031326,11.913799341966126],[8.522604872616853,11.91380585215842]]]}},{"type":"Feature","properties":{"name":"Fanisau","label":"Fanisau","lga":"Ungogo","people":48162,"walk":22.79,"walk_clinic":20.66,"walk_school":24.93,"f15":0.0,"f15_health":0.09,"f15_school":0.74,"beyond":48162,"clinics":7,"schools":5,"off_pct":5.52,"hexes":230,"gini":0.09,"share":0.84,"rank":83.0,"of":88,"reading":"Almost nobody here is within a 15-minute walk of clinics and schools. Clinics and schools are about even. That is 68 points below the city as a whole. Some of the long walks sit off the mapped street network.","places":"Galadimawa, Gera, Kanyar Amana, Sabuwar Unguwa, Tsohuwar Kera, Tudun Rama, Balatus, Bankaura and 52 others","place_n":60},"geometry":{"type":"Polygon","coordinates":[[[8.567335261713026,12.11162249658099],[8.567306444736687,12.111412216200845],[8.567449052931522,12.110761524324914],[8.567579183032933,12.110280767443497],[8.56801948481143,12.109739005950416],[8.56855367041561,12.10930472603235],[8.569278593232525,12.109235007889367],[8.569899998686026,12.10929999919563],[8.569699999355521,12.109000000649587],[8.569299999795192,12.108600002887894],[8.568992009873398,12.108415206596533],[8.568399998760981,12.108100001413959],[8.567999050415892,12.107655782188656],[8.567548592593539,12.10701227589584],[8.567186583993703,12.106543900880352],[8.566599999390519,12.105799998770976],[8.566321955993544,12.104985382069797],[8.565999999600365,12.104100001314064],[8.565938322295779,12.103976644006991],[8.565054992893636,12.102891243236344],[8.564551639646481,12.102451638432397],[8.563000000649538,12.100900002133415],[8.562100001413967,12.099499999625323],[8.561700000954318,12.099199999280588],[8.560787845582638,12.097931771733954],[8.560357144066984,12.097359187776362],[8.559953396132357,12.096853398265752],[8.559700001354031,12.096599999890145],[8.55923134125345,12.095584575367925],[8.5590999979666,12.095300001094245],[8.558400000759491,12.094199999830153],[8.558100000414754,12.093100000364757],[8.557799999170697,12.09239999956037],[8.55710000196359,12.091699998755985],[8.556200000929323,12.091099999865149],[8.55519999888088,12.090500000974314],[8.554699998306319,12.090300000744493],[8.552799999720264,12.090300000744488],[8.546312927199894,12.089087281153123],[8.547692344226334,12.081739802050265],[8.548735183681856,12.078990525992024],[8.548110090108594,12.07687793756679],[8.546170622975922,12.074200454387494],[8.544738155841287,12.072019191932212],[8.542922998397728,12.067114991863434],[8.542699999805222,12.066300001044281],[8.542093083329178,12.064566072166539],[8.541028982101864,12.060984859363828],[8.54062492659915,12.061159183949199],[8.5401710396618,12.060918101789012],[8.539056240952789,12.06041539695303],[8.538438272708163,12.060043503904636],[8.537440018042446,12.05954377042872],[8.536934520811542,12.059243039834486],[8.536358576087482,12.058974305319966],[8.536025824232468,12.05893944040292],[8.535716839660495,12.059055657092925],[8.535514813258091,12.05932063334063],[8.535299957127393,12.059789397762529],[8.534991916843524,12.060180638825443],[8.533645488748334,12.05940603116346],[8.533279718284405,12.059499908693907],[8.531450971185393,12.059969272963599],[8.531074984423014,12.06006577291714],[8.530975174065077,12.060091581661196],[8.530688683336109,12.060104136196971],[8.53060549514754,12.060108784792645],[8.530234713661173,12.060194784261911],[8.529949499070199,12.060283109378018],[8.529617175292458,12.060425755344397],[8.529361250721195,12.060480751585485],[8.529351729598716,12.060483150976665],[8.528901090113266,12.060596688586372],[8.528609071251708,12.060661607047566],[8.528203604712644,12.060752387312846],[8.527742563668426,12.060855204104428],[8.526084492605321,12.061801974381636],[8.52232960272903,12.062633927313927],[8.519868341750623,12.064000913011798],[8.519516817447197,12.064196150432053],[8.518332594673552,12.06937471117402],[8.518274583904997,12.069628390138119],[8.516022707581953,12.070367548323762],[8.51217505533458,12.071910073591082],[8.512066367768682,12.071953644844879],[8.51157829130517,12.072507527400546],[8.511249849001388,12.072880248724571],[8.507015434314894,12.072180252416786],[8.505681338622935,12.07554970275663],[8.500358312586116,12.073922714961384],[8.498399999260585,12.073399998411217],[8.498100000714487,12.075399998910882],[8.49751206802756,12.079031650190531],[8.496983475307161,12.08290979305258],[8.496092176113109,12.087732341874128],[8.506695635395317,12.091264680120958],[8.513653612724113,12.09537949486787],[8.518122019315797,12.098021989922925],[8.518283899082746,12.098144207789003],[8.520278801325675,12.09636912863243],[8.521214075569162,12.095510363312657],[8.523636367124709,12.093286208591678],[8.5255941012868,12.091488599619252],[8.527457214179151,12.089777860659808],[8.528834686871335,12.08975513299305],[8.530934995054054,12.091715586704993],[8.53539940685721,12.09341465875957],[8.539384565445403,12.0947558635923],[8.54857379404541,12.100300493373139],[8.550827246879976,12.10599407066985],[8.5538775413155,12.10734537039258],[8.555945354294693,12.108112266368037],[8.558821279178744,12.110041115205373],[8.561099999365524,12.111900002183404],[8.563075746048867,12.112388247719474],[8.563716887124713,12.112778950987831],[8.564406159017096,12.112802190368827],[8.565344992777227,12.111651866640385],[8.5659041345682,12.111574888270525],[8.567335261713026,12.11162249658099]]]}},{"type":"Feature","properties":{"name":"Garun Gawa","label":"Garun Gawa","lga":"Kumbotso","people":118389,"walk":15.27,"walk_clinic":18.11,"walk_school":12.43,"f15":41.55,"f15_health":29.5,"f15_school":59.74,"beyond":69198,"clinics":8,"schools":21,"off_pct":0.01,"hexes":207,"gini":0.22,"share":2.06,"rank":75.0,"of":88,"reading":"Most people here walk longer than 15 minutes. Clinics are the weaker of the two services. That is 26 points below the city as a whole.","places":"Bechi Gidan Maigari, Chabano Rigar Fulani, Dausayi, Gaida Tsakuwa, Mai Dille, Umarawa Yamma, Unguwan Jibo, Unguwar Kudu and 55 others","place_n":64},"geometry":{"type":"MultiPolygon","coordinates":[[[[8.52259002031326,11.913799341966126],[8.505637797946065,11.906369412118746],[8.496265187688323,11.906177274661559],[8.495534046958767,11.906836420164723],[8.495714021085234,11.907349841322173],[8.495594389669407,11.908162040645719],[8.494389622782933,11.909087682250798],[8.491556913920476,11.912905933861794],[8.490647820740378,11.91314563016675],[8.491114594063333,11.914439627786635],[8.492395027208772,11.915851396125106],[8.491973230780049,11.916315046102568],[8.492545493679643,11.917080770261407],[8.489877146713013,11.918665508806214],[8.487548944927937,11.917882680441378],[8.486990801384422,11.919166376327269],[8.481602080771438,11.91956688940047],[8.480989414929583,11.917148309347056],[8.476660137955037,11.919384177737639],[8.472022013105459,11.921260900070534],[8.470017170655922,11.922108246698258],[8.473186020918206,11.92480740443824],[8.479028202189852,11.929602791036015],[8.479900005880609,11.928757368957461],[8.482716510758394,11.926501653428602],[8.485685637782012,11.9251586742335],[8.48753676361082,11.924337710117301],[8.488347520421769,11.926419609177687],[8.486573130145871,11.92734582634887],[8.485452079350011,11.928247920105493],[8.485357316886734,11.928353007685192],[8.48376446285971,11.930119421873883],[8.481599017680594,11.932813641436441],[8.480913259439433,11.934317179294455],[8.48162304486766,11.934978835704724],[8.48313468831526,11.936192700133065],[8.484721200323179,11.937455393251867],[8.486111626850175,11.938613437660079],[8.487059969142308,11.939431508657263],[8.488248368367579,11.940408166104021],[8.49051107882326,11.942249855346573],[8.49203835068937,11.943672513575677],[8.491901565604792,11.941774344210671],[8.491234417034775,11.940693244897371],[8.491208905966289,11.936015387999817],[8.49147717193398,11.93324794563625],[8.497179687592563,11.936746791331416],[8.502073906085968,11.939436571840359],[8.502116203000412,11.939459801328836],[8.50339273039026,11.940598650607283],[8.503429616983283,11.940631558599595],[8.50564310574481,11.93959157089432],[8.507257664909332,11.938976449003972],[8.508735840087013,11.938123655182608],[8.50995273433125,11.937388356887196],[8.509201132226508,11.926100054873704],[8.501828471207034,11.911675961676336],[8.50675331071676,11.910041008585722],[8.515081713650204,11.921110762751539],[8.516485767604138,11.92979659223897],[8.518609157786443,11.93925777312779],[8.520019195829263,11.940108711647783],[8.52125935463556,11.94062571840226],[8.522979899802579,11.941461738068822],[8.525056771652714,11.941917262671607],[8.526760951856488,11.940471958614069],[8.528092815431137,11.938428905769456],[8.5286014728797,11.936747859725983],[8.52962968576145,11.935082356665475],[8.531205309677375,11.93500903673771],[8.531237774303918,11.935002082280336],[8.53134530624095,11.933514332020875],[8.53052853836141,11.921917120978378],[8.525988044812493,11.921084427004757],[8.522604872616853,11.91380585215842],[8.52259002031326,11.913799341966126]]],[[[8.53560004470637,11.95801904204518],[8.53488096028815,11.957457053899985],[8.533539360653037,11.956407660185393],[8.533284549442442,11.956888170652576],[8.532014525949648,11.958492151991264],[8.531218759937872,11.959347659067248],[8.531162763650684,11.9592580173437],[8.530974413238653,11.95921319693156],[8.530806424377033,11.95915343608226],[8.530628254290548,11.959058813913202],[8.53036354514154,11.958904430894847],[8.530129377868548,11.958819769616694],[8.529823943820022,11.95874008878411],[8.529584688182865,11.95866538659834],[8.529496411630134,11.958801256173102],[8.529386154747272,11.95881479007056],[8.529136716985931,11.958615585740747],[8.528790788264303,11.958343484164514],[8.528367491766403,11.957980343318242],[8.52778900825615,11.957509356671496],[8.528130089631986,11.957097055284919],[8.52814416042469,11.956769112104892],[8.527595707975593,11.956490816897714],[8.527664508810062,11.956284036678992],[8.527612794195136,11.956268693345576],[8.5271834506558,11.95614130257911],[8.52680886233918,11.956121271079839],[8.526343009922016,11.956739783414319],[8.526300391949576,11.956705351071152],[8.525496870184442,11.95605616376099],[8.525791593307419,11.95562367079583],[8.524645976630552,11.95473077620443],[8.524085052383327,11.953912287022492],[8.522390363624424,11.952593085902267],[8.521398671311658,11.951692470631087],[8.520271419690289,11.951028664841033],[8.518848516845651,11.9527263186647],[8.516715406790638,11.955197786049041],[8.517392498265224,11.956060705337336],[8.518666030013321,11.957940488063116],[8.52110000016495,11.960605271915824],[8.521925355670703,11.96131841721126],[8.522749471910629,11.962024645820806],[8.52369896443571,11.962730435561184],[8.523856385363956,11.962556983318164],[8.524355511797467,11.96304527112244],[8.525081032663593,11.963328641203871],[8.526904648230982,11.964040896170445],[8.52834522185458,11.965173370154957],[8.528534812431701,11.96532363158036],[8.52918533793303,11.965976396393613],[8.530499704297938,11.967232732204877],[8.531005724934289,11.966631413109269],[8.531487836194742,11.966033190379502],[8.531617547212079,11.96589091943042],[8.532362979967616,11.964970611704416],[8.533010657316026,11.964191682799992],[8.533592972837482,11.963534821574795],[8.5342763020098,11.962697758694672],[8.535078471194538,11.961715368069804],[8.53519425800863,11.961557807746656],[8.534450544756908,11.961073800715385],[8.53439514202222,11.961029437158857],[8.535401014845036,11.959366237262088],[8.536098677412099,11.958609437075893],[8.53596369456892,11.958298069300497],[8.53560004470637,11.95801904204518]]]]}},{"type":"Feature","properties":{"name":"Hotoro","label":"Hotoro","lga":"Tarauni","people":77894,"walk":9.51,"walk_clinic":11.62,"walk_school":7.39,"f15":96.99,"f15_health":90.33,"f15_school":99.88,"beyond":2346,"clinics":8,"schools":11,"off_pct":0.0,"hexes":60,"gini":0.15,"share":1.36,"rank":52.0,"of":88,"reading":"Most people here already finish inside 15 minutes. Clinics are the weaker of the two services. That is 29 points above the city as a whole.","places":"GRA A1, GRA A2, Hayi Da'e C, Ibrahim Kazaure, Kufen Na Maituwo B, Layin Aha, Layin Alaramma, Layin Alhaji Jibrin and 23 others","place_n":31},"geometry":{"type":"Polygon","coordinates":[[[8.585421059734188,11.954139657219459],[8.584238603228982,11.953064223635065],[8.58319875401935,11.952075985618306],[8.58223397301947,11.951034457374362],[8.581893265761664,11.950643606617179],[8.58108649294735,11.94944319424809],[8.580948125055954,11.949525346417659],[8.580864937766705,11.949599756323721],[8.580810270677489,11.949648586812886],[8.580781749578136,11.949688117412734],[8.580743720846101,11.949753224731579],[8.580712822838564,11.949813681656108],[8.580670040290158,11.94986483779206],[8.580679547023522,11.949915993928018],[8.580708069022194,11.949976451751922],[8.580736591020923,11.950039235222562],[8.580731837204553,11.950108992935727],[8.580719952663742,11.950160149971],[8.580712822838564,11.950211306106949],[8.580693496407775,11.950257537555387],[8.58066766338203,11.950285715113695],[8.580648649015984,11.950339196896492],[8.580615088115849,11.950399017101004],[8.580572591551913,11.950449415108492],[8.580479895730662,11.950486620061499],[8.580392146180657,11.950521680131486],[8.580332534618833,11.950581956292295],[8.58028737606162,11.950661015693353],[8.580261230971075,11.950733099952627],[8.580227956055353,11.95080518421196],[8.580160503304626,11.950843676994166],[8.580104362226564,11.950905170837018],[8.5800639565864,11.95097027905518],[8.580043659787123,11.951052564324412],[8.579954624206607,11.951156302021788],[8.579964130939914,11.95123071012921],[8.579966507848098,11.95130279438848],[8.579964130939914,11.951379528142752],[8.57999978276382,11.951435333773702],[8.57999978276382,11.951500441991868],[8.579978392388966,11.951560898916396],[8.579921349290885,11.9516632111883],[8.579930856024248,11.951723668112834],[8.579909371220538,11.95181290514148],[8.579871436017982,11.951874810873846],[8.579793001645783,11.951918990968695],[8.579733581639516,11.951923642262328],[8.57967891634894,11.951923642262328],[8.579614741627097,11.95192131661554],[8.579545814887524,11.95195154462812],[8.579445990140357,11.952002700764067],[8.579374685593336,11.952051532152549],[8.579324013292648,11.952083512044512],[8.579303381945579,11.952109664329612],[8.579289121395902,11.952153844424402],[8.579262976305358,11.952228251632562],[8.57922019375701,11.952244529361563],[8.579224946674003,11.952288710355731],[8.579234455206006,11.952377069646104],[8.579189294850153,11.95250031004133],[8.579163150658928,11.95261889914292],[8.579139383375889,11.95273283605161],[8.57909659992822,11.952844448212772],[8.579053818279135,11.952930482755617],[8.578987268447747,11.953011866904204],[8.578932601358531,11.953083950264157],[8.578887441901998,11.9531630087659],[8.578830398803916,11.953225791337271],[8.578809008429062,11.953286248261806],[8.578768601889522,11.953365306763546],[8.578761472064343,11.953490871006917],[8.578756718247973,11.953544351890399],[8.578794746980066,11.953565279114398],[8.578844660252912,11.953560628720084],[8.578877935168634,11.953525750313187],[8.578925470634033,11.953521099019554],[8.578965877173516,11.953558303972615],[8.57901578864778,11.953616435250355],[8.579039305019933,11.953671459370412],[8.579007372792091,11.953737991215348],[8.578961123357203,11.953758276323468],[8.578887441901998,11.953760601070938],[8.578837528629094,11.95379548037715],[8.578820892070553,11.953835009178361],[8.578766225880656,11.953865237190994],[8.578703788648966,11.953903045589131],[8.578678283875774,11.95393732055095],[8.57867115405054,11.954000103122326],[8.578673530059405,11.954060560046852],[8.57867115405054,11.95414426894291],[8.5786249648703,11.954191578678488],[8.578602227310967,11.954227976939647],[8.57855231403812,11.954253554557967],[8.578500023857089,11.954237277728225],[8.578450112382825,11.954234952980753],[8.578407328935157,11.954251229810437],[8.578343156011899,11.95424425376933],[8.57831225710504,11.954295409005963],[8.57828848892268,11.95436051632481],[8.578278982189318,11.95441864760255],[8.57828848892268,11.954486079668865],[8.578333648379214,11.95455351173524],[8.578326517654716,11.954686051120403],[8.578305127279862,11.954781387351202],[8.578264720740322,11.95494415384968],[8.578210054550425,11.955053441263374],[8.578114982720308,11.955318518235059],[8.578015157973198,11.955558019387125],[8.577979506149347,11.955699857762284],[8.577947918361815,11.95580528168847],[8.577906776176803,11.955882931851876],[8.577863992729135,11.956017795984565],[8.577868747444768,11.956106155274881],[8.577843125759673,11.956247426177807],[8.577692864334267,11.956575852293778],[8.577365079434912,11.957477783273134],[8.577153184771703,11.958644497145885],[8.57714437501295,11.959173887564932],[8.577306398671396,11.959769416825168],[8.575499999725253,11.959800000969322],[8.575512932875597,11.961833479631425],[8.576387593712525,11.962226435701496],[8.57706022814705,11.962414776221008],[8.577939642800345,11.962562425115891],[8.578217727566141,11.962660083396198],[8.577167037029199,11.963131737339836],[8.57612139258822,11.963671533814306],[8.575001921001899,11.96418074614456],[8.573969060423849,11.963835062038529],[8.573383322082691,11.964229574835086],[8.571992895555752,11.964955025554044],[8.570654096409498,11.965426877348534],[8.568988765119457,11.96633980523785],[8.566720698301651,11.968050232132557],[8.565247083586087,11.966422633697613],[8.563119438711169,11.964205527862871],[8.562302141130942,11.964801988820792],[8.561157154878856,11.965516660265733],[8.559305850084968,11.966615192936843],[8.558111619655563,11.96734819616239],[8.558628327835095,11.968241835392462],[8.559601951868615,11.969898306561676],[8.558899998636093,11.97060000168875],[8.559782547426664,11.97205360828747],[8.560593433739996,11.973282068712537],[8.561972624137354,11.97492191591374],[8.56308971791617,11.976072826000175],[8.564373188971558,11.97653783755123],[8.565592068019555,11.976495400342515],[8.565687997802913,11.97614411615808],[8.566862789386278,11.97581758221571],[8.567047716079287,11.975766180564847],[8.567252461132227,11.975636418286113],[8.567635905972338,11.975393398986222],[8.56885154476305,11.974501322777883],[8.57198636108177,11.97192444675585],[8.57284155519369,11.971318174194437],[8.574365184805458,11.970238027263179],[8.576230578378556,11.969076419741038],[8.577883070946996,11.96804424264775],[8.580014723200975,11.966792639968387],[8.580229505587283,11.966685249224897],[8.581040771414507,11.966373326567801],[8.583099077660336,11.965368861184059],[8.585056925137053,11.964449772039417],[8.586873319148424,11.96359829302685],[8.588023168034852,11.963403445013002],[8.589309277701034,11.963300083232298],[8.591369698253004,11.963152326418765],[8.592524821663233,11.963045368249196],[8.593214092656297,11.962817501626432],[8.594678199739178,11.962254806614053],[8.595400343650965,11.961900667082146],[8.595431644554822,11.961082911747042],[8.595443529095633,11.96015283288699],[8.595265269076947,11.959339011186444],[8.594682953555491,11.958025265353742],[8.593859878730484,11.956574417875116],[8.593645966887891,11.956313992197009],[8.59308979555766,11.955709430146158],[8.592937680629518,11.95580243983079],[8.592738030235978,11.955909400698317],[8.592571653858784,11.956030312748796],[8.592295153698444,11.956148513343239],[8.591998053667282,11.956357783784767],[8.591855446371824,11.95647869583519],[8.59162965088774,11.956653087869766],[8.59139791268359,11.956856545992876],[8.591273130850368,11.957036752144461],[8.5911424071964,11.957269273658085],[8.591059219007775,11.957519235724194],[8.591041392646218,11.957705254194195],[8.591023567183925,11.957844766922507],[8.591077045369389,11.95800171930398],[8.591047335366284,11.958181923656921],[8.59106516082858,11.958414446969186],[8.591059219007775,11.958577211669025],[8.590941172197404,11.958815933108895],[8.590589405976345,11.959048453723199],[8.590133060292544,11.958620614749632],[8.589904887900332,11.958285783662065],[8.589491537004903,11.95780456992503],[8.587113171935357,11.955574850199238],[8.585421059734188,11.954139657219459]]]}},{"type":"Feature","properties":{"name":"Chalawa","label":"Chalawa","lga":"Kumbotso","people":39511,"walk":36.13,"walk_clinic":42.68,"walk_school":29.58,"f15":0.0,"f15_health":0.0,"f15_school":3.88,"beyond":39511,"clinics":2,"schools":4,"off_pct":1.99,"hexes":258,"gini":0.14,"share":0.69,"rank":83.0,"of":88,"reading":"Almost nobody here is within a 15-minute walk of clinics and schools. Clinics and schools are about even. That is 68 points below the city as a whole.","places":"Ajawa, Chalawa, Challawa Cikin Gari, Damfami, Gidan Fulani, Kusuba Gidan Mahammada, Kusuba Kwari, Kuyan Tasidi and 48 others","place_n":57},"geometry":{"type":"Polygon","coordinates":[[[8.436445395938335,11.887605662871065],[8.435358351207014,11.886948977913049],[8.434917660022052,11.886210053551165],[8.434050664106906,11.88452053679339],[8.433575517196402,11.884043753116769],[8.433051289785226,11.883235627722113],[8.431338077690159,11.883235627722112],[8.430097579839469,11.883831483436266],[8.428246179717462,11.885328401384639],[8.426626745328065,11.886662051912195],[8.425147154617548,11.888043004081394],[8.424592322377805,11.889637353680994],[8.42448946241882,11.891007047237508],[8.424132943280767,11.892402519860466],[8.423211934083554,11.893158398241555],[8.422290924886342,11.894030562560486],[8.421607595714022,11.894844581212508],[8.420716297419233,11.89580395458887],[8.419973547341385,11.89711218937606],[8.419141758985063,11.89846241890558],[8.418533887429021,11.89989656597379],[8.416940359809814,11.902226103252133],[8.416347473657027,11.902937565016657],[8.413583570125695,11.904255754399571],[8.411358102394559,11.905005613618245],[8.41027533393958,11.90519016169668],[8.410178098340623,11.905225192089006],[8.410117005595396,11.905245755986922],[8.410006604820978,11.905286983607484],[8.4099742193348,11.905298651411671],[8.409898718551062,11.905325843313049],[8.409815708428255,11.905355815918197],[8.40977296994663,11.905371146661139],[8.409761107888869,11.905375421138842],[8.409747956203262,11.905380004083948],[8.40973727315668,11.905383741666414],[8.409724974028393,11.905387973875918],[8.409504148197925,11.905463915327458],[8.409229365742704,11.905557324311129],[8.409076729207754,11.905610902321316],[8.408513872317428,11.90580446790193],[8.4067805037173,11.905706529932443],[8.406065277390667,11.9069355020718],[8.404952544424418,11.908212739026737],[8.403807319851978,11.910249544281099],[8.40443122901803,11.91228446185846],[8.405638932191039,11.914814731414763],[8.40508949858156,11.91817126838936],[8.40484261489479,11.919736339660403],[8.40472391427727,11.920743826766225],[8.404451111229832,11.922972373776076],[8.404430737088887,11.923166020295637],[8.404929245688209,11.92489716217432],[8.404960959380844,11.926183912157853],[8.40499028897068,11.926638326097931],[8.405062133111016,11.927751438578069],[8.405033962747211,11.928997211851877],[8.404515234690393,11.930841401209763],[8.403312458003597,11.935117507566986],[8.402877681659731,11.936663205642501],[8.408458956115965,11.937048649675491],[8.41176328115057,11.936711704281777],[8.410866202912985,11.930900207878326],[8.417944492444406,11.930467794952845],[8.4205135191836,11.932046232847426],[8.422225482120325,11.933477247576946],[8.423135528581838,11.934412682799119],[8.42273173837907,11.937295986620542],[8.427995078210358,11.93871360055226],[8.42765711388472,11.942238317044769],[8.42770746063087,11.94670409671676],[8.422701610191211,11.948402982611585],[8.423765529755428,11.952860909403512],[8.436900001433969,11.953600001039264],[8.437300000094979,11.952900000234873],[8.438731374553356,11.951368626560905],[8.44228052742443,11.947778006849601],[8.443999997901642,11.946199997931616],[8.4461000003148,11.945300003192642],[8.44740000001002,11.944600000589613],[8.448600002288345,11.944200001928609],[8.44932293760354,11.939738578572587],[8.449842645921422,11.935712751742129],[8.450755857097192,11.927120333037012],[8.451240431600695,11.924011696882362],[8.45051887044957,11.923395535375729],[8.450269305883808,11.922174635551018],[8.449484963060627,11.921128145747387],[8.448415403847832,11.920290953364828],[8.447167586415048,11.919523521393446],[8.445670202617805,11.91900027244469],[8.444743251599846,11.918581672206471],[8.443245869601242,11.918337488284521],[8.4431011057315,11.91639484474632],[8.443398080756879,11.914357683360436],[8.443411317878088,11.90917034973188],[8.444452401856893,11.907155933999208],[8.445989041960786,11.906429389704613],[8.447172520095762,11.905625320252394],[8.444528792070173,11.903509800037282],[8.441409533123478,11.900913575101468],[8.439620262665017,11.899421366003308],[8.436231832133387,11.896560414831356],[8.435899080278375,11.89489982566647],[8.439264624862574,11.894899825666473],[8.43910775701744,11.892778723359468],[8.435548502961069,11.892839192874476],[8.435340532939279,11.891269287747493],[8.435607922967336,11.888623686434014],[8.436445395938335,11.887605662871065]]]}},{"type":"Feature","properties":{"name":"Tudun Murtala","label":"Tudun Murtala","lga":"Nassarawa","people":86081,"walk":9.88,"walk_clinic":14.25,"walk_school":5.5,"f15":99.35,"f15_health":60.65,"f15_school":99.35,"beyond":563,"clinics":2,"schools":17,"off_pct":0.0,"hexes":47,"gini":0.08,"share":1.5,"rank":43.0,"of":88,"reading":"Most people here already finish inside 15 minutes. Clinics are the weaker of the two services. That is 32 points above the city as a whole.","places":"A Mangoro Lungun Maiunguwa, Dakin Dan Bera, Getsi A Babban Gida Layin Getsi, Getsi A Layin Mallam Khamisu, Getsi A Layin Na Makka, Getsi B Layin Baharunaja, Getsi B Layin Dirim, Getsi B Layin Hajiya Shara and 75 others","place_n":83},"geometry":{"type":"Polygon","coordinates":[[[8.561695137420713,12.028360212853611],[8.561769371958974,12.029523372605638],[8.56176220616095,12.031501249782876],[8.561769335986128,12.031961519208778],[8.561600034114349,12.032194414840433],[8.561210239161255,12.032557049368393],[8.56098453540801,12.03326520612444],[8.560909301722972,12.033501254779138],[8.560582613996473,12.033965386793225],[8.560174618563849,12.034646332762122],[8.560447951311971,12.035105433968623],[8.56105520413439,12.034977848948644],[8.561690217229796,12.034910361124334],[8.561899990392305,12.03481033582841],[8.562084721932422,12.034633450873114],[8.56297602112653,12.034714811639274],[8.563135661581555,12.034562383747073],[8.563290443898893,12.034388623935914],[8.56377426566985,12.03420773340025],[8.564072739865082,12.034306988876496],[8.564536000436135,12.034638646256552],[8.56499926190645,12.034690762868477],[8.565535554622215,12.034728886029313],[8.565268768039289,12.035657097896774],[8.567011332207244,12.036878868265205],[8.568769703758848,12.038123753008847],[8.570571032327337,12.039467369823287],[8.572857887781367,12.041590928178834],[8.573250992239537,12.040702578761056],[8.573375372075816,12.04025260117663],[8.573775711579856,12.039302907203476],[8.57391613712008,12.039351549734308],[8.574085769043052,12.038878377734987],[8.574301083828004,12.038320127172197],[8.57484914956865,12.037163654778906],[8.575217923768207,12.036399885746164],[8.575868422289886,12.036596300379015],[8.576483169162998,12.034707280716473],[8.57709603195633,12.034166870904414],[8.578086283555194,12.032207171723652],[8.57892764609403,12.032333637087731],[8.578498825960082,12.030395697003884],[8.578077470199162,12.02868734844242],[8.577736449077918,12.02681869662558],[8.577500001124179,12.02540000170876],[8.577199998980802,12.021899997686774],[8.576499999075736,12.021899997686775],[8.574140083598024,12.021702994897336],[8.572500001673802,12.021600000939316],[8.571294148406253,12.02134160233311],[8.568108941274659,12.020751117370198],[8.567217946051414,12.020699999905101],[8.566208921104874,12.020652713551954],[8.564132982751005,12.02051007837747],[8.564120406631504,12.020511267281222],[8.558949880432692,12.020369762554536],[8.559260079988746,12.021628717191618],[8.559727055659152,12.023054982601423],[8.56021829413902,12.024597803745678],[8.561172735633306,12.026709886751917],[8.561695137420713,12.028360212853611]]]}},{"type":"Feature","properties":{"name":"Kureken Sani","label":"Kureken Sani","lga":"Kumbotso","people":75168,"walk":25.4,"walk_clinic":28.88,"walk_school":21.92,"f15":4.3,"f15_health":4.64,"f15_school":6.4,"beyond":71936,"clinics":2,"schools":6,"off_pct":0.25,"hexes":216,"gini":0.12,"share":1.31,"rank":82.0,"of":88,"reading":"Almost nobody here is within a 15-minute walk of clinics and schools. Clinics and schools are about even. That is 63 points below the city as a whole.","places":"Gidan Tsamiya, Kaftawa, Kureken Sani, Madinawa, Magadawa, Sabon Fegi, Unguwar Yamma, Yangizo and 48 others","place_n":56},"geometry":{"type":"MultiPolygon","coordinates":[[[[8.590399998860903,11.884500000774434],[8.588599998591121,11.884100001214108],[8.586287203092013,11.884070820012365],[8.583099998566126,11.884000000199876],[8.582178346353658,11.884060236790559],[8.580400000859413,11.884500000774437],[8.57984065762031,11.884615946768575],[8.581284459810036,11.882061854171296],[8.572034694245815,11.88121533402051],[8.566066041314798,11.88078388426891],[8.559624032023521,11.88091956588528],[8.558455650807673,11.880796446898557],[8.55637595418699,11.886989036414946],[8.553225758561952,11.890158605235513],[8.554757163712168,11.898924754074184],[8.556799999820157,11.898400000559601],[8.559300001793702,11.897599998740985],[8.561259823282285,11.897010044378076],[8.562800001319033,11.89649999927559],[8.564399998661031,11.896099999715261],[8.56580000026986,11.895599999140698],[8.568300001344028,11.895000000249867],[8.575449349008295,11.892806473739824],[8.576989895767099,11.892425943602461],[8.577878477209993,11.892180170578454],[8.579081906804618,11.892718880671852],[8.579566772688452,11.892802609352994],[8.580351116410952,11.893067748377915],[8.581721949408461,11.890223672984176],[8.583993538870743,11.889803921613746],[8.586883627177713,11.889625521300843],[8.58938123425662,11.888376717311703],[8.590522997338496,11.887234950632486],[8.591272279192367,11.885557984813204],[8.591435071771173,11.88481275080784],[8.590399998860903,11.884500000774434]]],[[[8.581893265761664,11.950643606617179],[8.58223397301947,11.951034457374362],[8.58319875401935,11.952075985618306],[8.584238603228982,11.953064223635065],[8.585421059734188,11.954139657219459],[8.585974632923012,11.95390262380709],[8.588485100307196,11.951794067042613],[8.590480874892535,11.950017220718227],[8.596272883886513,11.946207470398463],[8.599399999310549,11.943399999210667],[8.601367819369443,11.943864130325379],[8.603829800704773,11.94433126877311],[8.604800001019271,11.94449999867606],[8.60769785407274,11.944558155134812],[8.610314604235668,11.944858534094124],[8.612100001314047,11.945099999365539],[8.61158184342736,11.942709221853137],[8.610779262353105,11.939272909617161],[8.610071691955056,11.935958459115625],[8.609450800913805,11.932054545281064],[8.608958669407116,11.929379576606209],[8.60829999964534,11.92590000068452],[8.60658807717806,11.925452908125237],[8.604506495578335,11.924990331938318],[8.60158822521646,11.924411598416555],[8.597270354343438,11.91525284424341],[8.596149345815718,11.913810674323202],[8.593414191811576,11.914001656151584],[8.591213425759065,11.913957307883491],[8.589596498679498,11.913822252195247],[8.588203395770165,11.913679088219395],[8.586874917243676,11.913913654791372],[8.585655751311947,11.914132133391318],[8.582738951341582,11.915333034092269],[8.580138052629081,11.91634374976428],[8.578353228418791,11.917279304596265],[8.576799609114744,11.918119930590365],[8.570369347667338,11.919664965865532],[8.56593182019742,11.920657674412212],[8.562616114242303,11.9211095360763],[8.566114571430376,11.924508138839599],[8.569560029771594,11.92766696795627],[8.570914137177738,11.92888626968562],[8.574572867943573,11.932238947669362],[8.575465000809174,11.93401426424697],[8.576187190586438,11.9356656011866],[8.576651431418497,11.937822332834456],[8.57695250375508,11.939575252695816],[8.576645369088567,11.94017960880194],[8.57614211296817,11.940290254191952],[8.575745932828568,11.940472283269287],[8.57536759793635,11.940632895891497],[8.575092328947846,11.940880061066023],[8.574693020966208,11.94124322799263],[8.574196903664244,11.941460949363377],[8.573989889621771,11.94178217640638],[8.573911368015274,11.941835713947114],[8.573832846408777,11.941832145437218],[8.573650817331384,11.941721500047263],[8.573485895158,11.94173459957216],[8.573408111894878,11.941803591062921],[8.572838550558686,11.942460955908414],[8.572148405424628,11.942945053771268],[8.571855971076275,11.943147788839438],[8.571467326356071,11.943312764972177],[8.57130393572811,11.943623681287928],[8.571270623940165,11.94413288642363],[8.571343594031703,11.944445389143423],[8.57158154025592,11.944664299417923],[8.571514914881448,11.944835620267726],[8.571448290406352,11.944902244742877],[8.571438771981775,11.944978387642548],[8.571476843881271,11.945064048067417],[8.571539283810921,11.945167674248808],[8.57142031069884,11.945248576360767],[8.571310855111903,11.945324719260439],[8.57123471311155,11.945393722442361],[8.571170467343222,11.94545558770528],[8.571108601181038,11.945531730604953],[8.571051494231142,11.945615012323005],[8.57098486885667,11.945743502960338],[8.570901588037884,11.945907685891031],[8.570808499212944,11.94616918715832],[8.570792133350324,11.946214636196544],[8.571510563062077,11.946976761268559],[8.572314036263833,11.948057885762866],[8.5726693044449,11.947891277360611],[8.573349101979545,11.947572474889853],[8.573563253041755,11.947440414843301],[8.573720059733034,11.947499188236977],[8.57520127371987,11.946635445169704],[8.576243478253957,11.945946589663434],[8.577203590873069,11.945396933921412],[8.578724065663152,11.944700942294675],[8.580299999845181,11.947700000554615],[8.58108649294735,11.94944319424809],[8.581893265761664,11.950643606617179]]]]}},{"type":"Feature","properties":{"name":"Kabuga","label":"Kabuga","lga":"Gwale","people":164659,"walk":11.13,"walk_clinic":14.49,"walk_school":7.78,"f15":89.61,"f15_health":53.23,"f15_school":95.34,"beyond":17107,"clinics":9,"schools":59,"off_pct":0.0,"hexes":170,"gini":0.16,"share":2.87,"rank":59.0,"of":88,"reading":"Most people here already finish inside 15 minutes. Clinics are the weaker of the two services. That is 22 points above the city as a whole.","places":"Alhaji Uba Yakasai, Abdu Quranic, Alhaji Dahiru, Alhaji Haruna Bello Street, Bakin Rami, Bayan Asibiti, Dabai Clinic, Dan Bala Street and 122 others","place_n":130},"geometry":{"type":"Polygon","coordinates":[[[8.478732873823105,12.018001291826181],[8.479435068073997,12.017579125776079],[8.479831991053572,12.017300297270936],[8.485116095331591,12.013853614053117],[8.48793896920813,12.012082898407073],[8.489282371983904,12.01188652424372],[8.490055850996782,12.01495572242868],[8.491638162271443,12.018378343385907],[8.492282038185579,12.017800722325546],[8.492806591151293,12.017373975128919],[8.4928422429752,12.01692646798216],[8.493412674855108,12.017019456982382],[8.49388220819742,12.01665122417472],[8.492393548723328,12.016113434087742],[8.492537351217834,12.01568202480564],[8.492692349372476,12.015217024945798],[8.492690084879541,12.014712192313878],[8.493892350751423,12.01491702460106],[8.493928978339738,12.014407144074482],[8.494106804885178,12.013881378822646],[8.495526122132901,12.014896163027574],[8.495715372766313,12.014737397612864],[8.496113943303897,12.014364571068139],[8.497400194163674,12.013184002239937],[8.498612355276009,12.01244213259838],[8.499192938703231,12.01209570655169],[8.499063481294684,12.011894332157738],[8.499010279201059,12.011553275063646],[8.498581586770854,12.01091263131292],[8.498165896738783,12.01031749055977],[8.497973160333117,12.009915858729926],[8.496347967584711,12.007231028089503],[8.494545209993476,12.008290914194388],[8.494066984703636,12.007636057558047],[8.49161295697246,12.009024208800273],[8.4895661782366,12.01061641801334],[8.488735399818893,12.009452322067034],[8.487759263978887,12.00704681905552],[8.48643228642095,12.003850836247127],[8.486369349166184,12.002389475693803],[8.486368864431597,12.002378217081116],[8.491788805009378,12.0018916038145],[8.49446111438897,12.001604364849584],[8.49447175876469,12.001603220911987],[8.494330886261423,11.999549458041088],[8.494610776865898,11.996875403976787],[8.496004947270535,11.996382792232112],[8.497242204863937,11.996995155002423],[8.498170059700556,11.99736060800569],[8.498554734813183,11.997608186868373],[8.498968958051023,11.997754193601223],[8.499170052755801,11.997362071202703],[8.499466293934347,11.997427531055738],[8.500013231925152,11.997532674393481],[8.500780316758267,11.997566319829845],[8.501088250922066,11.99757545514319],[8.501085543063425,11.997468246062738],[8.500888065431925,11.996936554278587],[8.500602787888397,11.996403643013762],[8.500762390571936,11.996319472765492],[8.501213809769581,11.996265175297651],[8.501757553368464,11.996098795323178],[8.502082153768413,11.99606241235051],[8.502182723154192,11.995670145161114],[8.50172493136057,11.995465463960045],[8.501690357823804,11.995255700690109],[8.501485953613894,11.99520920304235],[8.501451173233079,11.994477375230757],[8.501711202310162,11.994352962119534],[8.502062987416991,11.994185772755259],[8.502451115926306,11.994064199703077],[8.50270800457082,11.993969233093708],[8.502850662228354,11.993909667397306],[8.503024768278465,11.993842205653324],[8.502943085554989,11.99357001684285],[8.502200402926292,11.99385991510303],[8.501690594345519,11.993975493274434],[8.500802845674855,11.99412495430323],[8.500309438929492,11.994142071999082],[8.500097244792073,11.994203923772089],[8.499872329744278,11.99413192764638],[8.499661983713622,11.994128440974803],[8.499421291859164,11.994180071053504],[8.49939660636835,11.994134729933878],[8.498659895238006,11.99294345557604],[8.498145406585309,11.993131921101336],[8.49766163967297,11.993292193779782],[8.49809692503311,11.994229785576183],[8.498310112022125,11.994722533118475],[8.49488947496934,11.995722343611305],[8.495076470103072,11.993568685846238],[8.495195929748434,11.991113181428204],[8.495284756686203,11.988597090583312],[8.4940777073204,11.988465046724572],[8.492721320132887,11.988854338956628],[8.491375828231924,11.989236995091286],[8.490698557792257,11.98574675770675],[8.489914214069756,11.985863006772378],[8.490675142144141,11.983279268023866],[8.491077586961126,11.980815267710508],[8.491445931284773,11.978796025316342],[8.491455845410997,11.978783831408744],[8.489179138806264,11.977836829106419],[8.489738017095876,11.969731347423817],[8.487162535023003,11.969545342443666],[8.48751822858344,11.966184075934393],[8.485697973782521,11.966008155951672],[8.48111893529068,11.965764383019913],[8.482099999415482,11.969099998166428],[8.482371439090684,11.969636884434694],[8.48298940643599,11.971659731311602],[8.485100001064268,11.97850000087436],[8.483559430023718,11.979745537626512],[8.483551221012078,11.97975656511346],[8.48265236031824,11.980962770015877],[8.481100930863306,11.98670985067912],[8.478292099900557,11.985068647300293],[8.475842421290736,11.983726288637342],[8.473209549880892,11.982530384569657],[8.47116782803289,11.981800073914314],[8.464237406830932,11.979599663993325],[8.463848886217193,11.979476307585575],[8.463819789551678,11.979465924013253],[8.463881281595945,11.980752253114021],[8.464910840762741,11.999122450940432],[8.464933331907789,11.999510214324973],[8.465740561577718,11.999484901107335],[8.465514513384107,12.0029708109542],[8.466307230694213,12.003690093223268],[8.4669302917996,12.004315206581563],[8.467382389985346,12.0048029961614],[8.467346697691994,12.005219402053795],[8.467172564662178,12.005334551248607],[8.467078652058206,12.005511363358776],[8.467209811883379,12.006235950728579],[8.467252482016477,12.006309644774316],[8.467278990433101,12.01055687030339],[8.468020200871651,12.021328410178056],[8.468425787919841,12.02261930333822],[8.468627433009658,12.023261092825239],[8.469041630167169,12.0239310167031],[8.470638486177222,12.022866197816823],[8.474157101668936,12.020657174189296],[8.474419237857603,12.020435935569992],[8.474609555086943,12.020358386130678],[8.474708336620495,12.020284208249679],[8.474980716986522,12.02008621530666],[8.475224694064423,12.019863794078903],[8.476409933071977,12.019164319377865],[8.477442548135116,12.018641375299294],[8.478303554565457,12.018332915931353],[8.478732873823105,12.018001291826181]]]}},{"type":"Feature","properties":{"name":"Unguwar Rimi","label":"Unguwar Rimi","lga":"Kumbotso","people":40739,"walk":29.04,"walk_clinic":34.85,"walk_school":23.24,"f15":0.0,"f15_health":0.0,"f15_school":8.53,"beyond":40739,"clinics":3,"schools":6,"off_pct":0.74,"hexes":217,"gini":0.11,"share":0.71,"rank":83.0,"of":88,"reading":"Almost nobody here is within a 15-minute walk of clinics and schools. Clinics are the weaker of the two services. That is 68 points below the city as a whole.","places":"Dantani, Garin Mai Unguwan Yanbarka, Garu, Gidan Gabas, Gidan Mai Unguwa Limawa, Gidan Makada, Layin Gidan Hazo, Sabuwar Unguwa and 66 others","place_n":74},"geometry":{"type":"Polygon","coordinates":[[[8.596149345815718,11.913810674323202],[8.6091408531679,11.911060298394087],[8.610537220616266,11.900071508393465],[8.611725619841536,11.89446065793305],[8.613066284181741,11.893601969055679],[8.613739948339969,11.892368592936236],[8.613200000779443,11.892299999845195],[8.612399998960825,11.891800001069269],[8.611699998156439,11.891199998581099],[8.610699999705275,11.890500002273313],[8.607700000754505,11.889199998980814],[8.606400001958548,11.88870000110421],[8.60559999924061,11.888199999630332],[8.605300001593832,11.888099997716779],[8.604619256173805,11.888031925333111],[8.603700000654555,11.888000000299828],[8.601700000154949,11.88730000039476],[8.600499998775945,11.886799998920878],[8.600200001129224,11.886799998920877],[8.5989999988509,11.886599998691052],[8.597096418265153,11.88609398165198],[8.595699998656073,11.885799999570393],[8.594146228265856,11.885411558096962],[8.592500001274061,11.885000002248374],[8.591435071771173,11.88481275080784],[8.591272279192367,11.885557984813204],[8.590522997338496,11.887234950632486],[8.58938123425662,11.888376717311703],[8.586883627177713,11.889625521300843],[8.583993538870743,11.889803921613746],[8.581721949408461,11.890223672984176],[8.580351116410952,11.893067748377915],[8.579566772688452,11.892802609352994],[8.579081906804618,11.892718880671852],[8.577878477209993,11.892180170578454],[8.576989895767099,11.892425943602461],[8.575449349008295,11.892806473739824],[8.568300001344028,11.895000000249867],[8.56580000026986,11.895599999140698],[8.564399998661031,11.896099999715261],[8.562800001319033,11.89649999927559],[8.561259823282285,11.897010044378076],[8.559300001793702,11.897599998740985],[8.556799999820157,11.898400000559601],[8.554757163712168,11.898924754074184],[8.553225758561952,11.890158605235513],[8.55154477187375,11.889964861589133],[8.545365099319952,11.890011378122667],[8.542828208954745,11.89091384419862],[8.541454876741227,11.8913506260306],[8.541928957055745,11.895703610932967],[8.542514897744413,11.902059599171196],[8.54390000208349,11.906599998291314],[8.54516042891072,11.909361150796538],[8.546300001244106,11.912399999560364],[8.547017313997912,11.914577779840728],[8.549750630687129,11.914099998815916],[8.552077534750481,11.914034691847577],[8.555690888423783,11.915029285373295],[8.557200000279863,11.915800001668797],[8.558600000989316,11.917100001364018],[8.562616114242303,11.9211095360763],[8.56593182019742,11.920657674412212],[8.570369347667338,11.919664965865532],[8.576799609114744,11.918119930590365],[8.578353228418791,11.917279304596265],[8.580138052629081,11.91634374976428],[8.582738951341582,11.915333034092269],[8.585655751311947,11.914132133391318],[8.586874917243676,11.913913654791372],[8.588203395770165,11.913679088219395],[8.589596498679498,11.913822252195247],[8.591213425759065,11.913957307883491],[8.593414191811576,11.914001656151584],[8.596149345815718,11.913810674323202]]]}},{"type":"Feature","properties":{"name":"Karo","label":"Karo","lga":"Ungogo","people":20928,"walk":30.22,"walk_clinic":20.24,"walk_school":40.21,"f15":0.0,"f15_health":8.69,"f15_school":0.0,"beyond":20928,"clinics":7,"schools":3,"off_pct":63.74,"hexes":205,"gini":0.11,"share":0.36,"rank":83.0,"of":88,"reading":"Almost nobody here is within a 15-minute walk of clinics and schools. Schools are the weaker of the two services. That is 68 points below the city as a whole. Some of the long walks sit off the mapped street network.","places":"Boyen Tsakiya, Cikin Gida, Karo, Minchika Cikin Gari, Muncika Kudu, Waceni, Bagujan Cikin Gari, Barebari and 19 others","place_n":27},"geometry":{"type":"Polygon","coordinates":[[[8.568516234336812,12.115063870201482],[8.567573814979653,12.113135658983536],[8.567363155984935,12.111826040139702],[8.567335261713026,12.11162249658099],[8.5659041345682,12.111574888270525],[8.565344992777227,12.111651866640385],[8.564406159017096,12.112802190368827],[8.563716887124713,12.112778950987831],[8.563075746048867,12.112388247719474],[8.561099999365524,12.111900002183404],[8.558821279178744,12.110041115205373],[8.555945354294693,12.108112266368037],[8.5538775413155,12.10734537039258],[8.550827246879976,12.10599407066985],[8.54857379404541,12.100300493373139],[8.539384565445403,12.0947558635923],[8.53539940685721,12.09341465875957],[8.530934995054054,12.091715586704993],[8.528834686871335,12.08975513299305],[8.527457214179151,12.089777860659808],[8.5255941012868,12.091488599619252],[8.523636367124709,12.093286208591678],[8.521214075569162,12.095510363312657],[8.520278801325675,12.09636912863243],[8.518283899082746,12.098144207789003],[8.517503613101326,12.099733069725458],[8.517866074959443,12.100017758213028],[8.518721722329644,12.100616185988258],[8.516643330625243,12.104946436029252],[8.512551459382394,12.109803314671296],[8.511723360944417,12.111011874898168],[8.510736849625971,12.113128527359718],[8.511273699022013,12.117826878008088],[8.51177282725422,12.118733173397288],[8.513365281082883,12.119151461570766],[8.514008683953648,12.119721328676405],[8.513353285026142,12.120277455040592],[8.513341512900524,12.121382326133473],[8.513246441070466,12.123055460840872],[8.514863983286261,12.12420284918221],[8.517352545883341,12.12573133513308],[8.518154715068079,12.127967952658935],[8.519046014262187,12.130407878121105],[8.51845181419992,12.131540692948647],[8.51699602584597,12.132092576311383],[8.515126668061328,12.132815154595733],[8.5203628528634,12.133825228151805],[8.528031350366575,12.133712158189606],[8.52928982296703,12.135417746731662],[8.533686898031988,12.13592895735553],[8.536301374708728,12.136579588077552],[8.53971182873795,12.135556372728447],[8.541114138906437,12.136323186865638],[8.541637035320946,12.137043525838125],[8.543063112772472,12.136625266442932],[8.545644497995227,12.13125382180647],[8.547412652372032,12.130862491710673],[8.550169737243607,12.130955441140772],[8.551358135569558,12.130444222422964],[8.551597884934495,12.129110445990364],[8.552712910272646,12.127818398100661],[8.553473484913468,12.127888109049024],[8.554614347773963,12.127981059378444],[8.555660138804399,12.127748685353597],[8.556099558347967,12.124883555032111],[8.556413845322766,12.124666209577978],[8.557512370799316,12.123906548648334],[8.557418969010257,12.122892000065804],[8.557267765994652,12.122119450951972],[8.557514040840374,12.12147448326084],[8.55811568638984,12.121552420307982],[8.560960396705013,12.12193924390101],[8.561500001623813,12.120599999590356],[8.564335448921895,12.118918285350622],[8.564528811255686,12.117573826770752],[8.56711630197583,12.115943768690045],[8.568516234336812,12.115063870201482]]]}},{"type":"Feature","properties":{"name":"Gayawa","label":"Gayawa","lga":"Ungogo","people":160489,"walk":21.27,"walk_clinic":21.19,"walk_school":21.35,"f15":4.41,"f15_health":3.71,"f15_school":21.88,"beyond":153418,"clinics":4,"schools":4,"off_pct":4.31,"hexes":240,"gini":0.15,"share":2.79,"rank":81.0,"of":88,"reading":"Almost nobody here is within a 15-minute walk of clinics and schools. Clinics are the weaker of the two services. That is 63 points below the city as a whole.","places":"Bakin Dinya, Dankunkuru Line Maigari, Gunde Dankunkuru, Jarkasa Gayawa, Katsinawa, Kuriwa, Rimaye Unguwar Arewa, Sabon Fagi and 51 others","place_n":59},"geometry":{"type":"Polygon","coordinates":[[[8.56015319671269,12.041398505636547],[8.560003411028617,12.04124494369927],[8.559150001171645,12.039842518417517],[8.557797999977765,12.039900557964417],[8.557667179196985,12.040303652991268],[8.55748178755448,12.040987058605936],[8.557286505168122,12.04274116916969],[8.555995084105916,12.043807407186138],[8.555901819913117,12.044013830374015],[8.555114261114284,12.045411484752263],[8.55490510218874,12.046015843556404],[8.554819537991307,12.046601607977893],[8.555808285024398,12.04748489870917],[8.555878887200947,12.048714741392246],[8.55561410970347,12.049119189898759],[8.55526200893462,12.04929484907808],[8.554966259685159,12.049390090880024],[8.554764232383492,12.0495876683363],[8.554645393270334,12.049796867731287],[8.554407713245439,12.049854977425301],[8.554229453226753,12.049820111608936],[8.553968005019442,12.049727135199191],[8.553694674070016,12.049796867731287],[8.553528297692822,12.049982820550781],[8.553590825756032,12.050125953050324],[8.553468877686612,12.050389594704084],[8.553219314020168,12.050622037077403],[8.552969751253045,12.050877724227634],[8.552803374875907,12.051040433169529],[8.55270830304579,12.051238008827111],[8.552850911240625,12.051342607175625],[8.55297176483515,12.051555894888681],[8.55311235764924,12.051621537304126],[8.553231197661717,12.051423961646549],[8.55319554583781,12.051168277194277],[8.553350037674136,12.051214764949462],[8.553599602239899,12.0512612527047],[8.553801630440944,12.051203143010696],[8.553968005019442,12.05115665525551],[8.554170033220487,12.051272876442166],[8.554041685575385,12.05181446256745],[8.553937107011905,12.052111987078602],[8.55368041262102,12.052502487100124],[8.553509284226152,12.052688440818937],[8.553281110934563,12.052800010711962],[8.553109981640375,12.052781417228688],[8.552862794882117,12.052539678563392],[8.55256807175914,12.052390916307784],[8.552282856268846,12.052372321025869],[8.552130741340704,12.052418808781058],[8.552026161877905,12.052539678563392],[8.551769468386283,12.052595465308512],[8.551455730897317,12.052669846436286],[8.551208544139058,12.052781417228687],[8.551046921578234,12.052892987121709],[8.550939102757411,12.053064942892833],[8.551090795004257,12.053266695901355],[8.551181809992613,12.053640532384689],[8.551133268185822,12.053854151947576],[8.550946079697894,12.054227319335382],[8.550860223220752,12.054364465947401],[8.55072673415151,12.054584020136472],[8.55065999006655,12.054702698270946],[8.550672124618927,12.054880713674038],[8.550775275058925,12.055100266963791],[8.550896628676526,12.055236746278863],[8.551060456375012,12.055349488887824],[8.55128496043261,12.055432562862563],[8.551430652402757,12.05550958170187],[8.551667223563584,12.055521572362748],[8.551794644906977,12.055491902829088],[8.551909696075654,12.055481742288633],[8.552043419867971,12.05548003537535],[8.552158705759723,12.055652117051633],[8.552273247912126,12.05595500691811],[8.552153493289154,12.056269053773859],[8.55168764087199,12.057301074385121],[8.550261561621824,12.060006620009576],[8.549400818692902,12.060623167325387],[8.548502732315285,12.061113001963516],[8.547998851166085,12.06168013782815],[8.547714592554428,12.062380739379648],[8.547251299607865,12.064618401917755],[8.546606000066902,12.065004236256527],[8.545127680098403,12.064878389626015],[8.542800002618094,12.0646924466991],[8.542093083329178,12.064566072166539],[8.542699999805222,12.066300001044281],[8.542922998397728,12.067114991863434],[8.544738155841287,12.072019191932212],[8.546170622975922,12.074200454387494],[8.548110090108594,12.07687793756679],[8.548735183681856,12.078990525992024],[8.547692344226334,12.081739802050265],[8.546312927199894,12.089087281153123],[8.552799999720264,12.090300000744488],[8.554699998306319,12.090300000744493],[8.55519999888088,12.090500000974314],[8.556200000929323,12.091099999865149],[8.55710000196359,12.091699998755985],[8.557799999170697,12.09239999956037],[8.558100000414754,12.093100000364757],[8.558400000759491,12.094199999830153],[8.5590999979666,12.095300001094245],[8.55923134125345,12.095584575367925],[8.559700001354031,12.096599999890145],[8.559953396132357,12.096853398265752],[8.560357144066984,12.097359187776362],[8.560787845582638,12.097931771733954],[8.561700000954318,12.099199999280588],[8.562100001413967,12.099499999625323],[8.563000000649538,12.100900002133415],[8.564551639646481,12.102451638432397],[8.565054992893636,12.102891243236344],[8.565938322295779,12.103976644006991],[8.565999999600365,12.104100001314064],[8.566321955993544,12.104985382069797],[8.566599999390519,12.105799998770976],[8.567186583993703,12.106543900880352],[8.567548592593539,12.10701227589584],[8.567999050415892,12.107655782188656],[8.568399998760981,12.108100001413959],[8.568992009873398,12.108415206596533],[8.569299999795192,12.108600002887894],[8.569699999355521,12.109000000649587],[8.569899998686026,12.10929999919563],[8.570403229625413,12.109151951001765],[8.570752800601326,12.108553811908964],[8.570990480626222,12.107368609773575],[8.570471401833801,12.105926248297747],[8.57103801699094,12.104696079160762],[8.572273951681552,12.10346438117631],[8.573985246422012,12.101000969918855],[8.575173643848643,12.10000165495245],[8.576290739426156,12.099002336388764],[8.577265225909514,12.098816415944894],[8.57788319325482,12.097607932160368],[8.57828724875759,12.096724806005055],[8.580378829919141,12.095795194792457],[8.585023042279602,12.09565313968068],[8.591471265886241,12.094257942250293],[8.59363313356232,12.09379017877376],[8.591682489655227,12.093394522039603],[8.591043326188583,12.092032620209293],[8.589649121609739,12.090952745772654],[8.588763692290627,12.087249304311968],[8.585224529988125,12.084635629830528],[8.582970793867105,12.083751693385977],[8.578461055333491,12.084004188842302],[8.575640866832602,12.079582716069527],[8.57554726539405,12.078459693060436],[8.581036169583626,12.076304120638726],[8.579354438256757,12.069875896155736],[8.58229279767454,12.069369832351926],[8.584135797229294,12.061171248354468],[8.587658110733287,12.055842624937215],[8.587717360767613,12.055563728083655],[8.587049515222986,12.055427642671646],[8.585208549934691,12.05565524669231],[8.581598488679333,12.055226329431603],[8.579079341938154,12.054230610854063],[8.577882513367342,12.054240111292128],[8.575884414034533,12.053591456380671],[8.571936624975308,12.05256635785116],[8.571388093385849,12.052748788925497],[8.570657076762757,12.052450794068932],[8.570382689109863,12.051989591146766],[8.569944464765285,12.05191475676065],[8.569736347254661,12.05239431214784],[8.569464705232008,12.052494269095291],[8.567487817308972,12.049441423283097],[8.565447822159342,12.04747268771439],[8.564874780446814,12.047113999411579],[8.564385330718496,12.047100924168378],[8.564354410227907,12.047085267870838],[8.56412710927873,12.047180800153852],[8.56369777293395,12.047205570180951],[8.563317975744042,12.046809259639645],[8.563070282667468,12.046388180869881],[8.562880383622883,12.045991871227898],[8.562566638939302,12.045744177252004],[8.5622611500321,12.045760689704139],[8.56194740534852,12.04581022885901],[8.562021712731905,12.044860736333986],[8.562137302594465,12.044695607316498],[8.562137302594465,12.04398555209161],[8.562199339627853,12.043868184269344],[8.562442792400986,12.04340760008074],[8.562731767956791,12.042829648069866],[8.562112534366008,12.042499390034887],[8.56178227633103,12.042416825076486],[8.561336426634853,12.042309490990247],[8.560799757103155,12.041863642193391],[8.560329139178464,12.041459075875707],[8.56015319671269,12.041398505636547]]]}},{"type":"Feature","properties":{"name":"Dan Maliki","label":"Dan Maliki","lga":"Kumbotso","people":259179,"walk":11.25,"walk_clinic":14.2,"walk_school":8.3,"f15":80.11,"f15_health":55.91,"f15_school":89.48,"beyond":51540,"clinics":10,"schools":46,"off_pct":0.0,"hexes":144,"gini":0.19,"share":4.51,"rank":64.0,"of":88,"reading":"About half the people here can walk to clinics and schools in 15 minutes. Clinics are the weaker of the two services. That is 12 points above the city as a whole.","places":"Bubbugaje, Cika Sarari, Lungo, Ruga, Aci Lafiya Layin Solar, Babban Layi Layin Dauda Mai Rini, Babban Rijiya, Baranda and 84 others","place_n":93},"geometry":{"type":"Polygon","coordinates":[[[8.53951761474616,11.95312798287017],[8.538939606078031,11.951735820651662],[8.538428022235507,11.950498846344715],[8.538052269296827,11.94971702791855],[8.53776119292479,11.949587587597136],[8.537406609127743,11.949307995567604],[8.53690214521788,11.948627269033295],[8.53635873256951,11.948656649884525],[8.535543380222862,11.948369858782032],[8.53565727756137,11.947703494420805],[8.535676026627357,11.947093000441667],[8.535809870029539,11.94565296371337],[8.534968345612697,11.944532871594788],[8.535054956621025,11.942023120970305],[8.535055283974202,11.942013643015288],[8.535035030342442,11.941822512798748],[8.534906430887133,11.940527909035834],[8.534919009704595,11.938411452626497],[8.535356859931198,11.93470785288514],[8.535358763795955,11.934689647908957],[8.53357627332639,11.934501102344024],[8.531255642034296,11.934998253866352],[8.531237774303918,11.935002082280336],[8.531205309677375,11.93500903673771],[8.52962968576145,11.935082356665475],[8.5286014728797,11.936747859725983],[8.528092815431137,11.938428905769456],[8.526760951856488,11.940471958614069],[8.525056771652714,11.941917262671607],[8.522979899802579,11.941461738068822],[8.52125935463556,11.94062571840226],[8.520019195829263,11.940108711647783],[8.518609157786443,11.93925777312779],[8.516485767604138,11.92979659223897],[8.515081713650204,11.921110762751539],[8.50675331071676,11.910041008585722],[8.501828471207034,11.911675961676336],[8.509201132226508,11.926100054873704],[8.50995273433125,11.937388356887196],[8.508735840087013,11.938123655182608],[8.507257664909332,11.938976449003972],[8.50564310574481,11.93959157089432],[8.503429616983283,11.940631558599595],[8.50339273039026,11.940598650607283],[8.502116203000412,11.939459801328836],[8.502073906085968,11.939436571840359],[8.497179687592563,11.936746791331416],[8.49147717193398,11.93324794563625],[8.491208905966289,11.936015387999817],[8.491234417034775,11.940693244897371],[8.491901565604792,11.941774344210671],[8.49203835068937,11.943672513575677],[8.492306802816756,11.943598303319108],[8.492758394684188,11.943598303319108],[8.493061435636776,11.943609928855208],[8.49345955021812,11.943638996742378],[8.49383983663921,11.943737824141296],[8.494226066679687,11.943807583653097],[8.49459447035855,11.943900596935064],[8.495056762359752,11.943912467986083],[8.495390696823222,11.943929663922917],[8.495735333219102,11.943964544128447],[8.496085911435728,11.944005236652401],[8.49641866239142,11.944022678104147],[8.49668605241942,11.94420870466803],[8.496864312438106,11.944342412272531],[8.497107934283804,11.944534252054153],[8.49732184522702,11.944749344706565],[8.497253709890856,11.945303550118808],[8.496768844007022,11.946270885193258],[8.497054058597996,11.946363896676532],[8.497248956973806,11.946196474387817],[8.497786113038728,11.946377848758743],[8.497700547941974,11.946563875322623],[8.497748084306693,11.946605731569322],[8.497767098672739,11.946768504363035],[8.498375559284684,11.946940576146746],[8.498275139186376,11.947017892661675],[8.498209777359364,11.947107999334772],[8.498188979637746,11.947206824935051],[8.498183037817,11.947282396765278],[8.498374016048047,11.947404867340822],[8.49829623278498,11.947613172809723],[8.498378232969117,11.947717811627738],[8.498199972950431,11.947923600793613],[8.498146494764967,11.948073585227805],[8.497939713646929,11.94842586676037],[8.500163326076688,11.950240642891401],[8.500968607815025,11.95080944340117],[8.500175020860581,11.95108776918522],[8.50001670510693,11.951448737269459],[8.499760010715988,11.952318388882587],[8.501214611065507,11.953397310937193],[8.501503629788715,11.953112525322807],[8.502350086087631,11.95249169993207],[8.502391201292937,11.952524312047386],[8.510901734927188,11.959274721351337],[8.510949271291906,11.95930262371718],[8.511615298407321,11.959006281814482],[8.51516233787163,11.955975097073122],[8.516608153643404,11.955246871046311],[8.516715406790638,11.955197786049041],[8.518848516845651,11.9527263186647],[8.520271419690289,11.951028664841033],[8.521398671311658,11.951692470631087],[8.522390363624424,11.952593085902267],[8.524085052383327,11.953912287022492],[8.524645976630552,11.95473077620443],[8.525791593307419,11.95562367079583],[8.525496870184442,11.95605616376099],[8.526300391949576,11.956705351071152],[8.526343009922016,11.956739783414319],[8.52680886233918,11.956121271079839],[8.5271834506558,11.95614130257911],[8.527612794195136,11.956268693345576],[8.527664508810062,11.956284036678992],[8.527595707975593,11.956490816897714],[8.52814416042469,11.956769112104892],[8.528130089631986,11.957097055284919],[8.52778900825615,11.957509356671496],[8.528367491766403,11.957980343318242],[8.528790788264303,11.958343484164514],[8.529136716985931,11.958615585740747],[8.529386154747272,11.95881479007056],[8.529496411630134,11.958801256173102],[8.529584688182865,11.95866538659834],[8.529823943820022,11.95874008878411],[8.530129377868548,11.958819769616694],[8.53036354514154,11.958904430894847],[8.530628254290548,11.959058813913202],[8.530806424377033,11.95915343608226],[8.530974413238653,11.95921319693156],[8.531162763650684,11.9592580173437],[8.531218759937872,11.959347659067248],[8.532014525949648,11.958492151991264],[8.533284549442442,11.956888170652576],[8.533539360653037,11.956407660185393],[8.53488096028815,11.957457053899985],[8.53560004470637,11.95801904204518],[8.53596369456892,11.958298069300497],[8.5361552744464,11.95810571600606],[8.536966188638758,11.956984257817284],[8.5375730241758,11.956021206213732],[8.538164847329881,11.955121338279186],[8.538150585880885,11.955016702159128],[8.539321058919768,11.953318809115782],[8.539416601095297,11.953203553801014],[8.53951761474616,11.95312798287017]]]}},{"type":"Feature","properties":{"name":"Hotoro North","label":"Hotoro North","lga":"Nassarawa","people":181006,"walk":13.07,"walk_clinic":14.96,"walk_school":11.17,"f15":70.14,"f15_health":46.45,"f15_school":85.66,"beyond":54044,"clinics":7,"schools":19,"off_pct":0.0,"hexes":113,"gini":0.16,"share":3.15,"rank":67.0,"of":88,"reading":"About half the people here can walk to clinics and schools in 15 minutes. Clinics are the weaker of the two services.","places":"Babban Gida Zango, Bayan Makabarta, Cikin Gari A Layin Gidan Dabino, Cikin Gari A Layin Gidan Mai Unguwa, Cikin Gari A Layin Gidan Ubaru, Cikin Gari A Layin High Tension, Cikin Gari A Layin Muntari Paris, Cikin Gari B and 80 others","place_n":88},"geometry":{"type":"Polygon","coordinates":[[[8.598800000419715,11.970300001344015],[8.596829228785907,11.97072009265821],[8.594910086331481,11.971122792882621],[8.594852609760153,11.970773668869754],[8.594891071965435,11.970448510890094],[8.594886318149122,11.969964886969992],[8.595114491440654,11.969546365872135],[8.594800753951688,11.969434760006207],[8.59442522044759,11.96932780363528],[8.593783484020605,11.969206897880095],[8.593511675623404,11.97075340084882],[8.593258410347403,11.971552239844018],[8.593222757624233,11.971714998248615],[8.593041775357676,11.971721780036146],[8.59243544434031,11.971892286100173],[8.592200734776156,11.971956226098996],[8.591883641017262,11.972030904003077],[8.591239964752617,11.972226906746416],[8.59076460470277,11.972331535671858],[8.589946851166303,11.972579503041686],[8.58925467356437,11.972792395053034],[8.588774250331426,11.972940158161807],[8.588394784991408,11.973056868579645],[8.587903535719647,11.973223790845338],[8.585844061254477,11.973691583100107],[8.584938684073052,11.973802293241306],[8.582861662935443,11.973999746591062],[8.581063233781265,11.974152019799929],[8.579982123676132,11.974370975939848],[8.57977785976044,11.974387494687162],[8.579506904819823,11.974453760332834],[8.578092569816306,11.97482436555208],[8.577852153154367,11.974889244443151],[8.57743552602875,11.975011777971249],[8.57717883163781,11.975081530288433],[8.576979181244269,11.975133843851834],[8.576669008667864,11.975217547351972],[8.575682497349419,11.97557768985854],[8.575618066320772,11.97560073318732],[8.575654887263283,11.975810596282033],[8.575625454251337,11.976163607164779],[8.575482846056559,11.976519341194715],[8.576167364132573,11.976777423239522],[8.57666649056614,11.976979703250777],[8.577029312153059,11.977148062633036],[8.577436573738908,11.97746098893356],[8.582293968591841,11.9812645654074],[8.58199983992074,11.982816511073167],[8.583154246571269,11.983906757390965],[8.582899999235622,11.984499997876641],[8.582800000919349,11.984900001933568],[8.582699999005797,11.985499999925082],[8.582699999005797,11.986521577608753],[8.58199999910073,11.986799999620358],[8.581974944887861,11.988497180400596],[8.581963061246313,11.990787255427561],[8.58166077302633,11.992282548301034],[8.5792275690971,11.99190384828404],[8.579090007897605,11.992366528792331],[8.578892441233222,11.992943088652682],[8.578091058955238,11.992796624164896],[8.577003674280206,11.992686190115649],[8.576772270623849,11.992644302392705],[8.576397561798103,11.992576472825986],[8.576047013259085,11.992500195927335],[8.575500349561537,11.992721064025945],[8.574050453565633,11.992891642935035],[8.572977586646346,11.99301786458284],[8.565239292759202,11.992987596100704],[8.565225032209526,11.993747845186931],[8.565426676400023,11.994408719187106],[8.5653625025775,11.994903922777837],[8.565141460010409,11.994966696356014],[8.565048765088477,11.995950128395746],[8.566246671047054,11.996535999836567],[8.566687119415064,11.997118402592264],[8.567763807553717,11.997202098897787],[8.567758103154006,11.994914275773283],[8.568439084196427,11.994914275773283],[8.568403432372577,11.996239177695939],[8.570530666257298,11.99630892461721],[8.570590086263508,11.99461175013221],[8.572075583721244,11.99451875303805],[8.572085300895992,11.993850760903966],[8.573786764247814,11.993928289658864],[8.573786877562384,11.994727994701233],[8.575102746694427,11.99477712196665],[8.575146614724531,11.993990253847185],[8.575131918003649,11.993500627851745],[8.575900591039499,11.993631437840632],[8.5759259815988,11.993773173693057],[8.576271797005859,11.99382249611136],[8.576404009937164,11.994022647427302],[8.57643371724231,11.99437233621438],[8.578893702082723,11.994895440372316],[8.579321524868533,11.993058761252883],[8.580776339256715,11.993570077097447],[8.581306045337783,11.994028383303318],[8.582009576880523,11.994828151298181],[8.582560994394441,11.995553520178875],[8.583245510671816,11.99637188165707],[8.583587770159511,11.996855458812433],[8.58381594255178,11.997153043578123],[8.58381594255178,11.997748214008935],[8.584576518091865,11.99780401064663],[8.585848103707065,11.997953540023902],[8.585859988247933,11.998382905147025],[8.585999999200624,12.002399999560398],[8.586800001918618,12.00209999831634],[8.587400000809453,12.001899998985834],[8.588113025595703,12.005242708883937],[8.586389384062898,12.00543794360624],[8.586794470188693,12.011142164379407],[8.590654527684364,12.010725523763938],[8.596115687788824,12.01103599671393],[8.596225614620494,12.01065326683482],[8.597535714601577,12.006091878437472],[8.598074911228196,12.0043597167276],[8.598738441825674,12.003306353405547],[8.59903447526085,12.003047071665092],[8.599700738898036,12.002463523173104],[8.59972596308279,12.002392576556192],[8.600432841002885,12.000404378759129],[8.601005621911952,11.998645651975325],[8.601276653294974,11.99856493512368],[8.601370300598944,11.99827739038932],[8.601318228053856,11.99676196888981],[8.602141034880901,11.99173669399329],[8.602809742875365,11.989219729906665],[8.6036124129825,11.98603797707102],[8.603804176321717,11.985277831406846],[8.60383832717713,11.983981597173],[8.603871038217903,11.982739982364365],[8.603871038217903,11.982676188954997],[8.60359780259654,11.980934366727697],[8.603134560011995,11.980179325615438],[8.602671351601657,11.979424340261117],[8.601882183915677,11.978233101876187],[8.601462499994454,11.975995013059446],[8.601325964921386,11.974965006929551],[8.600981389679418,11.973350239122283],[8.59972889397335,11.972085505441779],[8.598800000419715,11.970300001344015]]]}},{"type":"Feature","properties":{"name":"Tudun Wada","label":"Tudun Wada","lga":"Nassarawa","people":30439,"walk":9.69,"walk_clinic":10.06,"walk_school":9.32,"f15":85.64,"f15_health":86.38,"f15_school":82.03,"beyond":4371,"clinics":8,"schools":14,"off_pct":0.0,"hexes":49,"gini":0.28,"share":0.53,"rank":60.0,"of":88,"reading":"Most people here already finish inside 15 minutes. Clinics and schools are about even. That is 18 points above the city as a whole.","places":"Police Barrack, Block 21 To 28, Block 31 To 35 Inspectors, Block 47, Bompai Madaka, Bompai Road, Court House Close, Dan Sokoto and 43 others","place_n":51},"geometry":{"type":"Polygon","coordinates":[[[8.542615313346062,12.009516530063873],[8.542919980272927,12.01139685058422],[8.543276500310299,12.013210158122375],[8.54356753891085,12.01455643872873],[8.544573507961047,12.02027160155319],[8.547433316994045,12.020206371027255],[8.550475618255234,12.019683315432701],[8.551513333373691,12.019943631393518],[8.551782855694285,12.021043254942299],[8.551866043882855,12.021763905080205],[8.551692010677812,12.02308896438427],[8.5517110250438,12.023907243124825],[8.554884576961683,12.023800308337629],[8.554871377612017,12.026013347438095],[8.55600008703442,12.025934331204496],[8.555994145213674,12.026201663675863],[8.55602450182937,12.027563533130603],[8.558192699833285,12.027532223233552],[8.560065929199311,12.028055423618978],[8.561695137420713,12.028360212853611],[8.561172735633306,12.026709886751917],[8.56021829413902,12.024597803745678],[8.559727055659152,12.023054982601423],[8.559260079988746,12.021628717191618],[8.558949880432692,12.020369762554536],[8.564120406631504,12.020511267281222],[8.564132982751005,12.02051007837747],[8.564914269677843,12.018292069623381],[8.56570540418113,12.016523803730593],[8.564026876239382,12.016116531352905],[8.562750292192277,12.016004104405965],[8.562521174612584,12.015616257384407],[8.562509290971036,12.015407031009712],[8.56249146460948,12.015133876327354],[8.562395232653898,12.014913931832549],[8.562392621022695,12.014904976383603],[8.562283098885928,12.014668155211266],[8.562057700002924,12.01440739858265],[8.56148726812296,12.013925014827635],[8.560895050166494,12.013431394942986],[8.56032461828653,12.01298504522373],[8.5602394497908,12.012193078847586],[8.560263217973159,12.011943168042817],[8.560227566149308,12.01165257280803],[8.560204176581522,12.01128558376274],[8.5599464425743,12.01024359326726],[8.559732530731765,12.00951128971428],[8.55956615525389,12.00906958229541],[8.55944731524147,12.00856975529001],[8.559435430700603,12.008279154659304],[8.559482967065321,12.00767471041962],[8.55953050343004,12.00693077593462],[8.55964678756925,12.006403655404426],[8.558165428791542,12.007008269615994],[8.557366825418683,12.007305842690526],[8.556777380072106,12.007529022946075],[8.556283005656212,12.007622014644308],[8.553214058382139,12.007778593807132],[8.55099200357813,12.008068000138167],[8.549800000769494,12.008299999145718],[8.544741278287404,12.009054083379281],[8.542593135165077,12.009365179559438],[8.542615313346062,12.009516530063873]]]}},{"type":"Feature","properties":{"name":"Dakata","label":"Dakata","lga":"Nassarawa","people":55784,"walk":10.62,"walk_clinic":13.51,"walk_school":7.72,"f15":97.44,"f15_health":63.25,"f15_school":96.49,"beyond":1426,"clinics":4,"schools":17,"off_pct":0.0,"hexes":54,"gini":0.15,"share":0.97,"rank":51.0,"of":88,"reading":"Most people here already finish inside 15 minutes. Clinics are the weaker of the two services. That is 30 points above the city as a whole.","places":"Dakata A Layin Ammani Inuwa, Dakata A Layin Biredi, Dakata A Layin Garba Ubale Street, Dakata A Layin Yar Kwana, Dakata B Layin Adamu Principal, Dakata B Layin Alhaji Zubairu, Dakata B Layin Ali Sango, Dakata B Layin Awafe Street and 70 others","place_n":78},"geometry":{"type":"Polygon","coordinates":[[[8.590872817426657,12.023949931244376],[8.589871887277809,12.023875987187125],[8.588199999030792,12.023699998855934],[8.586742578407325,12.023442793650075],[8.584589572650714,12.022922957628452],[8.584812686356429,12.021993590132126],[8.583237972554457,12.021512957357118],[8.58475653718449,12.018076426585877],[8.582492111721649,12.017202139866924],[8.582805649561124,12.01639491919019],[8.582087684798864,12.016301606434013],[8.580961504270078,12.016126892442172],[8.578422146165167,12.015697852873643],[8.57476220131457,12.015009893092152],[8.573254888102667,12.014666102059037],[8.573039660551956,12.014964891016973],[8.571382486112896,12.014429560575817],[8.56951252758114,12.013809480723012],[8.56799587670838,12.013346789422828],[8.565651068941747,12.013053605939204],[8.56386788509485,12.01304453537705],[8.562407240401853,12.012894998805224],[8.561606108135436,12.012617345713975],[8.560982198969327,12.012198891165953],[8.560708867120582,12.012100088947989],[8.560441477991844,12.012012911366808],[8.560263217973159,12.011943168042817],[8.5602394497908,12.012193078847586],[8.56032461828653,12.01298504522373],[8.560895050166494,12.013431394942986],[8.56148726812296,12.013925014827635],[8.562057700002924,12.01440739858265],[8.562283098885928,12.014668155211266],[8.562392621022695,12.014904976383603],[8.562395232653898,12.014913931832549],[8.56249146460948,12.015133876327354],[8.562509290971036,12.015407031009712],[8.562521174612584,12.015616257384407],[8.562750292192277,12.016004104405965],[8.564026876239382,12.016116531352905],[8.56570540418113,12.016523803730593],[8.564914269677843,12.018292069623381],[8.564132982751005,12.02051007837747],[8.566208921104874,12.020652713551954],[8.567217946051414,12.020699999905101],[8.568108941274659,12.020751117370198],[8.571294148406253,12.02134160233311],[8.572500001673802,12.021600000939316],[8.574140083598024,12.021702994897336],[8.576499999075736,12.021899997686775],[8.577199998980802,12.021899997686774],[8.577500001124179,12.02540000170876],[8.577736449077918,12.02681869662558],[8.578077470199162,12.02868734844242],[8.578498825960082,12.030395697003884],[8.57892764609403,12.032333637087731],[8.579291808570133,12.032976516553047],[8.580573340687181,12.034255980229373],[8.582955732920766,12.036631289402518],[8.584449251431863,12.037995406263063],[8.585505245270895,12.038752136302094],[8.586834076331627,12.039821431114204],[8.587124649982684,12.038955314736029],[8.587484196238734,12.037815753194476],[8.587648863004688,12.03743357999576],[8.587839414957102,12.036880696586934],[8.588279303047443,12.035510227814827],[8.58850827223904,12.035598239966875],[8.588979864129499,12.03430038605404],[8.590386979375637,12.031436300744756],[8.590467520859479,12.031456421276857],[8.590775519774468,12.029664645307209],[8.590858707963037,12.028281503288781],[8.590872817426657,12.023949931244376]]]}},{"type":"Feature","properties":{"name":"Chiranchi","label":"Chiranchi","lga":"Kumbotso","people":173257,"walk":14.73,"walk_clinic":18.67,"walk_school":10.78,"f15":56.02,"f15_health":31.23,"f15_school":78.99,"beyond":76200,"clinics":5,"schools":20,"off_pct":0.0,"hexes":150,"gini":0.21,"share":3.01,"rank":69.0,"of":88,"reading":"About half the people here can walk to clinics and schools in 15 minutes. Clinics are the weaker of the two services. That is 12 points below the city as a whole.","places":"Bakin Masallaci, Chiranchi Tudu, Gaidar Makada, Gidan Kuka, Unguwar Kudu Fandanka, Asibiti, Baban Hanya, Chiranchi Middle and 46 others","place_n":54},"geometry":{"type":"Polygon","coordinates":[[[8.45967203893349,11.931402777816002],[8.459433482968905,11.93166715421586],[8.457512123685603,11.933905411205783],[8.456581477353325,11.93621771927235],[8.45681902068128,11.936599289925313],[8.457278173149234,11.937000922654533],[8.4583198821569,11.937634168582065],[8.459168769323298,11.938345648333042],[8.459689869791703,11.939129107122653],[8.46222871618238,11.942016152123758],[8.463049510326698,11.943118963769221],[8.464288810280436,11.944358786229033],[8.464903033748044,11.94537165307935],[8.466946689138467,11.947952415071937],[8.468149155559104,11.949102379970896],[8.469448425004884,11.949895149441657],[8.469541503037988,11.950227674667472],[8.470036621193174,11.950771577446403],[8.470260960674864,11.950908912016702],[8.470707343669005,11.951382400577357],[8.470760129376515,11.951501928571192],[8.47115824305854,11.951862347169651],[8.47188702936296,11.952485204128893],[8.471897270842419,11.95265082687422],[8.472050630432307,11.952817085440186],[8.473533464098125,11.95450699160443],[8.473925975903114,11.954814125371627],[8.475870632124042,11.95664528535167],[8.477028683726815,11.957788784125116],[8.476972312422333,11.957974408692055],[8.47728261540044,11.95821217505187],[8.477825281611501,11.958737326966116],[8.478051637373198,11.958779754282261],[8.478564053987952,11.959587646752539],[8.479169758177818,11.959687865402714],[8.479501609811507,11.960693746319409],[8.48007577477722,11.962434107148399],[8.480345092052403,11.962449410911631],[8.480602146172146,11.962370301148551],[8.480888630605875,11.962507331747986],[8.480981220307115,11.96231504410406],[8.481391635815385,11.962446891910586],[8.482788960142443,11.962827544355715],[8.48277072099205,11.96299059863725],[8.483547907909667,11.963197200790205],[8.484322354593019,11.963445240105786],[8.485175905643587,11.963622322911933],[8.485928660679178,11.963924077833951],[8.486548622720818,11.963438883697561],[8.486795409280774,11.963054476582897],[8.487170773712307,11.962244521067817],[8.486715151083388,11.961230135262554],[8.486422178041153,11.960724691091684],[8.485967048240752,11.960031287713834],[8.48567089429639,11.959473580341523],[8.485155917311772,11.958634598308093],[8.48483793412339,11.957648483590674],[8.484834442955218,11.95723299590611],[8.484703373062246,11.9568296193915],[8.484059732770504,11.955757080724764],[8.483115687439067,11.953951297814172],[8.482294492197127,11.953965892012375],[8.481400002208376,11.953600001039261],[8.480887981295325,11.953460100703122],[8.48030000184366,11.953400000809436],[8.480684139161724,11.952623541443359],[8.480816352992349,11.9522213583291],[8.480798240646322,11.952110953058083],[8.480878965591842,11.951789651371369],[8.480900000734493,11.951499998626105],[8.481163938265183,11.950703005039712],[8.481392682626279,11.950516291393797],[8.481305678614206,11.950403686381092],[8.48073129691187,11.949349736701034],[8.480599998591117,11.949000001149157],[8.480512020613332,11.94879181978672],[8.480400000159932,11.94860000158883],[8.48030000184366,11.948300000344771],[8.480099998016556,11.947966110847402],[8.479849733778224,11.947763927063646],[8.479601760113212,11.947497922890872],[8.479263940578448,11.947126209706878],[8.47887595955791,11.94662404086682],[8.47865709424957,11.94631936404744],[8.478372269065005,11.945790218244042],[8.47794127437038,11.944864151259592],[8.477073716378982,11.943683325225322],[8.474425657218376,11.944431457745623],[8.474036901881561,11.943165340008475],[8.472705485269955,11.938838459727208],[8.473128413945176,11.938306390227751],[8.473578763848934,11.937957398415277],[8.475279573393664,11.937032332376305],[8.476351186658007,11.936144154728993],[8.47729181456566,11.9356761052681],[8.477600001438987,11.935500000025057],[8.47824402304326,11.934955979434957],[8.478395905047023,11.934577551912525],[8.478497032911775,11.934013971067941],[8.480280431696599,11.934730586847136],[8.480913259439433,11.934317179294455],[8.481599017680594,11.932813641436441],[8.48376446285971,11.930119421873883],[8.485357316886734,11.928353007685192],[8.485452079350011,11.928247920105493],[8.486573130145871,11.92734582634887],[8.488347520421769,11.926419609177687],[8.48753676361082,11.924337710117301],[8.485685637782012,11.9251586742335],[8.482716510758394,11.926501653428602],[8.479900005880609,11.928757368957461],[8.479028202189852,11.929602791036015],[8.473186020918206,11.92480740443824],[8.470017170655922,11.922108246698258],[8.472022013105459,11.921260900070534],[8.476660137955037,11.919384177737639],[8.480989414929583,11.917148309347056],[8.481602080771438,11.91956688940047],[8.486990801384422,11.919166376327269],[8.487548944927937,11.917882680441378],[8.489877146713013,11.918665508806214],[8.492545493679643,11.917080770261407],[8.491973230780049,11.916315046102568],[8.492395027208772,11.915851396125106],[8.491114594063333,11.914439627786635],[8.490647820740378,11.91314563016675],[8.491556913920476,11.912905933861794],[8.494389622782933,11.909087682250798],[8.495594389669407,11.908162040645719],[8.495714021085234,11.907349841322173],[8.495534046958767,11.906836420164723],[8.496265187688323,11.906177274661559],[8.497005309947156,11.903897049908945],[8.496648661306722,11.903060793720726],[8.495737729912378,11.902768095870954],[8.495140414598495,11.903355262335536],[8.49377740210548,11.903269961639467],[8.489171570111921,11.905376315064926],[8.486811294905408,11.905532113616175],[8.477068452647018,11.90603954079222],[8.474356202576757,11.908024269004843],[8.472594612351543,11.907582146099232],[8.470288184951812,11.908684631290726],[8.46381964566018,11.910866549351791],[8.467338442814935,11.922142775268922],[8.467434341121987,11.922692940926538],[8.46592379394798,11.924359281255871],[8.464698465861545,11.925529533960855],[8.462489970136064,11.92801129768327],[8.460579764244756,11.930369858782],[8.45967203893349,11.931402777816002]]]}},{"type":"Feature","properties":{"name":"Dala","label":"Dala","lga":"Dala","people":16993,"walk":4.73,"walk_clinic":6.18,"walk_school":3.28,"f15":100.0,"f15_health":100.0,"f15_school":100.0,"beyond":0,"clinics":5,"schools":12,"off_pct":0.0,"hexes":14,"gini":0.2,"share":0.3,"rank":1.0,"of":88,"reading":"Most people here already finish inside 15 minutes. Clinics and schools are about even. That is 32 points above the city as a whole.","places":"Aikawa Layin Goburawa, Dala Layin Asibitin Mai Unguwa Garba, Dala Layin Baba Dala, Dala Layin Bala D P O, Dala Layin Mai Unguwar Dala, Dala Layin Makarantar Malam Abdurrahman, Dala Layin Masudu, Dala Layin Sarkin Guragu and 55 others","place_n":63},"geometry":{"type":"Polygon","coordinates":[[[8.502838420656644,12.00797618295451],[8.502789940903085,12.008835933931262],[8.502365475286524,12.008654207925417],[8.5010880341855,12.009837547564816],[8.499697864864629,12.010944639983222],[8.499010279201059,12.011553275063646],[8.499063481294684,12.011894332157738],[8.499192938703231,12.01209570655169],[8.498612355276009,12.01244213259838],[8.497400194163674,12.013184002239937],[8.496113943303897,12.014364571068139],[8.496730147078665,12.015486765801652],[8.498980140221363,12.014041664091561],[8.499658410707127,12.013699829983238],[8.499950484427359,12.0135135291261],[8.50037918675014,12.013339128098323],[8.50214004402784,12.012316096210894],[8.503538186737956,12.011760523829137],[8.504145203038718,12.01176027831423],[8.504685193766704,12.011501962445664],[8.505159123894487,12.011310760283434],[8.50595306787983,12.01100927156068],[8.506099586326911,12.010871117707948],[8.506930487052387,12.010575963809739],[8.508145349728181,12.010036405655624],[8.508229188126563,12.00972356838804],[8.508276772155341,12.009578049087734],[8.508670804713915,12.008373032189752],[8.50881968478069,12.008073759396552],[8.509099971086869,12.007400028688437],[8.509376593554975,12.007213529081127],[8.509646741803751,12.006935732098382],[8.509724356893628,12.006851626601359],[8.51010000011496,12.00640000325757],[8.510184908706606,12.006336330357383],[8.510349883040703,12.006329777897008],[8.510363461004943,12.006216539761565],[8.510285389958824,12.006195220433142],[8.510160751117837,12.006187624759148],[8.510290552966694,12.00511648363886],[8.510042671032465,12.004990531787653],[8.509776313426187,12.004862594233371],[8.509587763364664,12.004700245020329],[8.509500030901734,12.00449391985859],[8.509490493591443,12.004481403993623],[8.50949489487357,12.003017546922308],[8.508791561181624,12.002952704004143],[8.508492328857926,12.00298348959643],[8.508302375853987,12.003002324098022],[8.507989176159583,12.003018546968406],[8.507911895617553,12.00296714172026],[8.50768321420901,12.002961964323216],[8.507571575068198,12.003296298985045],[8.507519992653613,12.003412393367284],[8.507442531347806,12.003616836248055],[8.507317618213563,12.003855040577719],[8.507293901292542,12.003938030016114],[8.50728012457813,12.004081829812662],[8.507290238353846,12.004243698787715],[8.50720002915807,12.004300008938287],[8.50685189709742,12.004368146972467],[8.50670354942929,12.004691714950749],[8.506596868250938,12.00476290258592],[8.506479322362907,12.004908174572618],[8.506527166295712,12.005109246794344],[8.50662090263262,12.005168066952763],[8.506675249563159,12.005226400577953],[8.506638055401993,12.005433046797748],[8.506520038269173,12.005513978587317],[8.506555425692397,12.005702616782402],[8.506307884601258,12.005794451952454],[8.50598824036507,12.00586513416863],[8.505868301381042,12.005991295561898],[8.505495339038703,12.006097671870123],[8.505303213272725,12.006230142007494],[8.504779580313425,12.006568844676508],[8.503348545798815,12.007676241965044],[8.502838420656644,12.00797618295451]]]}},{"type":"Feature","properties":{"name":"Rijiyar Zaki","label":"Rijiyar Zaki","lga":"Ungogo","people":128732,"walk":21.16,"walk_clinic":19.71,"walk_school":22.61,"f15":24.71,"f15_health":28.26,"f15_school":17.34,"beyond":96926,"clinics":9,"schools":7,"off_pct":0.63,"hexes":358,"gini":0.2,"share":2.24,"rank":78.0,"of":88,"reading":"Most people here walk longer than 15 minutes. Schools are the weaker of the two services. That is 43 points below the city as a whole.","places":"Bajakawa, Bajallabe, Dausayi, Layin Alhaji Isiyaku, Rijiyar Dinya, Zakara Cikin Gari, Abdu Kafinta Line, Abdullahi Dutse Line and 90 others","place_n":98},"geometry":{"type":"Polygon","coordinates":[[[8.387695256730751,12.022203651077687],[8.392202290103626,12.021696964043713],[8.39776461494506,12.019721767745407],[8.402270498085045,12.01847670583538],[8.405501583231512,12.016332828197505],[8.408697951849035,12.017594232587838],[8.411855208950783,12.017704416625575],[8.414569663259385,12.017556843273725],[8.418729058299448,12.019649071947185],[8.42087629220714,12.021729607635336],[8.42290622124517,12.02327362217994],[8.4302199955564,12.02220048996071],[8.432336808996581,12.021462820153088],[8.43345328224325,12.021774150156944],[8.434588410127049,12.021485152118142],[8.435603760005563,12.021515471861562],[8.436893634233856,12.022063522313774],[8.438744858088796,12.022830522610606],[8.44085555703839,12.022852418404456],[8.442401300979327,12.02192645034546],[8.443670015059183,12.02154803091696],[8.4459431477581,12.0211586172764],[8.451638629818945,12.012981876912134],[8.451474622256058,12.007998612046379],[8.447991091116023,12.00759886339688],[8.447553270567028,12.004762544655762],[8.448390840664786,12.000422409266832],[8.450221440367216,12.00031771199286],[8.452978441601829,11.999984587818517],[8.455437217753456,11.99973712496842],[8.457198019273221,11.999689536442984],[8.45961555161648,11.999537248845002],[8.460845256703294,11.999529396864206],[8.46069297180327,12.00036696696202],[8.460559721953643,12.001242609858593],[8.461768488125301,12.002794016830476],[8.46229196909917,12.003631587827556],[8.462396666373081,12.004031338275693],[8.462396666373081,12.004316872125969],[8.461035614402135,12.00550660414649],[8.459177651027801,12.00682125469717],[8.458850475868815,12.007017562310692],[8.45899324324364,12.007529145253898],[8.459594056920253,12.007362582717061],[8.460435197326547,12.007105602341708],[8.46216982407816,12.006743922893744],[8.462655234051851,12.00650597666953],[8.4631691966012,12.006284686788886],[8.464115033382143,12.006149057333174],[8.46565692372809,12.005702908162732],[8.46623156443519,12.0055232595908],[8.467172564662178,12.005334551248607],[8.467346697691994,12.005219402053795],[8.467382389985346,12.0048029961614],[8.4669302917996,12.004315206581563],[8.466307230694213,12.003690093223268],[8.465514513384107,12.0029708109542],[8.465740561577718,11.999484901107335],[8.464933331907789,11.999510214324973],[8.464910840762741,11.999122450940432],[8.463881281595945,11.980752253114021],[8.463819789551678,11.979465924013253],[8.460297878944004,11.978071168149938],[8.456540526723984,11.976575826713088],[8.455941278767057,11.9763458466835],[8.45363642068429,11.975426517419919],[8.45034826456083,11.974066498769956],[8.449244026590577,11.973626282427063],[8.448020776837438,11.973065434622185],[8.444448354907706,11.97142750927219],[8.44405707337529,11.97124810891313],[8.441871703716176,11.970109283916374],[8.440053454403426,11.969004851692604],[8.436250577602095,11.966877354306519],[8.43305378630322,11.96501723165994],[8.43087901605378,11.963839148557897],[8.429381634055233,11.963048589620767],[8.42562629361862,11.961374457565226],[8.421752114968172,11.960118851104138],[8.419826909284495,11.959677061847003],[8.41747387991569,11.95963055790395],[8.413837380390817,11.957142576268948],[8.411341742827233,11.954910348333957],[8.41033772620517,11.95380874178005],[8.406516844077146,11.951027160275256],[8.405566124876827,11.949980781088241],[8.402966299055493,11.94766253299957],[8.40286158289581,11.947549597935618],[8.402848075978,11.947535030717118],[8.402824884261065,11.94762134404982],[8.402748093849482,11.947928994027905],[8.40097596536856,11.954502345706715],[8.400964525092832,11.95844871023985],[8.405457619873289,11.957670243586902],[8.405501711834575,11.957662604745451],[8.407549933082976,11.959578172394798],[8.408267217058494,11.960232815891802],[8.410544364330974,11.962311100576867],[8.411242793120437,11.965031815965574],[8.41191939086724,11.966465661760937],[8.411806750780954,11.967954627004474],[8.412890003970574,11.970971402808065],[8.414343904647524,11.974020561399811],[8.415468227176973,11.974929169845383],[8.416317026209867,11.975619660319126],[8.4171064034378,11.978928258932056],[8.416204537209694,11.98146496133893],[8.41440064737202,11.986483375307555],[8.413394529034349,11.994047599117435],[8.409921811342542,11.999321184025462],[8.406970720222603,12.004747115886742],[8.402296654866802,12.005506766923816],[8.402270085296266,12.005906427439696],[8.402041656597248,12.006431812278379],[8.40185891525681,12.006797296757892],[8.401995971936628,12.007231311375959],[8.402258663906252,12.007631060025458],[8.402498513995283,12.00819070993339],[8.402475671215313,12.00867040921207],[8.402226302701763,12.009550174600916],[8.40274026704975,12.011025441371087],[8.401527879308219,12.011417785002834],[8.40010572829675,12.011673288691382],[8.397836674023324,12.011627603131442],[8.396070161808552,12.011307804211864],[8.393768567365555,12.011395666177119],[8.393457261643334,12.012553921026665],[8.38961328582451,12.016354597186933],[8.388329814769179,12.019074502286513],[8.387695256730751,12.022203651077687]]]}},{"type":"Feature","properties":{"name":"Mariri","label":"Mariri","lga":"Kumbotso","people":145174,"walk":18.92,"walk_clinic":23.69,"walk_school":14.15,"f15":24.83,"f15_health":12.25,"f15_school":58.2,"beyond":109125,"clinics":5,"schools":15,"off_pct":0.01,"hexes":225,"gini":0.14,"share":2.53,"rank":77.0,"of":88,"reading":"Most people here walk longer than 15 minutes. Clinics are the weaker of the two services. That is 43 points below the city as a whole.","places":"Dulo, Gidan Jeji, Kantudu, Kata, Tsamiya, Ahmed Aleiro, Babban Gida, Danladi Nasidi and 37 others","place_n":45},"geometry":{"type":"Polygon","coordinates":[[[8.631709715830766,11.937046673864984],[8.631286403145054,11.935621209751103],[8.630382883962966,11.92756556489894],[8.634073713331247,11.920064289135665],[8.635491672602654,11.91802672215556],[8.631739545443736,11.915936702217094],[8.630425330164883,11.91534175391888],[8.628106440859597,11.913826770389164],[8.626348638578861,11.913430020978753],[8.615112555699909,11.912019616012515],[8.611684576581979,11.911402781812967],[8.6091408531679,11.911060298394087],[8.596149345815718,11.913810674323202],[8.597270354343438,11.91525284424341],[8.60158822521646,11.924411598416555],[8.604506495578335,11.924990331938318],[8.60658807717806,11.925452908125237],[8.60829999964534,11.92590000068452],[8.608958669407116,11.929379576606209],[8.609450800913805,11.932054545281064],[8.610071691955056,11.935958459115625],[8.610779262353105,11.939272909617161],[8.61158184342736,11.942709221853137],[8.612100001314047,11.945099999365539],[8.610314604235668,11.944858534094124],[8.60769785407274,11.944558155134812],[8.604800001019271,11.94449999867606],[8.603829800704773,11.94433126877311],[8.601367819369443,11.943864130325379],[8.599399999310549,11.943399999210667],[8.596272883886513,11.946207470398463],[8.590480874892535,11.950017220718227],[8.588485100307196,11.951794067042613],[8.585974632923012,11.95390262380709],[8.585421059734188,11.954139657219459],[8.587113171935357,11.955574850199238],[8.589491537004903,11.95780456992503],[8.589904887900332,11.958285783662065],[8.590133060292544,11.958620614749632],[8.590589405976345,11.959048453723199],[8.590941172197404,11.958815933108895],[8.591059219007775,11.958577211669025],[8.59106516082858,11.958414446969186],[8.591047335366284,11.958181923656921],[8.591077045369389,11.95800171930398],[8.591023567183925,11.957844766922507],[8.591041392646218,11.957705254194195],[8.591059219007775,11.957519235724194],[8.5911424071964,11.957269273658085],[8.591273130850368,11.957036752144461],[8.59139791268359,11.956856545992876],[8.59162965088774,11.956653087869766],[8.591855446371824,11.95647869583519],[8.591998053667282,11.956357783784767],[8.592295153698444,11.956148513343239],[8.592571653858784,11.956030312748796],[8.592738030235978,11.955909400698317],[8.592937680629518,11.95580243983079],[8.59308979555766,11.955709430146158],[8.593645966887891,11.956313992197009],[8.593859878730484,11.956574417875116],[8.594682953555491,11.958025265353742],[8.595265269076947,11.959339011186444],[8.595443529095633,11.96015283288699],[8.595431644554822,11.961082911747042],[8.595400343650965,11.961900667082146],[8.595314620273541,11.962753808041839],[8.595299999995063,11.963370893152272],[8.595299999995063,11.96390000028481],[8.595630808415137,11.964561612628357],[8.596669715135306,11.965869715215202],[8.597100001164165,11.966300000344802],[8.597499999825176,11.966899998336318],[8.597944109333241,11.967830571823471],[8.598364777112806,11.968483193644545],[8.598800000419715,11.970300001344015],[8.599701177767201,11.970278753062077],[8.602299999045783,11.970199999430461],[8.603300001094226,11.970199999430463],[8.605700001154162,11.969999999200642],[8.607077894729116,11.969661880191664],[8.60829999964534,11.9694000003098],[8.609691580002448,11.968722010412478],[8.610970817948953,11.968114590316134],[8.612100001314047,11.96750000082443],[8.613742490723439,11.966821429065758],[8.615200002178426,11.966200002028529],[8.615600000839436,11.966100000114979],[8.61619999973027,11.966100000114976],[8.617411727369358,11.965648435227136],[8.618599999790206,11.965100001663814],[8.620799999620319,11.964400001758747],[8.621899999985033,11.964099999615316],[8.623000000349805,11.963700000054985],[8.623799997671824,11.963700000054983],[8.624400001059257,11.963399998810928],[8.625900000084982,11.962900002732964],[8.626600000889368,11.962499998676039],[8.627199999780203,11.962299999345532],[8.627700001254084,11.962099999115708],[8.628500000374743,11.962099999115708],[8.629320346656698,11.961917700241711],[8.629631848431131,11.961913025565705],[8.630499999975086,11.961899999785201],[8.631000001448967,11.962000000799431],[8.631200000779472,11.962000000799437],[8.63149999842625,11.96220000102926],[8.631900000684539,11.962400001259084],[8.632039855155256,11.958666249947502],[8.633040725049455,11.954862962156028],[8.63336142868701,11.952530202606795],[8.633397819753611,11.949920327760992],[8.633195681835275,11.945279854781518],[8.633106377357478,11.942595516969561],[8.63232867962489,11.939130974115184],[8.631709715830766,11.937046673864984]]]}},{"type":"Feature","properties":{"name":"Kwachiri","label":"Kwachiri","lga":"Fagge","people":166338,"walk":12.23,"walk_clinic":15.31,"walk_school":9.16,"f15":71.18,"f15_health":53.72,"f15_school":80.5,"beyond":47940,"clinics":12,"schools":29,"off_pct":0.29,"hexes":247,"gini":0.27,"share":2.89,"rank":66.0,"of":88,"reading":"About half the people here can walk to clinics and schools in 15 minutes. Clinics are the weaker of the two services.","places":"Layin Mai Riga, Layin Malam Sule, Medical Center Airforce, Naf Base, Alhaji Audu, Alpha, Alpha Layin Transformer, Ashton Road 1 and 179 others","place_n":187},"geometry":{"type":"Polygon","coordinates":[[[8.495381867279377,12.032832834567724],[8.492456966216082,12.035125067967556],[8.488829596608639,12.038450136764423],[8.4883007277964,12.038897749131877],[8.487526360253357,12.03974177096603],[8.489015909156933,12.040316746220922],[8.488748071266514,12.041694507595476],[8.488489944255548,12.042228391027493],[8.488311685136182,12.042582875899033],[8.488014585105077,12.043123318986034],[8.487906736606647,12.043318158905945],[8.487835833157249,12.04341998104735],[8.487760065274813,12.04358361898886],[8.487634296885346,12.043784636351916],[8.4873074877504,12.044301831064727],[8.487054582203257,12.044694824006966],[8.486817656709547,12.045062983969558],[8.486772707694342,12.045132829816282],[8.486648333254038,12.045314997389255],[8.48654573140044,12.04549098122385],[8.486404866991052,12.045706083768778],[8.48613522595997,12.0460801666664],[8.486003879975158,12.046003073183327],[8.48562602172359,12.045724961437884],[8.48567170728353,12.045590949862515],[8.485256338309398,12.04532470467143],[8.484878871262936,12.045149321583947],[8.484640415123124,12.045647552292735],[8.484401961681215,12.046169204944873],[8.48493509417932,12.046408542420354],[8.485140699883459,12.046521258948985],[8.484959913669115,12.046850363153792],[8.48477551757611,12.046788182228852],[8.484571939843192,12.046764324114294],[8.484426193913748,12.047104929748743],[8.484234335246413,12.047584747737973],[8.483717706207244,12.047349739598872],[8.483517582770277,12.04728020401825],[8.48320037839477,12.048068544327917],[8.483539321182775,12.048163403918013],[8.483312388955653,12.048835744274243],[8.484103863402595,12.049089107576323],[8.483378677084318,12.050610379165729],[8.482310572075278,12.052863794228756],[8.481415925604551,12.055067237563035],[8.480834700960713,12.056280717980824],[8.480751808649075,12.056412083750727],[8.48064292682966,12.05660478598213],[8.480927690860312,12.056747588430481],[8.481379982400313,12.056919262713846],[8.482211518946485,12.05735056767463],[8.482905865713178,12.057710713778475],[8.482216624397722,12.059166172081238],[8.483195645262867,12.059656703693973],[8.484016678626858,12.058113319574092],[8.484121258089658,12.05813191485606],[8.484807642258943,12.058697130668122],[8.485345220105899,12.058951413976617],[8.486206965778877,12.059119829116867],[8.486364633121354,12.058750255420021],[8.487165847226095,12.0568721948959],[8.487682882758861,12.05586289385752],[8.487852774585917,12.055929564198095],[8.488540222653228,12.05619933473156],[8.488710790770426,12.055750703432238],[8.489074798563138,12.054793280685429],[8.48926732003082,12.054102937700463],[8.489766447363706,12.053208044815449],[8.489919127066116,12.053270566583418],[8.49095660476354,12.05369541441189],[8.493768457448425,12.054659040682221],[8.500915948911938,12.057085166946933],[8.505431863989374,12.058450728118657],[8.504078986855802,12.062473773346024],[8.503976074736102,12.062779800047789],[8.49690292483018,12.06417444529444],[8.496487020759446,12.064256449975232],[8.496904485153891,12.06874277286073],[8.4968929657378,12.069955504143254],[8.500909484585122,12.07095403040421],[8.50074545004253,12.071628354664877],[8.502247789104217,12.07188365600598],[8.502349381019144,12.071311993853497],[8.503512806071171,12.07160122571605],[8.506784323837508,12.072142047417628],[8.507015434314894,12.072180252416786],[8.511249849001388,12.072880248724571],[8.51157829130517,12.072507527400546],[8.512066367768682,12.071953644844879],[8.51217505533458,12.071910073591082],[8.516022707581953,12.070367548323762],[8.518274583904997,12.069628390138119],[8.518332594673552,12.06937471117402],[8.519516817447197,12.064196150432053],[8.519868341750623,12.064000913011798],[8.52232960272903,12.062633927313927],[8.526084492605321,12.061801974381636],[8.527742563668426,12.060855204104428],[8.528203604712644,12.060752387312846],[8.528609071251708,12.060661607047566],[8.528901090113266,12.060596688586372],[8.529351729598716,12.060483150976665],[8.529361250721195,12.060480751585485],[8.529617175292458,12.060425755344397],[8.529949499070199,12.060283109378018],[8.530234713661173,12.060194784261911],[8.53060549514754,12.060108784792645],[8.530688683336109,12.060104136196971],[8.530975174065077,12.060091581661196],[8.531074984423014,12.06006577291714],[8.531450971185393,12.059969272963599],[8.533279718284405,12.059499908693907],[8.533645488748334,12.05940603116346],[8.534991916843524,12.060180638825443],[8.535299957127393,12.059789397762529],[8.535514813258091,12.05932063334063],[8.535716839660495,12.059055657092925],[8.536025824232468,12.05893944040292],[8.536358576087482,12.058974305319966],[8.536934520811542,12.059243039834486],[8.537440018042446,12.05954377042872],[8.538438272708163,12.060043503904636],[8.539056240952789,12.06041539695303],[8.5401710396618,12.060918101789012],[8.54062492659915,12.061159183949199],[8.54114782211434,12.060320099393094],[8.541682602170397,12.05933457912755],[8.542205496786323,12.058335107679117],[8.542811579590762,12.057312390554445],[8.54320375235136,12.0566034585828],[8.543358244187687,12.05627804699435],[8.542065059554886,12.054998740699373],[8.541413428786768,12.054391230670833],[8.540432999583288,12.053374308777393],[8.539570223287228,12.052647935354003],[8.538947502125552,12.051988965218637],[8.53869080773461,12.051682142616812],[8.5385196793398,12.051180070903625],[8.538533938990156,12.050733781438907],[8.538762112281688,12.05016197269691],[8.53901880577331,12.04943675220437],[8.539175675417141,12.048753368173434],[8.539332543262333,12.047916568794678],[8.539403846910034,12.047484222418971],[8.539346803812009,12.047023980872039],[8.539256793366349,12.046708934869514],[8.538961762675228,12.04646611162178],[8.538362809695968,12.04608955019262],[8.53779237871538,12.0457548270237],[8.537421598128276,12.0455874658889],[8.53700803499288,12.045336424636334],[8.536523169108989,12.04507143399951],[8.536252214168371,12.044778550889477],[8.536066824324509,12.044290410574035],[8.535852911582651,12.043467546190357],[8.535724564836869,12.042909668846159],[8.535596218091031,12.042463367690289],[8.535453609896251,12.042170480982973],[8.535425087897522,12.041891541861219],[8.535453609896251,12.041682337070254],[8.535596218091031,12.041361556090973],[8.535603173447726,12.041179976674641],[8.535353785149141,12.040636311316746],[8.534683527622747,12.039506599150284],[8.534212922288589,12.038781347181494],[8.533742316055111,12.03804214942568],[8.533400056567416,12.037553995620442],[8.535848370006306,12.034778816389288],[8.534216344208971,12.03342337528858],[8.533094054147341,12.03249127655124],[8.53094145668291,12.029416337993664],[8.52982228097352,12.028235045211206],[8.527991819766727,12.028381531282717],[8.52676437917279,12.028279983434517],[8.525789814448444,12.02853420199187],[8.525697645629918,12.02911288964816],[8.523402505621164,12.029163084408879],[8.523901605974402,12.031458399785379],[8.52422722170894,12.033210176608408],[8.524399795314366,12.033814119026427],[8.520074880051709,12.0335635849915],[8.519371213610668,12.03348256686701],[8.519404791597879,12.032028246206663],[8.519410151557281,12.031793835217341],[8.519429165923327,12.031361461862048],[8.519146677177446,12.031053152680897],[8.517440844019802,12.030891581381415],[8.5158677831717,12.03073829103937],[8.515515055575406,12.030721735419775],[8.515949698819611,12.033198804681149],[8.513733871820762,12.033063045723052],[8.512685703882198,12.03348689440469],[8.512205590915357,12.033114960886794],[8.511017192589406,12.031868987963492],[8.509718986142332,12.03077596633784],[8.509918637435192,12.028711720069849],[8.513258200605549,12.028073632192445],[8.51520190894098,12.027851612062305],[8.515336986213015,12.025516950446956],[8.515503361690833,12.024389499176094],[8.515657854426479,12.023819959423633],[8.515871765369752,12.023355027912261],[8.516109445394648,12.022901720138346],[8.516584803645799,12.022308931112319],[8.517048280054155,12.021785880913738],[8.517666247399461,12.021332568643173],[8.518090062806209,12.02095217790071],[8.516026257206079,12.019589058388359],[8.515527129873194,12.019472822812586],[8.513489567389684,12.021230624194006],[8.513147087568086,12.021668796377924],[8.512472057339608,12.022814172935796],[8.511096382392168,12.025727155284018],[8.509992169602981,12.026931171236637],[8.509591806716571,12.027481719106106],[8.508240462927063,12.027679340629108],[8.507384815556861,12.027539862974322],[8.506778732752366,12.027749078557179],[8.506279606318799,12.027853685898945],[8.505780478086649,12.027574733287338],[8.504372226097416,12.027609601801714],[8.503207595054505,12.027656094053556],[8.50258734612919,12.027342921338798],[8.501995429445572,12.027237661988579],[8.501448764848647,12.02695870667901],[8.5008545656857,12.026610013441424],[8.500128526810101,12.02864706960662],[8.499175142918546,12.031176962346988],[8.498327683875573,12.031479595007342],[8.49597972668306,12.032514427798672],[8.495381867279377,12.032832834567724]]]}},{"type":"Feature","properties":{"name":"Gawuna","label":"Gawuna","lga":"Nassarawa","people":20280,"walk":6.06,"walk_clinic":7.8,"walk_school":4.31,"f15":100.0,"f15_health":100.0,"f15_school":100.0,"beyond":0,"clinics":3,"schools":13,"off_pct":0.0,"hexes":25,"gini":0.16,"share":0.35,"rank":1.0,"of":88,"reading":"Most people here already finish inside 15 minutes. Clinics and schools are about even. That is 32 points above the city as a whole.","places":"Gabari Layin Ado Dankamasho, Gabari Layin Alhaji Wada, Gabari Layin Aminu Tunde, Gabari Layin Bala Na Auwa, Gabari Layin Hali Brothers, Gabari Layin IDI Mai Doki, Gabari Layin Masu Wanki, Gabari Layin Murtala Road and 35 others","place_n":43},"geometry":{"type":"Polygon","coordinates":[[[8.544573507961047,12.02027160155319],[8.544583655011706,12.02125015207292],[8.544519482088505,12.021787152555078],[8.544296591414593,12.022615449743281],[8.54380644291308,12.023575979647772],[8.543410706139241,12.024147844147762],[8.542979316642175,12.02464648224941],[8.542825407566568,12.024819940787664],[8.543534842259191,12.024930087953239],[8.545859349629325,12.024923113710772],[8.545859349629325,12.026062187819777],[8.54586172743683,12.027984652369867],[8.545859825370712,12.030608435231155],[8.545900231010876,12.031310461308804],[8.546109389037099,12.032184504311486],[8.54637706325093,12.032925944077078],[8.546904428396715,12.032256566087709],[8.547656684308606,12.03093852599221],[8.548335557340124,12.029958999708128],[8.548697209808438,12.028400908974845],[8.548963886674073,12.02777047342863],[8.549751669404088,12.027666059441113],[8.550913726587282,12.027547498218494],[8.55337142625035,12.027532495728167],[8.553847882573791,12.027530063061988],[8.556033350258929,12.027659550148144],[8.556126043382221,12.029270035383886],[8.556019087910613,12.02957688316667],[8.557815945949187,12.030804270700571],[8.559413153594221,12.03150164818254],[8.561210239161255,12.032557049368393],[8.561600034114349,12.032194414840433],[8.561769335986128,12.031961519208778],[8.56176220616095,12.031501249782876],[8.561769371958974,12.029523372605638],[8.561695137420713,12.028360212853611],[8.560065929199311,12.028055423618978],[8.558192699833285,12.027532223233552],[8.55602450182937,12.027563533130603],[8.555994145213674,12.026201663675863],[8.55600008703442,12.025934331204496],[8.554871377612017,12.026013347438095],[8.554884576961683,12.023800308337629],[8.5517110250438,12.023907243124825],[8.551692010677812,12.02308896438427],[8.551866043882855,12.021763905080205],[8.551782855694285,12.021043254942299],[8.551513333373691,12.019943631393518],[8.550475618255234,12.019683315432701],[8.547433316994045,12.020206371027255],[8.544573507961047,12.02027160155319]]]}},{"type":"Feature","properties":{"name":"Sabon Gari East","label":"Sabon Gari East","lga":"Fagge","people":39491,"walk":15.01,"walk_clinic":11.97,"walk_school":18.05,"f15":48.37,"f15_health":48.97,"f15_school":48.37,"beyond":20390,"clinics":9,"schools":12,"off_pct":0.0,"hexes":73,"gini":0.32,"share":0.69,"rank":71.0,"of":88,"reading":"Most people here walk longer than 15 minutes. Clinics and schools are about even. That is 19 points below the city as a whole.","places":"Aba Court Road, Aba Road, Aba Road By Igbo Road, Aba Road By Warri Road, Abeokuta Road, Adua Road, Airport By France Road, Airport By Ilaro Road and 79 others","place_n":87},"geometry":{"type":"MultiPolygon","coordinates":[[[[8.541653063937815,12.026159821818398],[8.542440971673557,12.025253212565756],[8.542825407566568,12.024819940787664],[8.542979316642175,12.02464648224941],[8.543410706139241,12.024147844147762],[8.54380644291308,12.023575979647772],[8.544296591414593,12.022615449743281],[8.544519482088505,12.021787152555078],[8.544583655011706,12.02125015207292],[8.544573507961047,12.02027160155319],[8.54356753891085,12.01455643872873],[8.543276500310299,12.013210158122375],[8.542919980272927,12.01139685058422],[8.542615313346062,12.009516530063873],[8.540021180233339,12.009965015673002],[8.53776347180684,12.010266045741442],[8.534917565393357,12.010771860433062],[8.53460000128905,12.010767263998103],[8.534580191922373,12.014382052989392],[8.534632004563434,12.024241701893063],[8.536229213107731,12.024241701893057],[8.536179766583018,12.026465816144537],[8.536217201762497,12.027374454267715],[8.536184053651198,12.028556215596891],[8.536431241308776,12.028558541243738],[8.537835800681705,12.027723148404618],[8.538199578247998,12.027511301405468],[8.538422996823897,12.027304409670817],[8.537746749812698,12.027310888386863],[8.537750946948677,12.025712104230251],[8.539534576859296,12.025697594568383],[8.539525070125933,12.026447057185974],[8.54139912866691,12.026438517223822],[8.541653063937815,12.026159821818398]]],[[[8.541028982101864,12.060984859363828],[8.542093083329178,12.064566072166539],[8.542800002618094,12.0646924466991],[8.545127680098403,12.064878389626015],[8.546606000066902,12.065004236256527],[8.547251299607865,12.064618401917755],[8.547714592554428,12.062380739379648],[8.547998851166085,12.06168013782815],[8.548502732315285,12.061113001963516],[8.549400818692902,12.060623167325387],[8.550261561621824,12.060006620009576],[8.55168764087199,12.057301074385121],[8.552153493289154,12.056269053773859],[8.552273247912126,12.05595500691811],[8.552158705759723,12.055652117051633],[8.552043419867971,12.05548003537535],[8.551909696075654,12.055481742288633],[8.551794644906977,12.055491902829088],[8.551667223563584,12.055521572362748],[8.551430652402757,12.05550958170187],[8.55128496043261,12.055432562862563],[8.551060456375012,12.055349488887824],[8.550896628676526,12.055236746278863],[8.550775275058925,12.055100266963791],[8.550672124618927,12.054880713674038],[8.55065999006655,12.054702698270946],[8.55072673415151,12.054584020136472],[8.550860223220752,12.054364465947401],[8.550946079697894,12.054227319335382],[8.551133268185822,12.053854151947576],[8.551181809992613,12.053640532384689],[8.551090795004257,12.053266695901355],[8.550939102757411,12.053064942892833],[8.55079954596232,12.052898793144834],[8.550611448259758,12.052708909388684],[8.55045975601297,12.052459682968047],[8.55031413239135,12.05237067436718],[8.550119966962939,12.052335071106713],[8.550016815623565,12.052263863686393],[8.549919732909416,12.05231133529992],[8.549846921098606,12.052465616694917],[8.549786203370616,12.052646729363119],[8.549719499755156,12.052845387804439],[8.549508336240763,12.053013953131483],[8.549397912983352,12.053159886119884],[8.549185544377394,12.053248893821435],[8.548967108045645,12.053219225187151],[8.548754739439744,12.053290431708092],[8.548548437660315,12.053278564254414],[8.54845135584543,12.05313615031315],[8.548414950389713,12.052958133111417],[8.548433152667883,12.052750446376022],[8.548481693575354,12.052584296628025],[8.548536303107937,12.05237660809405],[8.548621251269767,12.052246061606525],[8.548827552149874,12.052157053005658],[8.549052211790183,12.052095718342796],[8.549173408925755,12.052014639064398],[8.549243688245667,12.051869862604121],[8.549112731667265,12.051682337769703],[8.548948904868098,12.051528054576124],[8.548633385822143,12.051302565760864],[8.548360340857073,12.051332235294465],[8.54811433041209,12.05139164630748],[8.547943586927033,12.05143338474295],[8.547789979124275,12.051332235294467],[8.547746620110502,12.051115603902016],[8.547771775946728,12.050851585432381],[8.547638824672049,12.050421710393662],[8.54749621737659,12.05015440220393],[8.54731201463784,12.050073046833687],[8.547031312844865,12.050023969030974],[8.546937670037494,12.050009124821313],[8.546801003663461,12.049927770350394],[8.546765351839554,12.049817360582777],[8.54684164042942,12.049669984182453],[8.546907960034389,12.049532617236535],[8.546961438219853,12.049276930086307],[8.546902018213643,12.04906773069126],[8.546777236380422,12.048922454207966],[8.546610860003227,12.048841097938352],[8.546450426346157,12.048759742568107],[8.546338270095134,12.048707071973865],[8.546295933610509,12.048626088023582],[8.546295933610509,12.04856797743025],[8.546343469975227,12.048440133405506],[8.54642071634305,12.048265800726195],[8.546474193629194,12.048079844309427],[8.546563323638509,12.048085654829151],[8.546604918182481,12.048033354755544],[8.54653955635547,12.047957810804348],[8.546367238157586,12.047853210657195],[8.546117675390462,12.047719555213348],[8.545885937186313,12.047597521708324],[8.545782275931344,12.047485818715586],[8.54567202534372,12.047260477389155],[8.545541300790433,12.04706870955334],[8.545410577136465,12.047074520972387],[8.545273071694965,12.047123626654072],[8.54505999981916,12.047155877242004],[8.544902309993688,12.04700995234748],[8.544720280016975,12.046903138968728],[8.544780956376087,12.04671324981666],[8.544987257256139,12.04649962305922],[8.545218135708467,12.046452092989737],[8.54537558901228,12.046274128848042],[8.545467604046735,12.04602785040504],[8.545533348085598,12.045360282750892],[8.545363452661263,12.045027973362323],[8.545169288132172,12.044755004839658],[8.544987257256139,12.044648190561588],[8.5448416327352,12.044529508829838],[8.54489017544131,12.044398958744976],[8.545063117768734,12.044266979637424],[8.545084339970344,12.044137857676047],[8.545011528159534,12.043947967624659],[8.5448416327352,12.043793680833746],[8.544708143665957,12.043532578865493],[8.544635331855147,12.0433664228222],[8.544465437330132,12.043390160427634],[8.544404760970963,12.043544447218496],[8.544222730094987,12.04359191973134],[8.543888617565699,12.04365900465939],[8.543586938186706,12.043261795695345],[8.543809835155798,12.043063666954707],[8.54404751518075,12.042761483056038],[8.544202007017077,12.042505788711253],[8.54404751518075,12.042215227650672],[8.543809835155798,12.042017645697852],[8.543536503307052,12.042017645697857],[8.543215635992851,12.04213386958247],[8.542977955967956,12.042064135251678],[8.54289476777933,12.04194791136706],[8.542752159584552,12.04178519612992],[8.542680855936794,12.041529500885813],[8.542680855936794,12.041215693249685],[8.542502596817428,12.041122713242654],[8.542288684974892,12.041018111296864],[8.542146076780057,12.040901885613605],[8.542086656773847,12.040576454240012],[8.54201535312609,12.040297513319613],[8.541967816761371,12.03996045910793],[8.541860861289763,12.039774498194562],[8.541658833988038,12.039681517288214],[8.541361733956933,12.039681517288216],[8.541028982101864,12.039786121032703],[8.540910142089444,12.039995326722986],[8.540748596870287,12.040072848283387],[8.540409804269075,12.040109614367282],[8.540185219272473,12.040018572399218],[8.540113914725453,12.039913968654789],[8.540124795622887,12.039682946310961],[8.54028029110259,12.039135255587608],[8.540125799266264,12.038926048998007],[8.539923771964538,12.038681973894029],[8.53978116376976,12.038356539822532],[8.539507831920957,12.037833521999517],[8.539234500072155,12.037647558388128],[8.53891363275801,12.037542953744376],[8.538602476323263,12.037455162825552],[8.538462040890522,12.037252387287879],[8.538483037362312,12.036818432025086],[8.538663707564126,12.036636443417192],[8.538628417267716,12.036427176573],[8.538390737242764,12.036299326252959],[8.537879726268386,12.03598551232159],[8.537441686284865,12.035863967148428],[8.537217846826195,12.035434802574114],[8.53685770342031,12.035102182919443],[8.53639422791133,12.034846481380042],[8.535848370006306,12.034778816389288],[8.533400056567416,12.037553995620442],[8.533742316055111,12.03804214942568],[8.534212922288589,12.038781347181494],[8.534683527622747,12.039506599150284],[8.535353785149141,12.040636311316746],[8.535603173447726,12.041179976674641],[8.535596218091031,12.041361556090973],[8.535453609896251,12.041682337070254],[8.535425087897522,12.041891541861219],[8.535453609896251,12.042170480982973],[8.535596218091031,12.042463367690289],[8.535724564836869,12.042909668846159],[8.535852911582651,12.043467546190357],[8.536066824324509,12.044290410574035],[8.536252214168371,12.044778550889477],[8.536523169108989,12.04507143399951],[8.53700803499288,12.045336424636334],[8.537421598128276,12.0455874658889],[8.53779237871538,12.0457548270237],[8.538362809695968,12.04608955019262],[8.538961762675228,12.04646611162178],[8.539256793366349,12.046708934869514],[8.539346803812009,12.047023980872039],[8.539403846910034,12.047484222418971],[8.539332543262333,12.047916568794678],[8.539175675417141,12.048753368173434],[8.53901880577331,12.04943675220437],[8.538762112281688,12.05016197269691],[8.538533938990156,12.050733781438907],[8.5385196793398,12.051180070903625],[8.53869080773461,12.051682142616812],[8.538947502125552,12.051988965218637],[8.539570223287228,12.052647935354003],[8.540432999583288,12.053374308777393],[8.541413428786768,12.054391230670833],[8.542065059554886,12.054998740699373],[8.543358244187687,12.05627804699435],[8.54320375235136,12.0566034585828],[8.542811579590762,12.057312390554445],[8.542205496786323,12.058335107679117],[8.541682602170397,12.05933457912755],[8.54114782211434,12.060320099393094],[8.54062492659915,12.061159183949199],[8.541028982101864,12.060984859363828]]]]}},{"type":"Feature","properties":{"name":"Gwale","label":"Gwale","lga":"Gwale","people":19084,"walk":5.08,"walk_clinic":6.74,"walk_school":3.42,"f15":100.0,"f15_health":100.0,"f15_school":100.0,"beyond":0,"clinics":5,"schools":15,"off_pct":0.0,"hexes":21,"gini":0.09,"share":0.33,"rank":1.0,"of":88,"reading":"Most people here already finish inside 15 minutes. Clinics and schools are about even. That is 32 points above the city as a whole.","places":"Lokon Makera, A A Sule, Baba Labaran, Badayi Jakada, Bayan Kofan Naisa Primary, Bayan Makaranta Yan Itace, Bayan Masallaci Do, Dan Jimmai Kansila and 57 others","place_n":65},"geometry":{"type":"Polygon","coordinates":[[[8.51477891101797,11.985589414120227],[8.51482445808233,11.985583948940134],[8.514877822953224,11.98557754486785],[8.515016118898814,11.985604377939753],[8.515054380555284,11.98563578766152],[8.515098872714873,11.985645818699595],[8.515181844166818,11.985615456688038],[8.515182329800723,11.985615507949372],[8.515232851015298,11.985556903628261],[8.515342249045602,11.985418607682675],[8.515449583131783,11.98552387782473],[8.515602326686064,11.98561676340296],[8.515641493060514,11.985663894173397],[8.515736090947883,11.985673863158295],[8.51577618991928,11.985633260566544],[8.515823187590058,11.985511493260844],[8.515920201056474,11.985437184978137],[8.515973988608721,11.985432976151005],[8.516024418092458,11.985381911745888],[8.516309433033939,11.984470618824048],[8.516313342386866,11.984469024326073],[8.516309287343802,11.984174979291934],[8.516585878335661,11.984158465940483],[8.51675513524134,11.984158465940483],[8.517187388087564,11.9842359434341],[8.517228427749785,11.983800728221068],[8.51744522911406,11.981737685246003],[8.513529195116291,11.98228604056834],[8.511782248551981,11.982541791570497],[8.50969066828975,11.982867293091145],[8.50794372172544,11.983123043193926],[8.506089819689464,11.98326254333176],[8.504616205873276,11.983111417657824],[8.5018591210017,11.98208841544806],[8.498420428260204,11.980746913839027],[8.498468853155089,11.98093191697444],[8.498297827282954,11.981148988135313],[8.497860235161795,11.981190269715224],[8.497885004289571,11.981570066905135],[8.497430898816958,11.981627862735705],[8.497364847209951,11.98198288989852],[8.497472181296189,11.982156275591706],[8.497728131048461,11.982172788943101],[8.49777767020339,11.982808535885283],[8.498124440690447,11.982891099944368],[8.498000594152131,11.983625925196348],[8.499065677439091,11.98378279843746],[8.500023425740551,11.984013978162636],[8.500576608623646,11.984319467069783],[8.50050230124026,11.984748803414616],[8.501038969872639,11.984839624149402],[8.501443537089585,11.98480659834587],[8.502128823186695,11.984724034286783],[8.502607696887765,11.984501109438723],[8.502679272130763,11.984534144235397],[8.50272665201345,11.984628478621461],[8.502696978882511,11.985470235063358],[8.503098956052042,11.985768475434837],[8.503561318200298,11.98590057864885],[8.503662357931546,11.985924155275598],[8.50370167809001,11.986086348905928],[8.503569573976733,11.986581735958397],[8.503726447217787,11.986656044241101],[8.503833781304024,11.986845943285685],[8.50388216123281,11.986925109706076],[8.503879190772068,11.986990431063589],[8.503920474150618,11.98706886723448],[8.503994782433324,11.987081251798372],[8.504093156573958,11.987045608967717],[8.50423009094601,11.987072996021992],[8.504329088316808,11.987104749284812],[8.504667683067169,11.987213355012384],[8.504969044086181,11.987172073432475],[8.50542314865942,11.987456921100089],[8.505819459200723,11.987853230742076],[8.506162101799589,11.988121565058236],[8.506550154765876,11.988575671430171],[8.50662859093677,11.988918314029036],[8.506619579729886,11.988974384060613],[8.506657870164645,11.9889996163393],[8.506871327849524,11.989090286887292],[8.507505607098153,11.988952823713872],[8.507607824041884,11.988915733874078],[8.507571366425454,11.988651656049115],[8.507500809215003,11.988585906614333],[8.5073724615699,11.988261575111666],[8.507326454052647,11.98816724432294],[8.507281265817825,11.988053111362033],[8.507182630873785,11.987846558671777],[8.50716981733325,11.987672950846045],[8.507169246263743,11.987469926196182],[8.507187250691118,11.987300016382676],[8.507269257170549,11.987110045392344],[8.507374100134655,11.986957926866866],[8.507843341197315,11.987109147868921],[8.508193855562013,11.987295645677534],[8.508711500835147,11.98742398522876],[8.509098113986795,11.987456598243455],[8.509359833789347,11.987470916349762],[8.50964362565287,11.98748436301298],[8.509712323964607,11.986808328241805],[8.510628285267217,11.986928867972946],[8.511291662979886,11.986952118145778],[8.511577849738046,11.986048804908476],[8.511612257799527,11.986005648242097],[8.511630372843456,11.985970541407424],[8.511785218113346,11.985512841344587],[8.512328871780085,11.985586629819183],[8.51259796422471,11.985662861751733],[8.512748871363385,11.98570945292897],[8.512883537645223,11.98573079024385],[8.513035093195072,11.985793184308077],[8.513097534024041,11.985573201142357],[8.513792417685977,11.98565120743734],[8.514064903272697,11.98574511104806],[8.51439843933656,11.985755511707564],[8.514455697372568,11.985659876901817],[8.514647252968416,11.985626942829185],[8.51477891101797,11.985589414120227]]]}},{"type":"Feature","properties":{"name":"Unguwar Gano","label":"Unguwar Gano","lga":"Tarauni","people":24428,"walk":9.1,"walk_clinic":9.91,"walk_school":8.28,"f15":97.86,"f15_health":97.8,"f15_school":97.86,"beyond":523,"clinics":6,"schools":7,"off_pct":0.0,"hexes":40,"gini":0.12,"share":0.43,"rank":49.0,"of":88,"reading":"Most people here already finish inside 15 minutes. Clinics and schools are about even. That is 30 points above the city as a whole.","places":"Abdu Inusa, Abdullahi Dan Zaki, Baso Mai Shanu, Dan Amarya, Fgc A, Fgc B, Gida Goma A, Gida Goma B and 11 others","place_n":19},"geometry":{"type":"Polygon","coordinates":[[[8.561102594808972,11.956413644274335],[8.56171564196336,11.95572854523624],[8.562928759055012,11.954475919128411],[8.563985737651706,11.953099999565381],[8.5645480288685,11.95216066218484],[8.564998036130532,11.951239240198847],[8.565367216823631,11.950215066172403],[8.56573283080553,11.947800107688863],[8.565743979700926,11.946361320118854],[8.565682156706202,11.946007605966313],[8.565663558726328,11.945901200879746],[8.565661907571041,11.945891761595588],[8.565583136852354,11.945441080741315],[8.565369961554552,11.944352204090986],[8.564639235412415,11.942658720423648],[8.564092291126371,11.941391159274643],[8.563816909722675,11.94080622492737],[8.562839449181297,11.939582907725082],[8.562399998161425,11.939199998880893],[8.562899998735986,11.938700001903612],[8.563502315179733,11.938398843232052],[8.563307421300522,11.93808825337027],[8.561726995904166,11.937673003106683],[8.56129999779671,11.9380999994155],[8.558983175133449,11.935553399969479],[8.558970691644163,11.935540356202525],[8.558953555062544,11.935534072639369],[8.555468840414676,11.937953727382647],[8.554380543827108,11.93672991465388],[8.553661454912287,11.937297616192097],[8.554951502709741,11.938854155594868],[8.554818474992658,11.94100952297117],[8.554019983135788,11.94252051800754],[8.551805589656283,11.94671079216937],[8.551081469933933,11.947736057972744],[8.550135348967217,11.947214327978882],[8.546201750310559,11.945958655867344],[8.545975953927154,11.946284200555453],[8.545155959280123,11.947074808955335],[8.545162019811414,11.947632201564884],[8.546570153090158,11.947911921298157],[8.546274054903733,11.948859670037793],[8.546071025757271,11.949562885019189],[8.548435938767625,11.9505022997414],[8.548851878811206,11.949737282449687],[8.550123465325726,11.950388361034072],[8.550135348967217,11.950492998952765],[8.551097951809083,11.951423111087763],[8.55180241774741,11.950640506654107],[8.552449634642983,11.951204613602101],[8.553344112041202,11.952049720917953],[8.55255207731659,11.952794789448033],[8.552393305606643,11.953047311884003],[8.553158360669842,11.95344163942019],[8.55406613904114,11.952284175973997],[8.554807700215235,11.951447078020294],[8.55547795684231,11.950637879734415],[8.556057894556261,11.951170370116529],[8.557781072938212,11.952902697301681],[8.55949949840317,11.954628036754514],[8.561102594808972,11.956413644274335]]]}},{"type":"Feature","properties":{"name":"Tudun Wazurchi","label":"Tudun Wazurchi","lga":"Kano Municipal","people":24703,"walk":5.25,"walk_clinic":5.59,"walk_school":4.9,"f15":100.0,"f15_health":100.0,"f15_school":100.0,"beyond":0,"clinics":5,"schools":5,"off_pct":0.0,"hexes":16,"gini":0.11,"share":0.43,"rank":1.0,"of":88,"reading":"Most people here already finish inside 15 minutes. Clinics and schools are about even. That is 32 points above the city as a whole.","places":"Emirs Palace, Gidan Sarki, Gwangwazo Layin Aminu Dutse, Gwangwazo Layin Wambai, Gwangwazo Lokon Madunka, Kabara Layin Mai Unguwa, Kofar Kwaru, Layin Alhaji Haruna and 9 others","place_n":17},"geometry":{"type":"Polygon","coordinates":[[[8.51477891101797,11.985589414120227],[8.514647252968416,11.985626942829185],[8.514798024309414,11.985862686613757],[8.514534844907189,11.986287700816773],[8.514464321871003,11.986706570851595],[8.514678416275956,11.986732152966509],[8.51477947129564,11.986401597255965],[8.515077419387467,11.986544541797226],[8.5152419998185,11.986597549637283],[8.515408049741723,11.98687632778035],[8.515492324311367,11.986883132050934],[8.515619906633447,11.987124999319294],[8.515699825786385,11.98731941925587],[8.515942027602534,11.987449795771512],[8.51602650272099,11.987369195831773],[8.516364912210975,11.987737482598789],[8.516275008784703,11.988207765975682],[8.516611283284135,11.988341333285971],[8.51647834010339,11.988660043126513],[8.51636760388186,11.988686602804535],[8.516280078263037,11.989025569874173],[8.51604729504669,11.989334030141436],[8.515823401628722,11.989823889061258],[8.515554383827805,11.98969753521311],[8.515421485613105,11.989910426325139],[8.515298042870427,11.99000104561179],[8.51520028206744,11.990144733892405],[8.515228620604432,11.990327388897926],[8.515426680097278,11.990484577801052],[8.515486950862169,11.99063453075905],[8.51548444984752,11.99072340266298],[8.515428383413223,11.990850884260961],[8.515310254764474,11.990969011111018],[8.515091458703921,11.9912125762994],[8.51494334036289,11.991405884673894],[8.514798355259927,11.991677002391782],[8.514740560328619,11.991751309775166],[8.514583687087566,11.99175750160748],[8.514546533395844,11.99191437484859],[8.514494930296848,11.992017581046584],[8.514289269734036,11.992026263101593],[8.51423236782955,11.99230454571824],[8.514163121830677,11.992489000267197],[8.513972709273162,11.992339583305178],[8.513916978285977,11.992302428714142],[8.51391030081976,11.992262190347843],[8.513864109840824,11.99223132831321],[8.513683963943834,11.992164991621108],[8.513503861214247,11.992666217072326],[8.513416597298203,11.99293670256679],[8.513289514099824,11.992918933761816],[8.513364323304927,11.993318275018451],[8.513397864419971,11.993480170973159],[8.514371198871801,11.99404686437134],[8.514608449020727,11.99421805392012],[8.514876580090174,11.994409174244025],[8.516384717980372,11.995019093556378],[8.517098764396508,11.995161038950812],[8.517535163117316,11.995251358763253],[8.518310857160373,11.99564649838726],[8.518521552127993,11.995200529980536],[8.51921133663393,11.994138779581077],[8.519516269760118,11.993683460923023],[8.519953923035189,11.99295973870102],[8.520077417938523,11.992594628339475],[8.520441511166837,11.991599974559223],[8.520807152128441,11.989941124683185],[8.520497183698126,11.989129948788161],[8.520596539898463,11.98791115067911],[8.521297288039477,11.985927218366498],[8.5206993728778,11.98588719493813],[8.520713634326796,11.985646558841664],[8.520713634326796,11.985461722980176],[8.520738589614268,11.985308274357408],[8.520449809211357,11.98524898655154],[8.520043376800459,11.985130412738382],[8.520297694283215,11.984559628324234],[8.520152709180252,11.984492202553158],[8.520064768074633,11.984501503341733],[8.519932856416233,11.984506152836731],[8.519768856947223,11.984548002788129],[8.51954781438019,11.98463170269099],[8.519376685086002,11.984635190261884],[8.519205555791814,11.9845235906912],[8.518991643949278,11.984380603881789],[8.518731384645719,11.984178329266511],[8.518941730676374,11.983913279274475],[8.519200000679518,11.983399999310562],[8.519953796230766,11.9813663470793],[8.51744522911406,11.981737685246003],[8.517228427749785,11.983800728221068],[8.517187388087564,11.9842359434341],[8.51675513524134,11.984158465940483],[8.516585878335661,11.984158465940483],[8.516309287343802,11.984174979291934],[8.516313342386866,11.984469024326073],[8.516309433033939,11.984470618824048],[8.516024418092458,11.985381911745888],[8.515973988608721,11.985432976151005],[8.515920201056474,11.985437184978137],[8.515823187590058,11.985511493260844],[8.51577618991928,11.985633260566544],[8.515736090947883,11.985673863158295],[8.515641493060514,11.985663894173397],[8.515602326686064,11.98561676340296],[8.515449583131783,11.98552387782473],[8.515342249045602,11.985418607682675],[8.515232851015298,11.985556903628261],[8.515182329800723,11.985615507949372],[8.515181844166818,11.985615456688038],[8.515098872714873,11.985645818699595],[8.515054380555284,11.98563578766152],[8.515016118898814,11.985604377939753],[8.514877822953224,11.98557754486785],[8.51482445808233,11.985583948940134],[8.51477891101797,11.985589414120227]]]}},{"type":"Feature","properties":{"name":"Ungogo","label":"Ungogo","lga":"Ungogo","people":81591,"walk":25.08,"walk_clinic":25.92,"walk_school":24.23,"f15":0.0,"f15_health":0.01,"f15_school":0.0,"beyond":81591,"clinics":7,"schools":7,"off_pct":15.32,"hexes":290,"gini":0.11,"share":1.42,"rank":83.0,"of":88,"reading":"Almost nobody here is within a 15-minute walk of clinics and schools. Clinics and schools are about even. That is 68 points below the city as a whole. Some of the long walks sit off the mapped street network.","places":"Alharini Layin Gidan Mahuta, Kurum, Layin Gidan Karnika, Minkyau Nasara, Nasara, Sabuwar Unguwa, Tudun Murtala Gandu, Tudun Murtala Gandu Layin Sani Garba and 157 others","place_n":165},"geometry":{"type":"Polygon","coordinates":[[[8.5074999998252,12.131499997726737],[8.510608196211308,12.132141333955476],[8.513531656560758,12.133140526614056],[8.515126668061328,12.132815154595733],[8.51699602584597,12.132092576311383],[8.51845181419992,12.131540692948647],[8.519046014262187,12.130407878121105],[8.518154715068079,12.127967952658935],[8.517352545883341,12.12573133513308],[8.514863983286261,12.12420284918221],[8.513246441070466,12.123055460840872],[8.513341512900524,12.121382326133473],[8.513353285026142,12.120277455040592],[8.514008683953648,12.119721328676405],[8.513365281082883,12.119151461570766],[8.51177282725422,12.118733173397288],[8.511273699022013,12.117826878008088],[8.510736849625971,12.113128527359718],[8.511723360944417,12.111011874898168],[8.512551459382394,12.109803314671296],[8.516643330625243,12.104946436029252],[8.518721722329644,12.100616185988258],[8.517866074959443,12.100017758213028],[8.517503613101326,12.099733069725458],[8.518283899082746,12.098144207789003],[8.518122019315797,12.098021989922925],[8.513653612724113,12.09537949486787],[8.506695635395317,12.091264680120958],[8.496092176113109,12.087732341874128],[8.48325747095555,12.083514070018339],[8.473832891574716,12.077303287216978],[8.472454349588588,12.07952287877788],[8.471646238583105,12.0806849620414],[8.470894794759033,12.080069504703944],[8.469138718277293,12.080499029007056],[8.46513606158004,12.080625813630432],[8.454355951166235,12.082361285744811],[8.445046709837811,12.082852417205341],[8.444653691714564,12.083199362160885],[8.442547456999591,12.085058680813518],[8.441910342188578,12.088258289688383],[8.440443585702951,12.090906813798481],[8.441149372745429,12.092843573971834],[8.443550251443014,12.094633525217091],[8.44604867510634,12.095500023807118],[8.446362411695986,12.094788868711364],[8.451140912623089,12.097127884844038],[8.4523236326296,12.097379626668499],[8.453506352636111,12.097631367593575],[8.455184168314759,12.099014022179402],[8.465092691774373,12.107179440978483],[8.468929345313086,12.110341148825],[8.475805070647539,12.115337730851653],[8.478372011858937,12.118730542880314],[8.480606202114586,12.121751505927303],[8.481822330136481,12.123969952651237],[8.484569907375375,12.125271268953952],[8.485606190773126,12.125801088349588],[8.493972283394214,12.129969183431115],[8.499534397794264,12.129671211057596],[8.5074999998252,12.131499997726737]]]}},{"type":"Feature","properties":{"name":"Naibawa","label":"Naibawa","lga":"Kumbotso","people":161895,"walk":15.34,"walk_clinic":18.44,"walk_school":12.25,"f15":58.73,"f15_health":42.57,"f15_school":79.22,"beyond":66814,"clinics":9,"schools":26,"off_pct":0.17,"hexes":193,"gini":0.23,"share":2.82,"rank":68.0,"of":88,"reading":"About half the people here can walk to clinics and schools in 15 minutes. Clinics are the weaker of the two services. That is 9 points below the city as a whole.","places":"Rimin Hamza, Umarawa, Alfarama Qtrs, Amina Best Acadamy, Arewawa, Babban Gida, Chochin Kwano, Dantata Quarters and 49 others","place_n":57},"geometry":{"type":"Polygon","coordinates":[[[8.522531770324974,11.889967952559003],[8.52253347184228,11.889977351373714],[8.523713027134534,11.89298087656624],[8.526801686648582,11.894226181293275],[8.527193857610484,11.896214704644933],[8.528406025018114,11.897296176277566],[8.529653844249538,11.898272985709754],[8.530972966229456,11.89921490594321],[8.532612956422838,11.899877735968799],[8.533896426578849,11.90176156204649],[8.534324250263978,11.904482620076921],[8.534894682143943,11.906471067885546],[8.535633271058657,11.908942364398625],[8.528788094794777,11.9093888858884],[8.523708384834151,11.910806407189966],[8.523554217653043,11.91371202409067],[8.522604872616853,11.91380585215842],[8.525988044812493,11.921084427004757],[8.53052853836141,11.921917120978378],[8.53134530624095,11.933514332020875],[8.531237774303918,11.935002082280336],[8.531255642034296,11.934998253866352],[8.53357627332639,11.934501102344024],[8.535358763795955,11.934689647908957],[8.53599105014689,11.933643590679196],[8.536280924125379,11.933129387111592],[8.53740862181047,11.933535118051278],[8.537425031739872,11.933541020301902],[8.538350264153394,11.934025449115207],[8.5383683800967,11.934034934264842],[8.554801396867049,11.941002281630059],[8.554818474992658,11.94100952297117],[8.554951502709741,11.938854155594868],[8.553661454912287,11.937297616192097],[8.554380543827108,11.93672991465388],[8.555468840414676,11.937953727382647],[8.558953555062544,11.935534072639369],[8.558970691644163,11.935540356202525],[8.558983175133449,11.935553399969479],[8.56129999779671,11.9380999994155],[8.561726995904166,11.937673003106683],[8.563307421300522,11.93808825337027],[8.563502315179733,11.938398843232052],[8.562899998735986,11.938700001903612],[8.562399998161425,11.939199998880893],[8.562839449181297,11.939582907725082],[8.563816909722675,11.94080622492737],[8.564092291126371,11.941391159274643],[8.564639235412415,11.942658720423648],[8.565369961554552,11.944352204090986],[8.565583136852354,11.945441080741315],[8.565661907571041,11.945891761595588],[8.565663558726328,11.945901200879746],[8.565682156706202,11.946007605966313],[8.566336591560514,11.94592922015744],[8.567779735446493,11.945744217022021],[8.567870648811436,11.945442254356578],[8.567979609771214,11.945080347380156],[8.568691532887954,11.945324037574322],[8.569439409101506,11.945580034091336],[8.569500086359938,11.945612156076205],[8.56979632843786,11.946029751771675],[8.57037096824564,11.945751354941137],[8.570792133350324,11.946214636196544],[8.570808499212944,11.94616918715832],[8.570901588037884,11.945907685891031],[8.57098486885667,11.945743502960338],[8.571051494231142,11.945615012323005],[8.571108601181038,11.945531730604953],[8.571170467343222,11.94545558770528],[8.57123471311155,11.945393722442361],[8.571310855111903,11.945324719260439],[8.57142031069884,11.945248576360767],[8.571539283810921,11.945167674248808],[8.571476843881271,11.945064048067417],[8.571438771981775,11.944978387642548],[8.571448290406352,11.944902244742877],[8.571514914881448,11.944835620267726],[8.57158154025592,11.944664299417923],[8.571343594031703,11.944445389143423],[8.571270623940165,11.94413288642363],[8.57130393572811,11.943623681287928],[8.571467326356071,11.943312764972177],[8.571855971076275,11.943147788839438],[8.572148405424628,11.942945053771268],[8.572838550558686,11.942460955908414],[8.573408111894878,11.941803591062921],[8.573485895158,11.94173459957216],[8.573650817331384,11.941721500047263],[8.573832846408777,11.941832145437218],[8.573911368015274,11.941835713947114],[8.573989889621771,11.94178217640638],[8.574196903664244,11.941460949363377],[8.574693020966208,11.94124322799263],[8.575092328947846,11.940880061066023],[8.57536759793635,11.940632895891497],[8.575745932828568,11.940472283269287],[8.57614211296817,11.940290254191952],[8.576645369088567,11.94017960880194],[8.57695250375508,11.939575252695816],[8.576651431418497,11.937822332834456],[8.576187190586438,11.9356656011866],[8.575465000809174,11.93401426424697],[8.574572867943573,11.932238947669362],[8.570914137177738,11.92888626968562],[8.569560029771594,11.92766696795627],[8.566114571430376,11.924508138839599],[8.562616114242303,11.9211095360763],[8.558600000989316,11.917100001364018],[8.557200000279863,11.915800001668797],[8.555690888423783,11.915029285373295],[8.552077534750481,11.914034691847577],[8.549750630687129,11.914099998815916],[8.547017313997912,11.914577779840728],[8.546300001244106,11.912399999560364],[8.54516042891072,11.909361150796538],[8.54390000208349,11.906599998291314],[8.542514897744413,11.902059599171196],[8.541928957055745,11.895703610932967],[8.541454876741227,11.8913506260306],[8.536232597256628,11.891379002339134],[8.535360703633614,11.887106076883981],[8.534897681382915,11.887209369416894],[8.522531770324974,11.889967952559003]]]}},{"type":"Feature","properties":{"name":"Kaura Goje","label":"Kaura Goje","lga":"Nassarawa","people":98444,"walk":8.76,"walk_clinic":12.61,"walk_school":4.91,"f15":95.3,"f15_health":74.24,"f15_school":99.6,"beyond":4624,"clinics":3,"schools":22,"off_pct":0.0,"hexes":45,"gini":0.18,"share":1.71,"rank":56.0,"of":88,"reading":"Most people here already finish inside 15 minutes. Clinics are the weaker of the two services. That is 28 points above the city as a whole.","places":"Kaura Goje, Asibiti Layin Kasan Kwari, Burtsatsen Makaho, Burtsatsen Makaho Dan Kargo Makoda, Computer Training Institute Kwanar Jaba, Dan Kargo Makoda, Filin Alkama Burtalin Shanu, Filin Alkama Layin Chediyar Dan Kashirya and 102 others","place_n":110},"geometry":{"type":"Polygon","coordinates":[[[8.546501822601101,12.034830645218166],[8.546100737559016,12.034833550927658],[8.545435234748311,12.034670831193976],[8.545004440602497,12.034429658202212],[8.5448113678504,12.034287623774844],[8.544497770655653,12.033941722032921],[8.544749079906182,12.033546937641121],[8.544838209915497,12.033395839846207],[8.544110315738521,12.032890246387808],[8.543836983889719,12.033267988626845],[8.543370594577311,12.032918360993621],[8.541792344641067,12.031612888923746],[8.539699573676444,12.029956617404027],[8.539097768946931,12.029553531370425],[8.538805422732139,12.030195121207951],[8.538110002174903,12.031706558710766],[8.538099515180534,12.031729351128714],[8.537277142725998,12.033256598713137],[8.536799540666323,12.03376533800002],[8.535848370006306,12.034778816389288],[8.53639422791133,12.034846481380042],[8.53685770342031,12.035102182919443],[8.537217846826195,12.035434802574114],[8.537441686284865,12.035863967148428],[8.537879726268386,12.03598551232159],[8.538390737242764,12.036299326252959],[8.538628417267716,12.036427176573],[8.538663707564126,12.036636443417192],[8.538483037362312,12.036818432025086],[8.538462040890522,12.037252387287879],[8.538602476323263,12.037455162825552],[8.53891363275801,12.037542953744376],[8.539234500072155,12.037647558388128],[8.539507831920957,12.037833521999517],[8.53978116376976,12.038356539822532],[8.539923771964538,12.038681973894029],[8.540125799266264,12.038926048998007],[8.54028029110259,12.039135255587608],[8.540124795622887,12.039682946310961],[8.540113914725453,12.039913968654789],[8.540185219272473,12.040018572399218],[8.540409804269075,12.040109614367282],[8.540748596870287,12.040072848283387],[8.540910142089444,12.039995326722986],[8.541028982101864,12.039786121032703],[8.541361733956933,12.039681517288216],[8.541658833988038,12.039681517288214],[8.541860861289763,12.039774498194562],[8.541967816761371,12.03996045910793],[8.54201535312609,12.040297513319613],[8.542086656773847,12.040576454240012],[8.542146076780057,12.040901885613605],[8.542288684974892,12.041018111296864],[8.542502596817428,12.041122713242654],[8.542680855936794,12.041215693249685],[8.542680855936794,12.041529500885813],[8.542752159584552,12.04178519612992],[8.54289476777933,12.04194791136706],[8.542977955967956,12.042064135251678],[8.543215635992851,12.04213386958247],[8.543536503307052,12.042017645697857],[8.543809835155798,12.042017645697852],[8.54404751518075,12.042215227650672],[8.544202007017077,12.042505788711253],[8.54404751518075,12.042761483056038],[8.543809835155798,12.043063666954707],[8.543586938186706,12.043261795695345],[8.543888617565699,12.04365900465939],[8.544222730094987,12.04359191973134],[8.544404760970963,12.043544447218496],[8.544465437330132,12.043390160427634],[8.544635331855147,12.0433664228222],[8.544708143665957,12.043532578865493],[8.5448416327352,12.043793680833746],[8.545011528159534,12.043947967624659],[8.545084339970344,12.044137857676047],[8.545063117768734,12.044266979637424],[8.54489017544131,12.044398958744976],[8.5448416327352,12.044529508829838],[8.544987257256139,12.044648190561588],[8.545169288132172,12.044755004839658],[8.545363452661263,12.045027973362323],[8.545533348085598,12.045360282750892],[8.545467604046735,12.04602785040504],[8.54537558901228,12.046274128848042],[8.545218135708467,12.046452092989737],[8.544987257256139,12.04649962305922],[8.544780956376087,12.04671324981666],[8.544720280016975,12.046903138968728],[8.544902309993688,12.04700995234748],[8.54505999981916,12.047155877242004],[8.545273071694965,12.047123626654072],[8.545410577136465,12.047074520972387],[8.545541300790433,12.04706870955334],[8.54567202534372,12.047260477389155],[8.545782275931344,12.047485818715586],[8.545885937186313,12.047597521708324],[8.546117675390462,12.047719555213348],[8.546367238157586,12.047853210657195],[8.54653955635547,12.047957810804348],[8.546604918182481,12.048033354755544],[8.546563323638509,12.048085654829151],[8.546474193629194,12.048079844309427],[8.54642071634305,12.048265800726195],[8.546343469975227,12.048440133405506],[8.546295933610509,12.04856797743025],[8.546295933610509,12.048626088023582],[8.546338270095134,12.048707071973865],[8.546450426346157,12.048759742568107],[8.546610860003227,12.048841097938352],[8.546777236380422,12.048922454207966],[8.546902018213643,12.04906773069126],[8.546961438219853,12.049276930086307],[8.546907960034389,12.049532617236535],[8.54684164042942,12.049669984182453],[8.546765351839554,12.049817360582777],[8.546801003663461,12.049927770350394],[8.546937670037494,12.050009124821313],[8.547031312844865,12.050023969030974],[8.54731201463784,12.050073046833687],[8.54749621737659,12.05015440220393],[8.547638824672049,12.050421710393662],[8.547771775946728,12.050851585432381],[8.547746620110502,12.051115603902016],[8.547789979124275,12.051332235294467],[8.547943586927033,12.05143338474295],[8.54811433041209,12.05139164630748],[8.548360340857073,12.051332235294465],[8.548633385822143,12.051302565760864],[8.548948904868098,12.051528054576124],[8.549112731667265,12.051682337769703],[8.549243688245667,12.051869862604121],[8.549173408925755,12.052014639064398],[8.549052211790183,12.052095718342796],[8.548827552149874,12.052157053005658],[8.548621251269767,12.052246061606525],[8.548536303107937,12.05237660809405],[8.548481693575354,12.052584296628025],[8.548433152667883,12.052750446376022],[8.548414950389713,12.052958133111417],[8.54845135584543,12.05313615031315],[8.548548437660315,12.053278564254414],[8.548754739439744,12.053290431708092],[8.548967108045645,12.053219225187151],[8.549185544377394,12.053248893821435],[8.549397912983352,12.053159886119884],[8.549508336240763,12.053013953131483],[8.549719499755156,12.052845387804439],[8.549786203370616,12.052646729363119],[8.549846921098606,12.052465616694917],[8.549919732909416,12.05231133529992],[8.550016815623565,12.052263863686393],[8.550119966962939,12.052335071106713],[8.55031413239135,12.05237067436718],[8.55045975601297,12.052459682968047],[8.550611448259758,12.052708909388684],[8.55079954596232,12.052898793144834],[8.550939102757411,12.053064942892833],[8.551046921578234,12.052892987121709],[8.551208544139058,12.052781417228687],[8.551455730897317,12.052669846436286],[8.551769468386283,12.052595465308512],[8.552026161877905,12.052539678563392],[8.552130741340704,12.052418808781058],[8.552282856268846,12.052372321025869],[8.55256807175914,12.052390916307784],[8.552862794882117,12.052539678563392],[8.553109981640375,12.052781417228688],[8.553281110934563,12.052800010711962],[8.553509284226152,12.052688440818937],[8.55368041262102,12.052502487100124],[8.553937107011905,12.052111987078602],[8.554041685575385,12.05181446256745],[8.554170033220487,12.051272876442166],[8.553968005019442,12.05115665525551],[8.553801630440944,12.051203143010696],[8.553599602239899,12.0512612527047],[8.553350037674136,12.051214764949462],[8.55319554583781,12.051168277194277],[8.553231197661717,12.051423961646549],[8.55311235764924,12.051621537304126],[8.55297176483515,12.051555894888681],[8.552850911240625,12.051342607175625],[8.55270830304579,12.051238008827111],[8.552803374875907,12.051040433169529],[8.552969751253045,12.050877724227634],[8.553219314020168,12.050622037077403],[8.553468877686612,12.050389594704084],[8.553590825756032,12.050125953050324],[8.553528297692822,12.049982820550781],[8.553694674070016,12.049796867731287],[8.553968005019442,12.049727135199191],[8.554229453226753,12.049820111608936],[8.554407713245439,12.049854977425301],[8.554645393270334,12.049796867731287],[8.554764232383492,12.0495876683363],[8.554966259685159,12.049390090880024],[8.55526200893462,12.04929484907808],[8.55561410970347,12.049119189898759],[8.555878887200947,12.048714741392246],[8.555808285024398,12.04748489870917],[8.554819537991307,12.046601607977893],[8.55490510218874,12.046015843556404],[8.555114261114284,12.045411484752263],[8.555901819913117,12.044013830374015],[8.555995084105916,12.043807407186138],[8.557286505168122,12.04274116916969],[8.55748178755448,12.040987058605936],[8.557667179196985,12.040303652991268],[8.557797999977765,12.039900557964417],[8.557226520387644,12.039261804588644],[8.556706153766015,12.037004565608244],[8.556686274252229,12.036767836166746],[8.556465707426526,12.036842220891856],[8.555612725646824,12.036820968113261],[8.553706080171537,12.036794126947427],[8.553677587850473,12.036187240149047],[8.553654941122659,12.03570485999137],[8.553037909072316,12.035627683770654],[8.55248188972746,12.035607805156133],[8.55181495609537,12.035849027610595],[8.550477753245787,12.035808335086642],[8.550525912840671,12.036066462996924],[8.549765338199848,12.035979292610309],[8.549800969339287,12.03569762404618],[8.548687176072349,12.035705633408325],[8.548869849963637,12.035006365551398],[8.548224548624091,12.034793667793567],[8.547939334033062,12.035550047097045],[8.547457557320456,12.03554446770306],[8.547100086699686,12.035488679159243],[8.547271071203,12.034968912385464],[8.546501822601101,12.034830645218166]]]}}]}