{"type":"FeatureCollection","features":[{"type":"Feature","properties":{"name":"St David Medical Clinic","kind":"clinic","ownership":"Private","level":"Secondary","kind_detail":"Unclassified","lga":"Ibadan North","ward":"Bashorun"},"geometry":{"type":"Point","coordinates":[3.91762,7.43151]}},{"type":"Feature","properties":{"name":"Samonda Primary Health Centre","kind":"clinic","ownership":"Public","level":"Primary","kind_detail":"Primary Health Center","lga":"Ibadan North","ward":"Samonda"},"geometry":{"type":"Point","coordinates":[3.90496,7.43249]}},{"type":"Feature","properties":{"name":"Bodija Health Centre","kind":"clinic","ownership":"Public","level":"Primary","kind_detail":"Primary Health Center","lga":"Ibadan North","ward":"Agbowo"},"geometry":{"type":"Point","coordinates":[3.9202,7.4397]}},{"type":"Feature","properties":{"name":"Doctor'S Polyclinic","kind":"clinic","ownership":"Private","level":"Unknown","kind_detail":"Unclassified","lga":"Ibadan North","ward":"Agbowo"},"geometry":{"type":"Point","coordinates":[3.90808,7.4411]}},{"type":"Feature","properties":{"name":"Rolly Maternity Clinic","kind":"clinic","ownership":"Private","level":"Unknown","kind_detail":"Unclassified","lga":"Ibadan North","ward":"Agbowo"},"geometry":{"type":"Point","coordinates":[3.91194,7.44218]}},{"type":"Feature","properties":{"name":"Pam Clinic","kind":"clinic","ownership":"","level":"","kind_detail":"","lga":"Ibadan North","ward":"Agbowo"},"geometry":{"type":"Point","coordinates":[3.92058,7.44715]}},{"type":"Feature","properties":{"name":"Barika Primary Health Centre","kind":"clinic","ownership":"Public","level":"Primary","kind_detail":"Primary Health Center","lga":"Ibadan North","ward":"Agbowo"},"geometry":{"type":"Point","coordinates":[3.91105,7.44794]}},{"type":"Feature","properties":{"name":"Odunola Clinic","kind":"clinic","ownership":"Private","level":"Unknown","kind_detail":"Unclassified","lga":"Ibadan North","ward":"Agbowo"},"geometry":{"type":"Point","coordinates":[3.91913,7.44891]}},{"type":"Feature","properties":{"name":"Agbowo Primary Health Centre","kind":"clinic","ownership":"Public","level":"Primary","kind_detail":"Primary Health Center","lga":"Ibadan North","ward":"Agbowo"},"geometry":{"type":"Point","coordinates":[3.91369,7.4495]}},{"type":"Feature","properties":{"name":"King David Hospital","kind":"clinic","ownership":"Private","level":"Secondary","kind_detail":"Unclassified","lga":"Ibadan North","ward":"Agbowo"},"geometry":{"type":"Point","coordinates":[3.91813,7.44821]}},{"type":"Feature","properties":{"name":"Bodija Center Hospital","kind":"clinic","ownership":"Public","level":"Primary","kind_detail":"Hospital","lga":"Ibadan North","ward":"Agbowo"},"geometry":{"type":"Point","coordinates":[3.91565,7.43784]}},{"type":"Feature","properties":{"name":"Samaritan Hospital","kind":"clinic","ownership":"Private","level":"Primary","kind_detail":"Primary Health Clinic","lga":"Ibadan South West","ward":"Ring Road/Challenge/Oluyole"},"geometry":{"type":"Point","coordinates":[3.86399,7.35379]}},{"type":"Feature","properties":{"name":"7 Up Staff Clinic","kind":"clinic","ownership":"Public","level":"Primary","kind_detail":"Health Post","lga":"Ibadan South West","ward":"Ring Road/Challenge/Oluyole"},"geometry":{"type":"Point","coordinates":[3.84772,7.35651]}},{"type":"Feature","properties":{"name":"Debip Hospital","kind":"clinic","ownership":"Private","level":"Primary","kind_detail":"Primary Health Clinic","lga":"Ibadan South West","ward":"Ring Road/Challenge/Oluyole"},"geometry":{"type":"Point","coordinates":[3.866,7.35907]}},{"type":"Feature","properties":{"name":"Breeze Maternity Laboratory","kind":"clinic","ownership":"Private","level":"Primary","kind_detail":"Primary Health Clinic","lga":"Ibadan South West","ward":"Ring Road/Challenge/Oluyole"},"geometry":{"type":"Point","coordinates":[3.86908,7.36011]}},{"type":"Feature","properties":{"name":"Oni Memorial 'S Children Hospital","kind":"clinic","ownership":"Public","level":"Secondary","kind_detail":"General Hospital","lga":"Ibadan South West","ward":"Ring Road/Challenge/Oluyole"},"geometry":{"type":"Point","coordinates":[3.86193,7.36249]}},{"type":"Feature","properties":{"name":"Ola Oluwa Medical Center","kind":"clinic","ownership":"Private","level":"Primary","kind_detail":"Primary Health Clinic","lga":"Ibadan South West","ward":"Oke Ado/Liberty"},"geometry":{"type":"Point","coordinates":[3.87502,7.3627]}},{"type":"Feature","properties":{"name":"Zoe Mission Specialist Hospital","kind":"clinic","ownership":"Private","level":"Primary","kind_detail":"Primary Health Clinic","lga":"Ibadan South West","ward":"Ring Road/Challenge/Oluyole"},"geometry":{"type":"Point","coordinates":[3.84832,7.36515]}},{"type":"Feature","properties":{"name":"Zenith Care Hospital And Fertility Centre","kind":"clinic","ownership":"Private","level":"Secondary","kind_detail":"Primary Health Clinic","lga":"Ibadan South West","ward":"Ring Road/Challenge/Oluyole"},"geometry":{"type":"Point","coordinates":[3.84207,7.36519]}},{"type":"Feature","properties":{"name":"Premier Hospital And Ultra Sound  Center","kind":"clinic","ownership":"Private","level":"Primary","kind_detail":"Primary Health Clinic","lga":"Ibadan South West","ward":"Oke Ado/Liberty"},"geometry":{"type":"Point","coordinates":[3.87858,7.36593]}},{"type":"Feature","properties":{"name":"Victory Hospital","kind":"clinic","ownership":"Private","level":"Primary","kind_detail":"Primary Health Clinic","lga":"Ibadan South West","ward":"Oke Ado/Liberty"},"geometry":{"type":"Point","coordinates":[3.87935,7.36598]}},{"type":"Feature","properties":{"name":"Joy Hospital And Maternity","kind":"clinic","ownership":"Private","level":"Primary","kind_detail":"Primary Health Clinic","lga":"Ibadan South West","ward":"Oke Ado/Liberty"},"geometry":{"type":"Point","coordinates":[3.87745,7.36654]}},{"type":"Feature","properties":{"name":"Ramoth Gilead Hospital","kind":"clinic","ownership":"Private","level":"Primary","kind_detail":"Primary Health Clinic","lga":"Ibadan South West","ward":"Oke Ado/Liberty"},"geometry":{"type":"Point","coordinates":[3.87688,7.36867]}},{"type":"Feature","properties":{"name":"Samron Specialist Hospital","kind":"clinic","ownership":"Private","level":"Secondary","kind_detail":"Primary Health Center","lga":"Ibadan South West","ward":"Oke Ado/Liberty"},"geometry":{"type":"Point","coordinates":[3.86675,7.36883]}},{"type":"Feature","properties":{"name":"Topmed Medical Service","kind":"clinic","ownership":"Private","level":"Primary","kind_detail":"Primary Health Clinic","lga":"Ibadan South West","ward":"Ring Road/Challenge/Oluyole"},"geometry":{"type":"Point","coordinates":[3.85903,7.37028]}},{"type":"Feature","properties":{"name":"El Bethel Hospital","kind":"clinic","ownership":"Private","level":"Primary","kind_detail":"Primary Health Clinic","lga":"Ibadan South West","ward":"Ring Road/Challenge/Oluyole"},"geometry":{"type":"Point","coordinates":[3.85418,7.37048]}},{"type":"Feature","properties":{"name":"Crown Hospital And Maternity Center","kind":"clinic","ownership":"Private","level":"Secondary","kind_detail":"Primary Health Center","lga":"Ibadan South West","ward":"Oke Ado/Liberty"},"geometry":{"type":"Point","coordinates":[3.87846,7.37216]}},{"type":"Feature","properties":{"name":"Keva Specialist Hospital","kind":"clinic","ownership":"Private","level":"Primary","kind_detail":"Primary Health Clinic","lga":"Ibadan South West","ward":"Ring Road/Challenge/Oluyole"},"geometry":{"type":"Point","coordinates":[3.85841,7.37242]}},{"type":"Feature","properties":{"name":"Alpha And Omega N T C Maternity And Child Welfare Clinic","kind":"clinic","ownership":"Private","level":"Primary","kind_detail":"Primary Health Clinic","lga":"Ibadan South West","ward":"Oke Ado/Liberty"},"geometry":{"type":"Point","coordinates":[3.87731,7.37278]}},{"type":"Feature","properties":{"name":"All Souls Medical Center","kind":"clinic","ownership":"Private","level":"Primary","kind_detail":"Primary Health Clinic","lga":"Ibadan South West","ward":"Oke Ado/Liberty"},"geometry":{"type":"Point","coordinates":[3.87873,7.37283]}},{"type":"Feature","properties":{"name":"Oke-Ayo Centre Primary Health Care","kind":"clinic","ownership":"Public","level":"Primary","kind_detail":"Primary Health Center","lga":"Ibadan South West","ward":"Apata/Odo Ona"},"geometry":{"type":"Point","coordinates":[3.85166,7.37412]}},{"type":"Feature","properties":{"name":"Alpha Beta Medics Service Health Care","kind":"clinic","ownership":"Private","level":"Secondary","kind_detail":"General Hospital","lga":"Ibadan South West","ward":"Alesinloye"},"geometry":{"type":"Point","coordinates":[3.8627,7.37469]}},{"type":"Feature","properties":{"name":"Sharp Corner Primary Health Centre","kind":"clinic","ownership":"Public","level":"Primary","kind_detail":"Primary Health Center","lga":"Ibadan South West","ward":"Oke Ado/Liberty"},"geometry":{"type":"Point","coordinates":[3.87839,7.37569]}},{"type":"Feature","properties":{"name":"Ekotedo Dental Center","kind":"clinic","ownership":"Public","level":"Secondary","kind_detail":"General Hospital","lga":"Ibadan North West","ward":"Ekotedo"},"geometry":{"type":"Point","coordinates":[3.87904,7.38856]}},{"type":"Feature","properties":{"name":"Alesinloye Primary Health Care Center","kind":"clinic","ownership":"Public","level":"Primary","kind_detail":"Primary Health Center","lga":"Ibadan South West","ward":"Alesinloye"},"geometry":{"type":"Point","coordinates":[3.87109,7.38861]}},{"type":"Feature","properties":{"name":"Jericho Hospital Specialist","kind":"clinic","ownership":"Private","level":"Primary","kind_detail":"Primary Health Clinic","lga":"Ibadan South West","ward":"Alesinloye"},"geometry":{"type":"Point","coordinates":[3.87309,7.39331]}},{"type":"Feature","properties":{"name":"Government Chest Hospital","kind":"clinic","ownership":"Public","level":"Primary","kind_detail":"Primary Health Center","lga":"Ibadan South West","ward":"Alesinloye"},"geometry":{"type":"Point","coordinates":[3.87208,7.39484]}},{"type":"Feature","properties":{"name":"Center Bank Of Nigeria Clinic","kind":"clinic","ownership":"Public","level":"Secondary","kind_detail":"General Hospital","lga":"Ibadan North West","ward":"Afonta"},"geometry":{"type":"Point","coordinates":[3.87607,7.39627]}},{"type":"Feature","properties":{"name":"The Horizon Hospital","kind":"clinic","ownership":"Private","level":"Primary","kind_detail":"Primary Health Clinic","lga":"Ibadan South West","ward":"Molete/Oke Ado"},"geometry":{"type":"Point","coordinates":[3.87933,7.36426]}},{"type":"Feature","properties":{"name":"The Vine Hospital And Maternity Center","kind":"clinic","ownership":"Private","level":"Primary","kind_detail":"Primary Health Clinic","lga":"Ibadan South West","ward":"Ring Road/Challenge/Oluyole"},"geometry":{"type":"Point","coordinates":[3.85035,7.36425]}},{"type":"Feature","properties":{"name":"Jericho Nursing Home","kind":"clinic","ownership":"Public","level":"Secondary","kind_detail":"General Hospital","lga":"Ibadan North West","ward":"Afonta"},"geometry":{"type":"Point","coordinates":[3.8696,7.39959]}},{"type":"Feature","properties":{"name":"Ayo Hospital And Ultrasound Care","kind":"clinic","ownership":"Private","level":"Primary","kind_detail":"Primary Health Clinic","lga":"Ibadan North West","ward":"Afonta"},"geometry":{"type":"Point","coordinates":[3.87125,7.39932]}},{"type":"Feature","properties":{"name":"Hebron Medical Centre","kind":"clinic","ownership":"Private","level":"Secondary","kind_detail":"General Hospital","lga":"Ibadan South West","ward":"Apata/Odo Ona"},"geometry":{"type":"Point","coordinates":[3.85541,7.37712]}},{"type":"Feature","properties":{"name":"Hope Medical Centre","kind":"clinic","ownership":"Private","level":"Primary","kind_detail":"Primary Health Clinic","lga":"Ibadan South West","ward":"Apata/Odo Ona"},"geometry":{"type":"Point","coordinates":[3.85493,7.37815]}},{"type":"Feature","properties":{"name":"Lead City International School Clinic","kind":"clinic","ownership":"Private","level":"Primary","kind_detail":"Primary Health Clinic","lga":"Ibadan North West","ward":"Afonta"},"geometry":{"type":"Point","coordinates":[3.86685,7.40003]}},{"type":"Feature","properties":{"name":"Oke-Bola Primary Health Centre","kind":"clinic","ownership":"Public","level":"Primary","kind_detail":"Primary Health Center","lga":"Ibadan South West","ward":"Alesinloye"},"geometry":{"type":"Point","coordinates":[3.87745,7.38342]}},{"type":"Feature","properties":{"name":"Zion Nigeria Limited Hospital","kind":"clinic","ownership":"Private","level":"Secondary","kind_detail":"General Hospital","lga":"Ibadan South West","ward":"Alesinloye"},"geometry":{"type":"Point","coordinates":[3.86917,7.3813]}},{"type":"Feature","properties":{"name":"Onireke Primary Health Centre","kind":"clinic","ownership":"Public","level":"Primary","kind_detail":"Clinic","lga":"Ibadan North West","ward":"Afonta"},"geometry":{"type":"Point","coordinates":[3.87909,7.39249]}},{"type":"Feature","properties":{"name":"Oluyole Primary Health Care Center","kind":"clinic","ownership":"Public","level":"Primary","kind_detail":"Primary Health Center","lga":"Ibadan South West","ward":"Ring Road/Challenge/Oluyole"},"geometry":{"type":"Point","coordinates":[3.85968,7.36908]}},{"type":"Feature","properties":{"name":"Conac Optical Clinic Nig Ltd","kind":"clinic","ownership":"","level":"","kind_detail":"","lga":"Ibadan South West","ward":"Oke Ado/Liberty"},"geometry":{"type":"Point","coordinates":[3.87848,7.36591]}},{"type":"Feature","properties":{"name":"Police Hospital","kind":"clinic","ownership":"Public","level":"Secondary","kind_detail":"General Hospital","lga":"Ibadan North West","ward":"Eleyele"},"geometry":{"type":"Point","coordinates":[3.86512,7.40808]}},{"type":"Feature","properties":{"name":"Pauline Canadian Hospital","kind":"clinic","ownership":"Private","level":"Primary","kind_detail":"Primary Health Clinic","lga":"Ibadan North West","ward":"Eleyele"},"geometry":{"type":"Point","coordinates":[3.86476,7.41357]}},{"type":"Feature","properties":{"name":"Eleyele Center Hospital","kind":"clinic","ownership":"Private","level":"Secondary","kind_detail":"Primary Health Clinic","lga":"Ibadan North West","ward":"Olopomewa"},"geometry":{"type":"Point","coordinates":[3.86003,7.41599]}},{"type":"Feature","properties":{"name":"Eleyele Primary Health Centre","kind":"clinic","ownership":"Public","level":"Primary","kind_detail":"Primary Health Center","lga":"Ibadan North West","ward":"Eleyele"},"geometry":{"type":"Point","coordinates":[3.8683,7.41685]}},{"type":"Feature","properties":{"name":"West Wind Hospital Maternity","kind":"clinic","ownership":"Private","level":"Primary","kind_detail":"Primary Health Clinic","lga":"Ibadan North West","ward":"Olopomewa"},"geometry":{"type":"Point","coordinates":[3.85836,7.41796]}},{"type":"Feature","properties":{"name":"Funminiyi Maternity Centre","kind":"clinic","ownership":"Private","level":"Primary","kind_detail":"Primary Health Clinic","lga":"Ibadan North West","ward":"Eleyele"},"geometry":{"type":"Point","coordinates":[3.85958,7.41817]}},{"type":"Feature","properties":{"name":"Lily Hospital And Maternity","kind":"clinic","ownership":"Private","level":"Primary","kind_detail":"Primary Health Clinic","lga":"Ibadan North West","ward":"Eleyele"},"geometry":{"type":"Point","coordinates":[3.87422,7.41891]}},{"type":"Feature","properties":{"name":"Victory Hospital","kind":"clinic","ownership":"Private","level":"Secondary","kind_detail":"General Hospital","lga":"Ibadan North West","ward":"Eleyele"},"geometry":{"type":"Point","coordinates":[3.87282,7.42023]}},{"type":"Feature","properties":{"name":"Sam Xesus Devorah Hospital","kind":"clinic","ownership":"Private","level":"Primary","kind_detail":"Primary Health Clinic","lga":"Ibadan North West","ward":"Eleyele"},"geometry":{"type":"Point","coordinates":[3.87473,7.42131]}},{"type":"Feature","properties":{"name":"Moviv Hospital Specialist","kind":"clinic","ownership":"Private","level":"Secondary","kind_detail":"General Hospital","lga":"Ibadan North West","ward":"Olopomewa"},"geometry":{"type":"Point","coordinates":[3.84042,7.4217]}},{"type":"Feature","properties":{"name":"Koseunti Primary Health Centre","kind":"clinic","ownership":"Public","level":"Primary","kind_detail":"Primary Health Center","lga":"Ibadan North West","ward":"Olopomewa"},"geometry":{"type":"Point","coordinates":[3.83942,7.4222]}},{"type":"Feature","properties":{"name":"Mercyland Clinic And Ultrasound Centre","kind":"clinic","ownership":"Private","level":"Unknown","kind_detail":"Unclassified","lga":"Ibadan North","ward":"Sango"},"geometry":{"type":"Point","coordinates":[3.8783,7.42484]}},{"type":"Feature","properties":{"name":"Gods Knot Hospital","kind":"clinic","ownership":"Private","level":"Secondary","kind_detail":"General Hospital","lga":"Ido","ward":"Apete"},"geometry":{"type":"Point","coordinates":[3.82826,7.43542]}},{"type":"Feature","properties":{"name":"New Era Hospital And Maternity","kind":"clinic","ownership":"Private","level":"Primary","kind_detail":"Primary Health Clinic","lga":"Ibadan North West","ward":"Eleyele"},"geometry":{"type":"Point","coordinates":[3.85993,7.42019]}},{"type":"Feature","properties":{"name":"Chief Shepherd Mission Hospital","kind":"clinic","ownership":"Private","level":"Primary","kind_detail":"Primary Health Clinic","lga":"Ibadan North West","ward":"Eleyele"},"geometry":{"type":"Point","coordinates":[3.87895,7.42105]}},{"type":"Feature","properties":{"name":"Heritage Hospital","kind":"clinic","ownership":"Private","level":"Primary","kind_detail":"Primary Health Clinic","lga":"Ibadan South West","ward":"Molete/Oke Ado"},"geometry":{"type":"Point","coordinates":[3.87925,7.35709]}},{"type":"Feature","properties":{"name":"Bams Specialist Hospital","kind":"clinic","ownership":"Private","level":"Secondary","kind_detail":"General Hospital","lga":"Ibadan South West","ward":"Molete/Oke Ado"},"geometry":{"type":"Point","coordinates":[3.87986,7.35914]}},{"type":"Feature","properties":{"name":"Iyana Court Primary Health Centre","kind":"clinic","ownership":"Public","level":"Primary","kind_detail":"Primary Health Center","lga":"Ibadan South East","ward":"Owode"},"geometry":{"type":"Point","coordinates":[3.90413,7.35951]}},{"type":"Feature","properties":{"name":"Christ Hospital And Maternity Home","kind":"clinic","ownership":"Private","level":"Unknown","kind_detail":"Unclassified","lga":"Ibadan South West","ward":"Molete/Oke Ado"},"geometry":{"type":"Point","coordinates":[3.8803,7.36094]}},{"type":"Feature","properties":{"name":"Likeminds Fetal Hospital","kind":"clinic","ownership":"Private","level":"Primary","kind_detail":"Primary Health Clinic","lga":"Ibadan South West","ward":"Molete/Oke Ado"},"geometry":{"type":"Point","coordinates":[3.88058,7.36292]}},{"type":"Feature","properties":{"name":"Search Medical Laboratory","kind":"clinic","ownership":"","level":"","kind_detail":"","lga":"Ibadan South West","ward":"Molete/Oke Ado"},"geometry":{"type":"Point","coordinates":[3.8864,7.36317]}},{"type":"Feature","properties":{"name":"Bode Primary Health Centre","kind":"clinic","ownership":"Public","level":"Primary","kind_detail":"Primary Health Center","lga":"Ibadan South West","ward":"Popoyemoja"},"geometry":{"type":"Point","coordinates":[3.88931,7.3632]}},{"type":"Feature","properties":{"name":"Gods Faithfullness Hospital","kind":"clinic","ownership":"Private","level":"Primary","kind_detail":"Primary Health Clinic","lga":"Ibadan South West","ward":"Molete/Oke Ado"},"geometry":{"type":"Point","coordinates":[3.88152,7.36449]}},{"type":"Feature","properties":{"name":"Agbongbon Primary Health Centre","kind":"clinic","ownership":"Public","level":"Primary","kind_detail":"Primary Health Center","lga":"Ibadan South East","ward":"Ita-Ege"},"geometry":{"type":"Point","coordinates":[3.89953,7.36682]}},{"type":"Feature","properties":{"name":"Omotayo Clinic","kind":"clinic","ownership":"Private","level":"Primary","kind_detail":"Primary Health Clinic","lga":"Ibadan South West","ward":"Molete/Oke Ado"},"geometry":{"type":"Point","coordinates":[3.88292,7.36704]}},{"type":"Feature","properties":{"name":"Immaculate Hospital","kind":"clinic","ownership":"Private","level":"Primary","kind_detail":"Primary Health Clinic","lga":"Ibadan South West","ward":"Molete/Oke Ado"},"geometry":{"type":"Point","coordinates":[3.88461,7.36764]}},{"type":"Feature","properties":{"name":"Mercy Medical Center","kind":"clinic","ownership":"Private","level":"Primary","kind_detail":"Primary Health Clinic","lga":"Ibadan South East","ward":"Ita-Ege"},"geometry":{"type":"Point","coordinates":[3.90451,7.36767]}},{"type":"Feature","properties":{"name":"Akuro Primary Health Centre","kind":"clinic","ownership":"Public","level":"Primary","kind_detail":"Primary Health Center","lga":"Ibadan South West","ward":"Foko/Ologede"},"geometry":{"type":"Point","coordinates":[3.8854,7.36811]}},{"type":"Feature","properties":{"name":"Omowumi Eye Clinic","kind":"clinic","ownership":"Private","level":"Primary","kind_detail":"Primary Health Clinic","lga":"Ibadan South West","ward":"Molete/Oke Ado"},"geometry":{"type":"Point","coordinates":[3.88251,7.37011]}},{"type":"Feature","properties":{"name":"Living Grace Hospital","kind":"clinic","ownership":"Private","level":"Secondary","kind_detail":"Unclassified","lga":"Ibadan South East","ward":"Ita-Ege"},"geometry":{"type":"Point","coordinates":[3.90433,7.37158]}},{"type":"Feature","properties":{"name":"Omiyale Primary Health Centre","kind":"clinic","ownership":"Public","level":"Primary","kind_detail":"Primary Health Center","lga":"Ibadan South East","ward":"Oranyan"},"geometry":{"type":"Point","coordinates":[3.89853,7.37215]}},{"type":"Feature","properties":{"name":"Ojagbo Primary Health Centre","kind":"clinic","ownership":"Public","level":"Primary","kind_detail":"Primary Health Center","lga":"Ibadan North East","ward":"Oja Gbo"},"geometry":{"type":"Point","coordinates":[3.90605,7.37311]}},{"type":"Feature","properties":{"name":"Isale Osi Primary Health Centre","kind":"clinic","ownership":"Public","level":"Primary","kind_detail":"Primary Health Center","lga":"Ibadan South West","ward":"Isale Osi/Oja'Ba"},"geometry":{"type":"Point","coordinates":[3.89119,7.3741]}},{"type":"Feature","properties":{"name":"Salaam Nursing And Maternity","kind":"clinic","ownership":"Private","level":"Primary","kind_detail":"Primary Health Clinic","lga":"Ibadan South West","ward":"Foko/Ologede"},"geometry":{"type":"Point","coordinates":[3.88512,7.37509]}},{"type":"Feature","properties":{"name":"Foko Primary Health Centre","kind":"clinic","ownership":"Public","level":"Primary","kind_detail":"Primary Health Center","lga":"Ibadan South West","ward":"Foko/Ologede"},"geometry":{"type":"Point","coordinates":[3.88694,7.37613]}},{"type":"Feature","properties":{"name":"Fijabi Primary Health Centre","kind":"clinic","ownership":"Public","level":"Primary","kind_detail":"Primary Health Center","lga":"Ibadan South West","ward":"Oritamerin"},"geometry":{"type":"Point","coordinates":[3.89445,7.37693]}},{"type":"Feature","properties":{"name":"Saint Lucia Limited Hospital","kind":"clinic","ownership":"Private","level":"Primary","kind_detail":"Primary Health Clinic","lga":"Ibadan South West","ward":"Alesinloye"},"geometry":{"type":"Point","coordinates":[3.88214,7.37717]}},{"type":"Feature","properties":{"name":"Agbokojo Primary Health Centre","kind":"clinic","ownership":"Public","level":"Primary","kind_detail":"Primary Health Center","lga":"Ibadan South West","ward":"Agbokojo"},"geometry":{"type":"Point","coordinates":[3.88614,7.37966]}},{"type":"Feature","properties":{"name":"Odo-Osun Health Post","kind":"clinic","ownership":"Public","level":"Primary","kind_detail":"Health Post","lga":"Ibadan North East","ward":"Odo Osun"},"geometry":{"type":"Point","coordinates":[3.90164,7.3807]}},{"type":"Feature","properties":{"name":"Ayeye Primary Health Centre","kind":"clinic","ownership":"Public","level":"Primary","kind_detail":"Primary Health Center","lga":"Ibadan North West","ward":"Bere"},"geometry":{"type":"Point","coordinates":[3.89399,7.38078]}},{"type":"Feature","properties":{"name":"Ori-Eru Primary Health Centre","kind":"clinic","ownership":"Public","level":"Primary","kind_detail":"Primary Health Center","lga":"Ibadan North West","ward":"Oritamerin"},"geometry":{"type":"Point","coordinates":[3.89145,7.38132]}},{"type":"Feature","properties":{"name":"Khalifat Clinic","kind":"clinic","ownership":"Private","level":"Primary","kind_detail":"Primary Health Clinic","lga":"Ibadan North East","ward":"Atipe"},"geometry":{"type":"Point","coordinates":[3.90702,7.38169]}},{"type":"Feature","properties":{"name":"Origbegi Health Center","kind":"clinic","ownership":"Public","level":"Primary","kind_detail":"Primary Health Center","lga":"Ibadan North West","ward":"Asukuna"},"geometry":{"type":"Point","coordinates":[3.89342,7.38264]}},{"type":"Feature","properties":{"name":"Alafara Primary Health Centre","kind":"clinic","ownership":"Public","level":"Primary","kind_detail":"Primary Health Center","lga":"Ibadan North East","ward":"Alafara"},"geometry":{"type":"Point","coordinates":[3.905,7.38271]}},{"type":"Feature","properties":{"name":"Uch Annex","kind":"clinic","ownership":"Public","level":"Secondary","kind_detail":"Health Post","lga":"Ibadan North West","ward":"Idikan/Olorisaoko"},"geometry":{"type":"Point","coordinates":[3.89126,7.38324]}},{"type":"Feature","properties":{"name":"Oje Elewa Primary Health Centre","kind":"clinic","ownership":"Public","level":"Primary","kind_detail":"Primary Health Center","lga":"Ibadan North East","ward":"Oje"},"geometry":{"type":"Point","coordinates":[3.90793,7.38474]}},{"type":"Feature","properties":{"name":"Lanioka Primary Health Centre","kind":"clinic","ownership":"Public","level":"Primary","kind_detail":"Primary Health Center","lga":"Ibadan South East","ward":"Ita-Ege"},"geometry":{"type":"Point","coordinates":[3.90215,7.36982]}},{"type":"Feature","properties":{"name":"Akere Primary Health Centre","kind":"clinic","ownership":"Public","level":"Primary","kind_detail":"Primary Health Center","lga":"Ibadan South West","ward":"Oritamerin"},"geometry":{"type":"Point","coordinates":[3.89461,7.37649]}},{"type":"Feature","properties":{"name":"Lade Hospital","kind":"clinic","ownership":"Private","level":"Primary","kind_detail":"Primary Health Clinic","lga":"Ibadan South West","ward":"Foko/Ologede"},"geometry":{"type":"Point","coordinates":[3.88974,7.37485]}},{"type":"Feature","properties":{"name":"Molete Primary Health Centre","kind":"clinic","ownership":"Public","level":"Primary","kind_detail":"Primary Health Center","lga":"Ibadan South West","ward":"Molete/Oke Ado"},"geometry":{"type":"Point","coordinates":[3.88928,7.36043]}},{"type":"Feature","properties":{"name":"Aliamudulilahi Maternity","kind":"clinic","ownership":"Private","level":"Primary","kind_detail":"Health Post","lga":"Ibadan North West","ward":"Oritamerin"},"geometry":{"type":"Point","coordinates":[3.89025,7.38182]}},{"type":"Feature","properties":{"name":"New World Specialist Hospital","kind":"clinic","ownership":"Private","level":"Tertiary","kind_detail":"Specialist Hospital","lga":"Ibadan South West","ward":"Ring Road/Challenge/Oluyole"},"geometry":{"type":"Point","coordinates":[3.88266,7.35582]}},{"type":"Feature","properties":{"name":"Gods Faithful Meys Hospital","kind":"clinic","ownership":"","level":"","kind_detail":"","lga":"Ibadan South West","ward":"Oke Ado/Liberty"},"geometry":{"type":"Point","coordinates":[3.88366,7.36733]}},{"type":"Feature","properties":{"name":"Blossom Care Family Health Hospital","kind":"clinic","ownership":"Private","level":"Primary","kind_detail":"Primary Health Clinic","lga":"Ibadan North West","ward":"Ekotedo"},"geometry":{"type":"Point","coordinates":[3.87956,7.38758]}},{"type":"Feature","properties":{"name":"Imperial Hospital","kind":"clinic","ownership":"Private","level":"Primary","kind_detail":"Primary Health Clinic","lga":"Ibadan North","ward":"Yemetu"},"geometry":{"type":"Point","coordinates":[3.89998,7.38767]}},{"type":"Feature","properties":{"name":"Ogunpa Primary Health Centre","kind":"clinic","ownership":"Public","level":"Primary","kind_detail":"Primary Health Center","lga":"Ibadan North West","ward":"Ekotedo"},"geometry":{"type":"Point","coordinates":[3.88417,7.38804]}},{"type":"Feature","properties":{"name":"Total Diagnostic Health Care","kind":"clinic","ownership":"Private","level":"Primary","kind_detail":"Primary Health Clinic","lga":"Ibadan North","ward":"Yemetu"},"geometry":{"type":"Point","coordinates":[3.8998,7.38812]}},{"type":"Feature","properties":{"name":"Gold Cross Medical Center","kind":"clinic","ownership":"Private","level":"Unknown","kind_detail":"Unclassified","lga":"Ibadan North","ward":"Yemetu"},"geometry":{"type":"Point","coordinates":[3.90398,7.38826]}},{"type":"Feature","properties":{"name":"Abebi / Alawo Primary Health Centre","kind":"clinic","ownership":"Public","level":"Primary","kind_detail":"Primary Health Center","lga":"Ibadan North West","ward":"Abebi"},"geometry":{"type":"Point","coordinates":[3.89181,7.38878]}},{"type":"Feature","properties":{"name":"Oniyanrin Comprehensive Health Centre","kind":"clinic","ownership":"Public","level":"Primary","kind_detail":"Primary Health Center","lga":"Ibadan North West","ward":"Inalende"},"geometry":{"type":"Point","coordinates":[3.8927,7.38956]}},{"type":"Feature","properties":{"name":"Anike Child Welfare Clinic","kind":"clinic","ownership":"Private","level":"Primary","kind_detail":"Primary Health Clinic","lga":"Ibadan North West","ward":"Ekotedo"},"geometry":{"type":"Point","coordinates":[3.88593,7.39069]}},{"type":"Feature","properties":{"name":"Kejide Hospital","kind":"clinic","ownership":"Private","level":"Primary","kind_detail":"Primary Health Clinic","lga":"Ibadan North West","ward":"Ekotedo"},"geometry":{"type":"Point","coordinates":[3.8829,7.39142]}},{"type":"Feature","properties":{"name":"Aladorin Primary Health Center","kind":"clinic","ownership":"Private","level":"Unknown","kind_detail":"Unclassified","lga":"Ibadan North","ward":"Yemetu"},"geometry":{"type":"Point","coordinates":[3.90055,7.39354]}},{"type":"Feature","properties":{"name":"Oganla Iware Primary Health Centre","kind":"clinic","ownership":"Public","level":"Primary","kind_detail":"Primary Health Center","lga":"Ibadan North West","ward":"Ekotedo"},"geometry":{"type":"Point","coordinates":[3.88613,7.39361]}},{"type":"Feature","properties":{"name":"High Land Hospital Specialist","kind":"clinic","ownership":"Private","level":"Unknown","kind_detail":"Teaching/Tertiary Hospital","lga":"Ibadan North","ward":"Yemetu"},"geometry":{"type":"Point","coordinates":[3.90468,7.39376]}},{"type":"Feature","properties":{"name":"Ajose Primary Health Centre","kind":"clinic","ownership":"Public","level":"Primary","kind_detail":"Primary Health Center","lga":"Ibadan North","ward":"Nalende"},"geometry":{"type":"Point","coordinates":[3.89505,7.39381]}},{"type":"Feature","properties":{"name":"Ebenezer Clinic","kind":"clinic","ownership":"Private","level":"Secondary","kind_detail":"Unclassified","lga":"Ibadan North","ward":"Yemetu"},"geometry":{"type":"Point","coordinates":[3.90418,7.39436]}},{"type":"Feature","properties":{"name":"Abiola Memorial Hospital","kind":"clinic","ownership":"Private","level":"Unknown","kind_detail":"Unclassified","lga":"Ibadan North","ward":"Yemetu"},"geometry":{"type":"Point","coordinates":[3.90552,7.39471]}},{"type":"Feature","properties":{"name":"Aggrey Hospital","kind":"clinic","ownership":"Private","level":"Unknown","kind_detail":"Unclassified","lga":"Ibadan North","ward":"Yemetu"},"geometry":{"type":"Point","coordinates":[3.90583,7.39472]}},{"type":"Feature","properties":{"name":"St Joseph Medical Center","kind":"clinic","ownership":"Private","level":"Primary","kind_detail":"Primary Health Clinic","lga":"Ibadan North West","ward":"Afonta"},"geometry":{"type":"Point","coordinates":[3.8833,7.39532]}},{"type":"Feature","properties":{"name":"Gentle Hearts Global Harvest Medical Center","kind":"clinic","ownership":"Public","level":"Secondary","kind_detail":"Primary Health Clinic","lga":"Ibadan North West","ward":"Ekotedo"},"geometry":{"type":"Point","coordinates":[3.88323,7.39698]}},{"type":"Feature","properties":{"name":"Group Medical Hospital","kind":"clinic","ownership":"Private","level":"Primary","kind_detail":"Primary Health Clinic","lga":"Ibadan North","ward":"Ago Tapa"},"geometry":{"type":"Point","coordinates":[3.8916,7.40101]}},{"type":"Feature","properties":{"name":"University College Hospital","kind":"clinic","ownership":"Public","level":"Tertiary","kind_detail":"Teaching/Tertiary Hospital","lga":"Ibadan North","ward":"Old Bodija"},"geometry":{"type":"Point","coordinates":[3.90226,7.40126]}},{"type":"Feature","properties":{"name":"Sabo Primary Health Centre","kind":"clinic","ownership":"Public","level":"Primary","kind_detail":"Primary Health Center","lga":"Ibadan North","ward":"Sabo"},"geometry":{"type":"Point","coordinates":[3.88561,7.40225]}},{"type":"Feature","properties":{"name":"Adigun Health Center","kind":"clinic","ownership":"","level":"","kind_detail":"","lga":"Ibadan North","ward":"Yemetu"},"geometry":{"type":"Point","coordinates":[3.90608,7.39861]}},{"type":"Feature","properties":{"name":"Alafia Hospital","kind":"clinic","ownership":"Private","level":"Secondary","kind_detail":"Hospital","lga":"Ibadan North","ward":"Sabo"},"geometry":{"type":"Point","coordinates":[3.88825,7.39885]}},{"type":"Feature","properties":{"name":"81 Battalion Medical Reception Station","kind":"clinic","ownership":"","level":"","kind_detail":"","lga":"Ibadan North","ward":"Sango"},"geometry":{"type":"Point","coordinates":[3.8855,7.41467]}},{"type":"Feature","properties":{"name":"Bosa Medical Center","kind":"clinic","ownership":"Private","level":"Secondary","kind_detail":"Unclassified","lga":"Ibadan North","ward":"Oke Itunu"},"geometry":{"type":"Point","coordinates":[3.88863,7.41532]}},{"type":"Feature","properties":{"name":"Agbeke Mercy Medical Center","kind":"clinic","ownership":"Private","level":"Unknown","kind_detail":"Unclassified","lga":"Ibadan North","ward":"Samonda"},"geometry":{"type":"Point","coordinates":[3.88914,7.4275]}},{"type":"Feature","properties":{"name":"Cureland Medical Center","kind":"clinic","ownership":"Private","level":"Unknown","kind_detail":"Unclassified","lga":"Ibadan North","ward":"Samonda"},"geometry":{"type":"Point","coordinates":[3.88926,7.42663]}},{"type":"Feature","properties":{"name":"St Lawrence Medical Centre","kind":"clinic","ownership":"","level":"","kind_detail":"","lga":"Ibadan North","ward":"Sabo"},"geometry":{"type":"Point","coordinates":[3.88943,7.40113]}},{"type":"Feature","properties":{"name":"St Raphaels Medical Center","kind":"clinic","ownership":"Private","level":"Secondary","kind_detail":"Unclassified","lga":"Ibadan North","ward":"Oke Itunu"},"geometry":{"type":"Point","coordinates":[3.88971,7.41212]}},{"type":"Feature","properties":{"name":"Ireti Ayo Medical Centre","kind":"clinic","ownership":"Private","level":"Unknown","kind_detail":"Unclassified","lga":"Ibadan North","ward":"Sango"},"geometry":{"type":"Point","coordinates":[3.89016,7.42681]}},{"type":"Feature","properties":{"name":"Anuoluwapo Hospital","kind":"clinic","ownership":"Private","level":"Secondary","kind_detail":"Unclassified","lga":"Ibadan North","ward":"Oke Itunu"},"geometry":{"type":"Point","coordinates":[3.89049,7.41587]}},{"type":"Feature","properties":{"name":"Passionate Medical Center","kind":"clinic","ownership":"Private","level":"Primary","kind_detail":"General Hospital","lga":"Ibadan North West","ward":"Inalende"},"geometry":{"type":"Point","coordinates":[3.89055,7.39876]}},{"type":"Feature","properties":{"name":"Royal Clinic","kind":"clinic","ownership":"Private","level":"Secondary","kind_detail":"Unclassified","lga":"Ibadan North","ward":"Ago Tapa"},"geometry":{"type":"Point","coordinates":[3.89081,7.40965]}},{"type":"Feature","properties":{"name":"Ago Tapa Primary Health Centre","kind":"clinic","ownership":"Public","level":"Primary","kind_detail":"Primary Health Center","lga":"Ibadan North","ward":"Ago Tapa"},"geometry":{"type":"Point","coordinates":[3.89212,7.4026]}},{"type":"Feature","properties":{"name":"Foremost Base Hospital","kind":"clinic","ownership":"Private","level":"Unknown","kind_detail":"Unclassified","lga":"Ibadan North","ward":"Oke Itunu"},"geometry":{"type":"Point","coordinates":[3.89404,7.41713]}},{"type":"Feature","properties":{"name":"Bethel Hospital Specialist","kind":"clinic","ownership":"Private","level":"Unknown","kind_detail":"Unclassified","lga":"Ibadan North","ward":"Old Bodija"},"geometry":{"type":"Point","coordinates":[3.89468,7.41345]}},{"type":"Feature","properties":{"name":"Trust Care Medical Centre","kind":"clinic","ownership":"Private","level":"Unknown","kind_detail":"Unclassified","lga":"Ibadan North","ward":"Sango"},"geometry":{"type":"Point","coordinates":[3.89479,7.42701]}},{"type":"Feature","properties":{"name":"Ayofunmi Hospital And Maternity Centre","kind":"clinic","ownership":"Private","level":"Unknown","kind_detail":"Unclassified","lga":"Ibadan North","ward":"Sango"},"geometry":{"type":"Point","coordinates":[3.89484,7.42665]}},{"type":"Feature","properties":{"name":"Jubilee Hospital","kind":"clinic","ownership":"Private","level":"Secondary","kind_detail":"Unclassified","lga":"Ibadan North","ward":"Samonda"},"geometry":{"type":"Point","coordinates":[3.89851,7.42982]}},{"type":"Feature","properties":{"name":"Jubilee Trade Fair Complex Clinic","kind":"clinic","ownership":"Private","level":"Unknown","kind_detail":"Unclassified","lga":"Ibadan North","ward":"Samonda"},"geometry":{"type":"Point","coordinates":[3.8999,7.42932]}},{"type":"Feature","properties":{"name":"Redeemer Health Centre","kind":"clinic","ownership":"Private","level":"Unknown","kind_detail":"Unclassified","lga":"Ibadan North","ward":"Old Bodija"},"geometry":{"type":"Point","coordinates":[3.90268,7.41695]}},{"type":"Feature","properties":{"name":"Gods Favour Maternity Clinic","kind":"clinic","ownership":"Private","level":"Unknown","kind_detail":"Unclassified","lga":"Ibadan North","ward":"Old Bodija"},"geometry":{"type":"Point","coordinates":[3.90271,7.41407]}},{"type":"Feature","properties":{"name":"Uch Dental Center","kind":"clinic","ownership":"Public","level":"Tertiary","kind_detail":"Teaching/Tertiary Hospital","lga":"Ibadan North","ward":"Yemetu"},"geometry":{"type":"Point","coordinates":[3.90304,7.39893]}},{"type":"Feature","properties":{"name":"God'S Grace Maternity And Child Welfare Clinic","kind":"clinic","ownership":"Private","level":"Unknown","kind_detail":"Unclassified","lga":"Ibadan North","ward":"Yemetu"},"geometry":{"type":"Point","coordinates":[3.90312,7.38945]}},{"type":"Feature","properties":{"name":"Institute Of Child Health","kind":"clinic","ownership":"Public","level":"Tertiary","kind_detail":"Teaching/Tertiary Hospital","lga":"Ibadan North","ward":"Old Bodija"},"geometry":{"type":"Point","coordinates":[3.90323,7.40076]}},{"type":"Feature","properties":{"name":"Mokola Health Clinic","kind":"clinic","ownership":"Public","level":"Secondary","kind_detail":"Primary Health Clinic","lga":"Ibadan North","ward":"Ago Tapa"},"geometry":{"type":"Point","coordinates":[3.89389,7.40521]}},{"type":"Feature","properties":{"name":"Obasa Primary Health Centre","kind":"clinic","ownership":"Public","level":"Primary","kind_detail":"Primary Health Center","lga":"Ibadan North","ward":"Old Bodija"},"geometry":{"type":"Point","coordinates":[3.8981,7.41415]}},{"type":"Feature","properties":{"name":"Gods Favour Igosun Hospital","kind":"clinic","ownership":"Private","level":"Unknown","kind_detail":"Unclassified","lga":"Ibadan North","ward":"Yemetu"},"geometry":{"type":"Point","coordinates":[3.90752,7.38974]}},{"type":"Feature","properties":{"name":"Secretariat Staff Clinic","kind":"clinic","ownership":"Public","level":"Unknown","kind_detail":"Primary Health Clinic","lga":"Ibadan North","ward":"Old Bodija"},"geometry":{"type":"Point","coordinates":[3.90833,7.41168]}},{"type":"Feature","properties":{"name":"Akit Rungra Korea Hospital","kind":"clinic","ownership":"Private","level":"Secondary","kind_detail":"Unclassified","lga":"Ibadan North","ward":"Old Bodija"},"geometry":{"type":"Point","coordinates":[3.90836,7.42261]}},{"type":"Feature","properties":{"name":"Oyo State House Of Assembly Clinic","kind":"clinic","ownership":"Public","level":"Primary","kind_detail":"Primary Health Clinic","lga":"Ibadan North","ward":"Old Bodija"},"geometry":{"type":"Point","coordinates":[3.90938,7.40817]}},{"type":"Feature","properties":{"name":"National Blood Transfusion Service","kind":"clinic","ownership":"Public","level":"Unknown","kind_detail":"Unclassified","lga":"Ibadan North","ward":"Agodi"},"geometry":{"type":"Point","coordinates":[3.90994,7.39853]}},{"type":"Feature","properties":{"name":"St Annes Specialist Hospital","kind":"clinic","ownership":"Private","level":"Secondary","kind_detail":"Unclassified","lga":"Ibadan North","ward":"Bashorun"},"geometry":{"type":"Point","coordinates":[3.91171,7.41995]}},{"type":"Feature","properties":{"name":"Mak Clinic","kind":"clinic","ownership":"Private","level":"Secondary","kind_detail":"Unclassified","lga":"Ibadan North","ward":"Bashorun"},"geometry":{"type":"Point","coordinates":[3.91217,7.41483]}},{"type":"Feature","properties":{"name":"Health Is Wealth Clinic","kind":"clinic","ownership":"Public","level":"Primary","kind_detail":"Primary Health Center","lga":"Ibadan North","ward":"Old Bodija"},"geometry":{"type":"Point","coordinates":[3.91241,7.40642]}},{"type":"Feature","properties":{"name":"Molly Specialist Hospital","kind":"clinic","ownership":"Private","level":"Secondary","kind_detail":"Unclassified","lga":"Ibadan North","ward":"Bashorun"},"geometry":{"type":"Point","coordinates":[3.91265,7.42457]}},{"type":"Feature","properties":{"name":"University College Annex Hospital","kind":"clinic","ownership":"Public","level":"Tertiary","kind_detail":"Teaching/Tertiary Hospital","lga":"Ibadan North","ward":"Bashorun"},"geometry":{"type":"Point","coordinates":[3.9149,7.41168]}},{"type":"Feature","properties":{"name":"Saint Vincent Medical Center","kind":"clinic","ownership":"Private","level":"Unknown","kind_detail":"Unclassified","lga":"Ibadan North","ward":"Bashorun"},"geometry":{"type":"Point","coordinates":[3.91495,7.42339]}},{"type":"Feature","properties":{"name":"Government House Clinic","kind":"clinic","ownership":"Public","level":"Unknown","kind_detail":"Unclassified","lga":"Ibadan North","ward":"Agodi"},"geometry":{"type":"Point","coordinates":[3.91669,7.40167]}},{"type":"Feature","properties":{"name":"Fountain Hospital","kind":"clinic","ownership":"Private","level":"Secondary","kind_detail":"Unclassified","lga":"Ibadan North","ward":"Agodi"},"geometry":{"type":"Point","coordinates":[3.91678,7.39468]}},{"type":"Feature","properties":{"name":"Mayes Specialist Hospital","kind":"clinic","ownership":"Private","level":"Secondary","kind_detail":"Unclassified","lga":"Ibadan North","ward":"Bashorun"},"geometry":{"type":"Point","coordinates":[3.91819,7.42292]}},{"type":"Feature","properties":{"name":"Ibadan North Staff Clinic","kind":"clinic","ownership":"Public","level":"Primary","kind_detail":"Clinic","lga":"Ibadan North","ward":"Agodi"},"geometry":{"type":"Point","coordinates":[3.91938,7.39678]}},{"type":"Feature","properties":{"name":"Salaudeen Memorial Clinic And Maternity Centre","kind":"clinic","ownership":"Private","level":"Unknown","kind_detail":"Unclassified","lga":"Ibadan North","ward":"Bashorun"},"geometry":{"type":"Point","coordinates":[3.91948,7.41078]}},{"type":"Feature","properties":{"name":"Our Lady Of Apostles Catholics Hospital","kind":"clinic","ownership":"Private","level":"Secondary","kind_detail":"General Hospital","lga":"Ibadan North East","ward":"Oke Adu"},"geometry":{"type":"Point","coordinates":[3.92042,7.3892]}},{"type":"Feature","properties":{"name":"Total Family Hospital","kind":"clinic","ownership":"Private","level":"Unknown","kind_detail":"Unclassified","lga":"Ibadan North","ward":"Bashorun"},"geometry":{"type":"Point","coordinates":[3.92142,7.41561]}},{"type":"Feature","properties":{"name":"Jola Olu Clinic","kind":"clinic","ownership":"Private","level":"Primary","kind_detail":"Primary Health Center","lga":"Ibadan North East","ward":"Oke Adu"},"geometry":{"type":"Point","coordinates":[3.92389,7.39648]}},{"type":"Feature","properties":{"name":"Idi Ape Medical Center","kind":"clinic","ownership":"Private","level":"Unknown","kind_detail":"Unclassified","lga":"Ibadan North","ward":"Bashorun"},"geometry":{"type":"Point","coordinates":[3.92407,7.40774]}},{"type":"Feature","properties":{"name":"Manna Medical Center","kind":"clinic","ownership":"Private","level":"Primary","kind_detail":"Primary Health Center","lga":"Ibadan North East","ward":"Oke Adu"},"geometry":{"type":"Point","coordinates":[3.92413,7.39156]}},{"type":"Feature","properties":{"name":"Alpha Specialist Hospital","kind":"clinic","ownership":"Private","level":"Secondary","kind_detail":"Unclassified","lga":"Ibadan North","ward":"Bashorun"},"geometry":{"type":"Point","coordinates":[3.92431,7.42436]}},{"type":"Feature","properties":{"name":"Tofunmi Hospital","kind":"clinic","ownership":"Private","level":"Primary","kind_detail":"Primary Health Center","lga":"Ibadan North East","ward":"Basorun"},"geometry":{"type":"Point","coordinates":[3.92442,7.39475]}},{"type":"Feature","properties":{"name":"Camaria Specialist Hospital","kind":"clinic","ownership":"Private","level":"Secondary","kind_detail":"Unclassified","lga":"Ibadan North","ward":"Bashorun"},"geometry":{"type":"Point","coordinates":[3.92516,7.41436]}},{"type":"Feature","properties":{"name":"Molly Medical Hospital","kind":"clinic","ownership":"Private","level":"Secondary","kind_detail":"General Hospital","lga":"Ibadan North East","ward":"Basorun"},"geometry":{"type":"Point","coordinates":[3.9259,7.40144]}},{"type":"Feature","properties":{"name":"Redeemers Health Center","kind":"clinic","ownership":"","level":"","kind_detail":"","lga":"Ibadan North East","ward":"Basorun"},"geometry":{"type":"Point","coordinates":[3.92681,7.40447]}},{"type":"Feature","properties":{"name":"Adeyemo Memorial Hospital","kind":"clinic","ownership":"Private","level":"Primary","kind_detail":"Primary Health Center","lga":"Ibadan North East","ward":"Oke Adu"},"geometry":{"type":"Point","coordinates":[3.92688,7.38901]}},{"type":"Feature","properties":{"name":"Bilal Hospital Maternity","kind":"clinic","ownership":"Private","level":"Primary","kind_detail":"Primary Health Center","lga":"Ibadan North East","ward":"Basorun"},"geometry":{"type":"Point","coordinates":[3.927,7.40143]}},{"type":"Feature","properties":{"name":"Femi Specialist Hospital","kind":"clinic","ownership":"Private","level":"Primary","kind_detail":"Primary Health Clinic","lga":"Ibadan North","ward":"Bashorun"},"geometry":{"type":"Point","coordinates":[3.92729,7.40594]}},{"type":"Feature","properties":{"name":"T Z Hospital","kind":"clinic","ownership":"Private","level":"Primary","kind_detail":"Primary Health Center","lga":"Ibadan North East","ward":"Basorun"},"geometry":{"type":"Point","coordinates":[3.92742,7.40292]}},{"type":"Feature","properties":{"name":"Macedonia Hospital","kind":"clinic","ownership":"Private","level":"Primary","kind_detail":"Primary Health Center","lga":"Ibadan North East","ward":"Oke Adu"},"geometry":{"type":"Point","coordinates":[3.92769,7.39111]}},{"type":"Feature","properties":{"name":"Ashi Comprehensive Health Center","kind":"clinic","ownership":"Public","level":"Primary","kind_detail":"Primary Health Center","lga":"Ibadan North","ward":"Bashorun"},"geometry":{"type":"Point","coordinates":[3.93091,7.42651]}},{"type":"Feature","properties":{"name":"Oluyoro Catholic Hospital","kind":"clinic","ownership":"","level":"","kind_detail":"","lga":"Ibadan North","ward":"Agodi"},"geometry":{"type":"Point","coordinates":[3.91935,7.39776]}},{"type":"Feature","properties":{"name":"Ibadan Center Hospital","kind":"clinic","ownership":"Private","level":"Secondary","kind_detail":"General Hospital","lga":"Ibadan North East","ward":"Basorun"},"geometry":{"type":"Point","coordinates":[3.92856,7.39569]}},{"type":"Feature","properties":{"name":"Jolalere Hospital Centre","kind":"clinic","ownership":"Private","level":"Secondary","kind_detail":"General Hospital","lga":"Ibadan North East","ward":"Basorun"},"geometry":{"type":"Point","coordinates":[3.93768,7.40402]}},{"type":"Feature","properties":{"name":"Oyo State Broadcasting Corporation Clinic","kind":"clinic","ownership":"Public","level":"Primary","kind_detail":"Primary Health Clinic","lga":"Ibadan North East","ward":"Basorun"},"geometry":{"type":"Point","coordinates":[3.93262,7.41117]}},{"type":"Feature","properties":{"name":"Oluwo Nla Primary Health Center","kind":"clinic","ownership":"Public","level":"Primary","kind_detail":"Primary Health Center","lga":"Ibadan North","ward":"Bashorun"},"geometry":{"type":"Point","coordinates":[3.9324,7.41532]}},{"type":"Feature","properties":{"name":"Narl Specialist Clinic","kind":"clinic","ownership":"Private","level":"Secondary","kind_detail":"Unclassified","lga":"Ibadan North","ward":"Bashorun"},"geometry":{"type":"Point","coordinates":[3.93372,7.43021]}},{"type":"Feature","properties":{"name":"Goodnews Maternity And Child Welfare Clinic","kind":"clinic","ownership":"Private","level":"Primary","kind_detail":"Primary Health Clinic","lga":"Ibadan South West","ward":"Apata/Odo Ona"},"geometry":{"type":"Point","coordinates":[3.85197,7.37254]}},{"type":"Feature","properties":{"name":"Estate Primary Health Care Clinic","kind":"clinic","ownership":"Public","level":"Primary","kind_detail":"Primary Health Center","lga":"Ibadan South West","ward":"Ring Road/Challenge/Oluyole"},"geometry":{"type":"Point","coordinates":[3.85581,7.36629]}},{"type":"Feature","properties":{"name":"Aged And Widow Clinic","kind":"clinic","ownership":"Public","level":"Primary","kind_detail":"Clinic","lga":"Ibadan South West","ward":"Ring Road/Challenge/Oluyole"},"geometry":{"type":"Point","coordinates":[3.85584,7.36599]}},{"type":"Feature","properties":{"name":"Elewura Primary Health Care","kind":"clinic","ownership":"Public","level":"Primary","kind_detail":"Clinic","lga":"Ibadan South West","ward":"Ring Road/Challenge/Oluyole"},"geometry":{"type":"Point","coordinates":[3.85587,7.36626]}},{"type":"Feature","properties":{"name":"Breeze Mediagonistic Laboratory","kind":"clinic","ownership":"","level":"","kind_detail":"","lga":"Ibadan South West","ward":"Ring Road/Challenge/Oluyole"},"geometry":{"type":"Point","coordinates":[3.86908,7.36011]}},{"type":"Feature","properties":{"name":"Ibadan Center Hospital","kind":"clinic","ownership":"Private","level":"Secondary","kind_detail":"General Hospital","lga":"Ibadan South West","ward":"Oke Ado/Liberty"},"geometry":{"type":"Point","coordinates":[3.87449,7.36345]}},{"type":"Feature","properties":{"name":"Asdr","kind":"clinic","ownership":"","level":"","kind_detail":"","lga":"Ibadan South West","ward":"Oke Ado/Liberty"},"geometry":{"type":"Point","coordinates":[3.86534,7.36747]}},{"type":"Feature","properties":{"name":"Jimoh Atilola Adedigba Primary Health Centre","kind":"clinic","ownership":"Public","level":"Primary","kind_detail":"Primary Health Center","lga":"Ibadan South West","ward":"Oke Ado/Liberty"},"geometry":{"type":"Point","coordinates":[3.87509,7.37352]}},{"type":"Feature","properties":{"name":"Oke Ado Health Care Center","kind":"clinic","ownership":"Public","level":"Primary","kind_detail":"Primary Health Center","lga":"Ibadan South West","ward":"Molete/Oke Ado"},"geometry":{"type":"Point","coordinates":[3.8774,7.38332]}},{"type":"Feature","properties":{"name":"Molete Tuberculosis And Leprosy Clinic","kind":"clinic","ownership":"Public","level":"Primary","kind_detail":"Primary Health Center","lga":"Ibadan South West","ward":"Alesinloye"},"geometry":{"type":"Point","coordinates":[3.87108,7.38854]}},{"type":"Feature","properties":{"name":"Nigerian Railway Hospital","kind":"clinic","ownership":"Public","level":"Primary","kind_detail":"Primary Health Clinic","lga":"Ibadan North West","ward":"Afonta"},"geometry":{"type":"Point","coordinates":[3.87394,7.3886]}},{"type":"Feature","properties":{"name":"Aremo Health Clinic","kind":"clinic","ownership":"Public","level":"Primary","kind_detail":"Primary Health Center","lga":"Atiba","ward":"Aremo"},"geometry":{"type":"Point","coordinates":[3.8727,7.39376]}},{"type":"Feature","properties":{"name":"Jericho Specialist Hospital","kind":"clinic","ownership":"Public","level":"Secondary","kind_detail":"Specialist Hospital","lga":"Ibadan North West","ward":"Afonta"},"geometry":{"type":"Point","coordinates":[3.87091,7.39691]}},{"type":"Feature","properties":{"name":"West Wind Hospital And Maternity","kind":"clinic","ownership":"Private","level":"Secondary","kind_detail":"Hospital","lga":"Ibadan North West","ward":"Eleyele"},"geometry":{"type":"Point","coordinates":[3.87067,7.40075]}},{"type":"Feature","properties":{"name":"Oyo State College Of Nursing Clinic","kind":"clinic","ownership":"Public","level":"Primary","kind_detail":"Primary Health Clinic","lga":"Ibadan North West","ward":"Eleyele"},"geometry":{"type":"Point","coordinates":[3.87507,7.40998]}},{"type":"Feature","properties":{"name":"Oyo State College Of Science Health Clinic","kind":"clinic","ownership":"Public","level":"Primary","kind_detail":"Primary Health Clinic","lga":"Ibadan North West","ward":"Eleyele"},"geometry":{"type":"Point","coordinates":[3.86749,7.41052]}},{"type":"Feature","properties":{"name":"Unity Hospital","kind":"clinic","ownership":"Private","level":"Primary","kind_detail":"Primary Health Center","lga":"Ibadan North West","ward":"Eleyele"},"geometry":{"type":"Point","coordinates":[3.86212,7.41608]}},{"type":"Feature","properties":{"name":"Best Western Victory Medical Centre","kind":"clinic","ownership":"Private","level":"Secondary","kind_detail":"Medical Center","lga":"Ibadan North West","ward":"Olopomewa"},"geometry":{"type":"Point","coordinates":[3.87292,7.42047]}},{"type":"Feature","properties":{"name":"Ologuneru Health Centre","kind":"clinic","ownership":"Public","level":"Primary","kind_detail":"Primary Health Center","lga":"Ido","ward":"Apete"},"geometry":{"type":"Point","coordinates":[3.82964,7.43603]}},{"type":"Feature","properties":{"name":"Alesinleloye Primary Health Care","kind":"clinic","ownership":"Public","level":"Primary","kind_detail":"Primary Health Center","lga":"Ibadan South West","ward":"Ring Road/Challenge/Oluyole"},"geometry":{"type":"Point","coordinates":[3.85971,7.3692]}},{"type":"Feature","properties":{"name":"Kobomoje Health Centre","kind":"clinic","ownership":"Public","level":"Primary","kind_detail":"Primary Health Center","lga":"Ibadan South East","ward":"Kobomoje"},"geometry":{"type":"Point","coordinates":[3.89818,7.36931]}},{"type":"Feature","properties":{"name":"Toseke Hospital","kind":"clinic","ownership":"","level":"","kind_detail":"","lga":"Ibadan South West","ward":"Isale Osi/Oja'Ba"},"geometry":{"type":"Point","coordinates":[3.89331,7.36932]}},{"type":"Feature","properties":{"name":"Kososi Primary Health Centre","kind":"clinic","ownership":"Public","level":"Primary","kind_detail":"Primary Health Center","lga":"Ibadan South West","ward":"Ita Aregbeomo"},"geometry":{"type":"Point","coordinates":[3.89231,7.37014]}},{"type":"Feature","properties":{"name":"Premier Hospital And Ultrasound Center","kind":"clinic","ownership":"Private","level":"Primary","kind_detail":"Hospital","lga":"Ibadan South West","ward":"Foko/Ologede"},"geometry":{"type":"Point","coordinates":[3.88172,7.37211]}},{"type":"Feature","properties":{"name":"Temilade Maternity Clinic","kind":"clinic","ownership":"Private","level":"Primary","kind_detail":"Primary Health Center","lga":"Ibadan South East","ward":"Oja'Ba"},"geometry":{"type":"Point","coordinates":[3.89598,7.3722]}},{"type":"Feature","properties":{"name":"Ajobo Health Center","kind":"clinic","ownership":"Public","level":"Primary","kind_detail":"Health Center","lga":"Ibadan North East","ward":"Oja Gbo"},"geometry":{"type":"Point","coordinates":[3.90734,7.37364]}},{"type":"Feature","properties":{"name":"Triumph Medical Laboratory","kind":"clinic","ownership":"Private","level":"Primary","kind_detail":"Primary Health Clinic","lga":"Ibadan South West","ward":"Foko/Ologede"},"geometry":{"type":"Point","coordinates":[3.88295,7.37423]}},{"type":"Feature","properties":{"name":"Tosin Medical Center","kind":"clinic","ownership":"Private","level":"Primary","kind_detail":"Medical Center","lga":"Ibadan South East","ward":"Beere/Mapo"},"geometry":{"type":"Point","coordinates":[3.89401,7.37448]}},{"type":"Feature","properties":{"name":"Oranmiyan Primary Health Centre","kind":"clinic","ownership":"Public","level":"Primary","kind_detail":"Primary Health Center","lga":"Ibadan South East","ward":"Oranyan"},"geometry":{"type":"Point","coordinates":[3.90104,7.37529]}},{"type":"Feature","properties":{"name":"City Medical Laboratory","kind":"clinic","ownership":"","level":"","kind_detail":"","lga":"Ibadan South West","ward":"Foko/Ologede"},"geometry":{"type":"Point","coordinates":[3.88129,7.37549]}},{"type":"Feature","properties":{"name":"O?Bori Efon Primary Health Centre","kind":"clinic","ownership":"Public","level":"Primary","kind_detail":"Primary Health Center","lga":"Ibadan North East","ward":"Oranyan"},"geometry":{"type":"Point","coordinates":[3.90243,7.37561]}},{"type":"Feature","properties":{"name":"Mapo Primary Health Centre","kind":"clinic","ownership":"Public","level":"Primary","kind_detail":"Primary Health Center","lga":"Ibadan South East","ward":"Beere/Mapo"},"geometry":{"type":"Point","coordinates":[3.89774,7.37667]}},{"type":"Feature","properties":{"name":"Ayekale Primary Health Centre","kind":"clinic","ownership":"Public","level":"Primary","kind_detail":"Primary Health Center","lga":"Ibadan North East","ward":"Agugu"},"geometry":{"type":"Point","coordinates":[3.92784,7.37742]}},{"type":"Feature","properties":{"name":"Ayo Hospital And Maternity","kind":"clinic","ownership":"","level":"","kind_detail":"","lga":"Ibadan South West","ward":"Molete/Oke Ado"},"geometry":{"type":"Point","coordinates":[3.88269,7.37769]}},{"type":"Feature","properties":{"name":"Smaria Hospital","kind":"clinic","ownership":"","level":"","kind_detail":"","lga":"Ibadan North East","ward":"Oja Gbo"},"geometry":{"type":"Point","coordinates":[3.91528,7.37769]}},{"type":"Feature","properties":{"name":"Agbaje Health Centre","kind":"clinic","ownership":"Public","level":"Primary","kind_detail":"Primary Health Center","lga":"Ibadan North West","ward":"Agbaje/Idikan"},"geometry":{"type":"Point","coordinates":[3.89093,7.37799]}},{"type":"Feature","properties":{"name":"Oke Ado Hospital","kind":"clinic","ownership":"Private","level":"Primary","kind_detail":"Primary Health Clinic","lga":"Ibadan South West","ward":"Alesinloye"},"geometry":{"type":"Point","coordinates":[3.87988,7.37827]}},{"type":"Feature","properties":{"name":"Jehovah Shalom Clinic","kind":"clinic","ownership":"Private","level":"Secondary","kind_detail":"Clinic","lga":"Ibadan North East","ward":"Oke Adu"},"geometry":{"type":"Point","coordinates":[3.90993,7.37881]}},{"type":"Feature","properties":{"name":"Bolatife Maternity And Child Welfare Clinic","kind":"clinic","ownership":"Private","level":"Primary","kind_detail":"Primary Health Clinic","lga":"Ibadan North West","ward":"Oritamerin"},"geometry":{"type":"Point","coordinates":[3.89062,7.38035]}},{"type":"Feature","properties":{"name":"St Georges Hospital","kind":"clinic","ownership":"","level":"","kind_detail":"","lga":"Ibadan South West","ward":"Molete/Oke Ado"},"geometry":{"type":"Point","coordinates":[3.88171,7.38287]}},{"type":"Feature","properties":{"name":"Awoye Ajike Maternity Clinic And Hospital","kind":"clinic","ownership":"","level":"","kind_detail":"","lga":"Ibadan North East","ward":"Atipe"},"geometry":{"type":"Point","coordinates":[3.91112,7.38336]}},{"type":"Feature","properties":{"name":"Lafia Hospital","kind":"clinic","ownership":"","level":"","kind_detail":"","lga":"Ibadan South West","ward":"Molete/Oke Ado"},"geometry":{"type":"Point","coordinates":[3.88269,7.38348]}},{"type":"Feature","properties":{"name":"Lagelu Youth Friendly Clinic","kind":"clinic","ownership":"Public","level":"Primary","kind_detail":"Primary Health Center","lga":"Ibadan North East","ward":"Agugu"},"geometry":{"type":"Point","coordinates":[3.9267,7.38373]}},{"type":"Feature","properties":{"name":"Omoniyi Clinic","kind":"clinic","ownership":"Private","level":"Primary","kind_detail":"Clinic","lga":"Ibadan South West","ward":"Molete/Oke Ado"},"geometry":{"type":"Point","coordinates":[3.88005,7.38401]}},{"type":"Feature","properties":{"name":"Mobalaji Hospital And Maternity","kind":"clinic","ownership":"","level":"","kind_detail":"","lga":"Ibadan South West","ward":"Molete/Oke Ado"},"geometry":{"type":"Point","coordinates":[3.88092,7.38409]}},{"type":"Feature","properties":{"name":"Inland Hospital","kind":"clinic","ownership":"Private","level":"Primary","kind_detail":"Primary Health Clinic","lga":"Ibadan North","ward":"Yemetu"},"geometry":{"type":"Point","coordinates":[3.89966,7.38542]}},{"type":"Feature","properties":{"name":"Oluyoro Aladori Health Post","kind":"clinic","ownership":"","level":"","kind_detail":"","lga":"Ibadan North East","ward":"Oke Adu"},"geometry":{"type":"Point","coordinates":[3.91852,7.38629]}},{"type":"Feature","properties":{"name":"Adeoyo Teaching Hospital","kind":"clinic","ownership":"Public","level":"Tertiary","kind_detail":"Hospital","lga":"Ibadan North","ward":"Yemetu"},"geometry":{"type":"Point","coordinates":[3.90244,7.38685]}},{"type":"Feature","properties":{"name":"Irefin Babasale Primary Health Center","kind":"clinic","ownership":"Public","level":"Secondary","kind_detail":"Primary Health Center","lga":"Ibadan North East","ward":"Irefin"},"geometry":{"type":"Point","coordinates":[3.91173,7.38709]}},{"type":"Feature","properties":{"name":"Naomi Medical Center","kind":"clinic","ownership":"Private","level":"Primary","kind_detail":"Primary Health Center","lga":"Ibadan North West","ward":"Abebi"},"geometry":{"type":"Point","coordinates":[3.88711,7.38781]}},{"type":"Feature","properties":{"name":"New Jobi Memorial Hospital","kind":"clinic","ownership":"Private","level":"Secondary","kind_detail":"Unclassified","lga":"Ibadan North East","ward":"Irefin"},"geometry":{"type":"Point","coordinates":[3.9156,7.38788]}},{"type":"Feature","properties":{"name":"Blossom Care Family Health Hospital","kind":"clinic","ownership":"Private","level":"Primary","kind_detail":"Primary Health Clinic","lga":"Ibadan North West","ward":"Afonta"},"geometry":{"type":"Point","coordinates":[3.87868,7.38952]}},{"type":"Feature","properties":{"name":"Queen Hospital Specialist","kind":"clinic","ownership":"Private","level":"Primary","kind_detail":"Health Post","lga":"Ibadan North West","ward":"Ekotedo"},"geometry":{"type":"Point","coordinates":[3.88312,7.39227]}},{"type":"Feature","properties":{"name":"Aged And Widow Clinic","kind":"clinic","ownership":"Public","level":"Primary","kind_detail":"Clinic","lga":"Ibadan North West","ward":"Afonta"},"geometry":{"type":"Point","coordinates":[3.8786,7.39301]}},{"type":"Feature","properties":{"name":"Mana Hospital","kind":"clinic","ownership":"Private","level":"Primary","kind_detail":"Hospital","lga":"Ibadan North East","ward":"Oke Adu"},"geometry":{"type":"Point","coordinates":[3.92518,7.39312]}},{"type":"Feature","properties":{"name":"Oke Are Primary Health Centre","kind":"clinic","ownership":"Public","level":"Primary","kind_detail":"Primary Health Center","lga":"Ibadan North","ward":"Oke Are"},"geometry":{"type":"Point","coordinates":[3.89751,7.38194]}},{"type":"Feature","properties":{"name":"Lagelu Ilupeju Health Centre","kind":"clinic","ownership":"Public","level":"Primary","kind_detail":"Primary Health Center","lga":"Ibadan North East","ward":"Agugu"},"geometry":{"type":"Point","coordinates":[3.92752,7.38646]}},{"type":"Feature","properties":{"name":"Okeseni Health Centre","kind":"clinic","ownership":"Public","level":"Primary","kind_detail":"Primary Health Center","lga":"Ibadan North West","ward":"Idikan/Olorisaoko"},"geometry":{"type":"Point","coordinates":[3.88824,7.3848]}},{"type":"Feature","properties":{"name":"Elekuro Health Centre","kind":"clinic","ownership":"Public","level":"Primary","kind_detail":"Primary Health Center","lga":"Ibadan South East","ward":"Asanike"},"geometry":{"type":"Point","coordinates":[3.90816,7.36972]}},{"type":"Feature","properties":{"name":"Idera Oluwa Primary Health Centre","kind":"clinic","ownership":"Public","level":"Primary","kind_detail":"Health Post","lga":"Ibadan North East","ward":"Agugu"},"geometry":{"type":"Point","coordinates":[3.92685,7.38357]}},{"type":"Feature","properties":{"name":"Idikan Community Health Clinic","kind":"clinic","ownership":"Public","level":"Primary","kind_detail":"Clinic","lga":"Ibadan North West","ward":"Idikan/Olorisaoko"},"geometry":{"type":"Point","coordinates":[3.89105,7.38334]}},{"type":"Feature","properties":{"name":"Odinjo Primary Health Centre","kind":"clinic","ownership":"Public","level":"Primary","kind_detail":"Primary Health Center","lga":"Ibadan South East","ward":"Beere/Mapo"},"geometry":{"type":"Point","coordinates":[3.89745,7.37649]}},{"type":"Feature","properties":{"name":"Apologies Health Centre","kind":"clinic","ownership":"Public","level":"Primary","kind_detail":"Primary Health Center","lga":"Ibadan North East","ward":"Oja Gbo"},"geometry":{"type":"Point","coordinates":[3.90604,7.37304]}},{"type":"Feature","properties":{"name":"Opoyeosa Primary Health Centre","kind":"clinic","ownership":"Public","level":"Primary","kind_detail":"Primary Health Center","lga":"Ibadan North West","ward":"Asukuna"},"geometry":{"type":"Point","coordinates":[3.89342,7.38256]}},{"type":"Feature","properties":{"name":"Mosfala Primary Health Center","kind":"clinic","ownership":"Public","level":"Primary","kind_detail":"Primary Health Center","lga":"Oluyole","ward":"Muslim"},"geometry":{"type":"Point","coordinates":[3.9273,7.34444]}},{"type":"Feature","properties":{"name":"Molisa Hospital And Maternity","kind":"clinic","ownership":"Private","level":"Primary","kind_detail":"Primary Health Clinic","lga":"Ibadan South East","ward":"Owode"},"geometry":{"type":"Point","coordinates":[3.91412,7.34448]}},{"type":"Feature","properties":{"name":"Tobi Medical Center","kind":"clinic","ownership":"Private","level":"Primary","kind_detail":"Primary Health Clinic","lga":"Ibadan South East","ward":"Challenge"},"geometry":{"type":"Point","coordinates":[3.88377,7.34483]}},{"type":"Feature","properties":{"name":"Felele Olorunsogo","kind":"clinic","ownership":"","level":"","kind_detail":"","lga":"Ibadan South East","ward":"Challenge"},"geometry":{"type":"Point","coordinates":[3.88867,7.34509]}},{"type":"Feature","properties":{"name":"Santhos Hospital","kind":"clinic","ownership":"Private","level":"Secondary","kind_detail":"General Hospital","lga":"Ibadan South East","ward":"Challenge"},"geometry":{"type":"Point","coordinates":[3.87911,7.34521]}},{"type":"Feature","properties":{"name":"Algon Comprehensive Health Center","kind":"clinic","ownership":"Public","level":"Primary","kind_detail":"Primary Health Clinic","lga":"Ibadan South East","ward":"Molete"},"geometry":{"type":"Point","coordinates":[3.89321,7.34632]}},{"type":"Feature","properties":{"name":"Christ Way Maternity And Child Welfare Clinic","kind":"clinic","ownership":"Private","level":"Primary","kind_detail":"Primary Health Clinic","lga":"Ibadan South East","ward":"Challenge"},"geometry":{"type":"Point","coordinates":[3.88364,7.34645]}},{"type":"Feature","properties":{"name":"Prospect Medical Center","kind":"clinic","ownership":"Private","level":"Primary","kind_detail":"Primary Health Clinic","lga":"Ibadan South East","ward":"Molete"},"geometry":{"type":"Point","coordinates":[3.89727,7.34651]}},{"type":"Feature","properties":{"name":"Alake Maternity Centre","kind":"clinic","ownership":"Private","level":"Primary","kind_detail":"Primary Health Clinic","lga":"Ibadan South East","ward":"Molete"},"geometry":{"type":"Point","coordinates":[3.90009,7.3493]}},{"type":"Feature","properties":{"name":"Alafia Loju Maternity Home","kind":"clinic","ownership":"Private","level":"Primary","kind_detail":"Primary Health Center","lga":"Ibadan South East","ward":"Molete"},"geometry":{"type":"Point","coordinates":[3.90014,7.34934]}},{"type":"Feature","properties":{"name":"Odontoid Medical Service","kind":"clinic","ownership":"Private","level":"Primary","kind_detail":"Medical Center","lga":"Ibadan South East","ward":"Molete"},"geometry":{"type":"Point","coordinates":[3.90263,7.34997]}},{"type":"Feature","properties":{"name":"Harkod Biomedical Laboratory","kind":"clinic","ownership":"","level":"","kind_detail":"","lga":"Ibadan South West","ward":"Molete/Oke Ado"},"geometry":{"type":"Point","coordinates":[3.87985,7.35077]}},{"type":"Feature","properties":{"name":"Abdullah Medical Center","kind":"clinic","ownership":"Private","level":"Primary","kind_detail":"Primary Health Clinic","lga":"Ibadan South East","ward":"Owode"},"geometry":{"type":"Point","coordinates":[3.91089,7.35089]}},{"type":"Feature","properties":{"name":"Oreofe Maternity And Child Welfare Clinic","kind":"clinic","ownership":"Private","level":"Primary","kind_detail":"Primary Health Clinic","lga":"Ibadan South East","ward":"Molete"},"geometry":{"type":"Point","coordinates":[3.9007,7.3515]}},{"type":"Feature","properties":{"name":"Ariyo Medical Center","kind":"clinic","ownership":"","level":"","kind_detail":"","lga":"Ibadan South West","ward":"Ring Road/Challenge/Oluyole"},"geometry":{"type":"Point","coordinates":[3.88251,7.35413]}},{"type":"Feature","properties":{"name":"St Macrina Hospital Limited","kind":"clinic","ownership":"Private","level":"Primary","kind_detail":"Hospital","lga":"Ibadan South West","ward":"Ring Road/Challenge/Oluyole"},"geometry":{"type":"Point","coordinates":[3.88474,7.35444]}},{"type":"Feature","properties":{"name":"Balaro Primary Health Centre","kind":"clinic","ownership":"Public","level":"Primary","kind_detail":"Primary Health Center","lga":"Ibadan South East","ward":"Owode"},"geometry":{"type":"Point","coordinates":[3.9053,7.35455]}},{"type":"Feature","properties":{"name":"Lolade Maternity","kind":"clinic","ownership":"Private","level":"Primary","kind_detail":"Primary Health Clinic","lga":"Ibadan South East","ward":"Odinjo"},"geometry":{"type":"Point","coordinates":[3.9196,7.35474]}},{"type":"Feature","properties":{"name":"St Mary Catholic Hospital","kind":"clinic","ownership":"Private","level":"Tertiary","kind_detail":"General Hospital","lga":"Ibadan South East","ward":"Odinjo"},"geometry":{"type":"Point","coordinates":[3.91086,7.35548]}},{"type":"Feature","properties":{"name":"Anglican Hospital","kind":"clinic","ownership":"Private","level":"Primary","kind_detail":"Primary Health Clinic","lga":"Ibadan South West","ward":"Molete/Oke Ado"},"geometry":{"type":"Point","coordinates":[3.88641,7.35622]}},{"type":"Feature","properties":{"name":"Hope Medical Centre","kind":"clinic","ownership":"Private","level":"Primary","kind_detail":"Primary Health Clinic","lga":"Ibadan South East","ward":"Molete"},"geometry":{"type":"Point","coordinates":[3.90191,7.35654]}},{"type":"Feature","properties":{"name":"Jesus Power Clinic","kind":"clinic","ownership":"Private","level":"Primary","kind_detail":"Primary Health Center","lga":"Ibadan South East","ward":"Molete"},"geometry":{"type":"Point","coordinates":[3.89807,7.35669]}},{"type":"Feature","properties":{"name":"Molete Primary Health Care Center","kind":"clinic","ownership":"Public","level":"Primary","kind_detail":"Primary Health Center","lga":"Ibadan South East","ward":"Molete"},"geometry":{"type":"Point","coordinates":[3.88837,7.35718]}},{"type":"Feature","properties":{"name":"Goodnews Hospital","kind":"clinic","ownership":"Private","level":"Primary","kind_detail":"Hospital","lga":"Ibadan South East","ward":"Challenge"},"geometry":{"type":"Point","coordinates":[3.88883,7.35729]}},{"type":"Feature","properties":{"name":"Abiyelomo Clinic","kind":"clinic","ownership":"Private","level":"Primary","kind_detail":"Primary Health Clinic","lga":"Ibadan South East","ward":"Owode"},"geometry":{"type":"Point","coordinates":[3.90874,7.3582]}},{"type":"Feature","properties":{"name":"Anuolu Maternity And Child Welfare Center","kind":"clinic","ownership":"","level":"","kind_detail":"","lga":"Ibadan North East","ward":"Atipe"},"geometry":{"type":"Point","coordinates":[3.92932,7.35992]}},{"type":"Feature","properties":{"name":"Gods Power Maternity Center","kind":"clinic","ownership":"Private","level":"Secondary","kind_detail":"Maternity Home","lga":"Ibadan South East","ward":"Molete"},"geometry":{"type":"Point","coordinates":[3.89929,7.36011]}},{"type":"Feature","properties":{"name":"Motilayo Specialist Hospital","kind":"clinic","ownership":"","level":"","kind_detail":"","lga":"Ibadan North East","ward":"Aperin"},"geometry":{"type":"Point","coordinates":[3.9295,7.36212]}},{"type":"Feature","properties":{"name":"Raji Akande Health Centre","kind":"clinic","ownership":"Public","level":"Primary","kind_detail":"Primary Health Center","lga":"Ibadan South East","ward":"Oke-Oluokun"},"geometry":{"type":"Point","coordinates":[3.90195,7.36243]}},{"type":"Feature","properties":{"name":"Felewa Hospital Maternity","kind":"clinic","ownership":"Private","level":"Primary","kind_detail":"Hospital","lga":"Ibadan South West","ward":"Oke Ado/Liberty"},"geometry":{"type":"Point","coordinates":[3.8842,7.3632]}},{"type":"Feature","properties":{"name":"Beta Life Hospital","kind":"clinic","ownership":"Private","level":"Primary","kind_detail":"Hospital","lga":"Ibadan South West","ward":"Oke Ado/Liberty"},"geometry":{"type":"Point","coordinates":[3.88212,7.36487]}},{"type":"Feature","properties":{"name":"Motilayo Medical Center","kind":"clinic","ownership":"Private","level":"Primary","kind_detail":"Medical Center","lga":"Ibadan North East","ward":"Aperin"},"geometry":{"type":"Point","coordinates":[3.9291,7.36561]}},{"type":"Feature","properties":{"name":"Duntan Hospital And Maternity Clinic","kind":"clinic","ownership":"Private","level":"Primary","kind_detail":"Hospital","lga":"Ibadan South West","ward":"Ita Aregbeomo"},"geometry":{"type":"Point","coordinates":[3.89002,7.36682]}},{"type":"Feature","properties":{"name":"Dorjil Hospital","kind":"clinic","ownership":"Private","level":"Primary","kind_detail":"Hospital","lga":"Ibadan South West","ward":"Ring Road/Challenge/Oluyole"},"geometry":{"type":"Point","coordinates":[3.88353,7.35419]}},{"type":"Feature","properties":{"name":"Felele Primary Health Centre","kind":"clinic","ownership":"Public","level":"Primary","kind_detail":"Primary Health Center","lga":"Ibadan South East","ward":"Challenge"},"geometry":{"type":"Point","coordinates":[3.88945,7.3442]}},{"type":"Feature","properties":{"name":"Oriaje Health Post","kind":"clinic","ownership":"Public","level":"Primary","kind_detail":"Health Post","lga":"Ibadan South East","ward":"Molete"},"geometry":{"type":"Point","coordinates":[3.90007,7.35831]}},{"type":"Feature","properties":{"name":"Omowumi Primary Health Centre","kind":"clinic","ownership":"Public","level":"Primary","kind_detail":"Primary Health Center","lga":"Ibadan North East","ward":"Aperin"},"geometry":{"type":"Point","coordinates":[3.92512,7.36554]}},{"type":"Feature","properties":{"name":"Beloved Maternity And Child Welfare","kind":"clinic","ownership":"Private","level":"Primary","kind_detail":"Primary Health Clinic","lga":"Ibadan South East","ward":"Owode"},"geometry":{"type":"Point","coordinates":[3.91542,7.3457]}},{"type":"Feature","properties":{"name":"Molete Tuberculosis And Leprosy Clinic","kind":"clinic","ownership":"Public","level":"Primary","kind_detail":"Primary Health Clinic","lga":"Ibadan South West","ward":"Molete/Oke Ado"},"geometry":{"type":"Point","coordinates":[3.88931,7.36032]}},{"type":"Feature","properties":{"name":"Ibadan Anglican Diocese Hospital","kind":"clinic","ownership":"Private","level":"Secondary","kind_detail":"Hospital","lga":"Ibadan South West","ward":"Molete/Oke Ado"},"geometry":{"type":"Point","coordinates":[3.88652,7.35594]}},{"type":"Feature","properties":{"name":"Owode Primary Health Centre","kind":"clinic","ownership":"Public","level":"Primary","kind_detail":"Primary Health Center","lga":"Ibadan South East","ward":"Owode"},"geometry":{"type":"Point","coordinates":[3.91326,7.3486]}},{"type":"Feature","properties":{"name":"Glady'S Hill Hospital","kind":"clinic","ownership":"Public","level":"Primary","kind_detail":"Primary Health Center","lga":"Ibadan South East","ward":"Molete"},"geometry":{"type":"Point","coordinates":[3.89368,7.35552]}},{"type":"Feature","properties":{"name":"Durojaiyememorial Hospital","kind":"clinic","ownership":"Private","level":"Primary","kind_detail":"Primary Health Clinic","lga":"Oluyole","ward":"Muslim"},"geometry":{"type":"Point","coordinates":[3.92238,7.35253]}},{"type":"Feature","properties":{"name":"Odinjo Primary Health Center","kind":"clinic","ownership":"Public","level":"Primary","kind_detail":"Primary Health Center","lga":"Ibadan South East","ward":"Odinjo"},"geometry":{"type":"Point","coordinates":[3.91319,7.3591]}},{"type":"Feature","properties":{"name":"Mola Hospital","kind":"clinic","ownership":"Private","level":"Primary","kind_detail":"Primary Health Clinic","lga":"Ibadan South East","ward":"Owode"},"geometry":{"type":"Point","coordinates":[3.90426,7.35458]}},{"type":"Feature","properties":{"name":"Ifelodun Primary Health Centre","kind":"clinic","ownership":"Public","level":"Primary","kind_detail":"Primary Health Center","lga":"Oluyole","ward":"Muslim"},"geometry":{"type":"Point","coordinates":[3.9288,7.35268]}},{"type":"Feature","properties":{"name":"Oluyole Primary Health Centre","kind":"clinic","ownership":"Public","level":"Primary","kind_detail":"Clinic","lga":"Ibadan South West","ward":"Molete/Oke Ado"},"geometry":{"type":"Point","coordinates":[3.88928,7.36032]}},{"type":"Feature","properties":{"name":"Agric General Primary Health Centre","kind":"clinic","ownership":"Public","level":"Primary","kind_detail":"Primary Health Center","lga":"Oluyole","ward":"Muslim"},"geometry":{"type":"Point","coordinates":[3.9275,7.34444]}},{"type":"Feature","properties":{"name":"Molete Primary Health Care","kind":"clinic","ownership":"Public","level":"Primary","kind_detail":"Health Post","lga":"Ibadan South East","ward":"Molete"},"geometry":{"type":"Point","coordinates":[3.89994,7.35816]}},{"type":"Feature","properties":{"name":"Oriaje Primary Health Care","kind":"clinic","ownership":"Public","level":"Primary","kind_detail":"Primary Health Center","lga":"Ibadan South East","ward":"Molete"},"geometry":{"type":"Point","coordinates":[3.88823,7.35717]}},{"type":"Feature","properties":{"name":"Eyin Girama. Primary Health Centre","kind":"clinic","ownership":"Public","level":"Primary","kind_detail":"Primary Health Center","lga":"Ibadan South East","ward":"Molete"},"geometry":{"type":"Point","coordinates":[3.89308,7.34636]}},{"type":"Feature","properties":{"name":"Alafia Tayo Hospital","kind":"clinic","ownership":"Private","level":"Primary","kind_detail":"General Hospital","lga":"Oluyole","ward":"Olomi"},"geometry":{"type":"Point","coordinates":[3.91809,7.34009]}},{"type":"Feature","properties":{"name":"Adejare Embalming Center","kind":"clinic","ownership":"","level":"","kind_detail":"","lga":"Ibadan North East","ward":"Odeaje"},"geometry":{"type":"Point","coordinates":[3.92468,7.3407]}},{"type":"Feature","properties":{"name":"Praise Hospital","kind":"clinic","ownership":"Private","level":"Primary","kind_detail":"Primary Health Clinic","lga":"Ibadan South East","ward":"Owode"},"geometry":{"type":"Point","coordinates":[3.90904,7.34301]}},{"type":"Feature","properties":{"name":"Boluwaji Primary Health Centre","kind":"clinic","ownership":"Public","level":"Primary","kind_detail":"Primary Health Center","lga":"Ibadan South East","ward":"Molete"},"geometry":{"type":"Point","coordinates":[3.90576,7.34333]}},{"type":"Feature","properties":{"name":"Linnet Paul Optical Service","kind":"clinic","ownership":"","level":"","kind_detail":"","lga":"Ibadan North","ward":"Samonda"},"geometry":{"type":"Point","coordinates":[3.90692,7.44012]}},{"type":"Feature","properties":{"name":"Ibadan University Service ( Jaja ) Clinic","kind":"clinic","ownership":"Public","level":"Unknown","kind_detail":"Unclassified","lga":"Ibadan North","ward":"Samonda"},"geometry":{"type":"Point","coordinates":[3.90123,7.44266]}},{"type":"Feature","properties":{"name":"Hamdala Hospital","kind":"clinic","ownership":"Private","level":"Unknown","kind_detail":"Unclassified","lga":"Ibadan North","ward":"Agbowo"},"geometry":{"type":"Point","coordinates":[3.91449,7.44788]}},{"type":"Feature","properties":{"name":"Adisa I Memorial Primary Health Center","kind":"clinic","ownership":"Public","level":"Primary","kind_detail":"Primary Health Center","lga":"Ibadan North","ward":"Agbowo"},"geometry":{"type":"Point","coordinates":[3.9111,7.44793]}},{"type":"Feature","properties":{"name":"Elekuro Akinbiyi Palace Health Center","kind":"clinic","ownership":"Public","level":"Primary","kind_detail":"Primary Health Center","lga":"Ibadan South East","ward":"Asanike"},"geometry":{"type":"Point","coordinates":[3.90912,7.36987]}},{"type":"Feature","properties":{"name":"Ile Aperin Primary Health Centre","kind":"clinic","ownership":"Public","level":"Primary","kind_detail":"Primary Health Center","lga":"Ibadan North East","ward":"Aperin"},"geometry":{"type":"Point","coordinates":[3.91359,7.37169]}},{"type":"Feature","properties":{"name":"Moromoke Memorial Clinic","kind":"clinic","ownership":"Private","level":"Secondary","kind_detail":"Primary Health Clinic","lga":"Ibadan North East","ward":"Aperin"},"geometry":{"type":"Point","coordinates":[3.92007,7.37177]}},{"type":"Feature","properties":{"name":"Koloko Primary Health Centre","kind":"clinic","ownership":"Public","level":"Primary","kind_detail":"Primary Health Center","lga":"Ibadan North East","ward":"Aperin"},"geometry":{"type":"Point","coordinates":[3.92469,7.37223]}},{"type":"Feature","properties":{"name":"Bembo Hospital","kind":"clinic","ownership":"Private","level":"Primary","kind_detail":"Primary Health Center","lga":"Ibadan North East","ward":"Aperin"},"geometry":{"type":"Point","coordinates":[3.91441,7.37505]}},{"type":"Feature","properties":{"name":"Aremo General Hospital","kind":"clinic","ownership":"Public","level":"Secondary","kind_detail":"General Hospital","lga":"Ibadan North East","ward":"Aperin"},"geometry":{"type":"Point","coordinates":[3.91861,7.37542]}},{"type":"Feature","properties":{"name":"Aremo Government Dental Center","kind":"clinic","ownership":"","level":"","kind_detail":"","lga":"Ibadan North East","ward":"Oja Gbo"},"geometry":{"type":"Point","coordinates":[3.91913,7.37549]}},{"type":"Feature","properties":{"name":"Motilayo Hospital","kind":"clinic","ownership":"Private","level":"Primary","kind_detail":"Primary Health Clinic","lga":"Ibadan North East","ward":"Aperin"},"geometry":{"type":"Point","coordinates":[3.91234,7.37626]}},{"type":"Feature","properties":{"name":"Aremo Health Centre","kind":"clinic","ownership":"Public","level":"Primary","kind_detail":"Primary Health Center","lga":"Ibadan North East","ward":"Aperin"},"geometry":{"type":"Point","coordinates":[3.91573,7.37816]}},{"type":"Feature","properties":{"name":"Benla Hospital","kind":"clinic","ownership":"Private","level":"Primary","kind_detail":"Primary Health Clinic","lga":"Ibadan North East","ward":"Oja Gbo"},"geometry":{"type":"Point","coordinates":[3.90988,7.37889]}},{"type":"Feature","properties":{"name":"Iyanu Ayo Clinic And Maternity","kind":"clinic","ownership":"Private","level":"Primary","kind_detail":"Primary Health Center","lga":"Ibadan North East","ward":"Odeaje"},"geometry":{"type":"Point","coordinates":[3.91544,7.37986]}},{"type":"Feature","properties":{"name":"Ode Aje Health Centre","kind":"clinic","ownership":"Public","level":"Primary","kind_detail":"Health Post","lga":"Ibadan North East","ward":"Odeaje"},"geometry":{"type":"Point","coordinates":[3.91589,7.38193]}},{"type":"Feature","properties":{"name":"Kongi Memorial Traditional Hospital","kind":"clinic","ownership":"Private","level":"Unknown","kind_detail":"Unclassified","lga":"Ibadan North East","ward":"Odeaje"},"geometry":{"type":"Point","coordinates":[3.91225,7.38272]}},{"type":"Feature","properties":{"name":"Agugu Center Hospital","kind":"clinic","ownership":"Private","level":"Secondary","kind_detail":"General Hospital","lga":"Ibadan North East","ward":"Agugu"},"geometry":{"type":"Point","coordinates":[3.92087,7.38486]}},{"type":"Feature","properties":{"name":"Atipe Primary Health Center","kind":"clinic","ownership":"Public","level":"Primary","kind_detail":"Primary Health Center","lga":"Ibadan North East","ward":"Atipe"},"geometry":{"type":"Point","coordinates":[3.90968,7.38593]}},{"type":"Feature","properties":{"name":"St. Mary Health Post Primary Health Centre","kind":"clinic","ownership":"Public","level":"Primary","kind_detail":"Primary Health Center","lga":"Ibadan North East","ward":"Odeaje"},"geometry":{"type":"Point","coordinates":[3.9185,7.3862]}},{"type":"Feature","properties":{"name":"Oluyoro Catholic Hospital","kind":"clinic","ownership":"Private","level":"Secondary","kind_detail":"General Hospital","lga":"Ibadan North East","ward":"Oke Adu"},"geometry":{"type":"Point","coordinates":[3.91981,7.38827]}},{"type":"Feature","properties":{"name":"Mobolaji Hospital","kind":"clinic","ownership":"","level":"","kind_detail":"","lga":"Ibadan North East","ward":"Oke Adu"},"geometry":{"type":"Point","coordinates":[3.91755,7.38876]}},{"type":"Feature","properties":{"name":"Irefi Community","kind":"clinic","ownership":"","level":"","kind_detail":"","lga":"Ibadan North East","ward":"Irefin"},"geometry":{"type":"Point","coordinates":[3.91229,7.38928]}},{"type":"Feature","properties":{"name":"Oke Adu Primary Health Centre","kind":"clinic","ownership":"Public","level":"Primary","kind_detail":"Primary Health Center","lga":"Ibadan North East","ward":"Oke Adu"},"geometry":{"type":"Point","coordinates":[3.91697,7.38997]}},{"type":"Feature","properties":{"name":"Oluade Maternity And Child Welfare Clinic","kind":"clinic","ownership":"Private","level":"Secondary","kind_detail":"General Hospital","lga":"Ibadan North East","ward":"Oke Adu"},"geometry":{"type":"Point","coordinates":[3.92366,7.3904]}},{"type":"Feature","properties":{"name":"Modupe Hospital","kind":"clinic","ownership":"Private","level":"Unknown","kind_detail":"Unclassified","lga":"Ibadan North","ward":"Agodi"},"geometry":{"type":"Point","coordinates":[3.90978,7.39049]}},{"type":"Feature","properties":{"name":"Ogundipe Health Post","kind":"clinic","ownership":"","level":"","kind_detail":"","lga":"Ibadan North East","ward":"Oke Adu"},"geometry":{"type":"Point","coordinates":[3.91845,7.39392]}},{"type":"Feature","properties":{"name":"Comfort Medical Center","kind":"clinic","ownership":"Private","level":"Unknown","kind_detail":"Unclassified","lga":"Ibadan North","ward":"Agodi"},"geometry":{"type":"Point","coordinates":[3.91156,7.3975]}},{"type":"Feature","properties":{"name":"Jobi Memorial Hospital","kind":"clinic","ownership":"","level":"","kind_detail":"","lga":"Ibadan North","ward":"Agodi"},"geometry":{"type":"Point","coordinates":[3.91556,7.39779]}},{"type":"Feature","properties":{"name":"Eyitayo Medical Center","kind":"clinic","ownership":"Private","level":"Secondary","kind_detail":"Primary Health Clinic","lga":"Ibadan North East","ward":"Basorun"},"geometry":{"type":"Point","coordinates":[3.92656,7.39995]}},{"type":"Feature","properties":{"name":"Tristate Hospital","kind":"clinic","ownership":"Private","level":"Primary","kind_detail":"Primary Health Center","lga":"Ibadan North East","ward":"Basorun"},"geometry":{"type":"Point","coordinates":[3.92635,7.40101]}},{"type":"Feature","properties":{"name":"Idera De Clinic","kind":"clinic","ownership":"","level":"","kind_detail":"","lga":"Ibadan North","ward":"Agodi"},"geometry":{"type":"Point","coordinates":[3.91351,7.40448]}},{"type":"Feature","properties":{"name":"Atipe Primary Health Centre","kind":"clinic","ownership":"Public","level":"Primary","kind_detail":"Primary Health Center","lga":"Ibadan North East","ward":"Atipe"},"geometry":{"type":"Point","coordinates":[3.91213,7.37855]}},{"type":"Feature","properties":{"name":"Okebadan Health Centre","kind":"clinic","ownership":"Public","level":"Primary","kind_detail":"Primary Health Center","lga":"Ibadan North East","ward":"Oke Adu"},"geometry":{"type":"Point","coordinates":[3.92246,7.38738]}},{"type":"Feature","properties":{"name":"Idi Ogungun Primary Health Centre","kind":"clinic","ownership":"Public","level":"Primary","kind_detail":"Primary Health Center","lga":"Ibadan North","ward":"Agodi"},"geometry":{"type":"Point","coordinates":[3.91775,7.39491]}},{"type":"Feature","properties":{"name":"New Day Hospital","kind":"clinic","ownership":"Private","level":"Primary","kind_detail":"Primary Health Clinic","lga":"Ibadan South East","ward":"Owode"},"geometry":{"type":"Point","coordinates":[3.91272,7.34509]}},{"type":"Feature","properties":{"name":"Sarat Medical Center","kind":"clinic","ownership":"Private","level":"Primary","kind_detail":"Primary Health Clinic","lga":"Oluyole","ward":"Muslim"},"geometry":{"type":"Point","coordinates":[3.92429,7.34869]}},{"type":"Feature","properties":{"name":"Olode Primary Health Center Olode","kind":"clinic","ownership":"","level":"","kind_detail":"","lga":"Ibadan North East","ward":"Odeaje"},"geometry":{"type":"Point","coordinates":[3.92396,7.35164]}},{"type":"Feature","properties":{"name":"Abeo Memorial Maternity Home","kind":"clinic","ownership":"Private","level":"Primary","kind_detail":"Primary Health Clinic","lga":"Oluyole","ward":"Muslim"},"geometry":{"type":"Point","coordinates":[3.92089,7.35325]}},{"type":"Feature","properties":{"name":"Abimbola Hospital","kind":"clinic","ownership":"Private","level":"Primary","kind_detail":"Hospital","lga":"Ibadan North East","ward":"Atipe"},"geometry":{"type":"Point","coordinates":[3.92543,7.35636]}},{"type":"Feature","properties":{"name":"Adeitan Memorial Maternity Health Center","kind":"clinic","ownership":"Private","level":"Primary","kind_detail":"Primary Health Center","lga":"Ibadan South East","ward":"Odinjo"},"geometry":{"type":"Point","coordinates":[3.91706,7.35696]}},{"type":"Feature","properties":{"name":"Ridolahi Maternity Clinic","kind":"clinic","ownership":"Private","level":"Primary","kind_detail":"Primary Health Clinic","lga":"Ibadan South East","ward":"Odinjo"},"geometry":{"type":"Point","coordinates":[3.91217,7.36042]}},{"type":"Feature","properties":{"name":"Glory Of God Clinic And Maternity Centre","kind":"clinic","ownership":"Private","level":"Primary","kind_detail":"Primary Health Clinic","lga":"Ibadan South East","ward":"Adesola"},"geometry":{"type":"Point","coordinates":[3.92312,7.36094]}},{"type":"Feature","properties":{"name":"Adebisi Clinic And Maternity","kind":"clinic","ownership":"Private","level":"Primary","kind_detail":"Primary Health Clinic","lga":"Ona Ara","ward":"Olorunsogo"},"geometry":{"type":"Point","coordinates":[3.9265,7.36327]}},{"type":"Feature","properties":{"name":"Aperin Oniyere Primary Health Center","kind":"clinic","ownership":"Public","level":"Primary","kind_detail":"Primary Health Center","lga":"Ibadan South East","ward":"Adesola"},"geometry":{"type":"Point","coordinates":[3.91913,7.36389]}},{"type":"Feature","properties":{"name":"Immaculate Hospital","kind":"clinic","ownership":"Private","level":"Secondary","kind_detail":"Hospital","lga":"Ibadan South East","ward":"Adesola"},"geometry":{"type":"Point","coordinates":[3.92029,7.3645]}},{"type":"Feature","properties":{"name":"Oritaperin Health Centre","kind":"clinic","ownership":"Public","level":"Primary","kind_detail":"Primary Health Center","lga":"Ibadan South East","ward":"Adesola"},"geometry":{"type":"Point","coordinates":[3.91992,7.36521]}},{"type":"Feature","properties":{"name":"Koloko Primary Health Center","kind":"clinic","ownership":"Public","level":"Primary","kind_detail":"Primary Health Center","lga":"Ibadan North East","ward":"Aperin"},"geometry":{"type":"Point","coordinates":[3.9258,7.36527]}},{"type":"Feature","properties":{"name":"Adegoke Clinic And Maternity","kind":"clinic","ownership":"Private","level":"Primary","kind_detail":"Primary Health Clinic","lga":"Ibadan South East","ward":"Asanike"},"geometry":{"type":"Point","coordinates":[3.91397,7.36734]}},{"type":"Feature","properties":{"name":"B Med Hospital","kind":"clinic","ownership":"Private","level":"Secondary","kind_detail":"General Hospital","lga":"Ibadan North East","ward":"Aperin"},"geometry":{"type":"Point","coordinates":[3.91912,7.36835]}},{"type":"Feature","properties":{"name":"Awoye Ajike Clinic And Maternity Centre","kind":"clinic","ownership":"Private","level":"Primary","kind_detail":"Primary Health Clinic","lga":"Ibadan South East","ward":"Asanike"},"geometry":{"type":"Point","coordinates":[3.91492,7.36853]}},{"type":"Feature","properties":{"name":"Anu Oluwa Hospital And Maternity","kind":"clinic","ownership":"","level":"","kind_detail":"","lga":"Ibadan North East","ward":"Odeaje"},"geometry":{"type":"Point","coordinates":[3.92249,7.34308]}},{"type":"Feature","properties":{"name":"Ajegunle Primary Health Centre","kind":"clinic","ownership":"Public","level":"Primary","kind_detail":"Primary Health Center","lga":"Ibadan North East","ward":"Aperin"},"geometry":{"type":"Point","coordinates":[3.92473,7.36732]}},{"type":"Feature","properties":{"name":"Olomi Tbl Clinic","kind":"clinic","ownership":"Public","level":"Primary","kind_detail":"Primary Health Center","lga":"Oluyole","ward":"Olomi"},"geometry":{"type":"Point","coordinates":[3.9166,7.34251]}},{"type":"Feature","properties":{"name":"Ope Agbe Primary Health Centre","kind":"clinic","ownership":"Public","level":"Primary","kind_detail":"Primary Health Center","lga":"Oluyole","ward":"Olomi"},"geometry":{"type":"Point","coordinates":[3.91561,7.34332]}},{"type":"Feature","properties":{"name":"Oluyole Primary Health Center Adaramagbo","kind":"clinic","ownership":"","level":"","kind_detail":"","lga":"Ibadan North East","ward":"Odeaje"},"geometry":{"type":"Point","coordinates":[3.91941,7.33861]}},{"type":"Feature","properties":{"name":"Adaramagbo Olomi Primary Health Centre","kind":"clinic","ownership":"Public","level":"Primary","kind_detail":"Primary Health Center","lga":"Oluyole","ward":"Olomi"},"geometry":{"type":"Point","coordinates":[3.91562,7.3407]}},{"type":"Feature","properties":{"name":"The Family Specialist Hospital","kind":"clinic","ownership":"Private","level":"Secondary","kind_detail":"Unclassified","lga":"Ibadan North","ward":"Bashorun"},"geometry":{"type":"Point","coordinates":[3.93002,7.41568]}},{"type":"Feature","properties":{"name":"Akeke Primary Health Centre","kind":"clinic","ownership":"Public","level":"Primary","kind_detail":"Primary Health Center","lga":"Ibadan North East","ward":"Basorun"},"geometry":{"type":"Point","coordinates":[3.93882,7.41571]}},{"type":"Feature","properties":{"name":"Aged And Widow Primary Health Centre","kind":"clinic","ownership":"Public","level":"Primary","kind_detail":"Clinic","lga":"Ibadan North East","ward":"Basorun"},"geometry":{"type":"Point","coordinates":[3.93262,7.41106]}},{"type":"Feature","properties":{"name":"Basorun Primary Health Centre","kind":"clinic","ownership":"Public","level":"Primary","kind_detail":"Primary Health Center","lga":"Ibadan North","ward":"Bashorun"},"geometry":{"type":"Point","coordinates":[3.93242,7.41526]}},{"type":"Feature","properties":{"name":"Olorombo Primary Health Clinic","kind":"clinic","ownership":"Public","level":"Primary","kind_detail":"Primary Health Center","lga":"Ibadan North East","ward":"Basorun"},"geometry":{"type":"Point","coordinates":[3.93884,7.41574]}},{"type":"Feature","properties":{"name":"Ashi Primary Health Centre","kind":"clinic","ownership":"Public","level":"Primary","kind_detail":"Primary Health Center","lga":"Ibadan North East","ward":"Basorun"},"geometry":{"type":"Point","coordinates":[3.93874,7.41579]}},{"type":"Feature","properties":{"name":"Ifesowapo Primary Health Centre","kind":"clinic","ownership":"Public","level":"Primary","kind_detail":"Primary Health Center","lga":"Ibadan North East","ward":"Basorun"},"geometry":{"type":"Point","coordinates":[3.93126,7.41976]}},{"type":"Feature","properties":{"name":"St Titus Hospital","kind":"clinic","ownership":"Public","level":"Secondary","kind_detail":"General Hospital","lga":"Ibadan North East","ward":"Agugu"},"geometry":{"type":"Point","coordinates":[3.92924,7.38332]}},{"type":"Feature","properties":{"name":"Kaoyuk Hospital","kind":"clinic","ownership":"Private","level":"Primary","kind_detail":"Primary Health Clinic","lga":"Ona Ara","ward":"Oremeji"},"geometry":{"type":"Point","coordinates":[3.9318,7.37956]}},{"type":"Feature","properties":{"name":"Mobolaji Hospital","kind":"clinic","ownership":"Private","level":"Primary","kind_detail":"Primary Health Clinic","lga":"Ona Ara","ward":"Oremeji"},"geometry":{"type":"Point","coordinates":[3.93206,7.38015]}},{"type":"Feature","properties":{"name":"Omosebi Hospital","kind":"clinic","ownership":"Private","level":"Secondary","kind_detail":"General Hospital","lga":"Ibadan North East","ward":"Agugu"},"geometry":{"type":"Point","coordinates":[3.93315,7.38508]}},{"type":"Feature","properties":{"name":"Elyon Hospital Specialist","kind":"clinic","ownership":"Private","level":"Primary","kind_detail":"Primary Health Center","lga":"Ibadan North East","ward":"Basorun"},"geometry":{"type":"Point","coordinates":[3.93351,7.40321]}},{"type":"Feature","properties":{"name":"Ibadan Northeast Primary Health Center","kind":"clinic","ownership":"Public","level":"Primary","kind_detail":"Primary Health Center","lga":"Ibadan North East","ward":"Basorun"},"geometry":{"type":"Point","coordinates":[3.93371,7.40416]}},{"type":"Feature","properties":{"name":"Ore Ofe Maternity Center","kind":"clinic","ownership":"","level":"","kind_detail":"","lga":"Ibadan North East","ward":"Agugu"},"geometry":{"type":"Point","coordinates":[3.93451,7.37988]}},{"type":"Feature","properties":{"name":"Ilua Primary Health Center","kind":"clinic","ownership":"Public","level":"Primary","kind_detail":"Primary Health Center","lga":"Ibadan North East","ward":"Basorun"},"geometry":{"type":"Point","coordinates":[3.93676,7.40463]}},{"type":"Feature","properties":{"name":"Skyline Hospital Specialist","kind":"clinic","ownership":"Private","level":"Tertiary","kind_detail":"General Hospital","lga":"Ibadan North East","ward":"Basorun"},"geometry":{"type":"Point","coordinates":[3.93928,7.40168]}},{"type":"Feature","properties":{"name":"Alawaye Hospital","kind":"clinic","ownership":"Public","level":"Primary","kind_detail":"Primary Health Clinic","lga":"Ibadan North East","ward":"Basorun"},"geometry":{"type":"Point","coordinates":[3.93939,7.40455]}},{"type":"Feature","properties":{"name":"Ibadan City Hospital","kind":"clinic","ownership":"","level":"","kind_detail":"","lga":"Ibadan North East","ward":"Basorun"},"geometry":{"type":"Point","coordinates":[3.94011,7.40244]}},{"type":"Feature","properties":{"name":"Ifesowapo Abayomi Primary Health Center","kind":"clinic","ownership":"Public","level":"Primary","kind_detail":"Primary Health Center","lga":"Ibadan North East","ward":"Basorun"},"geometry":{"type":"Point","coordinates":[3.94101,7.40894]}},{"type":"Feature","properties":{"name":"Ti Oluwani Hospital","kind":"clinic","ownership":"Private","level":"Secondary","kind_detail":"General Hospital","lga":"Ibadan North East","ward":"Basorun"},"geometry":{"type":"Point","coordinates":[3.94284,7.40767]}},{"type":"Feature","properties":{"name":"Oremeji Primary Health Centre","kind":"clinic","ownership":"Public","level":"Primary","kind_detail":"Primary Health Center","lga":"Egbeda","ward":"Olubadan"},"geometry":{"type":"Point","coordinates":[3.93492,7.38188]}},{"type":"Feature","properties":{"name":"Oniwumi Medical Center","kind":"clinic","ownership":"Private","level":"Primary","kind_detail":"Primary Health Center","lga":"Ibadan North East","ward":"Basorun"},"geometry":{"type":"Point","coordinates":[3.94016,7.40123]}},{"type":"Feature","properties":{"name":"Iwo Road Primary Health Centre","kind":"clinic","ownership":"Public","level":"Primary","kind_detail":"Primary Health Center","lga":"Ibadan North East","ward":"Basorun"},"geometry":{"type":"Point","coordinates":[3.93377,7.4043]}},{"type":"Feature","properties":{"name":"Police Medical Center","kind":"clinic","ownership":"Public","level":"Secondary","kind_detail":"General Hospital","lga":"Ibadan North East","ward":"Basorun"},"geometry":{"type":"Point","coordinates":[3.92889,7.40253]}},{"type":"Feature","properties":{"name":"Akeke Olorounbo Primary Health Centre","kind":"clinic","ownership":"Public","level":"Primary","kind_detail":"Primary Health Center","lga":"Ibadan North East","ward":"Basorun"},"geometry":{"type":"Point","coordinates":[3.94103,7.40894]}},{"type":"Feature","properties":{"name":"Lagelu Youth Friendly Primary Health Centre","kind":"clinic","ownership":"Public","level":"Primary","kind_detail":"Primary Health Center","lga":"Ibadan North East","ward":"Agugu"},"geometry":{"type":"Point","coordinates":[3.93209,7.38423]}},{"type":"Feature","properties":{"name":"Idea Oluwa Primary Health Centre","kind":"clinic","ownership":"Public","level":"Primary","kind_detail":"Primary Health Center","lga":"Ibadan North East","ward":"Agugu"},"geometry":{"type":"Point","coordinates":[3.93207,7.38417]}},{"type":"Feature","properties":{"name":"B.C.O.S. , Basorun Clinic","kind":"clinic","ownership":"Public","level":"Primary","kind_detail":"Health Post","lga":"Ibadan North East","ward":"Basorun"},"geometry":{"type":"Point","coordinates":[3.93379,7.40487]}},{"type":"Feature","properties":{"name":"Al Mueed Maternity Clinic","kind":"clinic","ownership":"","level":"","kind_detail":"","lga":"Ibadan North East","ward":"Aperin"},"geometry":{"type":"Point","coordinates":[3.93152,7.37207]}},{"type":"Feature","properties":{"name":"Love Maternity","kind":"clinic","ownership":"Private","level":"Primary","kind_detail":"Primary Health Clinic","lga":"Ona Ara","ward":"Olorunsogo"},"geometry":{"type":"Point","coordinates":[3.93338,7.37266]}},{"type":"Feature","properties":{"name":"Arinola Memorial Clinic And Maternity Center","kind":"clinic","ownership":"","level":"","kind_detail":"","lga":"Ibadan North East","ward":"Aperin"},"geometry":{"type":"Point","coordinates":[3.9303,7.37451]}},{"type":"Feature","properties":{"name":"Sarat Adesina Primary Health Centre","kind":"clinic","ownership":"Public","level":"Primary","kind_detail":"Primary Health Center","lga":"Ona Ara","ward":"Oremeji"},"geometry":{"type":"Point","coordinates":[3.93718,7.37799]}},{"type":"Feature","properties":{"name":"Adun Medical Center","kind":"clinic","ownership":"Private","level":"Primary","kind_detail":"Primary Health Clinic","lga":"Ona Ara","ward":"Oremeji"},"geometry":{"type":"Point","coordinates":[3.93717,7.37929]}},{"type":"Feature","properties":{"name":"Moboluwaduro Clinic And Maternity","kind":"clinic","ownership":"Private","level":"Primary","kind_detail":"Primary Health Clinic","lga":"Ona Ara","ward":"Olorunsogo"},"geometry":{"type":"Point","coordinates":[3.9347,7.37223]}},{"type":"Feature","properties":{"name":"Teejay Hospital","kind":"clinic","ownership":"Private","level":"Primary","kind_detail":"Primary Health Clinic","lga":"Ona Ara","ward":"Olunloyo"},"geometry":{"type":"Point","coordinates":[3.93801,7.35624]}},{"type":"Feature","properties":{"name":"Ajao Memorial Hospital Specialist","kind":"clinic","ownership":"Private","level":"Primary","kind_detail":"Primary Health Clinic","lga":"Ona Ara","ward":"Olorunsogo"},"geometry":{"type":"Point","coordinates":[3.93255,7.35933]}},{"type":"Feature","properties":{"name":"Ike Olu Clinic And Maternity Health Centre","kind":"clinic","ownership":"Private","level":"Secondary","kind_detail":"Primary Health Clinic","lga":"Ona Ara","ward":"Olorunsogo"},"geometry":{"type":"Point","coordinates":[3.93398,7.36624]}},{"type":"Feature","properties":{"name":"Olorunsogo-Babarere Primary Health Centre","kind":"clinic","ownership":"Public","level":"Primary","kind_detail":"Primary Health Center","lga":"Ona Ara","ward":"Olorunsogo"},"geometry":{"type":"Point","coordinates":[3.93478,7.36782]}},{"type":"Feature","properties":{"name":"Idera Clinic","kind":"clinic","ownership":"Private","level":"Primary","kind_detail":"Primary Health Clinic","lga":"Ona Ara","ward":"Olorunsogo"},"geometry":{"type":"Point","coordinates":[3.93315,7.36785]}},{"type":"Feature","properties":{"name":"New Adeoyo State Hospital","kind":"clinic","ownership":"Public","level":"Secondary","kind_detail":"Hospital","lga":"Ibadan South West","ward":"Ring Road/Challenge/Oluyole"},"geometry":{"type":"Point","coordinates":[3.86077,7.35372]}},{"type":"Feature","properties":{"name":"Jolaleke Hospital Specialist","kind":"clinic","ownership":"Private","level":"Primary","kind_detail":"Primary Health Clinic","lga":"Ibadan South West","ward":"Ring Road/Challenge/Oluyole"},"geometry":{"type":"Point","coordinates":[3.86276,7.35041]}},{"type":"Feature","properties":{"name":"Ring Road State Hospital","kind":"clinic","ownership":"Public","level":"Secondary","kind_detail":"General Hospital","lga":"Ibadan South West","ward":"Ring Road/Challenge/Oluyole"},"geometry":{"type":"Point","coordinates":[3.86283,7.3516]}},{"type":"Feature","properties":{"name":"Lanark Hospital Specialist","kind":"clinic","ownership":"Private","level":"Primary","kind_detail":"Primary Health Clinic","lga":"Ibadan South West","ward":"Ring Road/Challenge/Oluyole"},"geometry":{"type":"Point","coordinates":[3.86688,7.35669]}},{"type":"Feature","properties":{"name":"St Elizabeth Specialist Hospital","kind":"clinic","ownership":"Private","level":"Primary","kind_detail":"Primary Health Clinic","lga":"Ibadan South West","ward":"Ring Road/Challenge/Oluyole"},"geometry":{"type":"Point","coordinates":[3.86836,7.34703]}},{"type":"Feature","properties":{"name":"Ore Ife Hospital","kind":"clinic","ownership":"Private","level":"Primary","kind_detail":"Primary Health Clinic","lga":"Oluyole","ward":"Orita"},"geometry":{"type":"Point","coordinates":[3.86986,7.34059]}},{"type":"Feature","properties":{"name":"St Macrina Limited Hospital","kind":"clinic","ownership":"Private","level":"Primary","kind_detail":"Primary Health Clinic","lga":"Ibadan South West","ward":"Ring Road/Challenge/Oluyole"},"geometry":{"type":"Point","coordinates":[3.87205,7.35961]}},{"type":"Feature","properties":{"name":"Ebimacc Maternity And Health Clinic","kind":"clinic","ownership":"Private","level":"Primary","kind_detail":"Primary Health Clinic","lga":"Ibadan South East","ward":"Challenge"},"geometry":{"type":"Point","coordinates":[3.87214,7.33899]}},{"type":"Feature","properties":{"name":"Orita Health Centre","kind":"clinic","ownership":"Public","level":"Primary","kind_detail":"Primary Health Center","lga":"Ibadan South East","ward":"Challenge"},"geometry":{"type":"Point","coordinates":[3.87216,7.33937]}},{"type":"Feature","properties":{"name":"Crown Hospital","kind":"clinic","ownership":"Private","level":"Primary","kind_detail":"Primary Health Clinic","lga":"Ibadan South West","ward":"Ring Road/Challenge/Oluyole"},"geometry":{"type":"Point","coordinates":[3.87231,7.34319]}},{"type":"Feature","properties":{"name":"Royal Immaculate Hospital","kind":"clinic","ownership":"Private","level":"Secondary","kind_detail":"Hospital","lga":"Ibadan South East","ward":"Challenge"},"geometry":{"type":"Point","coordinates":[3.87317,7.34201]}},{"type":"Feature","properties":{"name":"Teju Specialist Hospital","kind":"clinic","ownership":"Private","level":"Secondary","kind_detail":"General Hospital","lga":"Ibadan South West","ward":"Ring Road/Challenge/Oluyole"},"geometry":{"type":"Point","coordinates":[3.87376,7.35417]}},{"type":"Feature","properties":{"name":"Elewura Primary Health Care Center","kind":"clinic","ownership":"Public","level":"Primary","kind_detail":"Primary Health Center","lga":"Ibadan South West","ward":"Ring Road/Challenge/Oluyole"},"geometry":{"type":"Point","coordinates":[3.87409,7.34784]}},{"type":"Feature","properties":{"name":"The Pizzazz Hospital","kind":"clinic","ownership":"Private","level":"Primary","kind_detail":"Primary Health Clinic","lga":"Ibadan South East","ward":"Challenge"},"geometry":{"type":"Point","coordinates":[3.87422,7.3335]}},{"type":"Feature","properties":{"name":"Delight Hospital","kind":"clinic","ownership":"Private","level":"Primary","kind_detail":"Primary Health Clinic","lga":"Ibadan South West","ward":"Ring Road/Challenge/Oluyole"},"geometry":{"type":"Point","coordinates":[3.87477,7.34935]}},{"type":"Feature","properties":{"name":"Awodife Primary Health Centre","kind":"clinic","ownership":"Public","level":"Primary","kind_detail":"Primary Health Center","lga":"Ibadan South West","ward":"Ring Road/Challenge/Oluyole"},"geometry":{"type":"Point","coordinates":[3.87505,7.35081]}},{"type":"Feature","properties":{"name":"Fortune Hospital And Dental Centre","kind":"clinic","ownership":"Private","level":"Primary","kind_detail":"General Hospital","lga":"Ibadan South West","ward":"Ring Road/Challenge/Oluyole"},"geometry":{"type":"Point","coordinates":[3.8754,7.35201]}},{"type":"Feature","properties":{"name":"El Rophi","kind":"clinic","ownership":"Private","level":"Primary","kind_detail":"General Hospital","lga":"Ibadan South West","ward":"Ring Road/Challenge/Oluyole"},"geometry":{"type":"Point","coordinates":[3.87644,7.35111]}},{"type":"Feature","properties":{"name":"Odunlakin Specialist Hospital","kind":"clinic","ownership":"Private","level":"Primary","kind_detail":"General Hospital","lga":"Ibadan South West","ward":"Molete/Oke Ado"},"geometry":{"type":"Point","coordinates":[3.87723,7.3539]}},{"type":"Feature","properties":{"name":"Iye Hospital","kind":"clinic","ownership":"Private","level":"Primary","kind_detail":"Primary Health Clinic","lga":"Ibadan South East","ward":"Challenge"},"geometry":{"type":"Point","coordinates":[3.87769,7.34149]}},{"type":"Feature","properties":{"name":"Kejide Limited Hospital","kind":"clinic","ownership":"Private","level":"Primary","kind_detail":"Primary Health Clinic","lga":"Ibadan South West","ward":"Ring Road/Challenge/Oluyole"},"geometry":{"type":"Point","coordinates":[3.87824,7.3481]}},{"type":"Feature","properties":{"name":"Montana Medical Center","kind":"clinic","ownership":"Private","level":"Primary","kind_detail":"Primary Health Center","lga":"Ibadan South East","ward":"Challenge"},"geometry":{"type":"Point","coordinates":[3.87873,7.34607]}},{"type":"Feature","properties":{"name":"Joy And Peace Specialist Hospital","kind":"clinic","ownership":"Private","level":"Tertiary","kind_detail":"Specialist Hospital","lga":"Ibadan South East","ward":"Challenge"},"geometry":{"type":"Point","coordinates":[3.87963,7.34762]}},{"type":"Feature","properties":{"name":"Continental Medical Center","kind":"clinic","ownership":"Private","level":"Primary","kind_detail":"Unclassified","lga":"Ibadan South East","ward":"Challenge"},"geometry":{"type":"Point","coordinates":[3.879,7.34645]}},{"type":"Feature","properties":{"name":"All For God Maternity Health Center","kind":"clinic","ownership":"Private","level":"Primary","kind_detail":"Health Post","lga":"Ibadan North West","ward":"Inalende"},"geometry":{"type":"Point","coordinates":[3.8897,7.39363]}},{"type":"Feature","properties":{"name":"Adeoye Memorial Hospital Specialist","kind":"clinic","ownership":"Private","level":"Primary","kind_detail":"Primary Health Center","lga":"Ibadan North West","ward":"Ekotedo"},"geometry":{"type":"Point","coordinates":[3.88495,7.39383]}},{"type":"Feature","properties":{"name":"Tony Hospital","kind":"clinic","ownership":"Private","level":"Primary","kind_detail":"General Hospital","lga":"Ibadan North West","ward":"Inalende"},"geometry":{"type":"Point","coordinates":[3.88971,7.39429]}},{"type":"Feature","properties":{"name":"Koladisi Foundation Primary Health Centre","kind":"clinic","ownership":"Public","level":"Primary","kind_detail":"Primary Health Center","lga":"Ibadan North","ward":"Yemetu"},"geometry":{"type":"Point","coordinates":[3.89915,7.39621]}},{"type":"Feature","properties":{"name":"Aged And Widow Primary Health Centre","kind":"clinic","ownership":"Public","level":"Primary","kind_detail":"Primary Health Center","lga":"Ibadan North","ward":"Agodi"},"geometry":{"type":"Point","coordinates":[3.91887,7.39649]}},{"type":"Feature","properties":{"name":"St Martina Hospital","kind":"clinic","ownership":"Private","level":"Primary","kind_detail":"Hospital","lga":"Ibadan North West","ward":"Afonta"},"geometry":{"type":"Point","coordinates":[3.88318,7.397]}},{"type":"Feature","properties":{"name":"Vine Branch Medical","kind":"clinic","ownership":"Private","level":"Unknown","kind_detail":"Unclassified","lga":"Ibadan North","ward":"Yemetu"},"geometry":{"type":"Point","coordinates":[3.89771,7.39728]}},{"type":"Feature","properties":{"name":"Christus Specialist Hospital","kind":"clinic","ownership":"Private","level":"Secondary","kind_detail":"Specialist Hospital","lga":"Ibadan North","ward":"Sabo"},"geometry":{"type":"Point","coordinates":[3.88743,7.39748]}},{"type":"Feature","properties":{"name":"Chief Shepherd Hospital Mission Hospital","kind":"clinic","ownership":"Private","level":"Secondary","kind_detail":"Hospital","lga":"Ibadan North West","ward":"Olopomewa"},"geometry":{"type":"Point","coordinates":[3.87884,7.41125]}},{"type":"Feature","properties":{"name":"Badejoko Memorial Hospital","kind":"clinic","ownership":"Private","level":"Unknown","kind_detail":"Unclassified","lga":"Ibadan North","ward":"Oke Itunu"},"geometry":{"type":"Point","coordinates":[3.8927,7.41168]}},{"type":"Feature","properties":{"name":"Mokola Army Barracks Hospital","kind":"clinic","ownership":"Public","level":"Primary","kind_detail":"Primary Health Clinic","lga":"Ibadan North West","ward":"Ekotedo"},"geometry":{"type":"Point","coordinates":[3.88542,7.41503]}},{"type":"Feature","properties":{"name":"Oke Itunu Primary Health Centre","kind":"clinic","ownership":"Public","level":"Primary","kind_detail":"Primary Health Center","lga":"Ibadan North","ward":"Oke Itunu"},"geometry":{"type":"Point","coordinates":[3.89058,7.41594]}},{"type":"Feature","properties":{"name":"J-Rapha Hospital And Maternity","kind":"clinic","ownership":"Private","level":"Secondary","kind_detail":"Unclassified","lga":"Ibadan North","ward":"Bashorun"},"geometry":{"type":"Point","coordinates":[3.91441,7.42225]}},{"type":"Feature","properties":{"name":"Maryland Hospital","kind":"clinic","ownership":"Private","level":"Secondary","kind_detail":"Hospital","lga":"Ibadan North","ward":"Sango"},"geometry":{"type":"Point","coordinates":[3.87839,7.42484]}},{"type":"Feature","properties":{"name":"The Polytechnic Ibadan Health Center","kind":"clinic","ownership":"Public","level":"Primary","kind_detail":"Primary Health Center","lga":"Ibadan North","ward":"Samonda"},"geometry":{"type":"Point","coordinates":[3.88527,7.43726]}},{"type":"Feature","properties":{"name":"Hosanna Hospital Specialist","kind":"clinic","ownership":"Private","level":"Unknown","kind_detail":"Unclassified","lga":"Ibadan North","ward":"Agbowo"},"geometry":{"type":"Point","coordinates":[3.91039,7.44214]}},{"type":"Feature","properties":{"name":"Yemetu / Oke-Apon Primary Health Centre","kind":"clinic","ownership":"Public","level":"Primary","kind_detail":"Primary Health Center","lga":"Ibadan North","ward":"Yemetu"},"geometry":{"type":"Point","coordinates":[3.90864,7.396]}},{"type":"Feature","properties":{"name":"Sango ( Akorede ) Primary Health Centre","kind":"clinic","ownership":"Public","level":"Primary","kind_detail":"Primary Health Center","lga":"Ibadan North","ward":"Sango"},"geometry":{"type":"Point","coordinates":[3.89335,7.42724]}}]}