{"type":"FeatureCollection","features":[{"type":"Feature","properties":{"minutes":14.89,"people":379,"clinic_min":15.27,"school_min":14.5,"k_clinic":5,"k_school":5,"within_15":1,"off_street":0,"ward":"Challenge","lga":"Ibadan South East"},"geometry":{"type":"Polygon","coordinates":[[[3.87542,7.33188],[3.87385,7.33279],[3.87228,7.33188],[3.87228,7.33008],[3.87384,7.32917],[3.87541,7.33007],[3.87542,7.33188]]]}},{"type":"Feature","properties":{"minutes":11.01,"people":428,"clinic_min":11.32,"school_min":10.7,"k_clinic":5,"k_school":5,"within_15":1,"off_street":0,"ward":"Challenge","lga":"Ibadan South East"},"geometry":{"type":"Polygon","coordinates":[[[3.87385,7.3346],[3.87229,7.3355],[3.87072,7.3346],[3.87071,7.33279],[3.87228,7.33188],[3.87385,7.33279],[3.87385,7.3346]]]}},{"type":"Feature","properties":{"minutes":15.17,"people":447,"clinic_min":15.98,"school_min":14.35,"k_clinic":5,"k_school":5,"within_15":0,"off_street":0,"ward":"Challenge","lga":"Ibadan South East"},"geometry":{"type":"Polygon","coordinates":[[[3.87699,7.33459],[3.87543,7.3355],[3.87385,7.3346],[3.87385,7.33279],[3.87542,7.33188],[3.87699,7.33278],[3.87699,7.33459]]]}},{"type":"Feature","properties":{"minutes":23.49,"people":279,"clinic_min":24.1,"school_min":22.87,"k_clinic":5,"k_school":5,"within_15":0,"off_street":0,"ward":"Challenge","lga":"Ibadan South East"},"geometry":{"type":"Polygon","coordinates":[[[3.88013,7.33458],[3.87856,7.33549],[3.87699,7.33459],[3.87699,7.33278],[3.87856,7.33187],[3.88013,7.33277],[3.88013,7.33458]]]}},{"type":"Feature","properties":{"minutes":15.48,"people":714,"clinic_min":17.3,"school_min":13.65,"k_clinic":5,"k_school":5,"within_15":0,"off_street":0,"ward":"Challenge","lga":"Ibadan South East"},"geometry":{"type":"Polygon","coordinates":[[[3.88327,7.33458],[3.8817,7.33548],[3.88013,7.33458],[3.88013,7.33277],[3.88169,7.33187],[3.88327,7.33277],[3.88327,7.33458]]]}},{"type":"Feature","properties":{"minutes":17.31,"people":683,"clinic_min":19.75,"school_min":14.87,"k_clinic":5,"k_school":5,"within_15":0,"off_street":0,"ward":"Challenge","lga":"Ibadan South East"},"geometry":{"type":"Polygon","coordinates":[[[3.88641,7.33457],[3.88484,7.33548],[3.88327,7.33458],[3.88327,7.33277],[3.88483,7.33186],[3.8864,7.33276],[3.88641,7.33457]]]}},{"type":"Feature","properties":{"minutes":9.49,"people":749,"clinic_min":9.48,"school_min":9.49,"k_clinic":5,"k_school":5,"within_15":1,"off_street":0,"ward":"Challenge","lga":"Ibadan South East"},"geometry":{"type":"Polygon","coordinates":[[[3.87229,7.33731],[3.87072,7.33822],[3.86915,7.33732],[3.86915,7.33551],[3.87072,7.3346],[3.87229,7.3355],[3.87229,7.33731]]]}},{"type":"Feature","properties":{"minutes":8.06,"people":989,"clinic_min":9.07,"school_min":7.05,"k_clinic":5,"k_school":5,"within_15":1,"off_street":0,"ward":"Challenge","lga":"Ibadan South East"},"geometry":{"type":"Polygon","coordinates":[[[3.87543,7.33731],[3.87386,7.33821],[3.87229,7.33731],[3.87229,7.3355],[3.87385,7.3346],[3.87543,7.3355],[3.87543,7.33731]]]}},{"type":"Feature","properties":{"minutes":10.05,"people":559,"clinic_min":10.71,"school_min":9.4,"k_clinic":5,"k_school":5,"within_15":1,"off_street":0,"ward":"Challenge","lga":"Ibadan South East"},"geometry":{"type":"Polygon","coordinates":[[[3.87857,7.3373],[3.877,7.33821],[3.87543,7.33731],[3.87543,7.3355],[3.87699,7.33459],[3.87856,7.33549],[3.87857,7.3373]]]}},{"type":"Feature","properties":{"minutes":14.84,"people":794,"clinic_min":16.44,"school_min":13.25,"k_clinic":5,"k_school":5,"within_15":1,"off_street":0,"ward":"Challenge","lga":"Ibadan South East"},"geometry":{"type":"Polygon","coordinates":[[[3.88171,7.33729],[3.88014,7.3382],[3.87857,7.3373],[3.87856,7.33549],[3.88013,7.33458],[3.8817,7.33548],[3.88171,7.33729]]]}},{"type":"Feature","properties":{"minutes":13.62,"people":1021,"clinic_min":15.74,"school_min":11.5,"k_clinic":5,"k_school":5,"within_15":1,"off_street":0,"ward":"Challenge","lga":"Ibadan South East"},"geometry":{"type":"Polygon","coordinates":[[[3.88484,7.33729],[3.88328,7.33819],[3.88171,7.33729],[3.8817,7.33548],[3.88327,7.33458],[3.88484,7.33548],[3.88484,7.33729]]]}},{"type":"Feature","properties":{"minutes":18.36,"people":586,"clinic_min":20.96,"school_min":15.76,"k_clinic":5,"k_school":5,"within_15":0,"off_street":0,"ward":"Challenge","lga":"Ibadan South East"},"geometry":{"type":"Polygon","coordinates":[[[3.88798,7.33728],[3.88641,7.33819],[3.88484,7.33729],[3.88484,7.33548],[3.88641,7.33457],[3.88798,7.33547],[3.88798,7.33728]]]}},{"type":"Feature","properties":{"minutes":14.75,"people":1037,"clinic_min":16.85,"school_min":12.64,"k_clinic":5,"k_school":5,"within_15":1,"off_street":0,"ward":"Challenge","lga":"Ibadan South East"},"geometry":{"type":"Polygon","coordinates":[[[3.89112,7.33727],[3.88955,7.33818],[3.88798,7.33728],[3.88798,7.33547],[3.88955,7.33456],[3.89112,7.33547],[3.89112,7.33727]]]}},{"type":"Feature","properties":{"minutes":26.19,"people":919,"clinic_min":33.46,"school_min":18.92,"k_clinic":5,"k_school":5,"within_15":0,"off_street":0,"ward":"Agbokojo","lga":"Ibadan South West"},"geometry":{"type":"Polygon","coordinates":[[[3.85504,7.34006],[3.85347,7.34097],[3.8519,7.34006],[3.85189,7.33826],[3.85346,7.33735],[3.85503,7.33825],[3.85504,7.34006]]]}},{"type":"Feature","properties":{"minutes":20.04,"people":1090,"clinic_min":27.62,"school_min":12.45,"k_clinic":5,"k_school":5,"within_15":0,"off_street":0,"ward":"Agbokojo","lga":"Ibadan South West"},"geometry":{"type":"Polygon","coordinates":[[[3.85817,7.34005],[3.85661,7.34096],[3.85504,7.34006],[3.85503,7.33825],[3.8566,7.33734],[3.85817,7.33824],[3.85817,7.34005]]]}},{"type":"Feature","properties":{"minutes":13.51,"people":605,"clinic_min":21.11,"school_min":5.92,"k_clinic":5,"k_school":5,"within_15":1,"off_street":0,"ward":"Agbokojo","lga":"Ibadan South West"},"geometry":{"type":"Polygon","coordinates":[[[3.86131,7.34005],[3.85974,7.34095],[3.85817,7.34005],[3.85817,7.33824],[3.85974,7.33734],[3.86131,7.33824],[3.86131,7.34005]]]}},{"type":"Feature","properties":{"minutes":10.46,"people":954,"clinic_min":17.45,"school_min":3.47,"k_clinic":5,"k_school":5,"within_15":1,"off_street":0,"ward":"Agbokojo","lga":"Ibadan South West"},"geometry":{"type":"Polygon","coordinates":[[[3.86445,7.34004],[3.86288,7.34095],[3.86131,7.34005],[3.86131,7.33824],[3.86288,7.33733],[3.86445,7.33823],[3.86445,7.34004]]]}},{"type":"Feature","properties":{"minutes":7.8,"people":1073,"clinic_min":12.78,"school_min":2.82,"k_clinic":5,"k_school":5,"within_15":1,"off_street":0,"ward":"Agbokojo","lga":"Ibadan South West"},"geometry":{"type":"Polygon","coordinates":[[[3.86759,7.34003],[3.86602,7.34094],[3.86445,7.34004],[3.86445,7.33823],[3.86601,7.33732],[3.86758,7.33823],[3.86759,7.34003]]]}},{"type":"Feature","properties":{"minutes":4.73,"people":1185,"clinic_min":5.59,"school_min":3.87,"k_clinic":5,"k_school":5,"within_15":1,"off_street":0,"ward":"Challenge","lga":"Ibadan South East"},"geometry":{"type":"Polygon","coordinates":[[[3.87386,7.34002],[3.8723,7.34093],[3.87073,7.34003],[3.87072,7.33822],[3.87229,7.33731],[3.87386,7.33821],[3.87386,7.34002]]]}},{"type":"Feature","properties":{"minutes":10.86,"people":971,"clinic_min":11.97,"school_min":9.76,"k_clinic":5,"k_school":5,"within_15":1,"off_street":0,"ward":"Challenge","lga":"Ibadan South East"},"geometry":{"type":"Polygon","coordinates":[[[3.877,7.34002],[3.87544,7.34092],[3.87386,7.34002],[3.87386,7.33821],[3.87543,7.33731],[3.877,7.33821],[3.877,7.34002]]]}},{"type":"Feature","properties":{"minutes":9.54,"people":962,"clinic_min":10.5,"school_min":8.58,"k_clinic":5,"k_school":5,"within_15":1,"off_street":0,"ward":"Challenge","lga":"Ibadan South East"},"geometry":{"type":"Polygon","coordinates":[[[3.88014,7.34001],[3.87857,7.34092],[3.877,7.34002],[3.877,7.33821],[3.87857,7.3373],[3.88014,7.3382],[3.88014,7.34001]]]}},{"type":"Feature","properties":{"minutes":9.39,"people":1001,"clinic_min":9.95,"school_min":8.83,"k_clinic":5,"k_school":5,"within_15":1,"off_street":0,"ward":"Challenge","lga":"Ibadan South East"},"geometry":{"type":"Polygon","coordinates":[[[3.88328,7.34],[3.88171,7.34091],[3.88014,7.34001],[3.88014,7.3382],[3.88171,7.33729],[3.88328,7.33819],[3.88328,7.34]]]}},{"type":"Feature","properties":{"minutes":10.58,"people":946,"clinic_min":12.64,"school_min":8.52,"k_clinic":5,"k_school":5,"within_15":1,"off_street":0,"ward":"Challenge","lga":"Ibadan South East"},"geometry":{"type":"Polygon","coordinates":[[[3.88642,7.34],[3.88485,7.3409],[3.88328,7.34],[3.88328,7.33819],[3.88484,7.33729],[3.88641,7.33819],[3.88642,7.34]]]}},{"type":"Feature","properties":{"minutes":10.52,"people":1029,"clinic_min":12.78,"school_min":8.26,"k_clinic":5,"k_school":5,"within_15":1,"off_street":0,"ward":"Challenge","lga":"Ibadan South East"},"geometry":{"type":"Polygon","coordinates":[[[3.88956,7.33999],[3.88799,7.3409],[3.88642,7.34],[3.88641,7.33819],[3.88798,7.33728],[3.88955,7.33818],[3.88956,7.33999]]]}},{"type":"Feature","properties":{"minutes":11.78,"people":837,"clinic_min":13.83,"school_min":9.73,"k_clinic":5,"k_school":5,"within_15":1,"off_street":0,"ward":"Challenge","lga":"Ibadan South East"},"geometry":{"type":"Polygon","coordinates":[[[3.89269,7.33998],[3.89113,7.34089],[3.88956,7.33999],[3.88955,7.33818],[3.89112,7.33727],[3.89269,7.33818],[3.89269,7.33998]]]}},{"type":"Feature","properties":{"minutes":12.86,"people":720,"clinic_min":15.05,"school_min":10.68,"k_clinic":5,"k_school":5,"within_15":1,"off_street":0,"ward":"Molete","lga":"Ibadan South East"},"geometry":{"type":"Polygon","coordinates":[[[3.89583,7.33998],[3.89427,7.34089],[3.89269,7.33998],[3.89269,7.33818],[3.89426,7.33727],[3.89583,7.33817],[3.89583,7.33998]]]}},{"type":"Feature","properties":{"minutes":12.53,"people":686,"clinic_min":14.8,"school_min":10.26,"k_clinic":5,"k_school":5,"within_15":1,"off_street":0,"ward":"Molete","lga":"Ibadan South East"},"geometry":{"type":"Polygon","coordinates":[[[3.89897,7.33997],[3.8974,7.34088],[3.89583,7.33998],[3.89583,7.33817],[3.8974,7.33726],[3.89897,7.33816],[3.89897,7.33997]]]}},{"type":"Feature","properties":{"minutes":11.55,"people":757,"clinic_min":14.98,"school_min":8.13,"k_clinic":5,"k_school":5,"within_15":1,"off_street":0,"ward":"Molete","lga":"Ibadan South East"},"geometry":{"type":"Polygon","coordinates":[[[3.90211,7.33997],[3.90054,7.34087],[3.89897,7.33997],[3.89897,7.33816],[3.90053,7.33726],[3.90211,7.33816],[3.90211,7.33997]]]}},{"type":"Feature","properties":{"minutes":11.97,"people":834,"clinic_min":14.15,"school_min":9.79,"k_clinic":5,"k_school":5,"within_15":1,"off_street":0,"ward":"Molete","lga":"Ibadan South East"},"geometry":{"type":"Polygon","coordinates":[[[3.90525,7.33996],[3.90368,7.34087],[3.90211,7.33997],[3.90211,7.33816],[3.90367,7.33725],[3.90524,7.33815],[3.90525,7.33996]]]}},{"type":"Feature","properties":{"minutes":10.22,"people":1098,"clinic_min":9.69,"school_min":10.75,"k_clinic":5,"k_school":5,"within_15":1,"off_street":0,"ward":"Odeaje","lga":"Ibadan North East"},"geometry":{"type":"Polygon","coordinates":[[[3.91466,7.33994],[3.91309,7.34085],[3.91152,7.33995],[3.91152,7.33814],[3.91309,7.33723],[3.91466,7.33813],[3.91466,7.33994]]]}},{"type":"Feature","properties":{"minutes":7.44,"people":1115,"clinic_min":7.3,"school_min":7.59,"k_clinic":5,"k_school":5,"within_15":1,"off_street":0,"ward":"Odeaje","lga":"Ibadan North East"},"geometry":{"type":"Polygon","coordinates":[[[3.9178,7.33993],[3.91623,7.34084],[3.91466,7.33994],[3.91466,7.33813],[3.91623,7.33722],[3.9178,7.33813],[3.9178,7.33993]]]}},{"type":"Feature","properties":{"minutes":4.36,"people":1647,"clinic_min":5.37,"school_min":3.35,"k_clinic":5,"k_school":5,"within_15":1,"off_street":0,"ward":"Odeaje","lga":"Ibadan North East"},"geometry":{"type":"Polygon","coordinates":[[[3.92094,7.33993],[3.91937,7.34084],[3.9178,7.33993],[3.9178,7.33813],[3.91936,7.33722],[3.92094,7.33812],[3.92094,7.33993]]]}},{"type":"Feature","properties":{"minutes":6.51,"people":1050,"clinic_min":8.15,"school_min":4.86,"k_clinic":5,"k_school":5,"within_15":1,"off_street":0,"ward":"Odeaje","lga":"Ibadan North East"},"geometry":{"type":"Polygon","coordinates":[[[3.92408,7.33992],[3.92251,7.34083],[3.92094,7.33993],[3.92094,7.33812],[3.9225,7.33721],[3.92407,7.33811],[3.92408,7.33992]]]}},{"type":"Feature","properties":{"minutes":9.1,"people":1020,"clinic_min":10.6,"school_min":7.6,"k_clinic":5,"k_school":5,"within_15":1,"off_street":0,"ward":"Odeaje","lga":"Ibadan North East"},"geometry":{"type":"Polygon","coordinates":[[[3.92722,7.33992],[3.92565,7.34082],[3.92408,7.33992],[3.92407,7.33811],[3.92564,7.3372],[3.92721,7.33811],[3.92722,7.33992]]]}},{"type":"Feature","properties":{"minutes":26.52,"people":948,"clinic_min":33.63,"school_min":19.4,"k_clinic":5,"k_school":5,"within_15":0,"off_street":0,"ward":"Agbokojo","lga":"Ibadan South West"},"geometry":{"type":"Polygon","coordinates":[[[3.85347,7.34277],[3.8519,7.34368],[3.85033,7.34278],[3.85033,7.34097],[3.8519,7.34006],[3.85347,7.34097],[3.85347,7.34277]]]}},{"type":"Feature","properties":{"minutes":26.26,"people":595,"clinic_min":33.56,"school_min":18.96,"k_clinic":5,"k_school":5,"within_15":0,"off_street":0,"ward":"Agbokojo","lga":"Ibadan South West"},"geometry":{"type":"Polygon","coordinates":[[[3.85661,7.34277],[3.85504,7.34368],[3.85347,7.34277],[3.85347,7.34097],[3.85504,7.34006],[3.85661,7.34096],[3.85661,7.34277]]]}},{"type":"Feature","properties":{"minutes":23.01,"people":33,"clinic_min":30.6,"school_min":15.42,"k_clinic":5,"k_school":5,"within_15":0,"off_street":0,"ward":"Ring Road\u2013Challenge\u2013Oluyole","lga":"Ibadan South West"},"geometry":{"type":"Polygon","coordinates":[[[3.85975,7.34276],[3.85818,7.34367],[3.85661,7.34277],[3.85661,7.34096],[3.85817,7.34005],[3.85974,7.34095],[3.85975,7.34276]]]}},{"type":"Feature","properties":{"minutes":13.7,"people":447,"clinic_min":19.92,"school_min":7.48,"k_clinic":5,"k_school":5,"within_15":1,"off_street":0,"ward":"Agbokojo","lga":"Ibadan South West"},"geometry":{"type":"Polygon","coordinates":[[[3.86289,7.34276],[3.86132,7.34366],[3.85975,7.34276],[3.85974,7.34095],[3.86131,7.34005],[3.86288,7.34095],[3.86289,7.34276]]]}},{"type":"Feature","properties":{"minutes":11.68,"people":577,"clinic_min":16.6,"school_min":6.76,"k_clinic":5,"k_school":5,"within_15":1,"off_street":0,"ward":"Agbokojo","lga":"Ibadan South West"},"geometry":{"type":"Polygon","coordinates":[[[3.86602,7.34275],[3.86446,7.34366],[3.86289,7.34276],[3.86288,7.34095],[3.86445,7.34004],[3.86602,7.34094],[3.86602,7.34275]]]}},{"type":"Feature","properties":{"minutes":7.71,"people":877,"clinic_min":9.61,"school_min":5.81,"k_clinic":5,"k_school":5,"within_15":1,"off_street":0,"ward":"Agbokojo","lga":"Ibadan South West"},"geometry":{"type":"Polygon","coordinates":[[[3.86916,7.34274],[3.8676,7.34365],[3.86602,7.34275],[3.86602,7.34094],[3.86759,7.34003],[3.86916,7.34094],[3.86916,7.34274]]]}},{"type":"Feature","properties":{"minutes":5.11,"people":1125,"clinic_min":4.97,"school_min":5.26,"k_clinic":5,"k_school":5,"within_15":1,"off_street":0,"ward":"Ring Road\u2013Challenge\u2013Oluyole","lga":"Ibadan South West"},"geometry":{"type":"Polygon","coordinates":[[[3.8723,7.34274],[3.87073,7.34365],[3.86916,7.34274],[3.86916,7.34094],[3.87073,7.34003],[3.8723,7.34093],[3.8723,7.34274]]]}},{"type":"Feature","properties":{"minutes":4.52,"people":1319,"clinic_min":4.89,"school_min":4.15,"k_clinic":5,"k_school":5,"within_15":1,"off_street":0,"ward":"Challenge","lga":"Ibadan South East"},"geometry":{"type":"Polygon","coordinates":[[[3.87544,7.34273],[3.87387,7.34364],[3.8723,7.34274],[3.8723,7.34093],[3.87386,7.34002],[3.87544,7.34092],[3.87544,7.34273]]]}},{"type":"Feature","properties":{"minutes":6.98,"people":1085,"clinic_min":6.85,"school_min":7.11,"k_clinic":5,"k_school":5,"within_15":1,"off_street":0,"ward":"Challenge","lga":"Ibadan South East"},"geometry":{"type":"Polygon","coordinates":[[[3.87858,7.34273],[3.87701,7.34363],[3.87544,7.34273],[3.87544,7.34092],[3.877,7.34002],[3.87857,7.34092],[3.87858,7.34273]]]}},{"type":"Feature","properties":{"minutes":7.76,"people":1077,"clinic_min":8.33,"school_min":7.19,"k_clinic":5,"k_school":5,"within_15":1,"off_street":0,"ward":"Challenge","lga":"Ibadan South East"},"geometry":{"type":"Polygon","coordinates":[[[3.88172,7.34272],[3.88015,7.34363],[3.87858,7.34273],[3.87857,7.34092],[3.88014,7.34001],[3.88171,7.34091],[3.88172,7.34272]]]}},{"type":"Feature","properties":{"minutes":7.41,"people":1145,"clinic_min":9.18,"school_min":5.65,"k_clinic":5,"k_school":5,"within_15":1,"off_street":0,"ward":"Challenge","lga":"Ibadan South East"},"geometry":{"type":"Polygon","coordinates":[[[3.88485,7.34271],[3.88329,7.34362],[3.88172,7.34272],[3.88171,7.34091],[3.88328,7.34],[3.88485,7.3409],[3.88485,7.34271]]]}},{"type":"Feature","properties":{"minutes":7.93,"people":951,"clinic_min":9.0,"school_min":6.85,"k_clinic":5,"k_school":5,"within_15":1,"off_street":0,"ward":"Challenge","lga":"Ibadan South East"},"geometry":{"type":"Polygon","coordinates":[[[3.88799,7.34271],[3.88643,7.34362],[3.88485,7.34271],[3.88485,7.3409],[3.88642,7.34],[3.88799,7.3409],[3.88799,7.34271]]]}},{"type":"Feature","properties":{"minutes":9.47,"people":1221,"clinic_min":11.44,"school_min":7.49,"k_clinic":5,"k_school":5,"within_15":1,"off_street":0,"ward":"Challenge","lga":"Ibadan South East"},"geometry":{"type":"Polygon","coordinates":[[[3.89113,7.3427],[3.88956,7.34361],[3.88799,7.34271],[3.88799,7.3409],[3.88956,7.33999],[3.89113,7.34089],[3.89113,7.3427]]]}},{"type":"Feature","properties":{"minutes":11.24,"people":1068,"clinic_min":13.61,"school_min":8.87,"k_clinic":5,"k_school":5,"within_15":1,"off_street":0,"ward":"Molete","lga":"Ibadan South East"},"geometry":{"type":"Polygon","coordinates":[[[3.89427,7.3427],[3.8927,7.3436],[3.89113,7.3427],[3.89113,7.34089],[3.89269,7.33998],[3.89427,7.34089],[3.89427,7.3427]]]}},{"type":"Feature","properties":{"minutes":9.86,"people":1185,"clinic_min":11.04,"school_min":8.68,"k_clinic":5,"k_school":5,"within_15":1,"off_street":0,"ward":"Molete","lga":"Ibadan South East"},"geometry":{"type":"Polygon","coordinates":[[[3.89741,7.34269],[3.89584,7.3436],[3.89427,7.3427],[3.89427,7.34089],[3.89583,7.33998],[3.8974,7.34088],[3.89741,7.34269]]]}},{"type":"Feature","properties":{"minutes":11.55,"people":532,"clinic_min":11.79,"school_min":11.31,"k_clinic":5,"k_school":5,"within_15":1,"off_street":0,"ward":"Molete","lga":"Ibadan South East"},"geometry":{"type":"Polygon","coordinates":[[[3.90055,7.34268],[3.89898,7.34359],[3.89741,7.34269],[3.8974,7.34088],[3.89897,7.33997],[3.90054,7.34087],[3.90055,7.34268]]]}},{"type":"Feature","properties":{"minutes":9.18,"people":930,"clinic_min":12.2,"school_min":6.16,"k_clinic":5,"k_school":5,"within_15":1,"off_street":0,"ward":"Molete","lga":"Ibadan South East"},"geometry":{"type":"Polygon","coordinates":[[[3.90368,7.34268],[3.90212,7.34358],[3.90055,7.34268],[3.90054,7.34087],[3.90211,7.33997],[3.90368,7.34087],[3.90368,7.34268]]]}},{"type":"Feature","properties":{"minutes":12.31,"people":1459,"clinic_min":11.94,"school_min":12.68,"k_clinic":5,"k_school":5,"within_15":1,"off_street":0,"ward":"Molete","lga":"Ibadan South East"},"geometry":{"type":"Polygon","coordinates":[[[3.90682,7.34267],[3.90525,7.34358],[3.90368,7.34268],[3.90368,7.34087],[3.90525,7.33996],[3.90682,7.34086],[3.90682,7.34267]]]}},{"type":"Feature","properties":{"minutes":16.14,"people":1021,"clinic_min":16.11,"school_min":16.17,"k_clinic":5,"k_school":5,"within_15":0,"off_street":0,"ward":"Owode","lga":"Ibadan South East"},"geometry":{"type":"Polygon","coordinates":[[[3.90996,7.34266],[3.90839,7.34357],[3.90682,7.34267],[3.90682,7.34086],[3.90839,7.33995],[3.90996,7.34085],[3.90996,7.34266]]]}},{"type":"Feature","properties":{"minutes":10.91,"people":639,"clinic_min":10.88,"school_min":10.94,"k_clinic":5,"k_school":5,"within_15":1,"off_street":0,"ward":"Odeaje","lga":"Ibadan North East"},"geometry":{"type":"Polygon","coordinates":[[[3.9131,7.34266],[3.91153,7.34357],[3.90996,7.34266],[3.90996,7.34085],[3.91152,7.33995],[3.91309,7.34085],[3.9131,7.34266]]]}},{"type":"Feature","properties":{"minutes":5.96,"people":890,"clinic_min":4.69,"school_min":7.22,"k_clinic":5,"k_school":5,"within_15":1,"off_street":0,"ward":"Odeaje","lga":"Ibadan North East"},"geometry":{"type":"Polygon","coordinates":[[[3.91624,7.34265],[3.91467,7.34356],[3.9131,7.34266],[3.91309,7.34085],[3.91466,7.33994],[3.91623,7.34084],[3.91624,7.34265]]]}},{"type":"Feature","properties":{"minutes":3.72,"people":1609,"clinic_min":3.98,"school_min":3.47,"k_clinic":5,"k_school":5,"within_15":1,"off_street":0,"ward":"Odeaje","lga":"Ibadan North East"},"geometry":{"type":"Polygon","coordinates":[[[3.91938,7.34264],[3.91781,7.34355],[3.91624,7.34265],[3.91623,7.34084],[3.9178,7.33993],[3.91937,7.34084],[3.91938,7.34264]]]}},{"type":"Feature","properties":{"minutes":5.86,"people":1482,"clinic_min":6.61,"school_min":5.12,"k_clinic":5,"k_school":5,"within_15":1,"off_street":0,"ward":"Odeaje","lga":"Ibadan North East"},"geometry":{"type":"Polygon","coordinates":[[[3.92251,7.34264],[3.92095,7.34355],[3.91938,7.34264],[3.91937,7.34084],[3.92094,7.33993],[3.92251,7.34083],[3.92251,7.34264]]]}},{"type":"Feature","properties":{"minutes":7.02,"people":1119,"clinic_min":6.8,"school_min":7.24,"k_clinic":5,"k_school":5,"within_15":1,"off_street":0,"ward":"Odeaje","lga":"Ibadan North East"},"geometry":{"type":"Polygon","coordinates":[[[3.92565,7.34263],[3.92408,7.34354],[3.92251,7.34264],[3.92251,7.34083],[3.92408,7.33992],[3.92565,7.34082],[3.92565,7.34263]]]}},{"type":"Feature","properties":{"minutes":8.69,"people":803,"clinic_min":7.98,"school_min":9.41,"k_clinic":5,"k_school":5,"within_15":1,"off_street":0,"ward":"Odeaje","lga":"Ibadan North East"},"geometry":{"type":"Polygon","coordinates":[[[3.92879,7.34263],[3.92722,7.34353],[3.92565,7.34263],[3.92565,7.34082],[3.92722,7.33992],[3.92879,7.34082],[3.92879,7.34263]]]}},{"type":"Feature","properties":{"minutes":30.0,"people":1079,"clinic_min":34.95,"school_min":25.05,"k_clinic":5,"k_school":5,"within_15":0,"off_street":0,"ward":"Agbokojo","lga":"Ibadan South West"},"geometry":{"type":"Polygon","coordinates":[[[3.85191,7.34549],[3.85034,7.3464],[3.84877,7.3455],[3.84877,7.34369],[3.85033,7.34278],[3.8519,7.34368],[3.85191,7.34549]]]}},{"type":"Feature","properties":{"minutes":29.05,"people":714,"clinic_min":35.19,"school_min":22.91,"k_clinic":5,"k_school":5,"within_15":0,"off_street":0,"ward":"Agbokojo","lga":"Ibadan South West"},"geometry":{"type":"Polygon","coordinates":[[[3.85505,7.34549],[3.85348,7.34639],[3.85191,7.34549],[3.8519,7.34368],[3.85347,7.34277],[3.85504,7.34368],[3.85505,7.34549]]]}},{"type":"Feature","properties":{"minutes":19.27,"people":28,"clinic_min":17.4,"school_min":21.15,"k_clinic":5,"k_school":5,"within_15":0,"off_street":0,"ward":"Ring Road\u2013Challenge\u2013Oluyole","lga":"Ibadan South West"},"geometry":{"type":"Polygon","coordinates":[[[3.85818,7.34548],[3.85662,7.34639],[3.85505,7.34549],[3.85504,7.34368],[3.85661,7.34277],[3.85818,7.34367],[3.85818,7.34548]]]}},{"type":"Feature","properties":{"minutes":15.97,"people":92,"clinic_min":14.1,"school_min":17.84,"k_clinic":5,"k_school":5,"within_15":0,"off_street":0,"ward":"Ring Road\u2013Challenge\u2013Oluyole","lga":"Ibadan South West"},"geometry":{"type":"Polygon","coordinates":[[[3.86132,7.34547],[3.85975,7.34638],[3.85818,7.34548],[3.85818,7.34367],[3.85975,7.34276],[3.86132,7.34366],[3.86132,7.34547]]]}},{"type":"Feature","properties":{"minutes":14.93,"people":226,"clinic_min":13.74,"school_min":16.12,"k_clinic":5,"k_school":5,"within_15":1,"off_street":0,"ward":"Ring Road\u2013Challenge\u2013Oluyole","lga":"Ibadan South West"},"geometry":{"type":"Polygon","coordinates":[[[3.86446,7.34547],[3.86289,7.34637],[3.86132,7.34547],[3.86132,7.34366],[3.86289,7.34276],[3.86446,7.34366],[3.86446,7.34547]]]}},{"type":"Feature","properties":{"minutes":8.58,"people":539,"clinic_min":11.42,"school_min":5.74,"k_clinic":5,"k_school":5,"within_15":1,"off_street":0,"ward":"Ring Road\u2013Challenge\u2013Oluyole","lga":"Ibadan South West"},"geometry":{"type":"Polygon","coordinates":[[[3.8676,7.34546],[3.86603,7.34637],[3.86446,7.34547],[3.86446,7.34366],[3.86602,7.34275],[3.8676,7.34365],[3.8676,7.34546]]]}},{"type":"Feature","properties":{"minutes":6.29,"people":1279,"clinic_min":7.53,"school_min":5.05,"k_clinic":5,"k_school":5,"within_15":1,"off_street":0,"ward":"Ring Road\u2013Challenge\u2013Oluyole","lga":"Ibadan South West"},"geometry":{"type":"Polygon","coordinates":[[[3.87074,7.34545],[3.86917,7.34636],[3.8676,7.34546],[3.8676,7.34365],[3.86916,7.34274],[3.87073,7.34365],[3.87074,7.34545]]]}},{"type":"Feature","properties":{"minutes":6.31,"people":882,"clinic_min":6.35,"school_min":6.28,"k_clinic":5,"k_school":5,"within_15":1,"off_street":0,"ward":"Ring Road\u2013Challenge\u2013Oluyole","lga":"Ibadan South West"},"geometry":{"type":"Polygon","coordinates":[[[3.87388,7.34545],[3.87231,7.34636],[3.87074,7.34545],[3.87073,7.34365],[3.8723,7.34274],[3.87387,7.34364],[3.87388,7.34545]]]}},{"type":"Feature","properties":{"minutes":6.2,"people":958,"clinic_min":6.59,"school_min":5.81,"k_clinic":5,"k_school":5,"within_15":1,"off_street":0,"ward":"Ring Road\u2013Challenge\u2013Oluyole","lga":"Ibadan South West"},"geometry":{"type":"Polygon","coordinates":[[[3.87701,7.34544],[3.87545,7.34635],[3.87388,7.34545],[3.87387,7.34364],[3.87544,7.34273],[3.87701,7.34363],[3.87701,7.34544]]]}},{"type":"Feature","properties":{"minutes":7.9,"people":1018,"clinic_min":6.53,"school_min":9.27,"k_clinic":5,"k_school":5,"within_15":1,"off_street":0,"ward":"Challenge","lga":"Ibadan South East"},"geometry":{"type":"Polygon","coordinates":[[[3.88015,7.34544],[3.87858,7.34634],[3.87701,7.34544],[3.87701,7.34363],[3.87858,7.34273],[3.88015,7.34363],[3.88015,7.34544]]]}},{"type":"Feature","properties":{"minutes":5.97,"people":994,"clinic_min":6.06,"school_min":5.88,"k_clinic":5,"k_school":5,"within_15":1,"off_street":0,"ward":"Challenge","lga":"Ibadan South East"},"geometry":{"type":"Polygon","coordinates":[[[3.88329,7.34543],[3.88172,7.34634],[3.88015,7.34544],[3.88015,7.34363],[3.88172,7.34272],[3.88329,7.34362],[3.88329,7.34543]]]}},{"type":"Feature","properties":{"minutes":5.64,"people":1167,"clinic_min":6.54,"school_min":4.74,"k_clinic":5,"k_school":5,"within_15":1,"off_street":0,"ward":"Challenge","lga":"Ibadan South East"},"geometry":{"type":"Polygon","coordinates":[[[3.88643,7.34542],[3.88486,7.34633],[3.88329,7.34543],[3.88329,7.34362],[3.88485,7.34271],[3.88643,7.34362],[3.88643,7.34542]]]}},{"type":"Feature","properties":{"minutes":6.45,"people":1119,"clinic_min":6.31,"school_min":6.58,"k_clinic":5,"k_school":5,"within_15":1,"off_street":0,"ward":"Challenge","lga":"Ibadan South East"},"geometry":{"type":"Polygon","coordinates":[[[3.88957,7.34542],[3.888,7.34633],[3.88643,7.34542],[3.88643,7.34362],[3.88799,7.34271],[3.88956,7.34361],[3.88957,7.34542]]]}},{"type":"Feature","properties":{"minutes":7.62,"people":922,"clinic_min":7.42,"school_min":7.82,"k_clinic":5,"k_school":5,"within_15":1,"off_street":0,"ward":"Challenge","lga":"Ibadan South East"},"geometry":{"type":"Polygon","coordinates":[[[3.89271,7.34541],[3.89114,7.34632],[3.88957,7.34542],[3.88956,7.34361],[3.89113,7.3427],[3.8927,7.3436],[3.89271,7.34541]]]}},{"type":"Feature","properties":{"minutes":6.68,"people":1296,"clinic_min":7.84,"school_min":5.52,"k_clinic":5,"k_school":5,"within_15":1,"off_street":0,"ward":"Molete","lga":"Ibadan South East"},"geometry":{"type":"Polygon","coordinates":[[[3.89584,7.34541],[3.89428,7.34631],[3.89271,7.34541],[3.8927,7.3436],[3.89427,7.3427],[3.89584,7.3436],[3.89584,7.34541]]]}},{"type":"Feature","properties":{"minutes":8.52,"people":1224,"clinic_min":8.56,"school_min":8.48,"k_clinic":5,"k_school":5,"within_15":1,"off_street":0,"ward":"Molete","lga":"Ibadan South East"},"geometry":{"type":"Polygon","coordinates":[[[3.89898,7.3454],[3.89741,7.34631],[3.89584,7.34541],[3.89584,7.3436],[3.89741,7.34269],[3.89898,7.34359],[3.89898,7.3454]]]}},{"type":"Feature","properties":{"minutes":7.92,"people":1223,"clinic_min":9.94,"school_min":5.9,"k_clinic":5,"k_school":5,"within_15":1,"off_street":0,"ward":"Molete","lga":"Ibadan South East"},"geometry":{"type":"Polygon","coordinates":[[[3.90212,7.34539],[3.90055,7.3463],[3.89898,7.3454],[3.89898,7.34359],[3.90055,7.34268],[3.90212,7.34358],[3.90212,7.34539]]]}},{"type":"Feature","properties":{"minutes":8.98,"people":1289,"clinic_min":10.94,"school_min":7.02,"k_clinic":5,"k_school":5,"within_15":1,"off_street":0,"ward":"Molete","lga":"Ibadan South East"},"geometry":{"type":"Polygon","coordinates":[[[3.90526,7.34539],[3.90369,7.34629],[3.90212,7.34539],[3.90212,7.34358],[3.90368,7.34268],[3.90525,7.34358],[3.90526,7.34539]]]}},{"type":"Feature","properties":{"minutes":11.45,"people":1215,"clinic_min":10.08,"school_min":12.81,"k_clinic":5,"k_school":5,"within_15":1,"off_street":0,"ward":"Owode","lga":"Ibadan South East"},"geometry":{"type":"Polygon","coordinates":[[[3.9084,7.34538],[3.90683,7.34629],[3.90526,7.34539],[3.90525,7.34358],[3.90682,7.34267],[3.90839,7.34357],[3.9084,7.34538]]]}},{"type":"Feature","properties":{"minutes":13.76,"people":1301,"clinic_min":11.98,"school_min":15.55,"k_clinic":5,"k_school":5,"within_15":1,"off_street":0,"ward":"Owode","lga":"Ibadan South East"},"geometry":{"type":"Polygon","coordinates":[[[3.91154,7.34537],[3.90997,7.34628],[3.9084,7.34538],[3.90839,7.34357],[3.90996,7.34266],[3.91153,7.34357],[3.91154,7.34537]]]}},{"type":"Feature","properties":{"minutes":7.89,"people":1001,"clinic_min":5.9,"school_min":9.87,"k_clinic":5,"k_school":5,"within_15":1,"off_street":0,"ward":"Owode","lga":"Ibadan South East"},"geometry":{"type":"Polygon","coordinates":[[[3.91467,7.34537],[3.91311,7.34628],[3.91154,7.34537],[3.91153,7.34357],[3.9131,7.34266],[3.91467,7.34356],[3.91467,7.34537]]]}},{"type":"Feature","properties":{"minutes":11.39,"people":1110,"clinic_min":8.84,"school_min":13.94,"k_clinic":5,"k_school":5,"within_15":1,"off_street":0,"ward":"Owode","lga":"Ibadan South East"},"geometry":{"type":"Polygon","coordinates":[[[3.91781,7.34536],[3.91624,7.34627],[3.91467,7.34537],[3.91467,7.34356],[3.91624,7.34265],[3.91781,7.34355],[3.91781,7.34536]]]}},{"type":"Feature","properties":{"minutes":7.34,"people":1386,"clinic_min":7.98,"school_min":6.7,"k_clinic":5,"k_school":5,"within_15":1,"off_street":0,"ward":"Odeaje","lga":"Ibadan North East"},"geometry":{"type":"Polygon","coordinates":[[[3.92095,7.34535],[3.91938,7.34626],[3.91781,7.34536],[3.91781,7.34355],[3.91938,7.34264],[3.92095,7.34355],[3.92095,7.34535]]]}},{"type":"Feature","properties":{"minutes":7.39,"people":1481,"clinic_min":6.67,"school_min":8.1,"k_clinic":5,"k_school":5,"within_15":1,"off_street":0,"ward":"Odeaje","lga":"Ibadan North East"},"geometry":{"type":"Polygon","coordinates":[[[3.92409,7.34535],[3.92252,7.34626],[3.92095,7.34535],[3.92095,7.34355],[3.92251,7.34264],[3.92408,7.34354],[3.92409,7.34535]]]}},{"type":"Feature","properties":{"minutes":6.53,"people":947,"clinic_min":6.38,"school_min":6.69,"k_clinic":5,"k_school":5,"within_15":1,"off_street":0,"ward":"Odeaje","lga":"Ibadan North East"},"geometry":{"type":"Polygon","coordinates":[[[3.92723,7.34534],[3.92566,7.34625],[3.92409,7.34535],[3.92408,7.34354],[3.92565,7.34263],[3.92722,7.34353],[3.92723,7.34534]]]}},{"type":"Feature","properties":{"minutes":29.88,"people":907,"clinic_min":30.36,"school_min":29.4,"k_clinic":5,"k_school":5,"within_15":0,"off_street":0,"ward":"Agbokojo","lga":"Ibadan South West"},"geometry":{"type":"Polygon","coordinates":[[[3.85034,7.34821],[3.84878,7.34911],[3.8472,7.34821],[3.8472,7.3464],[3.84877,7.3455],[3.85034,7.3464],[3.85034,7.34821]]]}},{"type":"Feature","properties":{"minutes":30.32,"people":773,"clinic_min":33.33,"school_min":27.31,"k_clinic":5,"k_school":5,"within_15":0,"off_street":0,"ward":"Agbokojo","lga":"Ibadan South West"},"geometry":{"type":"Polygon","coordinates":[[[3.85348,7.3482],[3.85191,7.34911],[3.85034,7.34821],[3.85034,7.3464],[3.85191,7.34549],[3.85348,7.34639],[3.85348,7.3482]]]}},{"type":"Feature","properties":{"minutes":33.95,"people":16,"clinic_min":36.96,"school_min":30.94,"k_clinic":5,"k_school":5,"within_15":0,"off_street":0,"ward":"Ring Road\u2013Challenge\u2013Oluyole","lga":"Ibadan South West"},"geometry":{"type":"Polygon","coordinates":[[[3.85662,7.3482],[3.85505,7.3491],[3.85348,7.3482],[3.85348,7.34639],[3.85505,7.34549],[3.85662,7.34639],[3.85662,7.3482]]]}},{"type":"Feature","properties":{"minutes":16.78,"people":50,"clinic_min":14.91,"school_min":18.66,"k_clinic":5,"k_school":5,"within_15":0,"off_street":0,"ward":"Ring Road\u2013Challenge\u2013Oluyole","lga":"Ibadan South West"},"geometry":{"type":"Polygon","coordinates":[[[3.85976,7.34819],[3.85819,7.3491],[3.85662,7.3482],[3.85662,7.34639],[3.85818,7.34548],[3.85975,7.34638],[3.85976,7.34819]]]}},{"type":"Feature","properties":{"minutes":13.39,"people":218,"clinic_min":11.52,"school_min":15.27,"k_clinic":5,"k_school":5,"within_15":1,"off_street":0,"ward":"Ring Road\u2013Challenge\u2013Oluyole","lga":"Ibadan South West"},"geometry":{"type":"Polygon","coordinates":[[[3.8629,7.34818],[3.86133,7.34909],[3.85976,7.34819],[3.85975,7.34638],[3.86132,7.34547],[3.86289,7.34637],[3.8629,7.34818]]]}},{"type":"Feature","properties":{"minutes":9.06,"people":382,"clinic_min":8.75,"school_min":9.37,"k_clinic":5,"k_school":5,"within_15":1,"off_street":0,"ward":"Ring Road\u2013Challenge\u2013Oluyole","lga":"Ibadan South West"},"geometry":{"type":"Polygon","coordinates":[[[3.86603,7.34818],[3.86447,7.34909],[3.8629,7.34818],[3.86289,7.34637],[3.86446,7.34547],[3.86603,7.34637],[3.86603,7.34818]]]}},{"type":"Feature","properties":{"minutes":7.53,"people":945,"clinic_min":8.6,"school_min":6.47,"k_clinic":5,"k_school":5,"within_15":1,"off_street":0,"ward":"Ring Road\u2013Challenge\u2013Oluyole","lga":"Ibadan South West"},"geometry":{"type":"Polygon","coordinates":[[[3.86917,7.34817],[3.86761,7.34908],[3.86603,7.34818],[3.86603,7.34637],[3.8676,7.34546],[3.86917,7.34636],[3.86917,7.34817]]]}},{"type":"Feature","properties":{"minutes":9.17,"people":848,"clinic_min":9.73,"school_min":8.6,"k_clinic":5,"k_school":5,"within_15":1,"off_street":0,"ward":"Ring Road\u2013Challenge\u2013Oluyole","lga":"Ibadan South West"},"geometry":{"type":"Polygon","coordinates":[[[3.87231,7.34817],[3.87074,7.34907],[3.86917,7.34817],[3.86917,7.34636],[3.87074,7.34545],[3.87231,7.34636],[3.87231,7.34817]]]}},{"type":"Feature","properties":{"minutes":8.8,"people":1031,"clinic_min":9.6,"school_min":8.0,"k_clinic":5,"k_school":5,"within_15":1,"off_street":0,"ward":"Ring Road\u2013Challenge\u2013Oluyole","lga":"Ibadan South West"},"geometry":{"type":"Polygon","coordinates":[[[3.87545,7.34816],[3.87388,7.34907],[3.87231,7.34817],[3.87231,7.34636],[3.87388,7.34545],[3.87545,7.34635],[3.87545,7.34816]]]}},{"type":"Feature","properties":{"minutes":5.97,"people":1215,"clinic_min":5.05,"school_min":6.89,"k_clinic":5,"k_school":5,"within_15":1,"off_street":0,"ward":"Ring Road\u2013Challenge\u2013Oluyole","lga":"Ibadan South West"},"geometry":{"type":"Polygon","coordinates":[[[3.87859,7.34815],[3.87702,7.34906],[3.87545,7.34816],[3.87545,7.34635],[3.87701,7.34544],[3.87858,7.34634],[3.87859,7.34815]]]}},{"type":"Feature","properties":{"minutes":6.64,"people":1105,"clinic_min":5.08,"school_min":8.21,"k_clinic":5,"k_school":5,"within_15":1,"off_street":0,"ward":"Challenge","lga":"Ibadan South East"},"geometry":{"type":"Polygon","coordinates":[[[3.88173,7.34815],[3.88016,7.34905],[3.87859,7.34815],[3.87858,7.34634],[3.88015,7.34544],[3.88172,7.34634],[3.88173,7.34815]]]}},{"type":"Feature","properties":{"minutes":6.85,"people":1387,"clinic_min":6.35,"school_min":7.36,"k_clinic":5,"k_school":5,"within_15":1,"off_street":0,"ward":"Challenge","lga":"Ibadan South East"},"geometry":{"type":"Polygon","coordinates":[[[3.88486,7.34814],[3.8833,7.34905],[3.88173,7.34815],[3.88172,7.34634],[3.88329,7.34543],[3.88486,7.34633],[3.88486,7.34814]]]}},{"type":"Feature","properties":{"minutes":9.27,"people":876,"clinic_min":9.62,"school_min":8.92,"k_clinic":5,"k_school":5,"within_15":1,"off_street":0,"ward":"Challenge","lga":"Ibadan South East"},"geometry":{"type":"Polygon","coordinates":[[[3.888,7.34813],[3.88644,7.34904],[3.88486,7.34814],[3.88486,7.34633],[3.88643,7.34542],[3.888,7.34633],[3.888,7.34813]]]}},{"type":"Feature","properties":{"minutes":7.91,"people":1158,"clinic_min":8.08,"school_min":7.75,"k_clinic":5,"k_school":5,"within_15":1,"off_street":0,"ward":"Challenge","lga":"Ibadan South East"},"geometry":{"type":"Polygon","coordinates":[[[3.89114,7.34813],[3.88957,7.34904],[3.888,7.34813],[3.888,7.34633],[3.88957,7.34542],[3.89114,7.34632],[3.89114,7.34813]]]}},{"type":"Feature","properties":{"minutes":4.89,"people":466,"clinic_min":5.39,"school_min":4.4,"k_clinic":5,"k_school":5,"within_15":1,"off_street":0,"ward":"Molete","lga":"Ibadan South East"},"geometry":{"type":"Polygon","coordinates":[[[3.89428,7.34812],[3.89271,7.34903],[3.89114,7.34813],[3.89114,7.34632],[3.89271,7.34541],[3.89428,7.34631],[3.89428,7.34812]]]}},{"type":"Feature","properties":{"minutes":5.68,"people":982,"clinic_min":5.66,"school_min":5.69,"k_clinic":5,"k_school":5,"within_15":1,"off_street":0,"ward":"Molete","lga":"Ibadan South East"},"geometry":{"type":"Polygon","coordinates":[[[3.89742,7.34812],[3.89585,7.34902],[3.89428,7.34812],[3.89428,7.34631],[3.89584,7.34541],[3.89741,7.34631],[3.89742,7.34812]]]}},{"type":"Feature","properties":{"minutes":6.35,"people":1027,"clinic_min":5.4,"school_min":7.29,"k_clinic":5,"k_school":5,"within_15":1,"off_street":0,"ward":"Molete","lga":"Ibadan South East"},"geometry":{"type":"Polygon","coordinates":[[[3.90056,7.34811],[3.89899,7.34902],[3.89742,7.34812],[3.89741,7.34631],[3.89898,7.3454],[3.90055,7.3463],[3.90056,7.34811]]]}},{"type":"Feature","properties":{"minutes":7.14,"people":1172,"clinic_min":7.31,"school_min":6.96,"k_clinic":5,"k_school":5,"within_15":1,"off_street":0,"ward":"Molete","lga":"Ibadan South East"},"geometry":{"type":"Polygon","coordinates":[[[3.90369,7.3481],[3.90213,7.34901],[3.90056,7.34811],[3.90055,7.3463],[3.90212,7.34539],[3.90369,7.34629],[3.90369,7.3481]]]}},{"type":"Feature","properties":{"minutes":9.45,"people":1732,"clinic_min":8.9,"school_min":10.01,"k_clinic":5,"k_school":5,"within_15":1,"off_street":0,"ward":"Owode","lga":"Ibadan South East"},"geometry":{"type":"Polygon","coordinates":[[[3.90683,7.3481],[3.90527,7.349],[3.90369,7.3481],[3.90369,7.34629],[3.90526,7.34539],[3.90683,7.34629],[3.90683,7.3481]]]}},{"type":"Feature","properties":{"minutes":10.14,"people":1703,"clinic_min":10.08,"school_min":10.2,"k_clinic":5,"k_school":5,"within_15":1,"off_street":0,"ward":"Owode","lga":"Ibadan South East"},"geometry":{"type":"Polygon","coordinates":[[[3.90997,7.34809],[3.9084,7.349],[3.90683,7.3481],[3.90683,7.34629],[3.9084,7.34538],[3.90997,7.34628],[3.90997,7.34809]]]}},{"type":"Feature","properties":{"minutes":7.26,"people":1219,"clinic_min":8.48,"school_min":6.04,"k_clinic":5,"k_school":5,"within_15":1,"off_street":0,"ward":"Owode","lga":"Ibadan South East"},"geometry":{"type":"Polygon","coordinates":[[[3.91311,7.34808],[3.91154,7.34899],[3.90997,7.34809],[3.90997,7.34628],[3.91154,7.34537],[3.91311,7.34628],[3.91311,7.34808]]]}},{"type":"Feature","properties":{"minutes":6.35,"people":1426,"clinic_min":6.84,"school_min":5.86,"k_clinic":5,"k_school":5,"within_15":1,"off_street":0,"ward":"Owode","lga":"Ibadan South East"},"geometry":{"type":"Polygon","coordinates":[[[3.91625,7.34808],[3.91468,7.34899],[3.91311,7.34808],[3.91311,7.34628],[3.91467,7.34537],[3.91624,7.34627],[3.91625,7.34808]]]}},{"type":"Feature","properties":{"minutes":8.76,"people":1518,"clinic_min":11.04,"school_min":6.47,"k_clinic":5,"k_school":5,"within_15":1,"off_street":0,"ward":"Odinjo","lga":"Ibadan South East"},"geometry":{"type":"Polygon","coordinates":[[[3.91939,7.34807],[3.91782,7.34898],[3.91625,7.34808],[3.91624,7.34627],[3.91781,7.34536],[3.91938,7.34626],[3.91939,7.34807]]]}},{"type":"Feature","properties":{"minutes":9.07,"people":1725,"clinic_min":9.01,"school_min":9.13,"k_clinic":5,"k_school":5,"within_15":1,"off_street":0,"ward":"Odeaje","lga":"Ibadan North East"},"geometry":{"type":"Polygon","coordinates":[[[3.92252,7.34806],[3.92096,7.34897],[3.91939,7.34807],[3.91938,7.34626],[3.92095,7.34535],[3.92252,7.34626],[3.92252,7.34806]]]}},{"type":"Feature","properties":{"minutes":6.01,"people":1128,"clinic_min":6.29,"school_min":5.74,"k_clinic":5,"k_school":5,"within_15":1,"off_street":0,"ward":"Odeaje","lga":"Ibadan North East"},"geometry":{"type":"Polygon","coordinates":[[[3.92566,7.34806],[3.9241,7.34897],[3.92252,7.34806],[3.92252,7.34626],[3.92409,7.34535],[3.92566,7.34625],[3.92566,7.34806]]]}},{"type":"Feature","properties":{"minutes":5.53,"people":1365,"clinic_min":7.48,"school_min":3.59,"k_clinic":5,"k_school":5,"within_15":1,"off_street":0,"ward":"Odeaje","lga":"Ibadan North East"},"geometry":{"type":"Polygon","coordinates":[[[3.9288,7.34805],[3.92723,7.34896],[3.92566,7.34806],[3.92566,7.34625],[3.92723,7.34534],[3.9288,7.34624],[3.9288,7.34805]]]}},{"type":"Feature","properties":{"minutes":7.64,"people":1211,"clinic_min":9.75,"school_min":5.53,"k_clinic":5,"k_school":5,"within_15":1,"off_street":0,"ward":"Odeaje","lga":"Ibadan North East"},"geometry":{"type":"Polygon","coordinates":[[[3.93194,7.34805],[3.93037,7.34895],[3.9288,7.34805],[3.9288,7.34624],[3.93036,7.34534],[3.93194,7.34624],[3.93194,7.34805]]]}},{"type":"Feature","properties":{"minutes":29.17,"people":791,"clinic_min":26.53,"school_min":31.82,"k_clinic":5,"k_school":5,"within_15":0,"off_street":0,"ward":"Ring Road\u2013Challenge\u2013Oluyole","lga":"Ibadan South West"},"geometry":{"type":"Polygon","coordinates":[[[3.84564,7.35093],[3.84407,7.35184],[3.8425,7.35094],[3.8425,7.34913],[3.84407,7.34822],[3.84564,7.34912],[3.84564,7.35093]]]}},{"type":"Feature","properties":{"minutes":27.12,"people":1017,"clinic_min":25.23,"school_min":29.01,"k_clinic":5,"k_school":5,"within_15":0,"off_street":0,"ward":"Ring Road\u2013Challenge\u2013Oluyole","lga":"Ibadan South West"},"geometry":{"type":"Polygon","coordinates":[[[3.84878,7.35092],[3.84721,7.35183],[3.84564,7.35093],[3.84564,7.34912],[3.8472,7.34821],[3.84878,7.34911],[3.84878,7.35092]]]}},{"type":"Feature","properties":{"minutes":30.81,"people":366,"clinic_min":29.96,"school_min":31.67,"k_clinic":5,"k_school":5,"within_15":0,"off_street":0,"ward":"Ring Road\u2013Challenge\u2013Oluyole","lga":"Ibadan South West"},"geometry":{"type":"Polygon","coordinates":[[[3.85192,7.35092],[3.85035,7.35183],[3.84878,7.35092],[3.84878,7.34911],[3.85034,7.34821],[3.85191,7.34911],[3.85192,7.35092]]]}},{"type":"Feature","properties":{"minutes":20.71,"people":156,"clinic_min":18.88,"school_min":22.54,"k_clinic":5,"k_school":5,"within_15":0,"off_street":0,"ward":"Ring Road\u2013Challenge\u2013Oluyole","lga":"Ibadan South West"},"geometry":{"type":"Polygon","coordinates":[[[3.85506,7.35091],[3.85349,7.35182],[3.85192,7.35092],[3.85191,7.34911],[3.85348,7.3482],[3.85505,7.3491],[3.85506,7.35091]]]}},{"type":"Feature","properties":{"minutes":18.76,"people":41,"clinic_min":17.3,"school_min":20.22,"k_clinic":5,"k_school":5,"within_15":0,"off_street":0,"ward":"Ring Road\u2013Challenge\u2013Oluyole","lga":"Ibadan South West"},"geometry":{"type":"Polygon","coordinates":[[[3.85819,7.35091],[3.85663,7.35181],[3.85506,7.35091],[3.85505,7.3491],[3.85662,7.3482],[3.85819,7.3491],[3.85819,7.35091]]]}},{"type":"Feature","properties":{"minutes":13.5,"people":59,"clinic_min":11.55,"school_min":15.45,"k_clinic":5,"k_school":5,"within_15":1,"off_street":0,"ward":"Ring Road\u2013Challenge\u2013Oluyole","lga":"Ibadan South West"},"geometry":{"type":"Polygon","coordinates":[[[3.86133,7.3509],[3.85977,7.35181],[3.85819,7.35091],[3.85819,7.3491],[3.85976,7.34819],[3.86133,7.34909],[3.86133,7.3509]]]}},{"type":"Feature","properties":{"minutes":9.69,"people":266,"clinic_min":7.74,"school_min":11.63,"k_clinic":5,"k_school":5,"within_15":1,"off_street":0,"ward":"Ring Road\u2013Challenge\u2013Oluyole","lga":"Ibadan South West"},"geometry":{"type":"Polygon","coordinates":[[[3.86447,7.35089],[3.8629,7.3518],[3.86133,7.3509],[3.86133,7.34909],[3.8629,7.34818],[3.86447,7.34909],[3.86447,7.35089]]]}},{"type":"Feature","properties":{"minutes":8.04,"people":1072,"clinic_min":8.04,"school_min":8.04,"k_clinic":5,"k_school":5,"within_15":1,"off_street":0,"ward":"Ring Road\u2013Challenge\u2013Oluyole","lga":"Ibadan South West"},"geometry":{"type":"Polygon","coordinates":[[[3.86761,7.35089],[3.86604,7.3518],[3.86447,7.35089],[3.86447,7.34909],[3.86603,7.34818],[3.86761,7.34908],[3.86761,7.35089]]]}},{"type":"Feature","properties":{"minutes":8.22,"people":1033,"clinic_min":9.29,"school_min":7.14,"k_clinic":5,"k_school":5,"within_15":1,"off_street":0,"ward":"Ring Road\u2013Challenge\u2013Oluyole","lga":"Ibadan South West"},"geometry":{"type":"Polygon","coordinates":[[[3.87075,7.35088],[3.86918,7.35179],[3.86761,7.35089],[3.86761,7.34908],[3.86917,7.34817],[3.87074,7.34907],[3.87075,7.35088]]]}},{"type":"Feature","properties":{"minutes":5.66,"people":980,"clinic_min":6.32,"school_min":5.0,"k_clinic":5,"k_school":5,"within_15":1,"off_street":0,"ward":"Ring Road\u2013Challenge\u2013Oluyole","lga":"Ibadan South West"},"geometry":{"type":"Polygon","coordinates":[[[3.87389,7.35088],[3.87232,7.35178],[3.87075,7.35088],[3.87074,7.34907],[3.87231,7.34817],[3.87388,7.34907],[3.87389,7.35088]]]}},{"type":"Feature","properties":{"minutes":4.84,"people":1305,"clinic_min":3.85,"school_min":5.84,"k_clinic":5,"k_school":5,"within_15":1,"off_street":0,"ward":"Ring Road\u2013Challenge\u2013Oluyole","lga":"Ibadan South West"},"geometry":{"type":"Polygon","coordinates":[[[3.87702,7.35087],[3.87546,7.35178],[3.87389,7.35088],[3.87388,7.34907],[3.87545,7.34816],[3.87702,7.34906],[3.87702,7.35087]]]}},{"type":"Feature","properties":{"minutes":7.4,"people":819,"clinic_min":6.45,"school_min":8.35,"k_clinic":5,"k_school":5,"within_15":1,"off_street":0,"ward":"Ring Road\u2013Challenge\u2013Oluyole","lga":"Ibadan South West"},"geometry":{"type":"Polygon","coordinates":[[[3.88016,7.35086],[3.8786,7.35177],[3.87702,7.35087],[3.87702,7.34906],[3.87859,7.34815],[3.88016,7.34905],[3.88016,7.35086]]]}},{"type":"Feature","properties":{"minutes":7.29,"people":652,"clinic_min":7.92,"school_min":6.66,"k_clinic":5,"k_school":5,"within_15":1,"off_street":0,"ward":"Challenge","lga":"Ibadan South East"},"geometry":{"type":"Polygon","coordinates":[[[3.8833,7.35086],[3.88173,7.35176],[3.88016,7.35086],[3.88016,7.34905],[3.88173,7.34815],[3.8833,7.34905],[3.8833,7.35086]]]}},{"type":"Feature","properties":{"minutes":9.43,"people":787,"clinic_min":10.97,"school_min":7.89,"k_clinic":5,"k_school":5,"within_15":1,"off_street":0,"ward":"Challenge","lga":"Ibadan South East"},"geometry":{"type":"Polygon","coordinates":[[[3.88644,7.35085],[3.88487,7.35176],[3.8833,7.35086],[3.8833,7.34905],[3.88486,7.34814],[3.88644,7.34904],[3.88644,7.35085]]]}},{"type":"Feature","properties":{"minutes":10.59,"people":1224,"clinic_min":11.81,"school_min":9.37,"k_clinic":5,"k_school":5,"within_15":1,"off_street":0,"ward":"Molete","lga":"Ibadan South East"},"geometry":{"type":"Polygon","coordinates":[[[3.88958,7.35084],[3.88801,7.35175],[3.88644,7.35085],[3.88644,7.34904],[3.888,7.34813],[3.88957,7.34904],[3.88958,7.35084]]]}},{"type":"Feature","properties":{"minutes":11.44,"people":889,"clinic_min":12.23,"school_min":10.66,"k_clinic":5,"k_school":5,"within_15":1,"off_street":0,"ward":"Molete","lga":"Ibadan South East"},"geometry":{"type":"Polygon","coordinates":[[[3.89272,7.35084],[3.89115,7.35175],[3.88958,7.35084],[3.88957,7.34904],[3.89114,7.34813],[3.89271,7.34903],[3.89272,7.35084]]]}},{"type":"Feature","properties":{"minutes":10.68,"people":423,"clinic_min":13.93,"school_min":7.44,"k_clinic":5,"k_school":5,"within_15":1,"off_street":0,"ward":"Molete","lga":"Ibadan South East"},"geometry":{"type":"Polygon","coordinates":[[[3.89585,7.35083],[3.89429,7.35174],[3.89272,7.35084],[3.89271,7.34903],[3.89428,7.34812],[3.89585,7.34902],[3.89585,7.35083]]]}},{"type":"Feature","properties":{"minutes":7.07,"people":923,"clinic_min":9.1,"school_min":5.05,"k_clinic":5,"k_school":5,"within_15":1,"off_street":0,"ward":"Molete","lga":"Ibadan South East"},"geometry":{"type":"Polygon","coordinates":[[[3.89899,7.35083],[3.89743,7.35173],[3.89585,7.35083],[3.89585,7.34902],[3.89742,7.34812],[3.89899,7.34902],[3.89899,7.35083]]]}},{"type":"Feature","properties":{"minutes":4.62,"people":1267,"clinic_min":3.57,"school_min":5.66,"k_clinic":5,"k_school":5,"within_15":1,"off_street":0,"ward":"Molete","lga":"Ibadan South East"},"geometry":{"type":"Polygon","coordinates":[[[3.90213,7.35082],[3.90056,7.35173],[3.89899,7.35083],[3.89899,7.34902],[3.90056,7.34811],[3.90213,7.34901],[3.90213,7.35082]]]}},{"type":"Feature","properties":{"minutes":6.41,"people":1376,"clinic_min":5.38,"school_min":7.45,"k_clinic":5,"k_school":5,"within_15":1,"off_street":0,"ward":"Owode","lga":"Ibadan South East"},"geometry":{"type":"Polygon","coordinates":[[[3.90527,7.35081],[3.9037,7.35172],[3.90213,7.35082],[3.90213,7.34901],[3.90369,7.3481],[3.90527,7.349],[3.90527,7.35081]]]}},{"type":"Feature","properties":{"minutes":9.47,"people":1508,"clinic_min":9.81,"school_min":9.13,"k_clinic":5,"k_school":5,"within_15":1,"off_street":0,"ward":"Owode","lga":"Ibadan South East"},"geometry":{"type":"Polygon","coordinates":[[[3.90841,7.35081],[3.90684,7.35171],[3.90527,7.35081],[3.90527,7.349],[3.90683,7.3481],[3.9084,7.349],[3.90841,7.35081]]]}},{"type":"Feature","properties":{"minutes":6.63,"people":1669,"clinic_min":8.77,"school_min":4.48,"k_clinic":5,"k_school":5,"within_15":1,"off_street":0,"ward":"Owode","lga":"Ibadan South East"},"geometry":{"type":"Polygon","coordinates":[[[3.91155,7.3508],[3.90998,7.35171],[3.90841,7.35081],[3.9084,7.349],[3.90997,7.34809],[3.91154,7.34899],[3.91155,7.3508]]]}},{"type":"Feature","properties":{"minutes":5.43,"people":1402,"clinic_min":7.21,"school_min":3.66,"k_clinic":5,"k_school":5,"within_15":1,"off_street":0,"ward":"Owode","lga":"Ibadan South East"},"geometry":{"type":"Polygon","coordinates":[[[3.91468,7.35079],[3.91312,7.3517],[3.91155,7.3508],[3.91154,7.34899],[3.91311,7.34808],[3.91468,7.34899],[3.91468,7.35079]]]}},{"type":"Feature","properties":{"minutes":7.67,"people":1557,"clinic_min":9.08,"school_min":6.26,"k_clinic":5,"k_school":5,"within_15":1,"off_street":0,"ward":"Odinjo","lga":"Ibadan South East"},"geometry":{"type":"Polygon","coordinates":[[[3.91782,7.35079],[3.91626,7.3517],[3.91468,7.35079],[3.91468,7.34899],[3.91625,7.34808],[3.91782,7.34898],[3.91782,7.35079]]]}},{"type":"Feature","properties":{"minutes":8.22,"people":1299,"clinic_min":8.19,"school_min":8.26,"k_clinic":5,"k_school":5,"within_15":1,"off_street":0,"ward":"Odeaje","lga":"Ibadan North East"},"geometry":{"type":"Polygon","coordinates":[[[3.92096,7.35078],[3.91939,7.35169],[3.91782,7.35079],[3.91782,7.34898],[3.91939,7.34807],[3.92096,7.34897],[3.92096,7.35078]]]}},{"type":"Feature","properties":{"minutes":5.3,"people":1620,"clinic_min":5.27,"school_min":5.33,"k_clinic":5,"k_school":5,"within_15":1,"off_street":0,"ward":"Odeaje","lga":"Ibadan North East"},"geometry":{"type":"Polygon","coordinates":[[[3.9241,7.35078],[3.92253,7.35168],[3.92096,7.35078],[3.92096,7.34897],[3.92252,7.34806],[3.9241,7.34897],[3.9241,7.35078]]]}},{"type":"Feature","properties":{"minutes":6.5,"people":1340,"clinic_min":7.28,"school_min":5.73,"k_clinic":5,"k_school":5,"within_15":1,"off_street":0,"ward":"Odeaje","lga":"Ibadan North East"},"geometry":{"type":"Polygon","coordinates":[[[3.92724,7.35077],[3.92567,7.35168],[3.9241,7.35078],[3.9241,7.34897],[3.92566,7.34806],[3.92723,7.34896],[3.92724,7.35077]]]}},{"type":"Feature","properties":{"minutes":8.49,"people":1116,"clinic_min":10.36,"school_min":6.62,"k_clinic":5,"k_school":5,"within_15":1,"off_street":0,"ward":"Odeaje","lga":"Ibadan North East"},"geometry":{"type":"Polygon","coordinates":[[[3.93038,7.35076],[3.92881,7.35167],[3.92724,7.35077],[3.92723,7.34896],[3.9288,7.34805],[3.93037,7.34895],[3.93038,7.35076]]]}},{"type":"Feature","properties":{"minutes":10.92,"people":883,"clinic_min":12.73,"school_min":9.11,"k_clinic":5,"k_school":5,"within_15":1,"off_street":0,"ward":"Odeaje","lga":"Ibadan North East"},"geometry":{"type":"Polygon","coordinates":[[[3.93351,7.35076],[3.93195,7.35166],[3.93038,7.35076],[3.93037,7.34895],[3.93194,7.34805],[3.93351,7.34895],[3.93351,7.35076]]]}},{"type":"Feature","properties":{"minutes":24.22,"people":632,"clinic_min":20.63,"school_min":27.81,"k_clinic":5,"k_school":5,"within_15":0,"off_street":0,"ward":"Ring Road\u2013Challenge\u2013Oluyole","lga":"Ibadan South West"},"geometry":{"type":"Polygon","coordinates":[[[3.84722,7.35364],[3.84565,7.35455],[3.84408,7.35365],[3.84407,7.35184],[3.84564,7.35093],[3.84721,7.35183],[3.84722,7.35364]]]}},{"type":"Feature","properties":{"minutes":23.34,"people":107,"clinic_min":21.52,"school_min":25.16,"k_clinic":5,"k_school":5,"within_15":0,"off_street":0,"ward":"Ring Road\u2013Challenge\u2013Oluyole","lga":"Ibadan South West"},"geometry":{"type":"Polygon","coordinates":[[[3.85035,7.35363],[3.84879,7.35454],[3.84722,7.35364],[3.84721,7.35183],[3.84878,7.35092],[3.85035,7.35183],[3.85035,7.35363]]]}},{"type":"Feature","properties":{"minutes":26.37,"people":261,"clinic_min":24.18,"school_min":28.55,"k_clinic":5,"k_school":5,"within_15":0,"off_street":0,"ward":"Ring Road\u2013Challenge\u2013Oluyole","lga":"Ibadan South West"},"geometry":{"type":"Polygon","coordinates":[[[3.85349,7.35363],[3.85192,7.35454],[3.85035,7.35363],[3.85035,7.35183],[3.85192,7.35092],[3.85349,7.35182],[3.85349,7.35363]]]}},{"type":"Feature","properties":{"minutes":19.01,"people":140,"clinic_min":17.01,"school_min":21.01,"k_clinic":5,"k_school":5,"within_15":0,"off_street":0,"ward":"Ring Road\u2013Challenge\u2013Oluyole","lga":"Ibadan South West"},"geometry":{"type":"Polygon","coordinates":[[[3.85663,7.35362],[3.85506,7.35453],[3.85349,7.35363],[3.85349,7.35182],[3.85506,7.35091],[3.85663,7.35181],[3.85663,7.35362]]]}},{"type":"Feature","properties":{"minutes":14.94,"people":41,"clinic_min":13.59,"school_min":16.3,"k_clinic":5,"k_school":5,"within_15":1,"off_street":0,"ward":"Ring Road\u2013Challenge\u2013Oluyole","lga":"Ibadan South West"},"geometry":{"type":"Polygon","coordinates":[[[3.85977,7.35362],[3.8582,7.35452],[3.85663,7.35362],[3.85663,7.35181],[3.85819,7.35091],[3.85977,7.35181],[3.85977,7.35362]]]}},{"type":"Feature","properties":{"minutes":8.72,"people":366,"clinic_min":5.86,"school_min":11.59,"k_clinic":5,"k_school":5,"within_15":1,"off_street":0,"ward":"Ring Road\u2013Challenge\u2013Oluyole","lga":"Ibadan South West"},"geometry":{"type":"Polygon","coordinates":[[[3.86291,7.35361],[3.86134,7.35452],[3.85977,7.35362],[3.85977,7.35181],[3.86133,7.3509],[3.8629,7.3518],[3.86291,7.35361]]]}},{"type":"Feature","properties":{"minutes":7.24,"people":1015,"clinic_min":4.95,"school_min":9.53,"k_clinic":5,"k_school":5,"within_15":1,"off_street":0,"ward":"Ring Road\u2013Challenge\u2013Oluyole","lga":"Ibadan South West"},"geometry":{"type":"Polygon","coordinates":[[[3.86605,7.3536],[3.86448,7.35451],[3.86291,7.35361],[3.8629,7.3518],[3.86447,7.35089],[3.86604,7.3518],[3.86605,7.3536]]]}},{"type":"Feature","properties":{"minutes":10.55,"people":828,"clinic_min":10.04,"school_min":11.07,"k_clinic":5,"k_school":5,"within_15":1,"off_street":0,"ward":"Ring Road\u2013Challenge\u2013Oluyole","lga":"Ibadan South West"},"geometry":{"type":"Polygon","coordinates":[[[3.86918,7.3536],[3.86762,7.35451],[3.86605,7.3536],[3.86604,7.3518],[3.86761,7.35089],[3.86918,7.35179],[3.86918,7.3536]]]}},{"type":"Feature","properties":{"minutes":13.11,"people":759,"clinic_min":13.25,"school_min":12.97,"k_clinic":5,"k_school":5,"within_15":1,"off_street":0,"ward":"Ring Road\u2013Challenge\u2013Oluyole","lga":"Ibadan South West"},"geometry":{"type":"Polygon","coordinates":[[[3.87232,7.35359],[3.87075,7.3545],[3.86918,7.3536],[3.86918,7.35179],[3.87075,7.35088],[3.87232,7.35178],[3.87232,7.35359]]]}},{"type":"Feature","properties":{"minutes":6.23,"people":1156,"clinic_min":5.41,"school_min":7.04,"k_clinic":5,"k_school":5,"within_15":1,"off_street":0,"ward":"Ring Road\u2013Challenge\u2013Oluyole","lga":"Ibadan South West"},"geometry":{"type":"Polygon","coordinates":[[[3.87546,7.35359],[3.87389,7.35449],[3.87232,7.35359],[3.87232,7.35178],[3.87389,7.35088],[3.87546,7.35178],[3.87546,7.35359]]]}},{"type":"Feature","properties":{"minutes":5.59,"people":1101,"clinic_min":3.63,"school_min":7.55,"k_clinic":5,"k_school":5,"within_15":1,"off_street":0,"ward":"Ring Road\u2013Challenge\u2013Oluyole","lga":"Ibadan South West"},"geometry":{"type":"Polygon","coordinates":[[[3.8786,7.35358],[3.87703,7.35449],[3.87546,7.35359],[3.87546,7.35178],[3.87702,7.35087],[3.8786,7.35177],[3.8786,7.35358]]]}},{"type":"Feature","properties":{"minutes":7.1,"people":1133,"clinic_min":6.0,"school_min":8.21,"k_clinic":5,"k_school":5,"within_15":1,"off_street":0,"ward":"Ring Road\u2013Challenge\u2013Oluyole","lga":"Ibadan South West"},"geometry":{"type":"Polygon","coordinates":[[[3.88174,7.35357],[3.88017,7.35448],[3.8786,7.35358],[3.8786,7.35177],[3.88016,7.35086],[3.88173,7.35176],[3.88174,7.35357]]]}},{"type":"Feature","properties":{"minutes":5.21,"people":1042,"clinic_min":4.04,"school_min":6.37,"k_clinic":5,"k_school":5,"within_15":1,"off_street":0,"ward":"Challenge","lga":"Ibadan South East"},"geometry":{"type":"Polygon","coordinates":[[[3.88488,7.35357],[3.88331,7.35448],[3.88174,7.35357],[3.88173,7.35176],[3.8833,7.35086],[3.88487,7.35176],[3.88488,7.35357]]]}},{"type":"Feature","properties":{"minutes":6.87,"people":203,"clinic_min":7.14,"school_min":6.59,"k_clinic":5,"k_school":5,"within_15":1,"off_street":0,"ward":"Challenge","lga":"Ibadan South East"},"geometry":{"type":"Polygon","coordinates":[[[3.88801,7.35356],[3.88645,7.35447],[3.88488,7.35357],[3.88487,7.35176],[3.88644,7.35085],[3.88801,7.35175],[3.88801,7.35356]]]}},{"type":"Feature","properties":{"minutes":12.31,"people":1173,"clinic_min":13.63,"school_min":10.99,"k_clinic":5,"k_school":5,"within_15":1,"off_street":0,"ward":"Molete","lga":"Ibadan South East"},"geometry":{"type":"Polygon","coordinates":[[[3.89115,7.35356],[3.88958,7.35446],[3.88801,7.35356],[3.88801,7.35175],[3.88958,7.35084],[3.89115,7.35175],[3.89115,7.35356]]]}},{"type":"Feature","properties":{"minutes":6.75,"people":640,"clinic_min":9.59,"school_min":3.91,"k_clinic":5,"k_school":5,"within_15":1,"off_street":0,"ward":"Molete","lga":"Ibadan South East"},"geometry":{"type":"Polygon","coordinates":[[[3.89429,7.35355],[3.89272,7.35446],[3.89115,7.35356],[3.89115,7.35175],[3.89272,7.35084],[3.89429,7.35174],[3.89429,7.35355]]]}},{"type":"Feature","properties":{"minutes":7.95,"people":717,"clinic_min":10.54,"school_min":5.35,"k_clinic":5,"k_school":5,"within_15":1,"off_street":0,"ward":"Molete","lga":"Ibadan South East"},"geometry":{"type":"Polygon","coordinates":[[[3.89743,7.35354],[3.89586,7.35445],[3.89429,7.35355],[3.89429,7.35174],[3.89585,7.35083],[3.89743,7.35173],[3.89743,7.35354]]]}},{"type":"Feature","properties":{"minutes":5.01,"people":1126,"clinic_min":7.09,"school_min":2.92,"k_clinic":5,"k_school":5,"within_15":1,"off_street":0,"ward":"Molete","lga":"Ibadan South East"},"geometry":{"type":"Polygon","coordinates":[[[3.90057,7.35354],[3.899,7.35444],[3.89743,7.35354],[3.89743,7.35173],[3.89899,7.35083],[3.90056,7.35173],[3.90057,7.35354]]]}},{"type":"Feature","properties":{"minutes":5.36,"people":1684,"clinic_min":4.43,"school_min":6.29,"k_clinic":5,"k_school":5,"within_15":1,"off_street":0,"ward":"Molete","lga":"Ibadan South East"},"geometry":{"type":"Polygon","coordinates":[[[3.90371,7.35353],[3.90214,7.35444],[3.90057,7.35354],[3.90056,7.35173],[3.90213,7.35082],[3.9037,7.35172],[3.90371,7.35353]]]}},{"type":"Feature","properties":{"minutes":6.36,"people":1730,"clinic_min":5.92,"school_min":6.79,"k_clinic":5,"k_school":5,"within_15":1,"off_street":0,"ward":"Owode","lga":"Ibadan South East"},"geometry":{"type":"Polygon","coordinates":[[[3.90684,7.35352],[3.90528,7.35443],[3.90371,7.35353],[3.9037,7.35172],[3.90527,7.35081],[3.90684,7.35171],[3.90684,7.35352]]]}},{"type":"Feature","properties":{"minutes":6.45,"people":1799,"clinic_min":7.44,"school_min":5.45,"k_clinic":5,"k_school":5,"within_15":1,"off_street":0,"ward":"Owode","lga":"Ibadan South East"},"geometry":{"type":"Polygon","coordinates":[[[3.90998,7.35352],[3.90842,7.35443],[3.90684,7.35352],[3.90684,7.35171],[3.90841,7.35081],[3.90998,7.35171],[3.90998,7.35352]]]}},{"type":"Feature","properties":{"minutes":7.81,"people":937,"clinic_min":9.4,"school_min":6.22,"k_clinic":5,"k_school":5,"within_15":1,"off_street":0,"ward":"Owode","lga":"Ibadan South East"},"geometry":{"type":"Polygon","coordinates":[[[3.91312,7.35351],[3.91155,7.35442],[3.90998,7.35352],[3.90998,7.35171],[3.91155,7.3508],[3.91312,7.3517],[3.91312,7.35351]]]}},{"type":"Feature","properties":{"minutes":6.93,"people":728,"clinic_min":8.44,"school_min":5.41,"k_clinic":5,"k_school":5,"within_15":1,"off_street":0,"ward":"Odinjo","lga":"Ibadan South East"},"geometry":{"type":"Polygon","coordinates":[[[3.91626,7.3535],[3.91469,7.35441],[3.91312,7.35351],[3.91312,7.3517],[3.91468,7.35079],[3.91626,7.3517],[3.91626,7.3535]]]}},{"type":"Feature","properties":{"minutes":7.3,"people":1652,"clinic_min":8.79,"school_min":5.81,"k_clinic":5,"k_school":5,"within_15":1,"off_street":0,"ward":"Odinjo","lga":"Ibadan South East"},"geometry":{"type":"Polygon","coordinates":[[[3.9194,7.3535],[3.91783,7.35441],[3.91626,7.3535],[3.91626,7.3517],[3.91782,7.35079],[3.91939,7.35169],[3.9194,7.3535]]]}},{"type":"Feature","properties":{"minutes":5.45,"people":1606,"clinic_min":5.1,"school_min":5.8,"k_clinic":5,"k_school":5,"within_15":1,"off_street":0,"ward":"Odeaje","lga":"Ibadan North East"},"geometry":{"type":"Polygon","coordinates":[[[3.92254,7.35349],[3.92097,7.3544],[3.9194,7.3535],[3.91939,7.35169],[3.92096,7.35078],[3.92253,7.35168],[3.92254,7.35349]]]}},{"type":"Feature","properties":{"minutes":5.13,"people":1265,"clinic_min":5.51,"school_min":4.75,"k_clinic":5,"k_school":5,"within_15":1,"off_street":0,"ward":"Odeaje","lga":"Ibadan North East"},"geometry":{"type":"Polygon","coordinates":[[[3.92567,7.35349],[3.92411,7.35439],[3.92254,7.35349],[3.92253,7.35168],[3.9241,7.35078],[3.92567,7.35168],[3.92567,7.35349]]]}},{"type":"Feature","properties":{"minutes":7.76,"people":748,"clinic_min":9.16,"school_min":6.37,"k_clinic":5,"k_school":5,"within_15":1,"off_street":0,"ward":"Odeaje","lga":"Ibadan North East"},"geometry":{"type":"Polygon","coordinates":[[[3.92881,7.35348],[3.92725,7.35439],[3.92567,7.35349],[3.92567,7.35168],[3.92724,7.35077],[3.92881,7.35167],[3.92881,7.35348]]]}},{"type":"Feature","properties":{"minutes":9.59,"people":1181,"clinic_min":10.43,"school_min":8.75,"k_clinic":5,"k_school":5,"within_15":1,"off_street":0,"ward":"Odeaje","lga":"Ibadan North East"},"geometry":{"type":"Polygon","coordinates":[[[3.93195,7.35347],[3.93038,7.35438],[3.92881,7.35348],[3.92881,7.35167],[3.93038,7.35076],[3.93195,7.35166],[3.93195,7.35347]]]}},{"type":"Feature","properties":{"minutes":19.74,"people":337,"clinic_min":16.31,"school_min":23.17,"k_clinic":5,"k_school":5,"within_15":0,"off_street":0,"ward":"Ring Road\u2013Challenge\u2013Oluyole","lga":"Ibadan South West"},"geometry":{"type":"Polygon","coordinates":[[[3.84879,7.35635],[3.84722,7.35726],[3.84565,7.35636],[3.84565,7.35455],[3.84722,7.35364],[3.84879,7.35454],[3.84879,7.35635]]]}},{"type":"Feature","properties":{"minutes":19.68,"people":527,"clinic_min":17.24,"school_min":22.12,"k_clinic":5,"k_school":5,"within_15":0,"off_street":0,"ward":"Ring Road\u2013Challenge\u2013Oluyole","lga":"Ibadan South West"},"geometry":{"type":"Polygon","coordinates":[[[3.85193,7.35634],[3.85036,7.35725],[3.84879,7.35635],[3.84879,7.35454],[3.85035,7.35363],[3.85192,7.35454],[3.85193,7.35634]]]}},{"type":"Feature","properties":{"minutes":18.4,"people":483,"clinic_min":18.05,"school_min":18.76,"k_clinic":5,"k_school":5,"within_15":0,"off_street":0,"ward":"Ring Road\u2013Challenge\u2013Oluyole","lga":"Ibadan South West"},"geometry":{"type":"Polygon","coordinates":[[[3.85507,7.35634],[3.8535,7.35725],[3.85193,7.35634],[3.85192,7.35454],[3.85349,7.35363],[3.85506,7.35453],[3.85507,7.35634]]]}},{"type":"Feature","properties":{"minutes":20.22,"people":314,"clinic_min":18.32,"school_min":22.12,"k_clinic":5,"k_school":5,"within_15":0,"off_street":0,"ward":"Ring Road\u2013Challenge\u2013Oluyole","lga":"Ibadan South West"},"geometry":{"type":"Polygon","coordinates":[[[3.8582,7.35633],[3.85664,7.35724],[3.85507,7.35634],[3.85506,7.35453],[3.85663,7.35362],[3.8582,7.35452],[3.8582,7.35633]]]}},{"type":"Feature","properties":{"minutes":10.44,"people":210,"clinic_min":9.33,"school_min":11.55,"k_clinic":5,"k_school":5,"within_15":1,"off_street":0,"ward":"Ring Road\u2013Challenge\u2013Oluyole","lga":"Ibadan South West"},"geometry":{"type":"Polygon","coordinates":[[[3.86134,7.35633],[3.85978,7.35723],[3.8582,7.35633],[3.8582,7.35452],[3.85977,7.35362],[3.86134,7.35452],[3.86134,7.35633]]]}},{"type":"Feature","properties":{"minutes":8.77,"people":481,"clinic_min":7.5,"school_min":10.03,"k_clinic":5,"k_school":5,"within_15":1,"off_street":0,"ward":"Ring Road\u2013Challenge\u2013Oluyole","lga":"Ibadan South West"},"geometry":{"type":"Polygon","coordinates":[[[3.86448,7.35632],[3.86291,7.35723],[3.86134,7.35633],[3.86134,7.35452],[3.86291,7.35361],[3.86448,7.35451],[3.86448,7.35632]]]}},{"type":"Feature","properties":{"minutes":6.53,"people":988,"clinic_min":5.57,"school_min":7.48,"k_clinic":5,"k_school":5,"within_15":1,"off_street":0,"ward":"Ring Road\u2013Challenge\u2013Oluyole","lga":"Ibadan South West"},"geometry":{"type":"Polygon","coordinates":[[[3.86762,7.35631],[3.86605,7.35722],[3.86448,7.35632],[3.86448,7.35451],[3.86605,7.3536],[3.86762,7.35451],[3.86762,7.35631]]]}},{"type":"Feature","properties":{"minutes":9.0,"people":973,"clinic_min":8.25,"school_min":9.75,"k_clinic":5,"k_school":5,"within_15":1,"off_street":0,"ward":"Ring Road\u2013Challenge\u2013Oluyole","lga":"Ibadan South West"},"geometry":{"type":"Polygon","coordinates":[[[3.87076,7.35631],[3.86919,7.35722],[3.86762,7.35631],[3.86762,7.35451],[3.86918,7.3536],[3.87075,7.3545],[3.87076,7.35631]]]}},{"type":"Feature","properties":{"minutes":8.31,"people":887,"clinic_min":7.31,"school_min":9.32,"k_clinic":5,"k_school":5,"within_15":1,"off_street":0,"ward":"Ring Road\u2013Challenge\u2013Oluyole","lga":"Ibadan South West"},"geometry":{"type":"Polygon","coordinates":[[[3.8739,7.3563],[3.87233,7.35721],[3.87076,7.35631],[3.87075,7.3545],[3.87232,7.35359],[3.87389,7.35449],[3.8739,7.3563]]]}},{"type":"Feature","properties":{"minutes":9.46,"people":1173,"clinic_min":7.38,"school_min":11.53,"k_clinic":5,"k_school":5,"within_15":1,"off_street":0,"ward":"Ring Road\u2013Challenge\u2013Oluyole","lga":"Ibadan South West"},"geometry":{"type":"Polygon","coordinates":[[[3.87704,7.3563],[3.87547,7.3572],[3.8739,7.3563],[3.87389,7.35449],[3.87546,7.35359],[3.87703,7.35449],[3.87704,7.3563]]]}},{"type":"Feature","properties":{"minutes":7.65,"people":1331,"clinic_min":5.14,"school_min":10.17,"k_clinic":5,"k_school":5,"within_15":1,"off_street":0,"ward":"Ring Road\u2013Challenge\u2013Oluyole","lga":"Ibadan South West"},"geometry":{"type":"Polygon","coordinates":[[[3.88017,7.35629],[3.87861,7.3572],[3.87704,7.3563],[3.87703,7.35449],[3.8786,7.35358],[3.88017,7.35448],[3.88017,7.35629]]]}},{"type":"Feature","properties":{"minutes":6.26,"people":1321,"clinic_min":4.33,"school_min":8.2,"k_clinic":5,"k_school":5,"within_15":1,"off_street":0,"ward":"Ring Road\u2013Challenge\u2013Oluyole","lga":"Ibadan South West"},"geometry":{"type":"Polygon","coordinates":[[[3.88331,7.35628],[3.88174,7.35719],[3.88017,7.35629],[3.88017,7.35448],[3.88174,7.35357],[3.88331,7.35448],[3.88331,7.35628]]]}},{"type":"Feature","properties":{"minutes":5.11,"people":720,"clinic_min":3.78,"school_min":6.44,"k_clinic":5,"k_school":5,"within_15":1,"off_street":0,"ward":"Ring Road\u2013Challenge\u2013Oluyole","lga":"Ibadan South West"},"geometry":{"type":"Polygon","coordinates":[[[3.88645,7.35628],[3.88488,7.35719],[3.88331,7.35628],[3.88331,7.35448],[3.88488,7.35357],[3.88645,7.35447],[3.88645,7.35628]]]}},{"type":"Feature","properties":{"minutes":5.92,"people":365,"clinic_min":5.44,"school_min":6.41,"k_clinic":5,"k_school":5,"within_15":1,"off_street":0,"ward":"Challenge","lga":"Ibadan South East"},"geometry":{"type":"Polygon","coordinates":[[[3.88959,7.35627],[3.88802,7.35718],[3.88645,7.35628],[3.88645,7.35447],[3.88801,7.35356],[3.88958,7.35446],[3.88959,7.35627]]]}},{"type":"Feature","properties":{"minutes":5.01,"people":1093,"clinic_min":6.35,"school_min":3.68,"k_clinic":5,"k_school":5,"within_15":1,"off_street":0,"ward":"Molete","lga":"Ibadan South East"},"geometry":{"type":"Polygon","coordinates":[[[3.89273,7.35627],[3.89116,7.35717],[3.88959,7.35627],[3.88958,7.35446],[3.89115,7.35356],[3.89272,7.35446],[3.89273,7.35627]]]}},{"type":"Feature","properties":{"minutes":6.63,"people":701,"clinic_min":8.96,"school_min":4.31,"k_clinic":5,"k_school":5,"within_15":1,"off_street":0,"ward":"Molete","lga":"Ibadan South East"},"geometry":{"type":"Polygon","coordinates":[[[3.89587,7.35626],[3.8943,7.35717],[3.89273,7.35627],[3.89272,7.35446],[3.89429,7.35355],[3.89586,7.35445],[3.89587,7.35626]]]}},{"type":"Feature","properties":{"minutes":7.34,"people":1591,"clinic_min":10.13,"school_min":4.55,"k_clinic":5,"k_school":5,"within_15":1,"off_street":0,"ward":"Molete","lga":"Ibadan South East"},"geometry":{"type":"Polygon","coordinates":[[[3.899,7.35625],[3.89744,7.35716],[3.89587,7.35626],[3.89586,7.35445],[3.89743,7.35354],[3.899,7.35444],[3.899,7.35625]]]}},{"type":"Feature","properties":{"minutes":6.6,"people":854,"clinic_min":9.13,"school_min":4.07,"k_clinic":5,"k_school":5,"within_15":1,"off_street":0,"ward":"Molete","lga":"Ibadan South East"},"geometry":{"type":"Polygon","coordinates":[[[3.90214,7.35625],[3.90057,7.35715],[3.899,7.35625],[3.899,7.35444],[3.90057,7.35354],[3.90214,7.35444],[3.90214,7.35625]]]}},{"type":"Feature","properties":{"minutes":5.74,"people":1619,"clinic_min":4.38,"school_min":7.11,"k_clinic":5,"k_school":5,"within_15":1,"off_street":0,"ward":"Owode","lga":"Ibadan South East"},"geometry":{"type":"Polygon","coordinates":[[[3.90528,7.35624],[3.90371,7.35715],[3.90214,7.35625],[3.90214,7.35444],[3.90371,7.35353],[3.90528,7.35443],[3.90528,7.35624]]]}},{"type":"Feature","properties":{"minutes":8.76,"people":1123,"clinic_min":8.29,"school_min":9.23,"k_clinic":5,"k_school":5,"within_15":1,"off_street":0,"ward":"Owode","lga":"Ibadan South East"},"geometry":{"type":"Polygon","coordinates":[[[3.90842,7.35623],[3.90685,7.35714],[3.90528,7.35624],[3.90528,7.35443],[3.90684,7.35352],[3.90842,7.35443],[3.90842,7.35623]]]}},{"type":"Feature","properties":{"minutes":5.44,"people":1017,"clinic_min":6.56,"school_min":4.32,"k_clinic":5,"k_school":5,"within_15":1,"off_street":0,"ward":"Owode","lga":"Ibadan South East"},"geometry":{"type":"Polygon","coordinates":[[[3.91156,7.35623],[3.90999,7.35714],[3.90842,7.35623],[3.90842,7.35443],[3.90998,7.35352],[3.91155,7.35442],[3.91156,7.35623]]]}},{"type":"Feature","properties":{"minutes":8.79,"people":693,"clinic_min":9.89,"school_min":7.7,"k_clinic":5,"k_school":5,"within_15":1,"off_street":0,"ward":"Odinjo","lga":"Ibadan South East"},"geometry":{"type":"Polygon","coordinates":[[[3.9147,7.35622],[3.91313,7.35713],[3.91156,7.35623],[3.91155,7.35442],[3.91312,7.35351],[3.91469,7.35441],[3.9147,7.35622]]]}},{"type":"Feature","properties":{"minutes":8.08,"people":1478,"clinic_min":8.75,"school_min":7.41,"k_clinic":5,"k_school":5,"within_15":1,"off_street":0,"ward":"Odinjo","lga":"Ibadan South East"},"geometry":{"type":"Polygon","coordinates":[[[3.91783,7.35621],[3.91627,7.35712],[3.9147,7.35622],[3.91469,7.35441],[3.91626,7.3535],[3.91783,7.35441],[3.91783,7.35621]]]}},{"type":"Feature","properties":{"minutes":6.27,"people":1210,"clinic_min":6.26,"school_min":6.27,"k_clinic":5,"k_school":5,"within_15":1,"off_street":0,"ward":"Odinjo","lga":"Ibadan South East"},"geometry":{"type":"Polygon","coordinates":[[[3.92097,7.35621],[3.9194,7.35712],[3.91783,7.35621],[3.91783,7.35441],[3.9194,7.3535],[3.92097,7.3544],[3.92097,7.35621]]]}},{"type":"Feature","properties":{"minutes":9.2,"people":668,"clinic_min":9.07,"school_min":9.32,"k_clinic":5,"k_school":5,"within_15":1,"off_street":0,"ward":"Odeaje","lga":"Ibadan North East"},"geometry":{"type":"Polygon","coordinates":[[[3.92411,7.3562],[3.92254,7.35711],[3.92097,7.35621],[3.92097,7.3544],[3.92254,7.35349],[3.92411,7.35439],[3.92411,7.3562]]]}},{"type":"Feature","properties":{"minutes":6.48,"people":1191,"clinic_min":6.65,"school_min":6.31,"k_clinic":5,"k_school":5,"within_15":1,"off_street":0,"ward":"Atipe","lga":"Ibadan North East"},"geometry":{"type":"Polygon","coordinates":[[[3.92725,7.3562],[3.92568,7.3571],[3.92411,7.3562],[3.92411,7.35439],[3.92567,7.35349],[3.92725,7.35439],[3.92725,7.3562]]]}},{"type":"Feature","properties":{"minutes":9.57,"people":1433,"clinic_min":9.3,"school_min":9.83,"k_clinic":5,"k_school":5,"within_15":1,"off_street":0,"ward":"Atipe","lga":"Ibadan North East"},"geometry":{"type":"Polygon","coordinates":[[[3.93039,7.35619],[3.92882,7.3571],[3.92725,7.3562],[3.92725,7.35439],[3.92881,7.35348],[3.93038,7.35438],[3.93039,7.35619]]]}},{"type":"Feature","properties":{"minutes":10.62,"people":1066,"clinic_min":13.37,"school_min":7.87,"k_clinic":5,"k_school":5,"within_15":1,"off_street":0,"ward":"Atipe","lga":"Ibadan North East"},"geometry":{"type":"Polygon","coordinates":[[[3.93353,7.35618],[3.93196,7.35709],[3.93039,7.35619],[3.93038,7.35438],[3.93195,7.35347],[3.93352,7.35437],[3.93353,7.35618]]]}},{"type":"Feature","properties":{"minutes":9.78,"people":634,"clinic_min":12.56,"school_min":7.0,"k_clinic":5,"k_school":5,"within_15":1,"off_street":0,"ward":"Atipe","lga":"Ibadan North East"},"geometry":{"type":"Polygon","coordinates":[[[3.93666,7.35618],[3.9351,7.35708],[3.93353,7.35618],[3.93352,7.35437],[3.93509,7.35347],[3.93666,7.35437],[3.93666,7.35618]]]}},{"type":"Feature","properties":{"minutes":10.04,"people":490,"clinic_min":11.35,"school_min":8.73,"k_clinic":5,"k_school":5,"within_15":1,"off_street":0,"ward":"Atipe","lga":"Ibadan North East"},"geometry":{"type":"Polygon","coordinates":[[[3.9398,7.35617],[3.93824,7.35708],[3.93666,7.35618],[3.93666,7.35437],[3.93823,7.35346],[3.9398,7.35436],[3.9398,7.35617]]]}},{"type":"Feature","properties":{"minutes":20.2,"people":456,"clinic_min":16.49,"school_min":23.9,"k_clinic":5,"k_school":5,"within_15":0,"off_street":0,"ward":"Ring Road\u2013Challenge\u2013Oluyole","lga":"Ibadan South West"},"geometry":{"type":"Polygon","coordinates":[[[3.84409,7.35907],[3.84252,7.35998],[3.84095,7.35908],[3.84095,7.35727],[3.84251,7.35636],[3.84408,7.35726],[3.84409,7.35907]]]}},{"type":"Feature","properties":{"minutes":17.47,"people":195,"clinic_min":14.01,"school_min":20.93,"k_clinic":5,"k_school":5,"within_15":0,"off_street":0,"ward":"Ring Road\u2013Challenge\u2013Oluyole","lga":"Ibadan South West"},"geometry":{"type":"Polygon","coordinates":[[[3.84723,7.35907],[3.84566,7.35997],[3.84409,7.35907],[3.84408,7.35726],[3.84565,7.35636],[3.84722,7.35726],[3.84723,7.35907]]]}},{"type":"Feature","properties":{"minutes":16.83,"people":261,"clinic_min":14.08,"school_min":19.59,"k_clinic":5,"k_school":5,"within_15":0,"off_street":0,"ward":"Ring Road\u2013Challenge\u2013Oluyole","lga":"Ibadan South West"},"geometry":{"type":"Polygon","coordinates":[[[3.85036,7.35906],[3.8488,7.35997],[3.84723,7.35907],[3.84722,7.35726],[3.84879,7.35635],[3.85036,7.35725],[3.85036,7.35906]]]}},{"type":"Feature","properties":{"minutes":14.83,"people":220,"clinic_min":12.37,"school_min":17.28,"k_clinic":5,"k_school":5,"within_15":1,"off_street":0,"ward":"Ring Road\u2013Challenge\u2013Oluyole","lga":"Ibadan South West"},"geometry":{"type":"Polygon","coordinates":[[[3.8535,7.35906],[3.85193,7.35996],[3.85036,7.35906],[3.85036,7.35725],[3.85193,7.35634],[3.8535,7.35725],[3.8535,7.35906]]]}},{"type":"Feature","properties":{"minutes":16.24,"people":409,"clinic_min":15.49,"school_min":16.98,"k_clinic":5,"k_school":5,"within_15":0,"off_street":0,"ward":"Ring Road\u2013Challenge\u2013Oluyole","lga":"Ibadan South West"},"geometry":{"type":"Polygon","coordinates":[[[3.85664,7.35905],[3.85507,7.35996],[3.8535,7.35906],[3.8535,7.35725],[3.85507,7.35634],[3.85664,7.35724],[3.85664,7.35905]]]}},{"type":"Feature","properties":{"minutes":13.25,"people":383,"clinic_min":12.45,"school_min":14.04,"k_clinic":5,"k_school":5,"within_15":1,"off_street":0,"ward":"Ring Road\u2013Challenge\u2013Oluyole","lga":"Ibadan South West"},"geometry":{"type":"Polygon","coordinates":[[[3.85978,7.35904],[3.85821,7.35995],[3.85664,7.35905],[3.85664,7.35724],[3.8582,7.35633],[3.85978,7.35723],[3.85978,7.35904]]]}},{"type":"Feature","properties":{"minutes":12.08,"people":76,"clinic_min":10.76,"school_min":13.4,"k_clinic":5,"k_school":5,"within_15":1,"off_street":0,"ward":"Ring Road\u2013Challenge\u2013Oluyole","lga":"Ibadan South West"},"geometry":{"type":"Polygon","coordinates":[[[3.86292,7.35904],[3.86135,7.35994],[3.85978,7.35904],[3.85978,7.35723],[3.86134,7.35633],[3.86291,7.35723],[3.86292,7.35904]]]}},{"type":"Feature","properties":{"minutes":10.44,"people":441,"clinic_min":10.33,"school_min":10.55,"k_clinic":5,"k_school":5,"within_15":1,"off_street":0,"ward":"Ring Road\u2013Challenge\u2013Oluyole","lga":"Ibadan South West"},"geometry":{"type":"Polygon","coordinates":[[[3.86606,7.35903],[3.86449,7.35994],[3.86292,7.35904],[3.86291,7.35723],[3.86448,7.35632],[3.86605,7.35722],[3.86606,7.35903]]]}},{"type":"Feature","properties":{"minutes":6.18,"people":1197,"clinic_min":4.23,"school_min":8.13,"k_clinic":5,"k_school":5,"within_15":1,"off_street":0,"ward":"Ring Road\u2013Challenge\u2013Oluyole","lga":"Ibadan South West"},"geometry":{"type":"Polygon","coordinates":[[[3.86919,7.35903],[3.86763,7.35993],[3.86606,7.35903],[3.86605,7.35722],[3.86762,7.35631],[3.86919,7.35722],[3.86919,7.35903]]]}},{"type":"Feature","properties":{"minutes":9.76,"people":1222,"clinic_min":8.23,"school_min":11.3,"k_clinic":5,"k_school":5,"within_15":1,"off_street":0,"ward":"Ring Road\u2013Challenge\u2013Oluyole","lga":"Ibadan South West"},"geometry":{"type":"Polygon","coordinates":[[[3.87233,7.35902],[3.87077,7.35993],[3.86919,7.35903],[3.86919,7.35722],[3.87076,7.35631],[3.87233,7.35721],[3.87233,7.35902]]]}},{"type":"Feature","properties":{"minutes":12.14,"people":884,"clinic_min":9.85,"school_min":14.44,"k_clinic":5,"k_school":5,"within_15":1,"off_street":0,"ward":"Ring Road\u2013Challenge\u2013Oluyole","lga":"Ibadan South West"},"geometry":{"type":"Polygon","coordinates":[[[3.87547,7.35901],[3.8739,7.35992],[3.87233,7.35902],[3.87233,7.35721],[3.8739,7.3563],[3.87547,7.3572],[3.87547,7.35901]]]}},{"type":"Feature","properties":{"minutes":10.08,"people":1340,"clinic_min":7.56,"school_min":12.6,"k_clinic":5,"k_school":5,"within_15":1,"off_street":0,"ward":"Ring Road\u2013Challenge\u2013Oluyole","lga":"Ibadan South West"},"geometry":{"type":"Polygon","coordinates":[[[3.87861,7.35901],[3.87704,7.35991],[3.87547,7.35901],[3.87547,7.3572],[3.87704,7.3563],[3.87861,7.3572],[3.87861,7.35901]]]}},{"type":"Feature","properties":{"minutes":7.7,"people":1247,"clinic_min":5.08,"school_min":10.32,"k_clinic":5,"k_school":5,"within_15":1,"off_street":0,"ward":"Ring Road\u2013Challenge\u2013Oluyole","lga":"Ibadan South West"},"geometry":{"type":"Polygon","coordinates":[[[3.88175,7.359],[3.88018,7.35991],[3.87861,7.35901],[3.87861,7.3572],[3.88017,7.35629],[3.88174,7.35719],[3.88175,7.359]]]}},{"type":"Feature","properties":{"minutes":11.35,"people":1292,"clinic_min":10.9,"school_min":11.8,"k_clinic":5,"k_school":5,"within_15":1,"off_street":0,"ward":"Ring Road\u2013Challenge\u2013Oluyole","lga":"Ibadan South West"},"geometry":{"type":"Polygon","coordinates":[[[3.88489,7.35899],[3.88332,7.3599],[3.88175,7.359],[3.88174,7.35719],[3.88331,7.35628],[3.88488,7.35719],[3.88489,7.35899]]]}},{"type":"Feature","properties":{"minutes":6.73,"people":933,"clinic_min":6.28,"school_min":7.19,"k_clinic":5,"k_school":5,"within_15":1,"off_street":0,"ward":"Ring Road\u2013Challenge\u2013Oluyole","lga":"Ibadan South West"},"geometry":{"type":"Polygon","coordinates":[[[3.88802,7.35899],[3.88646,7.3599],[3.88489,7.35899],[3.88488,7.35719],[3.88645,7.35628],[3.88802,7.35718],[3.88802,7.35899]]]}},{"type":"Feature","properties":{"minutes":3.58,"people":921,"clinic_min":3.09,"school_min":4.08,"k_clinic":5,"k_school":5,"within_15":1,"off_street":0,"ward":"Molete","lga":"Ibadan South East"},"geometry":{"type":"Polygon","coordinates":[[[3.89116,7.35898],[3.8896,7.35989],[3.88802,7.35899],[3.88802,7.35718],[3.88959,7.35627],[3.89116,7.35717],[3.89116,7.35898]]]}},{"type":"Feature","properties":{"minutes":7.67,"people":753,"clinic_min":10.07,"school_min":5.27,"k_clinic":5,"k_school":5,"within_15":1,"off_street":0,"ward":"Molete","lga":"Ibadan South East"},"geometry":{"type":"Polygon","coordinates":[[[3.8943,7.35898],[3.89273,7.35988],[3.89116,7.35898],[3.89116,7.35717],[3.89273,7.35627],[3.8943,7.35717],[3.8943,7.35898]]]}},{"type":"Feature","properties":{"minutes":9.9,"people":335,"clinic_min":13.25,"school_min":6.55,"k_clinic":5,"k_school":5,"within_15":1,"off_street":0,"ward":"Molete","lga":"Ibadan South East"},"geometry":{"type":"Polygon","coordinates":[[[3.89744,7.35897],[3.89587,7.35988],[3.8943,7.35898],[3.8943,7.35717],[3.89587,7.35626],[3.89744,7.35716],[3.89744,7.35897]]]}},{"type":"Feature","properties":{"minutes":8.01,"people":877,"clinic_min":11.15,"school_min":4.87,"k_clinic":5,"k_school":5,"within_15":1,"off_street":0,"ward":"Molete","lga":"Ibadan South East"},"geometry":{"type":"Polygon","coordinates":[[[3.90058,7.35896],[3.89901,7.35987],[3.89744,7.35897],[3.89744,7.35716],[3.899,7.35625],[3.90057,7.35715],[3.90058,7.35896]]]}},{"type":"Feature","properties":{"minutes":4.24,"people":1358,"clinic_min":3.72,"school_min":4.77,"k_clinic":5,"k_school":5,"within_15":1,"off_street":0,"ward":"Owode","lga":"Ibadan South East"},"geometry":{"type":"Polygon","coordinates":[[[3.90372,7.35896],[3.90215,7.35986],[3.90058,7.35896],[3.90057,7.35715],[3.90214,7.35625],[3.90371,7.35715],[3.90372,7.35896]]]}},{"type":"Feature","properties":{"minutes":8.92,"people":1401,"clinic_min":11.44,"school_min":6.39,"k_clinic":5,"k_school":5,"within_15":1,"off_street":0,"ward":"Owode","lga":"Ibadan South East"},"geometry":{"type":"Polygon","coordinates":[[[3.90686,7.35895],[3.90529,7.35986],[3.90372,7.35896],[3.90371,7.35715],[3.90528,7.35624],[3.90685,7.35714],[3.90686,7.35895]]]}},{"type":"Feature","properties":{"minutes":7.89,"people":1484,"clinic_min":7.13,"school_min":8.66,"k_clinic":5,"k_school":5,"within_15":1,"off_street":0,"ward":"Owode","lga":"Ibadan South East"},"geometry":{"type":"Polygon","coordinates":[[[3.90999,7.35894],[3.90843,7.35985],[3.90686,7.35895],[3.90685,7.35714],[3.90842,7.35623],[3.90999,7.35714],[3.90999,7.35894]]]}},{"type":"Feature","properties":{"minutes":8.24,"people":1692,"clinic_min":8.59,"school_min":7.89,"k_clinic":5,"k_school":5,"within_15":1,"off_street":0,"ward":"Odinjo","lga":"Ibadan South East"},"geometry":{"type":"Polygon","coordinates":[[[3.91313,7.35894],[3.91156,7.35985],[3.90999,7.35894],[3.90999,7.35714],[3.91156,7.35623],[3.91313,7.35713],[3.91313,7.35894]]]}},{"type":"Feature","properties":{"minutes":6.3,"people":1670,"clinic_min":6.22,"school_min":6.39,"k_clinic":5,"k_school":5,"within_15":1,"off_street":0,"ward":"Odinjo","lga":"Ibadan South East"},"geometry":{"type":"Polygon","coordinates":[[[3.91627,7.35893],[3.9147,7.35984],[3.91313,7.35894],[3.91313,7.35713],[3.9147,7.35622],[3.91627,7.35712],[3.91627,7.35893]]]}},{"type":"Feature","properties":{"minutes":8.52,"people":1756,"clinic_min":8.86,"school_min":8.19,"k_clinic":5,"k_school":5,"within_15":1,"off_street":0,"ward":"Odinjo","lga":"Ibadan South East"},"geometry":{"type":"Polygon","coordinates":[[[3.91941,7.35892],[3.91784,7.35983],[3.91627,7.35893],[3.91627,7.35712],[3.91783,7.35621],[3.9194,7.35712],[3.91941,7.35892]]]}},{"type":"Feature","properties":{"minutes":10.5,"people":692,"clinic_min":11.12,"school_min":9.87,"k_clinic":5,"k_school":5,"within_15":1,"off_street":0,"ward":"Adesola","lga":"Ibadan South East"},"geometry":{"type":"Polygon","coordinates":[[[3.92255,7.35892],[3.92098,7.35983],[3.91941,7.35892],[3.9194,7.35712],[3.92097,7.35621],[3.92254,7.35711],[3.92255,7.35892]]]}},{"type":"Feature","properties":{"minutes":8.42,"people":845,"clinic_min":8.2,"school_min":8.65,"k_clinic":5,"k_school":5,"within_15":1,"off_street":0,"ward":"Atipe","lga":"Ibadan North East"},"geometry":{"type":"Polygon","coordinates":[[[3.92569,7.35891],[3.92412,7.35982],[3.92255,7.35892],[3.92254,7.35711],[3.92411,7.3562],[3.92568,7.3571],[3.92569,7.35891]]]}},{"type":"Feature","properties":{"minutes":7.79,"people":478,"clinic_min":7.95,"school_min":7.63,"k_clinic":5,"k_school":5,"within_15":1,"off_street":0,"ward":"Atipe","lga":"Ibadan North East"},"geometry":{"type":"Polygon","coordinates":[[[3.92882,7.35891],[3.92726,7.35981],[3.92569,7.35891],[3.92568,7.3571],[3.92725,7.3562],[3.92882,7.3571],[3.92882,7.35891]]]}},{"type":"Feature","properties":{"minutes":8.01,"people":1801,"clinic_min":8.06,"school_min":7.96,"k_clinic":5,"k_school":5,"within_15":1,"off_street":0,"ward":"Atipe","lga":"Ibadan North East"},"geometry":{"type":"Polygon","coordinates":[[[3.93196,7.3589],[3.93039,7.35981],[3.92882,7.35891],[3.92882,7.3571],[3.93039,7.35619],[3.93196,7.35709],[3.93196,7.3589]]]}},{"type":"Feature","properties":{"minutes":7.1,"people":1526,"clinic_min":8.5,"school_min":5.7,"k_clinic":5,"k_school":5,"within_15":1,"off_street":0,"ward":"Atipe","lga":"Ibadan North East"},"geometry":{"type":"Polygon","coordinates":[[[3.9351,7.35889],[3.93353,7.3598],[3.93196,7.3589],[3.93196,7.35709],[3.93353,7.35618],[3.9351,7.35708],[3.9351,7.35889]]]}},{"type":"Feature","properties":{"minutes":8.02,"people":616,"clinic_min":10.04,"school_min":5.99,"k_clinic":5,"k_school":5,"within_15":1,"off_street":0,"ward":"Atipe","lga":"Ibadan North East"},"geometry":{"type":"Polygon","coordinates":[[[3.93824,7.35889],[3.93667,7.35979],[3.9351,7.35889],[3.9351,7.35708],[3.93666,7.35618],[3.93824,7.35708],[3.93824,7.35889]]]}},{"type":"Feature","properties":{"minutes":16.32,"people":396,"clinic_min":13.18,"school_min":19.46,"k_clinic":5,"k_school":5,"within_15":0,"off_street":0,"ward":"Ring Road\u2013Challenge\u2013Oluyole","lga":"Ibadan South West"},"geometry":{"type":"Polygon","coordinates":[[[3.84566,7.36178],[3.84409,7.36269],[3.84252,7.36179],[3.84252,7.35998],[3.84409,7.35907],[3.84566,7.35997],[3.84566,7.36178]]]}},{"type":"Feature","properties":{"minutes":17.79,"people":346,"clinic_min":14.47,"school_min":21.1,"k_clinic":5,"k_school":5,"within_15":0,"off_street":0,"ward":"Ring Road\u2013Challenge\u2013Oluyole","lga":"Ibadan South West"},"geometry":{"type":"Polygon","coordinates":[[[3.8488,7.36178],[3.84723,7.36269],[3.84566,7.36178],[3.84566,7.35997],[3.84723,7.35907],[3.8488,7.35997],[3.8488,7.36178]]]}},{"type":"Feature","properties":{"minutes":14.07,"people":345,"clinic_min":12.03,"school_min":16.11,"k_clinic":5,"k_school":5,"within_15":1,"off_street":0,"ward":"Ring Road\u2013Challenge\u2013Oluyole","lga":"Ibadan South West"},"geometry":{"type":"Polygon","coordinates":[[[3.85194,7.36177],[3.85037,7.36268],[3.8488,7.36178],[3.8488,7.35997],[3.85036,7.35906],[3.85193,7.35996],[3.85194,7.36177]]]}},{"type":"Feature","properties":{"minutes":12.2,"people":744,"clinic_min":10.22,"school_min":14.17,"k_clinic":5,"k_school":5,"within_15":1,"off_street":0,"ward":"Ring Road\u2013Challenge\u2013Oluyole","lga":"Ibadan South West"},"geometry":{"type":"Polygon","coordinates":[[[3.85508,7.36177],[3.85351,7.36267],[3.85194,7.36177],[3.85193,7.35996],[3.8535,7.35906],[3.85507,7.35996],[3.85508,7.36177]]]}},{"type":"Feature","properties":{"minutes":12.49,"people":723,"clinic_min":10.63,"school_min":14.35,"k_clinic":5,"k_school":5,"within_15":1,"off_street":0,"ward":"Ring Road\u2013Challenge\u2013Oluyole","lga":"Ibadan South West"},"geometry":{"type":"Polygon","coordinates":[[[3.85822,7.36176],[3.85665,7.36267],[3.85508,7.36177],[3.85507,7.35996],[3.85664,7.35905],[3.85821,7.35995],[3.85822,7.36176]]]}},{"type":"Feature","properties":{"minutes":16.37,"people":471,"clinic_min":16.07,"school_min":16.68,"k_clinic":5,"k_school":5,"within_15":0,"off_street":0,"ward":"Ring Road\u2013Challenge\u2013Oluyole","lga":"Ibadan South West"},"geometry":{"type":"Polygon","coordinates":[[[3.86135,7.36175],[3.85979,7.36266],[3.85822,7.36176],[3.85821,7.35995],[3.85978,7.35904],[3.86135,7.35994],[3.86135,7.36175]]]}},{"type":"Feature","properties":{"minutes":12.24,"people":552,"clinic_min":11.93,"school_min":12.56,"k_clinic":5,"k_school":5,"within_15":1,"off_street":0,"ward":"Ring Road\u2013Challenge\u2013Oluyole","lga":"Ibadan South West"},"geometry":{"type":"Polygon","coordinates":[[[3.86449,7.36175],[3.86292,7.36266],[3.86135,7.36175],[3.86135,7.35994],[3.86292,7.35904],[3.86449,7.35994],[3.86449,7.36175]]]}},{"type":"Feature","properties":{"minutes":7.6,"people":765,"clinic_min":5.66,"school_min":9.54,"k_clinic":5,"k_school":5,"within_15":1,"off_street":0,"ward":"Ring Road\u2013Challenge\u2013Oluyole","lga":"Ibadan South West"},"geometry":{"type":"Polygon","coordinates":[[[3.86763,7.36174],[3.86606,7.36265],[3.86449,7.36175],[3.86449,7.35994],[3.86606,7.35903],[3.86763,7.35993],[3.86763,7.36174]]]}},{"type":"Feature","properties":{"minutes":8.2,"people":776,"clinic_min":6.07,"school_min":10.33,"k_clinic":5,"k_school":5,"within_15":1,"off_street":0,"ward":"Oke Ado\u2013Liberty","lga":"Ibadan South West"},"geometry":{"type":"Polygon","coordinates":[[[3.87077,7.36174],[3.8692,7.36264],[3.86763,7.36174],[3.86763,7.35993],[3.86919,7.35903],[3.87077,7.35993],[3.87077,7.36174]]]}},{"type":"Feature","properties":{"minutes":9.35,"people":1146,"clinic_min":6.17,"school_min":12.53,"k_clinic":5,"k_school":5,"within_15":1,"off_street":0,"ward":"Oke Ado\u2013Liberty","lga":"Ibadan South West"},"geometry":{"type":"Polygon","coordinates":[[[3.87391,7.36173],[3.87234,7.36264],[3.87077,7.36174],[3.87077,7.35993],[3.87233,7.35902],[3.8739,7.35992],[3.87391,7.36173]]]}},{"type":"Feature","properties":{"minutes":11.02,"people":1440,"clinic_min":8.76,"school_min":13.28,"k_clinic":5,"k_school":5,"within_15":1,"off_street":0,"ward":"Ring Road\u2013Challenge\u2013Oluyole","lga":"Ibadan South West"},"geometry":{"type":"Polygon","coordinates":[[[3.87705,7.36172],[3.87548,7.36263],[3.87391,7.36173],[3.8739,7.35992],[3.87547,7.35901],[3.87704,7.35991],[3.87705,7.36172]]]}},{"type":"Feature","properties":{"minutes":6.97,"people":1377,"clinic_min":5.46,"school_min":8.47,"k_clinic":5,"k_school":5,"within_15":1,"off_street":0,"ward":"Oke Ado\u2013Liberty","lga":"Ibadan South West"},"geometry":{"type":"Polygon","coordinates":[[[3.88018,7.36172],[3.87862,7.36262],[3.87705,7.36172],[3.87704,7.35991],[3.87861,7.35901],[3.88018,7.35991],[3.88018,7.36172]]]}},{"type":"Feature","properties":{"minutes":5.88,"people":1440,"clinic_min":5.55,"school_min":6.2,"k_clinic":5,"k_school":5,"within_15":1,"off_street":0,"ward":"Ring Road\u2013Challenge\u2013Oluyole","lga":"Ibadan South West"},"geometry":{"type":"Polygon","coordinates":[[[3.88332,7.36171],[3.88176,7.36262],[3.88018,7.36172],[3.88018,7.35991],[3.88175,7.359],[3.88332,7.3599],[3.88332,7.36171]]]}},{"type":"Feature","properties":{"minutes":7.54,"people":313,"clinic_min":7.87,"school_min":7.22,"k_clinic":5,"k_school":5,"within_15":1,"off_street":0,"ward":"Popoyemoja","lga":"Ibadan South West"},"geometry":{"type":"Polygon","coordinates":[[[3.88646,7.3617],[3.88489,7.36261],[3.88332,7.36171],[3.88332,7.3599],[3.88489,7.35899],[3.88646,7.3599],[3.88646,7.3617]]]}},{"type":"Feature","properties":{"minutes":2.42,"people":1042,"clinic_min":2.85,"school_min":1.98,"k_clinic":5,"k_school":5,"within_15":1,"off_street":0,"ward":"Popoyemoja","lga":"Ibadan South West"},"geometry":{"type":"Polygon","coordinates":[[[3.8896,7.3617],[3.88803,7.36261],[3.88646,7.3617],[3.88646,7.3599],[3.88802,7.35899],[3.8896,7.35989],[3.8896,7.3617]]]}},{"type":"Feature","properties":{"minutes":5.9,"people":1383,"clinic_min":6.0,"school_min":5.8,"k_clinic":5,"k_school":5,"within_15":1,"off_street":0,"ward":"Molete","lga":"Ibadan South East"},"geometry":{"type":"Polygon","coordinates":[[[3.89274,7.36169],[3.89117,7.3626],[3.8896,7.3617],[3.8896,7.35989],[3.89116,7.35898],[3.89273,7.35988],[3.89274,7.36169]]]}},{"type":"Feature","properties":{"minutes":10.57,"people":1362,"clinic_min":12.72,"school_min":8.41,"k_clinic":5,"k_school":5,"within_15":1,"off_street":0,"ward":"Molete","lga":"Ibadan South East"},"geometry":{"type":"Polygon","coordinates":[[[3.89588,7.36169],[3.89431,7.36259],[3.89274,7.36169],[3.89273,7.35988],[3.8943,7.35898],[3.89587,7.35988],[3.89588,7.36169]]]}},{"type":"Feature","properties":{"minutes":7.99,"people":1346,"clinic_min":9.21,"school_min":6.77,"k_clinic":5,"k_school":5,"within_15":1,"off_street":0,"ward":"Molete","lga":"Ibadan South East"},"geometry":{"type":"Polygon","coordinates":[[[3.89901,7.36168],[3.89745,7.36259],[3.89588,7.36169],[3.89587,7.35988],[3.89744,7.35897],[3.89901,7.35987],[3.89901,7.36168]]]}},{"type":"Feature","properties":{"minutes":5.93,"people":1756,"clinic_min":5.32,"school_min":6.54,"k_clinic":5,"k_school":5,"within_15":1,"off_street":0,"ward":"Molete","lga":"Ibadan South East"},"geometry":{"type":"Polygon","coordinates":[[[3.90215,7.36167],[3.90059,7.36258],[3.89901,7.36168],[3.89901,7.35987],[3.90058,7.35896],[3.90215,7.35986],[3.90215,7.36167]]]}},{"type":"Feature","properties":{"minutes":9.47,"people":1887,"clinic_min":11.47,"school_min":7.47,"k_clinic":5,"k_school":5,"within_15":1,"off_street":0,"ward":"Owode","lga":"Ibadan South East"},"geometry":{"type":"Polygon","coordinates":[[[3.90529,7.36167],[3.90372,7.36257],[3.90215,7.36167],[3.90215,7.35986],[3.90372,7.35896],[3.90529,7.35986],[3.90529,7.36167]]]}},{"type":"Feature","properties":{"minutes":6.39,"people":2014,"clinic_min":7.48,"school_min":5.3,"k_clinic":5,"k_school":5,"within_15":1,"off_street":0,"ward":"Owode","lga":"Ibadan South East"},"geometry":{"type":"Polygon","coordinates":[[[3.90843,7.36166],[3.90686,7.36257],[3.90529,7.36167],[3.90529,7.35986],[3.90686,7.35895],[3.90843,7.35985],[3.90843,7.36166]]]}},{"type":"Feature","properties":{"minutes":6.52,"people":2324,"clinic_min":6.11,"school_min":6.92,"k_clinic":5,"k_school":5,"within_15":1,"off_street":0,"ward":"Odinjo","lga":"Ibadan South East"},"geometry":{"type":"Polygon","coordinates":[[[3.91157,7.36165],[3.91,7.36256],[3.90843,7.36166],[3.90843,7.35985],[3.90999,7.35894],[3.91156,7.35985],[3.91157,7.36165]]]}},{"type":"Feature","properties":{"minutes":7.44,"people":1490,"clinic_min":11.33,"school_min":3.56,"k_clinic":5,"k_school":5,"within_15":1,"off_street":0,"ward":"Odinjo","lga":"Ibadan South East"},"geometry":{"type":"Polygon","coordinates":[[[3.91471,7.36165],[3.91314,7.36256],[3.91157,7.36165],[3.91156,7.35985],[3.91313,7.35894],[3.9147,7.35984],[3.91471,7.36165]]]}},{"type":"Feature","properties":{"minutes":9.96,"people":2024,"clinic_min":10.48,"school_min":9.44,"k_clinic":5,"k_school":5,"within_15":1,"off_street":0,"ward":"Adesola","lga":"Ibadan South East"},"geometry":{"type":"Polygon","coordinates":[[[3.91785,7.36164],[3.91628,7.36255],[3.91471,7.36165],[3.9147,7.35984],[3.91627,7.35893],[3.91784,7.35983],[3.91785,7.36164]]]}},{"type":"Feature","properties":{"minutes":8.13,"people":958,"clinic_min":9.33,"school_min":6.93,"k_clinic":5,"k_school":5,"within_15":1,"off_street":0,"ward":"Adesola","lga":"Ibadan South East"},"geometry":{"type":"Polygon","coordinates":[[[3.92098,7.36164],[3.91942,7.36254],[3.91785,7.36164],[3.91784,7.35983],[3.91941,7.35892],[3.92098,7.35983],[3.92098,7.36164]]]}},{"type":"Feature","properties":{"minutes":5.12,"people":1350,"clinic_min":7.23,"school_min":3.02,"k_clinic":5,"k_school":5,"within_15":1,"off_street":0,"ward":"Adesola","lga":"Ibadan South East"},"geometry":{"type":"Polygon","coordinates":[[[3.92412,7.36163],[3.92255,7.36254],[3.92098,7.36164],[3.92098,7.35983],[3.92255,7.35892],[3.92412,7.35982],[3.92412,7.36163]]]}},{"type":"Feature","properties":{"minutes":9.5,"people":772,"clinic_min":9.04,"school_min":9.97,"k_clinic":5,"k_school":5,"within_15":1,"off_street":0,"ward":"Atipe","lga":"Ibadan North East"},"geometry":{"type":"Polygon","coordinates":[[[3.92726,7.36162],[3.92569,7.36253],[3.92412,7.36163],[3.92412,7.35982],[3.92569,7.35891],[3.92726,7.35981],[3.92726,7.36162]]]}},{"type":"Feature","properties":{"minutes":5.52,"people":2044,"clinic_min":6.28,"school_min":4.77,"k_clinic":5,"k_school":5,"within_15":1,"off_street":0,"ward":"Atipe","lga":"Ibadan North East"},"geometry":{"type":"Polygon","coordinates":[[[3.9304,7.36162],[3.92883,7.36252],[3.92726,7.36162],[3.92726,7.35981],[3.92882,7.35891],[3.93039,7.35981],[3.9304,7.36162]]]}},{"type":"Feature","properties":{"minutes":7.24,"people":1819,"clinic_min":7.95,"school_min":6.52,"k_clinic":5,"k_school":5,"within_15":1,"off_street":0,"ward":"Atipe","lga":"Ibadan North East"},"geometry":{"type":"Polygon","coordinates":[[[3.93354,7.36161],[3.93197,7.36252],[3.9304,7.36162],[3.93039,7.35981],[3.93196,7.3589],[3.93353,7.3598],[3.93354,7.36161]]]}},{"type":"Feature","properties":{"minutes":7.72,"people":1196,"clinic_min":9.35,"school_min":6.1,"k_clinic":5,"k_school":5,"within_15":1,"off_street":0,"ward":"Atipe","lga":"Ibadan North East"},"geometry":{"type":"Polygon","coordinates":[[[3.93668,7.3616],[3.93511,7.36251],[3.93354,7.36161],[3.93353,7.3598],[3.9351,7.35889],[3.93667,7.35979],[3.93668,7.3616]]]}},{"type":"Feature","properties":{"minutes":14.21,"people":582,"clinic_min":16.84,"school_min":11.59,"k_clinic":5,"k_school":5,"within_15":1,"off_street":0,"ward":"Atipe","lga":"Ibadan North East"},"geometry":{"type":"Polygon","coordinates":[[[3.93981,7.3616],[3.93825,7.3625],[3.93668,7.3616],[3.93667,7.35979],[3.93824,7.35889],[3.93981,7.35979],[3.93981,7.3616]]]}},{"type":"Feature","properties":{"minutes":15.17,"people":1253,"clinic_min":12.67,"school_min":17.68,"k_clinic":5,"k_school":5,"within_15":0,"off_street":0,"ward":"Ring Road\u2013Challenge\u2013Oluyole","lga":"Ibadan South West"},"geometry":{"type":"Polygon","coordinates":[[[3.8441,7.3645],[3.84253,7.36541],[3.84096,7.36451],[3.84096,7.3627],[3.84252,7.36179],[3.84409,7.36269],[3.8441,7.3645]]]}},{"type":"Feature","properties":{"minutes":12.63,"people":796,"clinic_min":10.15,"school_min":15.11,"k_clinic":5,"k_school":5,"within_15":1,"off_street":0,"ward":"Ring Road\u2013Challenge\u2013Oluyole","lga":"Ibadan South West"},"geometry":{"type":"Polygon","coordinates":[[[3.84724,7.36449],[3.84567,7.3654],[3.8441,7.3645],[3.84409,7.36269],[3.84566,7.36178],[3.84723,7.36269],[3.84724,7.36449]]]}},{"type":"Feature","properties":{"minutes":11.23,"people":624,"clinic_min":8.8,"school_min":13.67,"k_clinic":5,"k_school":5,"within_15":1,"off_street":0,"ward":"Ring Road\u2013Challenge\u2013Oluyole","lga":"Ibadan South West"},"geometry":{"type":"Polygon","coordinates":[[[3.85037,7.36449],[3.84881,7.3654],[3.84724,7.36449],[3.84723,7.36269],[3.8488,7.36178],[3.85037,7.36268],[3.85037,7.36449]]]}},{"type":"Feature","properties":{"minutes":7.76,"people":486,"clinic_min":6.01,"school_min":9.5,"k_clinic":5,"k_school":5,"within_15":1,"off_street":0,"ward":"Ring Road\u2013Challenge\u2013Oluyole","lga":"Ibadan South West"},"geometry":{"type":"Polygon","coordinates":[[[3.85351,7.36448],[3.85195,7.36539],[3.85037,7.36449],[3.85037,7.36268],[3.85194,7.36177],[3.85351,7.36267],[3.85351,7.36448]]]}},{"type":"Feature","properties":{"minutes":8.47,"people":1003,"clinic_min":6.44,"school_min":10.51,"k_clinic":5,"k_school":5,"within_15":1,"off_street":0,"ward":"Ring Road\u2013Challenge\u2013Oluyole","lga":"Ibadan South West"},"geometry":{"type":"Polygon","coordinates":[[[3.85665,7.36448],[3.85508,7.36538],[3.85351,7.36448],[3.85351,7.36267],[3.85508,7.36177],[3.85665,7.36267],[3.85665,7.36448]]]}},{"type":"Feature","properties":{"minutes":10.16,"people":676,"clinic_min":8.58,"school_min":11.74,"k_clinic":5,"k_school":5,"within_15":1,"off_street":0,"ward":"Ring Road\u2013Challenge\u2013Oluyole","lga":"Ibadan South West"},"geometry":{"type":"Polygon","coordinates":[[[3.85979,7.36447],[3.85822,7.36538],[3.85665,7.36448],[3.85665,7.36267],[3.85822,7.36176],[3.85979,7.36266],[3.85979,7.36447]]]}},{"type":"Feature","properties":{"minutes":12.59,"people":1157,"clinic_min":12.2,"school_min":12.98,"k_clinic":5,"k_school":5,"within_15":1,"off_street":0,"ward":"Ring Road\u2013Challenge\u2013Oluyole","lga":"Ibadan South West"},"geometry":{"type":"Polygon","coordinates":[[[3.86293,7.36446],[3.86136,7.36537],[3.85979,7.36447],[3.85979,7.36266],[3.86135,7.36175],[3.86292,7.36266],[3.86293,7.36446]]]}},{"type":"Feature","properties":{"minutes":10.85,"people":364,"clinic_min":9.97,"school_min":11.74,"k_clinic":5,"k_school":5,"within_15":1,"off_street":0,"ward":"Oke Ado\u2013Liberty","lga":"Ibadan South West"},"geometry":{"type":"Polygon","coordinates":[[[3.86607,7.36446],[3.8645,7.36537],[3.86293,7.36446],[3.86292,7.36266],[3.86449,7.36175],[3.86606,7.36265],[3.86607,7.36446]]]}},{"type":"Feature","properties":{"minutes":8.85,"people":430,"clinic_min":9.3,"school_min":8.4,"k_clinic":5,"k_school":5,"within_15":1,"off_street":0,"ward":"Oke Ado\u2013Liberty","lga":"Ibadan South West"},"geometry":{"type":"Polygon","coordinates":[[[3.8692,7.36445],[3.86764,7.36536],[3.86607,7.36446],[3.86606,7.36265],[3.86763,7.36174],[3.8692,7.36264],[3.8692,7.36445]]]}},{"type":"Feature","properties":{"minutes":12.67,"people":211,"clinic_min":10.66,"school_min":14.68,"k_clinic":5,"k_school":5,"within_15":1,"off_street":0,"ward":"Oke Ado\u2013Liberty","lga":"Ibadan South West"},"geometry":{"type":"Polygon","coordinates":[[[3.87234,7.36445],[3.87078,7.36535],[3.8692,7.36445],[3.8692,7.36264],[3.87077,7.36174],[3.87234,7.36264],[3.87234,7.36445]]]}},{"type":"Feature","properties":{"minutes":8.51,"people":549,"clinic_min":5.7,"school_min":11.33,"k_clinic":5,"k_school":5,"within_15":1,"off_street":0,"ward":"Oke Ado\u2013Liberty","lga":"Ibadan South West"},"geometry":{"type":"Polygon","coordinates":[[[3.87548,7.36444],[3.87391,7.36535],[3.87234,7.36445],[3.87234,7.36264],[3.87391,7.36173],[3.87548,7.36263],[3.87548,7.36444]]]}},{"type":"Feature","properties":{"minutes":5.89,"people":1694,"clinic_min":4.12,"school_min":7.66,"k_clinic":5,"k_school":5,"within_15":1,"off_street":0,"ward":"Oke Ado\u2013Liberty","lga":"Ibadan South West"},"geometry":{"type":"Polygon","coordinates":[[[3.87862,7.36443],[3.87705,7.36534],[3.87548,7.36444],[3.87548,7.36263],[3.87705,7.36172],[3.87862,7.36262],[3.87862,7.36443]]]}},{"type":"Feature","properties":{"minutes":3.73,"people":1434,"clinic_min":2.59,"school_min":4.86,"k_clinic":5,"k_school":5,"within_15":1,"off_street":0,"ward":"Oke Ado\u2013Liberty","lga":"Ibadan South West"},"geometry":{"type":"Polygon","coordinates":[[[3.88176,7.36443],[3.88019,7.36534],[3.87862,7.36443],[3.87862,7.36262],[3.88018,7.36172],[3.88176,7.36262],[3.88176,7.36443]]]}},{"type":"Feature","properties":{"minutes":3.9,"people":1689,"clinic_min":3.75,"school_min":4.04,"k_clinic":5,"k_school":5,"within_15":1,"off_street":0,"ward":"Oke Ado\u2013Liberty","lga":"Ibadan South West"},"geometry":{"type":"Polygon","coordinates":[[[3.8849,7.36442],[3.88333,7.36533],[3.88176,7.36443],[3.88176,7.36262],[3.88332,7.36171],[3.88489,7.36261],[3.8849,7.36442]]]}},{"type":"Feature","properties":{"minutes":4.09,"people":718,"clinic_min":3.66,"school_min":4.52,"k_clinic":5,"k_school":5,"within_15":1,"off_street":0,"ward":"Popoyemoja","lga":"Ibadan South West"},"geometry":{"type":"Polygon","coordinates":[[[3.88804,7.36442],[3.88647,7.36532],[3.8849,7.36442],[3.88489,7.36261],[3.88646,7.3617],[3.88803,7.36261],[3.88804,7.36442]]]}},{"type":"Feature","properties":{"minutes":9.87,"people":1585,"clinic_min":10.01,"school_min":9.73,"k_clinic":5,"k_school":5,"within_15":1,"off_street":0,"ward":"Popoyemoja","lga":"Ibadan South West"},"geometry":{"type":"Polygon","coordinates":[[[3.89117,7.36441],[3.88961,7.36532],[3.88804,7.36442],[3.88803,7.36261],[3.8896,7.3617],[3.89117,7.3626],[3.89117,7.36441]]]}},{"type":"Feature","properties":{"minutes":7.8,"people":2417,"clinic_min":8.19,"school_min":7.42,"k_clinic":5,"k_school":5,"within_15":1,"off_street":0,"ward":"Popoyemoja","lga":"Ibadan South West"},"geometry":{"type":"Polygon","coordinates":[[[3.89431,7.3644],[3.89275,7.36531],[3.89117,7.36441],[3.89117,7.3626],[3.89274,7.36169],[3.89431,7.36259],[3.89431,7.3644]]]}},{"type":"Feature","properties":{"minutes":9.51,"people":1741,"clinic_min":10.08,"school_min":8.95,"k_clinic":5,"k_school":5,"within_15":1,"off_street":0,"ward":"Molete","lga":"Ibadan South East"},"geometry":{"type":"Polygon","coordinates":[[[3.89745,7.3644],[3.89588,7.3653],[3.89431,7.3644],[3.89431,7.36259],[3.89588,7.36169],[3.89745,7.36259],[3.89745,7.3644]]]}},{"type":"Feature","properties":{"minutes":5.87,"people":1872,"clinic_min":6.44,"school_min":5.3,"k_clinic":5,"k_school":5,"within_15":1,"off_street":0,"ward":"Oke-Oluokun","lga":"Ibadan South East"},"geometry":{"type":"Polygon","coordinates":[[[3.90059,7.36439],[3.89902,7.3653],[3.89745,7.3644],[3.89745,7.36259],[3.89901,7.36168],[3.90059,7.36258],[3.90059,7.36439]]]}},{"type":"Feature","properties":{"minutes":8.04,"people":1957,"clinic_min":7.42,"school_min":8.65,"k_clinic":5,"k_school":5,"within_15":1,"off_street":0,"ward":"Oke-Oluokun","lga":"Ibadan South East"},"geometry":{"type":"Polygon","coordinates":[[[3.90373,7.36438],[3.90216,7.36529],[3.90059,7.36439],[3.90059,7.36258],[3.90215,7.36167],[3.90372,7.36257],[3.90373,7.36438]]]}},{"type":"Feature","properties":{"minutes":7.21,"people":2091,"clinic_min":7.89,"school_min":6.53,"k_clinic":5,"k_school":5,"within_15":1,"off_street":0,"ward":"Oke-Oluokun","lga":"Ibadan South East"},"geometry":{"type":"Polygon","coordinates":[[[3.90687,7.36438],[3.9053,7.36528],[3.90373,7.36438],[3.90372,7.36257],[3.90529,7.36167],[3.90686,7.36257],[3.90687,7.36438]]]}},{"type":"Feature","properties":{"minutes":9.01,"people":2494,"clinic_min":8.96,"school_min":9.05,"k_clinic":5,"k_school":5,"within_15":1,"off_street":0,"ward":"Odinjo","lga":"Ibadan South East"},"geometry":{"type":"Polygon","coordinates":[[[3.91,7.36437],[3.90844,7.36528],[3.90687,7.36438],[3.90686,7.36257],[3.90843,7.36166],[3.91,7.36256],[3.91,7.36437]]]}},{"type":"Feature","properties":{"minutes":10.47,"people":1783,"clinic_min":10.46,"school_min":10.48,"k_clinic":5,"k_school":5,"within_15":1,"off_street":0,"ward":"Asanike","lga":"Ibadan South East"},"geometry":{"type":"Polygon","coordinates":[[[3.91314,7.36436],[3.91158,7.36527],[3.91,7.36437],[3.91,7.36256],[3.91157,7.36165],[3.91314,7.36256],[3.91314,7.36436]]]}},{"type":"Feature","properties":{"minutes":5.47,"people":1691,"clinic_min":8.5,"school_min":2.43,"k_clinic":5,"k_school":5,"within_15":1,"off_street":0,"ward":"Adesola","lga":"Ibadan South East"},"geometry":{"type":"Polygon","coordinates":[[[3.91628,7.36436],[3.91471,7.36527],[3.91314,7.36436],[3.91314,7.36256],[3.91471,7.36165],[3.91628,7.36255],[3.91628,7.36436]]]}},{"type":"Feature","properties":{"minutes":5.83,"people":1192,"clinic_min":8.24,"school_min":3.42,"k_clinic":5,"k_school":5,"within_15":1,"off_street":0,"ward":"Adesola","lga":"Ibadan South East"},"geometry":{"type":"Polygon","coordinates":[[[3.91942,7.36435],[3.91785,7.36526],[3.91628,7.36436],[3.91628,7.36255],[3.91785,7.36164],[3.91942,7.36254],[3.91942,7.36435]]]}},{"type":"Feature","properties":{"minutes":4.35,"people":1757,"clinic_min":5.55,"school_min":3.15,"k_clinic":5,"k_school":5,"within_15":1,"off_street":0,"ward":"Adesola","lga":"Ibadan South East"},"geometry":{"type":"Polygon","coordinates":[[[3.92256,7.36435],[3.92099,7.36525],[3.91942,7.36435],[3.91942,7.36254],[3.92098,7.36164],[3.92255,7.36254],[3.92256,7.36435]]]}},{"type":"Feature","properties":{"minutes":8.88,"people":1436,"clinic_min":9.92,"school_min":7.85,"k_clinic":5,"k_school":5,"within_15":1,"off_street":0,"ward":"Adesola","lga":"Ibadan South East"},"geometry":{"type":"Polygon","coordinates":[[[3.9257,7.36434],[3.92413,7.36525],[3.92256,7.36435],[3.92255,7.36254],[3.92412,7.36163],[3.92569,7.36253],[3.9257,7.36434]]]}},{"type":"Feature","properties":{"minutes":12.93,"people":963,"clinic_min":13.7,"school_min":12.15,"k_clinic":5,"k_school":5,"within_15":1,"off_street":0,"ward":"Atipe","lga":"Ibadan North East"},"geometry":{"type":"Polygon","coordinates":[[[3.92884,7.36433],[3.92727,7.36524],[3.9257,7.36434],[3.92569,7.36253],[3.92726,7.36162],[3.92883,7.36252],[3.92884,7.36433]]]}},{"type":"Feature","properties":{"minutes":6.73,"people":2071,"clinic_min":6.85,"school_min":6.61,"k_clinic":5,"k_school":5,"within_15":1,"off_street":0,"ward":"Aperin","lga":"Ibadan North East"},"geometry":{"type":"Polygon","coordinates":[[[3.93197,7.36433],[3.93041,7.36523],[3.92884,7.36433],[3.92883,7.36252],[3.9304,7.36162],[3.93197,7.36252],[3.93197,7.36433]]]}},{"type":"Feature","properties":{"minutes":8.04,"people":2337,"clinic_min":9.14,"school_min":6.94,"k_clinic":5,"k_school":5,"within_15":1,"off_street":0,"ward":"Aperin","lga":"Ibadan North East"},"geometry":{"type":"Polygon","coordinates":[[[3.93511,7.36432],[3.93354,7.36523],[3.93197,7.36433],[3.93197,7.36252],[3.93354,7.36161],[3.93511,7.36251],[3.93511,7.36432]]]}},{"type":"Feature","properties":{"minutes":12.18,"people":1136,"clinic_min":14.2,"school_min":10.16,"k_clinic":5,"k_school":5,"within_15":1,"off_street":0,"ward":"Aperin","lga":"Ibadan North East"},"geometry":{"type":"Polygon","coordinates":[[[3.93825,7.36431],[3.93668,7.36522],[3.93511,7.36432],[3.93511,7.36251],[3.93668,7.3616],[3.93825,7.3625],[3.93825,7.36431]]]}},{"type":"Feature","properties":{"minutes":16.92,"people":1147,"clinic_min":15.17,"school_min":18.66,"k_clinic":5,"k_school":5,"within_15":0,"off_street":0,"ward":"Oritamerin (SW)","lga":"Ibadan South West"},"geometry":{"type":"Polygon","coordinates":[[[3.84253,7.36722],[3.84097,7.36812],[3.83939,7.36722],[3.83939,7.36541],[3.84096,7.36451],[3.84253,7.36541],[3.84253,7.36722]]]}},{"type":"Feature","properties":{"minutes":15.12,"people":971,"clinic_min":13.3,"school_min":16.93,"k_clinic":5,"k_school":5,"within_15":0,"off_street":0,"ward":"Oritamerin (SW)","lga":"Ibadan South West"},"geometry":{"type":"Polygon","coordinates":[[[3.84567,7.36721],[3.8441,7.36812],[3.84253,7.36722],[3.84253,7.36541],[3.8441,7.3645],[3.84567,7.3654],[3.84567,7.36721]]]}},{"type":"Feature","properties":{"minutes":12.42,"people":606,"clinic_min":10.36,"school_min":14.48,"k_clinic":5,"k_school":5,"within_15":1,"off_street":0,"ward":"Apata\u2013Odo Ona","lga":"Ibadan South West"},"geometry":{"type":"Polygon","coordinates":[[[3.84881,7.3672],[3.84724,7.36811],[3.84567,7.36721],[3.84567,7.3654],[3.84724,7.36449],[3.84881,7.3654],[3.84881,7.3672]]]}},{"type":"Feature","properties":{"minutes":16.11,"people":669,"clinic_min":14.41,"school_min":17.81,"k_clinic":5,"k_school":5,"within_15":0,"off_street":0,"ward":"Apata\u2013Odo Ona","lga":"Ibadan South West"},"geometry":{"type":"Polygon","coordinates":[[[3.85195,7.3672],[3.85038,7.36811],[3.84881,7.3672],[3.84881,7.3654],[3.85037,7.36449],[3.85195,7.36539],[3.85195,7.3672]]]}},{"type":"Feature","properties":{"minutes":6.97,"people":791,"clinic_min":5.26,"school_min":8.69,"k_clinic":5,"k_school":5,"within_15":1,"off_street":0,"ward":"Ring Road\u2013Challenge\u2013Oluyole","lga":"Ibadan South West"},"geometry":{"type":"Polygon","coordinates":[[[3.85509,7.36719],[3.85352,7.3681],[3.85195,7.3672],[3.85195,7.36539],[3.85351,7.36448],[3.85508,7.36538],[3.85509,7.36719]]]}},{"type":"Feature","properties":{"minutes":6.53,"people":885,"clinic_min":4.04,"school_min":9.01,"k_clinic":5,"k_school":5,"within_15":1,"off_street":0,"ward":"Ring Road\u2013Challenge\u2013Oluyole","lga":"Ibadan South West"},"geometry":{"type":"Polygon","coordinates":[[[3.85823,7.36719],[3.85666,7.36809],[3.85509,7.36719],[3.85508,7.36538],[3.85665,7.36448],[3.85822,7.36538],[3.85823,7.36719]]]}},{"type":"Feature","properties":{"minutes":9.77,"people":731,"clinic_min":7.51,"school_min":12.03,"k_clinic":5,"k_school":5,"within_15":1,"off_street":0,"ward":"Ring Road\u2013Challenge\u2013Oluyole","lga":"Ibadan South West"},"geometry":{"type":"Polygon","coordinates":[[[3.86136,7.36718],[3.8598,7.36809],[3.85823,7.36719],[3.85822,7.36538],[3.85979,7.36447],[3.86136,7.36537],[3.86136,7.36718]]]}},{"type":"Feature","properties":{"minutes":10.09,"people":799,"clinic_min":7.95,"school_min":12.23,"k_clinic":5,"k_school":5,"within_15":1,"off_street":0,"ward":"Oke Ado\u2013Liberty","lga":"Ibadan South West"},"geometry":{"type":"Polygon","coordinates":[[[3.8645,7.36717],[3.86293,7.36808],[3.86136,7.36718],[3.86136,7.36537],[3.86293,7.36446],[3.8645,7.36537],[3.8645,7.36717]]]}},{"type":"Feature","properties":{"minutes":9.01,"people":1049,"clinic_min":9.59,"school_min":8.44,"k_clinic":5,"k_school":5,"within_15":1,"off_street":0,"ward":"Oke Ado\u2013Liberty","lga":"Ibadan South West"},"geometry":{"type":"Polygon","coordinates":[[[3.86764,7.36717],[3.86607,7.36808],[3.8645,7.36717],[3.8645,7.36537],[3.86607,7.36446],[3.86764,7.36536],[3.86764,7.36717]]]}},{"type":"Feature","properties":{"minutes":11.36,"people":778,"clinic_min":12.88,"school_min":9.84,"k_clinic":5,"k_school":5,"within_15":1,"off_street":0,"ward":"Oke Ado\u2013Liberty","lga":"Ibadan South West"},"geometry":{"type":"Polygon","coordinates":[[[3.87078,7.36716],[3.86921,7.36807],[3.86764,7.36717],[3.86764,7.36536],[3.8692,7.36445],[3.87078,7.36535],[3.87078,7.36716]]]}},{"type":"Feature","properties":{"minutes":9.92,"people":257,"clinic_min":9.81,"school_min":10.04,"k_clinic":5,"k_school":5,"within_15":1,"off_street":0,"ward":"Oke Ado\u2013Liberty","lga":"Ibadan South West"},"geometry":{"type":"Polygon","coordinates":[[[3.87392,7.36716],[3.87235,7.36806],[3.87078,7.36716],[3.87078,7.36535],[3.87234,7.36445],[3.87391,7.36535],[3.87392,7.36716]]]}},{"type":"Feature","properties":{"minutes":4.69,"people":651,"clinic_min":4.37,"school_min":5.0,"k_clinic":5,"k_school":5,"within_15":1,"off_street":0,"ward":"Oke Ado\u2013Liberty","lga":"Ibadan South West"},"geometry":{"type":"Polygon","coordinates":[[[3.87706,7.36715],[3.87549,7.36806],[3.87392,7.36716],[3.87391,7.36535],[3.87548,7.36444],[3.87705,7.36534],[3.87706,7.36715]]]}},{"type":"Feature","properties":{"minutes":2.42,"people":1500,"clinic_min":1.32,"school_min":3.51,"k_clinic":5,"k_school":5,"within_15":1,"off_street":0,"ward":"Oke Ado\u2013Liberty","lga":"Ibadan South West"},"geometry":{"type":"Polygon","coordinates":[[[3.88019,7.36714],[3.87863,7.36805],[3.87706,7.36715],[3.87705,7.36534],[3.87862,7.36443],[3.88019,7.36534],[3.88019,7.36714]]]}},{"type":"Feature","properties":{"minutes":3.75,"people":1401,"clinic_min":3.09,"school_min":4.41,"k_clinic":5,"k_school":5,"within_15":1,"off_street":0,"ward":"Oke Ado\u2013Liberty","lga":"Ibadan South West"},"geometry":{"type":"Polygon","coordinates":[[[3.88333,7.36714],[3.88177,7.36805],[3.88019,7.36714],[3.88019,7.36534],[3.88176,7.36443],[3.88333,7.36533],[3.88333,7.36714]]]}},{"type":"Feature","properties":{"minutes":5.18,"people":1060,"clinic_min":4.05,"school_min":6.32,"k_clinic":5,"k_school":5,"within_15":1,"off_street":0,"ward":"Oke Ado\u2013Liberty","lga":"Ibadan South West"},"geometry":{"type":"Polygon","coordinates":[[[3.88647,7.36713],[3.8849,7.36804],[3.88333,7.36714],[3.88333,7.36533],[3.8849,7.36442],[3.88647,7.36532],[3.88647,7.36713]]]}},{"type":"Feature","properties":{"minutes":6.28,"people":1531,"clinic_min":6.51,"school_min":6.05,"k_clinic":5,"k_school":5,"within_15":1,"off_street":0,"ward":"Oke Ado\u2013Liberty","lga":"Ibadan South West"},"geometry":{"type":"Polygon","coordinates":[[[3.88961,7.36713],[3.88804,7.36803],[3.88647,7.36713],[3.88647,7.36532],[3.88804,7.36442],[3.88961,7.36532],[3.88961,7.36713]]]}},{"type":"Feature","properties":{"minutes":7.2,"people":2504,"clinic_min":8.26,"school_min":6.13,"k_clinic":5,"k_school":5,"within_15":1,"off_street":0,"ward":"Ita Aregbeomo","lga":"Ibadan South West"},"geometry":{"type":"Polygon","coordinates":[[[3.89275,7.36712],[3.89118,7.36803],[3.88961,7.36713],[3.88961,7.36532],[3.89117,7.36441],[3.89275,7.36531],[3.89275,7.36712]]]}},{"type":"Feature","properties":{"minutes":8.03,"people":2476,"clinic_min":8.6,"school_min":7.46,"k_clinic":5,"k_school":5,"within_15":1,"off_street":0,"ward":"Ita Aregbeomo","lga":"Ibadan South West"},"geometry":{"type":"Polygon","coordinates":[[[3.89589,7.36711],[3.89432,7.36802],[3.89275,7.36712],[3.89275,7.36531],[3.89431,7.3644],[3.89588,7.3653],[3.89589,7.36711]]]}},{"type":"Feature","properties":{"minutes":7.07,"people":1828,"clinic_min":5.44,"school_min":8.69,"k_clinic":5,"k_school":5,"within_15":1,"off_street":0,"ward":"Oja'ba","lga":"Ibadan South East"},"geometry":{"type":"Polygon","coordinates":[[[3.89903,7.36711],[3.89746,7.36801],[3.89589,7.36711],[3.89588,7.3653],[3.89745,7.3644],[3.89902,7.3653],[3.89903,7.36711]]]}},{"type":"Feature","properties":{"minutes":7.91,"people":1754,"clinic_min":6.69,"school_min":9.12,"k_clinic":5,"k_school":5,"within_15":1,"off_street":0,"ward":"Oke-Oluokun","lga":"Ibadan South East"},"geometry":{"type":"Polygon","coordinates":[[[3.90216,7.3671],[3.9006,7.36801],[3.89903,7.36711],[3.89902,7.3653],[3.90059,7.36439],[3.90216,7.36529],[3.90216,7.3671]]]}},{"type":"Feature","properties":{"minutes":9.16,"people":1863,"clinic_min":8.29,"school_min":10.02,"k_clinic":5,"k_school":5,"within_15":1,"off_street":0,"ward":"Ita-Ege","lga":"Ibadan South East"},"geometry":{"type":"Polygon","coordinates":[[[3.9053,7.36709],[3.90374,7.368],[3.90216,7.3671],[3.90216,7.36529],[3.90373,7.36438],[3.9053,7.36528],[3.9053,7.36709]]]}},{"type":"Feature","properties":{"minutes":9.76,"people":1899,"clinic_min":10.1,"school_min":9.43,"k_clinic":5,"k_school":5,"within_15":1,"off_street":0,"ward":"Asanike","lga":"Ibadan South East"},"geometry":{"type":"Polygon","coordinates":[[[3.90844,7.36709],[3.90687,7.368],[3.9053,7.36709],[3.9053,7.36528],[3.90687,7.36438],[3.90844,7.36528],[3.90844,7.36709]]]}},{"type":"Feature","properties":{"minutes":11.83,"people":2140,"clinic_min":11.79,"school_min":11.87,"k_clinic":5,"k_school":5,"within_15":1,"off_street":0,"ward":"Asanike","lga":"Ibadan South East"},"geometry":{"type":"Polygon","coordinates":[[[3.91158,7.36708],[3.91001,7.36799],[3.90844,7.36709],[3.90844,7.36528],[3.91,7.36437],[3.91158,7.36527],[3.91158,7.36708]]]}},{"type":"Feature","properties":{"minutes":4.95,"people":2075,"clinic_min":5.78,"school_min":4.12,"k_clinic":5,"k_school":5,"within_15":1,"off_street":0,"ward":"Asanike","lga":"Ibadan South East"},"geometry":{"type":"Polygon","coordinates":[[[3.91472,7.36707],[3.91315,7.36798],[3.91158,7.36708],[3.91158,7.36527],[3.91314,7.36436],[3.91471,7.36527],[3.91472,7.36707]]]}},{"type":"Feature","properties":{"minutes":4.95,"people":687,"clinic_min":5.28,"school_min":4.62,"k_clinic":5,"k_school":5,"within_15":1,"off_street":0,"ward":"Adesola","lga":"Ibadan South East"},"geometry":{"type":"Polygon","coordinates":[[[3.91786,7.36707],[3.91629,7.36798],[3.91472,7.36707],[3.91471,7.36527],[3.91628,7.36436],[3.91785,7.36526],[3.91786,7.36707]]]}},{"type":"Feature","properties":{"minutes":4.59,"people":1041,"clinic_min":5.27,"school_min":3.92,"k_clinic":5,"k_school":5,"within_15":1,"off_street":0,"ward":"Adesola","lga":"Ibadan South East"},"geometry":{"type":"Polygon","coordinates":[[[3.92099,7.36706],[3.91943,7.36797],[3.91786,7.36707],[3.91785,7.36526],[3.91942,7.36435],[3.92099,7.36525],[3.92099,7.36706]]]}},{"type":"Feature","properties":{"minutes":7.75,"people":1929,"clinic_min":8.43,"school_min":7.08,"k_clinic":5,"k_school":5,"within_15":1,"off_street":0,"ward":"Adesola","lga":"Ibadan South East"},"geometry":{"type":"Polygon","coordinates":[[[3.92413,7.36706],[3.92257,7.36796],[3.92099,7.36706],[3.92099,7.36525],[3.92256,7.36435],[3.92413,7.36525],[3.92413,7.36706]]]}},{"type":"Feature","properties":{"minutes":10.19,"people":1800,"clinic_min":6.14,"school_min":14.25,"k_clinic":5,"k_school":5,"within_15":1,"off_street":0,"ward":"Aperin","lga":"Ibadan North East"},"geometry":{"type":"Polygon","coordinates":[[[3.92727,7.36705],[3.9257,7.36796],[3.92413,7.36706],[3.92413,7.36525],[3.9257,7.36434],[3.92727,7.36524],[3.92727,7.36705]]]}},{"type":"Feature","properties":{"minutes":7.08,"people":1697,"clinic_min":9.15,"school_min":5.01,"k_clinic":5,"k_school":5,"within_15":1,"off_street":0,"ward":"Aperin","lga":"Ibadan North East"},"geometry":{"type":"Polygon","coordinates":[[[3.93041,7.36704],[3.92884,7.36795],[3.92727,7.36705],[3.92727,7.36524],[3.92884,7.36433],[3.93041,7.36523],[3.93041,7.36704]]]}},{"type":"Feature","properties":{"minutes":14.66,"people":1897,"clinic_min":15.44,"school_min":13.88,"k_clinic":5,"k_school":5,"within_15":1,"off_street":0,"ward":"Aperin","lga":"Ibadan North East"},"geometry":{"type":"Polygon","coordinates":[[[3.93355,7.36704],[3.93198,7.36794],[3.93041,7.36704],[3.93041,7.36523],[3.93197,7.36433],[3.93354,7.36523],[3.93355,7.36704]]]}},{"type":"Feature","properties":{"minutes":5.41,"people":1528,"clinic_min":5.62,"school_min":5.2,"k_clinic":5,"k_school":5,"within_15":1,"off_street":0,"ward":"Aperin","lga":"Ibadan North East"},"geometry":{"type":"Polygon","coordinates":[[[3.93669,7.36703],[3.93512,7.36794],[3.93355,7.36704],[3.93354,7.36523],[3.93511,7.36432],[3.93668,7.36522],[3.93669,7.36703]]]}},{"type":"Feature","properties":{"minutes":22.08,"people":1047,"clinic_min":21.37,"school_min":22.79,"k_clinic":5,"k_school":5,"within_15":0,"off_street":0,"ward":"Oritamerin (SW)","lga":"Ibadan South West"},"geometry":{"type":"Polygon","coordinates":[[[3.84411,7.36993],[3.84254,7.37083],[3.84097,7.36993],[3.84097,7.36812],[3.84253,7.36722],[3.8441,7.36812],[3.84411,7.36993]]]}},{"type":"Feature","properties":{"minutes":16.55,"people":1021,"clinic_min":15.66,"school_min":17.44,"k_clinic":5,"k_school":5,"within_15":0,"off_street":0,"ward":"Oritamerin (SW)","lga":"Ibadan South West"},"geometry":{"type":"Polygon","coordinates":[[[3.84725,7.36992],[3.84568,7.37083],[3.84411,7.36993],[3.8441,7.36812],[3.84567,7.36721],[3.84724,7.36811],[3.84725,7.36992]]]}},{"type":"Feature","properties":{"minutes":15.94,"people":727,"clinic_min":14.64,"school_min":17.24,"k_clinic":5,"k_school":5,"within_15":0,"off_street":0,"ward":"Apata\u2013Odo Ona","lga":"Ibadan South West"},"geometry":{"type":"Polygon","coordinates":[[[3.85038,7.36992],[3.84882,7.37082],[3.84725,7.36992],[3.84724,7.36811],[3.84881,7.3672],[3.85038,7.36811],[3.85038,7.36992]]]}},{"type":"Feature","properties":{"minutes":8.28,"people":884,"clinic_min":10.29,"school_min":6.26,"k_clinic":5,"k_school":5,"within_15":1,"off_street":0,"ward":"Ring Road\u2013Challenge\u2013Oluyole","lga":"Ibadan South West"},"geometry":{"type":"Polygon","coordinates":[[[3.85352,7.36991],[3.85196,7.37082],[3.85038,7.36992],[3.85038,7.36811],[3.85195,7.3672],[3.85352,7.3681],[3.85352,7.36991]]]}},{"type":"Feature","properties":{"minutes":9.68,"people":571,"clinic_min":9.25,"school_min":10.1,"k_clinic":5,"k_school":5,"within_15":1,"off_street":0,"ward":"Ring Road\u2013Challenge\u2013Oluyole","lga":"Ibadan South West"},"geometry":{"type":"Polygon","coordinates":[[[3.85666,7.3699],[3.85509,7.37081],[3.85352,7.36991],[3.85352,7.3681],[3.85509,7.36719],[3.85666,7.36809],[3.85666,7.3699]]]}},{"type":"Feature","properties":{"minutes":7.4,"people":709,"clinic_min":4.29,"school_min":10.5,"k_clinic":5,"k_school":5,"within_15":1,"off_street":0,"ward":"Ring Road\u2013Challenge\u2013Oluyole","lga":"Ibadan South West"},"geometry":{"type":"Polygon","coordinates":[[[3.8598,7.3699],[3.85823,7.3708],[3.85666,7.3699],[3.85666,7.36809],[3.85823,7.36719],[3.8598,7.36809],[3.8598,7.3699]]]}},{"type":"Feature","properties":{"minutes":11.18,"people":724,"clinic_min":8.57,"school_min":13.78,"k_clinic":5,"k_school":5,"within_15":1,"off_street":0,"ward":"Alesinloye","lga":"Ibadan South West"},"geometry":{"type":"Polygon","coordinates":[[[3.86294,7.36989],[3.86137,7.3708],[3.8598,7.3699],[3.8598,7.36809],[3.86136,7.36718],[3.86293,7.36808],[3.86294,7.36989]]]}},{"type":"Feature","properties":{"minutes":10.75,"people":733,"clinic_min":9.83,"school_min":11.66,"k_clinic":5,"k_school":5,"within_15":1,"off_street":0,"ward":"Oke Ado\u2013Liberty","lga":"Ibadan South West"},"geometry":{"type":"Polygon","coordinates":[[[3.86608,7.36988],[3.86451,7.37079],[3.86294,7.36989],[3.86293,7.36808],[3.8645,7.36717],[3.86607,7.36808],[3.86608,7.36988]]]}},{"type":"Feature","properties":{"minutes":8.52,"people":1111,"clinic_min":10.54,"school_min":6.51,"k_clinic":5,"k_school":5,"within_15":1,"off_street":0,"ward":"Oke Ado\u2013Liberty","lga":"Ibadan South West"},"geometry":{"type":"Polygon","coordinates":[[[3.86922,7.36988],[3.86765,7.37079],[3.86608,7.36988],[3.86607,7.36808],[3.86764,7.36717],[3.86921,7.36807],[3.86922,7.36988]]]}},{"type":"Feature","properties":{"minutes":10.38,"people":1387,"clinic_min":12.69,"school_min":8.06,"k_clinic":5,"k_school":5,"within_15":1,"off_street":0,"ward":"Oke Ado\u2013Liberty","lga":"Ibadan South West"},"geometry":{"type":"Polygon","coordinates":[[[3.87235,7.36987],[3.87079,7.37078],[3.86922,7.36988],[3.86921,7.36807],[3.87078,7.36716],[3.87235,7.36806],[3.87235,7.36987]]]}},{"type":"Feature","properties":{"minutes":6.41,"people":1069,"clinic_min":7.2,"school_min":5.63,"k_clinic":5,"k_school":5,"within_15":1,"off_street":0,"ward":"Oke Ado\u2013Liberty","lga":"Ibadan South West"},"geometry":{"type":"Polygon","coordinates":[[[3.87549,7.36987],[3.87392,7.37077],[3.87235,7.36987],[3.87235,7.36806],[3.87392,7.36716],[3.87549,7.36806],[3.87549,7.36987]]]}},{"type":"Feature","properties":{"minutes":3.07,"people":1361,"clinic_min":4.12,"school_min":2.01,"k_clinic":5,"k_school":5,"within_15":1,"off_street":0,"ward":"Oke Ado\u2013Liberty","lga":"Ibadan South West"},"geometry":{"type":"Polygon","coordinates":[[[3.87863,7.36986],[3.87706,7.37077],[3.87549,7.36987],[3.87549,7.36806],[3.87706,7.36715],[3.87863,7.36805],[3.87863,7.36986]]]}},{"type":"Feature","properties":{"minutes":8.49,"people":469,"clinic_min":7.82,"school_min":9.16,"k_clinic":5,"k_school":5,"within_15":1,"off_street":0,"ward":"Oke Ado\u2013Liberty","lga":"Ibadan South West"},"geometry":{"type":"Polygon","coordinates":[[[3.88177,7.36985],[3.8802,7.37076],[3.87863,7.36986],[3.87863,7.36805],[3.88019,7.36714],[3.88177,7.36805],[3.88177,7.36985]]]}},{"type":"Feature","properties":{"minutes":4.51,"people":1198,"clinic_min":2.97,"school_min":6.05,"k_clinic":5,"k_school":5,"within_15":1,"off_street":0,"ward":"Oke Ado\u2013Liberty","lga":"Ibadan South West"},"geometry":{"type":"Polygon","coordinates":[[[3.88491,7.36985],[3.88334,7.37076],[3.88177,7.36985],[3.88177,7.36805],[3.88333,7.36714],[3.8849,7.36804],[3.88491,7.36985]]]}},{"type":"Feature","properties":{"minutes":9.31,"people":1701,"clinic_min":9.46,"school_min":9.15,"k_clinic":5,"k_school":5,"within_15":1,"off_street":0,"ward":"Oke Ado\u2013Liberty","lga":"Ibadan South West"},"geometry":{"type":"Polygon","coordinates":[[[3.88805,7.36984],[3.88648,7.37075],[3.88491,7.36985],[3.8849,7.36804],[3.88647,7.36713],[3.88804,7.36803],[3.88805,7.36984]]]}},{"type":"Feature","properties":{"minutes":6.6,"people":2002,"clinic_min":7.89,"school_min":5.31,"k_clinic":5,"k_school":5,"within_15":1,"off_street":0,"ward":"Ita Aregbeomo","lga":"Ibadan South West"},"geometry":{"type":"Polygon","coordinates":[[[3.89118,7.36984],[3.88962,7.37074],[3.88805,7.36984],[3.88804,7.36803],[3.88961,7.36713],[3.89118,7.36803],[3.89118,7.36984]]]}},{"type":"Feature","properties":{"minutes":4.72,"people":2221,"clinic_min":5.62,"school_min":3.81,"k_clinic":5,"k_school":5,"within_15":1,"off_street":0,"ward":"Isale Osi\u2013Oja'ba","lga":"Ibadan South West"},"geometry":{"type":"Polygon","coordinates":[[[3.89432,7.36983],[3.89276,7.37074],[3.89118,7.36984],[3.89118,7.36803],[3.89275,7.36712],[3.89432,7.36802],[3.89432,7.36983]]]}},{"type":"Feature","properties":{"minutes":9.19,"people":2419,"clinic_min":6.88,"school_min":11.51,"k_clinic":5,"k_school":5,"within_15":1,"off_street":0,"ward":"Oja'ba","lga":"Ibadan South East"},"geometry":{"type":"Polygon","coordinates":[[[3.89746,7.36982],[3.89589,7.37073],[3.89432,7.36983],[3.89432,7.36802],[3.89589,7.36711],[3.89746,7.36801],[3.89746,7.36982]]]}},{"type":"Feature","properties":{"minutes":6.84,"people":1622,"clinic_min":4.98,"school_min":8.71,"k_clinic":5,"k_school":5,"within_15":1,"off_street":0,"ward":"Kobomoje","lga":"Ibadan South East"},"geometry":{"type":"Polygon","coordinates":[[[3.9006,7.36982],[3.89903,7.37072],[3.89746,7.36982],[3.89746,7.36801],[3.89903,7.36711],[3.9006,7.36801],[3.9006,7.36982]]]}},{"type":"Feature","properties":{"minutes":7.91,"people":1683,"clinic_min":6.69,"school_min":9.12,"k_clinic":5,"k_school":5,"within_15":1,"off_street":1,"ward":"Ita-Ege","lga":"Ibadan South East"},"geometry":{"type":"Polygon","coordinates":[[[3.90374,7.36981],[3.90217,7.37072],[3.9006,7.36982],[3.9006,7.36801],[3.90216,7.3671],[3.90374,7.368],[3.90374,7.36981]]]}},{"type":"Feature","properties":{"minutes":6.28,"people":2043,"clinic_min":5.39,"school_min":7.17,"k_clinic":5,"k_school":5,"within_15":1,"off_street":0,"ward":"Asanike","lga":"Ibadan South East"},"geometry":{"type":"Polygon","coordinates":[[[3.90688,7.3698],[3.90531,7.37071],[3.90374,7.36981],[3.90374,7.368],[3.9053,7.36709],[3.90687,7.368],[3.90688,7.3698]]]}},{"type":"Feature","properties":{"minutes":5.89,"people":2392,"clinic_min":5.59,"school_min":6.19,"k_clinic":5,"k_school":5,"within_15":1,"off_street":0,"ward":"Asanike","lga":"Ibadan South East"},"geometry":{"type":"Polygon","coordinates":[[[3.91002,7.3698],[3.90845,7.37071],[3.90688,7.3698],[3.90687,7.368],[3.90844,7.36709],[3.91001,7.36799],[3.91002,7.3698]]]}},{"type":"Feature","properties":{"minutes":5.29,"people":1088,"clinic_min":6.03,"school_min":4.55,"k_clinic":5,"k_school":5,"within_15":1,"off_street":0,"ward":"Asanike","lga":"Ibadan South East"},"geometry":{"type":"Polygon","coordinates":[[[3.91315,7.36979],[3.91159,7.3707],[3.91002,7.3698],[3.91001,7.36799],[3.91158,7.36708],[3.91315,7.36798],[3.91315,7.36979]]]}},{"type":"Feature","properties":{"minutes":5.5,"people":2028,"clinic_min":5.61,"school_min":5.38,"k_clinic":5,"k_school":5,"within_15":1,"off_street":0,"ward":"Asanike","lga":"Ibadan South East"},"geometry":{"type":"Polygon","coordinates":[[[3.91629,7.36978],[3.91473,7.37069],[3.91315,7.36979],[3.91315,7.36798],[3.91472,7.36707],[3.91629,7.36798],[3.91629,7.36978]]]}},{"type":"Feature","properties":{"minutes":5.61,"people":1086,"clinic_min":6.83,"school_min":4.38,"k_clinic":5,"k_school":5,"within_15":1,"off_street":0,"ward":"Asanike","lga":"Ibadan South East"},"geometry":{"type":"Polygon","coordinates":[[[3.91943,7.36978],[3.91786,7.37069],[3.91629,7.36978],[3.91629,7.36798],[3.91786,7.36707],[3.91943,7.36797],[3.91943,7.36978]]]}},{"type":"Feature","properties":{"minutes":10.52,"people":2053,"clinic_min":11.35,"school_min":9.68,"k_clinic":5,"k_school":5,"within_15":1,"off_street":0,"ward":"Aperin","lga":"Ibadan North East"},"geometry":{"type":"Polygon","coordinates":[[[3.92257,7.36977],[3.921,7.37068],[3.91943,7.36978],[3.91943,7.36797],[3.92099,7.36706],[3.92257,7.36796],[3.92257,7.36977]]]}},{"type":"Feature","properties":{"minutes":11.95,"people":2187,"clinic_min":9.13,"school_min":14.76,"k_clinic":5,"k_school":5,"within_15":1,"off_street":0,"ward":"Aperin","lga":"Ibadan North East"},"geometry":{"type":"Polygon","coordinates":[[[3.92571,7.36977],[3.92414,7.37067],[3.92257,7.36977],[3.92257,7.36796],[3.92413,7.36706],[3.9257,7.36796],[3.92571,7.36977]]]}},{"type":"Feature","properties":{"minutes":15.66,"people":1791,"clinic_min":12.06,"school_min":19.25,"k_clinic":5,"k_school":5,"within_15":0,"off_street":0,"ward":"Aperin","lga":"Ibadan North East"},"geometry":{"type":"Polygon","coordinates":[[[3.92885,7.36976],[3.92728,7.37067],[3.92571,7.36977],[3.9257,7.36796],[3.92727,7.36705],[3.92884,7.36795],[3.92885,7.36976]]]}},{"type":"Feature","properties":{"minutes":4.82,"people":1475,"clinic_min":5.59,"school_min":4.05,"k_clinic":5,"k_school":5,"within_15":1,"off_street":0,"ward":"Aperin","lga":"Ibadan North East"},"geometry":{"type":"Polygon","coordinates":[[[3.93198,7.36975],[3.93042,7.37066],[3.92885,7.36976],[3.92884,7.36795],[3.93041,7.36704],[3.93198,7.36794],[3.93198,7.36975]]]}},{"type":"Feature","properties":{"minutes":3.77,"people":1729,"clinic_min":4.19,"school_min":3.36,"k_clinic":5,"k_school":5,"within_15":1,"off_street":0,"ward":"Aperin","lga":"Ibadan North East"},"geometry":{"type":"Polygon","coordinates":[[[3.93512,7.36975],[3.93356,7.37065],[3.93198,7.36975],[3.93198,7.36794],[3.93355,7.36704],[3.93512,7.36794],[3.93512,7.36975]]]}},{"type":"Feature","properties":{"minutes":5.92,"people":1062,"clinic_min":6.16,"school_min":5.68,"k_clinic":5,"k_school":5,"within_15":1,"off_street":0,"ward":"Aperin","lga":"Ibadan North East"},"geometry":{"type":"Polygon","coordinates":[[[3.93826,7.36974],[3.93669,7.37065],[3.93512,7.36975],[3.93512,7.36794],[3.93669,7.36703],[3.93826,7.36793],[3.93826,7.36974]]]}},{"type":"Feature","properties":{"minutes":22.4,"people":612,"clinic_min":22.85,"school_min":21.94,"k_clinic":5,"k_school":5,"within_15":0,"off_street":0,"ward":"Apata\u2013Odo Ona","lga":"Ibadan South West"},"geometry":{"type":"Polygon","coordinates":[[[3.84254,7.37264],[3.84098,7.37355],[3.8394,7.37265],[3.8394,7.37084],[3.84097,7.36993],[3.84254,7.37083],[3.84254,7.37264]]]}},{"type":"Feature","properties":{"minutes":20.04,"people":665,"clinic_min":20.09,"school_min":19.99,"k_clinic":5,"k_school":5,"within_15":0,"off_street":0,"ward":"Oritamerin (SW)","lga":"Ibadan South West"},"geometry":{"type":"Polygon","coordinates":[[[3.84568,7.37264],[3.84411,7.37354],[3.84254,7.37264],[3.84254,7.37083],[3.84411,7.36993],[3.84568,7.37083],[3.84568,7.37264]]]}},{"type":"Feature","properties":{"minutes":19.09,"people":348,"clinic_min":18.82,"school_min":19.37,"k_clinic":5,"k_school":5,"within_15":0,"off_street":0,"ward":"Apata\u2013Odo Ona","lga":"Ibadan South West"},"geometry":{"type":"Polygon","coordinates":[[[3.84882,7.37263],[3.84725,7.37354],[3.84568,7.37264],[3.84568,7.37083],[3.84725,7.36992],[3.84882,7.37082],[3.84882,7.37263]]]}},{"type":"Feature","properties":{"minutes":7.12,"people":887,"clinic_min":7.72,"school_min":6.53,"k_clinic":5,"k_school":5,"within_15":1,"off_street":0,"ward":"Apata\u2013Odo Ona","lga":"Ibadan South West"},"geometry":{"type":"Polygon","coordinates":[[[3.85196,7.37263],[3.85039,7.37353],[3.84882,7.37263],[3.84882,7.37082],[3.85038,7.36992],[3.85196,7.37082],[3.85196,7.37263]]]}},{"type":"Feature","properties":{"minutes":9.37,"people":976,"clinic_min":9.68,"school_min":9.06,"k_clinic":5,"k_school":5,"within_15":1,"off_street":0,"ward":"Apata\u2013Odo Ona","lga":"Ibadan South West"},"geometry":{"type":"Polygon","coordinates":[[[3.8551,7.37262],[3.85353,7.37353],[3.85196,7.37263],[3.85196,7.37082],[3.85352,7.36991],[3.85509,7.37081],[3.8551,7.37262]]]}},{"type":"Feature","properties":{"minutes":10.38,"people":643,"clinic_min":9.25,"school_min":11.51,"k_clinic":5,"k_school":5,"within_15":1,"off_street":0,"ward":"Ring Road\u2013Challenge\u2013Oluyole","lga":"Ibadan South West"},"geometry":{"type":"Polygon","coordinates":[[[3.85824,7.37261],[3.85667,7.37352],[3.8551,7.37262],[3.85509,7.37081],[3.85666,7.3699],[3.85823,7.3708],[3.85824,7.37261]]]}},{"type":"Feature","properties":{"minutes":9.38,"people":583,"clinic_min":5.91,"school_min":12.85,"k_clinic":5,"k_school":5,"within_15":1,"off_street":0,"ward":"Alesinloye","lga":"Ibadan South West"},"geometry":{"type":"Polygon","coordinates":[[[3.86137,7.37261],[3.85981,7.37352],[3.85824,7.37261],[3.85823,7.3708],[3.8598,7.3699],[3.86137,7.3708],[3.86137,7.37261]]]}},{"type":"Feature","properties":{"minutes":12.64,"people":743,"clinic_min":10.09,"school_min":15.19,"k_clinic":5,"k_school":5,"within_15":1,"off_street":0,"ward":"Alesinloye","lga":"Ibadan South West"},"geometry":{"type":"Polygon","coordinates":[[[3.86451,7.3726],[3.86295,7.37351],[3.86137,7.37261],[3.86137,7.3708],[3.86294,7.36989],[3.86451,7.37079],[3.86451,7.3726]]]}},{"type":"Feature","properties":{"minutes":9.91,"people":656,"clinic_min":11.18,"school_min":8.64,"k_clinic":5,"k_school":5,"within_15":1,"off_street":0,"ward":"Alesinloye","lga":"Ibadan South West"},"geometry":{"type":"Polygon","coordinates":[[[3.86765,7.3726],[3.86608,7.3735],[3.86451,7.3726],[3.86451,7.37079],[3.86608,7.36988],[3.86765,7.37079],[3.86765,7.3726]]]}},{"type":"Feature","properties":{"minutes":18.03,"people":850,"clinic_min":17.64,"school_min":18.42,"k_clinic":5,"k_school":5,"within_15":0,"off_street":0,"ward":"Alesinloye","lga":"Ibadan South West"},"geometry":{"type":"Polygon","coordinates":[[[3.87079,7.37259],[3.86922,7.3735],[3.86765,7.3726],[3.86765,7.37079],[3.86922,7.36988],[3.87079,7.37078],[3.87079,7.37259]]]}},{"type":"Feature","properties":{"minutes":5.95,"people":1026,"clinic_min":8.6,"school_min":3.3,"k_clinic":5,"k_school":5,"within_15":1,"off_street":0,"ward":"Oke Ado\u2013Liberty","lga":"Ibadan South West"},"geometry":{"type":"Polygon","coordinates":[[[3.87393,7.37258],[3.87236,7.37349],[3.87079,7.37259],[3.87079,7.37078],[3.87235,7.36987],[3.87392,7.37077],[3.87393,7.37258]]]}},{"type":"Feature","properties":{"minutes":7.2,"people":1901,"clinic_min":8.91,"school_min":5.48,"k_clinic":5,"k_school":5,"within_15":1,"off_street":0,"ward":"Oke Ado\u2013Liberty","lga":"Ibadan South West"},"geometry":{"type":"Polygon","coordinates":[[[3.87707,7.37258],[3.8755,7.37348],[3.87393,7.37258],[3.87392,7.37077],[3.87549,7.36987],[3.87706,7.37077],[3.87707,7.37258]]]}},{"type":"Feature","properties":{"minutes":3.33,"people":2006,"clinic_min":3.32,"school_min":3.33,"k_clinic":5,"k_school":5,"within_15":1,"off_street":0,"ward":"Oke Ado\u2013Liberty","lga":"Ibadan South West"},"geometry":{"type":"Polygon","coordinates":[[[3.88021,7.37257],[3.87864,7.37348],[3.87707,7.37258],[3.87706,7.37077],[3.87863,7.36986],[3.8802,7.37076],[3.88021,7.37257]]]}},{"type":"Feature","properties":{"minutes":3.68,"people":1601,"clinic_min":3.81,"school_min":3.55,"k_clinic":5,"k_school":5,"within_15":1,"off_street":0,"ward":"Foko\u2013Ologede","lga":"Ibadan South West"},"geometry":{"type":"Polygon","coordinates":[[[3.88334,7.37256],[3.88178,7.37347],[3.88021,7.37257],[3.8802,7.37076],[3.88177,7.36985],[3.88334,7.37076],[3.88334,7.37256]]]}},{"type":"Feature","properties":{"minutes":4.22,"people":1867,"clinic_min":5.89,"school_min":2.54,"k_clinic":5,"k_school":5,"within_15":1,"off_street":0,"ward":"Oke Ado\u2013Liberty","lga":"Ibadan South West"},"geometry":{"type":"Polygon","coordinates":[[[3.88648,7.37256],[3.88492,7.37347],[3.88334,7.37256],[3.88334,7.37076],[3.88491,7.36985],[3.88648,7.37075],[3.88648,7.37256]]]}},{"type":"Feature","properties":{"minutes":5.89,"people":2250,"clinic_min":8.96,"school_min":2.82,"k_clinic":5,"k_school":5,"within_15":1,"off_street":0,"ward":"Oke Ado\u2013Liberty","lga":"Ibadan South West"},"geometry":{"type":"Polygon","coordinates":[[[3.88962,7.37255],[3.88805,7.37346],[3.88648,7.37256],[3.88648,7.37075],[3.88805,7.36984],[3.88962,7.37074],[3.88962,7.37255]]]}},{"type":"Feature","properties":{"minutes":7.88,"people":2295,"clinic_min":7.07,"school_min":8.7,"k_clinic":5,"k_school":5,"within_15":1,"off_street":0,"ward":"Isale Osi\u2013Oja'ba","lga":"Ibadan South West"},"geometry":{"type":"Polygon","coordinates":[[[3.89276,7.37255],[3.89119,7.37345],[3.88962,7.37255],[3.88962,7.37074],[3.89118,7.36984],[3.89276,7.37074],[3.89276,7.37255]]]}},{"type":"Feature","properties":{"minutes":7.3,"people":2495,"clinic_min":4.86,"school_min":9.75,"k_clinic":5,"k_school":5,"within_15":1,"off_street":0,"ward":"Isale Osi\u2013Oja'ba","lga":"Ibadan South West"},"geometry":{"type":"Polygon","coordinates":[[[3.8959,7.37254],[3.89433,7.37345],[3.89276,7.37255],[3.89276,7.37074],[3.89432,7.36983],[3.89589,7.37073],[3.8959,7.37254]]]}},{"type":"Feature","properties":{"minutes":7.53,"people":2179,"clinic_min":5.16,"school_min":9.9,"k_clinic":5,"k_school":5,"within_15":1,"off_street":0,"ward":"Oja'ba","lga":"Ibadan South East"},"geometry":{"type":"Polygon","coordinates":[[[3.89904,7.37253],[3.89747,7.37344],[3.8959,7.37254],[3.89589,7.37073],[3.89746,7.36982],[3.89903,7.37072],[3.89904,7.37253]]]}},{"type":"Feature","properties":{"minutes":5.78,"people":1733,"clinic_min":4.97,"school_min":6.59,"k_clinic":5,"k_school":5,"within_15":1,"off_street":0,"ward":"Oranyan (SE)","lga":"Ibadan South East"},"geometry":{"type":"Polygon","coordinates":[[[3.90217,7.37253],[3.90061,7.37343],[3.89904,7.37253],[3.89903,7.37072],[3.9006,7.36982],[3.90217,7.37072],[3.90217,7.37253]]]}},{"type":"Feature","properties":{"minutes":4.41,"people":1811,"clinic_min":3.8,"school_min":5.02,"k_clinic":5,"k_school":5,"within_15":1,"off_street":0,"ward":"Ita-Ege","lga":"Ibadan South East"},"geometry":{"type":"Polygon","coordinates":[[[3.90531,7.37252],[3.90375,7.37343],[3.90217,7.37253],[3.90217,7.37072],[3.90374,7.36981],[3.90531,7.37071],[3.90531,7.37252]]]}},{"type":"Feature","properties":{"minutes":10.0,"people":1957,"clinic_min":9.73,"school_min":10.27,"k_clinic":5,"k_school":5,"within_15":1,"off_street":0,"ward":"Asanike","lga":"Ibadan South East"},"geometry":{"type":"Polygon","coordinates":[[[3.90845,7.37251],[3.90688,7.37342],[3.90531,7.37252],[3.90531,7.37071],[3.90688,7.3698],[3.90845,7.37071],[3.90845,7.37251]]]}},{"type":"Feature","properties":{"minutes":8.33,"people":1567,"clinic_min":9.54,"school_min":7.12,"k_clinic":5,"k_school":5,"within_15":1,"off_street":0,"ward":"Asanike","lga":"Ibadan South East"},"geometry":{"type":"Polygon","coordinates":[[[3.91159,7.37251],[3.91002,7.37342],[3.90845,7.37251],[3.90845,7.37071],[3.91002,7.3698],[3.91159,7.3707],[3.91159,7.37251]]]}},{"type":"Feature","properties":{"minutes":6.16,"people":1298,"clinic_min":8.32,"school_min":4.0,"k_clinic":5,"k_school":5,"within_15":1,"off_street":0,"ward":"Oja Gbo","lga":"Ibadan North East"},"geometry":{"type":"Polygon","coordinates":[[[3.91473,7.3725],[3.91316,7.37341],[3.91159,7.37251],[3.91159,7.3707],[3.91315,7.36979],[3.91473,7.37069],[3.91473,7.3725]]]}},{"type":"Feature","properties":{"minutes":5.59,"people":1578,"clinic_min":6.47,"school_min":4.72,"k_clinic":5,"k_school":5,"within_15":1,"off_street":0,"ward":"Oja Gbo","lga":"Ibadan North East"},"geometry":{"type":"Polygon","coordinates":[[[3.91787,7.3725],[3.9163,7.3734],[3.91473,7.3725],[3.91473,7.37069],[3.91629,7.36978],[3.91786,7.37069],[3.91787,7.3725]]]}},{"type":"Feature","properties":{"minutes":5.82,"people":1105,"clinic_min":6.76,"school_min":4.87,"k_clinic":5,"k_school":5,"within_15":1,"off_street":0,"ward":"Aperin","lga":"Ibadan North East"},"geometry":{"type":"Polygon","coordinates":[[[3.92101,7.37249],[3.91944,7.3734],[3.91787,7.3725],[3.91786,7.37069],[3.91943,7.36978],[3.921,7.37068],[3.92101,7.37249]]]}},{"type":"Feature","properties":{"minutes":8.99,"people":2502,"clinic_min":9.83,"school_min":8.16,"k_clinic":5,"k_school":5,"within_15":1,"off_street":0,"ward":"Aperin","lga":"Ibadan North East"},"geometry":{"type":"Polygon","coordinates":[[[3.92414,7.37248],[3.92258,7.37339],[3.92101,7.37249],[3.921,7.37068],[3.92257,7.36977],[3.92414,7.37067],[3.92414,7.37248]]]}},{"type":"Feature","properties":{"minutes":13.46,"people":1956,"clinic_min":10.95,"school_min":15.96,"k_clinic":5,"k_school":5,"within_15":1,"off_street":0,"ward":"Aperin","lga":"Ibadan North East"},"geometry":{"type":"Polygon","coordinates":[[[3.92728,7.37248],[3.92572,7.37338],[3.92414,7.37248],[3.92414,7.37067],[3.92571,7.36977],[3.92728,7.37067],[3.92728,7.37248]]]}},{"type":"Feature","properties":{"minutes":9.81,"people":1831,"clinic_min":11.07,"school_min":8.56,"k_clinic":5,"k_school":5,"within_15":1,"off_street":0,"ward":"Aperin","lga":"Ibadan North East"},"geometry":{"type":"Polygon","coordinates":[[[3.93042,7.37247],[3.92885,7.37338],[3.92728,7.37248],[3.92728,7.37067],[3.92885,7.36976],[3.93042,7.37066],[3.93042,7.37247]]]}},{"type":"Feature","properties":{"minutes":4.94,"people":1347,"clinic_min":5.56,"school_min":4.33,"k_clinic":5,"k_school":5,"within_15":1,"off_street":0,"ward":"Aperin","lga":"Ibadan North East"},"geometry":{"type":"Polygon","coordinates":[[[3.93356,7.37246],[3.93199,7.37337],[3.93042,7.37247],[3.93042,7.37066],[3.93198,7.36975],[3.93356,7.37065],[3.93356,7.37246]]]}},{"type":"Feature","properties":{"minutes":4.91,"people":1797,"clinic_min":4.29,"school_min":5.53,"k_clinic":5,"k_school":5,"within_15":1,"off_street":0,"ward":"Aperin","lga":"Ibadan North East"},"geometry":{"type":"Polygon","coordinates":[[[3.9367,7.37246],[3.93513,7.37336],[3.93356,7.37246],[3.93356,7.37065],[3.93512,7.36975],[3.93669,7.37065],[3.9367,7.37246]]]}},{"type":"Feature","properties":{"minutes":30.46,"people":145,"clinic_min":30.72,"school_min":30.21,"k_clinic":5,"k_school":5,"within_15":0,"off_street":0,"ward":"Apata\u2013Odo Ona","lga":"Ibadan South West"},"geometry":{"type":"Polygon","coordinates":[[[3.84098,7.37536],[3.83941,7.37627],[3.83784,7.37537],[3.83784,7.37356],[3.8394,7.37265],[3.84098,7.37355],[3.84098,7.37536]]]}},{"type":"Feature","properties":{"minutes":25.88,"people":332,"clinic_min":26.35,"school_min":25.4,"k_clinic":5,"k_school":5,"within_15":0,"off_street":0,"ward":"Apata\u2013Odo Ona","lga":"Ibadan South West"},"geometry":{"type":"Polygon","coordinates":[[[3.84412,7.37535],[3.84255,7.37626],[3.84098,7.37536],[3.84098,7.37355],[3.84254,7.37264],[3.84411,7.37354],[3.84412,7.37535]]]}},{"type":"Feature","properties":{"minutes":21.55,"people":265,"clinic_min":22.02,"school_min":21.07,"k_clinic":5,"k_school":5,"within_15":0,"off_street":0,"ward":"Apata\u2013Odo Ona","lga":"Ibadan South West"},"geometry":{"type":"Polygon","coordinates":[[[3.84726,7.37535],[3.84569,7.37626],[3.84412,7.37535],[3.84411,7.37354],[3.84568,7.37264],[3.84725,7.37354],[3.84726,7.37535]]]}},{"type":"Feature","properties":{"minutes":8.86,"people":267,"clinic_min":8.66,"school_min":9.06,"k_clinic":5,"k_school":5,"within_15":1,"off_street":0,"ward":"Apata\u2013Odo Ona","lga":"Ibadan South West"},"geometry":{"type":"Polygon","coordinates":[[[3.85039,7.37534],[3.84883,7.37625],[3.84726,7.37535],[3.84725,7.37354],[3.84882,7.37263],[3.85039,7.37353],[3.85039,7.37534]]]}},{"type":"Feature","properties":{"minutes":7.98,"people":1218,"clinic_min":6.92,"school_min":9.05,"k_clinic":5,"k_school":5,"within_15":1,"off_street":0,"ward":"Apata\u2013Odo Ona","lga":"Ibadan South West"},"geometry":{"type":"Polygon","coordinates":[[[3.85353,7.37534],[3.85197,7.37624],[3.85039,7.37534],[3.85039,7.37353],[3.85196,7.37263],[3.85353,7.37353],[3.85353,7.37534]]]}},{"type":"Feature","properties":{"minutes":7.73,"people":992,"clinic_min":6.46,"school_min":9.0,"k_clinic":5,"k_school":5,"within_15":1,"off_street":0,"ward":"Apata\u2013Odo Ona","lga":"Ibadan South West"},"geometry":{"type":"Polygon","coordinates":[[[3.85667,7.37533],[3.8551,7.37624],[3.85353,7.37534],[3.85353,7.37353],[3.8551,7.37262],[3.85667,7.37352],[3.85667,7.37533]]]}},{"type":"Feature","properties":{"minutes":9.28,"people":637,"clinic_min":7.4,"school_min":11.16,"k_clinic":5,"k_school":5,"within_15":1,"off_street":0,"ward":"Ring Road\u2013Challenge\u2013Oluyole","lga":"Ibadan South West"},"geometry":{"type":"Polygon","coordinates":[[[3.85981,7.37532],[3.85824,7.37623],[3.85667,7.37533],[3.85667,7.37352],[3.85824,7.37261],[3.85981,7.37352],[3.85981,7.37532]]]}},{"type":"Feature","properties":{"minutes":10.8,"people":501,"clinic_min":7.16,"school_min":14.44,"k_clinic":5,"k_school":5,"within_15":1,"off_street":0,"ward":"Ring Road\u2013Challenge\u2013Oluyole","lga":"Ibadan South West"},"geometry":{"type":"Polygon","coordinates":[[[3.86295,7.37532],[3.86138,7.37623],[3.85981,7.37532],[3.85981,7.37352],[3.86137,7.37261],[3.86295,7.37351],[3.86295,7.37532]]]}},{"type":"Feature","properties":{"minutes":12.64,"people":746,"clinic_min":10.34,"school_min":14.93,"k_clinic":5,"k_school":5,"within_15":1,"off_street":0,"ward":"Alesinloye","lga":"Ibadan South West"},"geometry":{"type":"Polygon","coordinates":[[[3.86609,7.37531],[3.86452,7.37622],[3.86295,7.37532],[3.86295,7.37351],[3.86451,7.3726],[3.86608,7.3735],[3.86609,7.37531]]]}},{"type":"Feature","properties":{"minutes":13.07,"people":541,"clinic_min":13.01,"school_min":13.12,"k_clinic":5,"k_school":5,"within_15":1,"off_street":0,"ward":"Alesinloye","lga":"Ibadan South West"},"geometry":{"type":"Polygon","coordinates":[[[3.86923,7.37531],[3.86766,7.37621],[3.86609,7.37531],[3.86608,7.3735],[3.86765,7.3726],[3.86922,7.3735],[3.86923,7.37531]]]}},{"type":"Feature","properties":{"minutes":18.49,"people":540,"clinic_min":18.09,"school_min":18.88,"k_clinic":5,"k_school":5,"within_15":0,"off_street":0,"ward":"Alesinloye","lga":"Ibadan South West"},"geometry":{"type":"Polygon","coordinates":[[[3.87236,7.3753],[3.8708,7.37621],[3.86923,7.37531],[3.86922,7.3735],[3.87079,7.37259],[3.87236,7.37349],[3.87236,7.3753]]]}},{"type":"Feature","properties":{"minutes":4.22,"people":549,"clinic_min":5.6,"school_min":2.84,"k_clinic":5,"k_school":5,"within_15":1,"off_street":0,"ward":"Alesinloye","lga":"Ibadan South West"},"geometry":{"type":"Polygon","coordinates":[[[3.8755,7.37529],[3.87394,7.3762],[3.87236,7.3753],[3.87236,7.37349],[3.87393,7.37258],[3.8755,7.37348],[3.8755,7.37529]]]}},{"type":"Feature","properties":{"minutes":4.58,"people":927,"clinic_min":4.27,"school_min":4.9,"k_clinic":5,"k_school":5,"within_15":1,"off_street":0,"ward":"Molete\u2013Oke Ado","lga":"Ibadan South West"},"geometry":{"type":"Polygon","coordinates":[[[3.87864,7.37529],[3.87707,7.37619],[3.8755,7.37529],[3.8755,7.37348],[3.87707,7.37258],[3.87864,7.37348],[3.87864,7.37529]]]}},{"type":"Feature","properties":{"minutes":6.86,"people":1828,"clinic_min":5.74,"school_min":7.97,"k_clinic":5,"k_school":5,"within_15":1,"off_street":0,"ward":"Foko\u2013Ologede","lga":"Ibadan South West"},"geometry":{"type":"Polygon","coordinates":[[[3.88178,7.37528],[3.88021,7.37619],[3.87864,7.37529],[3.87864,7.37348],[3.88021,7.37257],[3.88178,7.37347],[3.88178,7.37528]]]}},{"type":"Feature","properties":{"minutes":7.26,"people":2015,"clinic_min":7.33,"school_min":7.2,"k_clinic":5,"k_school":5,"within_15":1,"off_street":0,"ward":"Foko\u2013Ologede","lga":"Ibadan South West"},"geometry":{"type":"Polygon","coordinates":[[[3.88492,7.37527],[3.88335,7.37618],[3.88178,7.37528],[3.88178,7.37347],[3.88334,7.37256],[3.88492,7.37347],[3.88492,7.37527]]]}},{"type":"Feature","properties":{"minutes":5.28,"people":2106,"clinic_min":5.32,"school_min":5.23,"k_clinic":5,"k_school":5,"within_15":1,"off_street":0,"ward":"Foko\u2013Ologede","lga":"Ibadan South West"},"geometry":{"type":"Polygon","coordinates":[[[3.88806,7.37527],[3.88649,7.37618],[3.88492,7.37527],[3.88492,7.37347],[3.88648,7.37256],[3.88805,7.37346],[3.88806,7.37527]]]}},{"type":"Feature","properties":{"minutes":5.42,"people":2399,"clinic_min":3.73,"school_min":7.11,"k_clinic":5,"k_school":5,"within_15":1,"off_street":0,"ward":"Isale Osi\u2013Oja'ba","lga":"Ibadan South West"},"geometry":{"type":"Polygon","coordinates":[[[3.8912,7.37526],[3.88963,7.37617],[3.88806,7.37527],[3.88805,7.37346],[3.88962,7.37255],[3.89119,7.37345],[3.8912,7.37526]]]}},{"type":"Feature","properties":{"minutes":5.27,"people":2630,"clinic_min":3.94,"school_min":6.59,"k_clinic":5,"k_school":5,"within_15":1,"off_street":0,"ward":"Isale Osi\u2013Oja'ba","lga":"Ibadan South West"},"geometry":{"type":"Polygon","coordinates":[[[3.89433,7.37526],[3.89277,7.37616],[3.8912,7.37526],[3.89119,7.37345],[3.89276,7.37255],[3.89433,7.37345],[3.89433,7.37526]]]}},{"type":"Feature","properties":{"minutes":6.12,"people":2277,"clinic_min":3.62,"school_min":8.61,"k_clinic":5,"k_school":5,"within_15":1,"off_street":0,"ward":"Oja'ba","lga":"Ibadan South East"},"geometry":{"type":"Polygon","coordinates":[[[3.89747,7.37525],[3.89591,7.37616],[3.89433,7.37526],[3.89433,7.37345],[3.8959,7.37254],[3.89747,7.37344],[3.89747,7.37525]]]}},{"type":"Feature","properties":{"minutes":7.47,"people":1386,"clinic_min":6.15,"school_min":8.8,"k_clinic":5,"k_school":5,"within_15":1,"off_street":0,"ward":"Beere\u2013Mapo","lga":"Ibadan South East"},"geometry":{"type":"Polygon","coordinates":[[[3.90061,7.37524],[3.89904,7.37615],[3.89747,7.37525],[3.89747,7.37344],[3.89904,7.37253],[3.90061,7.37343],[3.90061,7.37524]]]}},{"type":"Feature","properties":{"minutes":4.6,"people":1985,"clinic_min":4.14,"school_min":5.07,"k_clinic":5,"k_school":5,"within_15":1,"off_street":0,"ward":"Oranyan (NE)","lga":"Ibadan North East"},"geometry":{"type":"Polygon","coordinates":[[[3.90375,7.37524],[3.90218,7.37614],[3.90061,7.37524],[3.90061,7.37343],[3.90217,7.37253],[3.90375,7.37343],[3.90375,7.37524]]]}},{"type":"Feature","properties":{"minutes":5.34,"people":2417,"clinic_min":4.04,"school_min":6.65,"k_clinic":5,"k_school":5,"within_15":1,"off_street":0,"ward":"Oja Gbo","lga":"Ibadan North East"},"geometry":{"type":"Polygon","coordinates":[[[3.90689,7.37523],[3.90532,7.37614],[3.90375,7.37524],[3.90375,7.37343],[3.90531,7.37252],[3.90688,7.37342],[3.90689,7.37523]]]}},{"type":"Feature","properties":{"minutes":5.47,"people":2169,"clinic_min":4.24,"school_min":6.7,"k_clinic":5,"k_school":5,"within_15":1,"off_street":0,"ward":"Oja Gbo","lga":"Ibadan North East"},"geometry":{"type":"Polygon","coordinates":[[[3.91003,7.37522],[3.90846,7.37613],[3.90689,7.37523],[3.90688,7.37342],[3.90845,7.37251],[3.91002,7.37342],[3.91003,7.37522]]]}},{"type":"Feature","properties":{"minutes":7.33,"people":1758,"clinic_min":7.54,"school_min":7.13,"k_clinic":5,"k_school":5,"within_15":1,"off_street":0,"ward":"Oja Gbo","lga":"Ibadan North East"},"geometry":{"type":"Polygon","coordinates":[[[3.91317,7.37522],[3.9116,7.37613],[3.91003,7.37522],[3.91002,7.37342],[3.91159,7.37251],[3.91316,7.37341],[3.91317,7.37522]]]}},{"type":"Feature","properties":{"minutes":4.74,"people":1821,"clinic_min":4.09,"school_min":5.39,"k_clinic":5,"k_school":5,"within_15":1,"off_street":0,"ward":"Oja Gbo","lga":"Ibadan North East"},"geometry":{"type":"Polygon","coordinates":[[[3.9163,7.37521],[3.91474,7.37612],[3.91317,7.37522],[3.91316,7.37341],[3.91473,7.3725],[3.9163,7.3734],[3.9163,7.37521]]]}},{"type":"Feature","properties":{"minutes":4.65,"people":1164,"clinic_min":3.99,"school_min":5.31,"k_clinic":5,"k_school":5,"within_15":1,"off_street":0,"ward":"Oja Gbo","lga":"Ibadan North East"},"geometry":{"type":"Polygon","coordinates":[[[3.91944,7.37521],[3.91787,7.37611],[3.9163,7.37521],[3.9163,7.3734],[3.91787,7.3725],[3.91944,7.3734],[3.91944,7.37521]]]}},{"type":"Feature","properties":{"minutes":7.22,"people":1865,"clinic_min":7.79,"school_min":6.66,"k_clinic":5,"k_school":5,"within_15":1,"off_street":0,"ward":"Aperin","lga":"Ibadan North East"},"geometry":{"type":"Polygon","coordinates":[[[3.92258,7.3752],[3.92101,7.37611],[3.91944,7.37521],[3.91944,7.3734],[3.92101,7.37249],[3.92258,7.37339],[3.92258,7.3752]]]}},{"type":"Feature","properties":{"minutes":8.74,"people":2275,"clinic_min":8.64,"school_min":8.85,"k_clinic":5,"k_school":5,"within_15":1,"off_street":0,"ward":"Aperin","lga":"Ibadan North East"},"geometry":{"type":"Polygon","coordinates":[[[3.92572,7.37519],[3.92415,7.3761],[3.92258,7.3752],[3.92258,7.37339],[3.92414,7.37248],[3.92572,7.37338],[3.92572,7.37519]]]}},{"type":"Feature","properties":{"minutes":12.19,"people":1932,"clinic_min":12.95,"school_min":11.43,"k_clinic":5,"k_school":5,"within_15":1,"off_street":0,"ward":"Aperin","lga":"Ibadan North East"},"geometry":{"type":"Polygon","coordinates":[[[3.92886,7.37519],[3.92729,7.37609],[3.92572,7.37519],[3.92572,7.37338],[3.92728,7.37248],[3.92885,7.37338],[3.92886,7.37519]]]}},{"type":"Feature","properties":{"minutes":6.45,"people":1717,"clinic_min":4.99,"school_min":7.92,"k_clinic":5,"k_school":5,"within_15":1,"off_street":0,"ward":"Aperin","lga":"Ibadan North East"},"geometry":{"type":"Polygon","coordinates":[[[3.932,7.37518],[3.93043,7.37609],[3.92886,7.37519],[3.92885,7.37338],[3.93042,7.37247],[3.93199,7.37337],[3.932,7.37518]]]}},{"type":"Feature","properties":{"minutes":9.51,"people":2475,"clinic_min":8.89,"school_min":10.13,"k_clinic":5,"k_school":5,"within_15":1,"off_street":0,"ward":"Agugu","lga":"Ibadan North East"},"geometry":{"type":"Polygon","coordinates":[[[3.93513,7.37517],[3.93357,7.37608],[3.932,7.37518],[3.93199,7.37337],[3.93356,7.37246],[3.93513,7.37336],[3.93513,7.37517]]]}},{"type":"Feature","properties":{"minutes":11.29,"people":1493,"clinic_min":13.74,"school_min":8.84,"k_clinic":5,"k_school":5,"within_15":1,"off_street":0,"ward":"Agugu","lga":"Ibadan North East"},"geometry":{"type":"Polygon","coordinates":[[[3.93827,7.37517],[3.93671,7.37607],[3.93513,7.37517],[3.93513,7.37336],[3.9367,7.37246],[3.93827,7.37336],[3.93827,7.37517]]]}},{"type":"Feature","properties":{"minutes":26.86,"people":85,"clinic_min":27.5,"school_min":26.21,"k_clinic":5,"k_school":5,"within_15":0,"off_street":0,"ward":"Apata\u2013Odo Ona","lga":"Ibadan South West"},"geometry":{"type":"Polygon","coordinates":[[[3.84255,7.37807],[3.84099,7.37898],[3.83941,7.37808],[3.83941,7.37627],[3.84098,7.37536],[3.84255,7.37626],[3.84255,7.37807]]]}},{"type":"Feature","properties":{"minutes":23.72,"people":289,"clinic_min":24.36,"school_min":23.08,"k_clinic":5,"k_school":5,"within_15":0,"off_street":0,"ward":"Apata\u2013Odo Ona","lga":"Ibadan South West"},"geometry":{"type":"Polygon","coordinates":[[[3.84569,7.37806],[3.84412,7.37897],[3.84255,7.37807],[3.84255,7.37626],[3.84412,7.37535],[3.84569,7.37626],[3.84569,7.37806]]]}},{"type":"Feature","properties":{"minutes":24.82,"people":189,"clinic_min":25.45,"school_min":24.19,"k_clinic":5,"k_school":5,"within_15":0,"off_street":0,"ward":"Apata\u2013Odo Ona","lga":"Ibadan South West"},"geometry":{"type":"Polygon","coordinates":[[[3.84883,7.37806],[3.84726,7.37897],[3.84569,7.37806],[3.84569,7.37626],[3.84726,7.37535],[3.84883,7.37625],[3.84883,7.37806]]]}},{"type":"Feature","properties":{"minutes":12.06,"people":1029,"clinic_min":11.22,"school_min":12.91,"k_clinic":5,"k_school":5,"within_15":1,"off_street":0,"ward":"Apata\u2013Odo Ona","lga":"Ibadan South West"},"geometry":{"type":"Polygon","coordinates":[[[3.85197,7.37805],[3.8504,7.37896],[3.84883,7.37806],[3.84883,7.37625],[3.85039,7.37534],[3.85197,7.37624],[3.85197,7.37805]]]}},{"type":"Feature","properties":{"minutes":7.95,"people":1409,"clinic_min":6.27,"school_min":9.63,"k_clinic":5,"k_school":5,"within_15":1,"off_street":0,"ward":"Apata\u2013Odo Ona","lga":"Ibadan South West"},"geometry":{"type":"Polygon","coordinates":[[[3.85511,7.37805],[3.85354,7.37895],[3.85197,7.37805],[3.85197,7.37624],[3.85353,7.37534],[3.8551,7.37624],[3.85511,7.37805]]]}},{"type":"Feature","properties":{"minutes":10.31,"people":1213,"clinic_min":8.16,"school_min":12.46,"k_clinic":5,"k_school":5,"within_15":1,"off_street":0,"ward":"Apata\u2013Odo Ona","lga":"Ibadan South West"},"geometry":{"type":"Polygon","coordinates":[[[3.85825,7.37804],[3.85668,7.37895],[3.85511,7.37805],[3.8551,7.37624],[3.85667,7.37533],[3.85824,7.37623],[3.85825,7.37804]]]}},{"type":"Feature","properties":{"minutes":10.78,"people":372,"clinic_min":8.37,"school_min":13.19,"k_clinic":5,"k_school":5,"within_15":1,"off_street":0,"ward":"Ring Road\u2013Challenge\u2013Oluyole","lga":"Ibadan South West"},"geometry":{"type":"Polygon","coordinates":[[[3.86138,7.37803],[3.85982,7.37894],[3.85825,7.37804],[3.85824,7.37623],[3.85981,7.37532],[3.86138,7.37623],[3.86138,7.37803]]]}},{"type":"Feature","properties":{"minutes":17.62,"people":673,"clinic_min":14.56,"school_min":20.68,"k_clinic":5,"k_school":5,"within_15":0,"off_street":0,"ward":"Alesinloye","lga":"Ibadan South West"},"geometry":{"type":"Polygon","coordinates":[[[3.86452,7.37803],[3.86296,7.37894],[3.86138,7.37803],[3.86138,7.37623],[3.86295,7.37532],[3.86452,7.37622],[3.86452,7.37803]]]}},{"type":"Feature","properties":{"minutes":15.33,"people":758,"clinic_min":14.44,"school_min":16.22,"k_clinic":5,"k_school":5,"within_15":0,"off_street":0,"ward":"Alesinloye","lga":"Ibadan South West"},"geometry":{"type":"Polygon","coordinates":[[[3.86766,7.37802],[3.86609,7.37893],[3.86452,7.37803],[3.86452,7.37622],[3.86609,7.37531],[3.86766,7.37621],[3.86766,7.37802]]]}},{"type":"Feature","properties":{"minutes":12.07,"people":574,"clinic_min":14.44,"school_min":9.69,"k_clinic":5,"k_school":5,"within_15":1,"off_street":0,"ward":"Alesinloye","lga":"Ibadan South West"},"geometry":{"type":"Polygon","coordinates":[[[3.8708,7.37802],[3.86923,7.37892],[3.86766,7.37802],[3.86766,7.37621],[3.86923,7.37531],[3.8708,7.37621],[3.8708,7.37802]]]}},{"type":"Feature","properties":{"minutes":9.32,"people":421,"clinic_min":12.45,"school_min":6.2,"k_clinic":5,"k_school":5,"within_15":1,"off_street":0,"ward":"Molete\u2013Oke Ado","lga":"Ibadan South West"},"geometry":{"type":"Polygon","coordinates":[[[3.87394,7.37801],[3.87237,7.37892],[3.8708,7.37802],[3.8708,7.37621],[3.87236,7.3753],[3.87394,7.3762],[3.87394,7.37801]]]}},{"type":"Feature","properties":{"minutes":9.63,"people":569,"clinic_min":13.72,"school_min":5.54,"k_clinic":5,"k_school":5,"within_15":1,"off_street":0,"ward":"Molete\u2013Oke Ado","lga":"Ibadan South West"},"geometry":{"type":"Polygon","coordinates":[[[3.87708,7.378],[3.87551,7.37891],[3.87394,7.37801],[3.87394,7.3762],[3.8755,7.37529],[3.87707,7.37619],[3.87708,7.378]]]}},{"type":"Feature","properties":{"minutes":7.49,"people":964,"clinic_min":7.4,"school_min":7.58,"k_clinic":5,"k_school":5,"within_15":1,"off_street":0,"ward":"Molete\u2013Oke Ado","lga":"Ibadan South West"},"geometry":{"type":"Polygon","coordinates":[[[3.88022,7.378],[3.87865,7.37891],[3.87708,7.378],[3.87707,7.37619],[3.87864,7.37529],[3.88021,7.37619],[3.88022,7.378]]]}},{"type":"Feature","properties":{"minutes":5.64,"people":1344,"clinic_min":4.12,"school_min":7.16,"k_clinic":5,"k_school":5,"within_15":1,"off_street":0,"ward":"Foko\u2013Ologede","lga":"Ibadan South West"},"geometry":{"type":"Polygon","coordinates":[[[3.88335,7.37799],[3.88179,7.3789],[3.88022,7.378],[3.88021,7.37619],[3.88178,7.37528],[3.88335,7.37618],[3.88335,7.37799]]]}},{"type":"Feature","properties":{"minutes":6.18,"people":2102,"clinic_min":4.14,"school_min":8.21,"k_clinic":5,"k_school":5,"within_15":1,"off_street":0,"ward":"Foko\u2013Ologede","lga":"Ibadan South West"},"geometry":{"type":"Polygon","coordinates":[[[3.88649,7.37799],[3.88493,7.37889],[3.88335,7.37799],[3.88335,7.37618],[3.88492,7.37527],[3.88649,7.37618],[3.88649,7.37799]]]}},{"type":"Feature","properties":{"minutes":5.77,"people":2395,"clinic_min":5.43,"school_min":6.1,"k_clinic":5,"k_school":5,"within_15":1,"off_street":0,"ward":"Foko\u2013Ologede","lga":"Ibadan South West"},"geometry":{"type":"Polygon","coordinates":[[[3.88963,7.37798],[3.88806,7.37889],[3.88649,7.37799],[3.88649,7.37618],[3.88806,7.37527],[3.88963,7.37617],[3.88963,7.37798]]]}},{"type":"Feature","properties":{"minutes":3.93,"people":2825,"clinic_min":3.14,"school_min":4.72,"k_clinic":5,"k_school":5,"within_15":1,"off_street":0,"ward":"Foko\u2013Ologede","lga":"Ibadan South West"},"geometry":{"type":"Polygon","coordinates":[[[3.89277,7.37797],[3.8912,7.37888],[3.88963,7.37798],[3.88963,7.37617],[3.8912,7.37526],[3.89277,7.37616],[3.89277,7.37797]]]}},{"type":"Feature","properties":{"minutes":4.13,"people":2830,"clinic_min":2.91,"school_min":5.35,"k_clinic":5,"k_school":5,"within_15":1,"off_street":0,"ward":"Beere\u2013Mapo","lga":"Ibadan South East"},"geometry":{"type":"Polygon","coordinates":[[[3.89591,7.37797],[3.89434,7.37887],[3.89277,7.37797],[3.89277,7.37616],[3.89433,7.37526],[3.89591,7.37616],[3.89591,7.37797]]]}},{"type":"Feature","properties":{"minutes":6.23,"people":1733,"clinic_min":3.56,"school_min":8.89,"k_clinic":5,"k_school":5,"within_15":1,"off_street":0,"ward":"Beere\u2013Mapo","lga":"Ibadan South East"},"geometry":{"type":"Polygon","coordinates":[[[3.89905,7.37796],[3.89748,7.37887],[3.89591,7.37797],[3.89591,7.37616],[3.89747,7.37525],[3.89904,7.37615],[3.89905,7.37796]]]}},{"type":"Feature","properties":{"minutes":6.21,"people":1517,"clinic_min":4.6,"school_min":7.82,"k_clinic":5,"k_school":5,"within_15":1,"off_street":0,"ward":"Oranyan (NE)","lga":"Ibadan North East"},"geometry":{"type":"Polygon","coordinates":[[[3.90219,7.37795],[3.90062,7.37886],[3.89905,7.37796],[3.89904,7.37615],[3.90061,7.37524],[3.90218,7.37614],[3.90219,7.37795]]]}},{"type":"Feature","properties":{"minutes":6.66,"people":2209,"clinic_min":5.92,"school_min":7.41,"k_clinic":5,"k_school":5,"within_15":1,"off_street":0,"ward":"Oranyan (NE)","lga":"Ibadan North East"},"geometry":{"type":"Polygon","coordinates":[[[3.90532,7.37795],[3.90376,7.37886],[3.90219,7.37795],[3.90218,7.37614],[3.90375,7.37524],[3.90532,7.37614],[3.90532,7.37795]]]}},{"type":"Feature","properties":{"minutes":7.28,"people":2066,"clinic_min":5.68,"school_min":8.88,"k_clinic":5,"k_school":5,"within_15":1,"off_street":0,"ward":"Oja Gbo","lga":"Ibadan North East"},"geometry":{"type":"Polygon","coordinates":[[[3.90846,7.37794],[3.9069,7.37885],[3.90532,7.37795],[3.90532,7.37614],[3.90689,7.37523],[3.90846,7.37613],[3.90846,7.37794]]]}},{"type":"Feature","properties":{"minutes":6.84,"people":2286,"clinic_min":4.66,"school_min":9.02,"k_clinic":5,"k_school":5,"within_15":1,"off_street":0,"ward":"Oja Gbo","lga":"Ibadan North East"},"geometry":{"type":"Polygon","coordinates":[[[3.9116,7.37793],[3.91003,7.37884],[3.90846,7.37794],[3.90846,7.37613],[3.91003,7.37522],[3.9116,7.37613],[3.9116,7.37793]]]}},{"type":"Feature","properties":{"minutes":5.87,"people":2045,"clinic_min":3.03,"school_min":8.7,"k_clinic":5,"k_school":5,"within_15":1,"off_street":0,"ward":"Oja Gbo","lga":"Ibadan North East"},"geometry":{"type":"Polygon","coordinates":[[[3.91474,7.37793],[3.91317,7.37884],[3.9116,7.37793],[3.9116,7.37613],[3.91317,7.37522],[3.91474,7.37612],[3.91474,7.37793]]]}},{"type":"Feature","properties":{"minutes":5.45,"people":1522,"clinic_min":3.66,"school_min":7.24,"k_clinic":5,"k_school":5,"within_15":1,"off_street":0,"ward":"Oja Gbo","lga":"Ibadan North East"},"geometry":{"type":"Polygon","coordinates":[[[3.91788,7.37792],[3.91631,7.37883],[3.91474,7.37793],[3.91474,7.37612],[3.9163,7.37521],[3.91787,7.37611],[3.91788,7.37792]]]}},{"type":"Feature","properties":{"minutes":6.01,"people":1961,"clinic_min":6.46,"school_min":5.56,"k_clinic":5,"k_school":5,"within_15":1,"off_street":0,"ward":"Oja Gbo","lga":"Ibadan North East"},"geometry":{"type":"Polygon","coordinates":[[[3.92102,7.37792],[3.91945,7.37882],[3.91788,7.37792],[3.91787,7.37611],[3.91944,7.37521],[3.92101,7.37611],[3.92102,7.37792]]]}},{"type":"Feature","properties":{"minutes":10.1,"people":2196,"clinic_min":10.4,"school_min":9.8,"k_clinic":5,"k_school":5,"within_15":1,"off_street":0,"ward":"Agugu","lga":"Ibadan North East"},"geometry":{"type":"Polygon","coordinates":[[[3.92416,7.37791],[3.92259,7.37882],[3.92102,7.37792],[3.92101,7.37611],[3.92258,7.3752],[3.92415,7.3761],[3.92416,7.37791]]]}},{"type":"Feature","properties":{"minutes":8.58,"people":1130,"clinic_min":9.94,"school_min":7.22,"k_clinic":5,"k_school":5,"within_15":1,"off_street":0,"ward":"Agugu","lga":"Ibadan North East"},"geometry":{"type":"Polygon","coordinates":[[[3.92729,7.3779],[3.92573,7.37881],[3.92416,7.37791],[3.92415,7.3761],[3.92572,7.37519],[3.92729,7.37609],[3.92729,7.3779]]]}},{"type":"Feature","properties":{"minutes":8.59,"people":1818,"clinic_min":9.61,"school_min":7.58,"k_clinic":5,"k_school":5,"within_15":1,"off_street":0,"ward":"Agugu","lga":"Ibadan North East"},"geometry":{"type":"Polygon","coordinates":[[[3.93043,7.3779],[3.92887,7.3788],[3.92729,7.3779],[3.92729,7.37609],[3.92886,7.37519],[3.93043,7.37609],[3.93043,7.3779]]]}},{"type":"Feature","properties":{"minutes":6.62,"people":2024,"clinic_min":6.41,"school_min":6.83,"k_clinic":5,"k_school":5,"within_15":1,"off_street":0,"ward":"Agugu","lga":"Ibadan North East"},"geometry":{"type":"Polygon","coordinates":[[[3.93357,7.37789],[3.932,7.3788],[3.93043,7.3779],[3.93043,7.37609],[3.932,7.37518],[3.93357,7.37608],[3.93357,7.37789]]]}},{"type":"Feature","properties":{"minutes":5.34,"people":2111,"clinic_min":5.7,"school_min":4.98,"k_clinic":5,"k_school":5,"within_15":1,"off_street":0,"ward":"Agugu","lga":"Ibadan North East"},"geometry":{"type":"Polygon","coordinates":[[[3.93671,7.37788],[3.93514,7.37879],[3.93357,7.37789],[3.93357,7.37608],[3.93513,7.37517],[3.93671,7.37607],[3.93671,7.37788]]]}},{"type":"Feature","properties":{"minutes":15.41,"people":1120,"clinic_min":14.49,"school_min":16.33,"k_clinic":5,"k_school":5,"within_15":0,"off_street":0,"ward":"Apata\u2013Odo Ona","lga":"Ibadan South West"},"geometry":{"type":"Polygon","coordinates":[[[3.85041,7.38077],[3.84884,7.38168],[3.84727,7.38077],[3.84726,7.37897],[3.84883,7.37806],[3.8504,7.37896],[3.85041,7.38077]]]}},{"type":"Feature","properties":{"minutes":11.39,"people":1977,"clinic_min":10.04,"school_min":12.73,"k_clinic":5,"k_school":5,"within_15":1,"off_street":0,"ward":"Apata\u2013Odo Ona","lga":"Ibadan South West"},"geometry":{"type":"Polygon","coordinates":[[[3.85354,7.38076],[3.85198,7.38167],[3.85041,7.38077],[3.8504,7.37896],[3.85197,7.37805],[3.85354,7.37895],[3.85354,7.38076]]]}},{"type":"Feature","properties":{"minutes":11.29,"people":1413,"clinic_min":9.13,"school_min":13.46,"k_clinic":5,"k_school":5,"within_15":1,"off_street":0,"ward":"Alesinloye","lga":"Ibadan South West"},"geometry":{"type":"Polygon","coordinates":[[[3.85668,7.38076],[3.85511,7.38166],[3.85354,7.38076],[3.85354,7.37895],[3.85511,7.37805],[3.85668,7.37895],[3.85668,7.38076]]]}},{"type":"Feature","properties":{"minutes":14.89,"people":485,"clinic_min":13.56,"school_min":16.21,"k_clinic":5,"k_school":5,"within_15":1,"off_street":0,"ward":"Alesinloye","lga":"Ibadan South West"},"geometry":{"type":"Polygon","coordinates":[[[3.85982,7.38075],[3.85825,7.38166],[3.85668,7.38076],[3.85668,7.37895],[3.85825,7.37804],[3.85982,7.37894],[3.85982,7.38075]]]}},{"type":"Feature","properties":{"minutes":15.17,"people":539,"clinic_min":14.92,"school_min":15.42,"k_clinic":5,"k_school":5,"within_15":0,"off_street":0,"ward":"Alesinloye","lga":"Ibadan South West"},"geometry":{"type":"Polygon","coordinates":[[[3.86296,7.38074],[3.86139,7.38165],[3.85982,7.38075],[3.85982,7.37894],[3.86138,7.37803],[3.86296,7.37894],[3.86296,7.38074]]]}},{"type":"Feature","properties":{"minutes":14.69,"people":672,"clinic_min":15.09,"school_min":14.3,"k_clinic":5,"k_school":5,"within_15":1,"off_street":0,"ward":"Alesinloye","lga":"Ibadan South West"},"geometry":{"type":"Polygon","coordinates":[[[3.8661,7.38074],[3.86453,7.38165],[3.86296,7.38074],[3.86296,7.37894],[3.86452,7.37803],[3.86609,7.37893],[3.8661,7.38074]]]}},{"type":"Feature","properties":{"minutes":17.7,"people":672,"clinic_min":18.43,"school_min":16.96,"k_clinic":5,"k_school":5,"within_15":0,"off_street":0,"ward":"Alesinloye","lga":"Ibadan South West"},"geometry":{"type":"Polygon","coordinates":[[[3.86924,7.38073],[3.86767,7.38164],[3.8661,7.38074],[3.86609,7.37893],[3.86766,7.37802],[3.86923,7.37892],[3.86924,7.38073]]]}},{"type":"Feature","properties":{"minutes":11.57,"people":695,"clinic_min":12.75,"school_min":10.39,"k_clinic":5,"k_school":5,"within_15":1,"off_street":0,"ward":"Alesinloye","lga":"Ibadan South West"},"geometry":{"type":"Polygon","coordinates":[[[3.87238,7.38073],[3.87081,7.38163],[3.86924,7.38073],[3.86923,7.37892],[3.8708,7.37802],[3.87237,7.37892],[3.87238,7.38073]]]}},{"type":"Feature","properties":{"minutes":8.23,"people":513,"clinic_min":10.36,"school_min":6.1,"k_clinic":5,"k_school":5,"within_15":1,"off_street":0,"ward":"Molete\u2013Oke Ado","lga":"Ibadan South West"},"geometry":{"type":"Polygon","coordinates":[[[3.87551,7.38072],[3.87395,7.38163],[3.87238,7.38073],[3.87237,7.37892],[3.87394,7.37801],[3.87551,7.37891],[3.87551,7.38072]]]}},{"type":"Feature","properties":{"minutes":11.23,"people":488,"clinic_min":10.76,"school_min":11.7,"k_clinic":5,"k_school":5,"within_15":1,"off_street":0,"ward":"Molete\u2013Oke Ado","lga":"Ibadan South West"},"geometry":{"type":"Polygon","coordinates":[[[3.87865,7.38071],[3.87708,7.38162],[3.87551,7.38072],[3.87551,7.37891],[3.87708,7.378],[3.87865,7.37891],[3.87865,7.38071]]]}},{"type":"Feature","properties":{"minutes":7.19,"people":1140,"clinic_min":6.95,"school_min":7.42,"k_clinic":5,"k_school":5,"within_15":1,"off_street":0,"ward":"Molete\u2013Oke Ado","lga":"Ibadan South West"},"geometry":{"type":"Polygon","coordinates":[[[3.88179,7.38071],[3.88022,7.38162],[3.87865,7.38071],[3.87865,7.37891],[3.88022,7.378],[3.88179,7.3789],[3.88179,7.38071]]]}},{"type":"Feature","properties":{"minutes":5.59,"people":1854,"clinic_min":5.85,"school_min":5.34,"k_clinic":5,"k_school":5,"within_15":1,"off_street":0,"ward":"Molete\u2013Oke Ado","lga":"Ibadan South West"},"geometry":{"type":"Polygon","coordinates":[[[3.88493,7.3807],[3.88336,7.38161],[3.88179,7.38071],[3.88179,7.3789],[3.88335,7.37799],[3.88493,7.37889],[3.88493,7.3807]]]}},{"type":"Feature","properties":{"minutes":6.61,"people":2352,"clinic_min":5.76,"school_min":7.46,"k_clinic":5,"k_school":5,"within_15":1,"off_street":0,"ward":"Foko\u2013Ologede","lga":"Ibadan South West"},"geometry":{"type":"Polygon","coordinates":[[[3.88807,7.3807],[3.8865,7.3816],[3.88493,7.3807],[3.88493,7.37889],[3.88649,7.37799],[3.88806,7.37889],[3.88807,7.3807]]]}},{"type":"Feature","properties":{"minutes":3.52,"people":2584,"clinic_min":4.61,"school_min":2.43,"k_clinic":5,"k_school":5,"within_15":1,"off_street":0,"ward":"Oritamerin (NW)","lga":"Ibadan North West"},"geometry":{"type":"Polygon","coordinates":[[[3.89121,7.38069],[3.88964,7.3816],[3.88807,7.3807],[3.88806,7.37889],[3.88963,7.37798],[3.8912,7.37888],[3.89121,7.38069]]]}},{"type":"Feature","properties":{"minutes":2.55,"people":2209,"clinic_min":3.19,"school_min":1.92,"k_clinic":5,"k_school":5,"within_15":1,"off_street":0,"ward":"Agbaje\u2013Idikan","lga":"Ibadan North West"},"geometry":{"type":"Polygon","coordinates":[[[3.89435,7.38068],[3.89278,7.38159],[3.89121,7.38069],[3.8912,7.37888],[3.89277,7.37797],[3.89434,7.37887],[3.89435,7.38068]]]}},{"type":"Feature","properties":{"minutes":6.14,"people":2487,"clinic_min":5.9,"school_min":6.38,"k_clinic":5,"k_school":5,"within_15":1,"off_street":0,"ward":"Bere","lga":"Ibadan North West"},"geometry":{"type":"Polygon","coordinates":[[[3.89748,7.38068],[3.89592,7.38158],[3.89435,7.38068],[3.89434,7.37887],[3.89591,7.37797],[3.89748,7.37887],[3.89748,7.38068]]]}},{"type":"Feature","properties":{"minutes":6.19,"people":1687,"clinic_min":5.36,"school_min":7.03,"k_clinic":5,"k_school":5,"within_15":1,"off_street":0,"ward":"Oke Are","lga":"Ibadan North"},"geometry":{"type":"Polygon","coordinates":[[[3.90062,7.38067],[3.89905,7.38158],[3.89748,7.38068],[3.89748,7.37887],[3.89905,7.37796],[3.90062,7.37886],[3.90062,7.38067]]]}},{"type":"Feature","properties":{"minutes":6.67,"people":2186,"clinic_min":6.83,"school_min":6.5,"k_clinic":5,"k_school":5,"within_15":1,"off_street":0,"ward":"Odo Osun","lga":"Ibadan North East"},"geometry":{"type":"Polygon","coordinates":[[[3.90376,7.38066],[3.90219,7.38157],[3.90062,7.38067],[3.90062,7.37886],[3.90219,7.37795],[3.90376,7.37886],[3.90376,7.38066]]]}},{"type":"Feature","properties":{"minutes":6.24,"people":1747,"clinic_min":5.49,"school_min":6.99,"k_clinic":5,"k_school":5,"within_15":1,"off_street":0,"ward":"Oja Gbo","lga":"Ibadan North East"},"geometry":{"type":"Polygon","coordinates":[[[3.9069,7.38066],[3.90533,7.38157],[3.90376,7.38066],[3.90376,7.37886],[3.90532,7.37795],[3.9069,7.37885],[3.9069,7.38066]]]}},{"type":"Feature","properties":{"minutes":6.87,"people":2211,"clinic_min":4.18,"school_min":9.57,"k_clinic":5,"k_school":5,"within_15":1,"off_street":0,"ward":"Oja Gbo","lga":"Ibadan North East"},"geometry":{"type":"Polygon","coordinates":[[[3.91004,7.38065],[3.90847,7.38156],[3.9069,7.38066],[3.9069,7.37885],[3.90846,7.37794],[3.91003,7.37884],[3.91004,7.38065]]]}},{"type":"Feature","properties":{"minutes":5.93,"people":2110,"clinic_min":3.49,"school_min":8.37,"k_clinic":5,"k_school":5,"within_15":1,"off_street":0,"ward":"Oja Gbo","lga":"Ibadan North East"},"geometry":{"type":"Polygon","coordinates":[[[3.91318,7.38064],[3.91161,7.38155],[3.91004,7.38065],[3.91003,7.37884],[3.9116,7.37793],[3.91317,7.37884],[3.91318,7.38064]]]}},{"type":"Feature","properties":{"minutes":3.88,"people":2011,"clinic_min":2.65,"school_min":5.12,"k_clinic":5,"k_school":5,"within_15":1,"off_street":0,"ward":"Oja Gbo","lga":"Ibadan North East"},"geometry":{"type":"Polygon","coordinates":[[[3.91631,7.38064],[3.91475,7.38155],[3.91318,7.38064],[3.91317,7.37884],[3.91474,7.37793],[3.91631,7.37883],[3.91631,7.38064]]]}},{"type":"Feature","properties":{"minutes":5.4,"people":1926,"clinic_min":6.93,"school_min":3.87,"k_clinic":5,"k_school":5,"within_15":1,"off_street":0,"ward":"Agugu","lga":"Ibadan North East"},"geometry":{"type":"Polygon","coordinates":[[[3.91945,7.38063],[3.91789,7.38154],[3.91631,7.38064],[3.91631,7.37883],[3.91788,7.37792],[3.91945,7.37882],[3.91945,7.38063]]]}},{"type":"Feature","properties":{"minutes":8.37,"people":1325,"clinic_min":9.68,"school_min":7.06,"k_clinic":5,"k_school":5,"within_15":1,"off_street":0,"ward":"Agugu","lga":"Ibadan North East"},"geometry":{"type":"Polygon","coordinates":[[[3.92259,7.38063],[3.92102,7.38153],[3.91945,7.38063],[3.91945,7.37882],[3.92102,7.37792],[3.92259,7.37882],[3.92259,7.38063]]]}},{"type":"Feature","properties":{"minutes":8.74,"people":614,"clinic_min":10.68,"school_min":6.81,"k_clinic":5,"k_school":5,"within_15":1,"off_street":0,"ward":"Agugu","lga":"Ibadan North East"},"geometry":{"type":"Polygon","coordinates":[[[3.92573,7.38062],[3.92416,7.38153],[3.92259,7.38063],[3.92259,7.37882],[3.92416,7.37791],[3.92573,7.37881],[3.92573,7.38062]]]}},{"type":"Feature","properties":{"minutes":7.62,"people":128,"clinic_min":8.55,"school_min":6.69,"k_clinic":5,"k_school":5,"within_15":1,"off_street":0,"ward":"Agugu","lga":"Ibadan North East"},"geometry":{"type":"Polygon","coordinates":[[[3.92887,7.38061],[3.9273,7.38152],[3.92573,7.38062],[3.92573,7.37881],[3.92729,7.3779],[3.92887,7.3788],[3.92887,7.38061]]]}},{"type":"Feature","properties":{"minutes":9.61,"people":1225,"clinic_min":9.72,"school_min":9.49,"k_clinic":5,"k_school":5,"within_15":1,"off_street":0,"ward":"Agugu","lga":"Ibadan North East"},"geometry":{"type":"Polygon","coordinates":[[[3.93201,7.38061],[3.93044,7.38151],[3.92887,7.38061],[3.92887,7.3788],[3.93043,7.3779],[3.932,7.3788],[3.93201,7.38061]]]}},{"type":"Feature","properties":{"minutes":5.45,"people":2084,"clinic_min":4.34,"school_min":6.57,"k_clinic":5,"k_school":5,"within_15":1,"off_street":0,"ward":"Agugu","lga":"Ibadan North East"},"geometry":{"type":"Polygon","coordinates":[[[3.93515,7.3806],[3.93358,7.38151],[3.93201,7.38061],[3.932,7.3788],[3.93357,7.37789],[3.93514,7.37879],[3.93515,7.3806]]]}},{"type":"Feature","properties":{"minutes":4.38,"people":1971,"clinic_min":4.26,"school_min":4.49,"k_clinic":5,"k_school":5,"within_15":1,"off_street":0,"ward":"Agugu","lga":"Ibadan North East"},"geometry":{"type":"Polygon","coordinates":[[[3.93828,7.38059],[3.93672,7.3815],[3.93515,7.3806],[3.93514,7.37879],[3.93671,7.37788],[3.93828,7.37878],[3.93828,7.38059]]]}},{"type":"Feature","properties":{"minutes":16.6,"people":470,"clinic_min":16.11,"school_min":17.09,"k_clinic":5,"k_school":5,"within_15":0,"off_street":0,"ward":"Alesinloye","lga":"Ibadan South West"},"geometry":{"type":"Polygon","coordinates":[[[3.85826,7.38347],[3.85669,7.38437],[3.85512,7.38347],[3.85511,7.38166],[3.85668,7.38076],[3.85825,7.38166],[3.85826,7.38347]]]}},{"type":"Feature","properties":{"minutes":18.06,"people":605,"clinic_min":18.36,"school_min":17.76,"k_clinic":5,"k_school":5,"within_15":0,"off_street":0,"ward":"Alesinloye","lga":"Ibadan South West"},"geometry":{"type":"Polygon","coordinates":[[[3.8614,7.38346],[3.85983,7.38437],[3.85826,7.38347],[3.85825,7.38166],[3.85982,7.38075],[3.86139,7.38165],[3.8614,7.38346]]]}},{"type":"Feature","properties":{"minutes":15.7,"people":598,"clinic_min":16.28,"school_min":15.13,"k_clinic":5,"k_school":5,"within_15":0,"off_street":0,"ward":"Alesinloye","lga":"Ibadan South West"},"geometry":{"type":"Polygon","coordinates":[[[3.86453,7.38346],[3.86297,7.38436],[3.8614,7.38346],[3.86139,7.38165],[3.86296,7.38074],[3.86453,7.38165],[3.86453,7.38346]]]}},{"type":"Feature","properties":{"minutes":12.99,"people":596,"clinic_min":14.76,"school_min":11.21,"k_clinic":5,"k_school":5,"within_15":1,"off_street":0,"ward":"Alesinloye","lga":"Ibadan South West"},"geometry":{"type":"Polygon","coordinates":[[[3.86767,7.38345],[3.86611,7.38436],[3.86453,7.38346],[3.86453,7.38165],[3.8661,7.38074],[3.86767,7.38164],[3.86767,7.38345]]]}},{"type":"Feature","properties":{"minutes":9.85,"people":746,"clinic_min":11.53,"school_min":8.16,"k_clinic":5,"k_school":5,"within_15":1,"off_street":0,"ward":"Alesinloye","lga":"Ibadan South West"},"geometry":{"type":"Polygon","coordinates":[[[3.87081,7.38344],[3.86924,7.38435],[3.86767,7.38345],[3.86767,7.38164],[3.86924,7.38073],[3.87081,7.38163],[3.87081,7.38344]]]}},{"type":"Feature","properties":{"minutes":7.51,"people":461,"clinic_min":8.32,"school_min":6.7,"k_clinic":5,"k_school":5,"within_15":1,"off_street":0,"ward":"Alesinloye","lga":"Ibadan South West"},"geometry":{"type":"Polygon","coordinates":[[[3.87395,7.38344],[3.87238,7.38434],[3.87081,7.38344],[3.87081,7.38163],[3.87238,7.38073],[3.87395,7.38163],[3.87395,7.38344]]]}},{"type":"Feature","properties":{"minutes":6.93,"people":504,"clinic_min":7.56,"school_min":6.3,"k_clinic":5,"k_school":5,"within_15":1,"off_street":0,"ward":"Molete\u2013Oke Ado","lga":"Ibadan South West"},"geometry":{"type":"Polygon","coordinates":[[[3.87709,7.38343],[3.87552,7.38434],[3.87395,7.38344],[3.87395,7.38163],[3.87551,7.38072],[3.87708,7.38162],[3.87709,7.38343]]]}},{"type":"Feature","properties":{"minutes":5.48,"people":1472,"clinic_min":5.78,"school_min":5.19,"k_clinic":5,"k_school":5,"within_15":1,"off_street":0,"ward":"Molete\u2013Oke Ado","lga":"Ibadan South West"},"geometry":{"type":"Polygon","coordinates":[[[3.88023,7.38342],[3.87866,7.38433],[3.87709,7.38343],[3.87708,7.38162],[3.87865,7.38071],[3.88022,7.38162],[3.88023,7.38342]]]}},{"type":"Feature","properties":{"minutes":5.43,"people":1408,"clinic_min":4.75,"school_min":6.1,"k_clinic":5,"k_school":5,"within_15":1,"off_street":0,"ward":"Molete\u2013Oke Ado","lga":"Ibadan South West"},"geometry":{"type":"Polygon","coordinates":[[[3.88337,7.38342],[3.8818,7.38433],[3.88023,7.38342],[3.88022,7.38162],[3.88179,7.38071],[3.88336,7.38161],[3.88337,7.38342]]]}},{"type":"Feature","properties":{"minutes":7.29,"people":1871,"clinic_min":6.96,"school_min":7.61,"k_clinic":5,"k_school":5,"within_15":1,"off_street":0,"ward":"Amule\u2013Atere","lga":"Ibadan South West"},"geometry":{"type":"Polygon","coordinates":[[[3.8865,7.38341],[3.88494,7.38432],[3.88337,7.38342],[3.88336,7.38161],[3.88493,7.3807],[3.8865,7.3816],[3.8865,7.38341]]]}},{"type":"Feature","properties":{"minutes":4.72,"people":1863,"clinic_min":4.95,"school_min":4.48,"k_clinic":5,"k_school":5,"within_15":1,"off_street":0,"ward":"Oritamerin (NW)","lga":"Ibadan North West"},"geometry":{"type":"Polygon","coordinates":[[[3.88964,7.38341],[3.88808,7.38431],[3.8865,7.38341],[3.8865,7.3816],[3.88807,7.3807],[3.88964,7.3816],[3.88964,7.38341]]]}},{"type":"Feature","properties":{"minutes":2.39,"people":2549,"clinic_min":2.12,"school_min":2.65,"k_clinic":5,"k_school":5,"within_15":1,"off_street":0,"ward":"Oritamerin (NW)","lga":"Ibadan North West"},"geometry":{"type":"Polygon","coordinates":[[[3.89278,7.3834],[3.89121,7.38431],[3.88964,7.38341],[3.88964,7.3816],[3.89121,7.38069],[3.89278,7.38159],[3.89278,7.3834]]]}},{"type":"Feature","properties":{"minutes":2.83,"people":2509,"clinic_min":2.46,"school_min":3.21,"k_clinic":5,"k_school":5,"within_15":1,"off_street":0,"ward":"Asukuna","lga":"Ibadan North West"},"geometry":{"type":"Polygon","coordinates":[[[3.89592,7.38339],[3.89435,7.3843],[3.89278,7.3834],[3.89278,7.38159],[3.89435,7.38068],[3.89592,7.38158],[3.89592,7.38339]]]}},{"type":"Feature","properties":{"minutes":5.75,"people":2019,"clinic_min":6.53,"school_min":4.97,"k_clinic":5,"k_school":5,"within_15":1,"off_street":0,"ward":"Oke Are","lga":"Ibadan North"},"geometry":{"type":"Polygon","coordinates":[[[3.89906,7.38339],[3.89749,7.38429],[3.89592,7.38339],[3.89592,7.38158],[3.89748,7.38068],[3.89905,7.38158],[3.89906,7.38339]]]}},{"type":"Feature","properties":{"minutes":7.2,"people":1668,"clinic_min":8.04,"school_min":6.36,"k_clinic":5,"k_school":5,"within_15":1,"off_street":0,"ward":"Oke Are","lga":"Ibadan North"},"geometry":{"type":"Polygon","coordinates":[[[3.9022,7.38338],[3.90063,7.38429],[3.89906,7.38339],[3.89905,7.38158],[3.90062,7.38067],[3.90219,7.38157],[3.9022,7.38338]]]}},{"type":"Feature","properties":{"minutes":7.99,"people":2209,"clinic_min":6.18,"school_min":9.79,"k_clinic":5,"k_school":5,"within_15":1,"off_street":0,"ward":"Alafara","lga":"Ibadan North East"},"geometry":{"type":"Polygon","coordinates":[[[3.90534,7.38337],[3.90377,7.38428],[3.9022,7.38338],[3.90219,7.38157],[3.90376,7.38066],[3.90533,7.38157],[3.90534,7.38337]]]}},{"type":"Feature","properties":{"minutes":8.84,"people":1428,"clinic_min":7.06,"school_min":10.62,"k_clinic":5,"k_school":5,"within_15":1,"off_street":0,"ward":"Alafara","lga":"Ibadan North East"},"geometry":{"type":"Polygon","coordinates":[[[3.90847,7.38337],[3.90691,7.38428],[3.90534,7.38337],[3.90533,7.38157],[3.9069,7.38066],[3.90847,7.38156],[3.90847,7.38337]]]}},{"type":"Feature","properties":{"minutes":8.3,"people":2239,"clinic_min":5.37,"school_min":11.22,"k_clinic":5,"k_school":5,"within_15":1,"off_street":0,"ward":"Oja Gbo","lga":"Ibadan North East"},"geometry":{"type":"Polygon","coordinates":[[[3.91161,7.38336],[3.91005,7.38427],[3.90847,7.38337],[3.90847,7.38156],[3.91004,7.38065],[3.91161,7.38155],[3.91161,7.38336]]]}},{"type":"Feature","properties":{"minutes":5.25,"people":1694,"clinic_min":4.08,"school_min":6.42,"k_clinic":5,"k_school":5,"within_15":1,"off_street":0,"ward":"Oke Adu","lga":"Ibadan North East"},"geometry":{"type":"Polygon","coordinates":[[[3.91475,7.38336],[3.91318,7.38426],[3.91161,7.38336],[3.91161,7.38155],[3.91318,7.38064],[3.91475,7.38155],[3.91475,7.38336]]]}},{"type":"Feature","properties":{"minutes":4.69,"people":2462,"clinic_min":4.75,"school_min":4.62,"k_clinic":5,"k_school":5,"within_15":1,"off_street":0,"ward":"Oke Adu","lga":"Ibadan North East"},"geometry":{"type":"Polygon","coordinates":[[[3.91789,7.38335],[3.91632,7.38426],[3.91475,7.38336],[3.91475,7.38155],[3.91631,7.38064],[3.91789,7.38154],[3.91789,7.38335]]]}},{"type":"Feature","properties":{"minutes":9.92,"people":1902,"clinic_min":11.11,"school_min":8.73,"k_clinic":5,"k_school":5,"within_15":1,"off_street":0,"ward":"Agugu","lga":"Ibadan North East"},"geometry":{"type":"Polygon","coordinates":[[[3.92103,7.38334],[3.91946,7.38425],[3.91789,7.38335],[3.91789,7.38154],[3.91945,7.38063],[3.92102,7.38153],[3.92103,7.38334]]]}},{"type":"Feature","properties":{"minutes":7.61,"people":1642,"clinic_min":9.29,"school_min":5.92,"k_clinic":5,"k_school":5,"within_15":1,"off_street":0,"ward":"Agugu","lga":"Ibadan North East"},"geometry":{"type":"Polygon","coordinates":[[[3.92417,7.38334],[3.9226,7.38424],[3.92103,7.38334],[3.92102,7.38153],[3.92259,7.38063],[3.92416,7.38153],[3.92417,7.38334]]]}},{"type":"Feature","properties":{"minutes":8.19,"people":243,"clinic_min":7.86,"school_min":8.53,"k_clinic":5,"k_school":5,"within_15":1,"off_street":0,"ward":"Agugu","lga":"Ibadan North East"},"geometry":{"type":"Polygon","coordinates":[[[3.92731,7.38333],[3.92574,7.38424],[3.92417,7.38334],[3.92416,7.38153],[3.92573,7.38062],[3.9273,7.38152],[3.92731,7.38333]]]}},{"type":"Feature","properties":{"minutes":7.28,"people":650,"clinic_min":6.54,"school_min":8.02,"k_clinic":5,"k_school":5,"within_15":1,"off_street":0,"ward":"Agugu","lga":"Ibadan North East"},"geometry":{"type":"Polygon","coordinates":[[[3.93044,7.38332],[3.92888,7.38423],[3.92731,7.38333],[3.9273,7.38152],[3.92887,7.38061],[3.93044,7.38151],[3.93044,7.38332]]]}},{"type":"Feature","properties":{"minutes":7.12,"people":1332,"clinic_min":5.18,"school_min":9.07,"k_clinic":5,"k_school":5,"within_15":1,"off_street":0,"ward":"Agugu","lga":"Ibadan North East"},"geometry":{"type":"Polygon","coordinates":[[[3.93358,7.38332],[3.93202,7.38422],[3.93044,7.38332],[3.93044,7.38151],[3.93201,7.38061],[3.93358,7.38151],[3.93358,7.38332]]]}},{"type":"Feature","properties":{"minutes":8.66,"people":1302,"clinic_min":6.34,"school_min":10.97,"k_clinic":5,"k_school":5,"within_15":1,"off_street":0,"ward":"Agugu","lga":"Ibadan North East"},"geometry":{"type":"Polygon","coordinates":[[[3.93672,7.38331],[3.93515,7.38422],[3.93358,7.38332],[3.93358,7.38151],[3.93515,7.3806],[3.93672,7.3815],[3.93672,7.38331]]]}},{"type":"Feature","properties":{"minutes":17.68,"people":231,"clinic_min":17.02,"school_min":18.34,"k_clinic":5,"k_school":5,"within_15":0,"off_street":0,"ward":"Afonta","lga":"Ibadan North West"},"geometry":{"type":"Polygon","coordinates":[[[3.85669,7.38618],[3.85513,7.38709],[3.85355,7.38619],[3.85355,7.38438],[3.85512,7.38347],[3.85669,7.38437],[3.85669,7.38618]]]}},{"type":"Feature","properties":{"minutes":17.77,"people":106,"clinic_min":18.39,"school_min":17.14,"k_clinic":5,"k_school":5,"within_15":0,"off_street":0,"ward":"Afonta","lga":"Ibadan North West"},"geometry":{"type":"Polygon","coordinates":[[[3.85983,7.38618],[3.85826,7.38709],[3.85669,7.38618],[3.85669,7.38437],[3.85826,7.38347],[3.85983,7.38437],[3.85983,7.38618]]]}},{"type":"Feature","properties":{"minutes":17.16,"people":403,"clinic_min":18.52,"school_min":15.81,"k_clinic":5,"k_school":5,"within_15":0,"off_street":0,"ward":"Alesinloye","lga":"Ibadan South West"},"geometry":{"type":"Polygon","coordinates":[[[3.86297,7.38617],[3.8614,7.38708],[3.85983,7.38618],[3.85983,7.38437],[3.8614,7.38346],[3.86297,7.38436],[3.86297,7.38617]]]}},{"type":"Feature","properties":{"minutes":17.33,"people":734,"clinic_min":19.81,"school_min":14.85,"k_clinic":5,"k_school":5,"within_15":0,"off_street":0,"ward":"Alesinloye","lga":"Ibadan South West"},"geometry":{"type":"Polygon","coordinates":[[[3.86611,7.38617],[3.86454,7.38707],[3.86297,7.38617],[3.86297,7.38436],[3.86453,7.38346],[3.86611,7.38436],[3.86611,7.38617]]]}},{"type":"Feature","properties":{"minutes":9.73,"people":425,"clinic_min":11.97,"school_min":7.49,"k_clinic":5,"k_school":5,"within_15":1,"off_street":0,"ward":"Alesinloye","lga":"Ibadan South West"},"geometry":{"type":"Polygon","coordinates":[[[3.86925,7.38616],[3.86768,7.38707],[3.86611,7.38617],[3.86611,7.38436],[3.86767,7.38345],[3.86924,7.38435],[3.86925,7.38616]]]}},{"type":"Feature","properties":{"minutes":7.21,"people":697,"clinic_min":8.61,"school_min":5.82,"k_clinic":5,"k_school":5,"within_15":1,"off_street":0,"ward":"Alesinloye","lga":"Ibadan South West"},"geometry":{"type":"Polygon","coordinates":[[[3.87239,7.38615],[3.87082,7.38706],[3.86925,7.38616],[3.86924,7.38435],[3.87081,7.38344],[3.87238,7.38434],[3.87239,7.38615]]]}},{"type":"Feature","properties":{"minutes":9.63,"people":532,"clinic_min":10.2,"school_min":9.06,"k_clinic":5,"k_school":5,"within_15":1,"off_street":0,"ward":"Alesinloye","lga":"Ibadan South West"},"geometry":{"type":"Polygon","coordinates":[[[3.87552,7.38615],[3.87396,7.38705],[3.87239,7.38615],[3.87238,7.38434],[3.87395,7.38344],[3.87552,7.38434],[3.87552,7.38615]]]}},{"type":"Feature","properties":{"minutes":6.53,"people":710,"clinic_min":6.77,"school_min":6.3,"k_clinic":5,"k_school":5,"within_15":1,"off_street":0,"ward":"Alesinloye","lga":"Ibadan South West"},"geometry":{"type":"Polygon","coordinates":[[[3.87866,7.38614],[3.8771,7.38705],[3.87552,7.38615],[3.87552,7.38434],[3.87709,7.38343],[3.87866,7.38433],[3.87866,7.38614]]]}},{"type":"Feature","properties":{"minutes":5.79,"people":989,"clinic_min":4.55,"school_min":7.04,"k_clinic":5,"k_school":5,"within_15":1,"off_street":0,"ward":"Alesinloye","lga":"Ibadan South West"},"geometry":{"type":"Polygon","coordinates":[[[3.8818,7.38613],[3.88023,7.38704],[3.87866,7.38614],[3.87866,7.38433],[3.88023,7.38342],[3.8818,7.38433],[3.8818,7.38613]]]}},{"type":"Feature","properties":{"minutes":6.69,"people":1374,"clinic_min":5.36,"school_min":8.01,"k_clinic":5,"k_school":5,"within_15":1,"off_street":0,"ward":"Ekotedo","lga":"Ibadan North West"},"geometry":{"type":"Polygon","coordinates":[[[3.88494,7.38613],[3.88337,7.38704],[3.8818,7.38613],[3.8818,7.38433],[3.88337,7.38342],[3.88494,7.38432],[3.88494,7.38613]]]}},{"type":"Feature","properties":{"minutes":5.11,"people":1977,"clinic_min":4.88,"school_min":5.34,"k_clinic":5,"k_school":5,"within_15":1,"off_street":0,"ward":"Idikan\u2013Olorisaoko","lga":"Ibadan North West"},"geometry":{"type":"Polygon","coordinates":[[[3.88808,7.38612],[3.88651,7.38703],[3.88494,7.38613],[3.88494,7.38432],[3.8865,7.38341],[3.88808,7.38431],[3.88808,7.38612]]]}},{"type":"Feature","properties":{"minutes":7.51,"people":2292,"clinic_min":7.69,"school_min":7.33,"k_clinic":5,"k_school":5,"within_15":1,"off_street":0,"ward":"Idikan\u2013Olorisaoko","lga":"Ibadan North West"},"geometry":{"type":"Polygon","coordinates":[[[3.89122,7.38612],[3.88965,7.38702],[3.88808,7.38612],[3.88808,7.38431],[3.88964,7.38341],[3.89121,7.38431],[3.89122,7.38612]]]}},{"type":"Feature","properties":{"minutes":4.99,"people":2375,"clinic_min":4.53,"school_min":5.45,"k_clinic":5,"k_school":5,"within_15":1,"off_street":0,"ward":"Idikan\u2013Olorisaoko","lga":"Ibadan North West"},"geometry":{"type":"Polygon","coordinates":[[[3.89436,7.38611],[3.89279,7.38702],[3.89122,7.38612],[3.89121,7.38431],[3.89278,7.3834],[3.89435,7.3843],[3.89436,7.38611]]]}},{"type":"Feature","properties":{"minutes":4.39,"people":1904,"clinic_min":6.52,"school_min":2.26,"k_clinic":5,"k_school":5,"within_15":1,"off_street":0,"ward":"Nalende","lga":"Ibadan North"},"geometry":{"type":"Polygon","coordinates":[[[3.89749,7.3861],[3.89593,7.38701],[3.89436,7.38611],[3.89435,7.3843],[3.89592,7.38339],[3.89749,7.38429],[3.89749,7.3861]]]}},{"type":"Feature","properties":{"minutes":5.23,"people":1347,"clinic_min":5.63,"school_min":4.82,"k_clinic":5,"k_school":5,"within_15":1,"off_street":0,"ward":"Oke Are","lga":"Ibadan North"},"geometry":{"type":"Polygon","coordinates":[[[3.90063,7.3861],[3.89907,7.387],[3.89749,7.3861],[3.89749,7.38429],[3.89906,7.38339],[3.90063,7.38429],[3.90063,7.3861]]]}},{"type":"Feature","properties":{"minutes":9.11,"people":2122,"clinic_min":10.57,"school_min":7.66,"k_clinic":5,"k_school":5,"within_15":1,"off_street":0,"ward":"Yemetu","lga":"Ibadan North"},"geometry":{"type":"Polygon","coordinates":[[[3.90377,7.38609],[3.9022,7.387],[3.90063,7.3861],[3.90063,7.38429],[3.9022,7.38338],[3.90377,7.38428],[3.90377,7.38609]]]}},{"type":"Feature","properties":{"minutes":7.48,"people":1890,"clinic_min":7.62,"school_min":7.35,"k_clinic":5,"k_school":5,"within_15":1,"off_street":0,"ward":"Oje","lga":"Ibadan North East"},"geometry":{"type":"Polygon","coordinates":[[[3.90691,7.38608],[3.90534,7.38699],[3.90377,7.38609],[3.90377,7.38428],[3.90534,7.38337],[3.90691,7.38428],[3.90691,7.38608]]]}},{"type":"Feature","properties":{"minutes":6.26,"people":2323,"clinic_min":5.11,"school_min":7.41,"k_clinic":5,"k_school":5,"within_15":1,"off_street":0,"ward":"Oje","lga":"Ibadan North East"},"geometry":{"type":"Polygon","coordinates":[[[3.91005,7.38608],[3.90848,7.38699],[3.90691,7.38608],[3.90691,7.38428],[3.90847,7.38337],[3.91005,7.38427],[3.91005,7.38608]]]}},{"type":"Feature","properties":{"minutes":10.58,"people":2358,"clinic_min":11.15,"school_min":10.0,"k_clinic":5,"k_school":5,"within_15":1,"off_street":0,"ward":"Oke Adu","lga":"Ibadan North East"},"geometry":{"type":"Polygon","coordinates":[[[3.91319,7.38607],[3.91162,7.38698],[3.91005,7.38608],[3.91005,7.38427],[3.91161,7.38336],[3.91318,7.38426],[3.91319,7.38607]]]}},{"type":"Feature","properties":{"minutes":7.14,"people":1854,"clinic_min":6.86,"school_min":7.42,"k_clinic":5,"k_school":5,"within_15":1,"off_street":0,"ward":"Oke Adu","lga":"Ibadan North East"},"geometry":{"type":"Polygon","coordinates":[[[3.91633,7.38607],[3.91476,7.38697],[3.91319,7.38607],[3.91318,7.38426],[3.91475,7.38336],[3.91632,7.38426],[3.91633,7.38607]]]}},{"type":"Feature","properties":{"minutes":6.15,"people":2444,"clinic_min":5.73,"school_min":6.56,"k_clinic":5,"k_school":5,"within_15":1,"off_street":0,"ward":"Oke Adu","lga":"Ibadan North East"},"geometry":{"type":"Polygon","coordinates":[[[3.91946,7.38606],[3.9179,7.38697],[3.91633,7.38607],[3.91632,7.38426],[3.91789,7.38335],[3.91946,7.38425],[3.91946,7.38606]]]}},{"type":"Feature","properties":{"minutes":5.56,"people":1711,"clinic_min":6.32,"school_min":4.8,"k_clinic":5,"k_school":5,"within_15":1,"off_street":0,"ward":"Agugu","lga":"Ibadan North East"},"geometry":{"type":"Polygon","coordinates":[[[3.9226,7.38605],[3.92104,7.38696],[3.91946,7.38606],[3.91946,7.38425],[3.92103,7.38334],[3.9226,7.38424],[3.9226,7.38605]]]}},{"type":"Feature","properties":{"minutes":5.34,"people":1984,"clinic_min":5.52,"school_min":5.17,"k_clinic":5,"k_school":5,"within_15":1,"off_street":0,"ward":"Agugu","lga":"Ibadan North East"},"geometry":{"type":"Polygon","coordinates":[[[3.92574,7.38605],[3.92417,7.38695],[3.9226,7.38605],[3.9226,7.38424],[3.92417,7.38334],[3.92574,7.38424],[3.92574,7.38605]]]}},{"type":"Feature","properties":{"minutes":6.93,"people":1504,"clinic_min":5.9,"school_min":7.96,"k_clinic":5,"k_school":5,"within_15":1,"off_street":0,"ward":"Agugu","lga":"Ibadan North East"},"geometry":{"type":"Polygon","coordinates":[[[3.92888,7.38604],[3.92731,7.38695],[3.92574,7.38605],[3.92574,7.38424],[3.92731,7.38333],[3.92888,7.38423],[3.92888,7.38604]]]}},{"type":"Feature","properties":{"minutes":9.44,"people":1929,"clinic_min":5.42,"school_min":13.45,"k_clinic":5,"k_school":5,"within_15":1,"off_street":0,"ward":"Agugu","lga":"Ibadan North East"},"geometry":{"type":"Polygon","coordinates":[[[3.93202,7.38603],[3.93045,7.38694],[3.92888,7.38604],[3.92888,7.38423],[3.93044,7.38332],[3.93202,7.38422],[3.93202,7.38603]]]}},{"type":"Feature","properties":{"minutes":10.89,"people":893,"clinic_min":6.37,"school_min":15.4,"k_clinic":5,"k_school":5,"within_15":1,"off_street":0,"ward":"Agugu","lga":"Ibadan North East"},"geometry":{"type":"Polygon","coordinates":[[[3.93516,7.38603],[3.93359,7.38693],[3.93202,7.38603],[3.93202,7.38422],[3.93358,7.38332],[3.93515,7.38422],[3.93516,7.38603]]]}},{"type":"Feature","properties":{"minutes":23.33,"people":500,"clinic_min":22.21,"school_min":24.46,"k_clinic":5,"k_school":5,"within_15":0,"off_street":0,"ward":"Afonta","lga":"Ibadan North West"},"geometry":{"type":"Polygon","coordinates":[[[3.85199,7.38891],[3.85042,7.38981],[3.84885,7.38891],[3.84885,7.3871],[3.85042,7.3862],[3.85199,7.3871],[3.85199,7.38891]]]}},{"type":"Feature","properties":{"minutes":21.49,"people":63,"clinic_min":20.35,"school_min":22.62,"k_clinic":5,"k_school":5,"within_15":0,"off_street":1,"ward":"Afonta","lga":"Ibadan North West"},"geometry":{"type":"Polygon","coordinates":[[[3.85513,7.3889],[3.85356,7.38981],[3.85199,7.38891],[3.85199,7.3871],[3.85355,7.38619],[3.85513,7.38709],[3.85513,7.3889]]]}},{"type":"Feature","properties":{"minutes":16.47,"people":174,"clinic_min":18.53,"school_min":14.41,"k_clinic":5,"k_school":5,"within_15":0,"off_street":0,"ward":"Afonta","lga":"Ibadan North West"},"geometry":{"type":"Polygon","coordinates":[[[3.86454,7.38888],[3.86298,7.38979],[3.86141,7.38889],[3.8614,7.38708],[3.86297,7.38617],[3.86454,7.38707],[3.86454,7.38888]]]}},{"type":"Feature","properties":{"minutes":13.32,"people":530,"clinic_min":14.88,"school_min":11.75,"k_clinic":5,"k_school":5,"within_15":1,"off_street":0,"ward":"Afonta","lga":"Ibadan North West"},"geometry":{"type":"Polygon","coordinates":[[[3.86768,7.38888],[3.86612,7.38978],[3.86454,7.38888],[3.86454,7.38707],[3.86611,7.38617],[3.86768,7.38707],[3.86768,7.38888]]]}},{"type":"Feature","properties":{"minutes":8.01,"people":1067,"clinic_min":7.87,"school_min":8.15,"k_clinic":5,"k_school":5,"within_15":1,"off_street":0,"ward":"Afonta","lga":"Ibadan North West"},"geometry":{"type":"Polygon","coordinates":[[[3.87082,7.38887],[3.86925,7.38978],[3.86768,7.38888],[3.86768,7.38707],[3.86925,7.38616],[3.87082,7.38706],[3.87082,7.38887]]]}},{"type":"Feature","properties":{"minutes":12.3,"people":639,"clinic_min":10.77,"school_min":13.82,"k_clinic":5,"k_school":5,"within_15":1,"off_street":0,"ward":"Afonta","lga":"Ibadan North West"},"geometry":{"type":"Polygon","coordinates":[[[3.87396,7.38886],[3.87239,7.38977],[3.87082,7.38887],[3.87082,7.38706],[3.87239,7.38615],[3.87396,7.38705],[3.87396,7.38886]]]}},{"type":"Feature","properties":{"minutes":9.05,"people":731,"clinic_min":7.09,"school_min":11.01,"k_clinic":5,"k_school":5,"within_15":1,"off_street":0,"ward":"Afonta","lga":"Ibadan North West"},"geometry":{"type":"Polygon","coordinates":[[[3.8771,7.38886],[3.87553,7.38977],[3.87396,7.38886],[3.87396,7.38705],[3.87552,7.38615],[3.8771,7.38705],[3.8771,7.38886]]]}},{"type":"Feature","properties":{"minutes":7.88,"people":742,"clinic_min":5.21,"school_min":10.55,"k_clinic":5,"k_school":5,"within_15":1,"off_street":0,"ward":"Ekotedo","lga":"Ibadan North West"},"geometry":{"type":"Polygon","coordinates":[[[3.88024,7.38885],[3.87867,7.38976],[3.8771,7.38886],[3.8771,7.38705],[3.87866,7.38614],[3.88023,7.38704],[3.88024,7.38885]]]}},{"type":"Feature","properties":{"minutes":7.86,"people":1039,"clinic_min":5.81,"school_min":9.91,"k_clinic":5,"k_school":5,"within_15":1,"off_street":0,"ward":"Ekotedo","lga":"Ibadan North West"},"geometry":{"type":"Polygon","coordinates":[[[3.88338,7.38885],[3.88181,7.38975],[3.88024,7.38885],[3.88023,7.38704],[3.8818,7.38613],[3.88337,7.38704],[3.88338,7.38885]]]}},{"type":"Feature","properties":{"minutes":5.7,"people":1455,"clinic_min":5.82,"school_min":5.58,"k_clinic":5,"k_school":5,"within_15":1,"off_street":0,"ward":"Ekotedo","lga":"Ibadan North West"},"geometry":{"type":"Polygon","coordinates":[[[3.88651,7.38884],[3.88495,7.38975],[3.88338,7.38885],[3.88337,7.38704],[3.88494,7.38613],[3.88651,7.38703],[3.88651,7.38884]]]}},{"type":"Feature","properties":{"minutes":5.34,"people":1813,"clinic_min":5.44,"school_min":5.25,"k_clinic":5,"k_school":5,"within_15":1,"off_street":0,"ward":"Abebi","lga":"Ibadan North West"},"geometry":{"type":"Polygon","coordinates":[[[3.88965,7.38883],[3.88809,7.38974],[3.88651,7.38884],[3.88651,7.38703],[3.88808,7.38612],[3.88965,7.38702],[3.88965,7.38883]]]}},{"type":"Feature","properties":{"minutes":3.68,"people":2714,"clinic_min":6.52,"school_min":0.84,"k_clinic":5,"k_school":5,"within_15":1,"off_street":0,"ward":"Abebi","lga":"Ibadan North West"},"geometry":{"type":"Polygon","coordinates":[[[3.89279,7.38883],[3.89122,7.38973],[3.88965,7.38883],[3.88965,7.38702],[3.89122,7.38612],[3.89279,7.38702],[3.89279,7.38883]]]}},{"type":"Feature","properties":{"minutes":5.54,"people":2111,"clinic_min":6.82,"school_min":4.27,"k_clinic":5,"k_school":5,"within_15":1,"off_street":0,"ward":"Nalende","lga":"Ibadan North"},"geometry":{"type":"Polygon","coordinates":[[[3.89593,7.38882],[3.89436,7.38973],[3.89279,7.38883],[3.89279,7.38702],[3.89436,7.38611],[3.89593,7.38701],[3.89593,7.38882]]]}},{"type":"Feature","properties":{"minutes":7.55,"people":752,"clinic_min":10.12,"school_min":4.98,"k_clinic":5,"k_school":5,"within_15":1,"off_street":0,"ward":"Yemetu","lga":"Ibadan North"},"geometry":{"type":"Polygon","coordinates":[[[3.89907,7.38881],[3.8975,7.38972],[3.89593,7.38882],[3.89593,7.38701],[3.89749,7.3861],[3.89907,7.387],[3.89907,7.38881]]]}},{"type":"Feature","properties":{"minutes":4.49,"people":1658,"clinic_min":2.68,"school_min":6.3,"k_clinic":5,"k_school":5,"within_15":1,"off_street":0,"ward":"Yemetu","lga":"Ibadan North"},"geometry":{"type":"Polygon","coordinates":[[[3.90221,7.38881],[3.90064,7.38972],[3.89907,7.38881],[3.89907,7.387],[3.90063,7.3861],[3.9022,7.387],[3.90221,7.38881]]]}},{"type":"Feature","properties":{"minutes":6.04,"people":1998,"clinic_min":3.29,"school_min":8.79,"k_clinic":5,"k_school":5,"within_15":1,"off_street":0,"ward":"Yemetu","lga":"Ibadan North"},"geometry":{"type":"Polygon","coordinates":[[[3.90535,7.3888],[3.90378,7.38971],[3.90221,7.38881],[3.9022,7.387],[3.90377,7.38609],[3.90534,7.38699],[3.90535,7.3888]]]}},{"type":"Feature","properties":{"minutes":5.36,"people":2657,"clinic_min":4.09,"school_min":6.63,"k_clinic":5,"k_school":5,"within_15":1,"off_street":0,"ward":"Oje","lga":"Ibadan North East"},"geometry":{"type":"Polygon","coordinates":[[[3.90849,7.38879],[3.90692,7.3897],[3.90535,7.3888],[3.90534,7.38699],[3.90691,7.38608],[3.90848,7.38699],[3.90849,7.38879]]]}},{"type":"Feature","properties":{"minutes":5.78,"people":2415,"clinic_min":4.61,"school_min":6.94,"k_clinic":5,"k_school":5,"within_15":1,"off_street":0,"ward":"Oje","lga":"Ibadan North East"},"geometry":{"type":"Polygon","coordinates":[[[3.91162,7.38879],[3.91006,7.3897],[3.90849,7.38879],[3.90848,7.38699],[3.91005,7.38608],[3.91162,7.38698],[3.91162,7.38879]]]}},{"type":"Feature","properties":{"minutes":7.85,"people":1759,"clinic_min":7.74,"school_min":7.96,"k_clinic":5,"k_school":5,"within_15":1,"off_street":0,"ward":"Oke Adu","lga":"Ibadan North East"},"geometry":{"type":"Polygon","coordinates":[[[3.91476,7.38878],[3.91319,7.38969],[3.91162,7.38879],[3.91162,7.38698],[3.91319,7.38607],[3.91476,7.38697],[3.91476,7.38878]]]}},{"type":"Feature","properties":{"minutes":4.66,"people":2010,"clinic_min":3.84,"school_min":5.47,"k_clinic":5,"k_school":5,"within_15":1,"off_street":0,"ward":"Oke Adu","lga":"Ibadan North East"},"geometry":{"type":"Polygon","coordinates":[[[3.9179,7.38878],[3.91633,7.38968],[3.91476,7.38878],[3.91476,7.38697],[3.91633,7.38607],[3.9179,7.38697],[3.9179,7.38878]]]}},{"type":"Feature","properties":{"minutes":4.63,"people":1551,"clinic_min":4.09,"school_min":5.16,"k_clinic":5,"k_school":5,"within_15":1,"off_street":0,"ward":"Oke Adu","lga":"Ibadan North East"},"geometry":{"type":"Polygon","coordinates":[[[3.92104,7.38877],[3.91947,7.38968],[3.9179,7.38878],[3.9179,7.38697],[3.91946,7.38606],[3.92104,7.38696],[3.92104,7.38877]]]}},{"type":"Feature","properties":{"minutes":5.28,"people":1249,"clinic_min":6.24,"school_min":4.32,"k_clinic":5,"k_school":5,"within_15":1,"off_street":0,"ward":"Oke Adu","lga":"Ibadan North East"},"geometry":{"type":"Polygon","coordinates":[[[3.92418,7.38876],[3.92261,7.38967],[3.92104,7.38877],[3.92104,7.38696],[3.9226,7.38605],[3.92417,7.38695],[3.92418,7.38876]]]}},{"type":"Feature","properties":{"minutes":5.05,"people":1121,"clinic_min":5.27,"school_min":4.83,"k_clinic":5,"k_school":5,"within_15":1,"off_street":0,"ward":"Agugu","lga":"Ibadan North East"},"geometry":{"type":"Polygon","coordinates":[[[3.92732,7.38876],[3.92575,7.38966],[3.92418,7.38876],[3.92417,7.38695],[3.92574,7.38605],[3.92731,7.38695],[3.92732,7.38876]]]}},{"type":"Feature","properties":{"minutes":8.46,"people":1356,"clinic_min":7.89,"school_min":9.02,"k_clinic":5,"k_school":5,"within_15":1,"off_street":0,"ward":"Agugu","lga":"Ibadan North East"},"geometry":{"type":"Polygon","coordinates":[[[3.93046,7.38875],[3.92889,7.38966],[3.92732,7.38876],[3.92731,7.38695],[3.92888,7.38604],[3.93045,7.38694],[3.93046,7.38875]]]}},{"type":"Feature","properties":{"minutes":38.59,"people":157,"clinic_min":44.63,"school_min":32.54,"k_clinic":5,"k_school":5,"within_15":0,"off_street":0,"ward":"Afonta","lga":"Ibadan North West"},"geometry":{"type":"Polygon","coordinates":[[[3.85043,7.39162],[3.84886,7.39253],[3.84729,7.39163],[3.84728,7.38982],[3.84885,7.38891],[3.85042,7.38981],[3.85043,7.39162]]]}},{"type":"Feature","properties":{"minutes":39.1,"people":23,"clinic_min":45.14,"school_min":33.06,"k_clinic":5,"k_school":5,"within_15":0,"off_street":0,"ward":"Afonta","lga":"Ibadan North West"},"geometry":{"type":"Polygon","coordinates":[[[3.85356,7.39162],[3.852,7.39252],[3.85043,7.39162],[3.85042,7.38981],[3.85199,7.38891],[3.85356,7.38981],[3.85356,7.39162]]]}},{"type":"Feature","properties":{"minutes":25.73,"people":20,"clinic_min":28.12,"school_min":23.35,"k_clinic":5,"k_school":5,"within_15":0,"off_street":0,"ward":"Afonta","lga":"Ibadan North West"},"geometry":{"type":"Polygon","coordinates":[[[3.8567,7.39161],[3.85514,7.39252],[3.85356,7.39162],[3.85356,7.38981],[3.85513,7.3889],[3.8567,7.3898],[3.8567,7.39161]]]}},{"type":"Feature","properties":{"minutes":19.31,"people":55,"clinic_min":21.46,"school_min":17.17,"k_clinic":5,"k_school":5,"within_15":0,"off_street":0,"ward":"Afonta","lga":"Ibadan North West"},"geometry":{"type":"Polygon","coordinates":[[[3.85984,7.3916],[3.85827,7.39251],[3.8567,7.39161],[3.8567,7.3898],[3.85827,7.38889],[3.85984,7.3898],[3.85984,7.3916]]]}},{"type":"Feature","properties":{"minutes":15.93,"people":248,"clinic_min":18.07,"school_min":13.78,"k_clinic":5,"k_school":5,"within_15":0,"off_street":0,"ward":"Afonta","lga":"Ibadan North West"},"geometry":{"type":"Polygon","coordinates":[[[3.86298,7.3916],[3.86141,7.39251],[3.85984,7.3916],[3.85984,7.3898],[3.86141,7.38889],[3.86298,7.38979],[3.86298,7.3916]]]}},{"type":"Feature","properties":{"minutes":13.62,"people":618,"clinic_min":15.5,"school_min":11.74,"k_clinic":5,"k_school":5,"within_15":1,"off_street":0,"ward":"Afonta","lga":"Ibadan North West"},"geometry":{"type":"Polygon","coordinates":[[[3.86612,7.39159],[3.86455,7.3925],[3.86298,7.3916],[3.86298,7.38979],[3.86454,7.38888],[3.86612,7.38978],[3.86612,7.39159]]]}},{"type":"Feature","properties":{"minutes":11.23,"people":786,"clinic_min":10.85,"school_min":11.61,"k_clinic":5,"k_school":5,"within_15":1,"off_street":0,"ward":"Afonta","lga":"Ibadan North West"},"geometry":{"type":"Polygon","coordinates":[[[3.86926,7.39159],[3.86769,7.39249],[3.86612,7.39159],[3.86612,7.38978],[3.86768,7.38888],[3.86925,7.38978],[3.86926,7.39159]]]}},{"type":"Feature","properties":{"minutes":9.26,"people":1725,"clinic_min":7.31,"school_min":11.2,"k_clinic":5,"k_school":5,"within_15":1,"off_street":0,"ward":"Afonta","lga":"Ibadan North West"},"geometry":{"type":"Polygon","coordinates":[[[3.8724,7.39158],[3.87083,7.39249],[3.86926,7.39159],[3.86925,7.38978],[3.87082,7.38887],[3.87239,7.38977],[3.8724,7.39158]]]}},{"type":"Feature","properties":{"minutes":9.38,"people":1163,"clinic_min":6.04,"school_min":12.71,"k_clinic":5,"k_school":5,"within_15":1,"off_street":0,"ward":"Afonta","lga":"Ibadan North West"},"geometry":{"type":"Polygon","coordinates":[[[3.87554,7.39157],[3.87397,7.39248],[3.8724,7.39158],[3.87239,7.38977],[3.87396,7.38886],[3.87553,7.38977],[3.87554,7.39157]]]}},{"type":"Feature","properties":{"minutes":8.46,"people":671,"clinic_min":6.87,"school_min":10.05,"k_clinic":5,"k_school":5,"within_15":1,"off_street":0,"ward":"Afonta","lga":"Ibadan North West"},"geometry":{"type":"Polygon","coordinates":[[[3.87867,7.39157],[3.87711,7.39248],[3.87554,7.39157],[3.87553,7.38977],[3.8771,7.38886],[3.87867,7.38976],[3.87867,7.39157]]]}},{"type":"Feature","properties":{"minutes":7.58,"people":1072,"clinic_min":6.09,"school_min":9.06,"k_clinic":5,"k_school":5,"within_15":1,"off_street":0,"ward":"Ekotedo","lga":"Ibadan North West"},"geometry":{"type":"Polygon","coordinates":[[[3.88181,7.39156],[3.88024,7.39247],[3.87867,7.39157],[3.87867,7.38976],[3.88024,7.38885],[3.88181,7.38975],[3.88181,7.39156]]]}},{"type":"Feature","properties":{"minutes":5.72,"people":1749,"clinic_min":5.49,"school_min":5.95,"k_clinic":5,"k_school":5,"within_15":1,"off_street":0,"ward":"Ekotedo","lga":"Ibadan North West"},"geometry":{"type":"Polygon","coordinates":[[[3.88495,7.39156],[3.88338,7.39246],[3.88181,7.39156],[3.88181,7.38975],[3.88338,7.38885],[3.88495,7.38975],[3.88495,7.39156]]]}},{"type":"Feature","properties":{"minutes":4.05,"people":1971,"clinic_min":4.43,"school_min":3.67,"k_clinic":5,"k_school":5,"within_15":1,"off_street":0,"ward":"Ekotedo","lga":"Ibadan North West"},"geometry":{"type":"Polygon","coordinates":[[[3.88809,7.39155],[3.88652,7.39246],[3.88495,7.39156],[3.88495,7.38975],[3.88651,7.38884],[3.88809,7.38974],[3.88809,7.39155]]]}},{"type":"Feature","properties":{"minutes":6.4,"people":2248,"clinic_min":6.64,"school_min":6.16,"k_clinic":5,"k_school":5,"within_15":1,"off_street":0,"ward":"Inalende","lga":"Ibadan North West"},"geometry":{"type":"Polygon","coordinates":[[[3.89123,7.39154],[3.88966,7.39245],[3.88809,7.39155],[3.88809,7.38974],[3.88965,7.38883],[3.89122,7.38973],[3.89123,7.39154]]]}},{"type":"Feature","properties":{"minutes":4.4,"people":2261,"clinic_min":6.4,"school_min":2.39,"k_clinic":5,"k_school":5,"within_15":1,"off_street":0,"ward":"Nalende","lga":"Ibadan North"},"geometry":{"type":"Polygon","coordinates":[[[3.89437,7.39154],[3.8928,7.39244],[3.89123,7.39154],[3.89122,7.38973],[3.89279,7.38883],[3.89436,7.38973],[3.89437,7.39154]]]}},{"type":"Feature","properties":{"minutes":7.13,"people":787,"clinic_min":9.32,"school_min":4.95,"k_clinic":5,"k_school":5,"within_15":1,"off_street":0,"ward":"Nalende","lga":"Ibadan North"},"geometry":{"type":"Polygon","coordinates":[[[3.89751,7.39153],[3.89594,7.39244],[3.89437,7.39154],[3.89436,7.38973],[3.89593,7.38882],[3.8975,7.38972],[3.89751,7.39153]]]}},{"type":"Feature","properties":{"minutes":6.38,"people":744,"clinic_min":5.84,"school_min":6.91,"k_clinic":5,"k_school":5,"within_15":1,"off_street":0,"ward":"Yemetu","lga":"Ibadan North"},"geometry":{"type":"Polygon","coordinates":[[[3.90064,7.39152],[3.89908,7.39243],[3.89751,7.39153],[3.8975,7.38972],[3.89907,7.38881],[3.90064,7.38972],[3.90064,7.39152]]]}},{"type":"Feature","properties":{"minutes":5.52,"people":2034,"clinic_min":4.32,"school_min":6.72,"k_clinic":5,"k_school":5,"within_15":1,"off_street":0,"ward":"Yemetu","lga":"Ibadan North"},"geometry":{"type":"Polygon","coordinates":[[[3.90378,7.39152],[3.90222,7.39243],[3.90064,7.39152],[3.90064,7.38972],[3.90221,7.38881],[3.90378,7.38971],[3.90378,7.39152]]]}},{"type":"Feature","properties":{"minutes":7.92,"people":1927,"clinic_min":6.22,"school_min":9.62,"k_clinic":5,"k_school":5,"within_15":1,"off_street":0,"ward":"Yemetu","lga":"Ibadan North"},"geometry":{"type":"Polygon","coordinates":[[[3.90692,7.39151],[3.90535,7.39242],[3.90378,7.39152],[3.90378,7.38971],[3.90535,7.3888],[3.90692,7.3897],[3.90692,7.39151]]]}},{"type":"Feature","properties":{"minutes":6.7,"people":2362,"clinic_min":5.39,"school_min":8.01,"k_clinic":5,"k_school":5,"within_15":1,"off_street":0,"ward":"Agodi","lga":"Ibadan North"},"geometry":{"type":"Polygon","coordinates":[[[3.91006,7.3915],[3.90849,7.39241],[3.90692,7.39151],[3.90692,7.3897],[3.90849,7.38879],[3.91006,7.3897],[3.91006,7.3915]]]}},{"type":"Feature","properties":{"minutes":5.4,"people":2327,"clinic_min":5.22,"school_min":5.59,"k_clinic":5,"k_school":5,"within_15":1,"off_street":0,"ward":"Irefin","lga":"Ibadan North East"},"geometry":{"type":"Polygon","coordinates":[[[3.9132,7.3915],[3.91163,7.39241],[3.91006,7.3915],[3.91006,7.3897],[3.91162,7.38879],[3.91319,7.38969],[3.9132,7.3915]]]}},{"type":"Feature","properties":{"minutes":8.09,"people":1700,"clinic_min":6.69,"school_min":9.5,"k_clinic":5,"k_school":5,"within_15":1,"off_street":0,"ward":"Irefin","lga":"Ibadan North East"},"geometry":{"type":"Polygon","coordinates":[[[3.91634,7.39149],[3.91477,7.3924],[3.9132,7.3915],[3.91319,7.38969],[3.91476,7.38878],[3.91633,7.38968],[3.91634,7.39149]]]}},{"type":"Feature","properties":{"minutes":4.87,"people":2248,"clinic_min":3.56,"school_min":6.19,"k_clinic":5,"k_school":5,"within_15":1,"off_street":0,"ward":"Oke Adu","lga":"Ibadan North East"},"geometry":{"type":"Polygon","coordinates":[[[3.91948,7.39149],[3.91791,7.39239],[3.91634,7.39149],[3.91633,7.38968],[3.9179,7.38878],[3.91947,7.38968],[3.91948,7.39149]]]}},{"type":"Feature","properties":{"minutes":7.48,"people":1293,"clinic_min":6.71,"school_min":8.24,"k_clinic":5,"k_school":5,"within_15":1,"off_street":0,"ward":"Oke Adu","lga":"Ibadan North East"},"geometry":{"type":"Polygon","coordinates":[[[3.92261,7.39148],[3.92105,7.39239],[3.91948,7.39149],[3.91947,7.38968],[3.92104,7.38877],[3.92261,7.38967],[3.92261,7.39148]]]}},{"type":"Feature","properties":{"minutes":6.74,"people":1566,"clinic_min":4.91,"school_min":8.57,"k_clinic":5,"k_school":5,"within_15":1,"off_street":0,"ward":"Oke Adu","lga":"Ibadan North East"},"geometry":{"type":"Polygon","coordinates":[[[3.92575,7.39147],[3.92419,7.39238],[3.92261,7.39148],[3.92261,7.38967],[3.92418,7.38876],[3.92575,7.38966],[3.92575,7.39147]]]}},{"type":"Feature","properties":{"minutes":9.01,"people":629,"clinic_min":7.97,"school_min":10.06,"k_clinic":5,"k_school":5,"within_15":1,"off_street":0,"ward":"Oke Adu","lga":"Ibadan North East"},"geometry":{"type":"Polygon","coordinates":[[[3.92889,7.39147],[3.92732,7.39237],[3.92575,7.39147],[3.92575,7.38966],[3.92732,7.38876],[3.92889,7.38966],[3.92889,7.39147]]]}},{"type":"Feature","properties":{"minutes":32.73,"people":8,"clinic_min":38.77,"school_min":26.69,"k_clinic":5,"k_school":5,"within_15":0,"off_street":0,"ward":"Afonta","lga":"Ibadan North West"},"geometry":{"type":"Polygon","coordinates":[[[3.852,7.39433],[3.85043,7.39524],[3.84886,7.39434],[3.84886,7.39253],[3.85043,7.39162],[3.852,7.39252],[3.852,7.39433]]]}},{"type":"Feature","properties":{"minutes":25.73,"people":12,"clinic_min":28.12,"school_min":23.35,"k_clinic":5,"k_school":5,"within_15":0,"off_street":1,"ward":"Afonta","lga":"Ibadan North West"},"geometry":{"type":"Polygon","coordinates":[[[3.85828,7.39432],[3.85671,7.39523],[3.85514,7.39433],[3.85514,7.39252],[3.8567,7.39161],[3.85827,7.39251],[3.85828,7.39432]]]}},{"type":"Feature","properties":{"minutes":16.03,"people":72,"clinic_min":18.18,"school_min":13.89,"k_clinic":5,"k_school":5,"within_15":0,"off_street":0,"ward":"Afonta","lga":"Ibadan North West"},"geometry":{"type":"Polygon","coordinates":[[[3.86142,7.39431],[3.85985,7.39522],[3.85828,7.39432],[3.85827,7.39251],[3.85984,7.3916],[3.86141,7.39251],[3.86142,7.39431]]]}},{"type":"Feature","properties":{"minutes":15.14,"people":394,"clinic_min":17.29,"school_min":13.0,"k_clinic":5,"k_school":5,"within_15":0,"off_street":0,"ward":"Afonta","lga":"Ibadan North West"},"geometry":{"type":"Polygon","coordinates":[[[3.86456,7.39431],[3.86299,7.39522],[3.86142,7.39431],[3.86141,7.39251],[3.86298,7.3916],[3.86455,7.3925],[3.86456,7.39431]]]}},{"type":"Feature","properties":{"minutes":11.61,"people":579,"clinic_min":13.14,"school_min":10.08,"k_clinic":5,"k_school":5,"within_15":1,"off_street":0,"ward":"Afonta","lga":"Ibadan North West"},"geometry":{"type":"Polygon","coordinates":[[[3.86769,7.3943],[3.86613,7.39521],[3.86456,7.39431],[3.86455,7.3925],[3.86612,7.39159],[3.86769,7.39249],[3.86769,7.3943]]]}},{"type":"Feature","properties":{"minutes":10.91,"people":778,"clinic_min":9.44,"school_min":12.39,"k_clinic":5,"k_school":5,"within_15":1,"off_street":0,"ward":"Afonta","lga":"Ibadan North West"},"geometry":{"type":"Polygon","coordinates":[[[3.87083,7.3943],[3.86926,7.3952],[3.86769,7.3943],[3.86769,7.39249],[3.86926,7.39159],[3.87083,7.39249],[3.87083,7.3943]]]}},{"type":"Feature","properties":{"minutes":11.56,"people":412,"clinic_min":8.8,"school_min":14.32,"k_clinic":5,"k_school":5,"within_15":1,"off_street":0,"ward":"Afonta","lga":"Ibadan North West"},"geometry":{"type":"Polygon","coordinates":[[[3.87397,7.39429],[3.8724,7.3952],[3.87083,7.3943],[3.87083,7.39249],[3.8724,7.39158],[3.87397,7.39248],[3.87397,7.39429]]]}},{"type":"Feature","properties":{"minutes":13.56,"people":567,"clinic_min":12.39,"school_min":14.74,"k_clinic":5,"k_school":5,"within_15":1,"off_street":0,"ward":"Afonta","lga":"Ibadan North West"},"geometry":{"type":"Polygon","coordinates":[[[3.87711,7.39428],[3.87554,7.39519],[3.87397,7.39429],[3.87397,7.39248],[3.87554,7.39157],[3.87711,7.39248],[3.87711,7.39428]]]}},{"type":"Feature","properties":{"minutes":4.49,"people":867,"clinic_min":5.88,"school_min":3.09,"k_clinic":5,"k_school":5,"within_15":1,"off_street":0,"ward":"Afonta","lga":"Ibadan North West"},"geometry":{"type":"Polygon","coordinates":[[[3.88025,7.39428],[3.87868,7.39519],[3.87711,7.39428],[3.87711,7.39248],[3.87867,7.39157],[3.88024,7.39247],[3.88025,7.39428]]]}},{"type":"Feature","properties":{"minutes":6.19,"people":1407,"clinic_min":5.57,"school_min":6.81,"k_clinic":5,"k_school":5,"within_15":1,"off_street":0,"ward":"Afonta","lga":"Ibadan North West"},"geometry":{"type":"Polygon","coordinates":[[[3.88339,7.39427],[3.88182,7.39518],[3.88025,7.39428],[3.88024,7.39247],[3.88181,7.39156],[3.88338,7.39246],[3.88339,7.39427]]]}},{"type":"Feature","properties":{"minutes":4.27,"people":1733,"clinic_min":3.19,"school_min":5.34,"k_clinic":5,"k_school":5,"within_15":1,"off_street":0,"ward":"Ekotedo","lga":"Ibadan North West"},"geometry":{"type":"Polygon","coordinates":[[[3.88653,7.39427],[3.88496,7.39517],[3.88339,7.39427],[3.88338,7.39246],[3.88495,7.39156],[3.88652,7.39246],[3.88653,7.39427]]]}},{"type":"Feature","properties":{"minutes":4.63,"people":1244,"clinic_min":4.29,"school_min":4.97,"k_clinic":5,"k_school":5,"within_15":1,"off_street":0,"ward":"Ekotedo","lga":"Ibadan North West"},"geometry":{"type":"Polygon","coordinates":[[[3.88966,7.39426],[3.8881,7.39517],[3.88653,7.39427],[3.88652,7.39246],[3.88809,7.39155],[3.88966,7.39245],[3.88966,7.39426]]]}},{"type":"Feature","properties":{"minutes":6.24,"people":2861,"clinic_min":6.03,"school_min":6.45,"k_clinic":5,"k_school":5,"within_15":1,"off_street":0,"ward":"Nalende","lga":"Ibadan North"},"geometry":{"type":"Polygon","coordinates":[[[3.8928,7.39425],[3.89124,7.39516],[3.88966,7.39426],[3.88966,7.39245],[3.89123,7.39154],[3.8928,7.39244],[3.8928,7.39425]]]}},{"type":"Feature","properties":{"minutes":7.53,"people":1977,"clinic_min":10.37,"school_min":4.68,"k_clinic":5,"k_school":5,"within_15":1,"off_street":0,"ward":"Nalende","lga":"Ibadan North"},"geometry":{"type":"Polygon","coordinates":[[[3.89594,7.39425],[3.89437,7.39515],[3.8928,7.39425],[3.8928,7.39244],[3.89437,7.39154],[3.89594,7.39244],[3.89594,7.39425]]]}},{"type":"Feature","properties":{"minutes":11.47,"people":357,"clinic_min":12.39,"school_min":10.55,"k_clinic":5,"k_school":5,"within_15":1,"off_street":0,"ward":"Yemetu","lga":"Ibadan North"},"geometry":{"type":"Polygon","coordinates":[[[3.89908,7.39424],[3.89751,7.39515],[3.89594,7.39425],[3.89594,7.39244],[3.89751,7.39153],[3.89908,7.39243],[3.89908,7.39424]]]}},{"type":"Feature","properties":{"minutes":5.54,"people":1120,"clinic_min":5.36,"school_min":5.73,"k_clinic":5,"k_school":5,"within_15":1,"off_street":0,"ward":"Yemetu","lga":"Ibadan North"},"geometry":{"type":"Polygon","coordinates":[[[3.90222,7.39423],[3.90065,7.39514],[3.89908,7.39424],[3.89908,7.39243],[3.90064,7.39152],[3.90222,7.39243],[3.90222,7.39423]]]}},{"type":"Feature","properties":{"minutes":4.66,"people":1884,"clinic_min":4.08,"school_min":5.24,"k_clinic":5,"k_school":5,"within_15":1,"off_street":0,"ward":"Yemetu","lga":"Ibadan North"},"geometry":{"type":"Polygon","coordinates":[[[3.90536,7.39423],[3.90379,7.39514],[3.90222,7.39423],[3.90222,7.39243],[3.90378,7.39152],[3.90535,7.39242],[3.90536,7.39423]]]}},{"type":"Feature","properties":{"minutes":7.11,"people":2047,"clinic_min":6.99,"school_min":7.24,"k_clinic":5,"k_school":5,"within_15":1,"off_street":0,"ward":"Yemetu","lga":"Ibadan North"},"geometry":{"type":"Polygon","coordinates":[[[3.9085,7.39422],[3.90693,7.39513],[3.90536,7.39423],[3.90535,7.39242],[3.90692,7.39151],[3.90849,7.39241],[3.9085,7.39422]]]}},{"type":"Feature","properties":{"minutes":6.36,"people":2494,"clinic_min":6.91,"school_min":5.81,"k_clinic":5,"k_school":5,"within_15":1,"off_street":0,"ward":"Agodi","lga":"Ibadan North"},"geometry":{"type":"Polygon","coordinates":[[[3.91163,7.39422],[3.91007,7.39512],[3.9085,7.39422],[3.90849,7.39241],[3.91006,7.3915],[3.91163,7.39241],[3.91163,7.39422]]]}},{"type":"Feature","properties":{"minutes":6.79,"people":1682,"clinic_min":7.96,"school_min":5.63,"k_clinic":5,"k_school":5,"within_15":1,"off_street":0,"ward":"Agodi","lga":"Ibadan North"},"geometry":{"type":"Polygon","coordinates":[[[3.91477,7.39421],[3.91321,7.39512],[3.91163,7.39422],[3.91163,7.39241],[3.9132,7.3915],[3.91477,7.3924],[3.91477,7.39421]]]}},{"type":"Feature","properties":{"minutes":5.53,"people":2210,"clinic_min":4.54,"school_min":6.52,"k_clinic":5,"k_school":5,"within_15":1,"off_street":0,"ward":"Irefin","lga":"Ibadan North East"},"geometry":{"type":"Polygon","coordinates":[[[3.91791,7.3942],[3.91634,7.39511],[3.91477,7.39421],[3.91477,7.3924],[3.91634,7.39149],[3.91791,7.39239],[3.91791,7.3942]]]}},{"type":"Feature","properties":{"minutes":7.43,"people":1240,"clinic_min":5.5,"school_min":9.35,"k_clinic":5,"k_school":5,"within_15":1,"off_street":0,"ward":"Oke Adu","lga":"Ibadan North East"},"geometry":{"type":"Polygon","coordinates":[[[3.92105,7.3942],[3.91948,7.3951],[3.91791,7.3942],[3.91791,7.39239],[3.91948,7.39149],[3.92105,7.39239],[3.92105,7.3942]]]}},{"type":"Feature","properties":{"minutes":6.57,"people":1815,"clinic_min":5.17,"school_min":7.97,"k_clinic":5,"k_school":5,"within_15":1,"off_street":0,"ward":"Oke Adu","lga":"Ibadan North East"},"geometry":{"type":"Polygon","coordinates":[[[3.92419,7.39419],[3.92262,7.3951],[3.92105,7.3942],[3.92105,7.39239],[3.92261,7.39148],[3.92419,7.39238],[3.92419,7.39419]]]}},{"type":"Feature","properties":{"minutes":9.63,"people":531,"clinic_min":6.78,"school_min":12.47,"k_clinic":5,"k_school":5,"within_15":1,"off_street":0,"ward":"Oke Adu","lga":"Ibadan North East"},"geometry":{"type":"Polygon","coordinates":[[[3.92733,7.39418],[3.92576,7.39509],[3.92419,7.39419],[3.92419,7.39238],[3.92575,7.39147],[3.92732,7.39237],[3.92733,7.39418]]]}},{"type":"Feature","properties":{"minutes":21.44,"people":121,"clinic_min":26.41,"school_min":16.47,"k_clinic":5,"k_school":5,"within_15":0,"off_street":0,"ward":"Afonta","lga":"Ibadan North West"},"geometry":{"type":"Polygon","coordinates":[[[3.85671,7.39704],[3.85515,7.39794],[3.85357,7.39704],[3.85357,7.39523],[3.85514,7.39433],[3.85671,7.39523],[3.85671,7.39704]]]}},{"type":"Feature","properties":{"minutes":15.89,"people":165,"clinic_min":18.3,"school_min":13.48,"k_clinic":5,"k_school":5,"within_15":0,"off_street":0,"ward":"Afonta","lga":"Ibadan North West"},"geometry":{"type":"Polygon","coordinates":[[[3.85985,7.39703],[3.85828,7.39794],[3.85671,7.39704],[3.85671,7.39523],[3.85828,7.39432],[3.85985,7.39522],[3.85985,7.39703]]]}},{"type":"Feature","properties":{"minutes":13.37,"people":473,"clinic_min":15.78,"school_min":10.97,"k_clinic":5,"k_school":5,"within_15":1,"off_street":0,"ward":"Afonta","lga":"Ibadan North West"},"geometry":{"type":"Polygon","coordinates":[[[3.86299,7.39703],[3.86142,7.39793],[3.85985,7.39703],[3.85985,7.39522],[3.86142,7.39431],[3.86299,7.39522],[3.86299,7.39703]]]}},{"type":"Feature","properties":{"minutes":8.61,"people":544,"clinic_min":10.59,"school_min":6.63,"k_clinic":5,"k_school":5,"within_15":1,"off_street":0,"ward":"Afonta","lga":"Ibadan North West"},"geometry":{"type":"Polygon","coordinates":[[[3.86613,7.39702],[3.86456,7.39793],[3.86299,7.39703],[3.86299,7.39522],[3.86456,7.39431],[3.86613,7.39521],[3.86613,7.39702]]]}},{"type":"Feature","properties":{"minutes":8.1,"people":641,"clinic_min":7.83,"school_min":8.38,"k_clinic":5,"k_school":5,"within_15":1,"off_street":0,"ward":"Afonta","lga":"Ibadan North West"},"geometry":{"type":"Polygon","coordinates":[[[3.86927,7.39701],[3.8677,7.39792],[3.86613,7.39702],[3.86613,7.39521],[3.86769,7.3943],[3.86926,7.3952],[3.86927,7.39701]]]}},{"type":"Feature","properties":{"minutes":7.51,"people":568,"clinic_min":4.46,"school_min":10.56,"k_clinic":5,"k_school":5,"within_15":1,"off_street":0,"ward":"Afonta","lga":"Ibadan North West"},"geometry":{"type":"Polygon","coordinates":[[[3.87241,7.39701],[3.87084,7.39791],[3.86927,7.39701],[3.86926,7.3952],[3.87083,7.3943],[3.8724,7.3952],[3.87241,7.39701]]]}},{"type":"Feature","properties":{"minutes":15.6,"people":539,"clinic_min":14.47,"school_min":16.72,"k_clinic":5,"k_school":5,"within_15":0,"off_street":0,"ward":"Afonta","lga":"Ibadan North West"},"geometry":{"type":"Polygon","coordinates":[[[3.87555,7.397],[3.87398,7.39791],[3.87241,7.39701],[3.8724,7.3952],[3.87397,7.39429],[3.87554,7.39519],[3.87555,7.397]]]}},{"type":"Feature","properties":{"minutes":10.37,"people":791,"clinic_min":9.29,"school_min":11.45,"k_clinic":5,"k_school":5,"within_15":1,"off_street":0,"ward":"Afonta","lga":"Ibadan North West"},"geometry":{"type":"Polygon","coordinates":[[[3.87868,7.39699],[3.87712,7.3979],[3.87555,7.397],[3.87554,7.39519],[3.87711,7.39428],[3.87868,7.39519],[3.87868,7.39699]]]}},{"type":"Feature","properties":{"minutes":5.19,"people":620,"clinic_min":5.66,"school_min":4.72,"k_clinic":5,"k_school":5,"within_15":1,"off_street":0,"ward":"Afonta","lga":"Ibadan North West"},"geometry":{"type":"Polygon","coordinates":[[[3.88182,7.39699],[3.88026,7.3979],[3.87868,7.39699],[3.87868,7.39519],[3.88025,7.39428],[3.88182,7.39518],[3.88182,7.39699]]]}},{"type":"Feature","properties":{"minutes":4.37,"people":1232,"clinic_min":4.08,"school_min":4.66,"k_clinic":5,"k_school":5,"within_15":1,"off_street":0,"ward":"Afonta","lga":"Ibadan North West"},"geometry":{"type":"Polygon","coordinates":[[[3.88496,7.39698],[3.88339,7.39789],[3.88182,7.39699],[3.88182,7.39518],[3.88339,7.39427],[3.88496,7.39517],[3.88496,7.39698]]]}},{"type":"Feature","properties":{"minutes":5.24,"people":754,"clinic_min":4.68,"school_min":5.8,"k_clinic":5,"k_school":5,"within_15":1,"off_street":0,"ward":"Afonta","lga":"Ibadan North West"},"geometry":{"type":"Polygon","coordinates":[[[3.8881,7.39698],[3.88653,7.39788],[3.88496,7.39698],[3.88496,7.39517],[3.88653,7.39427],[3.8881,7.39517],[3.8881,7.39698]]]}},{"type":"Feature","properties":{"minutes":4.94,"people":1836,"clinic_min":5.71,"school_min":4.16,"k_clinic":5,"k_school":5,"within_15":1,"off_street":0,"ward":"Inalende","lga":"Ibadan North West"},"geometry":{"type":"Polygon","coordinates":[[[3.89124,7.39697],[3.88967,7.39788],[3.8881,7.39698],[3.8881,7.39517],[3.88966,7.39426],[3.89124,7.39516],[3.89124,7.39697]]]}},{"type":"Feature","properties":{"minutes":6.42,"people":2183,"clinic_min":7.67,"school_min":5.17,"k_clinic":5,"k_school":5,"within_15":1,"off_street":0,"ward":"Nalende","lga":"Ibadan North"},"geometry":{"type":"Polygon","coordinates":[[[3.89438,7.39696],[3.89281,7.39787],[3.89124,7.39697],[3.89124,7.39516],[3.8928,7.39425],[3.89437,7.39515],[3.89438,7.39696]]]}},{"type":"Feature","properties":{"minutes":14.97,"people":538,"clinic_min":15.89,"school_min":14.05,"k_clinic":5,"k_school":5,"within_15":1,"off_street":0,"ward":"Nalende","lga":"Ibadan North"},"geometry":{"type":"Polygon","coordinates":[[[3.89752,7.39696],[3.89595,7.39786],[3.89438,7.39696],[3.89437,7.39515],[3.89594,7.39425],[3.89751,7.39515],[3.89752,7.39696]]]}},{"type":"Feature","properties":{"minutes":6.12,"people":504,"clinic_min":5.46,"school_min":6.77,"k_clinic":5,"k_school":5,"within_15":1,"off_street":0,"ward":"Yemetu","lga":"Ibadan North"},"geometry":{"type":"Polygon","coordinates":[[[3.90066,7.39695],[3.89909,7.39786],[3.89752,7.39696],[3.89751,7.39515],[3.89908,7.39424],[3.90065,7.39514],[3.90066,7.39695]]]}},{"type":"Feature","properties":{"minutes":7.83,"people":838,"clinic_min":6.17,"school_min":9.49,"k_clinic":5,"k_school":5,"within_15":1,"off_street":0,"ward":"Yemetu","lga":"Ibadan North"},"geometry":{"type":"Polygon","coordinates":[[[3.90379,7.39694],[3.90223,7.39785],[3.90066,7.39695],[3.90065,7.39514],[3.90222,7.39423],[3.90379,7.39514],[3.90379,7.39694]]]}},{"type":"Feature","properties":{"minutes":7.59,"people":819,"clinic_min":7.44,"school_min":7.74,"k_clinic":5,"k_school":5,"within_15":1,"off_street":0,"ward":"Yemetu","lga":"Ibadan North"},"geometry":{"type":"Polygon","coordinates":[[[3.90693,7.39694],[3.90537,7.39785],[3.90379,7.39694],[3.90379,7.39514],[3.90536,7.39423],[3.90693,7.39513],[3.90693,7.39694]]]}},{"type":"Feature","properties":{"minutes":5.22,"people":1261,"clinic_min":5.45,"school_min":4.99,"k_clinic":5,"k_school":5,"within_15":1,"off_street":0,"ward":"Agodi","lga":"Ibadan North"},"geometry":{"type":"Polygon","coordinates":[[[3.91007,7.39693],[3.9085,7.39784],[3.90693,7.39694],[3.90693,7.39513],[3.9085,7.39422],[3.91007,7.39512],[3.91007,7.39693]]]}},{"type":"Feature","properties":{"minutes":8.08,"people":1461,"clinic_min":8.62,"school_min":7.55,"k_clinic":5,"k_school":5,"within_15":1,"off_street":0,"ward":"Agodi","lga":"Ibadan North"},"geometry":{"type":"Polygon","coordinates":[[[3.91321,7.39693],[3.91164,7.39783],[3.91007,7.39693],[3.91007,7.39512],[3.91163,7.39422],[3.91321,7.39512],[3.91321,7.39693]]]}},{"type":"Feature","properties":{"minutes":10.79,"people":795,"clinic_min":10.87,"school_min":10.7,"k_clinic":5,"k_school":5,"within_15":1,"off_street":0,"ward":"Agodi","lga":"Ibadan North"},"geometry":{"type":"Polygon","coordinates":[[[3.91635,7.39692],[3.91478,7.39783],[3.91321,7.39693],[3.91321,7.39512],[3.91477,7.39421],[3.91634,7.39511],[3.91635,7.39692]]]}},{"type":"Feature","properties":{"minutes":4.9,"people":968,"clinic_min":2.83,"school_min":6.97,"k_clinic":5,"k_school":5,"within_15":1,"off_street":0,"ward":"Agodi","lga":"Ibadan North"},"geometry":{"type":"Polygon","coordinates":[[[3.91949,7.39691],[3.91792,7.39782],[3.91635,7.39692],[3.91634,7.39511],[3.91791,7.3942],[3.91948,7.3951],[3.91949,7.39691]]]}},{"type":"Feature","properties":{"minutes":7.52,"people":1225,"clinic_min":5.76,"school_min":9.28,"k_clinic":5,"k_school":5,"within_15":1,"off_street":0,"ward":"Oke Adu","lga":"Ibadan North East"},"geometry":{"type":"Polygon","coordinates":[[[3.92263,7.39691],[3.92106,7.39781],[3.91949,7.39691],[3.91948,7.3951],[3.92105,7.3942],[3.92262,7.3951],[3.92263,7.39691]]]}},{"type":"Feature","properties":{"minutes":6.4,"people":1352,"clinic_min":4.47,"school_min":8.33,"k_clinic":5,"k_school":5,"within_15":1,"off_street":0,"ward":"Oke Adu","lga":"Ibadan North East"},"geometry":{"type":"Polygon","coordinates":[[[3.92576,7.3969],[3.9242,7.39781],[3.92263,7.39691],[3.92262,7.3951],[3.92419,7.39419],[3.92576,7.39509],[3.92576,7.3969]]]}},{"type":"Feature","properties":{"minutes":9.35,"people":1258,"clinic_min":6.41,"school_min":12.29,"k_clinic":5,"k_school":5,"within_15":1,"off_street":0,"ward":"Oke Adu","lga":"Ibadan North East"},"geometry":{"type":"Polygon","coordinates":[[[3.9289,7.39689],[3.92734,7.3978],[3.92576,7.3969],[3.92576,7.39509],[3.92733,7.39418],[3.9289,7.39508],[3.9289,7.39689]]]}},{"type":"Feature","properties":{"minutes":22.41,"people":390,"clinic_min":28.61,"school_min":16.22,"k_clinic":5,"k_school":5,"within_15":0,"off_street":0,"ward":"Afonta","lga":"Ibadan North West"},"geometry":{"type":"Polygon","coordinates":[[[3.85515,7.39975],[3.85358,7.40066],[3.85201,7.39976],[3.85201,7.39795],[3.85357,7.39704],[3.85515,7.39794],[3.85515,7.39975]]]}},{"type":"Feature","properties":{"minutes":17.7,"people":936,"clinic_min":22.67,"school_min":12.73,"k_clinic":5,"k_school":5,"within_15":0,"off_street":0,"ward":"Afonta","lga":"Ibadan North West"},"geometry":{"type":"Polygon","coordinates":[[[3.85829,7.39975],[3.85672,7.40066],[3.85515,7.39975],[3.85515,7.39794],[3.85671,7.39704],[3.85828,7.39794],[3.85829,7.39975]]]}},{"type":"Feature","properties":{"minutes":13.27,"people":296,"clinic_min":16.7,"school_min":9.85,"k_clinic":5,"k_school":5,"within_15":1,"off_street":0,"ward":"Afonta","lga":"Ibadan North West"},"geometry":{"type":"Polygon","coordinates":[[[3.86143,7.39974],[3.85986,7.40065],[3.85829,7.39975],[3.85828,7.39794],[3.85985,7.39703],[3.86142,7.39793],[3.86143,7.39974]]]}},{"type":"Feature","properties":{"minutes":10.9,"people":609,"clinic_min":13.66,"school_min":8.14,"k_clinic":5,"k_school":5,"within_15":1,"off_street":0,"ward":"Afonta","lga":"Ibadan North West"},"geometry":{"type":"Polygon","coordinates":[[[3.86457,7.39974],[3.863,7.40064],[3.86143,7.39974],[3.86142,7.39793],[3.86299,7.39703],[3.86456,7.39793],[3.86457,7.39974]]]}},{"type":"Feature","properties":{"minutes":7.92,"people":718,"clinic_min":8.53,"school_min":7.32,"k_clinic":5,"k_school":5,"within_15":1,"off_street":0,"ward":"Afonta","lga":"Ibadan North West"},"geometry":{"type":"Polygon","coordinates":[[[3.8677,7.39973],[3.86614,7.40064],[3.86457,7.39974],[3.86456,7.39793],[3.86613,7.39702],[3.8677,7.39792],[3.8677,7.39973]]]}},{"type":"Feature","properties":{"minutes":6.36,"people":497,"clinic_min":4.83,"school_min":7.89,"k_clinic":5,"k_school":5,"within_15":1,"off_street":0,"ward":"Afonta","lga":"Ibadan North West"},"geometry":{"type":"Polygon","coordinates":[[[3.87084,7.39972],[3.86928,7.40063],[3.8677,7.39973],[3.8677,7.39792],[3.86927,7.39701],[3.87084,7.39791],[3.87084,7.39972]]]}},{"type":"Feature","properties":{"minutes":6.16,"people":336,"clinic_min":3.37,"school_min":8.95,"k_clinic":5,"k_school":5,"within_15":1,"off_street":0,"ward":"Afonta","lga":"Ibadan North West"},"geometry":{"type":"Polygon","coordinates":[[[3.87398,7.39972],[3.87241,7.40062],[3.87084,7.39972],[3.87084,7.39791],[3.87241,7.39701],[3.87398,7.39791],[3.87398,7.39972]]]}},{"type":"Feature","properties":{"minutes":10.79,"people":575,"clinic_min":9.73,"school_min":11.85,"k_clinic":5,"k_school":5,"within_15":1,"off_street":0,"ward":"Afonta","lga":"Ibadan North West"},"geometry":{"type":"Polygon","coordinates":[[[3.87712,7.39971],[3.87555,7.40062],[3.87398,7.39972],[3.87398,7.39791],[3.87555,7.397],[3.87712,7.3979],[3.87712,7.39971]]]}},{"type":"Feature","properties":{"minutes":8.95,"people":420,"clinic_min":9.16,"school_min":8.74,"k_clinic":5,"k_school":5,"within_15":1,"off_street":0,"ward":"Afonta","lga":"Ibadan North West"},"geometry":{"type":"Polygon","coordinates":[[[3.88026,7.39971],[3.87869,7.40061],[3.87712,7.39971],[3.87712,7.3979],[3.87868,7.39699],[3.88026,7.3979],[3.88026,7.39971]]]}},{"type":"Feature","properties":{"minutes":6.18,"people":332,"clinic_min":6.75,"school_min":5.61,"k_clinic":5,"k_school":5,"within_15":1,"off_street":0,"ward":"Afonta","lga":"Ibadan North West"},"geometry":{"type":"Polygon","coordinates":[[[3.8834,7.3997],[3.88183,7.40061],[3.88026,7.39971],[3.88026,7.3979],[3.88182,7.39699],[3.88339,7.39789],[3.8834,7.3997]]]}},{"type":"Feature","properties":{"minutes":6.32,"people":618,"clinic_min":6.13,"school_min":6.5,"k_clinic":5,"k_school":5,"within_15":1,"off_street":0,"ward":"Afonta","lga":"Ibadan North West"},"geometry":{"type":"Polygon","coordinates":[[[3.88654,7.39969],[3.88497,7.4006],[3.8834,7.3997],[3.88339,7.39789],[3.88496,7.39698],[3.88653,7.39788],[3.88654,7.39969]]]}},{"type":"Feature","properties":{"minutes":5.66,"people":1391,"clinic_min":3.57,"school_min":7.75,"k_clinic":5,"k_school":5,"within_15":1,"off_street":0,"ward":"Sabo","lga":"Ibadan North"},"geometry":{"type":"Polygon","coordinates":[[[3.88968,7.39969],[3.88811,7.40059],[3.88654,7.39969],[3.88653,7.39788],[3.8881,7.39698],[3.88967,7.39788],[3.88968,7.39969]]]}},{"type":"Feature","properties":{"minutes":5.46,"people":1625,"clinic_min":5.0,"school_min":5.93,"k_clinic":5,"k_school":5,"within_15":1,"off_street":0,"ward":"Nalende","lga":"Ibadan North"},"geometry":{"type":"Polygon","coordinates":[[[3.89281,7.39968],[3.89125,7.40059],[3.88968,7.39969],[3.88967,7.39788],[3.89124,7.39697],[3.89281,7.39787],[3.89281,7.39968]]]}},{"type":"Feature","properties":{"minutes":6.84,"people":1914,"clinic_min":8.67,"school_min":5.01,"k_clinic":5,"k_school":5,"within_15":1,"off_street":0,"ward":"Nalende","lga":"Ibadan North"},"geometry":{"type":"Polygon","coordinates":[[[3.89595,7.39967],[3.89439,7.40058],[3.89281,7.39968],[3.89281,7.39787],[3.89438,7.39696],[3.89595,7.39786],[3.89595,7.39967]]]}},{"type":"Feature","properties":{"minutes":7.4,"people":308,"clinic_min":7.65,"school_min":7.16,"k_clinic":5,"k_school":5,"within_15":1,"off_street":0,"ward":"Yemetu","lga":"Ibadan North"},"geometry":{"type":"Polygon","coordinates":[[[3.89909,7.39967],[3.89752,7.40058],[3.89595,7.39967],[3.89595,7.39786],[3.89752,7.39696],[3.89909,7.39786],[3.89909,7.39967]]]}},{"type":"Feature","properties":{"minutes":8.16,"people":220,"clinic_min":6.75,"school_min":9.58,"k_clinic":5,"k_school":5,"within_15":1,"off_street":0,"ward":"Yemetu","lga":"Ibadan North"},"geometry":{"type":"Polygon","coordinates":[[[3.90223,7.39966],[3.90066,7.40057],[3.89909,7.39967],[3.89909,7.39786],[3.90066,7.39695],[3.90223,7.39785],[3.90223,7.39966]]]}},{"type":"Feature","properties":{"minutes":8.69,"people":251,"clinic_min":6.82,"school_min":10.57,"k_clinic":5,"k_school":5,"within_15":1,"off_street":0,"ward":"Yemetu","lga":"Ibadan North"},"geometry":{"type":"Polygon","coordinates":[[[3.90537,7.39965],[3.9038,7.40056],[3.90223,7.39966],[3.90223,7.39785],[3.90379,7.39694],[3.90537,7.39785],[3.90537,7.39965]]]}},{"type":"Feature","properties":{"minutes":13.58,"people":434,"clinic_min":11.32,"school_min":15.83,"k_clinic":5,"k_school":5,"within_15":1,"off_street":0,"ward":"Old Bodija","lga":"Ibadan North"},"geometry":{"type":"Polygon","coordinates":[[[3.90851,7.39965],[3.90694,7.40056],[3.90537,7.39965],[3.90537,7.39785],[3.90693,7.39694],[3.9085,7.39784],[3.90851,7.39965]]]}},{"type":"Feature","properties":{"minutes":4.69,"people":621,"clinic_min":4.45,"school_min":4.93,"k_clinic":5,"k_school":5,"within_15":1,"off_street":0,"ward":"Agodi","lga":"Ibadan North"},"geometry":{"type":"Polygon","coordinates":[[[3.91165,7.39964],[3.91008,7.40055],[3.90851,7.39965],[3.9085,7.39784],[3.91007,7.39693],[3.91164,7.39783],[3.91165,7.39964]]]}},{"type":"Feature","properties":{"minutes":8.96,"people":548,"clinic_min":8.06,"school_min":9.86,"k_clinic":5,"k_school":5,"within_15":1,"off_street":0,"ward":"Agodi","lga":"Ibadan North"},"geometry":{"type":"Polygon","coordinates":[[[3.91478,7.39964],[3.91322,7.40054],[3.91165,7.39964],[3.91164,7.39783],[3.91321,7.39693],[3.91478,7.39783],[3.91478,7.39964]]]}},{"type":"Feature","properties":{"minutes":7.04,"people":613,"clinic_min":4.94,"school_min":9.14,"k_clinic":5,"k_school":5,"within_15":1,"off_street":0,"ward":"Agodi","lga":"Ibadan North"},"geometry":{"type":"Polygon","coordinates":[[[3.91792,7.39963],[3.91636,7.40054],[3.91478,7.39964],[3.91478,7.39783],[3.91635,7.39692],[3.91792,7.39782],[3.91792,7.39963]]]}},{"type":"Feature","properties":{"minutes":6.14,"people":621,"clinic_min":4.35,"school_min":7.93,"k_clinic":5,"k_school":5,"within_15":1,"off_street":0,"ward":"Agodi","lga":"Ibadan North"},"geometry":{"type":"Polygon","coordinates":[[[3.92106,7.39962],[3.91949,7.40053],[3.91792,7.39963],[3.91792,7.39782],[3.91949,7.39691],[3.92106,7.39781],[3.92106,7.39962]]]}},{"type":"Feature","properties":{"minutes":6.58,"people":471,"clinic_min":6.65,"school_min":6.5,"k_clinic":5,"k_school":5,"within_15":1,"off_street":0,"ward":"Oke Adu","lga":"Ibadan North East"},"geometry":{"type":"Polygon","coordinates":[[[3.9242,7.39962],[3.92263,7.40052],[3.92106,7.39962],[3.92106,7.39781],[3.92263,7.39691],[3.9242,7.39781],[3.9242,7.39962]]]}},{"type":"Feature","properties":{"minutes":7.87,"people":982,"clinic_min":6.35,"school_min":9.39,"k_clinic":5,"k_school":5,"within_15":1,"off_street":0,"ward":"Oke Adu","lga":"Ibadan North East"},"geometry":{"type":"Polygon","coordinates":[[[3.92734,7.39961],[3.92577,7.40052],[3.9242,7.39962],[3.9242,7.39781],[3.92576,7.3969],[3.92734,7.3978],[3.92734,7.39961]]]}},{"type":"Feature","properties":{"minutes":8.86,"people":964,"clinic_min":5.59,"school_min":12.13,"k_clinic":5,"k_school":5,"within_15":1,"off_street":0,"ward":"Oke Adu","lga":"Ibadan North East"},"geometry":{"type":"Polygon","coordinates":[[[3.93048,7.3996],[3.92891,7.40051],[3.92734,7.39961],[3.92734,7.3978],[3.9289,7.39689],[3.93047,7.39779],[3.93048,7.3996]]]}},{"type":"Feature","properties":{"minutes":13.46,"people":1639,"clinic_min":10.07,"school_min":16.84,"k_clinic":5,"k_school":5,"within_15":1,"off_street":0,"ward":"Basorun","lga":"Ibadan North East"},"geometry":{"type":"Polygon","coordinates":[[[3.93362,7.3996],[3.93205,7.4005],[3.93048,7.3996],[3.93047,7.39779],[3.93204,7.39689],[3.93361,7.39779],[3.93362,7.3996]]]}},{"type":"Feature","properties":{"minutes":25.5,"people":268,"clinic_min":32.54,"school_min":18.46,"k_clinic":5,"k_school":5,"within_15":0,"off_street":0,"ward":"Afonta","lga":"Ibadan North West"},"geometry":{"type":"Polygon","coordinates":[[[3.85359,7.40247],[3.85202,7.40338],[3.85045,7.40248],[3.85044,7.40067],[3.85201,7.39976],[3.85358,7.40066],[3.85359,7.40247]]]}},{"type":"Feature","properties":{"minutes":18.14,"people":748,"clinic_min":24.32,"school_min":11.96,"k_clinic":5,"k_school":5,"within_15":0,"off_street":0,"ward":"Afonta","lga":"Ibadan North West"},"geometry":{"type":"Polygon","coordinates":[[[3.85672,7.40246],[3.85516,7.40337],[3.85359,7.40247],[3.85358,7.40066],[3.85515,7.39975],[3.85672,7.40066],[3.85672,7.40246]]]}},{"type":"Feature","properties":{"minutes":18.8,"people":855,"clinic_min":23.25,"school_min":14.34,"k_clinic":5,"k_school":5,"within_15":0,"off_street":0,"ward":"Afonta","lga":"Ibadan North West"},"geometry":{"type":"Polygon","coordinates":[[[3.85986,7.40246],[3.8583,7.40337],[3.85672,7.40246],[3.85672,7.40066],[3.85829,7.39975],[3.85986,7.40065],[3.85986,7.40246]]]}},{"type":"Feature","properties":{"minutes":13.08,"people":801,"clinic_min":15.87,"school_min":10.28,"k_clinic":5,"k_school":5,"within_15":1,"off_street":0,"ward":"Afonta","lga":"Ibadan North West"},"geometry":{"type":"Polygon","coordinates":[[[3.863,7.40245],[3.86143,7.40336],[3.85986,7.40246],[3.85986,7.40065],[3.86143,7.39974],[3.863,7.40064],[3.863,7.40245]]]}},{"type":"Feature","properties":{"minutes":10.34,"people":654,"clinic_min":11.74,"school_min":8.94,"k_clinic":5,"k_school":5,"within_15":1,"off_street":0,"ward":"Afonta","lga":"Ibadan North West"},"geometry":{"type":"Polygon","coordinates":[[[3.86614,7.40245],[3.86457,7.40335],[3.863,7.40245],[3.863,7.40064],[3.86457,7.39974],[3.86614,7.40064],[3.86614,7.40245]]]}},{"type":"Feature","properties":{"minutes":6.12,"people":634,"clinic_min":6.42,"school_min":5.82,"k_clinic":5,"k_school":5,"within_15":1,"off_street":0,"ward":"Afonta","lga":"Ibadan North West"},"geometry":{"type":"Polygon","coordinates":[[[3.86928,7.40244],[3.86771,7.40335],[3.86614,7.40245],[3.86614,7.40064],[3.8677,7.39973],[3.86928,7.40063],[3.86928,7.40244]]]}},{"type":"Feature","properties":{"minutes":7.52,"people":646,"clinic_min":4.72,"school_min":10.32,"k_clinic":5,"k_school":5,"within_15":1,"off_street":0,"ward":"Afonta","lga":"Ibadan North West"},"geometry":{"type":"Polygon","coordinates":[[[3.87242,7.40243],[3.87085,7.40334],[3.86928,7.40244],[3.86928,7.40063],[3.87084,7.39972],[3.87241,7.40062],[3.87242,7.40243]]]}},{"type":"Feature","properties":{"minutes":9.97,"people":520,"clinic_min":8.29,"school_min":11.65,"k_clinic":5,"k_school":5,"within_15":1,"off_street":0,"ward":"Afonta","lga":"Ibadan North West"},"geometry":{"type":"Polygon","coordinates":[[[3.87556,7.40243],[3.87399,7.40334],[3.87242,7.40243],[3.87241,7.40062],[3.87398,7.39972],[3.87555,7.40062],[3.87556,7.40243]]]}},{"type":"Feature","properties":{"minutes":21.89,"people":440,"clinic_min":23.34,"school_min":20.44,"k_clinic":5,"k_school":5,"within_15":0,"off_street":0,"ward":"Afonta","lga":"Ibadan North West"},"geometry":{"type":"Polygon","coordinates":[[[3.8787,7.40242],[3.87713,7.40333],[3.87556,7.40243],[3.87555,7.40062],[3.87712,7.39971],[3.87869,7.40061],[3.8787,7.40242]]]}},{"type":"Feature","properties":{"minutes":15.55,"people":399,"clinic_min":16.62,"school_min":14.48,"k_clinic":5,"k_school":5,"within_15":0,"off_street":0,"ward":"Afonta","lga":"Ibadan North West"},"geometry":{"type":"Polygon","coordinates":[[[3.88183,7.40242],[3.88027,7.40332],[3.8787,7.40242],[3.87869,7.40061],[3.88026,7.39971],[3.88183,7.40061],[3.88183,7.40242]]]}},{"type":"Feature","properties":{"minutes":9.37,"people":113,"clinic_min":9.69,"school_min":9.04,"k_clinic":5,"k_school":5,"within_15":1,"off_street":0,"ward":"Afonta","lga":"Ibadan North West"},"geometry":{"type":"Polygon","coordinates":[[[3.88497,7.40241],[3.88341,7.40332],[3.88183,7.40242],[3.88183,7.40061],[3.8834,7.3997],[3.88497,7.4006],[3.88497,7.40241]]]}},{"type":"Feature","properties":{"minutes":9.73,"people":1805,"clinic_min":8.87,"school_min":10.6,"k_clinic":5,"k_school":5,"within_15":1,"off_street":0,"ward":"Sabo","lga":"Ibadan North"},"geometry":{"type":"Polygon","coordinates":[[[3.88811,7.4024],[3.88654,7.40331],[3.88497,7.40241],[3.88497,7.4006],[3.88654,7.39969],[3.88811,7.40059],[3.88811,7.4024]]]}},{"type":"Feature","properties":{"minutes":6.82,"people":1562,"clinic_min":5.16,"school_min":8.48,"k_clinic":5,"k_school":5,"within_15":1,"off_street":0,"ward":"Sabo","lga":"Ibadan North"},"geometry":{"type":"Polygon","coordinates":[[[3.89125,7.4024],[3.88968,7.4033],[3.88811,7.4024],[3.88811,7.40059],[3.88968,7.39969],[3.89125,7.40059],[3.89125,7.4024]]]}},{"type":"Feature","properties":{"minutes":6.56,"people":1762,"clinic_min":4.66,"school_min":8.46,"k_clinic":5,"k_school":5,"within_15":1,"off_street":0,"ward":"Ago Tapa","lga":"Ibadan North"},"geometry":{"type":"Polygon","coordinates":[[[3.89439,7.40239],[3.89282,7.4033],[3.89125,7.4024],[3.89125,7.40059],[3.89281,7.39968],[3.89439,7.40058],[3.89439,7.40239]]]}},{"type":"Feature","properties":{"minutes":7.65,"people":409,"clinic_min":7.9,"school_min":7.39,"k_clinic":5,"k_school":5,"within_15":1,"off_street":0,"ward":"Ago Tapa","lga":"Ibadan North"},"geometry":{"type":"Polygon","coordinates":[[[3.89753,7.40238],[3.89596,7.40329],[3.89439,7.40239],[3.89439,7.40058],[3.89595,7.39967],[3.89752,7.40058],[3.89753,7.40238]]]}},{"type":"Feature","properties":{"minutes":12.3,"people":564,"clinic_min":9.44,"school_min":15.17,"k_clinic":5,"k_school":5,"within_15":1,"off_street":0,"ward":"Old Bodija","lga":"Ibadan North"},"geometry":{"type":"Polygon","coordinates":[[[3.90067,7.40238],[3.8991,7.40329],[3.89753,7.40238],[3.89752,7.40058],[3.89909,7.39967],[3.90066,7.40057],[3.90067,7.40238]]]}},{"type":"Feature","properties":{"minutes":9.76,"people":237,"clinic_min":6.8,"school_min":12.73,"k_clinic":5,"k_school":5,"within_15":1,"off_street":0,"ward":"Old Bodija","lga":"Ibadan North"},"geometry":{"type":"Polygon","coordinates":[[[3.9038,7.40237],[3.90224,7.40328],[3.90067,7.40238],[3.90066,7.40057],[3.90223,7.39966],[3.9038,7.40056],[3.9038,7.40237]]]}},{"type":"Feature","properties":{"minutes":11.96,"people":369,"clinic_min":8.79,"school_min":15.14,"k_clinic":5,"k_school":5,"within_15":1,"off_street":0,"ward":"Old Bodija","lga":"Ibadan North"},"geometry":{"type":"Polygon","coordinates":[[[3.90694,7.40236],[3.90538,7.40327],[3.9038,7.40237],[3.9038,7.40056],[3.90537,7.39965],[3.90694,7.40056],[3.90694,7.40236]]]}},{"type":"Feature","properties":{"minutes":10.27,"people":298,"clinic_min":9.47,"school_min":11.08,"k_clinic":5,"k_school":5,"within_15":1,"off_street":0,"ward":"Old Bodija","lga":"Ibadan North"},"geometry":{"type":"Polygon","coordinates":[[[3.91008,7.40236],[3.90851,7.40327],[3.90694,7.40236],[3.90694,7.40056],[3.90851,7.39965],[3.91008,7.40055],[3.91008,7.40236]]]}},{"type":"Feature","properties":{"minutes":8.12,"people":706,"clinic_min":7.24,"school_min":9.01,"k_clinic":5,"k_school":5,"within_15":1,"off_street":0,"ward":"Agodi","lga":"Ibadan North"},"geometry":{"type":"Polygon","coordinates":[[[3.91322,7.40235],[3.91165,7.40326],[3.91008,7.40236],[3.91008,7.40055],[3.91165,7.39964],[3.91322,7.40054],[3.91322,7.40235]]]}},{"type":"Feature","properties":{"minutes":9.21,"people":470,"clinic_min":6.99,"school_min":11.44,"k_clinic":5,"k_school":5,"within_15":1,"off_street":0,"ward":"Agodi","lga":"Ibadan North"},"geometry":{"type":"Polygon","coordinates":[[[3.91636,7.40235],[3.91479,7.40325],[3.91322,7.40235],[3.91322,7.40054],[3.91478,7.39964],[3.91636,7.40054],[3.91636,7.40235]]]}},{"type":"Feature","properties":{"minutes":11.63,"people":203,"clinic_min":10.02,"school_min":13.23,"k_clinic":5,"k_school":5,"within_15":1,"off_street":0,"ward":"Agodi","lga":"Ibadan North"},"geometry":{"type":"Polygon","coordinates":[[[3.9195,7.40234],[3.91793,7.40325],[3.91636,7.40235],[3.91636,7.40054],[3.91792,7.39963],[3.91949,7.40053],[3.9195,7.40234]]]}},{"type":"Feature","properties":{"minutes":7.76,"people":399,"clinic_min":8.32,"school_min":7.2,"k_clinic":5,"k_school":5,"within_15":1,"off_street":0,"ward":"Agodi","lga":"Ibadan North"},"geometry":{"type":"Polygon","coordinates":[[[3.92264,7.40233],[3.92107,7.40324],[3.9195,7.40234],[3.91949,7.40053],[3.92106,7.39962],[3.92263,7.40052],[3.92264,7.40233]]]}},{"type":"Feature","properties":{"minutes":6.77,"people":758,"clinic_min":6.52,"school_min":7.01,"k_clinic":5,"k_school":5,"within_15":1,"off_street":0,"ward":"Agodi","lga":"Ibadan North"},"geometry":{"type":"Polygon","coordinates":[[[3.92578,7.40233],[3.92421,7.40323],[3.92264,7.40233],[3.92263,7.40052],[3.9242,7.39962],[3.92577,7.40052],[3.92578,7.40233]]]}},{"type":"Feature","properties":{"minutes":5.58,"people":1140,"clinic_min":2.93,"school_min":8.23,"k_clinic":5,"k_school":5,"within_15":1,"off_street":0,"ward":"Basorun","lga":"Ibadan North East"},"geometry":{"type":"Polygon","coordinates":[[[3.92891,7.40232],[3.92735,7.40323],[3.92578,7.40233],[3.92577,7.40052],[3.92734,7.39961],[3.92891,7.40051],[3.92891,7.40232]]]}},{"type":"Feature","properties":{"minutes":11.28,"people":2068,"clinic_min":8.55,"school_min":14.01,"k_clinic":5,"k_school":5,"within_15":1,"off_street":0,"ward":"Basorun","lga":"Ibadan North East"},"geometry":{"type":"Polygon","coordinates":[[[3.93205,7.40231],[3.93049,7.40322],[3.92891,7.40232],[3.92891,7.40051],[3.93048,7.3996],[3.93205,7.4005],[3.93205,7.40231]]]}},{"type":"Feature","properties":{"minutes":17.04,"people":1778,"clinic_min":12.73,"school_min":21.35,"k_clinic":5,"k_school":5,"within_15":0,"off_street":0,"ward":"Basorun","lga":"Ibadan North East"},"geometry":{"type":"Polygon","coordinates":[[[3.93519,7.40231],[3.93362,7.40321],[3.93205,7.40231],[3.93205,7.4005],[3.93362,7.3996],[3.93519,7.4005],[3.93519,7.40231]]]}},{"type":"Feature","properties":{"minutes":11.24,"people":1305,"clinic_min":6.87,"school_min":15.6,"k_clinic":5,"k_school":5,"within_15":1,"off_street":0,"ward":"Basorun","lga":"Ibadan North East"},"geometry":{"type":"Polygon","coordinates":[[[3.93833,7.4023],[3.93676,7.40321],[3.93519,7.40231],[3.93519,7.4005],[3.93676,7.39959],[3.93833,7.40049],[3.93833,7.4023]]]}},{"type":"Feature","properties":{"minutes":11.26,"people":1071,"clinic_min":3.28,"school_min":19.23,"k_clinic":5,"k_school":5,"within_15":1,"off_street":0,"ward":"Basorun","lga":"Ibadan North East"},"geometry":{"type":"Polygon","coordinates":[[[3.94147,7.40229],[3.9399,7.4032],[3.93833,7.4023],[3.93833,7.40049],[3.93989,7.39958],[3.94147,7.40048],[3.94147,7.40229]]]}},{"type":"Feature","properties":{"minutes":29.78,"people":275,"clinic_min":35.68,"school_min":23.89,"k_clinic":5,"k_school":5,"within_15":0,"off_street":0,"ward":"Afonta","lga":"Ibadan North West"},"geometry":{"type":"Polygon","coordinates":[[[3.85202,7.40519],[3.85045,7.40609],[3.84888,7.40519],[3.84888,7.40338],[3.85045,7.40248],[3.85202,7.40338],[3.85202,7.40519]]]}},{"type":"Feature","properties":{"minutes":22.42,"people":770,"clinic_min":29.1,"school_min":15.75,"k_clinic":5,"k_school":5,"within_15":0,"off_street":0,"ward":"Afonta","lga":"Ibadan North West"},"geometry":{"type":"Polygon","coordinates":[[[3.85516,7.40518],[3.85359,7.40609],[3.85202,7.40519],[3.85202,7.40338],[3.85359,7.40247],[3.85516,7.40337],[3.85516,7.40518]]]}},{"type":"Feature","properties":{"minutes":21.04,"people":292,"clinic_min":27.18,"school_min":14.9,"k_clinic":5,"k_school":5,"within_15":0,"off_street":0,"ward":"Afonta","lga":"Ibadan North West"},"geometry":{"type":"Polygon","coordinates":[[[3.8583,7.40517],[3.85673,7.40608],[3.85516,7.40518],[3.85516,7.40337],[3.85672,7.40246],[3.8583,7.40337],[3.8583,7.40517]]]}},{"type":"Feature","properties":{"minutes":16.78,"people":604,"clinic_min":20.62,"school_min":12.93,"k_clinic":5,"k_school":5,"within_15":0,"off_street":0,"ward":"Afonta","lga":"Ibadan North West"},"geometry":{"type":"Polygon","coordinates":[[[3.86144,7.40517],[3.85987,7.40608],[3.8583,7.40517],[3.8583,7.40337],[3.85986,7.40246],[3.86143,7.40336],[3.86144,7.40517]]]}},{"type":"Feature","properties":{"minutes":14.32,"people":580,"clinic_min":17.76,"school_min":10.88,"k_clinic":5,"k_school":5,"within_15":1,"off_street":0,"ward":"Afonta","lga":"Ibadan North West"},"geometry":{"type":"Polygon","coordinates":[[[3.86458,7.40516],[3.86301,7.40607],[3.86144,7.40517],[3.86143,7.40336],[3.863,7.40245],[3.86457,7.40335],[3.86458,7.40516]]]}},{"type":"Feature","properties":{"minutes":13.69,"people":549,"clinic_min":14.57,"school_min":12.81,"k_clinic":5,"k_school":5,"within_15":1,"off_street":0,"ward":"Eleyele","lga":"Ibadan North West"},"geometry":{"type":"Polygon","coordinates":[[[3.86772,7.40516],[3.86615,7.40606],[3.86458,7.40516],[3.86457,7.40335],[3.86614,7.40245],[3.86771,7.40335],[3.86772,7.40516]]]}},{"type":"Feature","properties":{"minutes":11.2,"people":809,"clinic_min":11.74,"school_min":10.65,"k_clinic":5,"k_school":5,"within_15":1,"off_street":0,"ward":"Eleyele","lga":"Ibadan North West"},"geometry":{"type":"Polygon","coordinates":[[[3.87085,7.40515],[3.86929,7.40606],[3.86772,7.40516],[3.86771,7.40335],[3.86928,7.40244],[3.87085,7.40334],[3.87085,7.40515]]]}},{"type":"Feature","properties":{"minutes":10.08,"people":266,"clinic_min":11.08,"school_min":9.08,"k_clinic":5,"k_school":5,"within_15":1,"off_street":0,"ward":"Eleyele","lga":"Ibadan North West"},"geometry":{"type":"Polygon","coordinates":[[[3.87399,7.40514],[3.87242,7.40605],[3.87085,7.40515],[3.87085,7.40334],[3.87242,7.40243],[3.87399,7.40334],[3.87399,7.40514]]]}},{"type":"Feature","properties":{"minutes":11.68,"people":258,"clinic_min":14.87,"school_min":8.49,"k_clinic":5,"k_school":5,"within_15":1,"off_street":0,"ward":"Eleyele","lga":"Ibadan North West"},"geometry":{"type":"Polygon","coordinates":[[[3.87713,7.40514],[3.87556,7.40605],[3.87399,7.40514],[3.87399,7.40334],[3.87556,7.40243],[3.87713,7.40333],[3.87713,7.40514]]]}},{"type":"Feature","properties":{"minutes":15.22,"people":195,"clinic_min":17.01,"school_min":13.43,"k_clinic":5,"k_school":5,"within_15":0,"off_street":0,"ward":"Afonta","lga":"Ibadan North West"},"geometry":{"type":"Polygon","coordinates":[[[3.88027,7.40513],[3.8787,7.40604],[3.87713,7.40514],[3.87713,7.40333],[3.8787,7.40242],[3.88027,7.40332],[3.88027,7.40513]]]}},{"type":"Feature","properties":{"minutes":12.35,"people":411,"clinic_min":13.42,"school_min":11.28,"k_clinic":5,"k_school":5,"within_15":1,"off_street":0,"ward":"Afonta","lga":"Ibadan North West"},"geometry":{"type":"Polygon","coordinates":[[[3.88341,7.40513],[3.88184,7.40603],[3.88027,7.40513],[3.88027,7.40332],[3.88183,7.40242],[3.88341,7.40332],[3.88341,7.40513]]]}},{"type":"Feature","properties":{"minutes":19.5,"people":192,"clinic_min":19.8,"school_min":19.2,"k_clinic":5,"k_school":5,"within_15":0,"off_street":0,"ward":"Afonta","lga":"Ibadan North West"},"geometry":{"type":"Polygon","coordinates":[[[3.88655,7.40512],[3.88498,7.40603],[3.88341,7.40513],[3.88341,7.40332],[3.88497,7.40241],[3.88654,7.40331],[3.88655,7.40512]]]}},{"type":"Feature","properties":{"minutes":12.23,"people":599,"clinic_min":14.67,"school_min":9.8,"k_clinic":5,"k_school":5,"within_15":1,"off_street":0,"ward":"Sabo","lga":"Ibadan North"},"geometry":{"type":"Polygon","coordinates":[[[3.88969,7.40511],[3.88812,7.40602],[3.88655,7.40512],[3.88654,7.40331],[3.88811,7.4024],[3.88968,7.4033],[3.88969,7.40511]]]}},{"type":"Feature","properties":{"minutes":6.32,"people":1911,"clinic_min":5.55,"school_min":7.08,"k_clinic":5,"k_school":5,"within_15":1,"off_street":0,"ward":"Ago Tapa","lga":"Ibadan North"},"geometry":{"type":"Polygon","coordinates":[[[3.89282,7.40511],[3.89126,7.40601],[3.88969,7.40511],[3.88968,7.4033],[3.89125,7.4024],[3.89282,7.4033],[3.89282,7.40511]]]}},{"type":"Feature","properties":{"minutes":7.59,"people":1092,"clinic_min":6.16,"school_min":9.02,"k_clinic":5,"k_school":5,"within_15":1,"off_street":0,"ward":"Ago Tapa","lga":"Ibadan North"},"geometry":{"type":"Polygon","coordinates":[[[3.89596,7.4051],[3.8944,7.40601],[3.89282,7.40511],[3.89282,7.4033],[3.89439,7.40239],[3.89596,7.40329],[3.89596,7.4051]]]}},{"type":"Feature","properties":{"minutes":11.1,"people":149,"clinic_min":11.18,"school_min":11.02,"k_clinic":5,"k_school":5,"within_15":1,"off_street":0,"ward":"Ago Tapa","lga":"Ibadan North"},"geometry":{"type":"Polygon","coordinates":[[[3.8991,7.40509],[3.89753,7.406],[3.89596,7.4051],[3.89596,7.40329],[3.89753,7.40238],[3.8991,7.40329],[3.8991,7.40509]]]}},{"type":"Feature","properties":{"minutes":14.94,"people":407,"clinic_min":11.98,"school_min":17.91,"k_clinic":5,"k_school":5,"within_15":1,"off_street":0,"ward":"Old Bodija","lga":"Ibadan North"},"geometry":{"type":"Polygon","coordinates":[[[3.90224,7.40509],[3.90067,7.406],[3.8991,7.40509],[3.8991,7.40329],[3.90067,7.40238],[3.90224,7.40328],[3.90224,7.40509]]]}},{"type":"Feature","properties":{"minutes":13.84,"people":452,"clinic_min":11.08,"school_min":16.6,"k_clinic":5,"k_school":5,"within_15":1,"off_street":0,"ward":"Old Bodija","lga":"Ibadan North"},"geometry":{"type":"Polygon","coordinates":[[[3.90538,7.40508],[3.90381,7.40599],[3.90224,7.40509],[3.90224,7.40328],[3.9038,7.40237],[3.90538,7.40327],[3.90538,7.40508]]]}},{"type":"Feature","properties":{"minutes":15.37,"people":515,"clinic_min":13.49,"school_min":17.25,"k_clinic":5,"k_school":5,"within_15":0,"off_street":0,"ward":"Old Bodija","lga":"Ibadan North"},"geometry":{"type":"Polygon","coordinates":[[[3.90852,7.40508],[3.90695,7.40598],[3.90538,7.40508],[3.90538,7.40327],[3.90694,7.40236],[3.90851,7.40327],[3.90852,7.40508]]]}},{"type":"Feature","properties":{"minutes":10.4,"people":585,"clinic_min":9.36,"school_min":11.44,"k_clinic":5,"k_school":5,"within_15":1,"off_street":0,"ward":"Agodi","lga":"Ibadan North"},"geometry":{"type":"Polygon","coordinates":[[[3.91166,7.40507],[3.91009,7.40598],[3.90852,7.40508],[3.90851,7.40327],[3.91008,7.40236],[3.91165,7.40326],[3.91166,7.40507]]]}},{"type":"Feature","properties":{"minutes":10.15,"people":443,"clinic_min":7.68,"school_min":12.62,"k_clinic":5,"k_school":5,"within_15":1,"off_street":0,"ward":"Agodi","lga":"Ibadan North"},"geometry":{"type":"Polygon","coordinates":[[[3.9148,7.40506],[3.91323,7.40597],[3.91166,7.40507],[3.91165,7.40326],[3.91322,7.40235],[3.91479,7.40325],[3.9148,7.40506]]]}},{"type":"Feature","properties":{"minutes":13.08,"people":636,"clinic_min":13.58,"school_min":12.58,"k_clinic":5,"k_school":5,"within_15":1,"off_street":0,"ward":"Agodi","lga":"Ibadan North"},"geometry":{"type":"Polygon","coordinates":[[[3.91793,7.40506],[3.91637,7.40596],[3.9148,7.40506],[3.91479,7.40325],[3.91636,7.40235],[3.91793,7.40325],[3.91793,7.40506]]]}},{"type":"Feature","properties":{"minutes":12.43,"people":330,"clinic_min":13.62,"school_min":11.24,"k_clinic":5,"k_school":5,"within_15":1,"off_street":0,"ward":"Agodi","lga":"Ibadan North"},"geometry":{"type":"Polygon","coordinates":[[[3.92107,7.40505],[3.91951,7.40596],[3.91793,7.40506],[3.91793,7.40325],[3.9195,7.40234],[3.92107,7.40324],[3.92107,7.40505]]]}},{"type":"Feature","properties":{"minutes":8.88,"people":849,"clinic_min":8.68,"school_min":9.08,"k_clinic":5,"k_school":5,"within_15":1,"off_street":0,"ward":"Agodi","lga":"Ibadan North"},"geometry":{"type":"Polygon","coordinates":[[[3.92421,7.40504],[3.92264,7.40595],[3.92107,7.40505],[3.92107,7.40324],[3.92264,7.40233],[3.92421,7.40323],[3.92421,7.40504]]]}},{"type":"Feature","properties":{"minutes":4.6,"people":521,"clinic_min":3.37,"school_min":5.83,"k_clinic":5,"k_school":5,"within_15":1,"off_street":0,"ward":"Bashorun","lga":"Ibadan North"},"geometry":{"type":"Polygon","coordinates":[[[3.92735,7.40504],[3.92578,7.40594],[3.92421,7.40504],[3.92421,7.40323],[3.92578,7.40233],[3.92735,7.40323],[3.92735,7.40504]]]}},{"type":"Feature","properties":{"minutes":7.43,"people":920,"clinic_min":6.16,"school_min":8.69,"k_clinic":5,"k_school":5,"within_15":1,"off_street":0,"ward":"Basorun","lga":"Ibadan North East"},"geometry":{"type":"Polygon","coordinates":[[[3.93049,7.40503],[3.92892,7.40594],[3.92735,7.40504],[3.92735,7.40323],[3.92891,7.40232],[3.93049,7.40322],[3.93049,7.40503]]]}},{"type":"Feature","properties":{"minutes":7.65,"people":1565,"clinic_min":5.39,"school_min":9.9,"k_clinic":5,"k_school":5,"within_15":1,"off_street":0,"ward":"Basorun","lga":"Ibadan North East"},"geometry":{"type":"Polygon","coordinates":[[[3.93363,7.40502],[3.93206,7.40593],[3.93049,7.40503],[3.93049,7.40322],[3.93205,7.40231],[3.93362,7.40321],[3.93363,7.40502]]]}},{"type":"Feature","properties":{"minutes":6.97,"people":962,"clinic_min":3.41,"school_min":10.54,"k_clinic":5,"k_school":5,"within_15":1,"off_street":0,"ward":"Basorun","lga":"Ibadan North East"},"geometry":{"type":"Polygon","coordinates":[[[3.93677,7.40502],[3.9352,7.40592],[3.93363,7.40502],[3.93362,7.40321],[3.93519,7.40231],[3.93676,7.40321],[3.93677,7.40502]]]}},{"type":"Feature","properties":{"minutes":8.47,"people":1202,"clinic_min":3.83,"school_min":13.12,"k_clinic":5,"k_school":5,"within_15":1,"off_street":0,"ward":"Basorun","lga":"Ibadan North East"},"geometry":{"type":"Polygon","coordinates":[[[3.93991,7.40501],[3.93834,7.40592],[3.93677,7.40502],[3.93676,7.40321],[3.93833,7.4023],[3.9399,7.4032],[3.93991,7.40501]]]}},{"type":"Feature","properties":{"minutes":11.18,"people":1205,"clinic_min":4.25,"school_min":18.11,"k_clinic":5,"k_school":5,"within_15":1,"off_street":0,"ward":"Basorun","lga":"Ibadan North East"},"geometry":{"type":"Polygon","coordinates":[[[3.94304,7.405],[3.94148,7.40591],[3.93991,7.40501],[3.9399,7.4032],[3.94147,7.40229],[3.94304,7.40319],[3.94304,7.405]]]}},{"type":"Feature","properties":{"minutes":33.7,"people":79,"clinic_min":39.04,"school_min":28.35,"k_clinic":5,"k_school":5,"within_15":0,"off_street":0,"ward":"Olopomewa","lga":"Ibadan North West"},"geometry":{"type":"Polygon","coordinates":[[[3.84732,7.40791],[3.84575,7.40882],[3.84418,7.40792],[3.84418,7.40611],[3.84574,7.4052],[3.84731,7.4061],[3.84732,7.40791]]]}},{"type":"Feature","properties":{"minutes":25.99,"people":215,"clinic_min":31.34,"school_min":20.64,"k_clinic":5,"k_school":5,"within_15":0,"off_street":0,"ward":"Olopomewa","lga":"Ibadan North West"},"geometry":{"type":"Polygon","coordinates":[[[3.85046,7.4079],[3.84889,7.40881],[3.84732,7.40791],[3.84731,7.4061],[3.84888,7.40519],[3.85045,7.40609],[3.85046,7.4079]]]}},{"type":"Feature","properties":{"minutes":24.72,"people":124,"clinic_min":31.49,"school_min":17.95,"k_clinic":5,"k_school":5,"within_15":0,"off_street":0,"ward":"Afonta","lga":"Ibadan North West"},"geometry":{"type":"Polygon","coordinates":[[[3.8536,7.4079],[3.85203,7.4088],[3.85046,7.4079],[3.85045,7.40609],[3.85202,7.40519],[3.85359,7.40609],[3.8536,7.4079]]]}},{"type":"Feature","properties":{"minutes":16.99,"people":147,"clinic_min":20.4,"school_min":13.58,"k_clinic":5,"k_school":5,"within_15":0,"off_street":0,"ward":"Afonta","lga":"Ibadan North West"},"geometry":{"type":"Polygon","coordinates":[[[3.85987,7.40789],[3.85831,7.40879],[3.85673,7.40789],[3.85673,7.40608],[3.8583,7.40517],[3.85987,7.40608],[3.85987,7.40789]]]}},{"type":"Feature","properties":{"minutes":14.94,"people":279,"clinic_min":17.54,"school_min":12.35,"k_clinic":5,"k_school":5,"within_15":1,"off_street":0,"ward":"Eleyele","lga":"Ibadan North West"},"geometry":{"type":"Polygon","coordinates":[[[3.86301,7.40788],[3.86144,7.40879],[3.85987,7.40789],[3.85987,7.40608],[3.86144,7.40517],[3.86301,7.40607],[3.86301,7.40788]]]}},{"type":"Feature","properties":{"minutes":20.46,"people":403,"clinic_min":20.33,"school_min":20.6,"k_clinic":5,"k_school":5,"within_15":0,"off_street":0,"ward":"Eleyele","lga":"Ibadan North West"},"geometry":{"type":"Polygon","coordinates":[[[3.86615,7.40787],[3.86458,7.40878],[3.86301,7.40788],[3.86301,7.40607],[3.86458,7.40516],[3.86615,7.40606],[3.86615,7.40787]]]}},{"type":"Feature","properties":{"minutes":10.66,"people":631,"clinic_min":10.4,"school_min":10.91,"k_clinic":5,"k_school":5,"within_15":1,"off_street":0,"ward":"Eleyele","lga":"Ibadan North West"},"geometry":{"type":"Polygon","coordinates":[[[3.86929,7.40787],[3.86772,7.40877],[3.86615,7.40787],[3.86615,7.40606],[3.86772,7.40516],[3.86929,7.40606],[3.86929,7.40787]]]}},{"type":"Feature","properties":{"minutes":13.92,"people":613,"clinic_min":13.16,"school_min":14.67,"k_clinic":5,"k_school":5,"within_15":1,"off_street":0,"ward":"Eleyele","lga":"Ibadan North West"},"geometry":{"type":"Polygon","coordinates":[[[3.87243,7.40786],[3.87086,7.40877],[3.86929,7.40787],[3.86929,7.40606],[3.87085,7.40515],[3.87242,7.40605],[3.87243,7.40786]]]}},{"type":"Feature","properties":{"minutes":11.42,"people":24,"clinic_min":14.39,"school_min":8.44,"k_clinic":5,"k_school":5,"within_15":1,"off_street":0,"ward":"Eleyele","lga":"Ibadan North West"},"geometry":{"type":"Polygon","coordinates":[[[3.87557,7.40785],[3.874,7.40876],[3.87243,7.40786],[3.87242,7.40605],[3.87399,7.40514],[3.87556,7.40605],[3.87557,7.40785]]]}},{"type":"Feature","properties":{"minutes":10.56,"people":83,"clinic_min":14.69,"school_min":6.44,"k_clinic":5,"k_school":5,"within_15":1,"off_street":0,"ward":"Eleyele","lga":"Ibadan North West"},"geometry":{"type":"Polygon","coordinates":[[[3.87871,7.40785],[3.87714,7.40876],[3.87557,7.40785],[3.87556,7.40605],[3.87713,7.40514],[3.8787,7.40604],[3.87871,7.40785]]]}},{"type":"Feature","properties":{"minutes":16.6,"people":80,"clinic_min":18.05,"school_min":15.15,"k_clinic":5,"k_school":5,"within_15":0,"off_street":0,"ward":"Afonta","lga":"Ibadan North West"},"geometry":{"type":"Polygon","coordinates":[[[3.88184,7.40784],[3.88028,7.40875],[3.87871,7.40785],[3.8787,7.40604],[3.88027,7.40513],[3.88184,7.40603],[3.88184,7.40784]]]}},{"type":"Feature","properties":{"minutes":13.27,"people":52,"clinic_min":13.57,"school_min":12.98,"k_clinic":5,"k_school":5,"within_15":1,"off_street":0,"ward":"Afonta","lga":"Ibadan North West"},"geometry":{"type":"Polygon","coordinates":[[[3.88498,7.40784],[3.88342,7.40874],[3.88184,7.40784],[3.88184,7.40603],[3.88341,7.40513],[3.88498,7.40603],[3.88498,7.40784]]]}},{"type":"Feature","properties":{"minutes":15.54,"people":177,"clinic_min":15.84,"school_min":15.24,"k_clinic":5,"k_school":5,"within_15":0,"off_street":0,"ward":"Afonta","lga":"Ibadan North West"},"geometry":{"type":"Polygon","coordinates":[[[3.88812,7.40783],[3.88655,7.40874],[3.88498,7.40784],[3.88498,7.40603],[3.88655,7.40512],[3.88812,7.40602],[3.88812,7.40783]]]}},{"type":"Feature","properties":{"minutes":6.29,"people":1216,"clinic_min":7.48,"school_min":5.1,"k_clinic":5,"k_school":5,"within_15":1,"off_street":0,"ward":"Ago Tapa","lga":"Ibadan North"},"geometry":{"type":"Polygon","coordinates":[[[3.89126,7.40782],[3.88969,7.40873],[3.88812,7.40783],[3.88812,7.40602],[3.88969,7.40511],[3.89126,7.40601],[3.89126,7.40782]]]}},{"type":"Feature","properties":{"minutes":6.64,"people":1154,"clinic_min":6.39,"school_min":6.89,"k_clinic":5,"k_school":5,"within_15":1,"off_street":0,"ward":"Ago Tapa","lga":"Ibadan North"},"geometry":{"type":"Polygon","coordinates":[[[3.8944,7.40782],[3.89283,7.40872],[3.89126,7.40782],[3.89126,7.40601],[3.89282,7.40511],[3.8944,7.40601],[3.8944,7.40782]]]}},{"type":"Feature","properties":{"minutes":12.41,"people":61,"clinic_min":12.13,"school_min":12.69,"k_clinic":5,"k_school":5,"within_15":1,"off_street":0,"ward":"Ago Tapa","lga":"Ibadan North"},"geometry":{"type":"Polygon","coordinates":[[[3.89754,7.40781],[3.89597,7.40872],[3.8944,7.40782],[3.8944,7.40601],[3.89596,7.4051],[3.89753,7.406],[3.89754,7.40781]]]}},{"type":"Feature","properties":{"minutes":16.76,"people":12,"clinic_min":16.48,"school_min":17.04,"k_clinic":5,"k_school":5,"within_15":0,"off_street":0,"ward":"Old Bodija","lga":"Ibadan North"},"geometry":{"type":"Polygon","coordinates":[[[3.90068,7.4078],[3.89911,7.40871],[3.89754,7.40781],[3.89753,7.406],[3.8991,7.40509],[3.90067,7.406],[3.90068,7.4078]]]}},{"type":"Feature","properties":{"minutes":14.29,"people":131,"clinic_min":14.97,"school_min":13.6,"k_clinic":5,"k_school":5,"within_15":1,"off_street":0,"ward":"Old Bodija","lga":"Ibadan North"},"geometry":{"type":"Polygon","coordinates":[[[3.90382,7.4078],[3.90225,7.40871],[3.90068,7.4078],[3.90067,7.406],[3.90224,7.40509],[3.90381,7.40599],[3.90382,7.4078]]]}},{"type":"Feature","properties":{"minutes":16.88,"people":253,"clinic_min":15.42,"school_min":18.34,"k_clinic":5,"k_school":5,"within_15":0,"off_street":0,"ward":"Old Bodija","lga":"Ibadan North"},"geometry":{"type":"Polygon","coordinates":[[[3.90695,7.40779],[3.90539,7.4087],[3.90382,7.4078],[3.90381,7.40599],[3.90538,7.40508],[3.90695,7.40598],[3.90695,7.40779]]]}},{"type":"Feature","properties":{"minutes":13.53,"people":521,"clinic_min":10.8,"school_min":16.26,"k_clinic":5,"k_school":5,"within_15":1,"off_street":0,"ward":"Old Bodija","lga":"Ibadan North"},"geometry":{"type":"Polygon","coordinates":[[[3.91009,7.40779],[3.90853,7.40869],[3.90695,7.40779],[3.90695,7.40598],[3.90852,7.40508],[3.91009,7.40598],[3.91009,7.40779]]]}},{"type":"Feature","properties":{"minutes":10.38,"people":552,"clinic_min":7.53,"school_min":13.22,"k_clinic":5,"k_school":5,"within_15":1,"off_street":0,"ward":"Agodi","lga":"Ibadan North"},"geometry":{"type":"Polygon","coordinates":[[[3.91323,7.40778],[3.91166,7.40869],[3.91009,7.40779],[3.91009,7.40598],[3.91166,7.40507],[3.91323,7.40597],[3.91323,7.40778]]]}},{"type":"Feature","properties":{"minutes":9.38,"people":540,"clinic_min":8.11,"school_min":10.65,"k_clinic":5,"k_school":5,"within_15":1,"off_street":0,"ward":"Agodi","lga":"Ibadan North"},"geometry":{"type":"Polygon","coordinates":[[[3.91637,7.40777],[3.9148,7.40868],[3.91323,7.40778],[3.91323,7.40597],[3.9148,7.40506],[3.91637,7.40596],[3.91637,7.40777]]]}},{"type":"Feature","properties":{"minutes":11.37,"people":648,"clinic_min":11.76,"school_min":10.97,"k_clinic":5,"k_school":5,"within_15":1,"off_street":0,"ward":"Agodi","lga":"Ibadan North"},"geometry":{"type":"Polygon","coordinates":[[[3.91951,7.40777],[3.91794,7.40867],[3.91637,7.40777],[3.91637,7.40596],[3.91793,7.40506],[3.91951,7.40596],[3.91951,7.40777]]]}},{"type":"Feature","properties":{"minutes":8.99,"people":592,"clinic_min":9.9,"school_min":8.09,"k_clinic":5,"k_school":5,"within_15":1,"off_street":0,"ward":"Agodi","lga":"Ibadan North"},"geometry":{"type":"Polygon","coordinates":[[[3.92265,7.40776],[3.92108,7.40867],[3.91951,7.40777],[3.91951,7.40596],[3.92107,7.40505],[3.92264,7.40595],[3.92265,7.40776]]]}},{"type":"Feature","properties":{"minutes":8.54,"people":688,"clinic_min":8.0,"school_min":9.07,"k_clinic":5,"k_school":5,"within_15":1,"off_street":0,"ward":"Bashorun","lga":"Ibadan North"},"geometry":{"type":"Polygon","coordinates":[[[3.92579,7.40775],[3.92422,7.40866],[3.92265,7.40776],[3.92264,7.40595],[3.92421,7.40504],[3.92578,7.40594],[3.92579,7.40775]]]}},{"type":"Feature","properties":{"minutes":5.32,"people":820,"clinic_min":5.21,"school_min":5.42,"k_clinic":5,"k_school":5,"within_15":1,"off_street":0,"ward":"Bashorun","lga":"Ibadan North"},"geometry":{"type":"Polygon","coordinates":[[[3.92893,7.40775],[3.92736,7.40865],[3.92579,7.40775],[3.92578,7.40594],[3.92735,7.40504],[3.92892,7.40594],[3.92893,7.40775]]]}},{"type":"Feature","properties":{"minutes":8.92,"people":1315,"clinic_min":9.48,"school_min":8.36,"k_clinic":5,"k_school":5,"within_15":1,"off_street":0,"ward":"Basorun","lga":"Ibadan North East"},"geometry":{"type":"Polygon","coordinates":[[[3.93206,7.40774],[3.9305,7.40865],[3.92893,7.40775],[3.92892,7.40594],[3.93049,7.40503],[3.93206,7.40593],[3.93206,7.40774]]]}},{"type":"Feature","properties":{"minutes":7.34,"people":766,"clinic_min":6.33,"school_min":8.35,"k_clinic":5,"k_school":5,"within_15":1,"off_street":0,"ward":"Basorun","lga":"Ibadan North East"},"geometry":{"type":"Polygon","coordinates":[[[3.9352,7.40773],[3.93364,7.40864],[3.93206,7.40774],[3.93206,7.40593],[3.93363,7.40502],[3.9352,7.40592],[3.9352,7.40773]]]}},{"type":"Feature","properties":{"minutes":8.02,"people":1011,"clinic_min":6.43,"school_min":9.61,"k_clinic":5,"k_school":5,"within_15":1,"off_street":0,"ward":"Basorun","lga":"Ibadan North East"},"geometry":{"type":"Polygon","coordinates":[[[3.93834,7.40773],[3.93677,7.40863],[3.9352,7.40773],[3.9352,7.40592],[3.93677,7.40502],[3.93834,7.40592],[3.93834,7.40773]]]}},{"type":"Feature","properties":{"minutes":11.74,"people":1040,"clinic_min":5.68,"school_min":17.8,"k_clinic":5,"k_school":5,"within_15":1,"off_street":0,"ward":"Basorun","lga":"Ibadan North East"},"geometry":{"type":"Polygon","coordinates":[[[3.94148,7.40772],[3.93991,7.40863],[3.93834,7.40773],[3.93834,7.40592],[3.93991,7.40501],[3.94148,7.40591],[3.94148,7.40772]]]}},{"type":"Feature","properties":{"minutes":15.66,"people":1233,"clinic_min":8.77,"school_min":22.56,"k_clinic":5,"k_school":5,"within_15":0,"off_street":0,"ward":"Basorun","lga":"Ibadan North East"},"geometry":{"type":"Polygon","coordinates":[[[3.94462,7.40771],[3.94305,7.40862],[3.94148,7.40772],[3.94148,7.40591],[3.94304,7.405],[3.94462,7.4059],[3.94462,7.40771]]]}},{"type":"Feature","properties":{"minutes":39.58,"people":712,"clinic_min":41.68,"school_min":37.47,"k_clinic":5,"k_school":5,"within_15":0,"off_street":0,"ward":"Olopomewa","lga":"Ibadan North West"},"geometry":{"type":"Polygon","coordinates":[[[3.82692,7.41066],[3.82535,7.41157],[3.82378,7.41067],[3.82378,7.40886],[3.82535,7.40795],[3.82692,7.40885],[3.82692,7.41066]]]}},{"type":"Feature","properties":{"minutes":45.9,"people":616,"clinic_min":47.83,"school_min":43.97,"k_clinic":5,"k_school":5,"within_15":0,"off_street":0,"ward":"Olopomewa","lga":"Ibadan North West"},"geometry":{"type":"Polygon","coordinates":[[[3.83006,7.41066],[3.82849,7.41156],[3.82692,7.41066],[3.82692,7.40885],[3.82849,7.40794],[3.83006,7.40885],[3.83006,7.41066]]]}},{"type":"Feature","properties":{"minutes":24.99,"people":8,"clinic_min":28.29,"school_min":21.68,"k_clinic":5,"k_school":5,"within_15":0,"off_street":0,"ward":"Olopomewa","lga":"Ibadan North West"},"geometry":{"type":"Polygon","coordinates":[[[3.85203,7.41061],[3.85046,7.41152],[3.84889,7.41062],[3.84889,7.40881],[3.85046,7.4079],[3.85203,7.4088],[3.85203,7.41061]]]}},{"type":"Feature","properties":{"minutes":16.64,"people":140,"clinic_min":17.8,"school_min":15.47,"k_clinic":5,"k_school":5,"within_15":0,"off_street":0,"ward":"Olopomewa","lga":"Ibadan North West"},"geometry":{"type":"Polygon","coordinates":[[[3.86145,7.4106],[3.85988,7.4115],[3.85831,7.4106],[3.85831,7.40879],[3.85987,7.40789],[3.86144,7.40879],[3.86145,7.4106]]]}},{"type":"Feature","properties":{"minutes":15.83,"people":384,"clinic_min":16.5,"school_min":15.16,"k_clinic":5,"k_school":5,"within_15":0,"off_street":0,"ward":"Eleyele","lga":"Ibadan North West"},"geometry":{"type":"Polygon","coordinates":[[[3.86459,7.41059],[3.86302,7.4115],[3.86145,7.4106],[3.86144,7.40879],[3.86301,7.40788],[3.86458,7.40878],[3.86459,7.41059]]]}},{"type":"Feature","properties":{"minutes":10.84,"people":365,"clinic_min":10.64,"school_min":11.04,"k_clinic":5,"k_school":5,"within_15":1,"off_street":0,"ward":"Eleyele","lga":"Ibadan North West"},"geometry":{"type":"Polygon","coordinates":[[[3.86773,7.41058],[3.86616,7.41149],[3.86459,7.41059],[3.86458,7.40878],[3.86615,7.40787],[3.86772,7.40877],[3.86773,7.41058]]]}},{"type":"Feature","properties":{"minutes":10.18,"people":419,"clinic_min":8.46,"school_min":11.9,"k_clinic":5,"k_school":5,"within_15":1,"off_street":0,"ward":"Eleyele","lga":"Ibadan North West"},"geometry":{"type":"Polygon","coordinates":[[[3.87086,7.41058],[3.8693,7.41148],[3.86773,7.41058],[3.86772,7.40877],[3.86929,7.40787],[3.87086,7.40877],[3.87086,7.41058]]]}},{"type":"Feature","properties":{"minutes":11.88,"people":115,"clinic_min":10.3,"school_min":13.46,"k_clinic":5,"k_school":5,"within_15":1,"off_street":0,"ward":"Eleyele","lga":"Ibadan North West"},"geometry":{"type":"Polygon","coordinates":[[[3.874,7.41057],[3.87244,7.41148],[3.87086,7.41058],[3.87086,7.40877],[3.87243,7.40786],[3.874,7.40876],[3.874,7.41057]]]}},{"type":"Feature","properties":{"minutes":15.35,"people":183,"clinic_min":13.08,"school_min":17.62,"k_clinic":5,"k_school":5,"within_15":0,"off_street":0,"ward":"Eleyele","lga":"Ibadan North West"},"geometry":{"type":"Polygon","coordinates":[[[3.87714,7.41056],[3.87557,7.41147],[3.874,7.41057],[3.874,7.40876],[3.87557,7.40785],[3.87714,7.40876],[3.87714,7.41056]]]}},{"type":"Feature","properties":{"minutes":11.71,"people":148,"clinic_min":16.46,"school_min":6.96,"k_clinic":5,"k_school":5,"within_15":1,"off_street":0,"ward":"Eleyele","lga":"Ibadan North West"},"geometry":{"type":"Polygon","coordinates":[[[3.88028,7.41056],[3.87871,7.41147],[3.87714,7.41056],[3.87714,7.40876],[3.87871,7.40785],[3.88028,7.40875],[3.88028,7.41056]]]}},{"type":"Feature","properties":{"minutes":9.78,"people":24,"clinic_min":10.95,"school_min":8.61,"k_clinic":5,"k_school":5,"within_15":1,"off_street":0,"ward":"Afonta","lga":"Ibadan North West"},"geometry":{"type":"Polygon","coordinates":[[[3.88342,7.41055],[3.88185,7.41146],[3.88028,7.41056],[3.88028,7.40875],[3.88184,7.40784],[3.88342,7.40874],[3.88342,7.41055]]]}},{"type":"Feature","properties":{"minutes":12.66,"people":202,"clinic_min":12.96,"school_min":12.36,"k_clinic":5,"k_school":5,"within_15":1,"off_street":0,"ward":"Afonta","lga":"Ibadan North West"},"geometry":{"type":"Polygon","coordinates":[[[3.88656,7.41055],[3.88499,7.41145],[3.88342,7.41055],[3.88342,7.40874],[3.88498,7.40784],[3.88655,7.40874],[3.88656,7.41055]]]}},{"type":"Feature","properties":{"minutes":6.73,"people":237,"clinic_min":8.49,"school_min":4.97,"k_clinic":5,"k_school":5,"within_15":1,"off_street":0,"ward":"Oke Itunu","lga":"Ibadan North"},"geometry":{"type":"Polygon","coordinates":[[[3.8897,7.41054],[3.88813,7.41145],[3.88656,7.41055],[3.88655,7.40874],[3.88812,7.40783],[3.88969,7.40873],[3.8897,7.41054]]]}},{"type":"Feature","properties":{"minutes":4.37,"people":1078,"clinic_min":4.54,"school_min":4.21,"k_clinic":5,"k_school":5,"within_15":1,"off_street":0,"ward":"Ago Tapa","lga":"Ibadan North"},"geometry":{"type":"Polygon","coordinates":[[[3.89284,7.41053],[3.89127,7.41144],[3.8897,7.41054],[3.88969,7.40873],[3.89126,7.40782],[3.89283,7.40872],[3.89284,7.41053]]]}},{"type":"Feature","properties":{"minutes":8.54,"people":161,"clinic_min":8.21,"school_min":8.86,"k_clinic":5,"k_school":5,"within_15":1,"off_street":0,"ward":"Ago Tapa","lga":"Ibadan North"},"geometry":{"type":"Polygon","coordinates":[[[3.89597,7.41053],[3.89441,7.41144],[3.89284,7.41053],[3.89283,7.40872],[3.8944,7.40782],[3.89597,7.40872],[3.89597,7.41053]]]}},{"type":"Feature","properties":{"minutes":18.34,"people":51,"clinic_min":15.34,"school_min":21.34,"k_clinic":5,"k_school":5,"within_15":0,"off_street":0,"ward":"Old Bodija","lga":"Ibadan North"},"geometry":{"type":"Polygon","coordinates":[[[3.90225,7.41051],[3.90068,7.41142],[3.89911,7.41052],[3.89911,7.40871],[3.90068,7.4078],[3.90225,7.40871],[3.90225,7.41051]]]}},{"type":"Feature","properties":{"minutes":15.46,"people":434,"clinic_min":12.61,"school_min":18.31,"k_clinic":5,"k_school":5,"within_15":0,"off_street":0,"ward":"Old Bodija","lga":"Ibadan North"},"geometry":{"type":"Polygon","coordinates":[[[3.90539,7.41051],[3.90382,7.41142],[3.90225,7.41051],[3.90225,7.40871],[3.90382,7.4078],[3.90539,7.4087],[3.90539,7.41051]]]}},{"type":"Feature","properties":{"minutes":15.84,"people":462,"clinic_min":12.69,"school_min":18.99,"k_clinic":5,"k_school":5,"within_15":0,"off_street":0,"ward":"Old Bodija","lga":"Ibadan North"},"geometry":{"type":"Polygon","coordinates":[[[3.90853,7.4105],[3.90696,7.41141],[3.90539,7.41051],[3.90539,7.4087],[3.90695,7.40779],[3.90853,7.40869],[3.90853,7.4105]]]}},{"type":"Feature","properties":{"minutes":13.26,"people":492,"clinic_min":9.43,"school_min":17.09,"k_clinic":5,"k_school":5,"within_15":1,"off_street":0,"ward":"Old Bodija","lga":"Ibadan North"},"geometry":{"type":"Polygon","coordinates":[[[3.91167,7.4105],[3.9101,7.4114],[3.90853,7.4105],[3.90853,7.40869],[3.91009,7.40779],[3.91166,7.40869],[3.91167,7.4105]]]}},{"type":"Feature","properties":{"minutes":12.41,"people":543,"clinic_min":9.98,"school_min":14.84,"k_clinic":5,"k_school":5,"within_15":1,"off_street":0,"ward":"Old Bodija","lga":"Ibadan North"},"geometry":{"type":"Polygon","coordinates":[[[3.91481,7.41049],[3.91324,7.4114],[3.91167,7.4105],[3.91166,7.40869],[3.91323,7.40778],[3.9148,7.40868],[3.91481,7.41049]]]}},{"type":"Feature","properties":{"minutes":12.26,"people":523,"clinic_min":11.04,"school_min":13.47,"k_clinic":5,"k_school":5,"within_15":1,"off_street":0,"ward":"Bashorun","lga":"Ibadan North"},"geometry":{"type":"Polygon","coordinates":[[[3.91795,7.41048],[3.91638,7.41139],[3.91481,7.41049],[3.9148,7.40868],[3.91637,7.40777],[3.91794,7.40867],[3.91795,7.41048]]]}},{"type":"Feature","properties":{"minutes":10.39,"people":784,"clinic_min":12.47,"school_min":8.31,"k_clinic":5,"k_school":5,"within_15":1,"off_street":0,"ward":"Bashorun","lga":"Ibadan North"},"geometry":{"type":"Polygon","coordinates":[[[3.92108,7.41048],[3.91952,7.41138],[3.91795,7.41048],[3.91794,7.40867],[3.91951,7.40777],[3.92108,7.40867],[3.92108,7.41048]]]}},{"type":"Feature","properties":{"minutes":10.07,"people":841,"clinic_min":8.41,"school_min":11.72,"k_clinic":5,"k_school":5,"within_15":1,"off_street":0,"ward":"Bashorun","lga":"Ibadan North"},"geometry":{"type":"Polygon","coordinates":[[[3.92422,7.41047],[3.92266,7.41138],[3.92108,7.41048],[3.92108,7.40867],[3.92265,7.40776],[3.92422,7.40866],[3.92422,7.41047]]]}},{"type":"Feature","properties":{"minutes":9.68,"people":850,"clinic_min":9.03,"school_min":10.33,"k_clinic":5,"k_school":5,"within_15":1,"off_street":0,"ward":"Bashorun","lga":"Ibadan North"},"geometry":{"type":"Polygon","coordinates":[[[3.92736,7.41046],[3.92579,7.41137],[3.92422,7.41047],[3.92422,7.40866],[3.92579,7.40775],[3.92736,7.40865],[3.92736,7.41046]]]}},{"type":"Feature","properties":{"minutes":7.31,"people":554,"clinic_min":8.21,"school_min":6.4,"k_clinic":5,"k_school":5,"within_15":1,"off_street":0,"ward":"Bashorun","lga":"Ibadan North"},"geometry":{"type":"Polygon","coordinates":[[[3.9305,7.41046],[3.92893,7.41136],[3.92736,7.41046],[3.92736,7.40865],[3.92893,7.40775],[3.9305,7.40865],[3.9305,7.41046]]]}},{"type":"Feature","properties":{"minutes":9.79,"people":406,"clinic_min":9.19,"school_min":10.39,"k_clinic":5,"k_school":5,"within_15":1,"off_street":0,"ward":"Basorun","lga":"Ibadan North East"},"geometry":{"type":"Polygon","coordinates":[[[3.93364,7.41045],[3.93207,7.41136],[3.9305,7.41046],[3.9305,7.40865],[3.93206,7.40774],[3.93364,7.40864],[3.93364,7.41045]]]}},{"type":"Feature","properties":{"minutes":10.93,"people":441,"clinic_min":8.52,"school_min":13.35,"k_clinic":5,"k_school":5,"within_15":1,"off_street":0,"ward":"Basorun","lga":"Ibadan North East"},"geometry":{"type":"Polygon","coordinates":[[[3.93678,7.41044],[3.93521,7.41135],[3.93364,7.41045],[3.93364,7.40864],[3.9352,7.40773],[3.93677,7.40863],[3.93678,7.41044]]]}},{"type":"Feature","properties":{"minutes":15.15,"people":1085,"clinic_min":13.1,"school_min":17.2,"k_clinic":5,"k_school":5,"within_15":0,"off_street":0,"ward":"Basorun","lga":"Ibadan North East"},"geometry":{"type":"Polygon","coordinates":[[[3.93992,7.41044],[3.93835,7.41134],[3.93678,7.41044],[3.93677,7.40863],[3.93834,7.40773],[3.93991,7.40863],[3.93992,7.41044]]]}},{"type":"Feature","properties":{"minutes":11.48,"people":1160,"clinic_min":5.92,"school_min":17.03,"k_clinic":5,"k_school":5,"within_15":1,"off_street":0,"ward":"Basorun","lga":"Ibadan North East"},"geometry":{"type":"Polygon","coordinates":[[[3.94306,7.41043],[3.94149,7.41134],[3.93992,7.41044],[3.93991,7.40863],[3.94148,7.40772],[3.94305,7.40862],[3.94306,7.41043]]]}},{"type":"Feature","properties":{"minutes":35.04,"people":504,"clinic_min":36.77,"school_min":33.31,"k_clinic":5,"k_school":5,"within_15":0,"off_street":0,"ward":"Olopomewa","lga":"Ibadan North West"},"geometry":{"type":"Polygon","coordinates":[[[3.8285,7.41337],[3.82693,7.41428],[3.82536,7.41338],[3.82535,7.41157],[3.82692,7.41066],[3.82849,7.41156],[3.8285,7.41337]]]}},{"type":"Feature","properties":{"minutes":33.66,"people":569,"clinic_min":35.17,"school_min":32.15,"k_clinic":5,"k_school":5,"within_15":0,"off_street":0,"ward":"Olopomewa","lga":"Ibadan North West"},"geometry":{"type":"Polygon","coordinates":[[[3.83163,7.41337],[3.83007,7.41427],[3.8285,7.41337],[3.82849,7.41156],[3.83006,7.41066],[3.83163,7.41156],[3.83163,7.41337]]]}},{"type":"Feature","properties":{"minutes":32.74,"people":181,"clinic_min":34.7,"school_min":30.78,"k_clinic":5,"k_school":5,"within_15":0,"off_street":0,"ward":"Olopomewa","lga":"Ibadan North West"},"geometry":{"type":"Polygon","coordinates":[[[3.83477,7.41336],[3.83321,7.41427],[3.83163,7.41337],[3.83163,7.41156],[3.8332,7.41065],[3.83477,7.41155],[3.83477,7.41336]]]}},{"type":"Feature","properties":{"minutes":31.21,"people":743,"clinic_min":33.64,"school_min":28.77,"k_clinic":5,"k_school":5,"within_15":0,"off_street":0,"ward":"Olopomewa","lga":"Ibadan North West"},"geometry":{"type":"Polygon","coordinates":[[[3.83791,7.41335],[3.83634,7.41426],[3.83477,7.41336],[3.83477,7.41155],[3.83634,7.41064],[3.83791,7.41155],[3.83791,7.41335]]]}},{"type":"Feature","properties":{"minutes":34.74,"people":201,"clinic_min":37.43,"school_min":32.05,"k_clinic":5,"k_school":5,"within_15":0,"off_street":0,"ward":"Olopomewa","lga":"Ibadan North West"},"geometry":{"type":"Polygon","coordinates":[[[3.84105,7.41335],[3.83948,7.41426],[3.83791,7.41335],[3.83791,7.41155],[3.83948,7.41064],[3.84105,7.41154],[3.84105,7.41335]]]}},{"type":"Feature","properties":{"minutes":19.7,"people":7,"clinic_min":19.71,"school_min":19.68,"k_clinic":5,"k_school":5,"within_15":0,"off_street":0,"ward":"Olopomewa","lga":"Ibadan North West"},"geometry":{"type":"Polygon","coordinates":[[[3.84733,7.41334],[3.84576,7.41424],[3.84419,7.41334],[3.84419,7.41153],[3.84575,7.41063],[3.84733,7.41153],[3.84733,7.41334]]]}},{"type":"Feature","properties":{"minutes":21.84,"people":62,"clinic_min":22.72,"school_min":20.97,"k_clinic":5,"k_school":5,"within_15":0,"off_street":0,"ward":"Olopomewa","lga":"Ibadan North West"},"geometry":{"type":"Polygon","coordinates":[[[3.85675,7.41332],[3.85518,7.41423],[3.85361,7.41332],[3.8536,7.41152],[3.85517,7.41061],[3.85674,7.41151],[3.85675,7.41332]]]}},{"type":"Feature","properties":{"minutes":16.86,"people":38,"clinic_min":17.52,"school_min":16.19,"k_clinic":5,"k_school":5,"within_15":0,"off_street":0,"ward":"Olopomewa","lga":"Ibadan North West"},"geometry":{"type":"Polygon","coordinates":[[[3.85988,7.41331],[3.85832,7.41422],[3.85675,7.41332],[3.85674,7.41151],[3.85831,7.4106],[3.85988,7.4115],[3.85988,7.41331]]]}},{"type":"Feature","properties":{"minutes":14.13,"people":256,"clinic_min":14.79,"school_min":13.46,"k_clinic":5,"k_school":5,"within_15":1,"off_street":0,"ward":"Olopomewa","lga":"Ibadan North West"},"geometry":{"type":"Polygon","coordinates":[[[3.86302,7.41331],[3.86146,7.41421],[3.85988,7.41331],[3.85988,7.4115],[3.86145,7.4106],[3.86302,7.4115],[3.86302,7.41331]]]}},{"type":"Feature","properties":{"minutes":8.77,"people":827,"clinic_min":9.12,"school_min":8.42,"k_clinic":5,"k_school":5,"within_15":1,"off_street":0,"ward":"Eleyele","lga":"Ibadan North West"},"geometry":{"type":"Polygon","coordinates":[[[3.86616,7.4133],[3.86459,7.41421],[3.86302,7.41331],[3.86302,7.4115],[3.86459,7.41059],[3.86616,7.41149],[3.86616,7.4133]]]}},{"type":"Feature","properties":{"minutes":9.69,"people":568,"clinic_min":9.48,"school_min":9.9,"k_clinic":5,"k_school":5,"within_15":1,"off_street":0,"ward":"Eleyele","lga":"Ibadan North West"},"geometry":{"type":"Polygon","coordinates":[[[3.8693,7.41329],[3.86773,7.4142],[3.86616,7.4133],[3.86616,7.41149],[3.86773,7.41058],[3.8693,7.41148],[3.8693,7.41329]]]}},{"type":"Feature","properties":{"minutes":11.52,"people":357,"clinic_min":10.32,"school_min":12.72,"k_clinic":5,"k_school":5,"within_15":1,"off_street":0,"ward":"Eleyele","lga":"Ibadan North West"},"geometry":{"type":"Polygon","coordinates":[[[3.87244,7.41329],[3.87087,7.4142],[3.8693,7.41329],[3.8693,7.41148],[3.87086,7.41058],[3.87244,7.41148],[3.87244,7.41329]]]}},{"type":"Feature","properties":{"minutes":15.08,"people":187,"clinic_min":17.99,"school_min":12.17,"k_clinic":5,"k_school":5,"within_15":0,"off_street":0,"ward":"Eleyele","lga":"Ibadan North West"},"geometry":{"type":"Polygon","coordinates":[[[3.87558,7.41328],[3.87401,7.41419],[3.87244,7.41329],[3.87244,7.41148],[3.874,7.41057],[3.87557,7.41147],[3.87558,7.41328]]]}},{"type":"Feature","properties":{"minutes":14.12,"people":36,"clinic_min":17.54,"school_min":10.7,"k_clinic":5,"k_school":5,"within_15":1,"off_street":0,"ward":"Eleyele","lga":"Ibadan North West"},"geometry":{"type":"Polygon","coordinates":[[[3.87872,7.41328],[3.87715,7.41418],[3.87558,7.41328],[3.87557,7.41147],[3.87714,7.41056],[3.87871,7.41147],[3.87872,7.41328]]]}},{"type":"Feature","properties":{"minutes":11.2,"people":136,"clinic_min":12.01,"school_min":10.39,"k_clinic":5,"k_school":5,"within_15":1,"off_street":0,"ward":"Eleyele","lga":"Ibadan North West"},"geometry":{"type":"Polygon","coordinates":[[[3.88186,7.41327],[3.88029,7.41418],[3.87872,7.41328],[3.87871,7.41147],[3.88028,7.41056],[3.88185,7.41146],[3.88186,7.41327]]]}},{"type":"Feature","properties":{"minutes":8.72,"people":107,"clinic_min":8.5,"school_min":8.94,"k_clinic":5,"k_school":5,"within_15":1,"off_street":0,"ward":"Afonta","lga":"Ibadan North West"},"geometry":{"type":"Polygon","coordinates":[[[3.88499,7.41326],[3.88343,7.41417],[3.88186,7.41327],[3.88185,7.41146],[3.88342,7.41055],[3.88499,7.41145],[3.88499,7.41326]]]}},{"type":"Feature","properties":{"minutes":6.49,"people":204,"clinic_min":7.2,"school_min":5.77,"k_clinic":5,"k_school":5,"within_15":1,"off_street":0,"ward":"Oke Itunu","lga":"Ibadan North"},"geometry":{"type":"Polygon","coordinates":[[[3.88813,7.41326],[3.88657,7.41416],[3.88499,7.41326],[3.88499,7.41145],[3.88656,7.41055],[3.88813,7.41145],[3.88813,7.41326]]]}},{"type":"Feature","properties":{"minutes":4.79,"people":891,"clinic_min":5.09,"school_min":4.49,"k_clinic":5,"k_school":5,"within_15":1,"off_street":0,"ward":"Oke Itunu","lga":"Ibadan North"},"geometry":{"type":"Polygon","coordinates":[[[3.89127,7.41325],[3.8897,7.41416],[3.88813,7.41326],[3.88813,7.41145],[3.8897,7.41054],[3.89127,7.41144],[3.89127,7.41325]]]}},{"type":"Feature","properties":{"minutes":4.8,"people":943,"clinic_min":4.54,"school_min":5.06,"k_clinic":5,"k_school":5,"within_15":1,"off_street":0,"ward":"Oke Itunu","lga":"Ibadan North"},"geometry":{"type":"Polygon","coordinates":[[[3.89441,7.41324],[3.89284,7.41415],[3.89127,7.41325],[3.89127,7.41144],[3.89284,7.41053],[3.89441,7.41144],[3.89441,7.41324]]]}},{"type":"Feature","properties":{"minutes":6.82,"people":283,"clinic_min":5.59,"school_min":8.05,"k_clinic":5,"k_school":5,"within_15":1,"off_street":0,"ward":"Old Bodija","lga":"Ibadan North"},"geometry":{"type":"Polygon","coordinates":[[[3.89755,7.41324],[3.89598,7.41415],[3.89441,7.41324],[3.89441,7.41144],[3.89597,7.41053],[3.89755,7.41143],[3.89755,7.41324]]]}},{"type":"Feature","properties":{"minutes":16.22,"people":413,"clinic_min":13.92,"school_min":18.51,"k_clinic":5,"k_school":5,"within_15":0,"off_street":0,"ward":"Old Bodija","lga":"Ibadan North"},"geometry":{"type":"Polygon","coordinates":[[[3.90069,7.41323],[3.89912,7.41414],[3.89755,7.41324],[3.89755,7.41143],[3.89911,7.41052],[3.90068,7.41142],[3.90069,7.41323]]]}},{"type":"Feature","properties":{"minutes":16.52,"people":662,"clinic_min":14.0,"school_min":19.04,"k_clinic":5,"k_school":5,"within_15":0,"off_street":0,"ward":"Old Bodija","lga":"Ibadan North"},"geometry":{"type":"Polygon","coordinates":[[[3.90383,7.41322],[3.90226,7.41413],[3.90069,7.41323],[3.90068,7.41142],[3.90225,7.41051],[3.90382,7.41142],[3.90383,7.41322]]]}},{"type":"Feature","properties":{"minutes":13.16,"people":510,"clinic_min":9.36,"school_min":16.97,"k_clinic":5,"k_school":5,"within_15":1,"off_street":0,"ward":"Old Bodija","lga":"Ibadan North"},"geometry":{"type":"Polygon","coordinates":[[[3.90697,7.41322],[3.9054,7.41413],[3.90383,7.41322],[3.90382,7.41142],[3.90539,7.41051],[3.90696,7.41141],[3.90697,7.41322]]]}},{"type":"Feature","properties":{"minutes":13.34,"people":387,"clinic_min":8.63,"school_min":18.06,"k_clinic":5,"k_school":5,"within_15":1,"off_street":0,"ward":"Old Bodija","lga":"Ibadan North"},"geometry":{"type":"Polygon","coordinates":[[[3.9101,7.41321],[3.90854,7.41412],[3.90697,7.41322],[3.90696,7.41141],[3.90853,7.4105],[3.9101,7.4114],[3.9101,7.41321]]]}},{"type":"Feature","properties":{"minutes":11.9,"people":537,"clinic_min":8.77,"school_min":15.04,"k_clinic":5,"k_school":5,"within_15":1,"off_street":0,"ward":"Old Bodija","lga":"Ibadan North"},"geometry":{"type":"Polygon","coordinates":[[[3.91324,7.41321],[3.91168,7.41411],[3.9101,7.41321],[3.9101,7.4114],[3.91167,7.4105],[3.91324,7.4114],[3.91324,7.41321]]]}},{"type":"Feature","properties":{"minutes":12.86,"people":783,"clinic_min":11.13,"school_min":14.6,"k_clinic":5,"k_school":5,"within_15":1,"off_street":0,"ward":"Bashorun","lga":"Ibadan North"},"geometry":{"type":"Polygon","coordinates":[[[3.91638,7.4132],[3.91481,7.41411],[3.91324,7.41321],[3.91324,7.4114],[3.91481,7.41049],[3.91638,7.41139],[3.91638,7.4132]]]}},{"type":"Feature","properties":{"minutes":11.11,"people":1565,"clinic_min":10.19,"school_min":12.04,"k_clinic":5,"k_school":5,"within_15":1,"off_street":0,"ward":"Bashorun","lga":"Ibadan North"},"geometry":{"type":"Polygon","coordinates":[[[3.91952,7.41319],[3.91795,7.4141],[3.91638,7.4132],[3.91638,7.41139],[3.91795,7.41048],[3.91952,7.41138],[3.91952,7.41319]]]}},{"type":"Feature","properties":{"minutes":9.91,"people":1270,"clinic_min":8.29,"school_min":11.52,"k_clinic":5,"k_school":5,"within_15":1,"off_street":0,"ward":"Bashorun","lga":"Ibadan North"},"geometry":{"type":"Polygon","coordinates":[[[3.92266,7.41319],[3.92109,7.41409],[3.91952,7.41319],[3.91952,7.41138],[3.92108,7.41048],[3.92266,7.41138],[3.92266,7.41319]]]}},{"type":"Feature","properties":{"minutes":13.95,"people":1132,"clinic_min":12.36,"school_min":15.54,"k_clinic":5,"k_school":5,"within_15":1,"off_street":0,"ward":"Bashorun","lga":"Ibadan North"},"geometry":{"type":"Polygon","coordinates":[[[3.9258,7.41318],[3.92423,7.41409],[3.92266,7.41319],[3.92266,7.41138],[3.92422,7.41047],[3.92579,7.41137],[3.9258,7.41318]]]}},{"type":"Feature","properties":{"minutes":11.7,"people":711,"clinic_min":10.76,"school_min":12.63,"k_clinic":5,"k_school":5,"within_15":1,"off_street":0,"ward":"Bashorun","lga":"Ibadan North"},"geometry":{"type":"Polygon","coordinates":[[[3.92894,7.41317],[3.92737,7.41408],[3.9258,7.41318],[3.92579,7.41137],[3.92736,7.41046],[3.92893,7.41136],[3.92894,7.41317]]]}},{"type":"Feature","properties":{"minutes":9.25,"people":1015,"clinic_min":9.19,"school_min":9.31,"k_clinic":5,"k_school":5,"within_15":1,"off_street":0,"ward":"Bashorun","lga":"Ibadan North"},"geometry":{"type":"Polygon","coordinates":[[[3.93208,7.41317],[3.93051,7.41407],[3.92894,7.41317],[3.92893,7.41136],[3.9305,7.41046],[3.93207,7.41136],[3.93208,7.41317]]]}},{"type":"Feature","properties":{"minutes":7.69,"people":734,"clinic_min":5.27,"school_min":10.11,"k_clinic":5,"k_school":5,"within_15":1,"off_street":0,"ward":"Basorun","lga":"Ibadan North East"},"geometry":{"type":"Polygon","coordinates":[[[3.93521,7.41316],[3.93365,7.41407],[3.93208,7.41317],[3.93207,7.41136],[3.93364,7.41045],[3.93521,7.41135],[3.93521,7.41316]]]}},{"type":"Feature","properties":{"minutes":11.36,"people":1253,"clinic_min":9.21,"school_min":13.51,"k_clinic":5,"k_school":5,"within_15":1,"off_street":0,"ward":"Basorun","lga":"Ibadan North East"},"geometry":{"type":"Polygon","coordinates":[[[3.93835,7.41315],[3.93679,7.41406],[3.93521,7.41316],[3.93521,7.41135],[3.93678,7.41044],[3.93835,7.41134],[3.93835,7.41315]]]}},{"type":"Feature","properties":{"minutes":18.03,"people":877,"clinic_min":13.75,"school_min":22.31,"k_clinic":5,"k_school":5,"within_15":0,"off_street":0,"ward":"Basorun","lga":"Ibadan North East"},"geometry":{"type":"Polygon","coordinates":[[[3.94149,7.41315],[3.93992,7.41405],[3.93835,7.41315],[3.93835,7.41134],[3.93992,7.41044],[3.94149,7.41134],[3.94149,7.41315]]]}},{"type":"Feature","properties":{"minutes":15.65,"people":823,"clinic_min":9.78,"school_min":21.52,"k_clinic":5,"k_school":5,"within_15":0,"off_street":0,"ward":"Basorun","lga":"Ibadan North East"},"geometry":{"type":"Polygon","coordinates":[[[3.94463,7.41314],[3.94306,7.41405],[3.94149,7.41315],[3.94149,7.41134],[3.94306,7.41043],[3.94463,7.41133],[3.94463,7.41314]]]}},{"type":"Feature","properties":{"minutes":33.01,"people":547,"clinic_min":35.09,"school_min":30.92,"k_clinic":5,"k_school":5,"within_15":0,"off_street":0,"ward":"Olopomewa","lga":"Ibadan North West"},"geometry":{"type":"Polygon","coordinates":[[[3.82693,7.41609],[3.82536,7.417],[3.82379,7.41609],[3.82379,7.41428],[3.82536,7.41338],[3.82693,7.41428],[3.82693,7.41609]]]}},{"type":"Feature","properties":{"minutes":29.66,"people":210,"clinic_min":31.41,"school_min":27.91,"k_clinic":5,"k_school":5,"within_15":0,"off_street":0,"ward":"Olopomewa","lga":"Ibadan North West"},"geometry":{"type":"Polygon","coordinates":[[[3.83007,7.41608],[3.8285,7.41699],[3.82693,7.41609],[3.82693,7.41428],[3.8285,7.41337],[3.83007,7.41427],[3.83007,7.41608]]]}},{"type":"Feature","properties":{"minutes":27.09,"people":460,"clinic_min":28.54,"school_min":25.64,"k_clinic":5,"k_school":5,"within_15":0,"off_street":0,"ward":"Olopomewa","lga":"Ibadan North West"},"geometry":{"type":"Polygon","coordinates":[[[3.83321,7.41608],[3.83164,7.41698],[3.83007,7.41608],[3.83007,7.41427],[3.83163,7.41337],[3.83321,7.41427],[3.83321,7.41608]]]}},{"type":"Feature","properties":{"minutes":27.15,"people":442,"clinic_min":28.61,"school_min":25.68,"k_clinic":5,"k_school":5,"within_15":0,"off_street":0,"ward":"Olopomewa","lga":"Ibadan North West"},"geometry":{"type":"Polygon","coordinates":[[[3.83635,7.41607],[3.83478,7.41698],[3.83321,7.41608],[3.83321,7.41427],[3.83477,7.41336],[3.83634,7.41426],[3.83635,7.41607]]]}},{"type":"Feature","properties":{"minutes":27.43,"people":726,"clinic_min":26.8,"school_min":28.07,"k_clinic":5,"k_school":5,"within_15":0,"off_street":0,"ward":"Olopomewa","lga":"Ibadan North West"},"geometry":{"type":"Polygon","coordinates":[[[3.83949,7.41606],[3.83792,7.41697],[3.83635,7.41607],[3.83634,7.41426],[3.83791,7.41335],[3.83948,7.41426],[3.83949,7.41606]]]}},{"type":"Feature","properties":{"minutes":25.86,"people":641,"clinic_min":25.22,"school_min":26.5,"k_clinic":5,"k_school":5,"within_15":0,"off_street":0,"ward":"Olopomewa","lga":"Ibadan North West"},"geometry":{"type":"Polygon","coordinates":[[[3.84263,7.41606],[3.84106,7.41697],[3.83949,7.41606],[3.83948,7.41426],[3.84105,7.41335],[3.84262,7.41425],[3.84263,7.41606]]]}},{"type":"Feature","properties":{"minutes":21.74,"people":699,"clinic_min":21.07,"school_min":22.4,"k_clinic":5,"k_school":5,"within_15":0,"off_street":0,"ward":"Olopomewa","lga":"Ibadan North West"},"geometry":{"type":"Polygon","coordinates":[[[3.84576,7.41605],[3.8442,7.41696],[3.84263,7.41606],[3.84262,7.41425],[3.84419,7.41334],[3.84576,7.41424],[3.84576,7.41605]]]}},{"type":"Feature","properties":{"minutes":20.92,"people":504,"clinic_min":21.04,"school_min":20.8,"k_clinic":5,"k_school":5,"within_15":0,"off_street":0,"ward":"Olopomewa","lga":"Ibadan North West"},"geometry":{"type":"Polygon","coordinates":[[[3.8489,7.41605],[3.84734,7.41695],[3.84576,7.41605],[3.84576,7.41424],[3.84733,7.41334],[3.8489,7.41424],[3.8489,7.41605]]]}},{"type":"Feature","properties":{"minutes":16.45,"people":269,"clinic_min":15.2,"school_min":17.7,"k_clinic":5,"k_school":5,"within_15":0,"off_street":0,"ward":"Olopomewa","lga":"Ibadan North West"},"geometry":{"type":"Polygon","coordinates":[[[3.85204,7.41604],[3.85047,7.41695],[3.8489,7.41605],[3.8489,7.41424],[3.85047,7.41333],[3.85204,7.41423],[3.85204,7.41604]]]}},{"type":"Feature","properties":{"minutes":14.31,"people":399,"clinic_min":11.56,"school_min":17.05,"k_clinic":5,"k_school":5,"within_15":1,"off_street":0,"ward":"Olopomewa","lga":"Ibadan North West"},"geometry":{"type":"Polygon","coordinates":[[[3.85518,7.41603],[3.85361,7.41694],[3.85204,7.41604],[3.85204,7.41423],[3.85361,7.41332],[3.85518,7.41423],[3.85518,7.41603]]]}},{"type":"Feature","properties":{"minutes":16.08,"people":427,"clinic_min":12.73,"school_min":19.43,"k_clinic":5,"k_school":5,"within_15":0,"off_street":0,"ward":"Olopomewa","lga":"Ibadan North West"},"geometry":{"type":"Polygon","coordinates":[[[3.85832,7.41603],[3.85675,7.41694],[3.85518,7.41603],[3.85518,7.41423],[3.85675,7.41332],[3.85832,7.41422],[3.85832,7.41603]]]}},{"type":"Feature","properties":{"minutes":7.15,"people":544,"clinic_min":5.12,"school_min":9.18,"k_clinic":5,"k_school":5,"within_15":1,"off_street":0,"ward":"Olopomewa","lga":"Ibadan North West"},"geometry":{"type":"Polygon","coordinates":[[[3.86146,7.41602],[3.85989,7.41693],[3.85832,7.41603],[3.85832,7.41422],[3.85988,7.41331],[3.86146,7.41421],[3.86146,7.41602]]]}},{"type":"Feature","properties":{"minutes":5.88,"people":837,"clinic_min":6.02,"school_min":5.74,"k_clinic":5,"k_school":5,"within_15":1,"off_street":0,"ward":"Eleyele","lga":"Ibadan North West"},"geometry":{"type":"Polygon","coordinates":[[[3.8646,7.41602],[3.86303,7.41692],[3.86146,7.41602],[3.86146,7.41421],[3.86302,7.41331],[3.86459,7.41421],[3.8646,7.41602]]]}},{"type":"Feature","properties":{"minutes":7.89,"people":1671,"clinic_min":8.87,"school_min":6.91,"k_clinic":5,"k_school":5,"within_15":1,"off_street":0,"ward":"Eleyele","lga":"Ibadan North West"},"geometry":{"type":"Polygon","coordinates":[[[3.86774,7.41601],[3.86617,7.41692],[3.8646,7.41602],[3.86459,7.41421],[3.86616,7.4133],[3.86773,7.4142],[3.86774,7.41601]]]}},{"type":"Feature","properties":{"minutes":9.1,"people":1494,"clinic_min":10.52,"school_min":7.68,"k_clinic":5,"k_school":5,"within_15":1,"off_street":0,"ward":"Eleyele","lga":"Ibadan North West"},"geometry":{"type":"Polygon","coordinates":[[[3.87088,7.416],[3.86931,7.41691],[3.86774,7.41601],[3.86773,7.4142],[3.8693,7.41329],[3.87087,7.4142],[3.87088,7.416]]]}},{"type":"Feature","properties":{"minutes":11.14,"people":756,"clinic_min":12.5,"school_min":9.77,"k_clinic":5,"k_school":5,"within_15":1,"off_street":0,"ward":"Eleyele","lga":"Ibadan North West"},"geometry":{"type":"Polygon","coordinates":[[[3.87401,7.416],[3.87245,7.41691],[3.87088,7.416],[3.87087,7.4142],[3.87244,7.41329],[3.87401,7.41419],[3.87401,7.416]]]}},{"type":"Feature","properties":{"minutes":16.15,"people":376,"clinic_min":17.52,"school_min":14.78,"k_clinic":5,"k_school":5,"within_15":0,"off_street":0,"ward":"Eleyele","lga":"Ibadan North West"},"geometry":{"type":"Polygon","coordinates":[[[3.87715,7.41599],[3.87559,7.4169],[3.87401,7.416],[3.87401,7.41419],[3.87558,7.41328],[3.87715,7.41418],[3.87715,7.41599]]]}},{"type":"Feature","properties":{"minutes":15.91,"people":149,"clinic_min":16.54,"school_min":15.28,"k_clinic":5,"k_school":5,"within_15":0,"off_street":0,"ward":"Eleyele","lga":"Ibadan North West"},"geometry":{"type":"Polygon","coordinates":[[[3.88029,7.41599],[3.87872,7.41689],[3.87715,7.41599],[3.87715,7.41418],[3.87872,7.41328],[3.88029,7.41418],[3.88029,7.41599]]]}},{"type":"Feature","properties":{"minutes":11.78,"people":104,"clinic_min":11.08,"school_min":12.48,"k_clinic":5,"k_school":5,"within_15":1,"off_street":0,"ward":"Sango","lga":"Ibadan North"},"geometry":{"type":"Polygon","coordinates":[[[3.88343,7.41598],[3.88186,7.41689],[3.88029,7.41599],[3.88029,7.41418],[3.88186,7.41327],[3.88343,7.41417],[3.88343,7.41598]]]}},{"type":"Feature","properties":{"minutes":9.31,"people":745,"clinic_min":8.24,"school_min":10.37,"k_clinic":5,"k_school":5,"within_15":1,"off_street":0,"ward":"Sango","lga":"Ibadan North"},"geometry":{"type":"Polygon","coordinates":[[[3.88657,7.41597],[3.885,7.41688],[3.88343,7.41598],[3.88343,7.41417],[3.88499,7.41326],[3.88657,7.41416],[3.88657,7.41597]]]}},{"type":"Feature","properties":{"minutes":5.85,"people":1448,"clinic_min":4.65,"school_min":7.04,"k_clinic":5,"k_school":5,"within_15":1,"off_street":0,"ward":"Oke Itunu","lga":"Ibadan North"},"geometry":{"type":"Polygon","coordinates":[[[3.88971,7.41597],[3.88814,7.41687],[3.88657,7.41597],[3.88657,7.41416],[3.88813,7.41326],[3.8897,7.41416],[3.88971,7.41597]]]}},{"type":"Feature","properties":{"minutes":4.9,"people":980,"clinic_min":4.12,"school_min":5.68,"k_clinic":5,"k_school":5,"within_15":1,"off_street":0,"ward":"Oke Itunu","lga":"Ibadan North"},"geometry":{"type":"Polygon","coordinates":[[[3.89285,7.41596],[3.89128,7.41687],[3.88971,7.41597],[3.8897,7.41416],[3.89127,7.41325],[3.89284,7.41415],[3.89285,7.41596]]]}},{"type":"Feature","properties":{"minutes":6.27,"people":1259,"clinic_min":5.91,"school_min":6.63,"k_clinic":5,"k_school":5,"within_15":1,"off_street":0,"ward":"Oke Itunu","lga":"Ibadan North"},"geometry":{"type":"Polygon","coordinates":[[[3.89599,7.41595],[3.89442,7.41686],[3.89285,7.41596],[3.89284,7.41415],[3.89441,7.41324],[3.89598,7.41415],[3.89599,7.41595]]]}},{"type":"Feature","properties":{"minutes":12.76,"people":1096,"clinic_min":11.18,"school_min":14.34,"k_clinic":5,"k_school":5,"within_15":1,"off_street":0,"ward":"Old Bodija","lga":"Ibadan North"},"geometry":{"type":"Polygon","coordinates":[[[3.89912,7.41595],[3.89756,7.41686],[3.89599,7.41595],[3.89598,7.41415],[3.89755,7.41324],[3.89912,7.41414],[3.89912,7.41595]]]}},{"type":"Feature","properties":{"minutes":13.36,"people":856,"clinic_min":11.55,"school_min":15.18,"k_clinic":5,"k_school":5,"within_15":1,"off_street":0,"ward":"Old Bodija","lga":"Ibadan North"},"geometry":{"type":"Polygon","coordinates":[[[3.90226,7.41594],[3.9007,7.41685],[3.89912,7.41595],[3.89912,7.41414],[3.90069,7.41323],[3.90226,7.41413],[3.90226,7.41594]]]}},{"type":"Feature","properties":{"minutes":16.34,"people":1217,"clinic_min":14.39,"school_min":18.29,"k_clinic":5,"k_school":5,"within_15":0,"off_street":0,"ward":"Old Bodija","lga":"Ibadan North"},"geometry":{"type":"Polygon","coordinates":[[[3.9054,7.41594],[3.90383,7.41684],[3.90226,7.41594],[3.90226,7.41413],[3.90383,7.41322],[3.9054,7.41413],[3.9054,7.41594]]]}},{"type":"Feature","properties":{"minutes":13.13,"people":962,"clinic_min":9.51,"school_min":16.75,"k_clinic":5,"k_school":5,"within_15":1,"off_street":0,"ward":"Old Bodija","lga":"Ibadan North"},"geometry":{"type":"Polygon","coordinates":[[[3.90854,7.41593],[3.90697,7.41684],[3.9054,7.41594],[3.9054,7.41413],[3.90697,7.41322],[3.90854,7.41412],[3.90854,7.41593]]]}},{"type":"Feature","properties":{"minutes":14.01,"people":891,"clinic_min":10.84,"school_min":17.19,"k_clinic":5,"k_school":5,"within_15":1,"off_street":0,"ward":"Old Bodija","lga":"Ibadan North"},"geometry":{"type":"Polygon","coordinates":[[[3.91168,7.41592],[3.91011,7.41683],[3.90854,7.41593],[3.90854,7.41412],[3.9101,7.41321],[3.91168,7.41411],[3.91168,7.41592]]]}},{"type":"Feature","properties":{"minutes":11.66,"people":633,"clinic_min":9.18,"school_min":14.13,"k_clinic":5,"k_school":5,"within_15":1,"off_street":0,"ward":"Bashorun","lga":"Ibadan North"},"geometry":{"type":"Polygon","coordinates":[[[3.91482,7.41592],[3.91325,7.41682],[3.91168,7.41592],[3.91168,7.41411],[3.91324,7.41321],[3.91481,7.41411],[3.91482,7.41592]]]}},{"type":"Feature","properties":{"minutes":11.22,"people":1043,"clinic_min":9.72,"school_min":12.73,"k_clinic":5,"k_school":5,"within_15":1,"off_street":0,"ward":"Bashorun","lga":"Ibadan North"},"geometry":{"type":"Polygon","coordinates":[[[3.91796,7.41591],[3.91639,7.41682],[3.91482,7.41592],[3.91481,7.41411],[3.91638,7.4132],[3.91795,7.4141],[3.91796,7.41591]]]}},{"type":"Feature","properties":{"minutes":11.62,"people":1203,"clinic_min":9.34,"school_min":13.89,"k_clinic":5,"k_school":5,"within_15":1,"off_street":0,"ward":"Bashorun","lga":"Ibadan North"},"geometry":{"type":"Polygon","coordinates":[[[3.9211,7.4159],[3.91953,7.41681],[3.91796,7.41591],[3.91795,7.4141],[3.91952,7.41319],[3.92109,7.41409],[3.9211,7.4159]]]}},{"type":"Feature","properties":{"minutes":12.58,"people":990,"clinic_min":9.48,"school_min":15.68,"k_clinic":5,"k_school":5,"within_15":1,"off_street":0,"ward":"Bashorun","lga":"Ibadan North"},"geometry":{"type":"Polygon","coordinates":[[[3.92423,7.4159],[3.92267,7.4168],[3.9211,7.4159],[3.92109,7.41409],[3.92266,7.41319],[3.92423,7.41409],[3.92423,7.4159]]]}},{"type":"Feature","properties":{"minutes":13.31,"people":839,"clinic_min":10.98,"school_min":15.65,"k_clinic":5,"k_school":5,"within_15":1,"off_street":0,"ward":"Bashorun","lga":"Ibadan North"},"geometry":{"type":"Polygon","coordinates":[[[3.92737,7.41589],[3.92581,7.4168],[3.92423,7.4159],[3.92423,7.41409],[3.9258,7.41318],[3.92737,7.41408],[3.92737,7.41589]]]}},{"type":"Feature","properties":{"minutes":10.22,"people":1031,"clinic_min":7.94,"school_min":12.51,"k_clinic":5,"k_school":5,"within_15":1,"off_street":0,"ward":"Bashorun","lga":"Ibadan North"},"geometry":{"type":"Polygon","coordinates":[[[3.93051,7.41588],[3.92894,7.41679],[3.92737,7.41589],[3.92737,7.41408],[3.92894,7.41317],[3.93051,7.41407],[3.93051,7.41588]]]}},{"type":"Feature","properties":{"minutes":7.04,"people":1264,"clinic_min":4.65,"school_min":9.42,"k_clinic":5,"k_school":5,"within_15":1,"off_street":0,"ward":"Bashorun","lga":"Ibadan North"},"geometry":{"type":"Polygon","coordinates":[[[3.93365,7.41588],[3.93208,7.41678],[3.93051,7.41588],[3.93051,7.41407],[3.93208,7.41317],[3.93365,7.41407],[3.93365,7.41588]]]}},{"type":"Feature","properties":{"minutes":10.53,"people":925,"clinic_min":8.46,"school_min":12.61,"k_clinic":5,"k_school":5,"within_15":1,"off_street":0,"ward":"Basorun","lga":"Ibadan North East"},"geometry":{"type":"Polygon","coordinates":[[[3.93679,7.41587],[3.93522,7.41678],[3.93365,7.41588],[3.93365,7.41407],[3.93521,7.41316],[3.93679,7.41406],[3.93679,7.41587]]]}},{"type":"Feature","properties":{"minutes":10.53,"people":1539,"clinic_min":6.29,"school_min":14.77,"k_clinic":5,"k_school":5,"within_15":1,"off_street":0,"ward":"Basorun","lga":"Ibadan North East"},"geometry":{"type":"Polygon","coordinates":[[[3.93993,7.41586],[3.93836,7.41677],[3.93679,7.41587],[3.93679,7.41406],[3.93835,7.41315],[3.93992,7.41405],[3.93993,7.41586]]]}},{"type":"Feature","properties":{"minutes":18.65,"people":764,"clinic_min":14.37,"school_min":22.93,"k_clinic":5,"k_school":5,"within_15":0,"off_street":0,"ward":"Basorun","lga":"Ibadan North East"},"geometry":{"type":"Polygon","coordinates":[[[3.94307,7.41586],[3.9415,7.41676],[3.93993,7.41586],[3.93992,7.41405],[3.94149,7.41315],[3.94306,7.41405],[3.94307,7.41586]]]}},{"type":"Feature","properties":{"minutes":32.0,"people":270,"clinic_min":34.52,"school_min":29.48,"k_clinic":5,"k_school":5,"within_15":0,"off_street":0,"ward":"Olopomewa","lga":"Ibadan North West"},"geometry":{"type":"Polygon","coordinates":[[[3.82851,7.4188],[3.82694,7.41971],[3.82537,7.4188],[3.82536,7.417],[3.82693,7.41609],[3.8285,7.41699],[3.82851,7.4188]]]}},{"type":"Feature","properties":{"minutes":26.31,"people":713,"clinic_min":28.5,"school_min":24.11,"k_clinic":5,"k_school":5,"within_15":0,"off_street":0,"ward":"Olopomewa","lga":"Ibadan North West"},"geometry":{"type":"Polygon","coordinates":[[[3.83164,7.41879],[3.83008,7.4197],[3.82851,7.4188],[3.8285,7.41699],[3.83007,7.41608],[3.83164,7.41698],[3.83164,7.41879]]]}},{"type":"Feature","properties":{"minutes":25.01,"people":675,"clinic_min":26.61,"school_min":23.4,"k_clinic":5,"k_school":5,"within_15":0,"off_street":0,"ward":"Olopomewa","lga":"Ibadan North West"},"geometry":{"type":"Polygon","coordinates":[[[3.83478,7.41879],[3.83322,7.41969],[3.83164,7.41879],[3.83164,7.41698],[3.83321,7.41608],[3.83478,7.41698],[3.83478,7.41879]]]}},{"type":"Feature","properties":{"minutes":26.81,"people":582,"clinic_min":27.57,"school_min":26.05,"k_clinic":5,"k_school":5,"within_15":0,"off_street":0,"ward":"Olopomewa","lga":"Ibadan North West"},"geometry":{"type":"Polygon","coordinates":[[[3.83792,7.41878],[3.83635,7.41969],[3.83478,7.41879],[3.83478,7.41698],[3.83635,7.41607],[3.83792,7.41697],[3.83792,7.41878]]]}},{"type":"Feature","properties":{"minutes":25.46,"people":796,"clinic_min":25.07,"school_min":25.86,"k_clinic":5,"k_school":5,"within_15":0,"off_street":0,"ward":"Olopomewa","lga":"Ibadan North West"},"geometry":{"type":"Polygon","coordinates":[[[3.84106,7.41877],[3.83949,7.41968],[3.83792,7.41878],[3.83792,7.41697],[3.83949,7.41606],[3.84106,7.41697],[3.84106,7.41877]]]}},{"type":"Feature","properties":{"minutes":21.75,"people":1004,"clinic_min":20.96,"school_min":22.54,"k_clinic":5,"k_school":5,"within_15":0,"off_street":0,"ward":"Olopomewa","lga":"Ibadan North West"},"geometry":{"type":"Polygon","coordinates":[[[3.8442,7.41877],[3.84263,7.41968],[3.84106,7.41877],[3.84106,7.41697],[3.84263,7.41606],[3.8442,7.41696],[3.8442,7.41877]]]}},{"type":"Feature","properties":{"minutes":22.33,"people":793,"clinic_min":22.02,"school_min":22.64,"k_clinic":5,"k_school":5,"within_15":0,"off_street":0,"ward":"Olopomewa","lga":"Ibadan North West"},"geometry":{"type":"Polygon","coordinates":[[[3.84734,7.41876],[3.84577,7.41967],[3.8442,7.41877],[3.8442,7.41696],[3.84576,7.41605],[3.84734,7.41695],[3.84734,7.41876]]]}},{"type":"Feature","properties":{"minutes":18.75,"people":640,"clinic_min":18.2,"school_min":19.3,"k_clinic":5,"k_school":5,"within_15":0,"off_street":0,"ward":"Olopomewa","lga":"Ibadan North West"},"geometry":{"type":"Polygon","coordinates":[[[3.85048,7.41876],[3.84891,7.41966],[3.84734,7.41876],[3.84734,7.41695],[3.8489,7.41605],[3.85047,7.41695],[3.85048,7.41876]]]}},{"type":"Feature","properties":{"minutes":15.95,"people":413,"clinic_min":13.13,"school_min":18.77,"k_clinic":5,"k_school":5,"within_15":0,"off_street":0,"ward":"Olopomewa","lga":"Ibadan North West"},"geometry":{"type":"Polygon","coordinates":[[[3.85362,7.41875],[3.85205,7.41966],[3.85048,7.41876],[3.85047,7.41695],[3.85204,7.41604],[3.85361,7.41694],[3.85362,7.41875]]]}},{"type":"Feature","properties":{"minutes":12.01,"people":626,"clinic_min":8.37,"school_min":15.65,"k_clinic":5,"k_school":5,"within_15":1,"off_street":0,"ward":"Olopomewa","lga":"Ibadan North West"},"geometry":{"type":"Polygon","coordinates":[[[3.85676,7.41874],[3.85519,7.41965],[3.85362,7.41875],[3.85361,7.41694],[3.85518,7.41603],[3.85675,7.41694],[3.85676,7.41874]]]}},{"type":"Feature","properties":{"minutes":7.39,"people":1033,"clinic_min":3.41,"school_min":11.37,"k_clinic":5,"k_school":5,"within_15":1,"off_street":0,"ward":"Olopomewa","lga":"Ibadan North West"},"geometry":{"type":"Polygon","coordinates":[[[3.85989,7.41874],[3.85833,7.41965],[3.85676,7.41874],[3.85675,7.41694],[3.85832,7.41603],[3.85989,7.41693],[3.85989,7.41874]]]}},{"type":"Feature","properties":{"minutes":8.5,"people":810,"clinic_min":7.86,"school_min":9.14,"k_clinic":5,"k_school":5,"within_15":1,"off_street":0,"ward":"Eleyele","lga":"Ibadan North West"},"geometry":{"type":"Polygon","coordinates":[[[3.86303,7.41873],[3.86147,7.41964],[3.85989,7.41874],[3.85989,7.41693],[3.86146,7.41602],[3.86303,7.41692],[3.86303,7.41873]]]}},{"type":"Feature","properties":{"minutes":9.91,"people":780,"clinic_min":10.93,"school_min":8.88,"k_clinic":5,"k_school":5,"within_15":1,"off_street":0,"ward":"Eleyele","lga":"Ibadan North West"},"geometry":{"type":"Polygon","coordinates":[[[3.86617,7.41873],[3.8646,7.41963],[3.86303,7.41873],[3.86303,7.41692],[3.8646,7.41602],[3.86617,7.41692],[3.86617,7.41873]]]}},{"type":"Feature","properties":{"minutes":7.43,"people":755,"clinic_min":8.85,"school_min":6.02,"k_clinic":5,"k_school":5,"within_15":1,"off_street":0,"ward":"Eleyele","lga":"Ibadan North West"},"geometry":{"type":"Polygon","coordinates":[[[3.86931,7.41872],[3.86774,7.41963],[3.86617,7.41873],[3.86617,7.41692],[3.86774,7.41601],[3.86931,7.41691],[3.86931,7.41872]]]}},{"type":"Feature","properties":{"minutes":6.82,"people":1102,"clinic_min":7.24,"school_min":6.4,"k_clinic":5,"k_school":5,"within_15":1,"off_street":0,"ward":"Eleyele","lga":"Ibadan North West"},"geometry":{"type":"Polygon","coordinates":[[[3.87245,7.41871],[3.87088,7.41962],[3.86931,7.41872],[3.86931,7.41691],[3.87088,7.416],[3.87245,7.41691],[3.87245,7.41871]]]}},{"type":"Feature","properties":{"minutes":9.55,"people":933,"clinic_min":9.92,"school_min":9.18,"k_clinic":5,"k_school":5,"within_15":1,"off_street":0,"ward":"Eleyele","lga":"Ibadan North West"},"geometry":{"type":"Polygon","coordinates":[[[3.87559,7.41871],[3.87402,7.41962],[3.87245,7.41871],[3.87245,7.41691],[3.87401,7.416],[3.87559,7.4169],[3.87559,7.41871]]]}},{"type":"Feature","properties":{"minutes":14.1,"people":1142,"clinic_min":15.0,"school_min":13.19,"k_clinic":5,"k_school":5,"within_15":1,"off_street":0,"ward":"Eleyele","lga":"Ibadan North West"},"geometry":{"type":"Polygon","coordinates":[[[3.87873,7.4187],[3.87716,7.41961],[3.87559,7.41871],[3.87559,7.4169],[3.87715,7.41599],[3.87872,7.41689],[3.87873,7.4187]]]}},{"type":"Feature","properties":{"minutes":11.1,"people":295,"clinic_min":11.34,"school_min":10.86,"k_clinic":5,"k_school":5,"within_15":1,"off_street":0,"ward":"Sango","lga":"Ibadan North"},"geometry":{"type":"Polygon","coordinates":[[[3.88187,7.4187],[3.8803,7.4196],[3.87873,7.4187],[3.87872,7.41689],[3.88029,7.41599],[3.88186,7.41689],[3.88187,7.4187]]]}},{"type":"Feature","properties":{"minutes":10.67,"people":588,"clinic_min":11.46,"school_min":9.88,"k_clinic":5,"k_school":5,"within_15":1,"off_street":0,"ward":"Sango","lga":"Ibadan North"},"geometry":{"type":"Polygon","coordinates":[[[3.88501,7.41869],[3.88344,7.4196],[3.88187,7.4187],[3.88186,7.41689],[3.88343,7.41598],[3.885,7.41688],[3.88501,7.41869]]]}},{"type":"Feature","properties":{"minutes":10.11,"people":1116,"clinic_min":9.68,"school_min":10.54,"k_clinic":5,"k_school":5,"within_15":1,"off_street":0,"ward":"Sango","lga":"Ibadan North"},"geometry":{"type":"Polygon","coordinates":[[[3.88814,7.41868],[3.88658,7.41959],[3.88501,7.41869],[3.885,7.41688],[3.88657,7.41597],[3.88814,7.41687],[3.88814,7.41868]]]}},{"type":"Feature","properties":{"minutes":6.98,"people":1432,"clinic_min":5.83,"school_min":8.12,"k_clinic":5,"k_school":5,"within_15":1,"off_street":0,"ward":"Oke Itunu","lga":"Ibadan North"},"geometry":{"type":"Polygon","coordinates":[[[3.89128,7.41868],[3.88972,7.41958],[3.88814,7.41868],[3.88814,7.41687],[3.88971,7.41597],[3.89128,7.41687],[3.89128,7.41868]]]}},{"type":"Feature","properties":{"minutes":6.67,"people":1435,"clinic_min":5.89,"school_min":7.46,"k_clinic":5,"k_school":5,"within_15":1,"off_street":0,"ward":"Oke Itunu","lga":"Ibadan North"},"geometry":{"type":"Polygon","coordinates":[[[3.89442,7.41867],[3.89285,7.41958],[3.89128,7.41868],[3.89128,7.41687],[3.89285,7.41596],[3.89442,7.41686],[3.89442,7.41867]]]}},{"type":"Feature","properties":{"minutes":9.87,"people":840,"clinic_min":8.97,"school_min":10.78,"k_clinic":5,"k_school":5,"within_15":1,"off_street":0,"ward":"Oke Itunu","lga":"Ibadan North"},"geometry":{"type":"Polygon","coordinates":[[[3.89756,7.41866],[3.89599,7.41957],[3.89442,7.41867],[3.89442,7.41686],[3.89599,7.41595],[3.89756,7.41686],[3.89756,7.41866]]]}},{"type":"Feature","properties":{"minutes":16.77,"people":1152,"clinic_min":16.61,"school_min":16.93,"k_clinic":5,"k_school":5,"within_15":0,"off_street":0,"ward":"Old Bodija","lga":"Ibadan North"},"geometry":{"type":"Polygon","coordinates":[[[3.9007,7.41866],[3.89913,7.41957],[3.89756,7.41866],[3.89756,7.41686],[3.89912,7.41595],[3.9007,7.41685],[3.9007,7.41866]]]}},{"type":"Feature","properties":{"minutes":12.85,"people":613,"clinic_min":10.84,"school_min":14.87,"k_clinic":5,"k_school":5,"within_15":1,"off_street":0,"ward":"Old Bodija","lga":"Ibadan North"},"geometry":{"type":"Polygon","coordinates":[[[3.90384,7.41865],[3.90227,7.41956],[3.9007,7.41866],[3.9007,7.41685],[3.90226,7.41594],[3.90383,7.41684],[3.90384,7.41865]]]}},{"type":"Feature","properties":{"minutes":15.23,"people":706,"clinic_min":11.92,"school_min":18.54,"k_clinic":5,"k_school":5,"within_15":0,"off_street":0,"ward":"Old Bodija","lga":"Ibadan North"},"geometry":{"type":"Polygon","coordinates":[[[3.90698,7.41865],[3.90541,7.41955],[3.90384,7.41865],[3.90383,7.41684],[3.9054,7.41594],[3.90697,7.41684],[3.90698,7.41865]]]}},{"type":"Feature","properties":{"minutes":14.58,"people":530,"clinic_min":11.65,"school_min":17.51,"k_clinic":5,"k_school":5,"within_15":1,"off_street":0,"ward":"Old Bodija","lga":"Ibadan North"},"geometry":{"type":"Polygon","coordinates":[[[3.91012,7.41864],[3.90855,7.41955],[3.90698,7.41865],[3.90697,7.41684],[3.90854,7.41593],[3.91011,7.41683],[3.91012,7.41864]]]}},{"type":"Feature","properties":{"minutes":12.73,"people":782,"clinic_min":9.86,"school_min":15.6,"k_clinic":5,"k_school":5,"within_15":1,"off_street":0,"ward":"Bashorun","lga":"Ibadan North"},"geometry":{"type":"Polygon","coordinates":[[[3.91325,7.41863],[3.91169,7.41954],[3.91012,7.41864],[3.91011,7.41683],[3.91168,7.41592],[3.91325,7.41682],[3.91325,7.41863]]]}},{"type":"Feature","properties":{"minutes":11.17,"people":931,"clinic_min":9.09,"school_min":13.24,"k_clinic":5,"k_school":5,"within_15":1,"off_street":0,"ward":"Bashorun","lga":"Ibadan North"},"geometry":{"type":"Polygon","coordinates":[[[3.91639,7.41863],[3.91483,7.41953],[3.91325,7.41863],[3.91325,7.41682],[3.91482,7.41592],[3.91639,7.41682],[3.91639,7.41863]]]}},{"type":"Feature","properties":{"minutes":12.6,"people":810,"clinic_min":10.38,"school_min":14.82,"k_clinic":5,"k_school":5,"within_15":1,"off_street":0,"ward":"Bashorun","lga":"Ibadan North"},"geometry":{"type":"Polygon","coordinates":[[[3.91953,7.41862],[3.91796,7.41953],[3.91639,7.41863],[3.91639,7.41682],[3.91796,7.41591],[3.91953,7.41681],[3.91953,7.41862]]]}},{"type":"Feature","properties":{"minutes":14.53,"people":1018,"clinic_min":12.09,"school_min":16.96,"k_clinic":5,"k_school":5,"within_15":1,"off_street":0,"ward":"Bashorun","lga":"Ibadan North"},"geometry":{"type":"Polygon","coordinates":[[[3.92267,7.41861],[3.9211,7.41952],[3.91953,7.41862],[3.91953,7.41681],[3.9211,7.4159],[3.92267,7.4168],[3.92267,7.41861]]]}},{"type":"Feature","properties":{"minutes":12.83,"people":938,"clinic_min":10.56,"school_min":15.11,"k_clinic":5,"k_school":5,"within_15":1,"off_street":0,"ward":"Bashorun","lga":"Ibadan North"},"geometry":{"type":"Polygon","coordinates":[[[3.92581,7.41861],[3.92424,7.41951],[3.92267,7.41861],[3.92267,7.4168],[3.92423,7.4159],[3.92581,7.4168],[3.92581,7.41861]]]}},{"type":"Feature","properties":{"minutes":14.28,"people":1202,"clinic_min":11.95,"school_min":16.61,"k_clinic":5,"k_school":5,"within_15":1,"off_street":0,"ward":"Bashorun","lga":"Ibadan North"},"geometry":{"type":"Polygon","coordinates":[[[3.92895,7.4186],[3.92738,7.41951],[3.92581,7.41861],[3.92581,7.4168],[3.92737,7.41589],[3.92894,7.41679],[3.92895,7.4186]]]}},{"type":"Feature","properties":{"minutes":7.37,"people":875,"clinic_min":6.44,"school_min":8.31,"k_clinic":5,"k_school":5,"within_15":1,"off_street":0,"ward":"Bashorun","lga":"Ibadan North"},"geometry":{"type":"Polygon","coordinates":[[[3.93209,7.41859],[3.93052,7.4195],[3.92895,7.4186],[3.92894,7.41679],[3.93051,7.41588],[3.93208,7.41678],[3.93209,7.41859]]]}},{"type":"Feature","properties":{"minutes":7.88,"people":795,"clinic_min":8.72,"school_min":7.04,"k_clinic":5,"k_school":5,"within_15":1,"off_street":0,"ward":"Bashorun","lga":"Ibadan North"},"geometry":{"type":"Polygon","coordinates":[[[3.93523,7.41859],[3.93366,7.41949],[3.93209,7.41859],[3.93208,7.41678],[3.93365,7.41588],[3.93522,7.41678],[3.93523,7.41859]]]}},{"type":"Feature","properties":{"minutes":11.04,"people":1082,"clinic_min":8.49,"school_min":13.6,"k_clinic":5,"k_school":5,"within_15":1,"off_street":0,"ward":"Bashorun","lga":"Ibadan North"},"geometry":{"type":"Polygon","coordinates":[[[3.93836,7.41858],[3.9368,7.41949],[3.93523,7.41859],[3.93522,7.41678],[3.93679,7.41587],[3.93836,7.41677],[3.93836,7.41858]]]}},{"type":"Feature","properties":{"minutes":14.18,"people":791,"clinic_min":10.11,"school_min":18.26,"k_clinic":5,"k_school":5,"within_15":1,"off_street":0,"ward":"Basorun","lga":"Ibadan North East"},"geometry":{"type":"Polygon","coordinates":[[[3.9415,7.41857],[3.93994,7.41948],[3.93836,7.41858],[3.93836,7.41677],[3.93993,7.41586],[3.9415,7.41676],[3.9415,7.41857]]]}},{"type":"Feature","properties":{"minutes":30.9,"people":46,"clinic_min":35.62,"school_min":26.17,"k_clinic":5,"k_school":5,"within_15":0,"off_street":0,"ward":"Olopomewa","lga":"Ibadan North West"},"geometry":{"type":"Polygon","coordinates":[[[3.82694,7.42151],[3.82537,7.42242],[3.8238,7.42152],[3.8238,7.41971],[3.82537,7.4188],[3.82694,7.41971],[3.82694,7.42151]]]}},{"type":"Feature","properties":{"minutes":24.63,"people":495,"clinic_min":28.3,"school_min":20.96,"k_clinic":5,"k_school":5,"within_15":0,"off_street":0,"ward":"Olopomewa","lga":"Ibadan North West"},"geometry":{"type":"Polygon","coordinates":[[[3.83008,7.42151],[3.82851,7.42242],[3.82694,7.42151],[3.82694,7.41971],[3.82851,7.4188],[3.83008,7.4197],[3.83008,7.42151]]]}},{"type":"Feature","properties":{"minutes":25.57,"people":704,"clinic_min":28.64,"school_min":22.49,"k_clinic":5,"k_school":5,"within_15":0,"off_street":0,"ward":"Olopomewa","lga":"Ibadan North West"},"geometry":{"type":"Polygon","coordinates":[[[3.83322,7.4215],[3.83165,7.42241],[3.83008,7.42151],[3.83008,7.4197],[3.83164,7.41879],[3.83322,7.41969],[3.83322,7.4215]]]}},{"type":"Feature","properties":{"minutes":23.28,"people":448,"clinic_min":23.48,"school_min":23.09,"k_clinic":5,"k_school":5,"within_15":0,"off_street":0,"ward":"Olopomewa","lga":"Ibadan North West"},"geometry":{"type":"Polygon","coordinates":[[[3.83636,7.4215],[3.83479,7.4224],[3.83322,7.4215],[3.83322,7.41969],[3.83478,7.41879],[3.83635,7.41969],[3.83636,7.4215]]]}},{"type":"Feature","properties":{"minutes":22.47,"people":748,"clinic_min":22.25,"school_min":22.7,"k_clinic":5,"k_school":5,"within_15":0,"off_street":0,"ward":"Olopomewa","lga":"Ibadan North West"},"geometry":{"type":"Polygon","coordinates":[[[3.8395,7.42149],[3.83793,7.4224],[3.83636,7.4215],[3.83635,7.41969],[3.83792,7.41878],[3.83949,7.41968],[3.8395,7.42149]]]}},{"type":"Feature","properties":{"minutes":20.7,"people":952,"clinic_min":20.3,"school_min":21.1,"k_clinic":5,"k_school":5,"within_15":0,"off_street":0,"ward":"Olopomewa","lga":"Ibadan North West"},"geometry":{"type":"Polygon","coordinates":[[[3.84264,7.42149],[3.84107,7.42239],[3.8395,7.42149],[3.83949,7.41968],[3.84106,7.41877],[3.84263,7.41968],[3.84264,7.42149]]]}},{"type":"Feature","properties":{"minutes":19.4,"people":1129,"clinic_min":18.59,"school_min":20.21,"k_clinic":5,"k_school":5,"within_15":0,"off_street":0,"ward":"Olopomewa","lga":"Ibadan North West"},"geometry":{"type":"Polygon","coordinates":[[[3.84577,7.42148],[3.84421,7.42239],[3.84264,7.42149],[3.84263,7.41968],[3.8442,7.41877],[3.84577,7.41967],[3.84577,7.42148]]]}},{"type":"Feature","properties":{"minutes":19.1,"people":652,"clinic_min":18.56,"school_min":19.65,"k_clinic":5,"k_school":5,"within_15":0,"off_street":0,"ward":"Olopomewa","lga":"Ibadan North West"},"geometry":{"type":"Polygon","coordinates":[[[3.84891,7.42147],[3.84735,7.42238],[3.84577,7.42148],[3.84577,7.41967],[3.84734,7.41876],[3.84891,7.41966],[3.84891,7.42147]]]}},{"type":"Feature","properties":{"minutes":20.1,"people":607,"clinic_min":19.55,"school_min":20.65,"k_clinic":5,"k_school":5,"within_15":0,"off_street":0,"ward":"Olopomewa","lga":"Ibadan North West"},"geometry":{"type":"Polygon","coordinates":[[[3.85205,7.42147],[3.85048,7.42237],[3.84891,7.42147],[3.84891,7.41966],[3.85048,7.41876],[3.85205,7.41966],[3.85205,7.42147]]]}},{"type":"Feature","properties":{"minutes":13.22,"people":27,"clinic_min":9.23,"school_min":17.2,"k_clinic":5,"k_school":5,"within_15":1,"off_street":0,"ward":"Olopomewa","lga":"Ibadan North West"},"geometry":{"type":"Polygon","coordinates":[[[3.85519,7.42146],[3.85362,7.42237],[3.85205,7.42147],[3.85205,7.41966],[3.85362,7.41875],[3.85519,7.41965],[3.85519,7.42146]]]}},{"type":"Feature","properties":{"minutes":10.81,"people":556,"clinic_min":7.3,"school_min":14.33,"k_clinic":5,"k_school":5,"within_15":1,"off_street":0,"ward":"Olopomewa","lga":"Ibadan North West"},"geometry":{"type":"Polygon","coordinates":[[[3.85833,7.42146],[3.85676,7.42236],[3.85519,7.42146],[3.85519,7.41965],[3.85676,7.41874],[3.85833,7.41965],[3.85833,7.42146]]]}},{"type":"Feature","properties":{"minutes":8.3,"people":1005,"clinic_min":4.78,"school_min":11.82,"k_clinic":5,"k_school":5,"within_15":1,"off_street":0,"ward":"Eleyele","lga":"Ibadan North West"},"geometry":{"type":"Polygon","coordinates":[[[3.86147,7.42145],[3.8599,7.42236],[3.85833,7.42146],[3.85833,7.41965],[3.85989,7.41874],[3.86147,7.41964],[3.86147,7.42145]]]}},{"type":"Feature","properties":{"minutes":10.77,"people":956,"clinic_min":9.09,"school_min":12.46,"k_clinic":5,"k_school":5,"within_15":1,"off_street":0,"ward":"Eleyele","lga":"Ibadan North West"},"geometry":{"type":"Polygon","coordinates":[[[3.86461,7.42144],[3.86304,7.42235],[3.86147,7.42145],[3.86147,7.41964],[3.86303,7.41873],[3.8646,7.41963],[3.86461,7.42144]]]}},{"type":"Feature","properties":{"minutes":10.27,"people":287,"clinic_min":12.3,"school_min":8.24,"k_clinic":5,"k_school":5,"within_15":1,"off_street":0,"ward":"Olopomewa","lga":"Ibadan North West"},"geometry":{"type":"Polygon","coordinates":[[[3.86775,7.42144],[3.86618,7.42234],[3.86461,7.42144],[3.8646,7.41963],[3.86617,7.41873],[3.86774,7.41963],[3.86775,7.42144]]]}},{"type":"Feature","properties":{"minutes":7.82,"people":1185,"clinic_min":9.16,"school_min":6.47,"k_clinic":5,"k_school":5,"within_15":1,"off_street":0,"ward":"Olopomewa","lga":"Ibadan North West"},"geometry":{"type":"Polygon","coordinates":[[[3.87089,7.42143],[3.86932,7.42234],[3.86775,7.42144],[3.86774,7.41963],[3.86931,7.41872],[3.87088,7.41962],[3.87089,7.42143]]]}},{"type":"Feature","properties":{"minutes":5.21,"people":1156,"clinic_min":4.22,"school_min":6.2,"k_clinic":5,"k_school":5,"within_15":1,"off_street":0,"ward":"Olopomewa","lga":"Ibadan North West"},"geometry":{"type":"Polygon","coordinates":[[[3.87402,7.42142],[3.87246,7.42233],[3.87089,7.42143],[3.87088,7.41962],[3.87245,7.41871],[3.87402,7.41962],[3.87402,7.42142]]]}},{"type":"Feature","properties":{"minutes":5.35,"people":731,"clinic_min":4.16,"school_min":6.54,"k_clinic":5,"k_school":5,"within_15":1,"off_street":0,"ward":"Olopomewa","lga":"Ibadan North West"},"geometry":{"type":"Polygon","coordinates":[[[3.87716,7.42142],[3.8756,7.42233],[3.87402,7.42142],[3.87402,7.41962],[3.87559,7.41871],[3.87716,7.41961],[3.87716,7.42142]]]}},{"type":"Feature","properties":{"minutes":7.23,"people":801,"clinic_min":6.55,"school_min":7.91,"k_clinic":5,"k_school":5,"within_15":1,"off_street":0,"ward":"Sango","lga":"Ibadan North"},"geometry":{"type":"Polygon","coordinates":[[[3.8803,7.42141],[3.87873,7.42232],[3.87716,7.42142],[3.87716,7.41961],[3.87873,7.4187],[3.8803,7.4196],[3.8803,7.42141]]]}},{"type":"Feature","properties":{"minutes":12.69,"people":884,"clinic_min":14.03,"school_min":11.36,"k_clinic":5,"k_school":5,"within_15":1,"off_street":0,"ward":"Sango","lga":"Ibadan North"},"geometry":{"type":"Polygon","coordinates":[[[3.88344,7.42141],[3.88187,7.42231],[3.8803,7.42141],[3.8803,7.4196],[3.88187,7.4187],[3.88344,7.4196],[3.88344,7.42141]]]}},{"type":"Feature","properties":{"minutes":10.87,"people":1117,"clinic_min":11.75,"school_min":9.98,"k_clinic":5,"k_school":5,"within_15":1,"off_street":0,"ward":"Sango","lga":"Ibadan North"},"geometry":{"type":"Polygon","coordinates":[[[3.88658,7.4214],[3.88501,7.42231],[3.88344,7.42141],[3.88344,7.4196],[3.88501,7.41869],[3.88658,7.41959],[3.88658,7.4214]]]}},{"type":"Feature","properties":{"minutes":13.54,"people":1172,"clinic_min":13.39,"school_min":13.68,"k_clinic":5,"k_school":5,"within_15":1,"off_street":0,"ward":"Sango","lga":"Ibadan North"},"geometry":{"type":"Polygon","coordinates":[[[3.88972,7.42139],[3.88815,7.4223],[3.88658,7.4214],[3.88658,7.41959],[3.88814,7.41868],[3.88972,7.41958],[3.88972,7.42139]]]}},{"type":"Feature","properties":{"minutes":14.32,"people":1843,"clinic_min":13.43,"school_min":15.22,"k_clinic":5,"k_school":5,"within_15":1,"off_street":0,"ward":"Sango","lga":"Ibadan North"},"geometry":{"type":"Polygon","coordinates":[[[3.89286,7.42139],[3.89129,7.42229],[3.88972,7.42139],[3.88972,7.41958],[3.89128,7.41868],[3.89285,7.41958],[3.89286,7.42139]]]}},{"type":"Feature","properties":{"minutes":13.28,"people":2093,"clinic_min":11.66,"school_min":14.9,"k_clinic":5,"k_school":5,"within_15":1,"off_street":0,"ward":"Sango","lga":"Ibadan North"},"geometry":{"type":"Polygon","coordinates":[[[3.896,7.42138],[3.89443,7.42229],[3.89286,7.42139],[3.89285,7.41958],[3.89442,7.41867],[3.89599,7.41957],[3.896,7.42138]]]}},{"type":"Feature","properties":{"minutes":18.17,"people":1672,"clinic_min":16.73,"school_min":19.61,"k_clinic":5,"k_school":5,"within_15":0,"off_street":0,"ward":"Old Bodija","lga":"Ibadan North"},"geometry":{"type":"Polygon","coordinates":[[[3.89914,7.42137],[3.89757,7.42228],[3.896,7.42138],[3.89599,7.41957],[3.89756,7.41866],[3.89913,7.41957],[3.89914,7.42137]]]}},{"type":"Feature","properties":{"minutes":14.06,"people":723,"clinic_min":12.22,"school_min":15.91,"k_clinic":5,"k_school":5,"within_15":1,"off_street":0,"ward":"Old Bodija","lga":"Ibadan North"},"geometry":{"type":"Polygon","coordinates":[[[3.90227,7.42137],[3.90071,7.42228],[3.89914,7.42137],[3.89913,7.41957],[3.9007,7.41866],[3.90227,7.41956],[3.90227,7.42137]]]}},{"type":"Feature","properties":{"minutes":16.46,"people":732,"clinic_min":14.28,"school_min":18.64,"k_clinic":5,"k_school":5,"within_15":0,"off_street":0,"ward":"Old Bodija","lga":"Ibadan North"},"geometry":{"type":"Polygon","coordinates":[[[3.90541,7.42136],[3.90385,7.42227],[3.90227,7.42137],[3.90227,7.41956],[3.90384,7.41865],[3.90541,7.41955],[3.90541,7.42136]]]}},{"type":"Feature","properties":{"minutes":14.97,"people":1019,"clinic_min":12.28,"school_min":17.66,"k_clinic":5,"k_school":5,"within_15":1,"off_street":0,"ward":"Old Bodija","lga":"Ibadan North"},"geometry":{"type":"Polygon","coordinates":[[[3.90855,7.42136],[3.90698,7.42226],[3.90541,7.42136],[3.90541,7.41955],[3.90698,7.41865],[3.90855,7.41955],[3.90855,7.42136]]]}},{"type":"Feature","properties":{"minutes":15.57,"people":1033,"clinic_min":12.91,"school_min":18.22,"k_clinic":5,"k_school":5,"within_15":0,"off_street":0,"ward":"Old Bodija","lga":"Ibadan North"},"geometry":{"type":"Polygon","coordinates":[[[3.91169,7.42135],[3.91012,7.42226],[3.90855,7.42136],[3.90855,7.41955],[3.91012,7.41864],[3.91169,7.41954],[3.91169,7.42135]]]}},{"type":"Feature","properties":{"minutes":10.61,"people":801,"clinic_min":7.45,"school_min":13.76,"k_clinic":5,"k_school":5,"within_15":1,"off_street":0,"ward":"Bashorun","lga":"Ibadan North"},"geometry":{"type":"Polygon","coordinates":[[[3.91483,7.42134],[3.91326,7.42225],[3.91169,7.42135],[3.91169,7.41954],[3.91325,7.41863],[3.91483,7.41953],[3.91483,7.42134]]]}},{"type":"Feature","properties":{"minutes":13.22,"people":955,"clinic_min":12.58,"school_min":13.85,"k_clinic":5,"k_school":5,"within_15":1,"off_street":0,"ward":"Bashorun","lga":"Ibadan North"},"geometry":{"type":"Polygon","coordinates":[[[3.91797,7.42134],[3.9164,7.42224],[3.91483,7.42134],[3.91483,7.41953],[3.91639,7.41863],[3.91796,7.41953],[3.91797,7.42134]]]}},{"type":"Feature","properties":{"minutes":12.65,"people":1009,"clinic_min":12.57,"school_min":12.73,"k_clinic":5,"k_school":5,"within_15":1,"off_street":0,"ward":"Bashorun","lga":"Ibadan North"},"geometry":{"type":"Polygon","coordinates":[[[3.92111,7.42133],[3.91954,7.42224],[3.91797,7.42134],[3.91796,7.41953],[3.91953,7.41862],[3.9211,7.41952],[3.92111,7.42133]]]}},{"type":"Feature","properties":{"minutes":13.34,"people":840,"clinic_min":12.05,"school_min":14.63,"k_clinic":5,"k_school":5,"within_15":1,"off_street":0,"ward":"Bashorun","lga":"Ibadan North"},"geometry":{"type":"Polygon","coordinates":[[[3.92425,7.42132],[3.92268,7.42223],[3.92111,7.42133],[3.9211,7.41952],[3.92267,7.41861],[3.92424,7.41951],[3.92425,7.42132]]]}},{"type":"Feature","properties":{"minutes":12.03,"people":793,"clinic_min":11.29,"school_min":12.77,"k_clinic":5,"k_school":5,"within_15":1,"off_street":0,"ward":"Bashorun","lga":"Ibadan North"},"geometry":{"type":"Polygon","coordinates":[[[3.92738,7.42132],[3.92582,7.42222],[3.92425,7.42132],[3.92424,7.41951],[3.92581,7.41861],[3.92738,7.41951],[3.92738,7.42132]]]}},{"type":"Feature","properties":{"minutes":9.42,"people":695,"clinic_min":10.13,"school_min":8.72,"k_clinic":5,"k_school":5,"within_15":1,"off_street":0,"ward":"Bashorun","lga":"Ibadan North"},"geometry":{"type":"Polygon","coordinates":[[[3.93052,7.42131],[3.92896,7.42222],[3.92738,7.42132],[3.92738,7.41951],[3.92895,7.4186],[3.93052,7.4195],[3.93052,7.42131]]]}},{"type":"Feature","properties":{"minutes":7.07,"people":933,"clinic_min":7.89,"school_min":6.25,"k_clinic":5,"k_school":5,"within_15":1,"off_street":0,"ward":"Bashorun","lga":"Ibadan North"},"geometry":{"type":"Polygon","coordinates":[[[3.93366,7.4213],[3.93209,7.42221],[3.93052,7.42131],[3.93052,7.4195],[3.93209,7.41859],[3.93366,7.41949],[3.93366,7.4213]]]}},{"type":"Feature","properties":{"minutes":8.47,"people":709,"clinic_min":10.91,"school_min":6.03,"k_clinic":5,"k_school":5,"within_15":1,"off_street":0,"ward":"Bashorun","lga":"Ibadan North"},"geometry":{"type":"Polygon","coordinates":[[[3.9368,7.4213],[3.93523,7.4222],[3.93366,7.4213],[3.93366,7.41949],[3.93523,7.41859],[3.9368,7.41949],[3.9368,7.4213]]]}},{"type":"Feature","properties":{"minutes":15.6,"people":728,"clinic_min":18.04,"school_min":13.15,"k_clinic":5,"k_school":5,"within_15":0,"off_street":0,"ward":"Bashorun","lga":"Ibadan North"},"geometry":{"type":"Polygon","coordinates":[[[3.93994,7.42129],[3.93837,7.4222],[3.9368,7.4213],[3.9368,7.41949],[3.93836,7.41858],[3.93994,7.41948],[3.93994,7.42129]]]}},{"type":"Feature","properties":{"minutes":25.16,"people":723,"clinic_min":29.96,"school_min":20.37,"k_clinic":5,"k_school":5,"within_15":0,"off_street":0,"ward":"Olopomewa","lga":"Ibadan North West"},"geometry":{"type":"Polygon","coordinates":[[[3.82852,7.42423],[3.82695,7.42513],[3.82538,7.42423],[3.82537,7.42242],[3.82694,7.42151],[3.82851,7.42242],[3.82852,7.42423]]]}},{"type":"Feature","properties":{"minutes":24.3,"people":551,"clinic_min":26.8,"school_min":21.79,"k_clinic":5,"k_school":5,"within_15":0,"off_street":0,"ward":"Olopomewa","lga":"Ibadan North West"},"geometry":{"type":"Polygon","coordinates":[[[3.83165,7.42422],[3.83009,7.42513],[3.82852,7.42423],[3.82851,7.42242],[3.83008,7.42151],[3.83165,7.42241],[3.83165,7.42422]]]}},{"type":"Feature","properties":{"minutes":22.17,"people":657,"clinic_min":23.69,"school_min":20.64,"k_clinic":5,"k_school":5,"within_15":0,"off_street":0,"ward":"Olopomewa","lga":"Ibadan North West"},"geometry":{"type":"Polygon","coordinates":[[[3.83479,7.42421],[3.83323,7.42512],[3.83165,7.42422],[3.83165,7.42241],[3.83322,7.4215],[3.83479,7.4224],[3.83479,7.42421]]]}},{"type":"Feature","properties":{"minutes":21.49,"people":925,"clinic_min":22.11,"school_min":20.88,"k_clinic":5,"k_school":5,"within_15":0,"off_street":0,"ward":"Olopomewa","lga":"Ibadan North West"},"geometry":{"type":"Polygon","coordinates":[[[3.83793,7.42421],[3.83636,7.42512],[3.83479,7.42421],[3.83479,7.4224],[3.83636,7.4215],[3.83793,7.4224],[3.83793,7.42421]]]}},{"type":"Feature","properties":{"minutes":20.6,"people":1065,"clinic_min":19.95,"school_min":21.25,"k_clinic":5,"k_school":5,"within_15":0,"off_street":0,"ward":"Olopomewa","lga":"Ibadan North West"},"geometry":{"type":"Polygon","coordinates":[[[3.84107,7.4242],[3.8395,7.42511],[3.83793,7.42421],[3.83793,7.4224],[3.8395,7.42149],[3.84107,7.42239],[3.84107,7.4242]]]}},{"type":"Feature","properties":{"minutes":18.93,"people":1366,"clinic_min":18.12,"school_min":19.74,"k_clinic":5,"k_school":5,"within_15":0,"off_street":0,"ward":"Olopomewa","lga":"Ibadan North West"},"geometry":{"type":"Polygon","coordinates":[[[3.84421,7.4242],[3.84264,7.4251],[3.84107,7.4242],[3.84107,7.42239],[3.84264,7.42149],[3.84421,7.42239],[3.84421,7.4242]]]}},{"type":"Feature","properties":{"minutes":20.61,"people":833,"clinic_min":19.64,"school_min":21.58,"k_clinic":5,"k_school":5,"within_15":0,"off_street":0,"ward":"Olopomewa","lga":"Ibadan North West"},"geometry":{"type":"Polygon","coordinates":[[[3.84735,7.42419],[3.84578,7.4251],[3.84421,7.4242],[3.84421,7.42239],[3.84577,7.42148],[3.84735,7.42238],[3.84735,7.42419]]]}},{"type":"Feature","properties":{"minutes":24.04,"people":423,"clinic_min":23.24,"school_min":24.83,"k_clinic":5,"k_school":5,"within_15":0,"off_street":0,"ward":"Olopomewa","lga":"Ibadan North West"},"geometry":{"type":"Polygon","coordinates":[[[3.85049,7.42418],[3.84892,7.42509],[3.84735,7.42419],[3.84735,7.42238],[3.84891,7.42147],[3.85048,7.42237],[3.85049,7.42418]]]}},{"type":"Feature","properties":{"minutes":29.31,"people":120,"clinic_min":28.52,"school_min":30.11,"k_clinic":5,"k_school":5,"within_15":0,"off_street":0,"ward":"Olopomewa","lga":"Ibadan North West"},"geometry":{"type":"Polygon","coordinates":[[[3.85363,7.42418],[3.85206,7.42509],[3.85049,7.42418],[3.85048,7.42237],[3.85205,7.42147],[3.85362,7.42237],[3.85363,7.42418]]]}},{"type":"Feature","properties":{"minutes":12.72,"people":44,"clinic_min":9.38,"school_min":16.06,"k_clinic":5,"k_school":5,"within_15":1,"off_street":0,"ward":"Olopomewa","lga":"Ibadan North West"},"geometry":{"type":"Polygon","coordinates":[[[3.85677,7.42417],[3.8552,7.42508],[3.85363,7.42418],[3.85362,7.42237],[3.85519,7.42146],[3.85676,7.42236],[3.85677,7.42417]]]}},{"type":"Feature","properties":{"minutes":10.58,"people":54,"clinic_min":7.48,"school_min":13.69,"k_clinic":5,"k_school":5,"within_15":1,"off_street":0,"ward":"Olopomewa","lga":"Ibadan North West"},"geometry":{"type":"Polygon","coordinates":[[[3.8599,7.42417],[3.85834,7.42507],[3.85677,7.42417],[3.85676,7.42236],[3.85833,7.42146],[3.8599,7.42236],[3.8599,7.42417]]]}},{"type":"Feature","properties":{"minutes":12.18,"people":64,"clinic_min":10.24,"school_min":14.11,"k_clinic":5,"k_school":5,"within_15":1,"off_street":0,"ward":"Olopomewa","lga":"Ibadan North West"},"geometry":{"type":"Polygon","coordinates":[[[3.86304,7.42416],[3.86148,7.42507],[3.8599,7.42417],[3.8599,7.42236],[3.86147,7.42145],[3.86304,7.42235],[3.86304,7.42416]]]}},{"type":"Feature","properties":{"minutes":12.87,"people":20,"clinic_min":15.29,"school_min":10.45,"k_clinic":5,"k_school":5,"within_15":1,"off_street":0,"ward":"Olopomewa","lga":"Ibadan North West"},"geometry":{"type":"Polygon","coordinates":[[[3.86618,7.42415],[3.86462,7.42506],[3.86304,7.42416],[3.86304,7.42235],[3.86461,7.42144],[3.86618,7.42234],[3.86618,7.42415]]]}},{"type":"Feature","properties":{"minutes":10.15,"people":470,"clinic_min":12.97,"school_min":7.33,"k_clinic":5,"k_school":5,"within_15":1,"off_street":0,"ward":"Olopomewa","lga":"Ibadan North West"},"geometry":{"type":"Polygon","coordinates":[[[3.86932,7.42415],[3.86775,7.42506],[3.86618,7.42415],[3.86618,7.42234],[3.86775,7.42144],[3.86932,7.42234],[3.86932,7.42415]]]}},{"type":"Feature","properties":{"minutes":7.35,"people":984,"clinic_min":9.05,"school_min":5.66,"k_clinic":5,"k_school":5,"within_15":1,"off_street":0,"ward":"Olopomewa","lga":"Ibadan North West"},"geometry":{"type":"Polygon","coordinates":[[[3.87246,7.42414],[3.87089,7.42505],[3.86932,7.42415],[3.86932,7.42234],[3.87089,7.42143],[3.87246,7.42233],[3.87246,7.42414]]]}},{"type":"Feature","properties":{"minutes":8.16,"people":1222,"clinic_min":7.19,"school_min":9.14,"k_clinic":5,"k_school":5,"within_15":1,"off_street":0,"ward":"Olopomewa","lga":"Ibadan North West"},"geometry":{"type":"Polygon","coordinates":[[[3.8756,7.42414],[3.87403,7.42504],[3.87246,7.42414],[3.87246,7.42233],[3.87402,7.42142],[3.8756,7.42233],[3.8756,7.42414]]]}},{"type":"Feature","properties":{"minutes":8.24,"people":1516,"clinic_min":7.48,"school_min":9.0,"k_clinic":5,"k_school":5,"within_15":1,"off_street":0,"ward":"Sango","lga":"Ibadan North"},"geometry":{"type":"Polygon","coordinates":[[[3.87874,7.42413],[3.87717,7.42504],[3.8756,7.42414],[3.8756,7.42233],[3.87716,7.42142],[3.87873,7.42232],[3.87874,7.42413]]]}},{"type":"Feature","properties":{"minutes":8.25,"people":1326,"clinic_min":8.92,"school_min":7.58,"k_clinic":5,"k_school":5,"within_15":1,"off_street":0,"ward":"Sango","lga":"Ibadan North"},"geometry":{"type":"Polygon","coordinates":[[[3.88188,7.42412],[3.88031,7.42503],[3.87874,7.42413],[3.87873,7.42232],[3.8803,7.42141],[3.88187,7.42231],[3.88188,7.42412]]]}},{"type":"Feature","properties":{"minutes":10.69,"people":389,"clinic_min":12.26,"school_min":9.11,"k_clinic":5,"k_school":5,"within_15":1,"off_street":0,"ward":"Sango","lga":"Ibadan North"},"geometry":{"type":"Polygon","coordinates":[[[3.88502,7.42412],[3.88345,7.42502],[3.88188,7.42412],[3.88187,7.42231],[3.88344,7.42141],[3.88501,7.42231],[3.88502,7.42412]]]}},{"type":"Feature","properties":{"minutes":13.16,"people":720,"clinic_min":13.54,"school_min":12.78,"k_clinic":5,"k_school":5,"within_15":1,"off_street":0,"ward":"Sango","lga":"Ibadan North"},"geometry":{"type":"Polygon","coordinates":[[[3.88815,7.42411],[3.88659,7.42502],[3.88502,7.42412],[3.88501,7.42231],[3.88658,7.4214],[3.88815,7.4223],[3.88815,7.42411]]]}},{"type":"Feature","properties":{"minutes":15.08,"people":2104,"clinic_min":13.99,"school_min":16.16,"k_clinic":5,"k_school":5,"within_15":0,"off_street":0,"ward":"Sango","lga":"Ibadan North"},"geometry":{"type":"Polygon","coordinates":[[[3.89129,7.4241],[3.88973,7.42501],[3.88815,7.42411],[3.88815,7.4223],[3.88972,7.42139],[3.89129,7.42229],[3.89129,7.4241]]]}},{"type":"Feature","properties":{"minutes":14.89,"people":1718,"clinic_min":13.53,"school_min":16.26,"k_clinic":5,"k_school":5,"within_15":1,"off_street":0,"ward":"Sango","lga":"Ibadan North"},"geometry":{"type":"Polygon","coordinates":[[[3.89443,7.4241],[3.89286,7.42501],[3.89129,7.4241],[3.89129,7.42229],[3.89286,7.42139],[3.89443,7.42229],[3.89443,7.4241]]]}},{"type":"Feature","properties":{"minutes":14.38,"people":2199,"clinic_min":12.65,"school_min":16.11,"k_clinic":5,"k_school":5,"within_15":1,"off_street":0,"ward":"Sango","lga":"Ibadan North"},"geometry":{"type":"Polygon","coordinates":[[[3.89757,7.42409],[3.896,7.425],[3.89443,7.4241],[3.89443,7.42229],[3.896,7.42138],[3.89757,7.42228],[3.89757,7.42409]]]}},{"type":"Feature","properties":{"minutes":11.35,"people":1118,"clinic_min":9.6,"school_min":13.1,"k_clinic":5,"k_school":5,"within_15":1,"off_street":0,"ward":"Old Bodija","lga":"Ibadan North"},"geometry":{"type":"Polygon","coordinates":[[[3.90071,7.42408],[3.89914,7.42499],[3.89757,7.42409],[3.89757,7.42228],[3.89914,7.42137],[3.90071,7.42228],[3.90071,7.42408]]]}},{"type":"Feature","properties":{"minutes":16.98,"people":770,"clinic_min":15.21,"school_min":18.75,"k_clinic":5,"k_school":5,"within_15":0,"off_street":0,"ward":"Old Bodija","lga":"Ibadan North"},"geometry":{"type":"Polygon","coordinates":[[[3.90385,7.42408],[3.90228,7.42499],[3.90071,7.42408],[3.90071,7.42228],[3.90227,7.42137],[3.90385,7.42227],[3.90385,7.42408]]]}},{"type":"Feature","properties":{"minutes":13.42,"people":683,"clinic_min":11.37,"school_min":15.47,"k_clinic":5,"k_school":5,"within_15":1,"off_street":0,"ward":"Old Bodija","lga":"Ibadan North"},"geometry":{"type":"Polygon","coordinates":[[[3.90699,7.42407],[3.90542,7.42498],[3.90385,7.42408],[3.90385,7.42227],[3.90541,7.42136],[3.90698,7.42226],[3.90699,7.42407]]]}},{"type":"Feature","properties":{"minutes":11.54,"people":1051,"clinic_min":8.75,"school_min":14.33,"k_clinic":5,"k_school":5,"within_15":1,"off_street":0,"ward":"Old Bodija","lga":"Ibadan North"},"geometry":{"type":"Polygon","coordinates":[[[3.91013,7.42407],[3.90856,7.42497],[3.90699,7.42407],[3.90698,7.42226],[3.90855,7.42136],[3.91012,7.42226],[3.91013,7.42407]]]}},{"type":"Feature","properties":{"minutes":9.47,"people":944,"clinic_min":6.25,"school_min":12.68,"k_clinic":5,"k_school":5,"within_15":1,"off_street":0,"ward":"Bashorun","lga":"Ibadan North"},"geometry":{"type":"Polygon","coordinates":[[[3.91327,7.42406],[3.9117,7.42497],[3.91013,7.42407],[3.91012,7.42226],[3.91169,7.42135],[3.91326,7.42225],[3.91327,7.42406]]]}},{"type":"Feature","properties":{"minutes":8.85,"people":1097,"clinic_min":6.48,"school_min":11.22,"k_clinic":5,"k_school":5,"within_15":1,"off_street":0,"ward":"Bashorun","lga":"Ibadan North"},"geometry":{"type":"Polygon","coordinates":[[[3.9164,7.42405],[3.91484,7.42496],[3.91327,7.42406],[3.91326,7.42225],[3.91483,7.42134],[3.9164,7.42224],[3.9164,7.42405]]]}},{"type":"Feature","properties":{"minutes":9.61,"people":1154,"clinic_min":8.0,"school_min":11.22,"k_clinic":5,"k_school":5,"within_15":1,"off_street":0,"ward":"Bashorun","lga":"Ibadan North"},"geometry":{"type":"Polygon","coordinates":[[[3.91954,7.42405],[3.91798,7.42495],[3.9164,7.42405],[3.9164,7.42224],[3.91797,7.42134],[3.91954,7.42224],[3.91954,7.42405]]]}},{"type":"Feature","properties":{"minutes":13.59,"people":1059,"clinic_min":12.98,"school_min":14.19,"k_clinic":5,"k_school":5,"within_15":1,"off_street":0,"ward":"Bashorun","lga":"Ibadan North"},"geometry":{"type":"Polygon","coordinates":[[[3.92268,7.42404],[3.92111,7.42495],[3.91954,7.42405],[3.91954,7.42224],[3.92111,7.42133],[3.92268,7.42223],[3.92268,7.42404]]]}},{"type":"Feature","properties":{"minutes":13.06,"people":734,"clinic_min":12.87,"school_min":13.25,"k_clinic":5,"k_school":5,"within_15":1,"off_street":0,"ward":"Bashorun","lga":"Ibadan North"},"geometry":{"type":"Polygon","coordinates":[[[3.92582,7.42403],[3.92425,7.42494],[3.92268,7.42404],[3.92268,7.42223],[3.92425,7.42132],[3.92582,7.42222],[3.92582,7.42403]]]}},{"type":"Feature","properties":{"minutes":10.89,"people":813,"clinic_min":11.8,"school_min":9.99,"k_clinic":5,"k_school":5,"within_15":1,"off_street":0,"ward":"Bashorun","lga":"Ibadan North"},"geometry":{"type":"Polygon","coordinates":[[[3.92896,7.42403],[3.92739,7.42493],[3.92582,7.42403],[3.92582,7.42222],[3.92738,7.42132],[3.92896,7.42222],[3.92896,7.42403]]]}},{"type":"Feature","properties":{"minutes":7.88,"people":1084,"clinic_min":9.39,"school_min":6.37,"k_clinic":5,"k_school":5,"within_15":1,"off_street":0,"ward":"Bashorun","lga":"Ibadan North"},"geometry":{"type":"Polygon","coordinates":[[[3.9321,7.42402],[3.93053,7.42493],[3.92896,7.42403],[3.92896,7.42222],[3.93052,7.42131],[3.93209,7.42221],[3.9321,7.42402]]]}},{"type":"Feature","properties":{"minutes":14.95,"people":518,"clinic_min":16.73,"school_min":13.17,"k_clinic":5,"k_school":5,"within_15":1,"off_street":0,"ward":"Bashorun","lga":"Ibadan North"},"geometry":{"type":"Polygon","coordinates":[[[3.93524,7.42401],[3.93367,7.42492],[3.9321,7.42402],[3.93209,7.42221],[3.93366,7.4213],[3.93523,7.4222],[3.93524,7.42401]]]}},{"type":"Feature","properties":{"minutes":26.11,"people":703,"clinic_min":31.86,"school_min":20.37,"k_clinic":5,"k_school":5,"within_15":0,"off_street":0,"ward":"Olopomewa","lga":"Ibadan North West"},"geometry":{"type":"Polygon","coordinates":[[[3.82695,7.42694],[3.82538,7.42785],[3.82381,7.42695],[3.82381,7.42514],[3.82538,7.42423],[3.82695,7.42513],[3.82695,7.42694]]]}},{"type":"Feature","properties":{"minutes":23.47,"people":899,"clinic_min":28.78,"school_min":18.16,"k_clinic":5,"k_school":5,"within_15":0,"off_street":0,"ward":"Olopomewa","lga":"Ibadan North West"},"geometry":{"type":"Polygon","coordinates":[[[3.83009,7.42694],[3.82852,7.42784],[3.82695,7.42694],[3.82695,7.42513],[3.82852,7.42423],[3.83009,7.42513],[3.83009,7.42694]]]}},{"type":"Feature","properties":{"minutes":23.67,"people":549,"clinic_min":25.87,"school_min":21.48,"k_clinic":5,"k_school":5,"within_15":0,"off_street":0,"ward":"Olopomewa","lga":"Ibadan North West"},"geometry":{"type":"Polygon","coordinates":[[[3.83323,7.42693],[3.83166,7.42784],[3.83009,7.42694],[3.83009,7.42513],[3.83165,7.42422],[3.83323,7.42512],[3.83323,7.42693]]]}},{"type":"Feature","properties":{"minutes":21.13,"people":814,"clinic_min":22.62,"school_min":19.65,"k_clinic":5,"k_school":5,"within_15":0,"off_street":0,"ward":"Olopomewa","lga":"Ibadan North West"},"geometry":{"type":"Polygon","coordinates":[[[3.83637,7.42692],[3.8348,7.42783],[3.83323,7.42693],[3.83323,7.42512],[3.83479,7.42421],[3.83636,7.42512],[3.83637,7.42692]]]}},{"type":"Feature","properties":{"minutes":20.4,"people":937,"clinic_min":20.9,"school_min":19.91,"k_clinic":5,"k_school":5,"within_15":0,"off_street":0,"ward":"Olopomewa","lga":"Ibadan North West"},"geometry":{"type":"Polygon","coordinates":[[[3.83951,7.42692],[3.83794,7.42783],[3.83637,7.42692],[3.83636,7.42512],[3.83793,7.42421],[3.8395,7.42511],[3.83951,7.42692]]]}},{"type":"Feature","properties":{"minutes":18.76,"people":963,"clinic_min":18.58,"school_min":18.94,"k_clinic":5,"k_school":5,"within_15":0,"off_street":0,"ward":"Olopomewa","lga":"Ibadan North West"},"geometry":{"type":"Polygon","coordinates":[[[3.84265,7.42691],[3.84108,7.42782],[3.83951,7.42692],[3.8395,7.42511],[3.84107,7.4242],[3.84264,7.4251],[3.84265,7.42691]]]}},{"type":"Feature","properties":{"minutes":22.77,"people":1065,"clinic_min":22.08,"school_min":23.46,"k_clinic":5,"k_school":5,"within_15":0,"off_street":0,"ward":"Olopomewa","lga":"Ibadan North West"},"geometry":{"type":"Polygon","coordinates":[[[3.84579,7.42691],[3.84422,7.42781],[3.84265,7.42691],[3.84264,7.4251],[3.84421,7.4242],[3.84578,7.4251],[3.84579,7.42691]]]}},{"type":"Feature","properties":{"minutes":24.37,"people":747,"clinic_min":23.22,"school_min":25.53,"k_clinic":5,"k_school":5,"within_15":0,"off_street":0,"ward":"Olopomewa","lga":"Ibadan North West"},"geometry":{"type":"Polygon","coordinates":[[[3.84892,7.4269],[3.84736,7.42781],[3.84579,7.42691],[3.84578,7.4251],[3.84735,7.42419],[3.84892,7.42509],[3.84892,7.4269]]]}},{"type":"Feature","properties":{"minutes":32.7,"people":256,"clinic_min":31.93,"school_min":33.47,"k_clinic":5,"k_school":5,"within_15":0,"off_street":0,"ward":"Olopomewa","lga":"Ibadan North West"},"geometry":{"type":"Polygon","coordinates":[[[3.85206,7.42689],[3.8505,7.4278],[3.84892,7.4269],[3.84892,7.42509],[3.85049,7.42418],[3.85206,7.42509],[3.85206,7.42689]]]}},{"type":"Feature","properties":{"minutes":22.54,"people":111,"clinic_min":24.48,"school_min":20.6,"k_clinic":5,"k_school":5,"within_15":0,"off_street":0,"ward":"Sango","lga":"Ibadan North"},"geometry":{"type":"Polygon","coordinates":[[[3.86776,7.42686],[3.86619,7.42777],[3.86462,7.42687],[3.86462,7.42506],[3.86618,7.42415],[3.86775,7.42506],[3.86776,7.42686]]]}},{"type":"Feature","properties":{"minutes":13.38,"people":942,"clinic_min":15.15,"school_min":11.61,"k_clinic":5,"k_school":5,"within_15":1,"off_street":0,"ward":"Sango","lga":"Ibadan North"},"geometry":{"type":"Polygon","coordinates":[[[3.8709,7.42686],[3.86933,7.42777],[3.86776,7.42686],[3.86775,7.42506],[3.86932,7.42415],[3.87089,7.42505],[3.8709,7.42686]]]}},{"type":"Feature","properties":{"minutes":10.51,"people":1281,"clinic_min":12.22,"school_min":8.8,"k_clinic":5,"k_school":5,"within_15":1,"off_street":0,"ward":"Sango","lga":"Ibadan North"},"geometry":{"type":"Polygon","coordinates":[[[3.87404,7.42685],[3.87247,7.42776],[3.8709,7.42686],[3.87089,7.42505],[3.87246,7.42414],[3.87403,7.42504],[3.87404,7.42685]]]}},{"type":"Feature","properties":{"minutes":10.81,"people":1279,"clinic_min":11.36,"school_min":10.26,"k_clinic":5,"k_school":5,"within_15":1,"off_street":0,"ward":"Sango","lga":"Ibadan North"},"geometry":{"type":"Polygon","coordinates":[[[3.87717,7.42685],[3.87561,7.42775],[3.87404,7.42685],[3.87403,7.42504],[3.8756,7.42414],[3.87717,7.42504],[3.87717,7.42685]]]}},{"type":"Feature","properties":{"minutes":8.78,"people":1820,"clinic_min":9.6,"school_min":7.96,"k_clinic":5,"k_school":5,"within_15":1,"off_street":0,"ward":"Sango","lga":"Ibadan North"},"geometry":{"type":"Polygon","coordinates":[[[3.88031,7.42684],[3.87875,7.42775],[3.87717,7.42685],[3.87717,7.42504],[3.87874,7.42413],[3.88031,7.42503],[3.88031,7.42684]]]}},{"type":"Feature","properties":{"minutes":8.16,"people":1268,"clinic_min":9.72,"school_min":6.61,"k_clinic":5,"k_school":5,"within_15":1,"off_street":0,"ward":"Sango","lga":"Ibadan North"},"geometry":{"type":"Polygon","coordinates":[[[3.88345,7.42683],[3.88188,7.42774],[3.88031,7.42684],[3.88031,7.42503],[3.88188,7.42412],[3.88345,7.42502],[3.88345,7.42683]]]}},{"type":"Feature","properties":{"minutes":9.12,"people":625,"clinic_min":10.95,"school_min":7.3,"k_clinic":5,"k_school":5,"within_15":1,"off_street":0,"ward":"Sango","lga":"Ibadan North"},"geometry":{"type":"Polygon","coordinates":[[[3.88659,7.42683],[3.88502,7.42773],[3.88345,7.42683],[3.88345,7.42502],[3.88502,7.42412],[3.88659,7.42502],[3.88659,7.42683]]]}},{"type":"Feature","properties":{"minutes":8.42,"people":858,"clinic_min":7.74,"school_min":9.1,"k_clinic":5,"k_school":5,"within_15":1,"off_street":0,"ward":"Sango","lga":"Ibadan North"},"geometry":{"type":"Polygon","coordinates":[[[3.88973,7.42682],[3.88816,7.42773],[3.88659,7.42683],[3.88659,7.42502],[3.88815,7.42411],[3.88973,7.42501],[3.88973,7.42682]]]}},{"type":"Feature","properties":{"minutes":11.9,"people":1503,"clinic_min":10.26,"school_min":13.54,"k_clinic":5,"k_school":5,"within_15":1,"off_street":0,"ward":"Sango","lga":"Ibadan North"},"geometry":{"type":"Polygon","coordinates":[[[3.89287,7.42681],[3.8913,7.42772],[3.88973,7.42682],[3.88973,7.42501],[3.89129,7.4241],[3.89286,7.42501],[3.89287,7.42681]]]}},{"type":"Feature","properties":{"minutes":8.55,"people":1728,"clinic_min":6.33,"school_min":10.77,"k_clinic":5,"k_school":5,"within_15":1,"off_street":0,"ward":"Sango","lga":"Ibadan North"},"geometry":{"type":"Polygon","coordinates":[[[3.89601,7.42681],[3.89444,7.42772],[3.89287,7.42681],[3.89286,7.42501],[3.89443,7.4241],[3.896,7.425],[3.89601,7.42681]]]}},{"type":"Feature","properties":{"minutes":9.94,"people":1195,"clinic_min":7.46,"school_min":12.43,"k_clinic":5,"k_school":5,"within_15":1,"off_street":0,"ward":"Samonda","lga":"Ibadan North"},"geometry":{"type":"Polygon","coordinates":[[[3.89915,7.4268],[3.89758,7.42771],[3.89601,7.42681],[3.896,7.425],[3.89757,7.42409],[3.89914,7.42499],[3.89915,7.4268]]]}},{"type":"Feature","properties":{"minutes":10.27,"people":662,"clinic_min":8.3,"school_min":12.25,"k_clinic":5,"k_school":5,"within_15":1,"off_street":0,"ward":"Old Bodija","lga":"Ibadan North"},"geometry":{"type":"Polygon","coordinates":[[[3.90229,7.4268],[3.90072,7.4277],[3.89915,7.4268],[3.89914,7.42499],[3.90071,7.42408],[3.90228,7.42499],[3.90229,7.4268]]]}},{"type":"Feature","properties":{"minutes":17.31,"people":732,"clinic_min":16.4,"school_min":18.23,"k_clinic":5,"k_school":5,"within_15":0,"off_street":0,"ward":"Old Bodija","lga":"Ibadan North"},"geometry":{"type":"Polygon","coordinates":[[[3.90542,7.42679],[3.90386,7.4277],[3.90229,7.4268],[3.90228,7.42499],[3.90385,7.42408],[3.90542,7.42498],[3.90542,7.42679]]]}},{"type":"Feature","properties":{"minutes":13.89,"people":911,"clinic_min":11.5,"school_min":16.28,"k_clinic":5,"k_school":5,"within_15":1,"off_street":0,"ward":"Samonda","lga":"Ibadan North"},"geometry":{"type":"Polygon","coordinates":[[[3.90856,7.42678],[3.907,7.42769],[3.90542,7.42679],[3.90542,7.42498],[3.90699,7.42407],[3.90856,7.42497],[3.90856,7.42678]]]}},{"type":"Feature","properties":{"minutes":13.93,"people":1004,"clinic_min":13.51,"school_min":14.36,"k_clinic":5,"k_school":5,"within_15":1,"off_street":0,"ward":"Bashorun","lga":"Ibadan North"},"geometry":{"type":"Polygon","coordinates":[[[3.9117,7.42678],[3.91013,7.42768],[3.90856,7.42678],[3.90856,7.42497],[3.91013,7.42407],[3.9117,7.42497],[3.9117,7.42678]]]}},{"type":"Feature","properties":{"minutes":12.21,"people":1172,"clinic_min":11.68,"school_min":12.74,"k_clinic":5,"k_school":5,"within_15":1,"off_street":0,"ward":"Bashorun","lga":"Ibadan North"},"geometry":{"type":"Polygon","coordinates":[[[3.91484,7.42677],[3.91327,7.42768],[3.9117,7.42678],[3.9117,7.42497],[3.91327,7.42406],[3.91484,7.42496],[3.91484,7.42677]]]}},{"type":"Feature","properties":{"minutes":11.96,"people":736,"clinic_min":11.17,"school_min":12.76,"k_clinic":5,"k_school":5,"within_15":1,"off_street":0,"ward":"Bashorun","lga":"Ibadan North"},"geometry":{"type":"Polygon","coordinates":[[[3.91798,7.42676],[3.91641,7.42767],[3.91484,7.42677],[3.91484,7.42496],[3.9164,7.42405],[3.91798,7.42495],[3.91798,7.42676]]]}},{"type":"Feature","properties":{"minutes":12.37,"people":691,"clinic_min":11.23,"school_min":13.51,"k_clinic":5,"k_school":5,"within_15":1,"off_street":0,"ward":"Bashorun","lga":"Ibadan North"},"geometry":{"type":"Polygon","coordinates":[[[3.92112,7.42676],[3.91955,7.42766],[3.91798,7.42676],[3.91798,7.42495],[3.91954,7.42405],[3.92111,7.42495],[3.92112,7.42676]]]}},{"type":"Feature","properties":{"minutes":13.48,"people":1065,"clinic_min":12.82,"school_min":14.15,"k_clinic":5,"k_school":5,"within_15":1,"off_street":0,"ward":"Bashorun","lga":"Ibadan North"},"geometry":{"type":"Polygon","coordinates":[[[3.92426,7.42675],[3.92269,7.42766],[3.92112,7.42676],[3.92111,7.42495],[3.92268,7.42404],[3.92425,7.42494],[3.92426,7.42675]]]}},{"type":"Feature","properties":{"minutes":14.75,"people":913,"clinic_min":14.75,"school_min":14.76,"k_clinic":5,"k_school":5,"within_15":1,"off_street":0,"ward":"Bashorun","lga":"Ibadan North"},"geometry":{"type":"Polygon","coordinates":[[[3.9274,7.42674],[3.92583,7.42765],[3.92426,7.42675],[3.92425,7.42494],[3.92582,7.42403],[3.92739,7.42493],[3.9274,7.42674]]]}},{"type":"Feature","properties":{"minutes":11.51,"people":617,"clinic_min":11.79,"school_min":11.23,"k_clinic":5,"k_school":5,"within_15":1,"off_street":0,"ward":"Bashorun","lga":"Ibadan North"},"geometry":{"type":"Polygon","coordinates":[[[3.93053,7.42674],[3.92897,7.42764],[3.9274,7.42674],[3.92739,7.42493],[3.92896,7.42403],[3.93053,7.42493],[3.93053,7.42674]]]}},{"type":"Feature","properties":{"minutes":10.82,"people":1413,"clinic_min":12.81,"school_min":8.84,"k_clinic":5,"k_school":5,"within_15":1,"off_street":0,"ward":"Bashorun","lga":"Ibadan North"},"geometry":{"type":"Polygon","coordinates":[[[3.93367,7.42673],[3.93211,7.42764],[3.93053,7.42674],[3.93053,7.42493],[3.9321,7.42402],[3.93367,7.42492],[3.93367,7.42673]]]}},{"type":"Feature","properties":{"minutes":26.34,"people":337,"clinic_min":32.22,"school_min":20.45,"k_clinic":5,"k_school":5,"within_15":0,"off_street":0,"ward":"Olopomewa","lga":"Ibadan North West"},"geometry":{"type":"Polygon","coordinates":[[[3.82539,7.42966],[3.82382,7.43057],[3.82225,7.42966],[3.82224,7.42786],[3.82381,7.42695],[3.82538,7.42785],[3.82539,7.42966]]]}},{"type":"Feature","properties":{"minutes":23.51,"people":823,"clinic_min":29.14,"school_min":17.88,"k_clinic":5,"k_school":5,"within_15":0,"off_street":0,"ward":"Olopomewa","lga":"Ibadan North West"},"geometry":{"type":"Polygon","coordinates":[[[3.82853,7.42965],[3.82696,7.43056],[3.82539,7.42966],[3.82538,7.42785],[3.82695,7.42694],[3.82852,7.42784],[3.82853,7.42965]]]}},{"type":"Feature","properties":{"minutes":21.22,"people":1109,"clinic_min":26.63,"school_min":15.8,"k_clinic":5,"k_school":5,"within_15":0,"off_street":0,"ward":"Olopomewa","lga":"Ibadan North West"},"geometry":{"type":"Polygon","coordinates":[[[3.83167,7.42965],[3.8301,7.43055],[3.82853,7.42965],[3.82852,7.42784],[3.83009,7.42694],[3.83166,7.42784],[3.83167,7.42965]]]}},{"type":"Feature","properties":{"minutes":20.92,"people":517,"clinic_min":23.15,"school_min":18.7,"k_clinic":5,"k_school":5,"within_15":0,"off_street":0,"ward":"Olopomewa","lga":"Ibadan North West"},"geometry":{"type":"Polygon","coordinates":[[[3.8348,7.42964],[3.83324,7.43055],[3.83167,7.42965],[3.83166,7.42784],[3.83323,7.42693],[3.8348,7.42783],[3.8348,7.42964]]]}},{"type":"Feature","properties":{"minutes":20.12,"people":1076,"clinic_min":21.68,"school_min":18.56,"k_clinic":5,"k_school":5,"within_15":0,"off_street":0,"ward":"Olopomewa","lga":"Ibadan North West"},"geometry":{"type":"Polygon","coordinates":[[[3.83794,7.42963],[3.83638,7.43054],[3.8348,7.42964],[3.8348,7.42783],[3.83637,7.42692],[3.83794,7.42783],[3.83794,7.42963]]]}},{"type":"Feature","properties":{"minutes":19.44,"people":1046,"clinic_min":20.02,"school_min":18.87,"k_clinic":5,"k_school":5,"within_15":0,"off_street":0,"ward":"Olopomewa","lga":"Ibadan North West"},"geometry":{"type":"Polygon","coordinates":[[[3.84108,7.42963],[3.83951,7.43054],[3.83794,7.42963],[3.83794,7.42783],[3.83951,7.42692],[3.84108,7.42782],[3.84108,7.42963]]]}},{"type":"Feature","properties":{"minutes":21.75,"people":924,"clinic_min":22.02,"school_min":21.48,"k_clinic":5,"k_school":5,"within_15":0,"off_street":0,"ward":"Olopomewa","lga":"Ibadan North West"},"geometry":{"type":"Polygon","coordinates":[[[3.84422,7.42962],[3.84265,7.43053],[3.84108,7.42963],[3.84108,7.42782],[3.84265,7.42691],[3.84422,7.42781],[3.84422,7.42962]]]}},{"type":"Feature","properties":{"minutes":24.35,"people":690,"clinic_min":23.61,"school_min":25.08,"k_clinic":5,"k_school":5,"within_15":0,"off_street":0,"ward":"Olopomewa","lga":"Ibadan North West"},"geometry":{"type":"Polygon","coordinates":[[[3.84736,7.42962],[3.84579,7.43052],[3.84422,7.42962],[3.84422,7.42781],[3.84579,7.42691],[3.84736,7.42781],[3.84736,7.42962]]]}},{"type":"Feature","properties":{"minutes":29.4,"people":776,"clinic_min":28.57,"school_min":30.23,"k_clinic":5,"k_school":5,"within_15":0,"off_street":0,"ward":"Olopomewa","lga":"Ibadan North West"},"geometry":{"type":"Polygon","coordinates":[[[3.8505,7.42961],[3.84893,7.43052],[3.84736,7.42962],[3.84736,7.42781],[3.84892,7.4269],[3.8505,7.4278],[3.8505,7.42961]]]}},{"type":"Feature","properties":{"minutes":35.69,"people":64,"clinic_min":34.94,"school_min":36.44,"k_clinic":5,"k_school":5,"within_15":0,"off_street":0,"ward":"Olopomewa","lga":"Ibadan North West"},"geometry":{"type":"Polygon","coordinates":[[[3.85364,7.4296],[3.85207,7.43051],[3.8505,7.42961],[3.8505,7.4278],[3.85206,7.42689],[3.85363,7.4278],[3.85364,7.4296]]]}},{"type":"Feature","properties":{"minutes":18.51,"people":910,"clinic_min":20.44,"school_min":16.57,"k_clinic":5,"k_school":5,"within_15":0,"off_street":0,"ward":"Sango","lga":"Ibadan North"},"geometry":{"type":"Polygon","coordinates":[[[3.86933,7.42957],[3.86776,7.43048],[3.86619,7.42958],[3.86619,7.42777],[3.86776,7.42686],[3.86933,7.42777],[3.86933,7.42957]]]}},{"type":"Feature","properties":{"minutes":13.56,"people":1463,"clinic_min":15.5,"school_min":11.63,"k_clinic":5,"k_school":5,"within_15":1,"off_street":0,"ward":"Sango","lga":"Ibadan North"},"geometry":{"type":"Polygon","coordinates":[[[3.87247,7.42957],[3.8709,7.43048],[3.86933,7.42957],[3.86933,7.42777],[3.8709,7.42686],[3.87247,7.42776],[3.87247,7.42957]]]}},{"type":"Feature","properties":{"minutes":11.55,"people":1193,"clinic_min":12.89,"school_min":10.2,"k_clinic":5,"k_school":5,"within_15":1,"off_street":0,"ward":"Sango","lga":"Ibadan North"},"geometry":{"type":"Polygon","coordinates":[[[3.87561,7.42956],[3.87404,7.43047],[3.87247,7.42957],[3.87247,7.42776],[3.87404,7.42685],[3.87561,7.42775],[3.87561,7.42956]]]}},{"type":"Feature","properties":{"minutes":11.25,"people":1356,"clinic_min":13.79,"school_min":8.71,"k_clinic":5,"k_school":5,"within_15":1,"off_street":0,"ward":"Sango","lga":"Ibadan North"},"geometry":{"type":"Polygon","coordinates":[[[3.87875,7.42956],[3.87718,7.43046],[3.87561,7.42956],[3.87561,7.42775],[3.87717,7.42685],[3.87875,7.42775],[3.87875,7.42956]]]}},{"type":"Feature","properties":{"minutes":9.56,"people":523,"clinic_min":11.71,"school_min":7.4,"k_clinic":5,"k_school":5,"within_15":1,"off_street":0,"ward":"Samonda","lga":"Ibadan North"},"geometry":{"type":"Polygon","coordinates":[[[3.88189,7.42955],[3.88032,7.43046],[3.87875,7.42956],[3.87875,7.42775],[3.88031,7.42684],[3.88188,7.42774],[3.88189,7.42955]]]}},{"type":"Feature","properties":{"minutes":9.73,"people":351,"clinic_min":11.18,"school_min":8.27,"k_clinic":5,"k_school":5,"within_15":1,"off_street":0,"ward":"Samonda","lga":"Ibadan North"},"geometry":{"type":"Polygon","coordinates":[[[3.88503,7.42954],[3.88346,7.43045],[3.88189,7.42955],[3.88188,7.42774],[3.88345,7.42683],[3.88502,7.42773],[3.88503,7.42954]]]}},{"type":"Feature","properties":{"minutes":8.06,"people":280,"clinic_min":8.13,"school_min":7.99,"k_clinic":5,"k_school":5,"within_15":1,"off_street":0,"ward":"Samonda","lga":"Ibadan North"},"geometry":{"type":"Polygon","coordinates":[[[3.88817,7.42954],[3.8866,7.43044],[3.88503,7.42954],[3.88502,7.42773],[3.88659,7.42683],[3.88816,7.42773],[3.88817,7.42954]]]}},{"type":"Feature","properties":{"minutes":10.96,"people":226,"clinic_min":9.04,"school_min":12.87,"k_clinic":5,"k_school":5,"within_15":1,"off_street":0,"ward":"Samonda","lga":"Ibadan North"},"geometry":{"type":"Polygon","coordinates":[[[3.8913,7.42953],[3.88974,7.43044],[3.88817,7.42954],[3.88816,7.42773],[3.88973,7.42682],[3.8913,7.42772],[3.8913,7.42953]]]}},{"type":"Feature","properties":{"minutes":7.41,"people":453,"clinic_min":5.05,"school_min":9.77,"k_clinic":5,"k_school":5,"within_15":1,"off_street":0,"ward":"Samonda","lga":"Ibadan North"},"geometry":{"type":"Polygon","coordinates":[[[3.89444,7.42952],[3.89288,7.43043],[3.8913,7.42953],[3.8913,7.42772],[3.89287,7.42681],[3.89444,7.42772],[3.89444,7.42952]]]}},{"type":"Feature","properties":{"minutes":7.08,"people":265,"clinic_min":4.8,"school_min":9.35,"k_clinic":5,"k_school":5,"within_15":1,"off_street":0,"ward":"Samonda","lga":"Ibadan North"},"geometry":{"type":"Polygon","coordinates":[[[3.89758,7.42952],[3.89601,7.43043],[3.89444,7.42952],[3.89444,7.42772],[3.89601,7.42681],[3.89758,7.42771],[3.89758,7.42952]]]}},{"type":"Feature","properties":{"minutes":9.08,"people":476,"clinic_min":6.17,"school_min":11.98,"k_clinic":5,"k_school":5,"within_15":1,"off_street":0,"ward":"Samonda","lga":"Ibadan North"},"geometry":{"type":"Polygon","coordinates":[[[3.90072,7.42951],[3.89915,7.43042],[3.89758,7.42952],[3.89758,7.42771],[3.89915,7.4268],[3.90072,7.4277],[3.90072,7.42951]]]}},{"type":"Feature","properties":{"minutes":10.19,"people":324,"clinic_min":9.02,"school_min":11.35,"k_clinic":5,"k_school":5,"within_15":1,"off_street":0,"ward":"Samonda","lga":"Ibadan North"},"geometry":{"type":"Polygon","coordinates":[[[3.90386,7.42951],[3.90229,7.43041],[3.90072,7.42951],[3.90072,7.4277],[3.90229,7.4268],[3.90386,7.4277],[3.90386,7.42951]]]}},{"type":"Feature","properties":{"minutes":16.59,"people":618,"clinic_min":16.66,"school_min":16.52,"k_clinic":5,"k_school":5,"within_15":0,"off_street":0,"ward":"Samonda","lga":"Ibadan North"},"geometry":{"type":"Polygon","coordinates":[[[3.907,7.4295],[3.90543,7.43041],[3.90386,7.42951],[3.90386,7.4277],[3.90542,7.42679],[3.907,7.42769],[3.907,7.4295]]]}},{"type":"Feature","properties":{"minutes":16.33,"people":839,"clinic_min":18.0,"school_min":14.67,"k_clinic":5,"k_school":5,"within_15":0,"off_street":0,"ward":"Samonda","lga":"Ibadan North"},"geometry":{"type":"Polygon","coordinates":[[[3.91014,7.42949],[3.90857,7.4304],[3.907,7.4295],[3.907,7.42769],[3.90856,7.42678],[3.91013,7.42768],[3.91014,7.42949]]]}},{"type":"Feature","properties":{"minutes":11.89,"people":946,"clinic_min":13.0,"school_min":10.77,"k_clinic":5,"k_school":5,"within_15":1,"off_street":0,"ward":"Bashorun","lga":"Ibadan North"},"geometry":{"type":"Polygon","coordinates":[[[3.91328,7.42949],[3.91171,7.43039],[3.91014,7.42949],[3.91013,7.42768],[3.9117,7.42678],[3.91327,7.42768],[3.91328,7.42949]]]}},{"type":"Feature","properties":{"minutes":12.16,"people":818,"clinic_min":14.07,"school_min":10.25,"k_clinic":5,"k_school":5,"within_15":1,"off_street":0,"ward":"Bashorun","lga":"Ibadan North"},"geometry":{"type":"Polygon","coordinates":[[[3.91642,7.42948],[3.91485,7.43039],[3.91328,7.42949],[3.91327,7.42768],[3.91484,7.42677],[3.91641,7.42767],[3.91642,7.42948]]]}},{"type":"Feature","properties":{"minutes":12.61,"people":1407,"clinic_min":16.4,"school_min":8.82,"k_clinic":5,"k_school":5,"within_15":1,"off_street":0,"ward":"Bashorun","lga":"Ibadan North"},"geometry":{"type":"Polygon","coordinates":[[[3.91955,7.42947],[3.91799,7.43038],[3.91642,7.42948],[3.91641,7.42767],[3.91798,7.42676],[3.91955,7.42766],[3.91955,7.42947]]]}},{"type":"Feature","properties":{"minutes":12.43,"people":1094,"clinic_min":15.97,"school_min":8.89,"k_clinic":5,"k_school":5,"within_15":1,"off_street":0,"ward":"Bashorun","lga":"Ibadan North"},"geometry":{"type":"Polygon","coordinates":[[[3.92269,7.42947],[3.92113,7.43037],[3.91955,7.42947],[3.91955,7.42766],[3.92112,7.42676],[3.92269,7.42766],[3.92269,7.42947]]]}},{"type":"Feature","properties":{"minutes":11.18,"people":1100,"clinic_min":12.62,"school_min":9.73,"k_clinic":5,"k_school":5,"within_15":1,"off_street":0,"ward":"Bashorun","lga":"Ibadan North"},"geometry":{"type":"Polygon","coordinates":[[[3.92583,7.42946],[3.92426,7.43037],[3.92269,7.42947],[3.92269,7.42766],[3.92426,7.42675],[3.92583,7.42765],[3.92583,7.42946]]]}},{"type":"Feature","properties":{"minutes":12.85,"people":713,"clinic_min":12.48,"school_min":13.23,"k_clinic":5,"k_school":5,"within_15":1,"off_street":0,"ward":"Bashorun","lga":"Ibadan North"},"geometry":{"type":"Polygon","coordinates":[[[3.92897,7.42945],[3.9274,7.43036],[3.92583,7.42946],[3.92583,7.42765],[3.9274,7.42674],[3.92897,7.42764],[3.92897,7.42945]]]}},{"type":"Feature","properties":{"minutes":11.28,"people":1199,"clinic_min":11.53,"school_min":11.03,"k_clinic":5,"k_school":5,"within_15":1,"off_street":0,"ward":"Bashorun","lga":"Ibadan North"},"geometry":{"type":"Polygon","coordinates":[[[3.93211,7.42945],[3.93054,7.43035],[3.92897,7.42945],[3.92897,7.42764],[3.93053,7.42674],[3.93211,7.42764],[3.93211,7.42945]]]}},{"type":"Feature","properties":{"minutes":11.64,"people":911,"clinic_min":12.52,"school_min":10.76,"k_clinic":5,"k_school":5,"within_15":1,"off_street":0,"ward":"Bashorun","lga":"Ibadan North"},"geometry":{"type":"Polygon","coordinates":[[[3.93525,7.42944],[3.93368,7.43035],[3.93211,7.42945],[3.93211,7.42764],[3.93367,7.42673],[3.93525,7.42763],[3.93525,7.42944]]]}},{"type":"Feature","properties":{"minutes":32.15,"people":420,"clinic_min":38.48,"school_min":25.81,"k_clinic":5,"k_school":5,"within_15":0,"off_street":0,"ward":"Olopomewa","lga":"Ibadan North West"},"geometry":{"type":"Polygon","coordinates":[[[3.82068,7.43238],[3.81912,7.43329],[3.81754,7.43239],[3.81754,7.43058],[3.81911,7.42967],[3.82068,7.43057],[3.82068,7.43238]]]}},{"type":"Feature","properties":{"minutes":29.53,"people":382,"clinic_min":35.81,"school_min":23.26,"k_clinic":5,"k_school":5,"within_15":0,"off_street":0,"ward":"Olopomewa","lga":"Ibadan North West"},"geometry":{"type":"Polygon","coordinates":[[[3.82382,7.43237],[3.82225,7.43328],[3.82068,7.43238],[3.82068,7.43057],[3.82225,7.42966],[3.82382,7.43057],[3.82382,7.43237]]]}},{"type":"Feature","properties":{"minutes":23.47,"people":597,"clinic_min":29.78,"school_min":17.15,"k_clinic":5,"k_school":5,"within_15":0,"off_street":0,"ward":"Olopomewa","lga":"Ibadan North West"},"geometry":{"type":"Polygon","coordinates":[[[3.82696,7.43237],[3.82539,7.43328],[3.82382,7.43237],[3.82382,7.43057],[3.82539,7.42966],[3.82696,7.43056],[3.82696,7.43237]]]}},{"type":"Feature","properties":{"minutes":21.42,"people":1054,"clinic_min":27.14,"school_min":15.69,"k_clinic":5,"k_school":5,"within_15":0,"off_street":0,"ward":"Olopomewa","lga":"Ibadan North West"},"geometry":{"type":"Polygon","coordinates":[[[3.8301,7.43236],[3.82853,7.43327],[3.82696,7.43237],[3.82696,7.43056],[3.82853,7.42965],[3.8301,7.43055],[3.8301,7.43236]]]}},{"type":"Feature","properties":{"minutes":18.57,"people":1300,"clinic_min":22.54,"school_min":14.61,"k_clinic":5,"k_school":5,"within_15":0,"off_street":0,"ward":"Olopomewa","lga":"Ibadan North West"},"geometry":{"type":"Polygon","coordinates":[[[3.83324,7.43236],[3.83167,7.43326],[3.8301,7.43236],[3.8301,7.43055],[3.83167,7.42965],[3.83324,7.43055],[3.83324,7.43236]]]}},{"type":"Feature","properties":{"minutes":19.49,"people":869,"clinic_min":22.29,"school_min":16.7,"k_clinic":5,"k_school":5,"within_15":0,"off_street":0,"ward":"Olopomewa","lga":"Ibadan North West"},"geometry":{"type":"Polygon","coordinates":[[[3.83638,7.43235],[3.83481,7.43326],[3.83324,7.43236],[3.83324,7.43055],[3.8348,7.42964],[3.83638,7.43054],[3.83638,7.43235]]]}},{"type":"Feature","properties":{"minutes":20.72,"people":951,"clinic_min":22.04,"school_min":19.41,"k_clinic":5,"k_school":5,"within_15":0,"off_street":0,"ward":"Olopomewa","lga":"Ibadan North West"},"geometry":{"type":"Polygon","coordinates":[[[3.83952,7.43235],[3.83795,7.43325],[3.83638,7.43235],[3.83638,7.43054],[3.83794,7.42963],[3.83951,7.43054],[3.83952,7.43235]]]}},{"type":"Feature","properties":{"minutes":23.37,"people":889,"clinic_min":24.39,"school_min":22.35,"k_clinic":5,"k_school":5,"within_15":0,"off_street":0,"ward":"Olopomewa","lga":"Ibadan North West"},"geometry":{"type":"Polygon","coordinates":[[[3.84266,7.43234],[3.84109,7.43325],[3.83952,7.43235],[3.83951,7.43054],[3.84108,7.42963],[3.84265,7.43053],[3.84266,7.43234]]]}},{"type":"Feature","properties":{"minutes":25.24,"people":826,"clinic_min":25.35,"school_min":25.14,"k_clinic":5,"k_school":5,"within_15":0,"off_street":0,"ward":"Olopomewa","lga":"Ibadan North West"},"geometry":{"type":"Polygon","coordinates":[[[3.8458,7.43233],[3.84423,7.43324],[3.84266,7.43234],[3.84265,7.43053],[3.84422,7.42962],[3.84579,7.43052],[3.8458,7.43233]]]}},{"type":"Feature","properties":{"minutes":28.57,"people":383,"clinic_min":28.54,"school_min":28.6,"k_clinic":5,"k_school":5,"within_15":0,"off_street":0,"ward":"Olopomewa","lga":"Ibadan North West"},"geometry":{"type":"Polygon","coordinates":[[[3.84893,7.43233],[3.84737,7.43323],[3.8458,7.43233],[3.84579,7.43052],[3.84736,7.42962],[3.84893,7.43052],[3.84893,7.43233]]]}},{"type":"Feature","properties":{"minutes":33.62,"people":632,"clinic_min":32.9,"school_min":34.34,"k_clinic":5,"k_school":5,"within_15":0,"off_street":0,"ward":"Olopomewa","lga":"Ibadan North West"},"geometry":{"type":"Polygon","coordinates":[[[3.85207,7.43232],[3.85051,7.43323],[3.84893,7.43233],[3.84893,7.43052],[3.8505,7.42961],[3.85207,7.43051],[3.85207,7.43232]]]}},{"type":"Feature","properties":{"minutes":37.54,"people":394,"clinic_min":37.47,"school_min":37.61,"k_clinic":5,"k_school":5,"within_15":0,"off_street":0,"ward":"Olopomewa","lga":"Ibadan North West"},"geometry":{"type":"Polygon","coordinates":[[[3.85521,7.43232],[3.85364,7.43322],[3.85207,7.43232],[3.85207,7.43051],[3.85364,7.4296],[3.85521,7.43051],[3.85521,7.43232]]]}},{"type":"Feature","properties":{"minutes":18.21,"people":289,"clinic_min":20.27,"school_min":16.14,"k_clinic":5,"k_school":5,"within_15":0,"off_street":0,"ward":"Sango","lga":"Ibadan North"},"geometry":{"type":"Polygon","coordinates":[[[3.87091,7.43228],[3.86934,7.43319],[3.86777,7.43229],[3.86776,7.43048],[3.86933,7.42957],[3.8709,7.43048],[3.87091,7.43228]]]}},{"type":"Feature","properties":{"minutes":18.38,"people":337,"clinic_min":20.44,"school_min":16.31,"k_clinic":5,"k_school":5,"within_15":0,"off_street":0,"ward":"Sango","lga":"Ibadan North"},"geometry":{"type":"Polygon","coordinates":[[[3.87405,7.43228],[3.87248,7.43319],[3.87091,7.43228],[3.8709,7.43048],[3.87247,7.42957],[3.87404,7.43047],[3.87405,7.43228]]]}},{"type":"Feature","properties":{"minutes":14.87,"people":552,"clinic_min":18.97,"school_min":10.77,"k_clinic":5,"k_school":5,"within_15":1,"off_street":0,"ward":"Sango","lga":"Ibadan North"},"geometry":{"type":"Polygon","coordinates":[[[3.87718,7.43227],[3.87562,7.43318],[3.87405,7.43228],[3.87404,7.43047],[3.87561,7.42956],[3.87718,7.43046],[3.87718,7.43227]]]}},{"type":"Feature","properties":{"minutes":10.8,"people":639,"clinic_min":15.05,"school_min":6.56,"k_clinic":5,"k_school":5,"within_15":1,"off_street":0,"ward":"Samonda","lga":"Ibadan North"},"geometry":{"type":"Polygon","coordinates":[[[3.88032,7.43227],[3.87876,7.43317],[3.87718,7.43227],[3.87718,7.43046],[3.87875,7.42956],[3.88032,7.43046],[3.88032,7.43227]]]}},{"type":"Feature","properties":{"minutes":13.14,"people":280,"clinic_min":17.4,"school_min":8.89,"k_clinic":5,"k_school":5,"within_15":1,"off_street":0,"ward":"Samonda","lga":"Ibadan North"},"geometry":{"type":"Polygon","coordinates":[[[3.88346,7.43226],[3.8819,7.43317],[3.88032,7.43227],[3.88032,7.43046],[3.88189,7.42955],[3.88346,7.43045],[3.88346,7.43226]]]}},{"type":"Feature","properties":{"minutes":10.96,"people":10,"clinic_min":9.04,"school_min":12.87,"k_clinic":5,"k_school":5,"within_15":1,"off_street":1,"ward":"Samonda","lga":"Ibadan North"},"geometry":{"type":"Polygon","coordinates":[[[3.88974,7.43225],[3.88817,7.43315],[3.8866,7.43225],[3.8866,7.43044],[3.88817,7.42954],[3.88974,7.43044],[3.88974,7.43225]]]}},{"type":"Feature","properties":{"minutes":11.55,"people":88,"clinic_min":8.96,"school_min":14.15,"k_clinic":5,"k_school":5,"within_15":1,"off_street":0,"ward":"Samonda","lga":"Ibadan North"},"geometry":{"type":"Polygon","coordinates":[[[3.89288,7.43224],[3.89131,7.43315],[3.88974,7.43225],[3.88974,7.43044],[3.8913,7.42953],[3.89288,7.43043],[3.89288,7.43224]]]}},{"type":"Feature","properties":{"minutes":14.42,"people":465,"clinic_min":11.96,"school_min":16.88,"k_clinic":5,"k_school":5,"within_15":1,"off_street":0,"ward":"Samonda","lga":"Ibadan North"},"geometry":{"type":"Polygon","coordinates":[[[3.89602,7.43223],[3.89445,7.43314],[3.89288,7.43224],[3.89288,7.43043],[3.89444,7.42952],[3.89601,7.43043],[3.89602,7.43223]]]}},{"type":"Feature","properties":{"minutes":11.1,"people":160,"clinic_min":7.69,"school_min":14.51,"k_clinic":5,"k_school":5,"within_15":1,"off_street":0,"ward":"Samonda","lga":"Ibadan North"},"geometry":{"type":"Polygon","coordinates":[[[3.89916,7.43223],[3.89759,7.43314],[3.89602,7.43223],[3.89601,7.43043],[3.89758,7.42952],[3.89915,7.43042],[3.89916,7.43223]]]}},{"type":"Feature","properties":{"minutes":10.7,"people":250,"clinic_min":9.56,"school_min":11.84,"k_clinic":5,"k_school":5,"within_15":1,"off_street":0,"ward":"Samonda","lga":"Ibadan North"},"geometry":{"type":"Polygon","coordinates":[[[3.9023,7.43222],[3.90073,7.43313],[3.89916,7.43223],[3.89915,7.43042],[3.90072,7.42951],[3.90229,7.43041],[3.9023,7.43222]]]}},{"type":"Feature","properties":{"minutes":15.35,"people":354,"clinic_min":15.03,"school_min":15.68,"k_clinic":5,"k_school":5,"within_15":0,"off_street":0,"ward":"Samonda","lga":"Ibadan North"},"geometry":{"type":"Polygon","coordinates":[[[3.90544,7.43222],[3.90387,7.43312],[3.9023,7.43222],[3.90229,7.43041],[3.90386,7.42951],[3.90543,7.43041],[3.90544,7.43222]]]}},{"type":"Feature","properties":{"minutes":13.87,"people":1273,"clinic_min":14.67,"school_min":13.07,"k_clinic":5,"k_school":5,"within_15":1,"off_street":0,"ward":"Samonda","lga":"Ibadan North"},"geometry":{"type":"Polygon","coordinates":[[[3.90857,7.43221],[3.90701,7.43312],[3.90544,7.43222],[3.90543,7.43041],[3.907,7.4295],[3.90857,7.4304],[3.90857,7.43221]]]}},{"type":"Feature","properties":{"minutes":14.86,"people":316,"clinic_min":16.12,"school_min":13.6,"k_clinic":5,"k_school":5,"within_15":1,"off_street":0,"ward":"Samonda","lga":"Ibadan North"},"geometry":{"type":"Polygon","coordinates":[[[3.91171,7.4322],[3.91015,7.43311],[3.90857,7.43221],[3.90857,7.4304],[3.91014,7.42949],[3.91171,7.43039],[3.91171,7.4322]]]}},{"type":"Feature","properties":{"minutes":12.11,"people":861,"clinic_min":13.57,"school_min":10.65,"k_clinic":5,"k_school":5,"within_15":1,"off_street":0,"ward":"Agbowo","lga":"Ibadan North"},"geometry":{"type":"Polygon","coordinates":[[[3.91485,7.4322],[3.91328,7.4331],[3.91171,7.4322],[3.91171,7.43039],[3.91328,7.42949],[3.91485,7.43039],[3.91485,7.4322]]]}},{"type":"Feature","properties":{"minutes":12.45,"people":1342,"clinic_min":17.17,"school_min":7.73,"k_clinic":5,"k_school":5,"within_15":1,"off_street":0,"ward":"Bashorun","lga":"Ibadan North"},"geometry":{"type":"Polygon","coordinates":[[[3.91799,7.43219],[3.91642,7.4331],[3.91485,7.4322],[3.91485,7.43039],[3.91642,7.42948],[3.91799,7.43038],[3.91799,7.43219]]]}},{"type":"Feature","properties":{"minutes":11.59,"people":1977,"clinic_min":16.6,"school_min":6.59,"k_clinic":5,"k_school":5,"within_15":1,"off_street":0,"ward":"Bashorun","lga":"Ibadan North"},"geometry":{"type":"Polygon","coordinates":[[[3.92113,7.43218],[3.91956,7.43309],[3.91799,7.43219],[3.91799,7.43038],[3.91955,7.42947],[3.92113,7.43037],[3.92113,7.43218]]]}},{"type":"Feature","properties":{"minutes":12.07,"people":1838,"clinic_min":15.99,"school_min":8.14,"k_clinic":5,"k_school":5,"within_15":1,"off_street":0,"ward":"Bashorun","lga":"Ibadan North"},"geometry":{"type":"Polygon","coordinates":[[[3.92427,7.43218],[3.9227,7.43308],[3.92113,7.43218],[3.92113,7.43037],[3.92269,7.42947],[3.92426,7.43037],[3.92427,7.43218]]]}},{"type":"Feature","properties":{"minutes":13.5,"people":913,"clinic_min":15.83,"school_min":11.18,"k_clinic":5,"k_school":5,"within_15":1,"off_street":0,"ward":"Bashorun","lga":"Ibadan North"},"geometry":{"type":"Polygon","coordinates":[[[3.92741,7.43217],[3.92584,7.43308],[3.92427,7.43218],[3.92426,7.43037],[3.92583,7.42946],[3.9274,7.43036],[3.92741,7.43217]]]}},{"type":"Feature","properties":{"minutes":13.69,"people":842,"clinic_min":13.76,"school_min":13.63,"k_clinic":5,"k_school":5,"within_15":1,"off_street":0,"ward":"Bashorun","lga":"Ibadan North"},"geometry":{"type":"Polygon","coordinates":[[[3.93055,7.43216],[3.92898,7.43307],[3.92741,7.43217],[3.9274,7.43036],[3.92897,7.42945],[3.93054,7.43035],[3.93055,7.43216]]]}},{"type":"Feature","properties":{"minutes":16.75,"people":963,"clinic_min":16.76,"school_min":16.74,"k_clinic":5,"k_school":5,"within_15":0,"off_street":0,"ward":"Bashorun","lga":"Ibadan North"},"geometry":{"type":"Polygon","coordinates":[[[3.93369,7.43216],[3.93212,7.43306],[3.93055,7.43216],[3.93054,7.43035],[3.93211,7.42945],[3.93368,7.43035],[3.93369,7.43216]]]}},{"type":"Feature","properties":{"minutes":34.74,"people":475,"clinic_min":41.02,"school_min":28.47,"k_clinic":5,"k_school":5,"within_15":0,"off_street":0,"ward":"Olopomewa","lga":"Ibadan North West"},"geometry":{"type":"Polygon","coordinates":[[[3.81912,7.4351],[3.81755,7.436],[3.81598,7.4351],[3.81598,7.43329],[3.81754,7.43239],[3.81912,7.43329],[3.81912,7.4351]]]}},{"type":"Feature","properties":{"minutes":28.44,"people":545,"clinic_min":34.72,"school_min":22.17,"k_clinic":5,"k_school":5,"within_15":0,"off_street":0,"ward":"Olopomewa","lga":"Ibadan North West"},"geometry":{"type":"Polygon","coordinates":[[[3.82226,7.43509],[3.82069,7.436],[3.81912,7.4351],[3.81912,7.43329],[3.82068,7.43238],[3.82225,7.43328],[3.82226,7.43509]]]}},{"type":"Feature","properties":{"minutes":24.55,"people":709,"clinic_min":30.82,"school_min":18.27,"k_clinic":5,"k_school":5,"within_15":0,"off_street":0,"ward":"Olopomewa","lga":"Ibadan North West"},"geometry":{"type":"Polygon","coordinates":[[[3.8254,7.43509],[3.82383,7.43599],[3.82226,7.43509],[3.82225,7.43328],[3.82382,7.43237],[3.82539,7.43328],[3.8254,7.43509]]]}},{"type":"Feature","properties":{"minutes":21.13,"people":757,"clinic_min":27.5,"school_min":14.75,"k_clinic":5,"k_school":5,"within_15":0,"off_street":0,"ward":"Olopomewa","lga":"Ibadan North West"},"geometry":{"type":"Polygon","coordinates":[[[3.82854,7.43508],[3.82697,7.43599],[3.8254,7.43509],[3.82539,7.43328],[3.82696,7.43237],[3.82853,7.43327],[3.82854,7.43508]]]}},{"type":"Feature","properties":{"minutes":18.41,"people":1192,"clinic_min":23.51,"school_min":13.31,"k_clinic":5,"k_school":5,"within_15":0,"off_street":0,"ward":"Olopomewa","lga":"Ibadan North West"},"geometry":{"type":"Polygon","coordinates":[[[3.83168,7.43507],[3.83011,7.43598],[3.82854,7.43508],[3.82853,7.43327],[3.8301,7.43236],[3.83167,7.43326],[3.83168,7.43507]]]}},{"type":"Feature","properties":{"minutes":20.36,"people":836,"clinic_min":23.52,"school_min":17.19,"k_clinic":5,"k_school":5,"within_15":0,"off_street":0,"ward":"Olopomewa","lga":"Ibadan North West"},"geometry":{"type":"Polygon","coordinates":[[[3.83481,7.43507],[3.83325,7.43597],[3.83168,7.43507],[3.83167,7.43326],[3.83324,7.43236],[3.83481,7.43326],[3.83481,7.43507]]]}},{"type":"Feature","properties":{"minutes":20.93,"people":1177,"clinic_min":23.48,"school_min":18.39,"k_clinic":5,"k_school":5,"within_15":0,"off_street":0,"ward":"Olopomewa","lga":"Ibadan North West"},"geometry":{"type":"Polygon","coordinates":[[[3.83795,7.43506],[3.83639,7.43597],[3.83481,7.43507],[3.83481,7.43326],[3.83638,7.43235],[3.83795,7.43325],[3.83795,7.43506]]]}},{"type":"Feature","properties":{"minutes":24.0,"people":898,"clinic_min":25.78,"school_min":22.22,"k_clinic":5,"k_school":5,"within_15":0,"off_street":0,"ward":"Olopomewa","lga":"Ibadan North West"},"geometry":{"type":"Polygon","coordinates":[[[3.84109,7.43506],[3.83952,7.43596],[3.83795,7.43506],[3.83795,7.43325],[3.83952,7.43235],[3.84109,7.43325],[3.84109,7.43506]]]}},{"type":"Feature","properties":{"minutes":24.67,"people":1038,"clinic_min":25.43,"school_min":23.91,"k_clinic":5,"k_school":5,"within_15":0,"off_street":0,"ward":"Olopomewa","lga":"Ibadan North West"},"geometry":{"type":"Polygon","coordinates":[[[3.84423,7.43505],[3.84266,7.43596],[3.84109,7.43506],[3.84109,7.43325],[3.84266,7.43234],[3.84423,7.43324],[3.84423,7.43505]]]}},{"type":"Feature","properties":{"minutes":27.48,"people":918,"clinic_min":28.16,"school_min":26.79,"k_clinic":5,"k_school":5,"within_15":0,"off_street":0,"ward":"Olopomewa","lga":"Ibadan North West"},"geometry":{"type":"Polygon","coordinates":[[[3.84737,7.43504],[3.8458,7.43595],[3.84423,7.43505],[3.84423,7.43324],[3.8458,7.43233],[3.84737,7.43323],[3.84737,7.43504]]]}},{"type":"Feature","properties":{"minutes":31.86,"people":576,"clinic_min":32.23,"school_min":31.49,"k_clinic":5,"k_school":5,"within_15":0,"off_street":0,"ward":"Olopomewa","lga":"Ibadan North West"},"geometry":{"type":"Polygon","coordinates":[[[3.85051,7.43504],[3.84894,7.43595],[3.84737,7.43504],[3.84737,7.43323],[3.84893,7.43233],[3.85051,7.43323],[3.85051,7.43504]]]}},{"type":"Feature","properties":{"minutes":35.59,"people":791,"clinic_min":35.53,"school_min":35.64,"k_clinic":5,"k_school":5,"within_15":0,"off_street":0,"ward":"Olopomewa","lga":"Ibadan North West"},"geometry":{"type":"Polygon","coordinates":[[[3.85365,7.43503],[3.85208,7.43594],[3.85051,7.43504],[3.85051,7.43323],[3.85207,7.43232],[3.85364,7.43322],[3.85365,7.43503]]]}},{"type":"Feature","properties":{"minutes":37.75,"people":77,"clinic_min":37.68,"school_min":37.82,"k_clinic":5,"k_school":5,"within_15":0,"off_street":0,"ward":"Olopomewa","lga":"Ibadan North West"},"geometry":{"type":"Polygon","coordinates":[[[3.85679,7.43503],[3.85522,7.43593],[3.85365,7.43503],[3.85364,7.43322],[3.85521,7.43232],[3.85678,7.43322],[3.85679,7.43503]]]}},{"type":"Feature","properties":{"minutes":20.81,"people":84,"clinic_min":23.75,"school_min":17.87,"k_clinic":5,"k_school":5,"within_15":0,"off_street":0,"ward":"Sango","lga":"Ibadan North"},"geometry":{"type":"Polygon","coordinates":[[[3.87876,7.43498],[3.87719,7.43589],[3.87562,7.43499],[3.87562,7.43318],[3.87718,7.43227],[3.87876,7.43317],[3.87876,7.43498]]]}},{"type":"Feature","properties":{"minutes":12.65,"people":143,"clinic_min":17.82,"school_min":7.48,"k_clinic":5,"k_school":5,"within_15":1,"off_street":0,"ward":"Samonda","lga":"Ibadan North"},"geometry":{"type":"Polygon","coordinates":[[[3.8819,7.43498],[3.88033,7.43588],[3.87876,7.43498],[3.87876,7.43317],[3.88032,7.43227],[3.8819,7.43317],[3.8819,7.43498]]]}},{"type":"Feature","properties":{"minutes":21.19,"people":51,"clinic_min":20.29,"school_min":22.09,"k_clinic":5,"k_school":5,"within_15":0,"off_street":0,"ward":"Samonda","lga":"Ibadan North"},"geometry":{"type":"Polygon","coordinates":[[[3.88504,7.43497],[3.88347,7.43588],[3.8819,7.43498],[3.8819,7.43317],[3.88346,7.43226],[3.88503,7.43316],[3.88504,7.43497]]]}},{"type":"Feature","properties":{"minutes":16.04,"people":99,"clinic_min":15.14,"school_min":16.94,"k_clinic":5,"k_school":5,"within_15":0,"off_street":0,"ward":"Samonda","lga":"Ibadan North"},"geometry":{"type":"Polygon","coordinates":[[[3.88818,7.43496],[3.88661,7.43587],[3.88504,7.43497],[3.88503,7.43316],[3.8866,7.43225],[3.88817,7.43315],[3.88818,7.43496]]]}},{"type":"Feature","properties":{"minutes":37.74,"people":80,"clinic_min":36.28,"school_min":39.2,"k_clinic":5,"k_school":5,"within_15":0,"off_street":0,"ward":"Samonda","lga":"Ibadan North"},"geometry":{"type":"Polygon","coordinates":[[[3.89132,7.43496],[3.88975,7.43587],[3.88818,7.43496],[3.88817,7.43315],[3.88974,7.43225],[3.89131,7.43315],[3.89132,7.43496]]]}},{"type":"Feature","properties":{"minutes":33.9,"people":116,"clinic_min":32.43,"school_min":35.36,"k_clinic":5,"k_school":5,"within_15":0,"off_street":0,"ward":"Samonda","lga":"Ibadan North"},"geometry":{"type":"Polygon","coordinates":[[[3.89445,7.43495],[3.89289,7.43586],[3.89132,7.43496],[3.89131,7.43315],[3.89288,7.43224],[3.89445,7.43314],[3.89445,7.43495]]]}},{"type":"Feature","properties":{"minutes":29.6,"people":192,"clinic_min":27.99,"school_min":31.22,"k_clinic":5,"k_school":5,"within_15":0,"off_street":0,"ward":"Samonda","lga":"Ibadan North"},"geometry":{"type":"Polygon","coordinates":[[[3.89759,7.43494],[3.89603,7.43585],[3.89445,7.43495],[3.89445,7.43314],[3.89602,7.43223],[3.89759,7.43314],[3.89759,7.43494]]]}},{"type":"Feature","properties":{"minutes":28.37,"people":209,"clinic_min":26.76,"school_min":29.99,"k_clinic":5,"k_school":5,"within_15":0,"off_street":0,"ward":"Samonda","lga":"Ibadan North"},"geometry":{"type":"Polygon","coordinates":[[[3.90073,7.43494],[3.89916,7.43585],[3.89759,7.43494],[3.89759,7.43314],[3.89916,7.43223],[3.90073,7.43313],[3.90073,7.43494]]]}},{"type":"Feature","properties":{"minutes":15.14,"people":439,"clinic_min":15.16,"school_min":15.13,"k_clinic":5,"k_school":5,"within_15":0,"off_street":0,"ward":"Samonda","lga":"Ibadan North"},"geometry":{"type":"Polygon","coordinates":[[[3.90387,7.43493],[3.9023,7.43584],[3.90073,7.43494],[3.90073,7.43313],[3.9023,7.43222],[3.90387,7.43312],[3.90387,7.43493]]]}},{"type":"Feature","properties":{"minutes":12.4,"people":225,"clinic_min":13.21,"school_min":11.58,"k_clinic":5,"k_school":5,"within_15":1,"off_street":0,"ward":"Samonda","lga":"Ibadan North"},"geometry":{"type":"Polygon","coordinates":[[[3.90701,7.43493],[3.90544,7.43583],[3.90387,7.43493],[3.90387,7.43312],[3.90544,7.43222],[3.90701,7.43312],[3.90701,7.43493]]]}},{"type":"Feature","properties":{"minutes":11.41,"people":750,"clinic_min":12.3,"school_min":10.53,"k_clinic":5,"k_school":5,"within_15":1,"off_street":0,"ward":"Samonda","lga":"Ibadan North"},"geometry":{"type":"Polygon","coordinates":[[[3.91015,7.43492],[3.90858,7.43583],[3.90701,7.43493],[3.90701,7.43312],[3.90857,7.43221],[3.91015,7.43311],[3.91015,7.43492]]]}},{"type":"Feature","properties":{"minutes":10.84,"people":804,"clinic_min":11.8,"school_min":9.87,"k_clinic":5,"k_school":5,"within_15":1,"off_street":0,"ward":"Agbowo","lga":"Ibadan North"},"geometry":{"type":"Polygon","coordinates":[[[3.91329,7.43491],[3.91172,7.43582],[3.91015,7.43492],[3.91015,7.43311],[3.91171,7.4322],[3.91328,7.4331],[3.91329,7.43491]]]}},{"type":"Feature","properties":{"minutes":13.94,"people":1137,"clinic_min":13.86,"school_min":14.03,"k_clinic":5,"k_school":5,"within_15":1,"off_street":0,"ward":"Agbowo","lga":"Ibadan North"},"geometry":{"type":"Polygon","coordinates":[[[3.91643,7.43491],[3.91486,7.43581],[3.91329,7.43491],[3.91328,7.4331],[3.91485,7.4322],[3.91642,7.4331],[3.91643,7.43491]]]}},{"type":"Feature","properties":{"minutes":17.69,"people":1430,"clinic_min":17.71,"school_min":17.66,"k_clinic":5,"k_school":5,"within_15":0,"off_street":0,"ward":"Agbowo","lga":"Ibadan North"},"geometry":{"type":"Polygon","coordinates":[[[3.91957,7.4349],[3.918,7.43581],[3.91643,7.43491],[3.91642,7.4331],[3.91799,7.43219],[3.91956,7.43309],[3.91957,7.4349]]]}},{"type":"Feature","properties":{"minutes":18.18,"people":1387,"clinic_min":18.0,"school_min":18.36,"k_clinic":5,"k_school":5,"within_15":0,"off_street":0,"ward":"Agbowo","lga":"Ibadan North"},"geometry":{"type":"Polygon","coordinates":[[[3.9227,7.43489],[3.92114,7.4358],[3.91957,7.4349],[3.91956,7.43309],[3.92113,7.43218],[3.9227,7.43308],[3.9227,7.43489]]]}},{"type":"Feature","properties":{"minutes":14.04,"people":1203,"clinic_min":17.64,"school_min":10.44,"k_clinic":5,"k_school":5,"within_15":1,"off_street":0,"ward":"Bashorun","lga":"Ibadan North"},"geometry":{"type":"Polygon","coordinates":[[[3.92584,7.43489],[3.92428,7.43579],[3.9227,7.43489],[3.9227,7.43308],[3.92427,7.43218],[3.92584,7.43308],[3.92584,7.43489]]]}},{"type":"Feature","properties":{"minutes":14.18,"people":921,"clinic_min":15.5,"school_min":12.86,"k_clinic":5,"k_school":5,"within_15":1,"off_street":0,"ward":"Bashorun","lga":"Ibadan North"},"geometry":{"type":"Polygon","coordinates":[[[3.92898,7.43488],[3.92742,7.43579],[3.92584,7.43489],[3.92584,7.43308],[3.92741,7.43217],[3.92898,7.43307],[3.92898,7.43488]]]}},{"type":"Feature","properties":{"minutes":16.47,"people":980,"clinic_min":17.57,"school_min":15.37,"k_clinic":5,"k_school":5,"within_15":0,"off_street":0,"ward":"Bashorun","lga":"Ibadan North"},"geometry":{"type":"Polygon","coordinates":[[[3.93212,7.43487],[3.93055,7.43578],[3.92898,7.43488],[3.92898,7.43307],[3.93055,7.43216],[3.93212,7.43306],[3.93212,7.43487]]]}},{"type":"Feature","properties":{"minutes":23.2,"people":683,"clinic_min":29.25,"school_min":17.15,"k_clinic":5,"k_school":5,"within_15":0,"off_street":0,"ward":"Olopomewa","lga":"Ibadan North West"},"geometry":{"type":"Polygon","coordinates":[[[3.82697,7.4378],[3.8254,7.4387],[3.82383,7.4378],[3.82383,7.43599],[3.8254,7.43509],[3.82697,7.43599],[3.82697,7.4378]]]}},{"type":"Feature","properties":{"minutes":18.89,"people":1264,"clinic_min":24.28,"school_min":13.49,"k_clinic":5,"k_school":5,"within_15":0,"off_street":0,"ward":"Olopomewa","lga":"Ibadan North West"},"geometry":{"type":"Polygon","coordinates":[[[3.83011,7.43779],[3.82854,7.4387],[3.82697,7.4378],[3.82697,7.43599],[3.82854,7.43508],[3.83011,7.43598],[3.83011,7.43779]]]}},{"type":"Feature","properties":{"minutes":19.69,"people":956,"clinic_min":24.0,"school_min":15.38,"k_clinic":5,"k_school":5,"within_15":0,"off_street":0,"ward":"Olopomewa","lga":"Ibadan North West"},"geometry":{"type":"Polygon","coordinates":[[[3.83325,7.43778],[3.83168,7.43869],[3.83011,7.43779],[3.83011,7.43598],[3.83168,7.43507],[3.83325,7.43597],[3.83325,7.43778]]]}},{"type":"Feature","properties":{"minutes":22.58,"people":708,"clinic_min":26.1,"school_min":19.05,"k_clinic":5,"k_school":5,"within_15":0,"off_street":0,"ward":"Olopomewa","lga":"Ibadan North West"},"geometry":{"type":"Polygon","coordinates":[[[3.83639,7.43778],[3.83482,7.43869],[3.83325,7.43778],[3.83325,7.43597],[3.83481,7.43507],[3.83639,7.43597],[3.83639,7.43778]]]}},{"type":"Feature","properties":{"minutes":27.59,"people":534,"clinic_min":30.31,"school_min":24.88,"k_clinic":5,"k_school":5,"within_15":0,"off_street":0,"ward":"Olopomewa","lga":"Ibadan North West"},"geometry":{"type":"Polygon","coordinates":[[[3.83953,7.43777],[3.83796,7.43868],[3.83639,7.43778],[3.83639,7.43597],[3.83795,7.43506],[3.83952,7.43596],[3.83953,7.43777]]]}},{"type":"Feature","properties":{"minutes":28.62,"people":520,"clinic_min":30.21,"school_min":27.04,"k_clinic":5,"k_school":5,"within_15":0,"off_street":0,"ward":"Olopomewa","lga":"Ibadan North West"},"geometry":{"type":"Polygon","coordinates":[[[3.84267,7.43777],[3.8411,7.43867],[3.83953,7.43777],[3.83952,7.43596],[3.84109,7.43506],[3.84266,7.43596],[3.84267,7.43777]]]}},{"type":"Feature","properties":{"minutes":29.41,"people":396,"clinic_min":30.27,"school_min":28.56,"k_clinic":5,"k_school":5,"within_15":0,"off_street":0,"ward":"Olopomewa","lga":"Ibadan North West"},"geometry":{"type":"Polygon","coordinates":[[[3.84581,7.43776],[3.84424,7.43867],[3.84267,7.43777],[3.84266,7.43596],[3.84423,7.43505],[3.8458,7.43595],[3.84581,7.43776]]]}},{"type":"Feature","properties":{"minutes":31.36,"people":468,"clinic_min":32.06,"school_min":30.65,"k_clinic":5,"k_school":5,"within_15":0,"off_street":0,"ward":"Olopomewa","lga":"Ibadan North West"},"geometry":{"type":"Polygon","coordinates":[[[3.84894,7.43775],[3.84738,7.43866],[3.84581,7.43776],[3.8458,7.43595],[3.84737,7.43504],[3.84894,7.43595],[3.84894,7.43775]]]}},{"type":"Feature","properties":{"minutes":35.37,"people":525,"clinic_min":35.79,"school_min":34.96,"k_clinic":5,"k_school":5,"within_15":0,"off_street":0,"ward":"Olopomewa","lga":"Ibadan North West"},"geometry":{"type":"Polygon","coordinates":[[[3.85208,7.43775],[3.85052,7.43866],[3.84894,7.43775],[3.84894,7.43595],[3.85051,7.43504],[3.85208,7.43594],[3.85208,7.43775]]]}},{"type":"Feature","properties":{"minutes":38.4,"people":151,"clinic_min":38.52,"school_min":38.29,"k_clinic":5,"k_school":5,"within_15":0,"off_street":0,"ward":"Olopomewa","lga":"Ibadan North West"},"geometry":{"type":"Polygon","coordinates":[[[3.85522,7.43774],[3.85366,7.43865],[3.85208,7.43775],[3.85208,7.43594],[3.85365,7.43503],[3.85522,7.43593],[3.85522,7.43774]]]}},{"type":"Feature","properties":{"minutes":15.45,"people":456,"clinic_min":20.11,"school_min":10.78,"k_clinic":5,"k_school":5,"within_15":0,"off_street":0,"ward":"Samonda","lga":"Ibadan North"},"geometry":{"type":"Polygon","coordinates":[[[3.88347,7.43769],[3.88191,7.43859],[3.88033,7.43769],[3.88033,7.43588],[3.8819,7.43498],[3.88347,7.43588],[3.88347,7.43769]]]}},{"type":"Feature","properties":{"minutes":15.84,"people":171,"clinic_min":16.77,"school_min":14.9,"k_clinic":5,"k_school":5,"within_15":0,"off_street":0,"ward":"Samonda","lga":"Ibadan North"},"geometry":{"type":"Polygon","coordinates":[[[3.88661,7.43768],[3.88504,7.43859],[3.88347,7.43769],[3.88347,7.43588],[3.88504,7.43497],[3.88661,7.43587],[3.88661,7.43768]]]}},{"type":"Feature","properties":{"minutes":34.1,"people":117,"clinic_min":32.64,"school_min":35.57,"k_clinic":5,"k_school":5,"within_15":0,"off_street":0,"ward":"Samonda","lga":"Ibadan North"},"geometry":{"type":"Polygon","coordinates":[[[3.88975,7.43767],[3.88818,7.43858],[3.88661,7.43768],[3.88661,7.43587],[3.88818,7.43496],[3.88975,7.43587],[3.88975,7.43767]]]}},{"type":"Feature","properties":{"minutes":31.32,"people":50,"clinic_min":29.85,"school_min":32.78,"k_clinic":5,"k_school":5,"within_15":0,"off_street":0,"ward":"Samonda","lga":"Ibadan North"},"geometry":{"type":"Polygon","coordinates":[[[3.89289,7.43767],[3.89132,7.43858],[3.88975,7.43767],[3.88975,7.43587],[3.89132,7.43496],[3.89289,7.43586],[3.89289,7.43767]]]}},{"type":"Feature","properties":{"minutes":32.83,"people":184,"clinic_min":31.37,"school_min":34.29,"k_clinic":5,"k_school":5,"within_15":0,"off_street":0,"ward":"Samonda","lga":"Ibadan North"},"geometry":{"type":"Polygon","coordinates":[[[3.89603,7.43766],[3.89446,7.43857],[3.89289,7.43767],[3.89289,7.43586],[3.89445,7.43495],[3.89603,7.43585],[3.89603,7.43766]]]}},{"type":"Feature","properties":{"minutes":24.75,"people":124,"clinic_min":23.14,"school_min":26.37,"k_clinic":5,"k_school":5,"within_15":0,"off_street":0,"ward":"Samonda","lga":"Ibadan North"},"geometry":{"type":"Polygon","coordinates":[[[3.89917,7.43766],[3.8976,7.43856],[3.89603,7.43766],[3.89603,7.43585],[3.89759,7.43494],[3.89916,7.43585],[3.89917,7.43766]]]}},{"type":"Feature","properties":{"minutes":20.41,"people":162,"clinic_min":19.07,"school_min":21.74,"k_clinic":5,"k_school":5,"within_15":0,"off_street":0,"ward":"Samonda","lga":"Ibadan North"},"geometry":{"type":"Polygon","coordinates":[[[3.90231,7.43765],[3.90074,7.43856],[3.89917,7.43766],[3.89916,7.43585],[3.90073,7.43494],[3.9023,7.43584],[3.90231,7.43765]]]}},{"type":"Feature","properties":{"minutes":14.05,"people":175,"clinic_min":15.25,"school_min":12.85,"k_clinic":5,"k_school":5,"within_15":1,"off_street":0,"ward":"Samonda","lga":"Ibadan North"},"geometry":{"type":"Polygon","coordinates":[[[3.90545,7.43764],[3.90388,7.43855],[3.90231,7.43765],[3.9023,7.43584],[3.90387,7.43493],[3.90544,7.43583],[3.90545,7.43764]]]}},{"type":"Feature","properties":{"minutes":9.06,"people":247,"clinic_min":10.36,"school_min":7.77,"k_clinic":5,"k_school":5,"within_15":1,"off_street":0,"ward":"Samonda","lga":"Ibadan North"},"geometry":{"type":"Polygon","coordinates":[[[3.90859,7.43764],[3.90702,7.43854],[3.90545,7.43764],[3.90544,7.43583],[3.90701,7.43493],[3.90858,7.43583],[3.90859,7.43764]]]}},{"type":"Feature","properties":{"minutes":8.26,"people":1108,"clinic_min":8.94,"school_min":7.57,"k_clinic":5,"k_school":5,"within_15":1,"off_street":0,"ward":"Agbowo","lga":"Ibadan North"},"geometry":{"type":"Polygon","coordinates":[[[3.91172,7.43763],[3.91016,7.43854],[3.90859,7.43764],[3.90858,7.43583],[3.91015,7.43492],[3.91172,7.43582],[3.91172,7.43763]]]}},{"type":"Feature","properties":{"minutes":10.7,"people":1616,"clinic_min":10.8,"school_min":10.6,"k_clinic":5,"k_school":5,"within_15":1,"off_street":0,"ward":"Agbowo","lga":"Ibadan North"},"geometry":{"type":"Polygon","coordinates":[[[3.91486,7.43762],[3.9133,7.43853],[3.91172,7.43763],[3.91172,7.43582],[3.91329,7.43491],[3.91486,7.43581],[3.91486,7.43762]]]}},{"type":"Feature","properties":{"minutes":13.53,"people":1222,"clinic_min":12.8,"school_min":14.27,"k_clinic":5,"k_school":5,"within_15":1,"off_street":0,"ward":"Agbowo","lga":"Ibadan North"},"geometry":{"type":"Polygon","coordinates":[[[3.918,7.43762],[3.91643,7.43852],[3.91486,7.43762],[3.91486,7.43581],[3.91643,7.43491],[3.918,7.43581],[3.918,7.43762]]]}},{"type":"Feature","properties":{"minutes":14.4,"people":1346,"clinic_min":13.84,"school_min":14.96,"k_clinic":5,"k_school":5,"within_15":1,"off_street":0,"ward":"Agbowo","lga":"Ibadan North"},"geometry":{"type":"Polygon","coordinates":[[[3.92114,7.43761],[3.91957,7.43852],[3.918,7.43762],[3.918,7.43581],[3.91957,7.4349],[3.92114,7.4358],[3.92114,7.43761]]]}},{"type":"Feature","properties":{"minutes":17.43,"people":1332,"clinic_min":16.8,"school_min":18.06,"k_clinic":5,"k_school":5,"within_15":0,"off_street":0,"ward":"Agbowo","lga":"Ibadan North"},"geometry":{"type":"Polygon","coordinates":[[[3.92428,7.4376],[3.92271,7.43851],[3.92114,7.43761],[3.92114,7.4358],[3.9227,7.43489],[3.92428,7.43579],[3.92428,7.4376]]]}},{"type":"Feature","properties":{"minutes":21.2,"people":1113,"clinic_min":20.51,"school_min":21.9,"k_clinic":5,"k_school":5,"within_15":0,"off_street":0,"ward":"Agbowo","lga":"Ibadan North"},"geometry":{"type":"Polygon","coordinates":[[[3.92742,7.4376],[3.92585,7.4385],[3.92428,7.4376],[3.92428,7.43579],[3.92584,7.43489],[3.92742,7.43579],[3.92742,7.4376]]]}},{"type":"Feature","properties":{"minutes":26.19,"people":653,"clinic_min":25.5,"school_min":26.89,"k_clinic":5,"k_school":5,"within_15":0,"off_street":0,"ward":"Agbowo","lga":"Ibadan North"},"geometry":{"type":"Polygon","coordinates":[[[3.93056,7.43759],[3.92899,7.4385],[3.92742,7.4376],[3.92742,7.43579],[3.92898,7.43488],[3.93055,7.43578],[3.93056,7.43759]]]}},{"type":"Feature","properties":{"minutes":35.73,"people":864,"clinic_min":35.04,"school_min":36.43,"k_clinic":5,"k_school":5,"within_15":0,"off_street":0,"ward":"Agbowo","lga":"Ibadan North"},"geometry":{"type":"Polygon","coordinates":[[[3.9337,7.43758],[3.93213,7.43849],[3.93056,7.43759],[3.93055,7.43578],[3.93212,7.43487],[3.93369,7.43577],[3.9337,7.43758]]]}},{"type":"Feature","properties":{"minutes":23.47,"people":728,"clinic_min":28.86,"school_min":18.08,"k_clinic":5,"k_school":5,"within_15":0,"off_street":0,"ward":"Olopomewa","lga":"Ibadan North West"},"geometry":{"type":"Polygon","coordinates":[[[3.83169,7.4405],[3.83012,7.44141],[3.82855,7.44051],[3.82854,7.4387],[3.83011,7.43779],[3.83168,7.43869],[3.83169,7.4405]]]}},{"type":"Feature","properties":{"minutes":23.32,"people":488,"clinic_min":27.52,"school_min":19.11,"k_clinic":5,"k_school":5,"within_15":0,"off_street":0,"ward":"Olopomewa","lga":"Ibadan North West"},"geometry":{"type":"Polygon","coordinates":[[[3.83482,7.44049],[3.83326,7.4414],[3.83169,7.4405],[3.83168,7.43869],[3.83325,7.43778],[3.83482,7.43869],[3.83482,7.44049]]]}},{"type":"Feature","properties":{"minutes":36.75,"people":250,"clinic_min":37.46,"school_min":36.05,"k_clinic":5,"k_school":5,"within_15":0,"off_street":0,"ward":"Olopomewa","lga":"Ibadan North West"},"geometry":{"type":"Polygon","coordinates":[[[3.85052,7.44046],[3.84895,7.44137],[3.84738,7.44047],[3.84738,7.43866],[3.84894,7.43775],[3.85052,7.43866],[3.85052,7.44046]]]}},{"type":"Feature","properties":{"minutes":38.96,"people":44,"clinic_min":39.66,"school_min":38.25,"k_clinic":5,"k_school":5,"within_15":0,"off_street":0,"ward":"Olopomewa","lga":"Ibadan North West"},"geometry":{"type":"Polygon","coordinates":[[[3.85366,7.44046],[3.85209,7.44137],[3.85052,7.44046],[3.85052,7.43866],[3.85208,7.43775],[3.85366,7.43865],[3.85366,7.44046]]]}},{"type":"Feature","properties":{"minutes":32.73,"people":102,"clinic_min":37.92,"school_min":27.53,"k_clinic":5,"k_school":5,"within_15":0,"off_street":0,"ward":"Samonda","lga":"Ibadan North"},"geometry":{"type":"Polygon","coordinates":[[[3.87877,7.44041],[3.8772,7.44132],[3.87563,7.44042],[3.87563,7.43861],[3.8772,7.4377],[3.87877,7.4386],[3.87877,7.44041]]]}},{"type":"Feature","properties":{"minutes":17.09,"people":170,"clinic_min":22.3,"school_min":11.89,"k_clinic":5,"k_school":5,"within_15":0,"off_street":0,"ward":"Samonda","lga":"Ibadan North"},"geometry":{"type":"Polygon","coordinates":[[[3.88191,7.4404],[3.88034,7.44131],[3.87877,7.44041],[3.87877,7.4386],[3.88033,7.43769],[3.88191,7.43859],[3.88191,7.4404]]]}},{"type":"Feature","properties":{"minutes":18.01,"people":193,"clinic_min":20.11,"school_min":15.91,"k_clinic":5,"k_school":5,"within_15":0,"off_street":0,"ward":"Samonda","lga":"Ibadan North"},"geometry":{"type":"Polygon","coordinates":[[[3.88505,7.4404],[3.88348,7.4413],[3.88191,7.4404],[3.88191,7.43859],[3.88347,7.43769],[3.88504,7.43859],[3.88505,7.4404]]]}},{"type":"Feature","properties":{"minutes":36.96,"people":213,"clinic_min":36.69,"school_min":37.22,"k_clinic":5,"k_school":5,"within_15":0,"off_street":0,"ward":"Samonda","lga":"Ibadan North"},"geometry":{"type":"Polygon","coordinates":[[[3.88819,7.44039],[3.88662,7.4413],[3.88505,7.4404],[3.88504,7.43859],[3.88661,7.43768],[3.88818,7.43858],[3.88819,7.44039]]]}},{"type":"Feature","properties":{"minutes":31.32,"people":32,"clinic_min":29.85,"school_min":32.78,"k_clinic":5,"k_school":5,"within_15":0,"off_street":0,"ward":"Samonda","lga":"Ibadan North"},"geometry":{"type":"Polygon","coordinates":[[[3.89133,7.44038],[3.88976,7.44129],[3.88819,7.44039],[3.88818,7.43858],[3.88975,7.43767],[3.89132,7.43858],[3.89133,7.44038]]]}},{"type":"Feature","properties":{"minutes":27.92,"people":285,"clinic_min":26.73,"school_min":29.1,"k_clinic":5,"k_school":5,"within_15":0,"off_street":0,"ward":"Samonda","lga":"Ibadan North"},"geometry":{"type":"Polygon","coordinates":[[[3.89447,7.44038],[3.8929,7.44129],[3.89133,7.44038],[3.89132,7.43858],[3.89289,7.43767],[3.89446,7.43857],[3.89447,7.44038]]]}},{"type":"Feature","properties":{"minutes":25.18,"people":323,"clinic_min":23.56,"school_min":26.8,"k_clinic":5,"k_school":5,"within_15":0,"off_street":0,"ward":"Samonda","lga":"Ibadan North"},"geometry":{"type":"Polygon","coordinates":[[[3.8976,7.44037],[3.89604,7.44128],[3.89447,7.44038],[3.89446,7.43857],[3.89603,7.43766],[3.8976,7.43856],[3.8976,7.44037]]]}},{"type":"Feature","properties":{"minutes":19.86,"people":260,"clinic_min":18.25,"school_min":21.48,"k_clinic":5,"k_school":5,"within_15":0,"off_street":0,"ward":"Samonda","lga":"Ibadan North"},"geometry":{"type":"Polygon","coordinates":[[[3.90074,7.44037],[3.89918,7.44127],[3.8976,7.44037],[3.8976,7.43856],[3.89917,7.43766],[3.90074,7.43856],[3.90074,7.44037]]]}},{"type":"Feature","properties":{"minutes":17.23,"people":162,"clinic_min":15.89,"school_min":18.56,"k_clinic":5,"k_school":5,"within_15":0,"off_street":0,"ward":"Samonda","lga":"Ibadan North"},"geometry":{"type":"Polygon","coordinates":[[[3.90388,7.44036],[3.90231,7.44127],[3.90074,7.44037],[3.90074,7.43856],[3.90231,7.43765],[3.90388,7.43855],[3.90388,7.44036]]]}},{"type":"Feature","properties":{"minutes":8.43,"people":293,"clinic_min":9.88,"school_min":6.98,"k_clinic":5,"k_school":5,"within_15":1,"off_street":0,"ward":"Samonda","lga":"Ibadan North"},"geometry":{"type":"Polygon","coordinates":[[[3.90702,7.44035],[3.90545,7.44126],[3.90388,7.44036],[3.90388,7.43855],[3.90545,7.43764],[3.90702,7.43854],[3.90702,7.44035]]]}},{"type":"Feature","properties":{"minutes":7.3,"people":1072,"clinic_min":6.87,"school_min":7.74,"k_clinic":5,"k_school":5,"within_15":1,"off_street":0,"ward":"Agbowo","lga":"Ibadan North"},"geometry":{"type":"Polygon","coordinates":[[[3.91016,7.44035],[3.90859,7.44125],[3.90702,7.44035],[3.90702,7.43854],[3.90859,7.43764],[3.91016,7.43854],[3.91016,7.44035]]]}},{"type":"Feature","properties":{"minutes":9.01,"people":1272,"clinic_min":8.23,"school_min":9.79,"k_clinic":5,"k_school":5,"within_15":1,"off_street":0,"ward":"Agbowo","lga":"Ibadan North"},"geometry":{"type":"Polygon","coordinates":[[[3.9133,7.44034],[3.91173,7.44125],[3.91016,7.44035],[3.91016,7.43854],[3.91172,7.43763],[3.9133,7.43853],[3.9133,7.44034]]]}},{"type":"Feature","properties":{"minutes":10.27,"people":1166,"clinic_min":9.99,"school_min":10.54,"k_clinic":5,"k_school":5,"within_15":1,"off_street":0,"ward":"Agbowo","lga":"Ibadan North"},"geometry":{"type":"Polygon","coordinates":[[[3.91644,7.44033],[3.91487,7.44124],[3.9133,7.44034],[3.9133,7.43853],[3.91486,7.43762],[3.91643,7.43852],[3.91644,7.44033]]]}},{"type":"Feature","properties":{"minutes":12.45,"people":1262,"clinic_min":11.29,"school_min":13.6,"k_clinic":5,"k_school":5,"within_15":1,"off_street":0,"ward":"Agbowo","lga":"Ibadan North"},"geometry":{"type":"Polygon","coordinates":[[[3.91958,7.44033],[3.91801,7.44123],[3.91644,7.44033],[3.91643,7.43852],[3.918,7.43762],[3.91957,7.43852],[3.91958,7.44033]]]}},{"type":"Feature","properties":{"minutes":12.51,"people":978,"clinic_min":11.47,"school_min":13.56,"k_clinic":5,"k_school":5,"within_15":1,"off_street":0,"ward":"Agbowo","lga":"Ibadan North"},"geometry":{"type":"Polygon","coordinates":[[[3.92272,7.44032],[3.92115,7.44123],[3.91958,7.44033],[3.91957,7.43852],[3.92114,7.43761],[3.92271,7.43851],[3.92272,7.44032]]]}},{"type":"Feature","properties":{"minutes":16.37,"people":979,"clinic_min":15.62,"school_min":17.12,"k_clinic":5,"k_school":5,"within_15":0,"off_street":0,"ward":"Agbowo","lga":"Ibadan North"},"geometry":{"type":"Polygon","coordinates":[[[3.92586,7.44031],[3.92429,7.44122],[3.92272,7.44032],[3.92271,7.43851],[3.92428,7.4376],[3.92585,7.4385],[3.92586,7.44031]]]}},{"type":"Feature","properties":{"minutes":23.97,"people":288,"clinic_min":27.9,"school_min":20.04,"k_clinic":5,"k_school":5,"within_15":0,"off_street":0,"ward":"Samonda","lga":"Ibadan North"},"geometry":{"type":"Polygon","coordinates":[[[3.88035,7.44312],[3.87878,7.44403],[3.87721,7.44313],[3.8772,7.44132],[3.87877,7.44041],[3.88034,7.44131],[3.88035,7.44312]]]}},{"type":"Feature","properties":{"minutes":20.77,"people":425,"clinic_min":24.34,"school_min":17.21,"k_clinic":5,"k_school":5,"within_15":0,"off_street":0,"ward":"Samonda","lga":"Ibadan North"},"geometry":{"type":"Polygon","coordinates":[[[3.88348,7.44311],[3.88192,7.44402],[3.88035,7.44312],[3.88034,7.44131],[3.88191,7.4404],[3.88348,7.4413],[3.88348,7.44311]]]}},{"type":"Feature","properties":{"minutes":24.75,"people":339,"clinic_min":28.4,"school_min":21.09,"k_clinic":5,"k_school":5,"within_15":0,"off_street":0,"ward":"Samonda","lga":"Ibadan North"},"geometry":{"type":"Polygon","coordinates":[[[3.88662,7.44311],[3.88506,7.44401],[3.88348,7.44311],[3.88348,7.4413],[3.88505,7.4404],[3.88662,7.4413],[3.88662,7.44311]]]}},{"type":"Feature","properties":{"minutes":30.56,"people":58,"clinic_min":30.3,"school_min":30.83,"k_clinic":5,"k_school":5,"within_15":0,"off_street":0,"ward":"Samonda","lga":"Ibadan North"},"geometry":{"type":"Polygon","coordinates":[[[3.88976,7.4431],[3.88819,7.44401],[3.88662,7.44311],[3.88662,7.4413],[3.88819,7.44039],[3.88976,7.44129],[3.88976,7.4431]]]}},{"type":"Feature","properties":{"minutes":28.71,"people":75,"clinic_min":27.83,"school_min":29.59,"k_clinic":5,"k_school":5,"within_15":0,"off_street":0,"ward":"Samonda","lga":"Ibadan North"},"geometry":{"type":"Polygon","coordinates":[[[3.8929,7.44309],[3.89133,7.444],[3.88976,7.4431],[3.88976,7.44129],[3.89133,7.44038],[3.8929,7.44129],[3.8929,7.44309]]]}},{"type":"Feature","properties":{"minutes":25.81,"people":286,"clinic_min":24.94,"school_min":26.69,"k_clinic":5,"k_school":5,"within_15":0,"off_street":0,"ward":"Samonda","lga":"Ibadan North"},"geometry":{"type":"Polygon","coordinates":[[[3.89604,7.44309],[3.89447,7.444],[3.8929,7.44309],[3.8929,7.44129],[3.89447,7.44038],[3.89604,7.44128],[3.89604,7.44309]]]}},{"type":"Feature","properties":{"minutes":19.4,"people":371,"clinic_min":17.78,"school_min":21.01,"k_clinic":5,"k_school":5,"within_15":0,"off_street":0,"ward":"Samonda","lga":"Ibadan North"},"geometry":{"type":"Polygon","coordinates":[[[3.89918,7.44308],[3.89761,7.44399],[3.89604,7.44309],[3.89604,7.44128],[3.8976,7.44037],[3.89918,7.44127],[3.89918,7.44308]]]}},{"type":"Feature","properties":{"minutes":14.91,"people":458,"clinic_min":13.3,"school_min":16.53,"k_clinic":5,"k_school":5,"within_15":1,"off_street":0,"ward":"Samonda","lga":"Ibadan North"},"geometry":{"type":"Polygon","coordinates":[[[3.90232,7.44308],[3.90075,7.44398],[3.89918,7.44308],[3.89918,7.44127],[3.90074,7.44037],[3.90231,7.44127],[3.90232,7.44308]]]}},{"type":"Feature","properties":{"minutes":10.5,"people":269,"clinic_min":9.42,"school_min":11.58,"k_clinic":5,"k_school":5,"within_15":1,"off_street":0,"ward":"Samonda","lga":"Ibadan North"},"geometry":{"type":"Polygon","coordinates":[[[3.90546,7.44307],[3.90389,7.44398],[3.90232,7.44308],[3.90231,7.44127],[3.90388,7.44036],[3.90545,7.44126],[3.90546,7.44307]]]}},{"type":"Feature","properties":{"minutes":7.19,"people":884,"clinic_min":7.29,"school_min":7.09,"k_clinic":5,"k_school":5,"within_15":1,"off_street":0,"ward":"Agbowo","lga":"Ibadan North"},"geometry":{"type":"Polygon","coordinates":[[[3.9086,7.44306],[3.90703,7.44397],[3.90546,7.44307],[3.90545,7.44126],[3.90702,7.44035],[3.90859,7.44125],[3.9086,7.44306]]]}},{"type":"Feature","properties":{"minutes":6.25,"people":2130,"clinic_min":4.35,"school_min":8.15,"k_clinic":5,"k_school":5,"within_15":1,"off_street":0,"ward":"Agbowo","lga":"Ibadan North"},"geometry":{"type":"Polygon","coordinates":[[[3.91174,7.44306],[3.91017,7.44396],[3.9086,7.44306],[3.90859,7.44125],[3.91016,7.44035],[3.91173,7.44125],[3.91174,7.44306]]]}},{"type":"Feature","properties":{"minutes":7.64,"people":1404,"clinic_min":6.33,"school_min":8.95,"k_clinic":5,"k_school":5,"within_15":1,"off_street":0,"ward":"Agbowo","lga":"Ibadan North"},"geometry":{"type":"Polygon","coordinates":[[[3.91487,7.44305],[3.91331,7.44396],[3.91174,7.44306],[3.91173,7.44125],[3.9133,7.44034],[3.91487,7.44124],[3.91487,7.44305]]]}},{"type":"Feature","properties":{"minutes":8.06,"people":1002,"clinic_min":8.19,"school_min":7.94,"k_clinic":5,"k_school":5,"within_15":1,"off_street":0,"ward":"Agbowo","lga":"Ibadan North"},"geometry":{"type":"Polygon","coordinates":[[[3.91801,7.44304],[3.91645,7.44395],[3.91487,7.44305],[3.91487,7.44124],[3.91644,7.44033],[3.91801,7.44123],[3.91801,7.44304]]]}},{"type":"Feature","properties":{"minutes":9.79,"people":973,"clinic_min":9.47,"school_min":10.11,"k_clinic":5,"k_school":5,"within_15":1,"off_street":0,"ward":"Agbowo","lga":"Ibadan North"},"geometry":{"type":"Polygon","coordinates":[[[3.92115,7.44304],[3.91958,7.44394],[3.91801,7.44304],[3.91801,7.44123],[3.91958,7.44033],[3.92115,7.44123],[3.92115,7.44304]]]}},{"type":"Feature","properties":{"minutes":13.28,"people":1137,"clinic_min":12.83,"school_min":13.72,"k_clinic":5,"k_school":5,"within_15":1,"off_street":0,"ward":"Agbowo","lga":"Ibadan North"},"geometry":{"type":"Polygon","coordinates":[[[3.92429,7.44303],[3.92272,7.44394],[3.92115,7.44304],[3.92115,7.44123],[3.92272,7.44032],[3.92429,7.44122],[3.92429,7.44303]]]}},{"type":"Feature","properties":{"minutes":27.74,"people":518,"clinic_min":31.63,"school_min":23.85,"k_clinic":5,"k_school":5,"within_15":0,"off_street":0,"ward":"Samonda","lga":"Ibadan North"},"geometry":{"type":"Polygon","coordinates":[[[3.87878,7.44584],[3.87721,7.44674],[3.87564,7.44584],[3.87564,7.44403],[3.87721,7.44313],[3.87878,7.44403],[3.87878,7.44584]]]}},{"type":"Feature","properties":{"minutes":24.65,"people":233,"clinic_min":28.51,"school_min":20.8,"k_clinic":5,"k_school":5,"within_15":0,"off_street":0,"ward":"Samonda","lga":"Ibadan North"},"geometry":{"type":"Polygon","coordinates":[[[3.88192,7.44583],[3.88035,7.44674],[3.87878,7.44584],[3.87878,7.44403],[3.88035,7.44312],[3.88192,7.44402],[3.88192,7.44583]]]}},{"type":"Feature","properties":{"minutes":25.63,"people":322,"clinic_min":28.89,"school_min":22.37,"k_clinic":5,"k_school":5,"within_15":0,"off_street":0,"ward":"Samonda","lga":"Ibadan North"},"geometry":{"type":"Polygon","coordinates":[[[3.88506,7.44582],[3.88349,7.44673],[3.88192,7.44583],[3.88192,7.44402],[3.88348,7.44311],[3.88506,7.44401],[3.88506,7.44582]]]}},{"type":"Feature","properties":{"minutes":30.88,"people":370,"clinic_min":30.93,"school_min":30.84,"k_clinic":5,"k_school":5,"within_15":0,"off_street":0,"ward":"Samonda","lga":"Ibadan North"},"geometry":{"type":"Polygon","coordinates":[[[3.8882,7.44582],[3.88663,7.44673],[3.88506,7.44582],[3.88506,7.44401],[3.88662,7.44311],[3.88819,7.44401],[3.8882,7.44582]]]}},{"type":"Feature","properties":{"minutes":29.1,"people":128,"clinic_min":28.63,"school_min":29.57,"k_clinic":5,"k_school":5,"within_15":0,"off_street":0,"ward":"Samonda","lga":"Ibadan North"},"geometry":{"type":"Polygon","coordinates":[[[3.89134,7.44581],[3.88977,7.44672],[3.8882,7.44582],[3.88819,7.44401],[3.88976,7.4431],[3.89133,7.444],[3.89134,7.44581]]]}},{"type":"Feature","properties":{"minutes":24.51,"people":292,"clinic_min":23.75,"school_min":25.26,"k_clinic":5,"k_school":5,"within_15":0,"off_street":0,"ward":"Samonda","lga":"Ibadan North"},"geometry":{"type":"Polygon","coordinates":[[[3.89448,7.4458],[3.89291,7.44671],[3.89134,7.44581],[3.89133,7.444],[3.8929,7.44309],[3.89447,7.444],[3.89448,7.4458]]]}},{"type":"Feature","properties":{"minutes":20.07,"people":223,"clinic_min":19.19,"school_min":20.95,"k_clinic":5,"k_school":5,"within_15":0,"off_street":0,"ward":"Samonda","lga":"Ibadan North"},"geometry":{"type":"Polygon","coordinates":[[[3.89762,7.4458],[3.89605,7.44671],[3.89448,7.4458],[3.89447,7.444],[3.89604,7.44309],[3.89761,7.44399],[3.89762,7.4458]]]}},{"type":"Feature","properties":{"minutes":14.91,"people":527,"clinic_min":13.81,"school_min":16.01,"k_clinic":5,"k_school":5,"within_15":1,"off_street":0,"ward":"Samonda","lga":"Ibadan North"},"geometry":{"type":"Polygon","coordinates":[[[3.90075,7.44579],[3.89919,7.4467],[3.89762,7.4458],[3.89761,7.44399],[3.89918,7.44308],[3.90075,7.44398],[3.90075,7.44579]]]}},{"type":"Feature","properties":{"minutes":12.45,"people":273,"clinic_min":11.54,"school_min":13.37,"k_clinic":5,"k_school":5,"within_15":1,"off_street":0,"ward":"Samonda","lga":"Ibadan North"},"geometry":{"type":"Polygon","coordinates":[[[3.90389,7.44579],[3.90233,7.44669],[3.90075,7.44579],[3.90075,7.44398],[3.90232,7.44308],[3.90389,7.44398],[3.90389,7.44579]]]}},{"type":"Feature","properties":{"minutes":17.01,"people":278,"clinic_min":16.49,"school_min":17.53,"k_clinic":5,"k_school":5,"within_15":0,"off_street":0,"ward":"Samonda","lga":"Ibadan North"},"geometry":{"type":"Polygon","coordinates":[[[3.90703,7.44578],[3.90546,7.44669],[3.90389,7.44579],[3.90389,7.44398],[3.90546,7.44307],[3.90703,7.44397],[3.90703,7.44578]]]}},{"type":"Feature","properties":{"minutes":9.29,"people":1456,"clinic_min":7.87,"school_min":10.72,"k_clinic":5,"k_school":5,"within_15":1,"off_street":0,"ward":"Agbowo","lga":"Ibadan North"},"geometry":{"type":"Polygon","coordinates":[[[3.91017,7.44577],[3.9086,7.44668],[3.90703,7.44578],[3.90703,7.44397],[3.9086,7.44306],[3.91017,7.44396],[3.91017,7.44577]]]}},{"type":"Feature","properties":{"minutes":10.39,"people":1827,"clinic_min":7.93,"school_min":12.84,"k_clinic":5,"k_school":5,"within_15":1,"off_street":0,"ward":"Agbowo","lga":"Ibadan North"},"geometry":{"type":"Polygon","coordinates":[[[3.91331,7.44577],[3.91174,7.44667],[3.91017,7.44577],[3.91017,7.44396],[3.91174,7.44306],[3.91331,7.44396],[3.91331,7.44577]]]}},{"type":"Feature","properties":{"minutes":8.25,"people":1487,"clinic_min":7.51,"school_min":9.0,"k_clinic":5,"k_school":5,"within_15":1,"off_street":0,"ward":"Agbowo","lga":"Ibadan North"},"geometry":{"type":"Polygon","coordinates":[[[3.91645,7.44576],[3.91488,7.44667],[3.91331,7.44577],[3.91331,7.44396],[3.91487,7.44305],[3.91645,7.44395],[3.91645,7.44576]]]}},{"type":"Feature","properties":{"minutes":9.07,"people":1206,"clinic_min":7.77,"school_min":10.36,"k_clinic":5,"k_school":5,"within_15":1,"off_street":0,"ward":"Agbowo","lga":"Ibadan North"},"geometry":{"type":"Polygon","coordinates":[[[3.91959,7.44575],[3.91802,7.44666],[3.91645,7.44576],[3.91645,7.44395],[3.91801,7.44304],[3.91958,7.44394],[3.91959,7.44575]]]}},{"type":"Feature","properties":{"minutes":12.97,"people":717,"clinic_min":12.92,"school_min":13.03,"k_clinic":5,"k_school":5,"within_15":1,"off_street":0,"ward":"Agbowo","lga":"Ibadan North"},"geometry":{"type":"Polygon","coordinates":[[[3.92273,7.44575],[3.92116,7.44665],[3.91959,7.44575],[3.91958,7.44394],[3.92115,7.44304],[3.92272,7.44394],[3.92273,7.44575]]]}},{"type":"Feature","properties":{"minutes":29.14,"people":577,"clinic_min":32.14,"school_min":26.14,"k_clinic":5,"k_school":5,"within_15":0,"off_street":0,"ward":"Samonda","lga":"Ibadan North"},"geometry":{"type":"Polygon","coordinates":[[[3.8835,7.44854],[3.88193,7.44945],[3.88036,7.44855],[3.88035,7.44674],[3.88192,7.44583],[3.88349,7.44673],[3.8835,7.44854]]]}},{"type":"Feature","properties":{"minutes":28.67,"people":335,"clinic_min":31.69,"school_min":25.66,"k_clinic":5,"k_school":5,"within_15":0,"off_street":0,"ward":"Samonda","lga":"Ibadan North"},"geometry":{"type":"Polygon","coordinates":[[[3.88663,7.44853],[3.88507,7.44944],[3.8835,7.44854],[3.88349,7.44673],[3.88506,7.44582],[3.88663,7.44673],[3.88663,7.44853]]]}},{"type":"Feature","properties":{"minutes":27.33,"people":336,"clinic_min":28.75,"school_min":25.91,"k_clinic":5,"k_school":5,"within_15":0,"off_street":0,"ward":"Samonda","lga":"Ibadan North"},"geometry":{"type":"Polygon","coordinates":[[[3.88977,7.44853],[3.88821,7.44944],[3.88663,7.44853],[3.88663,7.44673],[3.8882,7.44582],[3.88977,7.44672],[3.88977,7.44853]]]}},{"type":"Feature","properties":{"minutes":24.87,"people":248,"clinic_min":24.96,"school_min":24.78,"k_clinic":5,"k_school":5,"within_15":0,"off_street":0,"ward":"Samonda","lga":"Ibadan North"},"geometry":{"type":"Polygon","coordinates":[[[3.89291,7.44852],[3.89134,7.44943],[3.88977,7.44853],[3.88977,7.44672],[3.89134,7.44581],[3.89291,7.44671],[3.89291,7.44852]]]}},{"type":"Feature","properties":{"minutes":21.42,"people":468,"clinic_min":21.1,"school_min":21.75,"k_clinic":5,"k_school":5,"within_15":0,"off_street":0,"ward":"Samonda","lga":"Ibadan North"},"geometry":{"type":"Polygon","coordinates":[[[3.89605,7.44852],[3.89448,7.44942],[3.89291,7.44852],[3.89291,7.44671],[3.89448,7.4458],[3.89605,7.44671],[3.89605,7.44852]]]}},{"type":"Feature","properties":{"minutes":19.17,"people":209,"clinic_min":19.2,"school_min":19.13,"k_clinic":5,"k_school":5,"within_15":0,"off_street":0,"ward":"Samonda","lga":"Ibadan North"},"geometry":{"type":"Polygon","coordinates":[[[3.89919,7.44851],[3.89762,7.44942],[3.89605,7.44852],[3.89605,7.44671],[3.89762,7.4458],[3.89919,7.4467],[3.89919,7.44851]]]}},{"type":"Feature","properties":{"minutes":14.81,"people":319,"clinic_min":15.58,"school_min":14.04,"k_clinic":5,"k_school":5,"within_15":1,"off_street":0,"ward":"Samonda","lga":"Ibadan North"},"geometry":{"type":"Polygon","coordinates":[[[3.90233,7.4485],[3.90076,7.44941],[3.89919,7.44851],[3.89919,7.4467],[3.90075,7.44579],[3.90233,7.44669],[3.90233,7.4485]]]}},{"type":"Feature","properties":{"minutes":15.73,"people":395,"clinic_min":15.5,"school_min":15.95,"k_clinic":5,"k_school":5,"within_15":0,"off_street":0,"ward":"Samonda","lga":"Ibadan North"},"geometry":{"type":"Polygon","coordinates":[[[3.90547,7.4485],[3.9039,7.4494],[3.90233,7.4485],[3.90233,7.44669],[3.90389,7.44579],[3.90546,7.44669],[3.90547,7.4485]]]}},{"type":"Feature","properties":{"minutes":24.29,"people":462,"clinic_min":24.82,"school_min":23.75,"k_clinic":5,"k_school":5,"within_15":0,"off_street":0,"ward":"Agbowo","lga":"Ibadan North"},"geometry":{"type":"Polygon","coordinates":[[[3.90861,7.44849],[3.90704,7.4494],[3.90547,7.4485],[3.90546,7.44669],[3.90703,7.44578],[3.9086,7.44668],[3.90861,7.44849]]]}},{"type":"Feature","properties":{"minutes":12.14,"people":1595,"clinic_min":7.56,"school_min":16.71,"k_clinic":5,"k_school":5,"within_15":1,"off_street":0,"ward":"Agbowo","lga":"Ibadan North"},"geometry":{"type":"Polygon","coordinates":[[[3.91175,7.44848],[3.91018,7.44939],[3.90861,7.44849],[3.9086,7.44668],[3.91017,7.44577],[3.91174,7.44667],[3.91175,7.44848]]]}},{"type":"Feature","properties":{"minutes":10.91,"people":1557,"clinic_min":7.02,"school_min":14.79,"k_clinic":5,"k_school":5,"within_15":1,"off_street":0,"ward":"Agbowo","lga":"Ibadan North"},"geometry":{"type":"Polygon","coordinates":[[[3.91489,7.44848],[3.91332,7.44938],[3.91175,7.44848],[3.91174,7.44667],[3.91331,7.44577],[3.91488,7.44667],[3.91489,7.44848]]]}},{"type":"Feature","properties":{"minutes":7.63,"people":1452,"clinic_min":4.54,"school_min":10.73,"k_clinic":5,"k_school":5,"within_15":1,"off_street":0,"ward":"Agbowo","lga":"Ibadan North"},"geometry":{"type":"Polygon","coordinates":[[[3.91802,7.44847],[3.91646,7.44938],[3.91489,7.44848],[3.91488,7.44667],[3.91645,7.44576],[3.91802,7.44666],[3.91802,7.44847]]]}},{"type":"Feature","properties":{"minutes":10.9,"people":1504,"clinic_min":7.4,"school_min":14.39,"k_clinic":5,"k_school":5,"within_15":1,"off_street":0,"ward":"Agbowo","lga":"Ibadan North"},"geometry":{"type":"Polygon","coordinates":[[[3.92116,7.44846],[3.9196,7.44937],[3.91802,7.44847],[3.91802,7.44666],[3.91959,7.44575],[3.92116,7.44665],[3.92116,7.44846]]]}},{"type":"Feature","properties":{"minutes":32.85,"people":216,"clinic_min":36.11,"school_min":29.6,"k_clinic":5,"k_school":5,"within_15":0,"off_street":0,"ward":"Samonda","lga":"Ibadan North"},"geometry":{"type":"Polygon","coordinates":[[[3.88193,7.45126],[3.88036,7.45216],[3.87879,7.45126],[3.87879,7.44945],[3.88036,7.44855],[3.88193,7.44945],[3.88193,7.45126]]]}},{"type":"Feature","properties":{"minutes":32.28,"people":156,"clinic_min":35.31,"school_min":29.26,"k_clinic":5,"k_school":5,"within_15":0,"off_street":0,"ward":"Samonda","lga":"Ibadan North"},"geometry":{"type":"Polygon","coordinates":[[[3.88507,7.45125],[3.8835,7.45216],[3.88193,7.45126],[3.88193,7.44945],[3.8835,7.44854],[3.88507,7.44944],[3.88507,7.45125]]]}},{"type":"Feature","properties":{"minutes":28.67,"people":298,"clinic_min":30.73,"school_min":26.61,"k_clinic":5,"k_school":5,"within_15":0,"off_street":0,"ward":"Samonda","lga":"Ibadan North"},"geometry":{"type":"Polygon","coordinates":[[[3.88821,7.45124],[3.88664,7.45215],[3.88507,7.45125],[3.88507,7.44944],[3.88663,7.44853],[3.88821,7.44944],[3.88821,7.45124]]]}},{"type":"Feature","properties":{"minutes":28.25,"people":254,"clinic_min":30.37,"school_min":26.13,"k_clinic":5,"k_school":5,"within_15":0,"off_street":0,"ward":"Samonda","lga":"Ibadan North"},"geometry":{"type":"Polygon","coordinates":[[[3.89135,7.45124],[3.88978,7.45215],[3.88821,7.45124],[3.88821,7.44944],[3.88977,7.44853],[3.89134,7.44943],[3.89135,7.45124]]]}},{"type":"Feature","properties":{"minutes":25.24,"people":203,"clinic_min":27.22,"school_min":23.25,"k_clinic":5,"k_school":5,"within_15":0,"off_street":0,"ward":"Samonda","lga":"Ibadan North"},"geometry":{"type":"Polygon","coordinates":[[[3.89449,7.45123],[3.89292,7.45214],[3.89135,7.45124],[3.89134,7.44943],[3.89291,7.44852],[3.89448,7.44942],[3.89449,7.45123]]]}},{"type":"Feature","properties":{"minutes":22.86,"people":267,"clinic_min":24.1,"school_min":21.61,"k_clinic":5,"k_school":5,"within_15":0,"off_street":0,"ward":"Samonda","lga":"Ibadan North"},"geometry":{"type":"Polygon","coordinates":[[[3.89763,7.45123],[3.89606,7.45213],[3.89449,7.45123],[3.89448,7.44942],[3.89605,7.44852],[3.89762,7.44942],[3.89763,7.45123]]]}},{"type":"Feature","properties":{"minutes":17.58,"people":949,"clinic_min":19.74,"school_min":15.42,"k_clinic":5,"k_school":5,"within_15":0,"off_street":0,"ward":"Samonda","lga":"Ibadan North"},"geometry":{"type":"Polygon","coordinates":[[[3.90077,7.45122],[3.8992,7.45213],[3.89763,7.45123],[3.89762,7.44942],[3.89919,7.44851],[3.90076,7.44941],[3.90077,7.45122]]]}},{"type":"Feature","properties":{"minutes":16.75,"people":427,"clinic_min":17.49,"school_min":16.01,"k_clinic":5,"k_school":5,"within_15":0,"off_street":0,"ward":"Samonda","lga":"Ibadan North"},"geometry":{"type":"Polygon","coordinates":[[[3.9039,7.45121],[3.90234,7.45212],[3.90077,7.45122],[3.90076,7.44941],[3.90233,7.4485],[3.9039,7.4494],[3.9039,7.45121]]]}},{"type":"Feature","properties":{"minutes":19.46,"people":345,"clinic_min":20.49,"school_min":18.43,"k_clinic":5,"k_school":5,"within_15":0,"off_street":0,"ward":"Samonda","lga":"Ibadan North"},"geometry":{"type":"Polygon","coordinates":[[[3.90704,7.45121],[3.90548,7.45211],[3.9039,7.45121],[3.9039,7.4494],[3.90547,7.4485],[3.90704,7.4494],[3.90704,7.45121]]]}},{"type":"Feature","properties":{"minutes":11.52,"people":869,"clinic_min":8.21,"school_min":14.82,"k_clinic":5,"k_school":5,"within_15":1,"off_street":0,"ward":"Agbowo","lga":"Ibadan North"},"geometry":{"type":"Polygon","coordinates":[[[3.91018,7.4512],[3.90862,7.45211],[3.90704,7.45121],[3.90704,7.4494],[3.90861,7.44849],[3.91018,7.44939],[3.91018,7.4512]]]}},{"type":"Feature","properties":{"minutes":15.45,"people":970,"clinic_min":12.1,"school_min":18.8,"k_clinic":5,"k_school":5,"within_15":0,"off_street":0,"ward":"Agbowo","lga":"Ibadan North"},"geometry":{"type":"Polygon","coordinates":[[[3.91332,7.45119],[3.91175,7.4521],[3.91018,7.4512],[3.91018,7.44939],[3.91175,7.44848],[3.91332,7.44938],[3.91332,7.45119]]]}},{"type":"Feature","properties":{"minutes":9.37,"people":1383,"clinic_min":5.49,"school_min":13.26,"k_clinic":5,"k_school":5,"within_15":1,"off_street":0,"ward":"Agbowo","lga":"Ibadan North"},"geometry":{"type":"Polygon","coordinates":[[[3.91646,7.45119],[3.91489,7.45209],[3.91332,7.45119],[3.91332,7.44938],[3.91489,7.44848],[3.91646,7.44938],[3.91646,7.45119]]]}},{"type":"Feature","properties":{"minutes":11.01,"people":1512,"clinic_min":6.9,"school_min":15.13,"k_clinic":5,"k_school":5,"within_15":1,"off_street":0,"ward":"Agbowo","lga":"Ibadan North"},"geometry":{"type":"Polygon","coordinates":[[[3.9196,7.45118],[3.91803,7.45209],[3.91646,7.45119],[3.91646,7.44938],[3.91802,7.44847],[3.9196,7.44937],[3.9196,7.45118]]]}},{"type":"Feature","properties":{"minutes":42.05,"people":17,"clinic_min":45.94,"school_min":38.16,"k_clinic":5,"k_school":5,"within_15":0,"off_street":0,"ward":"Samonda","lga":"Ibadan North"},"geometry":{"type":"Polygon","coordinates":[[[3.88351,7.45397],[3.88194,7.45487],[3.88037,7.45397],[3.88036,7.45216],[3.88193,7.45126],[3.8835,7.45216],[3.88351,7.45397]]]}},{"type":"Feature","properties":{"minutes":32.94,"people":121,"clinic_min":35.67,"school_min":30.21,"k_clinic":5,"k_school":5,"within_15":0,"off_street":0,"ward":"Samonda","lga":"Ibadan North"},"geometry":{"type":"Polygon","coordinates":[[[3.88665,7.45396],[3.88508,7.45487],[3.88351,7.45397],[3.8835,7.45216],[3.88507,7.45125],[3.88664,7.45215],[3.88665,7.45396]]]}},{"type":"Feature","properties":{"minutes":31.79,"people":47,"clinic_min":34.52,"school_min":29.05,"k_clinic":5,"k_school":5,"within_15":0,"off_street":0,"ward":"Samonda","lga":"Ibadan North"},"geometry":{"type":"Polygon","coordinates":[[[3.88978,7.45395],[3.88822,7.45486],[3.88665,7.45396],[3.88664,7.45215],[3.88821,7.45124],[3.88978,7.45215],[3.88978,7.45395]]]}},{"type":"Feature","properties":{"minutes":23.65,"people":224,"clinic_min":26.06,"school_min":21.25,"k_clinic":5,"k_school":5,"within_15":0,"off_street":0,"ward":"Samonda","lga":"Ibadan North"},"geometry":{"type":"Polygon","coordinates":[[[3.89606,7.45394],[3.89449,7.45485],[3.89292,7.45395],[3.89292,7.45214],[3.89449,7.45123],[3.89606,7.45213],[3.89606,7.45394]]]}},{"type":"Feature","properties":{"minutes":20.37,"people":349,"clinic_min":22.77,"school_min":17.96,"k_clinic":5,"k_school":5,"within_15":0,"off_street":0,"ward":"Samonda","lga":"Ibadan North"},"geometry":{"type":"Polygon","coordinates":[[[3.8992,7.45394],[3.89763,7.45484],[3.89606,7.45394],[3.89606,7.45213],[3.89763,7.45123],[3.8992,7.45213],[3.8992,7.45394]]]}},{"type":"Feature","properties":{"minutes":18.62,"people":586,"clinic_min":21.1,"school_min":16.13,"k_clinic":5,"k_school":5,"within_15":0,"off_street":0,"ward":"Samonda","lga":"Ibadan North"},"geometry":{"type":"Polygon","coordinates":[[[3.90234,7.45393],[3.90077,7.45484],[3.8992,7.45394],[3.8992,7.45213],[3.90077,7.45122],[3.90234,7.45212],[3.90234,7.45393]]]}},{"type":"Feature","properties":{"minutes":18.04,"people":243,"clinic_min":18.69,"school_min":17.39,"k_clinic":5,"k_school":5,"within_15":0,"off_street":0,"ward":"Samonda","lga":"Ibadan North"},"geometry":{"type":"Polygon","coordinates":[[[3.90548,7.45392],[3.90391,7.45483],[3.90234,7.45393],[3.90234,7.45212],[3.9039,7.45121],[3.90548,7.45211],[3.90548,7.45392]]]}},{"type":"Feature","properties":{"minutes":15.22,"people":274,"clinic_min":14.96,"school_min":15.47,"k_clinic":5,"k_school":5,"within_15":0,"off_street":0,"ward":"Agbowo","lga":"Ibadan North"},"geometry":{"type":"Polygon","coordinates":[[[3.90862,7.45392],[3.90705,7.45482],[3.90548,7.45392],[3.90548,7.45211],[3.90704,7.45121],[3.90862,7.45211],[3.90862,7.45392]]]}},{"type":"Feature","properties":{"minutes":29.61,"people":73,"clinic_min":32.01,"school_min":27.2,"k_clinic":5,"k_school":5,"within_15":0,"off_street":0,"ward":"Samonda","lga":"Ibadan North"},"geometry":{"type":"Polygon","coordinates":[[[3.8945,7.45666],[3.89293,7.45757],[3.89136,7.45666],[3.89136,7.45486],[3.89292,7.45395],[3.89449,7.45485],[3.8945,7.45666]]]}},{"type":"Feature","properties":{"minutes":24.96,"people":83,"clinic_min":27.37,"school_min":22.56,"k_clinic":5,"k_school":5,"within_15":0,"off_street":0,"ward":"Samonda","lga":"Ibadan North"},"geometry":{"type":"Polygon","coordinates":[[[3.89764,7.45665],[3.89607,7.45756],[3.8945,7.45666],[3.89449,7.45485],[3.89606,7.45394],[3.89763,7.45484],[3.89764,7.45665]]]}},{"type":"Feature","properties":{"minutes":21.45,"people":313,"clinic_min":23.99,"school_min":18.91,"k_clinic":5,"k_school":5,"within_15":0,"off_street":0,"ward":"Samonda","lga":"Ibadan North"},"geometry":{"type":"Polygon","coordinates":[[[3.90078,7.45665],[3.89921,7.45755],[3.89764,7.45665],[3.89763,7.45484],[3.8992,7.45394],[3.90077,7.45484],[3.90078,7.45665]]]}},{"type":"Feature","properties":{"minutes":20.37,"people":81,"clinic_min":23.29,"school_min":17.45,"k_clinic":5,"k_school":5,"within_15":0,"off_street":0,"ward":"Samonda","lga":"Ibadan North"},"geometry":{"type":"Polygon","coordinates":[[[3.90392,7.45664],[3.90235,7.45755],[3.90078,7.45665],[3.90077,7.45484],[3.90234,7.45393],[3.90391,7.45483],[3.90392,7.45664]]]}},{"type":"Feature","properties":{"minutes":34.71,"people":44,"clinic_min":37.12,"school_min":32.31,"k_clinic":5,"k_school":5,"within_15":0,"off_street":0,"ward":"Samonda","lga":"Ibadan North"},"geometry":{"type":"Polygon","coordinates":[[[3.89921,7.45936],[3.89765,7.46027],[3.89607,7.45937],[3.89607,7.45756],[3.89764,7.45665],[3.89921,7.45755],[3.89921,7.45936]]]}},{"type":"Feature","properties":{"minutes":28.83,"people":34,"clinic_min":31.37,"school_min":26.29,"k_clinic":5,"k_school":5,"within_15":0,"off_street":0,"ward":"Samonda","lga":"Ibadan North"},"geometry":{"type":"Polygon","coordinates":[[[3.90235,7.45936],[3.90078,7.46026],[3.89921,7.45936],[3.89921,7.45755],[3.90078,7.45665],[3.90235,7.45755],[3.90235,7.45936]]]}},{"type":"Feature","properties":{"minutes":21.4,"people":101,"clinic_min":21.07,"school_min":21.74,"k_clinic":5,"k_school":5,"within_15":0,"off_street":0,"ward":"Samonda","lga":"Ibadan North"},"geometry":{"type":"Polygon","coordinates":[[[3.90863,7.45934],[3.90706,7.46025],[3.90549,7.45935],[3.90549,7.45754],[3.90705,7.45663],[3.90863,7.45753],[3.90863,7.45934]]]}},{"type":"Feature","properties":{"minutes":29.81,"people":40,"clinic_min":32.35,"school_min":27.27,"k_clinic":5,"k_school":5,"within_15":0,"off_street":0,"ward":"Samonda","lga":"Ibadan North"},"geometry":{"type":"Polygon","coordinates":[[[3.90079,7.46207],[3.89922,7.46298],[3.89765,7.46208],[3.89765,7.46027],[3.89921,7.45936],[3.90078,7.46026],[3.90079,7.46207]]]}},{"type":"Feature","properties":{"minutes":32.41,"people":11,"clinic_min":34.41,"school_min":30.41,"k_clinic":5,"k_school":5,"within_15":0,"off_street":0,"ward":"Samonda","lga":"Ibadan North"},"geometry":{"type":"Polygon","coordinates":[[[3.90393,7.46207],[3.90236,7.46297],[3.90079,7.46207],[3.90078,7.46026],[3.90235,7.45936],[3.90392,7.46026],[3.90393,7.46207]]]}},{"type":"Feature","properties":{"minutes":33.44,"people":48,"clinic_min":35.1,"school_min":31.78,"k_clinic":5,"k_school":5,"within_15":0,"off_street":0,"ward":"Samonda","lga":"Ibadan North"},"geometry":{"type":"Polygon","coordinates":[[[3.9055,7.46478],[3.90393,7.46568],[3.90236,7.46478],[3.90236,7.46297],[3.90393,7.46207],[3.9055,7.46297],[3.9055,7.46478]]]}}]}