{"type":"FeatureCollection","features":[{"type":"Feature","properties":{"name":"Allahu Samad Nursery and Primary School","kind":"school","ownership":"Private","level":"Integrated","kind_detail":"Primary","lga":"Ibadan North West","ward":"Olopomewa"},"geometry":{"type":"Point","coordinates":[3.87804,7.42221]}},{"type":"Feature","properties":{"name":"Womens Improvement Society Nursery Primary School Onireke","kind":"school","ownership":"Private","level":"Formal","kind_detail":"Primary","lga":"Ibadan North West","ward":"Afonta"},"geometry":{"type":"Point","coordinates":[3.879,7.39364]}},{"type":"Feature","properties":{"name":"Community Primary School Gbelekale","kind":"school","ownership":"Public","level":"Formal","kind_detail":"Primary","lga":"Ibadan North East","ward":"Aperin"},"geometry":{"type":"Point","coordinates":[3.92007,7.37215]}},{"type":"Feature","properties":{"name":"Mothers Joy Nursery And Primary School Oyinlola","kind":"school","ownership":"Public","level":"Formal","kind_detail":"Primary","lga":"Ibadan South West","ward":"Ring Road / Challenge / Oluyole"},"geometry":{"type":"Point","coordinates":[3.87499,7.3514]}},{"type":"Feature","properties":{"name":"Salvatorian Nursery And Primary School Azeez Aina Ring Road","kind":"school","ownership":"Public","level":"Formal","kind_detail":"Primary","lga":"Ibadan South West","ward":"Ring Road / Challenge / Oluyole"},"geometry":{"type":"Point","coordinates":[3.87618,7.3448]}},{"type":"Feature","properties":{"name":"Hull View Nursery And Primary School Olororo","kind":"school","ownership":"Public","level":"Formal","kind_detail":"Primary","lga":"Ibadan South West","ward":"Ring Road / Challenge / Oluyole"},"geometry":{"type":"Point","coordinates":[3.8725,7.34541]}},{"type":"Feature","properties":{"name":"Balogun Oyelakin Community Primary School Sanyo","kind":"school","ownership":"Public","level":"Formal","kind_detail":"Primary","lga":"Ibadan South East","ward":"Molete"},"geometry":{"type":"Point","coordinates":[3.90136,7.33969]}},{"type":"Feature","properties":{"name":"Ibadan Municipal Government Primary School Beyerunka","kind":"school","ownership":"Public","level":"Formal","kind_detail":"Primary","lga":"Ibadan North East","ward":"Oja Gbo"},"geometry":{"type":"Point","coordinates":[3.90514,7.37914]}},{"type":"Feature","properties":{"name":"Ibadan Municipal Government Primary School","kind":"school","ownership":"Public","level":"Formal","kind_detail":"Primary","lga":"Ibadan North East","ward":"Oke Adu"},"geometry":{"type":"Point","coordinates":[3.92036,7.39316]}},{"type":"Feature","properties":{"name":"St Cyprian Primary School","kind":"school","ownership":"Public","level":"Formal","kind_detail":"Primary","lga":"Ibadan North East","ward":"Oke Adu"},"geometry":{"type":"Point","coordinates":[3.91714,7.38794]}},{"type":"Feature","properties":{"name":"Olubi Memorial Primary School","kind":"school","ownership":"Public","level":"Formal","kind_detail":"Primary","lga":"Ibadan South East","ward":"Asanike"},"geometry":{"type":"Point","coordinates":[3.90985,7.37167]}},{"type":"Feature","properties":{"name":"UNA Primary School","kind":"school","ownership":"Public","level":"Formal","kind_detail":"Primary","lga":"Ibadan North West","ward":"Ekotedo"},"geometry":{"type":"Point","coordinates":[3.88471,7.39067]}},{"type":"Feature","properties":{"name":"Islamic Mission Primary School","kind":"school","ownership":"Public","level":"Formal","kind_detail":"Primary","lga":"Ibadan North East","ward":"Agugu"},"geometry":{"type":"Point","coordinates":[3.92259,7.3834]}},{"type":"Feature","properties":{"name":"Ansaruddeen Basic Primary School Asaka","kind":"school","ownership":"Public","level":"Formal","kind_detail":"Primary","lga":"Ibadan South West","ward":"Oke Ado / Liberty"},"geometry":{"type":"Point","coordinates":[3.88629,7.37063]}},{"type":"Feature","properties":{"name":"Ayodele Samuel Memorial Primary School","kind":"school","ownership":"Public","level":"Formal","kind_detail":"Primary","lga":"Ibadan South East","ward":"Molete"},"geometry":{"type":"Point","coordinates":[3.89516,7.35629]}},{"type":"Feature","properties":{"name":"Ebenezer Primary School Ekotado","kind":"school","ownership":"Public","level":"Formal","kind_detail":"Primary","lga":"Ibadan North West","ward":"Ekotedo"},"geometry":{"type":"Point","coordinates":[3.88735,7.3922]}},{"type":"Feature","properties":{"name":"Ibadan Municipal Government Primary School","kind":"school","ownership":"Public","level":"Formal","kind_detail":"Primary","lga":"Ibadan North East","ward":"Oja Gbo"},"geometry":{"type":"Point","coordinates":[3.91211,7.3757]}},{"type":"Feature","properties":{"name":"Ibadan Municipal Government Primary School Oje","kind":"school","ownership":"Public","level":"Formal","kind_detail":"Primary","lga":"Ibadan North East","ward":"Oje"},"geometry":{"type":"Point","coordinates":[3.9085,7.38598]}},{"type":"Feature","properties":{"name":"Ibadan Municipal Government Primary School Yemetu","kind":"school","ownership":"Public","level":"Formal","kind_detail":"Primary","lga":"Ibadan North","ward":"Yemetu"},"geometry":{"type":"Point","coordinates":[3.90285,7.39399]}},{"type":"Feature","properties":{"name":"Methodist Basic Primary School Agbeni","kind":"school","ownership":"Public","level":"Formal","kind_detail":"Primary","lga":"Ibadan South West","ward":"Amule /  Atere"},"geometry":{"type":"Point","coordinates":[3.88805,7.37976]}},{"type":"Feature","properties":{"name":"Salvation Army Primary School","kind":"school","ownership":"Public","level":"Formal","kind_detail":"Primary","lga":"Ibadan North West","ward":"Ekotedo"},"geometry":{"type":"Point","coordinates":[3.88662,7.38947]}},{"type":"Feature","properties":{"name":"St Pauls Anglican Primary School Yemetu","kind":"school","ownership":"Public","level":"Formal","kind_detail":"Primary","lga":"Ibadan North","ward":"Yemetu"},"geometry":{"type":"Point","coordinates":[3.9024,7.39006]}},{"type":"Feature","properties":{"name":"Community Primary School Ogbere","kind":"school","ownership":"Public","level":"Formal","kind_detail":"Primary","lga":"Ibadan North East","ward":"Aperin"},"geometry":{"type":"Point","coordinates":[3.93164,7.37089]}},{"type":"Feature","properties":{"name":"Community Primary School Olorunsogo","kind":"school","ownership":"Public","level":"Formal","kind_detail":"Primary","lga":"Ibadan North East","ward":"Atipe"},"geometry":{"type":"Point","coordinates":[3.93228,7.35519]}},{"type":"Feature","properties":{"name":"Community Primary School Olosunde","kind":"school","ownership":"Public","level":"Formal","kind_detail":"Primary","lga":"Ibadan North East","ward":"Aperin"},"geometry":{"type":"Point","coordinates":[3.93567,7.36883]}},{"type":"Feature","properties":{"name":"Ifelodun Community Primary School","kind":"school","ownership":"Public","level":"Formal","kind_detail":"Primary","lga":"Ibadan North East","ward":"Odeaje"},"geometry":{"type":"Point","coordinates":[3.9272,7.35159]}},{"type":"Feature","properties":{"name":"Community Primary School Oyalami","kind":"school","ownership":"Public","level":"Formal","kind_detail":"Primary","lga":"Ibadan South West","ward":"Ring Road / Challenge / Oluyole"},"geometry":{"type":"Point","coordinates":[3.86754,7.34404]}},{"type":"Feature","properties":{"name":"Ebenezar African Church Primary School Okeado Ibadan","kind":"school","ownership":"Public","level":"Formal","kind_detail":"Primary","lga":"Ibadan South West","ward":"Apata / Odo Ona"},"geometry":{"type":"Point","coordinates":[3.85574,7.3757]}},{"type":"Feature","properties":{"name":"Ebenezer African Church Primary School Ago Taylor","kind":"school","ownership":"Public","level":"Formal","kind_detail":"Primary","lga":"Ibadan South West","ward":"Oke Ado / Liberty"},"geometry":{"type":"Point","coordinates":[3.87732,7.37167]}},{"type":"Feature","properties":{"name":"ECWA Primary School Molete Ibadan","kind":"school","ownership":"Public","level":"Formal","kind_detail":"Primary","lga":"Ibadan South West","ward":"Ring Road / Challenge / Oluyole"},"geometry":{"type":"Point","coordinates":[3.88147,7.35242]}},{"type":"Feature","properties":{"name":"Lam Adesina Model Primary School","kind":"school","ownership":"Public","level":"Formal","kind_detail":"Primary","lga":"Ibadan South East","ward":"Challenge"},"geometry":{"type":"Point","coordinates":[3.88869,7.34171]}},{"type":"Feature","properties":{"name":"Methodist Primary School","kind":"school","ownership":"Public","level":"Formal","kind_detail":"Primary","lga":"Ibadan South West","ward":"Oke Ado / Liberty"},"geometry":{"type":"Point","coordinates":[3.88152,7.36612]}},{"type":"Feature","properties":{"name":"Methodist Primary School Okeado Ibadan","kind":"school","ownership":"Public","level":"Formal","kind_detail":"Primary","lga":"Ibadan South West","ward":"Oke Ado / Liberty"},"geometry":{"type":"Point","coordinates":[3.87572,7.37062]}},{"type":"Feature","properties":{"name":"Sacred Heart Primary School","kind":"school","ownership":"Public","level":"Formal","kind_detail":"Primary","lga":"Ibadan South West","ward":"Oke Ado / Liberty"},"geometry":{"type":"Point","coordinates":[3.87837,7.37034]}},{"type":"Feature","properties":{"name":"St Lukes Demonstration Primary School Molete Ibadan","kind":"school","ownership":"Public","level":"Formal","kind_detail":"Primary","lga":"Ibadan South East","ward":"Molete"},"geometry":{"type":"Point","coordinates":[3.89306,7.35458]}},{"type":"Feature","properties":{"name":"St Williams Primary School Okeado","kind":"school","ownership":"Public","level":"Formal","kind_detail":"Primary","lga":"Ibadan South West","ward":"Oke Ado / Liberty"},"geometry":{"type":"Point","coordinates":[3.88042,7.37038]}},{"type":"Feature","properties":{"name":"CAC Primary School Irefin","kind":"school","ownership":"Public","level":"Formal","kind_detail":"Primary","lga":"Ibadan North East","ward":"Oke Adu"},"geometry":{"type":"Point","coordinates":[3.91329,7.38864]}},{"type":"Feature","properties":{"name":"Canon Okuseinde Memorial Primary School","kind":"school","ownership":"Public","level":"Formal","kind_detail":"Primary","lga":"Ibadan North East","ward":"Oja Gbo"},"geometry":{"type":"Point","coordinates":[3.91692,7.37751]}},{"type":"Feature","properties":{"name":"Cherubim and Seraphim Primary School Oje Olokun","kind":"school","ownership":"Public","level":"Formal","kind_detail":"Primary","lga":"Ibadan North East","ward":"Oke Adu"},"geometry":{"type":"Point","coordinates":[3.91285,7.38437]}},{"type":"Feature","properties":{"name":"Community Primary School Ayekale","kind":"school","ownership":"Public","level":"Formal","kind_detail":"Primary","lga":"Ibadan North East","ward":"Agugu"},"geometry":{"type":"Point","coordinates":[3.92797,7.37936]}},{"type":"Feature","properties":{"name":"Methodist Primary School Agodi Ibadan","kind":"school","ownership":"Public","level":"Formal","kind_detail":"Primary","lga":"Ibadan North","ward":"Agodi"},"geometry":{"type":"Point","coordinates":[3.91672,7.39532]}},{"type":"Feature","properties":{"name":"Seventh Day Adventist Primary School","kind":"school","ownership":"Public","level":"Formal","kind_detail":"Primary","lga":"Ibadan North East","ward":"Oke Adu"},"geometry":{"type":"Point","coordinates":[3.92464,7.39618]}},{"type":"Feature","properties":{"name":"St Johns Primary School Atenda","kind":"school","ownership":"Public","level":"Formal","kind_detail":"Primary","lga":"Ibadan North","ward":"Agodi"},"geometry":{"type":"Point","coordinates":[3.91433,7.39404]}},{"type":"Feature","properties":{"name":"St Marys Catholic Primary School Oluyoro","kind":"school","ownership":"Public","level":"Formal","kind_detail":"Primary","lga":"Ibadan North East","ward":"Oke Adu"},"geometry":{"type":"Point","coordinates":[3.91839,7.3859]}},{"type":"Feature","properties":{"name":"St James Cathedral Primary School Oke Bola Ibadan","kind":"school","ownership":"Public","level":"Formal","kind_detail":"Primary","lga":"Ibadan South West","ward":"Molete / Oke Ado"},"geometry":{"type":"Point","coordinates":[3.88227,7.38186]}},{"type":"Feature","properties":{"name":"Sacred Heart Primary School Ii Okeayo Odo Ona Ibadan","kind":"school","ownership":"Public","level":"Formal","kind_detail":"Primary","lga":"Ibadan South West","ward":"Apata / Odo Ona"},"geometry":{"type":"Point","coordinates":[3.85355,7.37192]}},{"type":"Feature","properties":{"name":"Salvation Army Primary School","kind":"school","ownership":"Public","level":"Formal","kind_detail":"Primary","lga":"Ibadan North","ward":"Yemetu"},"geometry":{"type":"Point","coordinates":[3.90721,7.3953]}},{"type":"Feature","properties":{"name":"Adem Nursery Primary School","kind":"school","ownership":"Private","level":"Formal","kind_detail":"Primary","lga":"Ibadan South West","ward":"Ita Aregbeomo"},"geometry":{"type":"Point","coordinates":[3.89114,7.36866]}},{"type":"Feature","properties":{"name":"Hi Kam Nursery Primary School","kind":"school","ownership":"Private","level":"Formal","kind_detail":"Primary","lga":"Ibadan North","ward":"Yemetu"},"geometry":{"type":"Point","coordinates":[3.89879,7.38939]}},{"type":"Feature","properties":{"name":"Adediran International Nursery and Primary School","kind":"school","ownership":"Private","level":"Formal","kind_detail":"Primary","lga":"Ibadan South East","ward":"Ita-Ege"},"geometry":{"type":"Point","coordinates":[3.90466,7.36659]}},{"type":"Feature","properties":{"name":"Akinbol Nursery Primary School","kind":"school","ownership":"Private","level":"Formal","kind_detail":"Primary","lga":"Ibadan North East","ward":"Odeaje"},"geometry":{"type":"Point","coordinates":[3.9181,7.34256]}},{"type":"Feature","properties":{"name":"Ajibola Nursery Primary School","kind":"school","ownership":"Private","level":"Formal","kind_detail":"Primary","lga":"Ibadan North East","ward":"Atipe"},"geometry":{"type":"Point","coordinates":[3.93192,7.36267]}},{"type":"Feature","properties":{"name":"Arise Shine Nursery Primary School","kind":"school","ownership":"Private","level":"Formal","kind_detail":"Primary","lga":"Ibadan North East","ward":"Aperin"},"geometry":{"type":"Point","coordinates":[3.93074,7.36724]}},{"type":"Feature","properties":{"name":"Adex Nursery Primary School","kind":"school","ownership":"Private","level":"Formal","kind_detail":"Primary","lga":"Ibadan South West","ward":"Ring Road / Challenge / Oluyole"},"geometry":{"type":"Point","coordinates":[3.86923,7.34076]}},{"type":"Feature","properties":{"name":"Comfort Memorial Nursery and Primary School","kind":"school","ownership":"Private","level":"Formal","kind_detail":"Primary","lga":"Ibadan South East","ward":"Owode"},"geometry":{"type":"Point","coordinates":[3.904,7.36154]}},{"type":"Feature","properties":{"name":"Josabic Intensive Nursery Primary School","kind":"school","ownership":"Private","level":"Formal","kind_detail":"Primary","lga":"Ibadan North West","ward":"Ekotedo"},"geometry":{"type":"Point","coordinates":[3.88596,7.39154]}},{"type":"Feature","properties":{"name":"Protege Academy Nursery Primary School","kind":"school","ownership":"Private","level":"Formal","kind_detail":"Primary","lga":"Ibadan North West","ward":"Afonta"},"geometry":{"type":"Point","coordinates":[3.87305,7.39812]}},{"type":"Feature","properties":{"name":"Citi Nursery Primary School","kind":"school","ownership":"Private","level":"Formal","kind_detail":"Primary","lga":"Ibadan North East","ward":"Odeaje"},"geometry":{"type":"Point","coordinates":[3.91875,7.34013]}},{"type":"Feature","properties":{"name":"Glorious God Nursery Primary School","kind":"school","ownership":"Private","level":"Formal","kind_detail":"Primary","lga":"Ibadan North East","ward":"Odeaje"},"geometry":{"type":"Point","coordinates":[3.92113,7.33975]}},{"type":"Feature","properties":{"name":"Nurudeen Nursery Primary School","kind":"school","ownership":"Private","level":"Formal","kind_detail":"Primary","lga":"Ibadan North East","ward":"Odeaje"},"geometry":{"type":"Point","coordinates":[3.92013,7.33923]}},{"type":"Feature","properties":{"name":"Omega Nursery Primary School","kind":"school","ownership":"Private","level":"Formal","kind_detail":"Primary","lga":"Ibadan North East","ward":"Odeaje"},"geometry":{"type":"Point","coordinates":[3.92538,7.33978]}},{"type":"Feature","properties":{"name":"Omolewa Nursery Primary School","kind":"school","ownership":"Private","level":"Formal","kind_detail":"Primary","lga":"Ibadan North East","ward":"Odeaje"},"geometry":{"type":"Point","coordinates":[3.92359,7.33865]}},{"type":"Feature","properties":{"name":"Faithful Comprehensive Nursery and Primary School","kind":"school","ownership":"Private","level":"Formal","kind_detail":"Primary","lga":"Ibadan North East","ward":"Odeaje"},"geometry":{"type":"Point","coordinates":[3.9258,7.34509]}},{"type":"Feature","properties":{"name":"Famous Cap Nursery Primary School","kind":"school","ownership":"Private","level":"Formal","kind_detail":"Primary","lga":"Ibadan North East","ward":"Agugu"},"geometry":{"type":"Point","coordinates":[3.93809,7.37617]}},{"type":"Feature","properties":{"name":"Godbless Primary School","kind":"school","ownership":"Private","level":"Formal","kind_detail":"Primary","lga":"Ibadan North East","ward":"Agugu"},"geometry":{"type":"Point","coordinates":[3.93446,7.38033]}},{"type":"Feature","properties":{"name":"Happyday Nursery Primary School","kind":"school","ownership":"Private","level":"Formal","kind_detail":"Primary","lga":"Ibadan North East","ward":"Aperin"},"geometry":{"type":"Point","coordinates":[3.93257,7.36821]}},{"type":"Feature","properties":{"name":"Heritage Nursery and Primary School","kind":"school","ownership":"Private","level":"Formal","kind_detail":"Primary","lga":"Ibadan South East","ward":"Odinjo"},"geometry":{"type":"Point","coordinates":[3.91381,7.35962]}},{"type":"Feature","properties":{"name":"His Glory Nursery Primary School","kind":"school","ownership":"Private","level":"Formal","kind_detail":"Primary","lga":"Ibadan North East","ward":"Atipe"},"geometry":{"type":"Point","coordinates":[3.93884,7.35706]}},{"type":"Feature","properties":{"name":"Ibrahim Abike Memorial International Nursery Primary School","kind":"school","ownership":"Private","level":"Formal","kind_detail":"Primary","lga":"Ibadan North East","ward":"Atipe"},"geometry":{"type":"Point","coordinates":[3.93499,7.356]}},{"type":"Feature","properties":{"name":"Ibrahimyat Nursery and Primary School","kind":"school","ownership":"Private","level":"Formal","kind_detail":"Primary","lga":"Ibadan North East","ward":"Odeaje"},"geometry":{"type":"Point","coordinates":[3.92834,7.34641]}},{"type":"Feature","properties":{"name":"Ifeolu Nursery Primary School","kind":"school","ownership":"Private","level":"Formal","kind_detail":"Primary","lga":"Ibadan North East","ward":"Agugu"},"geometry":{"type":"Point","coordinates":[3.93498,7.37622]}},{"type":"Feature","properties":{"name":"Ise Oluwa Montessori Nursery Primary School","kind":"school","ownership":"Private","level":"Formal","kind_detail":"Primary","lga":"Ibadan North East","ward":"Atipe"},"geometry":{"type":"Point","coordinates":[3.93356,7.35837]}},{"type":"Feature","properties":{"name":"Isitola Memorial Nursery Primary School","kind":"school","ownership":"Private","level":"Formal","kind_detail":"Primary","lga":"Ibadan North East","ward":"Agugu"},"geometry":{"type":"Point","coordinates":[3.93719,7.37512]}},{"type":"Feature","properties":{"name":"Life Line Private Nursery Primary School","kind":"school","ownership":"Private","level":"Formal","kind_detail":"Primary","lga":"Ibadan North East","ward":"Aperin"},"geometry":{"type":"Point","coordinates":[3.93071,7.36971]}},{"type":"Feature","properties":{"name":"Mopelola Memorial Nursery and Primary School","kind":"school","ownership":"Private","level":"Formal","kind_detail":"Primary","lga":"Ibadan North East","ward":"Odeaje"},"geometry":{"type":"Point","coordinates":[3.92554,7.3526]}},{"type":"Feature","properties":{"name":"Omega Nursery Primary School","kind":"school","ownership":"Private","level":"Formal","kind_detail":"Primary","lga":"Ibadan North East","ward":"Aperin"},"geometry":{"type":"Point","coordinates":[3.93814,7.36421]}},{"type":"Feature","properties":{"name":"Omolara Nursery and Primary School","kind":"school","ownership":"Private","level":"Formal","kind_detail":"Primary","lga":"Ibadan North East","ward":"Odeaje"},"geometry":{"type":"Point","coordinates":[3.92702,7.34641]}},{"type":"Feature","properties":{"name":"Onward Nursery Primary School","kind":"school","ownership":"Private","level":"Formal","kind_detail":"Primary","lga":"Ibadan North East","ward":"Aperin"},"geometry":{"type":"Point","coordinates":[3.93434,7.36852]}},{"type":"Feature","properties":{"name":"Subuola Ojuolape Nursery Primary School","kind":"school","ownership":"Private","level":"Formal","kind_detail":"Primary","lga":"Ibadan North East","ward":"Atipe"},"geometry":{"type":"Point","coordinates":[3.92889,7.36037]}},{"type":"Feature","properties":{"name":"The Greatness Nursery Primary School","kind":"school","ownership":"Private","level":"Formal","kind_detail":"Primary","lga":"Ibadan North East","ward":"Atipe"},"geometry":{"type":"Point","coordinates":[3.92728,7.36171]}},{"type":"Feature","properties":{"name":"Top Brains Kiddies Nursery Primary School","kind":"school","ownership":"Private","level":"Formal","kind_detail":"Primary","lga":"Ibadan North East","ward":"Odeaje"},"geometry":{"type":"Point","coordinates":[3.92662,7.34767]}},{"type":"Feature","properties":{"name":"Bola Immaculate Nursery Primary School","kind":"school","ownership":"Private","level":"Formal","kind_detail":"Primary","lga":"Ibadan South West","ward":"Ring Road / Challenge / Oluyole"},"geometry":{"type":"Point","coordinates":[3.8723,7.34336]}},{"type":"Feature","properties":{"name":"Breakthrough International Nursery Primary School","kind":"school","ownership":"Private","level":"Formal","kind_detail":"Primary","lga":"Ibadan South West","ward":"Ring Road / Challenge / Oluyole"},"geometry":{"type":"Point","coordinates":[3.86522,7.35677]}},{"type":"Feature","properties":{"name":"De Call Nursery and Primary School","kind":"school","ownership":"Private","level":"Formal","kind_detail":"Primary","lga":"Ibadan South East","ward":"Challenge"},"geometry":{"type":"Point","coordinates":[3.88483,7.3477]}},{"type":"Feature","properties":{"name":"Divine Creche Nursery and Primary School","kind":"school","ownership":"Private","level":"Formal","kind_detail":"Primary","lga":"Ibadan South East","ward":"Challenge"},"geometry":{"type":"Point","coordinates":[3.88832,7.34597]}},{"type":"Feature","properties":{"name":"Ephraim Nursery Primary School","kind":"school","ownership":"Private","level":"Formal","kind_detail":"Primary","lga":"Ibadan South West","ward":"Popoyemoja"},"geometry":{"type":"Point","coordinates":[3.88906,7.36078]}},{"type":"Feature","properties":{"name":"Lydeb Kiddies Nursery and Primary School","kind":"school","ownership":"Private","level":"Formal","kind_detail":"Primary","lga":"Ibadan South East","ward":"Challenge"},"geometry":{"type":"Point","coordinates":[3.88419,7.33957]}},{"type":"Feature","properties":{"name":"Royal Masses Nursery and Primary School","kind":"school","ownership":"Private","level":"Formal","kind_detail":"Primary","lga":"Ibadan South East","ward":"Owode"},"geometry":{"type":"Point","coordinates":[3.90496,7.35938]}},{"type":"Feature","properties":{"name":"Vining Day Nursery Primary School","kind":"school","ownership":"Private","level":"Formal","kind_detail":"Primary","lga":"Ibadan South East","ward":"Molete"},"geometry":{"type":"Point","coordinates":[3.89218,7.35507]}},{"type":"Feature","properties":{"name":"Barakat Nursery and Primary School","kind":"school","ownership":"Private","level":"Integrated","kind_detail":"Primary","lga":"Ibadan North","ward":"Old Bodija"},"geometry":{"type":"Point","coordinates":[3.89912,7.41725]}},{"type":"Feature","properties":{"name":"United Nursery Primary School","kind":"school","ownership":"Private","level":"Formal","kind_detail":"Primary","lga":"Ibadan North","ward":"Oke Itunu"},"geometry":{"type":"Point","coordinates":[3.89375,7.41612]}},{"type":"Feature","properties":{"name":"Gods Promotion Nursery and Primary School","kind":"school","ownership":"Private","level":"Formal","kind_detail":"Primary","lga":"Ibadan South East","ward":"Asanike"},"geometry":{"type":"Point","coordinates":[3.91216,7.3669]}},{"type":"Feature","properties":{"name":"Gracious Academy Nursery Primary School","kind":"school","ownership":"Private","level":"Formal","kind_detail":"Primary","lga":"Ibadan South West","ward":"Apata / Odo Ona"},"geometry":{"type":"Point","coordinates":[3.85245,7.37123]}},{"type":"Feature","properties":{"name":"Joy C Nursery Primary School","kind":"school","ownership":"Private","level":"Formal","kind_detail":"Primary","lga":"Ibadan North West","ward":"Olopomewa"},"geometry":{"type":"Point","coordinates":[3.8732,7.42372]}},{"type":"Feature","properties":{"name":"Olagoke Nursery Primary School","kind":"school","ownership":"Private","level":"Formal","kind_detail":"Primary","lga":"Ibadan North West","ward":"Olopomewa"},"geometry":{"type":"Point","coordinates":[3.8725,7.42151]}},{"type":"Feature","properties":{"name":"Olayomi Nursery Primary School","kind":"school","ownership":"Private","level":"Formal","kind_detail":"Primary","lga":"Ibadan North West","ward":"Olopomewa"},"geometry":{"type":"Point","coordinates":[3.87039,7.42384]}},{"type":"Feature","properties":{"name":"Walbos Faith Nursery Primary School","kind":"school","ownership":"Private","level":"Formal","kind_detail":"Primary","lga":"Ibadan North West","ward":"Eleyele"},"geometry":{"type":"Point","coordinates":[3.86765,7.41364]}},{"type":"Feature","properties":{"name":"Fomwan Model Nursery and Primary School","kind":"school","ownership":"Private","level":"Integrated","kind_detail":"Primary","lga":"Ibadan North","ward":"Bashorun"},"geometry":{"type":"Point","coordinates":[3.93099,7.41874]}},{"type":"Feature","properties":{"name":"Odo Ona Community Primary School Oke Ayo Ibadan","kind":"school","ownership":"Public","level":"Formal","kind_detail":"Primary","lga":"Ibadan South West","ward":"Apata / Odo Ona"},"geometry":{"type":"Point","coordinates":[3.85029,7.37141]}},{"type":"Feature","properties":{"name":"Gods Own International Nursery Primary School","kind":"school","ownership":"Private","level":"Formal","kind_detail":"Primary","lga":"Ibadan South West","ward":"Isale Osi / Oja'ba"},"geometry":{"type":"Point","coordinates":[3.89205,7.36928]}},{"type":"Feature","properties":{"name":"Awwal Memorial Nursery And Primary School Aderogba","kind":"school","ownership":"Public","level":"Formal","kind_detail":"Primary","lga":"Ibadan North East","ward":"Oje"},"geometry":{"type":"Point","coordinates":[3.90596,7.38459]}},{"type":"Feature","properties":{"name":"St Pauls Primary School","kind":"school","ownership":"Public","level":"Formal","kind_detail":"Primary","lga":"Ibadan North","ward":"Bashorun"},"geometry":{"type":"Point","coordinates":[3.93664,7.42204]}},{"type":"Feature","properties":{"name":"St Marys Catholic Primary School Oke Are","kind":"school","ownership":"Faith Based","level":"Formal","kind_detail":"Primary","lga":"Ibadan North","ward":"Yemetu"},"geometry":{"type":"Point","coordinates":[3.89827,7.38603]}},{"type":"Feature","properties":{"name":"CAC Primary School Itabale Olugbode","kind":"school","ownership":"Public","level":"Formal","kind_detail":"Primary","lga":"Ibadan North East","ward":"Oranyan"},"geometry":{"type":"Point","coordinates":[3.90196,7.37952]}},{"type":"Feature","properties":{"name":"Seventh Day Adventist Primary School","kind":"school","ownership":"Public","level":"Formal","kind_detail":"Primary","lga":"Ibadan South West","ward":"Molete / Oke Ado"},"geometry":{"type":"Point","coordinates":[3.8767,7.37746]}},{"type":"Feature","properties":{"name":"Community Primary School Oyapidan Eleta","kind":"school","ownership":"Public","level":"Formal","kind_detail":"Primary","lga":"Ibadan South East","ward":"Odinjo"},"geometry":{"type":"Point","coordinates":[3.91788,7.34687]}},{"type":"Feature","properties":{"name":"Ifelodun Community Primary School Sanyo","kind":"school","ownership":"Public","level":"Formal","kind_detail":"Primary","lga":"Ibadan North East","ward":"Odeaje"},"geometry":{"type":"Point","coordinates":[3.91135,7.3415]}},{"type":"Feature","properties":{"name":"Ibadan Municipal Government Primary School Ibadan","kind":"school","ownership":"Public","level":"Formal","kind_detail":"Primary","lga":"Ibadan South West","ward":"Oke Ado / Liberty"},"geometry":{"type":"Point","coordinates":[3.8737,7.37277]}},{"type":"Feature","properties":{"name":"Ratibi Moslem Primary School Molete Ibadan","kind":"school","ownership":"Public","level":"Formal","kind_detail":"Primary","lga":"Ibadan South West","ward":"Ring Road / Challenge / Oluyole"},"geometry":{"type":"Point","coordinates":[3.88719,7.35675]}},{"type":"Feature","properties":{"name":"Ibadan Municipal Government Primary School Ode Aje","kind":"school","ownership":"Public","level":"Formal","kind_detail":"Primary","lga":"Ibadan North East","ward":"Oja Gbo"},"geometry":{"type":"Point","coordinates":[3.91587,7.38198]}},{"type":"Feature","properties":{"name":"Ratibi Muslim Primary School","kind":"school","ownership":"Public","level":"Formal","kind_detail":"Primary","lga":"Ibadan North East","ward":"Oke Adu"},"geometry":{"type":"Point","coordinates":[3.92253,7.38762]}},{"type":"Feature","properties":{"name":"St John Anglican Primary School","kind":"school","ownership":"Public","level":"Formal","kind_detail":"Primary","lga":"Ibadan North East","ward":"Agugu"},"geometry":{"type":"Point","coordinates":[3.91733,7.37855]}},{"type":"Feature","properties":{"name":"St Peter Primary School","kind":"school","ownership":"Public","level":"Formal","kind_detail":"Primary","lga":"Ibadan North East","ward":"Oja Gbo"},"geometry":{"type":"Point","coordinates":[3.9174,7.37606]}},{"type":"Feature","properties":{"name":"Bamise Nursery Primary School","kind":"school","ownership":"Private","level":"Formal","kind_detail":"Primary","lga":"Ibadan North East","ward":"Aperin"},"geometry":{"type":"Point","coordinates":[3.92827,7.36564]}},{"type":"Feature","properties":{"name":"Montessory Nursery Primary School","kind":"school","ownership":"Private","level":"Formal","kind_detail":"Primary","lga":"Ibadan North West","ward":"Afonta"},"geometry":{"type":"Point","coordinates":[3.87719,7.39269]}},{"type":"Feature","properties":{"name":"Omolade Nursery Primary School","kind":"school","ownership":"Private","level":"Formal","kind_detail":"Primary","lga":"Ibadan North West","ward":"Eleyele"},"geometry":{"type":"Point","coordinates":[3.87254,7.41756]}},{"type":"Feature","properties":{"name":"Omolola Wisdom Nursery and Primary School","kind":"school","ownership":"Private","level":"Formal","kind_detail":"Primary","lga":"Ibadan South East","ward":"Odinjo"},"geometry":{"type":"Point","coordinates":[3.91789,7.35022]}},{"type":"Feature","properties":{"name":"Victory of God Nursery and Primary School","kind":"school","ownership":"Private","level":"Formal","kind_detail":"Primary","lga":"Ibadan South East","ward":"Odinjo"},"geometry":{"type":"Point","coordinates":[3.91821,7.35366]}},{"type":"Feature","properties":{"name":"Go Forward Kiddies Nursery and Primary School","kind":"school","ownership":"Private","level":"Formal","kind_detail":"Primary","lga":"Ibadan South East","ward":"Owode"},"geometry":{"type":"Point","coordinates":[3.90552,7.35893]}},{"type":"Feature","properties":{"name":"Moslem Model Primary School","kind":"school","ownership":"Private","level":"Formal","kind_detail":"Primary","lga":"Ibadan South West","ward":"Molete / Oke Ado"},"geometry":{"type":"Point","coordinates":[3.8761,7.37485]}},{"type":"Feature","properties":{"name":"Miracle International Nursery Primary School","kind":"school","ownership":"Private","level":"Formal","kind_detail":"Primary","lga":"Ibadan South West","ward":"Isale Osi / Oja'ba"},"geometry":{"type":"Point","coordinates":[3.8929,7.3691]}},{"type":"Feature","properties":{"name":"The Pillar of Life Nursery Primary School","kind":"school","ownership":"Private","level":"Formal","kind_detail":"Primary","lga":"Ibadan South West","ward":"Isale Osi / Oja'ba"},"geometry":{"type":"Point","coordinates":[3.89311,7.36876]}},{"type":"Feature","properties":{"name":"Methodist Nursery and Primary School","kind":"school","ownership":"Faith Based","level":"Formal","kind_detail":"Primary","lga":"Ibadan South East","ward":"Adesola"},"geometry":{"type":"Point","coordinates":[3.91427,7.36564]}},{"type":"Feature","properties":{"name":"St Peters Catholic Primary School Oke Are","kind":"school","ownership":"Faith Based","level":"Formal","kind_detail":"Primary","lga":"Ibadan North","ward":"Nalende"},"geometry":{"type":"Point","coordinates":[3.89703,7.38514]}},{"type":"Feature","properties":{"name":"St Stephens Anglican Primary School","kind":"school","ownership":"Faith Based","level":"Formal","kind_detail":"Primary","lga":"Ibadan North","ward":"Nalende"},"geometry":{"type":"Point","coordinates":[3.89377,7.39536]}},{"type":"Feature","properties":{"name":"Abadina Primary School","kind":"school","ownership":"Public","level":"Formal","kind_detail":"Primary","lga":"Ibadan North","ward":"Samonda"},"geometry":{"type":"Point","coordinates":[3.89993,7.45134]}},{"type":"Feature","properties":{"name":"CAC Primary School","kind":"school","ownership":"Public","level":"Formal","kind_detail":"Primary","lga":"Ibadan North","ward":"Nalende"},"geometry":{"type":"Point","coordinates":[3.89462,7.39014]}},{"type":"Feature","properties":{"name":"Durojaiye Nursery Primary School Oritamerin","kind":"school","ownership":"Public","level":"Formal","kind_detail":"Primary","lga":"Ibadan North West","ward":"Agbaje / Idikan"},"geometry":{"type":"Point","coordinates":[3.89303,7.37819]}},{"type":"Feature","properties":{"name":"St Johns Primary School Inalende","kind":"school","ownership":"Public","level":"Formal","kind_detail":"Primary","lga":"Ibadan North","ward":"Nalende"},"geometry":{"type":"Point","coordinates":[3.89347,7.39952]}},{"type":"Feature","properties":{"name":"Suliat Adedeji Memorial Primary School","kind":"school","ownership":"Public","level":"Integrated","kind_detail":"Primary","lga":"Ibadan South East","ward":"Kobomoje"},"geometry":{"type":"Point","coordinates":[3.90048,7.36966]}},{"type":"Feature","properties":{"name":"Nawaar U Deen Primary School","kind":"school","ownership":"Public","level":"Formal","kind_detail":"Primary","lga":"Ibadan South East","ward":"Adesola"},"geometry":{"type":"Point","coordinates":[3.91692,7.36425]}},{"type":"Feature","properties":{"name":"Omoyeni Memorial Primary School","kind":"school","ownership":"Public","level":"Formal","kind_detail":"Primary","lga":"Ibadan South East","ward":"Adesola"},"geometry":{"type":"Point","coordinates":[3.91944,7.3639]}},{"type":"Feature","properties":{"name":"Emmanuel College Primary School","kind":"school","ownership":"Public","level":"Formal","kind_detail":"Primary","lga":"Ibadan North","ward":"Samonda"},"geometry":{"type":"Point","coordinates":[3.90614,7.43931]}},{"type":"Feature","properties":{"name":"St Thomas Primary School","kind":"school","ownership":"Public","level":"Formal","kind_detail":"Primary","lga":"Ibadan North","ward":"Agbowo"},"geometry":{"type":"Point","coordinates":[3.91377,7.44079]}},{"type":"Feature","properties":{"name":"Mujaidun Nursery Primary School","kind":"school","ownership":"Private","level":"Formal","kind_detail":"Primary","lga":"Ibadan North West","ward":"Agbaje / Idikan"},"geometry":{"type":"Point","coordinates":[3.89155,7.37981]}},{"type":"Feature","properties":{"name":"Ayobade Nursery Primary School Orogun","kind":"school","ownership":"Private","level":"Formal","kind_detail":"Primary","lga":"Ibadan North","ward":"Agbowo"},"geometry":{"type":"Point","coordinates":[3.90703,7.4416]}},{"type":"Feature","properties":{"name":"Foyes Nursery Primary School","kind":"school","ownership":"Private","level":"Formal","kind_detail":"Primary","lga":"Ibadan North West","ward":"Agbaje / Idikan"},"geometry":{"type":"Point","coordinates":[3.89087,7.3792]}},{"type":"Feature","properties":{"name":"Periscope Nursery and Primary School","kind":"school","ownership":"Private","level":"Formal","kind_detail":"Primary","lga":"Ibadan South East","ward":"Adesola"},"geometry":{"type":"Point","coordinates":[3.92148,7.36153]}},{"type":"Feature","properties":{"name":"Skeikh Ibrahim Nursery and Primary School","kind":"school","ownership":"Private","level":"Formal","kind_detail":"Primary","lga":"Ibadan South East","ward":"Adesola"},"geometry":{"type":"Point","coordinates":[3.91547,7.36308]}},{"type":"Feature","properties":{"name":"Smart Primary School","kind":"school","ownership":"Private","level":"Formal","kind_detail":"Primary","lga":"Ibadan North","ward":"Agbowo"},"geometry":{"type":"Point","coordinates":[3.90717,7.44333]}},{"type":"Feature","properties":{"name":"Chief Agbaje Memorial Primary School Ayeye","kind":"school","ownership":"Public","level":"Formal","kind_detail":"Primary","lga":"Ibadan North West","ward":"Agbaje / Idikan"},"geometry":{"type":"Point","coordinates":[3.89323,7.38026]}},{"type":"Feature","properties":{"name":"Ebenezer African Church Primary School Inalende Ibadan","kind":"school","ownership":"Public","level":"Formal","kind_detail":"Primary","lga":"Ibadan North","ward":"Nalende"},"geometry":{"type":"Point","coordinates":[3.89474,7.3937]}},{"type":"Feature","properties":{"name":"Ibadan Municipal Government Primary School Oniyanrin","kind":"school","ownership":"Public","level":"Formal","kind_detail":"Primary","lga":"Ibadan North","ward":"Nalende"},"geometry":{"type":"Point","coordinates":[3.8954,7.38892]}},{"type":"Feature","properties":{"name":"Emmanuel Alatise Nursery Primary School","kind":"school","ownership":"Private","level":"Formal","kind_detail":"Primary","lga":"Ibadan North West","ward":"Agbaje / Idikan"},"geometry":{"type":"Point","coordinates":[3.89243,7.37951]}},{"type":"Feature","properties":{"name":"Riches of Grace Nursery Primary School","kind":"school","ownership":"Private","level":"Formal","kind_detail":"Primary","lga":"Ibadan North West","ward":"Agbaje / Idikan"},"geometry":{"type":"Point","coordinates":[3.89052,7.3785]}},{"type":"Feature","properties":{"name":"Islamic Primary School Kosoro","kind":"school","ownership":"Public","level":"Formal","kind_detail":"Primary","lga":"Ibadan North East","ward":"Oja Gbo"},"geometry":{"type":"Point","coordinates":[3.90568,7.37302]}},{"type":"Feature","properties":{"name":"Al Ansoor Nursery And Primary School Isale Alfa","kind":"school","ownership":"Public","level":"Formal","kind_detail":"Primary","lga":"Ibadan North","ward":"Oke Are"},"geometry":{"type":"Point","coordinates":[3.9015,7.38305]}},{"type":"Feature","properties":{"name":"Bacolas Nursery Primary School Ori Eru","kind":"school","ownership":"Public","level":"Formal","kind_detail":"Primary","lga":"Ibadan North West","ward":"Oritamerin"},"geometry":{"type":"Point","coordinates":[3.89211,7.38258]}},{"type":"Feature","properties":{"name":"St James Anglican Primary School Idi Oro Elewa","kind":"school","ownership":"Public","level":"Formal","kind_detail":"Primary","lga":"Ibadan North West","ward":"Olopomewa"},"geometry":{"type":"Point","coordinates":[3.8279,7.43491]}},{"type":"Feature","properties":{"name":"St Micheal Primary School Oke","kind":"school","ownership":"Public","level":"Formal","kind_detail":"Primary","lga":"Ibadan North West","ward":"Idikan / Olorisaoko"},"geometry":{"type":"Point","coordinates":[3.88859,7.38491]}},{"type":"Feature","properties":{"name":"Our Lady of Fatima Catholic Nursery and Primary School","kind":"school","ownership":"Faith Based","level":"Formal","kind_detail":"Primary","lga":"Ibadan South East","ward":"Owode"},"geometry":{"type":"Point","coordinates":[3.90882,7.35568]}},{"type":"Feature","properties":{"name":"Baptist Primary School","kind":"school","ownership":"Public","level":"Formal","kind_detail":"Primary","lga":"Ibadan North West","ward":"Idikan / Olorisaoko"},"geometry":{"type":"Point","coordinates":[3.89079,7.38335]}},{"type":"Feature","properties":{"name":"Union of Ratibi Primary School Ile Aperin","kind":"school","ownership":"Public","level":"Formal","kind_detail":"Primary","lga":"Ibadan North East","ward":"Oja Gbo"},"geometry":{"type":"Point","coordinates":[3.91266,7.37235]}},{"type":"Feature","properties":{"name":"Islamic Mission Primary School Bode Ibadan","kind":"school","ownership":"Public","level":"Formal","kind_detail":"Primary","lga":"Ibadan South East","ward":"Molete"},"geometry":{"type":"Point","coordinates":[3.89224,7.36095]}},{"type":"Feature","properties":{"name":"Methodist Primary School","kind":"school","ownership":"Public","level":"Formal","kind_detail":"Primary","lga":"Ibadan North West","ward":"Afonta"},"geometry":{"type":"Point","coordinates":[3.88294,7.39745]}},{"type":"Feature","properties":{"name":"Sacred Heart Convent Primary School","kind":"school","ownership":"Public","level":"Formal","kind_detail":"Primary","lga":"Ibadan North West","ward":"Inalende"},"geometry":{"type":"Point","coordinates":[3.89048,7.39686]}},{"type":"Feature","properties":{"name":"Sacret Heart Convent Primary School","kind":"school","ownership":"Public","level":"Formal","kind_detail":"Primary","lga":"Ibadan North West","ward":"Oritamerin"},"geometry":{"type":"Point","coordinates":[3.88653,7.38392]}},{"type":"Feature","properties":{"name":"St Patrick Catholic Primary School Abebi","kind":"school","ownership":"Public","level":"Formal","kind_detail":"Primary","lga":"Ibadan North West","ward":"Abebi"},"geometry":{"type":"Point","coordinates":[3.8914,7.38857]}},{"type":"Feature","properties":{"name":"Ibadan Municipal Government Primary School","kind":"school","ownership":"Public","level":"Formal","kind_detail":"Primary","lga":"Ibadan South East","ward":"Asanike"},"geometry":{"type":"Point","coordinates":[3.91866,7.36747]}},{"type":"Feature","properties":{"name":"Cherubim and Seraphim Primary School","kind":"school","ownership":"Public","level":"Formal","kind_detail":"Primary","lga":"Ibadan North","ward":"Bashorun"},"geometry":{"type":"Point","coordinates":[3.91576,7.43146]}},{"type":"Feature","properties":{"name":"Ibadan Municipal Government Primary School Ori Aje Kudeti","kind":"school","ownership":"Public","level":"Formal","kind_detail":"Primary","lga":"Ibadan South East","ward":"Molete"},"geometry":{"type":"Point","coordinates":[3.90027,7.35961]}},{"type":"Feature","properties":{"name":"Nurul Islamia Primary School","kind":"school","ownership":"Public","level":"Formal","kind_detail":"Primary","lga":"Ibadan South East","ward":"Molete"},"geometry":{"type":"Point","coordinates":[3.89912,7.35619]}},{"type":"Feature","properties":{"name":"Adeadat Kiddies Nursery Primary School","kind":"school","ownership":"Private","level":"Formal","kind_detail":"Primary","lga":"Ibadan North West","ward":"Oritamerin"},"geometry":{"type":"Point","coordinates":[3.89047,7.38088]}},{"type":"Feature","properties":{"name":"Baedou Islamic Nursery and Primary School","kind":"school","ownership":"Private","level":"Formal","kind_detail":"Primary","lga":"Ibadan South East","ward":"Odinjo"},"geometry":{"type":"Point","coordinates":[3.90815,7.36145]}},{"type":"Feature","properties":{"name":"Al Warth Everbest Nursery and Primary School","kind":"school","ownership":"Private","level":"Religious","kind_detail":"Primary","lga":"Ibadan South East","ward":"Owode"},"geometry":{"type":"Point","coordinates":[3.91018,7.35393]}},{"type":"Feature","properties":{"name":"Asidiq Nursery and Primary School","kind":"school","ownership":"Private","level":"Religious","kind_detail":"Primary","lga":"Ibadan South East","ward":"Owode"},"geometry":{"type":"Point","coordinates":[3.91226,7.34837]}},{"type":"Feature","properties":{"name":"Ay Nursery and Primary School","kind":"school","ownership":"Private","level":"Formal","kind_detail":"Primary","lga":"Ibadan South East","ward":"Owode"},"geometry":{"type":"Point","coordinates":[3.91218,7.35042]}},{"type":"Feature","properties":{"name":"Al Islamiyyah Model Nursery Primary School","kind":"school","ownership":"Private","level":"Formal","kind_detail":"Primary","lga":"Ibadan South East","ward":"Molete"},"geometry":{"type":"Point","coordinates":[3.90279,7.35154]}},{"type":"Feature","properties":{"name":"Love of God Nursery and Primary School","kind":"school","ownership":"Private","level":"Formal","kind_detail":"Primary","lga":"Ibadan South East","ward":"Owode"},"geometry":{"type":"Point","coordinates":[3.91033,7.35336]}},{"type":"Feature","properties":{"name":"D Crescent Nursery Primary School","kind":"school","ownership":"Private","level":"Integrated","kind_detail":"Primary","lga":"Ibadan North","ward":"Bashorun"},"geometry":{"type":"Point","coordinates":[3.93171,7.42541]}},{"type":"Feature","properties":{"name":"Muslim Community Nursery and Primary School","kind":"school","ownership":"Private","level":"Integrated","kind_detail":"Primary","lga":"Ibadan North","ward":"Bashorun"},"geometry":{"type":"Point","coordinates":[3.92173,7.43364]}},{"type":"Feature","properties":{"name":"Molete Baptist Goodwill Nursery and Primary School Ibadan","kind":"school","ownership":"Private","level":"Formal","kind_detail":"Primary","lga":"Ibadan South East","ward":"Challenge"},"geometry":{"type":"Point","coordinates":[3.88138,7.34985]}},{"type":"Feature","properties":{"name":"Rubim Montessori Nursery and Primary School","kind":"school","ownership":"Private","level":"Formal","kind_detail":"Primary","lga":"Ibadan South East","ward":"Molete"},"geometry":{"type":"Point","coordinates":[3.89879,7.35189]}},{"type":"Feature","properties":{"name":"Saint Kingsley Nursery and Primary School","kind":"school","ownership":"Private","level":"Formal","kind_detail":"Primary","lga":"Ibadan South East","ward":"Molete"},"geometry":{"type":"Point","coordinates":[3.89781,7.35195]}},{"type":"Feature","properties":{"name":"Gods Reward Model Nursery Primary School","kind":"school","ownership":"Private","level":"Formal","kind_detail":"Primary","lga":"Ibadan North","ward":"Agodi"},"geometry":{"type":"Point","coordinates":[3.90933,7.39173]}},{"type":"Feature","properties":{"name":"Adebayo Nursery Primary School Oke Seni","kind":"school","ownership":"Public","level":"Formal","kind_detail":"Primary","lga":"Ibadan North West","ward":"Idikan / Olorisaoko"},"geometry":{"type":"Point","coordinates":[3.88975,7.38485]}},{"type":"Feature","properties":{"name":"Anwar Ul Islam Primary School","kind":"school","ownership":"Public","level":"Formal","kind_detail":"Primary","lga":"Ibadan North West","ward":"Eleyele"},"geometry":{"type":"Point","coordinates":[3.86286,7.41675]}},{"type":"Feature","properties":{"name":"Adelagun Memorial Primary School","kind":"school","ownership":"Public","level":"Formal","kind_detail":"Primary","lga":"Ibadan North East","ward":"Oja Gbo"},"geometry":{"type":"Point","coordinates":[3.91114,7.3738]}},{"type":"Feature","properties":{"name":"UMCA Nursery and Primary School","kind":"school","ownership":"Faith Based","level":"Formal","kind_detail":"Primary","lga":"Ibadan South East","ward":"Ita-Ege"},"geometry":{"type":"Point","coordinates":[3.90318,7.37226]}},{"type":"Feature","properties":{"name":"First Baptist Church Nursery and Primary School","kind":"school","ownership":"Faith Based","level":"Formal","kind_detail":"Primary","lga":"Ibadan South East","ward":"Challenge"},"geometry":{"type":"Point","coordinates":[3.88273,7.34414]}},{"type":"Feature","properties":{"name":"Islamic Mission Primary School Orita Aperin","kind":"school","ownership":"Public","level":"Formal","kind_detail":"Primary","lga":"Ibadan North East","ward":"Oja Gbo"},"geometry":{"type":"Point","coordinates":[3.91509,7.37152]}},{"type":"Feature","properties":{"name":"St Josephs RCM Primary School","kind":"school","ownership":"Public","level":"Formal","kind_detail":"Primary","lga":"Ibadan North East","ward":"Oja Gbo"},"geometry":{"type":"Point","coordinates":[3.9133,7.37178]}},{"type":"Feature","properties":{"name":"Community Primary School Ijokodo","kind":"school","ownership":"Public","level":"Formal","kind_detail":"Primary","lga":"Ibadan North","ward":"Samonda"},"geometry":{"type":"Point","coordinates":[3.879,7.4305]}},{"type":"Feature","properties":{"name":"CAC Primary School Oje Igosun","kind":"school","ownership":"Public","level":"Formal","kind_detail":"Primary","lga":"Ibadan North","ward":"Agodi"},"geometry":{"type":"Point","coordinates":[3.90914,7.39604]}},{"type":"Feature","properties":{"name":"Community Primary School","kind":"school","ownership":"Public","level":"Formal","kind_detail":"Primary","lga":"Ibadan North","ward":"Bashorun"},"geometry":{"type":"Point","coordinates":[3.91712,7.40777]}},{"type":"Feature","properties":{"name":"Al Mubarak Nursery Primary School","kind":"school","ownership":"Private","level":"Formal","kind_detail":"Primary","lga":"Ibadan North West","ward":"Abebi"},"geometry":{"type":"Point","coordinates":[3.8917,7.38607]}},{"type":"Feature","properties":{"name":"Blessed Grace Nursery Primary School","kind":"school","ownership":"Private","level":"Formal","kind_detail":"Primary","lga":"Ibadan South East","ward":"Challenge"},"geometry":{"type":"Point","coordinates":[3.87297,7.33961]}},{"type":"Feature","properties":{"name":"Holy Life Nursery Primary School","kind":"school","ownership":"Private","level":"Formal","kind_detail":"Primary","lga":"Ibadan South East","ward":"Challenge"},"geometry":{"type":"Point","coordinates":[3.87552,7.34143]}},{"type":"Feature","properties":{"name":"Ratibi Moslem Primary School Ode Ige","kind":"school","ownership":"Public","level":"Formal","kind_detail":"Primary","lga":"Ibadan South East","ward":"Odinjo"},"geometry":{"type":"Point","coordinates":[3.91363,7.36018]}},{"type":"Feature","properties":{"name":"Emily Memorial Nursery Primary School","kind":"school","ownership":"Private","level":"Formal","kind_detail":"Primary","lga":"Ibadan South West","ward":"Agbokojo / Ward 11 SW9"},"geometry":{"type":"Point","coordinates":[3.86708,7.33893]}},{"type":"Feature","properties":{"name":"Gods Will Kiddies Nursery Primary School","kind":"school","ownership":"Private","level":"Formal","kind_detail":"Primary","lga":"Ibadan South West","ward":"Agbokojo / Ward 11 SW9"},"geometry":{"type":"Point","coordinates":[3.86633,7.33909]}},{"type":"Feature","properties":{"name":"Jesus Gate Nursery Primary School","kind":"school","ownership":"Private","level":"Formal","kind_detail":"Primary","lga":"Ibadan South West","ward":"Agbokojo / Ward 11 SW9"},"geometry":{"type":"Point","coordinates":[3.86288,7.33988]}},{"type":"Feature","properties":{"name":"Calvary Heritage Nursery Primary School","kind":"school","ownership":"Private","level":"Formal","kind_detail":"Primary","lga":"Ibadan South West","ward":"Agbokojo / Ward 11 SW9"},"geometry":{"type":"Point","coordinates":[3.86227,7.33784]}},{"type":"Feature","properties":{"name":"Abc Primary And Nursery Private School Atipe","kind":"school","ownership":"Private","level":"Formal","kind_detail":"Primary","lga":"Ibadan North East","ward":"Oja Gbo"},"geometry":{"type":"Point","coordinates":[3.91251,7.38234]}},{"type":"Feature","properties":{"name":"Kam Bridge Comprehensive College Oni","kind":"school","ownership":"Public","level":"Formal","kind_detail":"Secondary","lga":"Ibadan South West","ward":"Ring Road / Challenge / Oluyole"},"geometry":{"type":"Point","coordinates":[3.86233,7.36131]}},{"type":"Feature","properties":{"name":"Kingdom Comprehensive College Fodacis","kind":"school","ownership":"Public","level":"Formal","kind_detail":"Secondary","lga":"Ibadan South West","ward":"Ring Road / Challenge / Oluyole"},"geometry":{"type":"Point","coordinates":[3.86748,7.34547]}},{"type":"Feature","properties":{"name":"Federal College Of Forestry Jericho","kind":"school","ownership":"Public","level":"Formal","kind_detail":"Secondary","lga":"Ibadan North West","ward":"Afonta"},"geometry":{"type":"Point","coordinates":[3.86345,7.39656]}},{"type":"Feature","properties":{"name":"Bodija International College Old Bodija","kind":"school","ownership":"Public","level":"Formal","kind_detail":"Secondary","lga":"Ibadan North","ward":"Old Bodija"},"geometry":{"type":"Point","coordinates":[3.90767,7.4239]}},{"type":"Feature","properties":{"name":"Vale College Jeses Court","kind":"school","ownership":"Public","level":"Formal","kind_detail":"Secondary","lga":"Ibadan South West","ward":"Alesinloye"},"geometry":{"type":"Point","coordinates":[3.87148,7.37713]}},{"type":"Feature","properties":{"name":"Excellent Miracle Kiddies College Popoola","kind":"school","ownership":"Public","level":"Formal","kind_detail":"Secondary","lga":"Ibadan South West","ward":"Ring Road / Challenge / Oluyole"},"geometry":{"type":"Point","coordinates":[3.8715,7.34991]}},{"type":"Feature","properties":{"name":"Legacy International School Olopomewa","kind":"school","ownership":"Public","level":"Formal","kind_detail":"Secondary","lga":"Ibadan North West","ward":"Olopomewa"},"geometry":{"type":"Point","coordinates":[3.86782,7.42304]}},{"type":"Feature","properties":{"name":"N P F Children School Ayekale","kind":"school","ownership":"Public","level":"Formal","kind_detail":"Secondary","lga":"Ibadan North East","ward":"Agugu"},"geometry":{"type":"Point","coordinates":[3.92345,7.38133]}},{"type":"Feature","properties":{"name":"Ibadan Christ Apostolic Grammer School Mapo","kind":"school","ownership":"Public","level":"Formal","kind_detail":"Secondary","lga":"Ibadan North East","ward":"Odeaje"},"geometry":{"type":"Point","coordinates":[3.92275,7.35079]}},{"type":"Feature","properties":{"name":"Ikolaba Grammer School Agodi","kind":"school","ownership":"Public","level":"Formal","kind_detail":"Secondary","lga":"Ibadan North","ward":"Agodi"},"geometry":{"type":"Point","coordinates":[3.9214,7.40114]}},{"type":"Feature","properties":{"name":"Best Brain School Akeke","kind":"school","ownership":"Public","level":"Formal","kind_detail":"Secondary","lga":"Ibadan North East","ward":"Basorun"},"geometry":{"type":"Point","coordinates":[3.92875,7.40707]}},{"type":"Feature","properties":{"name":"Honey Field School Alalubosa G R A","kind":"school","ownership":"Public","level":"Formal","kind_detail":"Secondary","lga":"Ibadan South West","ward":"Alesinloye"},"geometry":{"type":"Point","coordinates":[3.86525,7.38486]}},{"type":"Feature","properties":{"name":"Sunshine International School Oluyole Estate","kind":"school","ownership":"Public","level":"Formal","kind_detail":"Secondary","lga":"Ibadan South West","ward":"Oke Ado / Liberty"},"geometry":{"type":"Point","coordinates":[3.88723,7.36501]}},{"type":"Feature","properties":{"name":"Olojuoro Grammar School Olojuoro","kind":"school","ownership":"Public","level":"Formal","kind_detail":"Secondary","lga":"Ibadan North East","ward":"Odeaje"},"geometry":{"type":"Point","coordinates":[3.92189,7.35204]}},{"type":"Feature","properties":{"name":"Immaculate Model College","kind":"school","ownership":"Private","level":"Formal","kind_detail":"Secondary","lga":"Ibadan South West","ward":"Ring Road / Challenge / Oluyole"},"geometry":{"type":"Point","coordinates":[3.86556,7.34348]}},{"type":"Feature","properties":{"name":"Ikolaba Grammar School","kind":"school","ownership":"Public","level":"Formal","kind_detail":"Secondary","lga":"Ibadan North","ward":"Agodi"},"geometry":{"type":"Point","coordinates":[3.90934,7.39699]}},{"type":"Feature","properties":{"name":"Anglican Commercial School","kind":"school","ownership":"Public","level":"Formal","kind_detail":"Secondary","lga":"Ibadan North","ward":"Yemetu"},"geometry":{"type":"Point","coordinates":[3.90221,7.39591]}},{"type":"Feature","properties":{"name":"Abayomi International College","kind":"school","ownership":"Private","level":"Formal","kind_detail":"Secondary","lga":"Ibadan South East","ward":"Molete"},"geometry":{"type":"Point","coordinates":[3.89219,7.34038]}},{"type":"Feature","properties":{"name":"Anglican Grammar School Molete Ibadan","kind":"school","ownership":"Public","level":"Formal","kind_detail":"Secondary","lga":"Ibadan South East","ward":"Molete"},"geometry":{"type":"Point","coordinates":[3.89401,7.34662]}},{"type":"Feature","properties":{"name":"Ansaruddeen High School Liberty","kind":"school","ownership":"Public","level":"Religious","kind_detail":"Secondary","lga":"Ibadan South West","ward":"Oke Ado / Liberty"},"geometry":{"type":"Point","coordinates":[3.87019,7.36668]}},{"type":"Feature","properties":{"name":"Atanda International High School","kind":"school","ownership":"Private","level":"Formal","kind_detail":"Secondary","lga":"Ibadan South West","ward":"Ring Road / Challenge / Oluyole"},"geometry":{"type":"Point","coordinates":[3.85672,7.36636]}},{"type":"Feature","properties":{"name":"Ade Royal Group of Schools","kind":"school","ownership":"Private","level":"Formal","kind_detail":"Secondary","lga":"Ibadan North","ward":"Oke Itunu"},"geometry":{"type":"Point","coordinates":[3.8913,7.41789]}},{"type":"Feature","properties":{"name":"Akufo High School Akufo","kind":"school","ownership":"Public","level":"Formal","kind_detail":"Secondary","lga":"Ibadan North","ward":"Old Bodija"},"geometry":{"type":"Point","coordinates":[3.90599,7.41132]}},{"type":"Feature","properties":{"name":"Ansarul Deen High School Sango Eleyele","kind":"school","ownership":"Public","level":"Formal","kind_detail":"Secondary","lga":"Ibadan North","ward":"Sango"},"geometry":{"type":"Point","coordinates":[3.87869,7.41969]}},{"type":"Feature","properties":{"name":"Ayekale Community Secondary School","kind":"school","ownership":"Public","level":"Formal","kind_detail":"Secondary","lga":"Ibadan North East","ward":"Agugu"},"geometry":{"type":"Point","coordinates":[3.92849,7.37752]}},{"type":"Feature","properties":{"name":"Ibadan Boys High School","kind":"school","ownership":"Public","level":"Formal","kind_detail":"Secondary","lga":"Ibadan South West","ward":"Molete / Oke Ado"},"geometry":{"type":"Point","coordinates":[3.88178,7.37942]}},{"type":"Feature","properties":{"name":"Jericho High School","kind":"school","ownership":"Public","level":"Formal","kind_detail":"Secondary","lga":"Ibadan North West","ward":"Eleyele"},"geometry":{"type":"Point","coordinates":[3.86667,7.40504]}},{"type":"Feature","properties":{"name":"Qiblah Preparatory Secondary School Alesinloye Area Ibadan","kind":"school","ownership":"Private","level":"Formal","kind_detail":"Secondary","lga":"Ibadan South West","ward":"Alesinloye"},"geometry":{"type":"Point","coordinates":[3.86982,7.38642]}},{"type":"Feature","properties":{"name":"Sankore College Yemetu Aladorin Ibadan","kind":"school","ownership":"Private","level":"Formal","kind_detail":"Secondary","lga":"Ibadan North","ward":"Yemetu"},"geometry":{"type":"Point","coordinates":[3.89876,7.39558]}},{"type":"Feature","properties":{"name":"St James Cathedral College Oke Bola","kind":"school","ownership":"Private","level":"Formal","kind_detail":"Secondary","lga":"Ibadan South West","ward":"Molete / Oke Ado"},"geometry":{"type":"Point","coordinates":[3.8831,7.38241]}},{"type":"Feature","properties":{"name":"Tobi Secondary School","kind":"school","ownership":"Private","level":"Formal","kind_detail":"Secondary","lga":"Ibadan North West","ward":"Afonta"},"geometry":{"type":"Point","coordinates":[3.86774,7.4023]}},{"type":"Feature","properties":{"name":"Omobola Model College","kind":"school","ownership":"Private","level":"Formal","kind_detail":"Secondary","lga":"Ibadan North East","ward":"Odeaje"},"geometry":{"type":"Point","coordinates":[3.91912,7.34233]}},{"type":"Feature","properties":{"name":"Ibadan City Academy","kind":"school","ownership":"Public","level":"Formal","kind_detail":"Secondary","lga":"Ibadan South East","ward":"Odinjo"},"geometry":{"type":"Point","coordinates":[3.91311,7.35403]}},{"type":"Feature","properties":{"name":"Ifelodun Community Grammar School","kind":"school","ownership":"Public","level":"Formal","kind_detail":"Secondary","lga":"Ibadan North East","ward":"Odeaje"},"geometry":{"type":"Point","coordinates":[3.92849,7.35256]}},{"type":"Feature","properties":{"name":"Moslem Secondary School","kind":"school","ownership":"Public","level":"Formal","kind_detail":"Secondary","lga":"Ibadan North East","ward":"Odeaje"},"geometry":{"type":"Point","coordinates":[3.92231,7.35424]}},{"type":"Feature","properties":{"name":"Opeyemi Group of Schools","kind":"school","ownership":"Private","level":"Formal","kind_detail":"Secondary","lga":"Ibadan North East","ward":"Aperin"},"geometry":{"type":"Point","coordinates":[3.93192,7.37224]}},{"type":"Feature","properties":{"name":"Zumratul Hujaj Community Grammar School","kind":"school","ownership":"Public","level":"Formal","kind_detail":"Secondary","lga":"Ibadan North East","ward":"Atipe"},"geometry":{"type":"Point","coordinates":[3.92577,7.35957]}},{"type":"Feature","properties":{"name":"Baptist Secondary School","kind":"school","ownership":"Public","level":"Formal","kind_detail":"Secondary","lga":"Ibadan South West","ward":"Oke Ado / Liberty"},"geometry":{"type":"Point","coordinates":[3.87837,7.36917]}},{"type":"Feature","properties":{"name":"Basorun Ogunmola High School","kind":"school","ownership":"Public","level":"Formal","kind_detail":"Secondary","lga":"Ibadan South West","ward":"Ring Road / Challenge / Oluyole"},"geometry":{"type":"Point","coordinates":[3.867,7.35966]}},{"type":"Feature","properties":{"name":"Benevolent College","kind":"school","ownership":"Private","level":"Formal","kind_detail":"Secondary","lga":"Ibadan South East","ward":"Molete"},"geometry":{"type":"Point","coordinates":[3.8937,7.34489]}},{"type":"Feature","properties":{"name":"Celestial High School","kind":"school","ownership":"Public","level":"Formal","kind_detail":"Secondary","lga":"Ibadan South West","ward":"Alesinloye"},"geometry":{"type":"Point","coordinates":[3.87209,7.37348]}},{"type":"Feature","properties":{"name":"Community Grammar School Elewura","kind":"school","ownership":"Public","level":"Formal","kind_detail":"Secondary","lga":"Ibadan South West","ward":"Ring Road / Challenge / Oluyole"},"geometry":{"type":"Point","coordinates":[3.8741,7.3475]}},{"type":"Feature","properties":{"name":"Concord School Mobile Ibadan","kind":"school","ownership":"Private","level":"Formal","kind_detail":"Secondary","lga":"Ibadan South West","ward":"Ring Road / Challenge / Oluyole"},"geometry":{"type":"Point","coordinates":[3.86126,7.36594]}},{"type":"Feature","properties":{"name":"Debby International School","kind":"school","ownership":"Private","level":"Formal","kind_detail":"Secondary","lga":"Ibadan South East","ward":"Challenge"},"geometry":{"type":"Point","coordinates":[3.88901,7.35711]}},{"type":"Feature","properties":{"name":"Emeral Laurel Comprehensive College","kind":"school","ownership":"Private","level":"Formal","kind_detail":"Secondary","lga":"Ibadan South East","ward":"Challenge"},"geometry":{"type":"Point","coordinates":[3.88159,7.33889]}},{"type":"Feature","properties":{"name":"George and Duke International College","kind":"school","ownership":"Private","level":"Formal","kind_detail":"Secondary","lga":"Ibadan South East","ward":"Challenge"},"geometry":{"type":"Point","coordinates":[3.88614,7.34577]}},{"type":"Feature","properties":{"name":"Godswill International School","kind":"school","ownership":"Private","level":"Formal","kind_detail":"Secondary","lga":"Ibadan South East","ward":"Molete"},"geometry":{"type":"Point","coordinates":[3.89912,7.3492]}},{"type":"Feature","properties":{"name":"Ibadan Grammar School","kind":"school","ownership":"Public","level":"Formal","kind_detail":"Secondary","lga":"Ibadan South East","ward":"Molete"},"geometry":{"type":"Point","coordinates":[3.89397,7.3497]}},{"type":"Feature","properties":{"name":"Odo Ona Girls Secondary School","kind":"school","ownership":"Public","level":"Formal","kind_detail":"Secondary","lga":"Ibadan South West","ward":"Apata / Odo Ona"},"geometry":{"type":"Point","coordinates":[3.85088,7.37095]}},{"type":"Feature","properties":{"name":"Oke Ado High School","kind":"school","ownership":"Public","level":"Formal","kind_detail":"Secondary","lga":"Ibadan South West","ward":"Alesinloye"},"geometry":{"type":"Point","coordinates":[3.86889,7.37114]}},{"type":"Feature","properties":{"name":"Olubi Memorial Grammar School","kind":"school","ownership":"Public","level":"Formal","kind_detail":"Secondary","lga":"Ibadan South East","ward":"Molete"},"geometry":{"type":"Point","coordinates":[3.89228,7.35377]}},{"type":"Feature","properties":{"name":"Peoples Girls Grammar School","kind":"school","ownership":"Public","level":"Formal","kind_detail":"Secondary","lga":"Ibadan South West","ward":"Popoyemoja"},"geometry":{"type":"Point","coordinates":[3.88732,7.35954]}},{"type":"Feature","properties":{"name":"Royal Pathfinder College","kind":"school","ownership":"Private","level":"Formal","kind_detail":"Secondary","lga":"Ibadan South East","ward":"Owode"},"geometry":{"type":"Point","coordinates":[3.90408,7.3592]}},{"type":"Feature","properties":{"name":"Rubbies International College","kind":"school","ownership":"Private","level":"Formal","kind_detail":"Secondary","lga":"Ibadan South East","ward":"Challenge"},"geometry":{"type":"Point","coordinates":[3.89048,7.33915]}},{"type":"Feature","properties":{"name":"Scores College","kind":"school","ownership":"Private","level":"Formal","kind_detail":"Secondary","lga":"Ibadan South East","ward":"Challenge"},"geometry":{"type":"Point","coordinates":[3.88598,7.3507]}},{"type":"Feature","properties":{"name":"St Davids High School","kind":"school","ownership":"Public","level":"Formal","kind_detail":"Secondary","lga":"Ibadan South East","ward":"Molete"},"geometry":{"type":"Point","coordinates":[3.89253,7.3482]}},{"type":"Feature","properties":{"name":"St Lukes College Molete","kind":"school","ownership":"Public","level":"Formal","kind_detail":"Secondary","lga":"Ibadan South East","ward":"Molete"},"geometry":{"type":"Point","coordinates":[3.89459,7.35546]}},{"type":"Feature","properties":{"name":"Teresas College","kind":"school","ownership":"Public","level":"Formal","kind_detail":"Secondary","lga":"Ibadan South West","ward":"Oke Ado / Liberty"},"geometry":{"type":"Point","coordinates":[3.87914,7.36811]}},{"type":"Feature","properties":{"name":"Urban Day Grammar School","kind":"school","ownership":"Public","level":"Formal","kind_detail":"Secondary","lga":"Ibadan South West","ward":"Ring Road / Challenge / Oluyole"},"geometry":{"type":"Point","coordinates":[3.85896,7.35507]}},{"type":"Feature","properties":{"name":"Cenfex High School","kind":"school","ownership":"Private","level":"Formal","kind_detail":"Secondary","lga":"Ibadan North","ward":"Oke Itunu"},"geometry":{"type":"Point","coordinates":[3.88846,7.41151]}},{"type":"Feature","properties":{"name":"Community Grammar School Iwo Road","kind":"school","ownership":"Public","level":"Formal","kind_detail":"Secondary","lga":"Ibadan North East","ward":"Basorun"},"geometry":{"type":"Point","coordinates":[3.93456,7.40692]}},{"type":"Feature","properties":{"name":"Graceville College","kind":"school","ownership":"Private","level":"Formal","kind_detail":"Secondary","lga":"Ibadan North","ward":"Bashorun"},"geometry":{"type":"Point","coordinates":[3.91653,7.41889]}},{"type":"Feature","properties":{"name":"Ijokodo High School","kind":"school","ownership":"Public","level":"Formal","kind_detail":"Secondary","lga":"Ibadan North","ward":"Sango"},"geometry":{"type":"Point","coordinates":[3.88557,7.42459]}},{"type":"Feature","properties":{"name":"Lagelu Grammar School","kind":"school","ownership":"Public","level":"Formal","kind_detail":"Secondary","lga":"Ibadan North East","ward":"Agugu"},"geometry":{"type":"Point","coordinates":[3.92648,7.38115]}},{"type":"Feature","properties":{"name":"Loyola Senior High School","kind":"school","ownership":"Public","level":"Formal","kind_detail":"Secondary","lga":"Ibadan North East","ward":"Oke Adu"},"geometry":{"type":"Point","coordinates":[3.92606,7.39108]}},{"type":"Feature","properties":{"name":"Methodist Grammar School","kind":"school","ownership":"Public","level":"Formal","kind_detail":"Secondary","lga":"Ibadan North","ward":"Agodi"},"geometry":{"type":"Point","coordinates":[3.91648,7.39565]}},{"type":"Feature","properties":{"name":"Oba Akinbiyi High School","kind":"school","ownership":"Public","level":"Formal","kind_detail":"Secondary","lga":"Ibadan North","ward":"Ago Tapa"},"geometry":{"type":"Point","coordinates":[3.89484,7.40529]}},{"type":"Feature","properties":{"name":"Okebadan High School","kind":"school","ownership":"Public","level":"Formal","kind_detail":"Secondary","lga":"Ibadan North East","ward":"Agugu"},"geometry":{"type":"Point","coordinates":[3.92545,7.3874]}},{"type":"Feature","properties":{"name":"Olubadan Grammar School","kind":"school","ownership":"Public","level":"Formal","kind_detail":"Secondary","lga":"Ibadan North East","ward":"Aperin"},"geometry":{"type":"Point","coordinates":[3.9192,7.37186]}},{"type":"Feature","properties":{"name":"Queen of Apostles Secondary Commercial Grammer School","kind":"school","ownership":"Public","level":"Formal","kind_detail":"Secondary","lga":"Ibadan North East","ward":"Agugu"},"geometry":{"type":"Point","coordinates":[3.9212,7.38631]}},{"type":"Feature","properties":{"name":"Renanscent High School","kind":"school","ownership":"Public","level":"Formal","kind_detail":"Secondary","lga":"Ibadan North East","ward":"Agugu"},"geometry":{"type":"Point","coordinates":[3.92093,7.37882]}},{"type":"Feature","properties":{"name":"Soaring Heights Academy","kind":"school","ownership":"Private","level":"Formal","kind_detail":"Secondary","lga":"Ibadan North","ward":"Bashorun"},"geometry":{"type":"Point","coordinates":[3.91951,7.41932]}},{"type":"Feature","properties":{"name":"St Louis Grammer School","kind":"school","ownership":"Public","level":"Formal","kind_detail":"Secondary","lga":"Ibadan North","ward":"Oke Itunu"},"geometry":{"type":"Point","coordinates":[3.88917,7.41397]}},{"type":"Feature","properties":{"name":"United Secondary School Agugu","kind":"school","ownership":"Public","level":"Formal","kind_detail":"Secondary","lga":"Ibadan North East","ward":"Agugu"},"geometry":{"type":"Point","coordinates":[3.92347,7.37875]}},{"type":"Feature","properties":{"name":"Bashorun High School","kind":"school","ownership":"Public","level":"Formal","kind_detail":"Secondary","lga":"Ibadan North East","ward":"Basorun"},"geometry":{"type":"Point","coordinates":[3.93405,7.413]}},{"type":"Feature","properties":{"name":"Islamic High School","kind":"school","ownership":"Public","level":"Formal","kind_detail":"Secondary","lga":"Ibadan North","ward":"Bashorun"},"geometry":{"type":"Point","coordinates":[3.93391,7.42052]}},{"type":"Feature","properties":{"name":"Army Children School","kind":"school","ownership":"Public","level":"Formal","kind_detail":"Primary","lga":"Ibadan North East","ward":"Basorun"},"geometry":{"type":"Point","coordinates":[3.93564,7.40592]}},{"type":"Feature","properties":{"name":"Qiblah Preparatory School","kind":"school","ownership":"Private","level":"Formal","kind_detail":"Primary","lga":"Ibadan South West","ward":"Alesinloye"},"geometry":{"type":"Point","coordinates":[3.8693,7.38652]}},{"type":"Feature","properties":{"name":"Abiola Jacobs School Foko Area","kind":"school","ownership":"Public","level":"Formal","kind_detail":"Primary","lga":"Ibadan South West","ward":"Foko / Ologede"},"geometry":{"type":"Point","coordinates":[3.88324,7.37551]}},{"type":"Feature","properties":{"name":"Army Children School Mokola Ibadan","kind":"school","ownership":"Public","level":"Formal","kind_detail":"Primary","lga":"Ibadan North West","ward":"Eleyele"},"geometry":{"type":"Point","coordinates":[3.87891,7.40969]}},{"type":"Feature","properties":{"name":"Ayaba Alaafia Catholic Basic School","kind":"school","ownership":"Public","level":"Formal","kind_detail":"Primary","lga":"Ibadan South West","ward":"Alesinloye"},"geometry":{"type":"Point","coordinates":[3.87716,7.38517]}},{"type":"Feature","properties":{"name":"Ansaruddeen Basic School Oke Ado Ibadan","kind":"school","ownership":"Public","level":"Formal","kind_detail":"Primary","lga":"Ibadan South West","ward":"Oke Ado / Liberty"},"geometry":{"type":"Point","coordinates":[3.87016,7.36735]}},{"type":"Feature","properties":{"name":"Baoku Memorial Basic School Foko","kind":"school","ownership":"Public","level":"Formal","kind_detail":"Primary","lga":"Ibadan South West","ward":"Oke Ado / Liberty"},"geometry":{"type":"Point","coordinates":[3.88523,7.37065]}},{"type":"Feature","properties":{"name":"Baptist Basic School","kind":"school","ownership":"Public","level":"Formal","kind_detail":"Primary","lga":"Ibadan South West","ward":"Oke Ado / Liberty"},"geometry":{"type":"Point","coordinates":[3.87756,7.37105]}},{"type":"Feature","properties":{"name":"Baptist Basic School Okeado Ibadan","kind":"school","ownership":"Public","level":"Formal","kind_detail":"Primary","lga":"Ibadan South West","ward":"Ring Road / Challenge / Oluyole"},"geometry":{"type":"Point","coordinates":[3.85303,7.36792]}},{"type":"Feature","properties":{"name":"Progressive Day School Foko Area","kind":"school","ownership":"Public","level":"Formal","kind_detail":"Primary","lga":"Ibadan South West","ward":"Isale Osi / Oja'ba"},"geometry":{"type":"Point","coordinates":[3.88882,7.37227]}},{"type":"Feature","properties":{"name":"Saviour African Church School Ekotedo","kind":"school","ownership":"Public","level":"Formal","kind_detail":"Primary","lga":"Ibadan North West","ward":"Ekotedo"},"geometry":{"type":"Point","coordinates":[3.88716,7.39142]}},{"type":"Feature","properties":{"name":"School For The Handicapped","kind":"school","ownership":"Public","level":"Formal","kind_detail":"Primary","lga":"Ibadan South West","ward":"Molete / Oke Ado"},"geometry":{"type":"Point","coordinates":[3.8777,7.37693]}},{"type":"Feature","properties":{"name":"Seventh Day Adventist School","kind":"school","ownership":"Public","level":"Formal","kind_detail":"Primary","lga":"Ibadan South West","ward":"Alesinloye"},"geometry":{"type":"Point","coordinates":[3.87897,7.3836]}},{"type":"Feature","properties":{"name":"St Joseph School","kind":"school","ownership":"Public","level":"Formal","kind_detail":"Primary","lga":"Ibadan North West","ward":"Inalende"},"geometry":{"type":"Point","coordinates":[3.89156,7.39054]}},{"type":"Feature","properties":{"name":"Christ Church School Mapo","kind":"school","ownership":"Public","level":"Formal","kind_detail":"Primary","lga":"Ibadan South East","ward":"Odinjo"},"geometry":{"type":"Point","coordinates":[3.91576,7.35771]}},{"type":"Feature","properties":{"name":"Bishop Akinyele Basic School Oke Ado Ibadan","kind":"school","ownership":"Public","level":"Formal","kind_detail":"Primary","lga":"Ibadan South West","ward":"Alesinloye"},"geometry":{"type":"Point","coordinates":[3.87204,7.37267]}},{"type":"Feature","properties":{"name":"Ibadan Municipal Government School","kind":"school","ownership":"Public","level":"Formal","kind_detail":"Primary","lga":"Ibadan South West","ward":"Popoyemoja"},"geometry":{"type":"Point","coordinates":[3.88884,7.36155]}},{"type":"Feature","properties":{"name":"Ibadan Municipal Government School Molete Ibadan","kind":"school","ownership":"Public","level":"Formal","kind_detail":"Primary","lga":"Ibadan South West","ward":"Ring Road / Challenge / Oluyole"},"geometry":{"type":"Point","coordinates":[3.88563,7.35742]}},{"type":"Feature","properties":{"name":"Peoples Day School","kind":"school","ownership":"Public","level":"Formal","kind_detail":"Primary","lga":"Ibadan South West","ward":"Ring Road / Challenge / Oluyole"},"geometry":{"type":"Point","coordinates":[3.86627,7.3571]}},{"type":"Feature","properties":{"name":"SDA School","kind":"school","ownership":"Public","level":"Formal","kind_detail":"Primary","lga":"Ibadan South West","ward":"Foko / Ologede"},"geometry":{"type":"Point","coordinates":[3.88465,7.3722]}},{"type":"Feature","properties":{"name":"St Anthony Catholic School Molete","kind":"school","ownership":"Public","level":"Formal","kind_detail":"Primary","lga":"Ibadan South West","ward":"Popoyemoja"},"geometry":{"type":"Point","coordinates":[3.88799,7.36138]}},{"type":"Feature","properties":{"name":"Ibadan School For The Deaf","kind":"school","ownership":"Public","level":"Formal","kind_detail":"Primary","lga":"Ibadan North","ward":"Sango"},"geometry":{"type":"Point","coordinates":[3.88448,7.42653]}},{"type":"Feature","properties":{"name":"Salvation Army School Kube","kind":"school","ownership":"Public","level":"Formal","kind_detail":"Primary","lga":"Ibadan North","ward":"Agodi"},"geometry":{"type":"Point","coordinates":[3.91253,7.3961]}},{"type":"Feature","properties":{"name":"Home School For Handicapped Children","kind":"school","ownership":"Public","level":"Formal","kind_detail":"Primary","lga":"Ibadan North","ward":"Sango"},"geometry":{"type":"Point","coordinates":[3.88001,7.42687]}},{"type":"Feature","properties":{"name":"Al Hikman Group of Schools","kind":"school","ownership":"Private","level":"Formal","kind_detail":"Primary","lga":"Ibadan North East","ward":"Aperin"},"geometry":{"type":"Point","coordinates":[3.92803,7.36657]}},{"type":"Feature","properties":{"name":"Tobi International School","kind":"school","ownership":"Private","level":"Formal","kind_detail":"Primary","lga":"Ibadan North West","ward":"Afonta"},"geometry":{"type":"Point","coordinates":[3.86764,7.40208]}},{"type":"Feature","properties":{"name":"Fountain International Private School","kind":"school","ownership":"Private","level":"Formal","kind_detail":"Primary","lga":"Ibadan South East","ward":"Molete"},"geometry":{"type":"Point","coordinates":[3.90178,7.34132]}},{"type":"Feature","properties":{"name":"Elite Group of School Idi Oro Oremeji","kind":"school","ownership":"Private","level":"Formal","kind_detail":"Primary","lga":"Ibadan North East","ward":"Agugu"},"geometry":{"type":"Point","coordinates":[3.93487,7.37713]}},{"type":"Feature","properties":{"name":"Hady Kiddies International","kind":"school","ownership":"Private","level":"Formal","kind_detail":"Primary","lga":"Ibadan North East","ward":"Aperin"},"geometry":{"type":"Point","coordinates":[3.93791,7.36359]}},{"type":"Feature","properties":{"name":"Caleepha International School","kind":"school","ownership":"Private","level":"Formal","kind_detail":"Primary","lga":"Ibadan South East","ward":"Molete"},"geometry":{"type":"Point","coordinates":[3.9016,7.34489]}},{"type":"Feature","properties":{"name":"Kings Court","kind":"school","ownership":"Private","level":"Formal","kind_detail":"Primary","lga":"Ibadan South West","ward":"Oke Ado / Liberty"},"geometry":{"type":"Point","coordinates":[3.8675,7.36632]}},{"type":"Feature","properties":{"name":"Virtue Alliance School","kind":"school","ownership":"Private","level":"Formal","kind_detail":"Primary","lga":"Ibadan South East","ward":"Molete"},"geometry":{"type":"Point","coordinates":[3.9031,7.34561]}},{"type":"Feature","properties":{"name":"Senator Abiola Ajimobi Vocational Centre","kind":"school","ownership":"Private","level":"Formal","kind_detail":"Tertiary","lga":"Ibadan South West","ward":"Oke Ado / Liberty"},"geometry":{"type":"Point","coordinates":[3.88235,7.3711]}},{"type":"Feature","properties":{"name":"Alba Home School For Autism Speech Disorder Special School","kind":"school","ownership":"Private","level":"Formal","kind_detail":"Primary","lga":"Ibadan North West","ward":"Afonta"},"geometry":{"type":"Point","coordinates":[3.86479,7.39333]}},{"type":"Feature","properties":{"name":"Praise School Ibadan","kind":"school","ownership":"Private","level":"Formal","kind_detail":"Primary","lga":"Ibadan South West","ward":"Molete / Oke Ado"},"geometry":{"type":"Point","coordinates":[3.88208,7.38129]}},{"type":"Feature","properties":{"name":"Folatayo Private Unique School","kind":"school","ownership":"Private","level":"Formal","kind_detail":"Primary","lga":"Ibadan South West","ward":"Oke Ado / Liberty"},"geometry":{"type":"Point","coordinates":[3.8797,7.36424]}},{"type":"Feature","properties":{"name":"Abike Model International School","kind":"school","ownership":"Private","level":"Formal","kind_detail":"Primary","lga":"Ibadan North East","ward":"Odeaje"},"geometry":{"type":"Point","coordinates":[3.93071,7.34612]}},{"type":"Feature","properties":{"name":"Bisog College Oranyan","kind":"school","ownership":"Public","level":"Formal","kind_detail":"Secondary","lga":"Ibadan North East","ward":"Oranyan"},"geometry":{"type":"Point","coordinates":[3.90231,7.37432]}},{"type":"Feature","properties":{"name":"Brvy High School College Cresicent","kind":"school","ownership":"Public","level":"Formal","kind_detail":"Secondary","lga":"Ibadan South West","ward":"Popoyemoja"},"geometry":{"type":"Point","coordinates":[3.88157,7.36119]}},{"type":"Feature","properties":{"name":"Junior Academy Isale Asaka","kind":"school","ownership":"Public","level":"Formal","kind_detail":"Secondary","lga":"Ibadan South West","ward":"Oke Ado / Liberty"},"geometry":{"type":"Point","coordinates":[3.88759,7.37198]}},{"type":"Feature","properties":{"name":"Mary Hill Covenant School Idi Ape","kind":"school","ownership":"Public","level":"Formal","kind_detail":"Secondary","lga":"Ibadan North","ward":"Bashorun"},"geometry":{"type":"Point","coordinates":[3.92523,7.4035]}},{"type":"Feature","properties":{"name":"Moslem Model College Okebola Ibadan","kind":"school","ownership":"Private","level":"Formal","kind_detail":"Secondary","lga":"Ibadan South West","ward":"Molete / Oke Ado"},"geometry":{"type":"Point","coordinates":[3.87479,7.3742]}},{"type":"Feature","properties":{"name":"Army Barack Grammar School Letmauck","kind":"school","ownership":"Public","level":"Formal","kind_detail":"Secondary","lga":"Ibadan North West","ward":"Eleyele"},"geometry":{"type":"Point","coordinates":[3.87846,7.40687]}},{"type":"Feature","properties":{"name":"Ibadan Municipal Government Grammar School Sharp Corner Senior","kind":"school","ownership":"Public","level":"Formal","kind_detail":"Secondary","lga":"Ibadan South West","ward":"Molete / Oke Ado"},"geometry":{"type":"Point","coordinates":[3.87663,7.37648]}},{"type":"Feature","properties":{"name":"St Catherines College","kind":"school","ownership":"Private","level":"Formal","kind_detail":"Secondary","lga":"Ibadan North West","ward":"Afonta"},"geometry":{"type":"Point","coordinates":[3.86988,7.38708]}},{"type":"Feature","properties":{"name":"Bolade Model College","kind":"school","ownership":"Private","level":"Formal","kind_detail":"Secondary","lga":"Ibadan South East","ward":"Odinjo"},"geometry":{"type":"Point","coordinates":[3.9135,7.35095]}},{"type":"Feature","properties":{"name":"Eleta High School","kind":"school","ownership":"Public","level":"Formal","kind_detail":"Secondary","lga":"Ibadan South East","ward":"Odinjo"},"geometry":{"type":"Point","coordinates":[3.91307,7.35227]}},{"type":"Feature","properties":{"name":"Glory Group of Schools","kind":"school","ownership":"Private","level":"Formal","kind_detail":"Secondary","lga":"Ibadan North East","ward":"Aperin"},"geometry":{"type":"Point","coordinates":[3.92825,7.36345]}},{"type":"Feature","properties":{"name":"Omolola Wisdom College","kind":"school","ownership":"Private","level":"Formal","kind_detail":"Secondary","lga":"Ibadan South East","ward":"Odinjo"},"geometry":{"type":"Point","coordinates":[3.91769,7.34986]}},{"type":"Feature","properties":{"name":"Oluyole Extension High School","kind":"school","ownership":"Public","level":"Formal","kind_detail":"Secondary","lga":"Ibadan South West","ward":"Apata / Odo Ona"},"geometry":{"type":"Point","coordinates":[3.84725,7.3653]}},{"type":"Feature","properties":{"name":"St Annes Secondary School Molete","kind":"school","ownership":"Public","level":"Formal","kind_detail":"Secondary","lga":"Ibadan South East","ward":"Challenge"},"geometry":{"type":"Point","coordinates":[3.88537,7.35398]}},{"type":"Feature","properties":{"name":"Educare Comprehensive College","kind":"school","ownership":"Private","level":"Formal","kind_detail":"Secondary","lga":"Ibadan North East","ward":"Oke Adu"},"geometry":{"type":"Point","coordinates":[3.92694,7.38863]}},{"type":"Feature","properties":{"name":"Oba Akinyele Memorial High School","kind":"school","ownership":"Public","level":"Formal","kind_detail":"Secondary","lga":"Ibadan North","ward":"Bashorun"},"geometry":{"type":"Point","coordinates":[3.92757,7.40812]}},{"type":"Feature","properties":{"name":"Reliance International High School","kind":"school","ownership":"Private","level":"Formal","kind_detail":"Secondary","lga":"Ibadan North West","ward":"Eleyele"},"geometry":{"type":"Point","coordinates":[3.87684,7.41973]}},{"type":"Feature","properties":{"name":"The Sterling School","kind":"school","ownership":"Private","level":"Formal","kind_detail":"Secondary","lga":"Ibadan North","ward":"Yemetu"},"geometry":{"type":"Point","coordinates":[3.8976,7.40098]}},{"type":"Feature","properties":{"name":"Basorun Ojoo High School","kind":"school","ownership":"Public","level":"Formal","kind_detail":"Secondary","lga":"Ibadan North","ward":"Bashorun"},"geometry":{"type":"Point","coordinates":[3.93425,7.42329]}},{"type":"Feature","properties":{"name":"Aladura Mission Basic School","kind":"school","ownership":"Public","level":"Formal","kind_detail":"Primary","lga":"Ibadan South West","ward":"Molete / Oke Ado"},"geometry":{"type":"Point","coordinates":[3.8775,7.38242]}},{"type":"Feature","properties":{"name":"Atolu Community Model School","kind":"school","ownership":"Public","level":"Formal","kind_detail":"Primary","lga":"Ibadan North East","ward":"Agugu"},"geometry":{"type":"Point","coordinates":[3.93669,7.37866]}},{"type":"Feature","properties":{"name":"Christ Gospel Basic School Foko","kind":"school","ownership":"Public","level":"Formal","kind_detail":"Primary","lga":"Ibadan South West","ward":"Foko / Ologede"},"geometry":{"type":"Point","coordinates":[3.88863,7.37334]}},{"type":"Feature","properties":{"name":"Ibadan Municipal Government Basic School Kings Barracks Oke Bola Ibadan","kind":"school","ownership":"Public","level":"Formal","kind_detail":"Primary","lga":"Ibadan South West","ward":"Molete / Oke Ado"},"geometry":{"type":"Point","coordinates":[3.87725,7.38173]}},{"type":"Feature","properties":{"name":"St James Basic School","kind":"school","ownership":"Public","level":"Formal","kind_detail":"Primary","lga":"Ibadan South West","ward":"Oke Ado / Liberty"},"geometry":{"type":"Point","coordinates":[3.87746,7.37381]}},{"type":"Feature","properties":{"name":"UAMC School Eleja Odo Ona Ibadan","kind":"school","ownership":"Public","level":"Formal","kind_detail":"Primary","lga":"Ibadan South West","ward":"Apata / Odo Ona"},"geometry":{"type":"Point","coordinates":[3.85083,7.38016]}},{"type":"Feature","properties":{"name":"UMCA Demonstration School Molete","kind":"school","ownership":"Public","level":"Formal","kind_detail":"Primary","lga":"Ibadan South West","ward":"Popoyemoja"},"geometry":{"type":"Point","coordinates":[3.88556,7.36299]}},{"type":"Feature","properties":{"name":"Cherubim and Seraphim New Eden School","kind":"school","ownership":"Public","level":"Formal","kind_detail":"Primary","lga":"Ibadan North","ward":"Ago Tapa"},"geometry":{"type":"Point","coordinates":[3.89249,7.4105]}},{"type":"Feature","properties":{"name":"Iqra Model School","kind":"school","ownership":"Private","level":"Integrated","kind_detail":"Primary","lga":"Ibadan North","ward":"Sango"},"geometry":{"type":"Point","coordinates":[3.89416,7.42586]}},{"type":"Feature","properties":{"name":"Sacred Heart Private School Onireke","kind":"school","ownership":"Private","level":"Formal","kind_detail":"Primary","lga":"Ibadan North West","ward":"Afonta"},"geometry":{"type":"Point","coordinates":[3.87798,7.39331]}},{"type":"Feature","properties":{"name":"Victory Model School","kind":"school","ownership":"Private","level":"Formal","kind_detail":"Primary","lga":"Ibadan North East","ward":"Aperin"},"geometry":{"type":"Point","coordinates":[3.93538,7.36222]}},{"type":"Feature","properties":{"name":"Balqis Memorial Islamic Nusery and Primary Eleyele Ibadan","kind":"school","ownership":"Private","level":"Formal","kind_detail":"Primary","lga":"Ibadan North West","ward":"Eleyele"},"geometry":{"type":"Point","coordinates":[3.86824,7.41712]}},{"type":"Feature","properties":{"name":"Eleyeye Police Childrens School Eleyele","kind":"school","ownership":"Public","level":"Formal","kind_detail":"Secondary","lga":"Ibadan North West","ward":"Eleyele"},"geometry":{"type":"Point","coordinates":[3.86116,7.40826]}},{"type":"Feature","properties":{"name":"Gods Way Private School Bolumole","kind":"school","ownership":"Private","level":"Formal","kind_detail":"Secondary","lga":"Ibadan South West","ward":"Ring Road / Challenge / Oluyole"},"geometry":{"type":"Point","coordinates":[3.87253,7.35176]}},{"type":"Feature","properties":{"name":"Immanuel College Of Theologies Samanda","kind":"school","ownership":"Public","level":"Formal","kind_detail":"Secondary","lga":"Ibadan North","ward":"Samonda"},"geometry":{"type":"Point","coordinates":[3.90704,7.43449]}},{"type":"Feature","properties":{"name":"Al Hikimmah Arabic School Agbowo","kind":"school","ownership":"Public","level":"Formal","kind_detail":"Secondary","lga":"Ibadan North","ward":"Agbowo"},"geometry":{"type":"Point","coordinates":[3.91632,7.44821]}},{"type":"Feature","properties":{"name":"Apel College","kind":"school","ownership":"Private","level":"Formal","kind_detail":"Secondary","lga":"Ibadan South East","ward":"Adesola"},"geometry":{"type":"Point","coordinates":[3.91976,7.36299]}},{"type":"Feature","properties":{"name":"Aperin Oniyere Commercial Grammar School","kind":"school","ownership":"Public","level":"Formal","kind_detail":"Secondary","lga":"Ibadan South East","ward":"Adesola"},"geometry":{"type":"Point","coordinates":[3.92131,7.36479]}},{"type":"Feature","properties":{"name":"Abadina College","kind":"school","ownership":"Public","level":"Formal","kind_detail":"Secondary","lga":"Ibadan North","ward":"Samonda"},"geometry":{"type":"Point","coordinates":[3.90107,7.45532]}},{"type":"Feature","properties":{"name":"An Noor Model Islamic School","kind":"school","ownership":"Private","level":"Formal","kind_detail":"Secondary","lga":"Ibadan North","ward":"Agbowo"},"geometry":{"type":"Point","coordinates":[3.91545,7.44452]}},{"type":"Feature","properties":{"name":"Bishop Akinyele Grammar School","kind":"school","ownership":"Private","level":"Formal","kind_detail":"Secondary","lga":"Ibadan North West","ward":"Asukuna"},"geometry":{"type":"Point","coordinates":[3.89735,7.38378]}},{"type":"Feature","properties":{"name":"St Theresas Minor Seminary Oke Are","kind":"school","ownership":"Private","level":"Integrated","kind_detail":"Secondary","lga":"Ibadan North","ward":"Nalende"},"geometry":{"type":"Point","coordinates":[3.89674,7.3866]}},{"type":"Feature","properties":{"name":"CAC Grammar School","kind":"school","ownership":"Public","level":"Formal","kind_detail":"Secondary","lga":"Ibadan South East","ward":"Adesola"},"geometry":{"type":"Point","coordinates":[3.9222,7.35846]}},{"type":"Feature","properties":{"name":"Government Secondary School Orita Aperin Ibadan","kind":"school","ownership":"Public","level":"Formal","kind_detail":"Secondary","lga":"Ibadan South East","ward":"Adesola"},"geometry":{"type":"Point","coordinates":[3.91902,7.36505]}},{"type":"Feature","properties":{"name":"Patimo College","kind":"school","ownership":"Private","level":"Formal","kind_detail":"Secondary","lga":"Ibadan South East","ward":"Adesola"},"geometry":{"type":"Point","coordinates":[3.92259,7.36392]}},{"type":"Feature","properties":{"name":"Sheikh Ibrahim College","kind":"school","ownership":"Private","level":"Formal","kind_detail":"Secondary","lga":"Ibadan South East","ward":"Adesola"},"geometry":{"type":"Point","coordinates":[3.91535,7.36327]}},{"type":"Feature","properties":{"name":"Francis College","kind":"school","ownership":"Private","level":"Formal","kind_detail":"Secondary","lga":"Ibadan North","ward":"Agbowo"},"geometry":{"type":"Point","coordinates":[3.92059,7.44267]}},{"type":"Feature","properties":{"name":"Humani Alaga High School","kind":"school","ownership":"Public","level":"Formal","kind_detail":"Secondary","lga":"Ibadan North","ward":"Samonda"},"geometry":{"type":"Point","coordinates":[3.90028,7.43105]}},{"type":"Feature","properties":{"name":"CAC Special School For The Handicapped","kind":"school","ownership":"Public","level":"Formal","kind_detail":"Primary","lga":"Ibadan North","ward":"Nalende"},"geometry":{"type":"Point","coordinates":[3.89364,7.38951]}},{"type":"Feature","properties":{"name":"Salvation Army School Inalende","kind":"school","ownership":"Public","level":"Integrated","kind_detail":"Primary","lga":"Ibadan North","ward":"Nalende"},"geometry":{"type":"Point","coordinates":[3.89462,7.39679]}},{"type":"Feature","properties":{"name":"CAC School Eleta Ibadan","kind":"school","ownership":"Public","level":"Formal","kind_detail":"Primary","lga":"Ibadan South East","ward":"Adesola"},"geometry":{"type":"Point","coordinates":[3.92193,7.35975]}},{"type":"Feature","properties":{"name":"Christ Church School","kind":"school","ownership":"Public","level":"Formal","kind_detail":"Primary","lga":"Ibadan South East","ward":"Adesola"},"geometry":{"type":"Point","coordinates":[3.91729,7.36568]}},{"type":"Feature","properties":{"name":"Methodist School","kind":"school","ownership":"Public","level":"Formal","kind_detail":"Primary","lga":"Ibadan North","ward":"Agbowo"},"geometry":{"type":"Point","coordinates":[3.91108,7.4357]}},{"type":"Feature","properties":{"name":"United Brothers School","kind":"school","ownership":"Private","level":"Formal","kind_detail":"Primary","lga":"Ibadan North","ward":"Nalende"},"geometry":{"type":"Point","coordinates":[3.89479,7.39834]}},{"type":"Feature","properties":{"name":"Home of Knowledge Kiddies College","kind":"school","ownership":"Private","level":"Formal","kind_detail":"Primary","lga":"Ibadan North West","ward":"Bere"},"geometry":{"type":"Point","coordinates":[3.89518,7.37956]}},{"type":"Feature","properties":{"name":"Christ Foundation Model School Ibadan","kind":"school","ownership":"Private","level":"Formal","kind_detail":"Primary","lga":"Ibadan South East","ward":"Adesola"},"geometry":{"type":"Point","coordinates":[3.92232,7.36124]}},{"type":"Feature","properties":{"name":"Nawar Ud Deen High School","kind":"school","ownership":"Public","level":"Formal","kind_detail":"Secondary","lga":"Ibadan North","ward":"Nalende"},"geometry":{"type":"Point","coordinates":[3.89434,7.39428]}},{"type":"Feature","properties":{"name":"St Gabriels Secondary Commercial School","kind":"school","ownership":"Public","level":"Formal","kind_detail":"Secondary","lga":"Ibadan North","ward":"Sabo"},"geometry":{"type":"Point","coordinates":[3.88779,7.40372]}},{"type":"Feature","properties":{"name":"CAC School","kind":"school","ownership":"Public","level":"Formal","kind_detail":"Primary","lga":"Ibadan North","ward":"Samonda"},"geometry":{"type":"Point","coordinates":[3.89688,7.42807]}},{"type":"Feature","properties":{"name":"St Brigids Boys School Mokola","kind":"school","ownership":"Public","level":"Formal","kind_detail":"Primary","lga":"Ibadan North","ward":"Sabo"},"geometry":{"type":"Point","coordinates":[3.88918,7.40503]}},{"type":"Feature","properties":{"name":"Raifield School Lasokun","kind":"school","ownership":"Public","level":"Formal","kind_detail":"Secondary","lga":"Ibadan North West","ward":"Olopomewa"},"geometry":{"type":"Point","coordinates":[3.82964,7.43607]}},{"type":"Feature","properties":{"name":"Blessed Assurance Eleyele","kind":"school","ownership":"Public","level":"Formal","kind_detail":"Others","lga":"Ibadan North West","ward":"Olopomewa"},"geometry":{"type":"Point","coordinates":[3.86051,7.41537]}},{"type":"Feature","properties":{"name":"His Grace College Jericho Idi Ishin","kind":"school","ownership":"Public","level":"Formal","kind_detail":"Secondary","lga":"Ibadan North West","ward":"Afonta"},"geometry":{"type":"Point","coordinates":[3.85197,7.40339]}},{"type":"Feature","properties":{"name":"Christ Heritage Private School Jericho Idi Ishin","kind":"school","ownership":"Private","level":"Formal","kind_detail":"Secondary","lga":"Ibadan North West","ward":"Afonta"},"geometry":{"type":"Point","coordinates":[3.85642,7.40058]}},{"type":"Feature","properties":{"name":"Methodist Grammer School Bodija","kind":"school","ownership":"Public","level":"Formal","kind_detail":"Secondary","lga":"Ibadan North","ward":"Bashorun"},"geometry":{"type":"Point","coordinates":[3.91169,7.42927]}},{"type":"Feature","properties":{"name":"Nikkdel School Idi Ape","kind":"school","ownership":"Public","level":"Formal","kind_detail":"Secondary","lga":"Ibadan North East","ward":"Oke Adu"},"geometry":{"type":"Point","coordinates":[3.92532,7.40119]}},{"type":"Feature","properties":{"name":"Chancerry International Schools","kind":"school","ownership":"Private","level":"Formal","kind_detail":"Secondary","lga":"Ibadan North West","ward":"Olopomewa"},"geometry":{"type":"Point","coordinates":[3.84119,7.41844]}},{"type":"Feature","properties":{"name":"Community High School","kind":"school","ownership":"Public","level":"Formal","kind_detail":"Secondary","lga":"Ibadan North West","ward":"Olopomewa"},"geometry":{"type":"Point","coordinates":[3.82805,7.43549]}},{"type":"Feature","properties":{"name":"Fowebs College","kind":"school","ownership":"Private","level":"Formal","kind_detail":"Secondary","lga":"Ibadan North West","ward":"Olopomewa"},"geometry":{"type":"Point","coordinates":[3.86221,7.41447]}},{"type":"Feature","properties":{"name":"Higher Ground Mega School","kind":"school","ownership":"Private","level":"Formal","kind_detail":"Primary","lga":"Ibadan North West","ward":"Olopomewa"},"geometry":{"type":"Point","coordinates":[3.83052,7.42109]}},{"type":"Feature","properties":{"name":"Teedek Private School","kind":"school","ownership":"Private","level":"Formal","kind_detail":"Primary","lga":"Ibadan North West","ward":"Olopomewa"},"geometry":{"type":"Point","coordinates":[3.8461,7.41903]}},{"type":"Feature","properties":{"name":"Al Haq Comprehensive College","kind":"school","ownership":"Private","level":"Integrated","kind_detail":"Secondary","lga":"Ibadan North","ward":"Bashorun"},"geometry":{"type":"Point","coordinates":[3.93094,7.42365]}},{"type":"Feature","properties":{"name":"AD Din International College","kind":"school","ownership":"Private","level":"Formal","kind_detail":"Secondary","lga":"Ibadan South East","ward":"Challenge"},"geometry":{"type":"Point","coordinates":[3.87681,7.33379]}},{"type":"Feature","properties":{"name":"Moret Comprehensive School","kind":"school","ownership":"Private","level":"Formal","kind_detail":"Secondary","lga":"Ibadan North West","ward":"Inalende"},"geometry":{"type":"Point","coordinates":[3.88785,7.39705]}},{"type":"Feature","properties":{"name":"Adekile Goodwill Grammar School","kind":"school","ownership":"Public","level":"Formal","kind_detail":"Secondary","lga":"Ibadan South East","ward":"Asanike"},"geometry":{"type":"Point","coordinates":[3.9169,7.37029]}},{"type":"Feature","properties":{"name":"Anglican Commercial Grammar School","kind":"school","ownership":"Public","level":"Formal","kind_detail":"Secondary","lga":"Ibadan North","ward":"Old Bodija"},"geometry":{"type":"Point","coordinates":[3.90749,7.39918]}},{"type":"Feature","properties":{"name":"Jasabig Group of School Abebi","kind":"school","ownership":"Private","level":"Formal","kind_detail":"Secondary","lga":"Ibadan North West","ward":"Abebi"},"geometry":{"type":"Point","coordinates":[3.89235,7.38879]}},{"type":"Feature","properties":{"name":"Sacred Heart Secondary School","kind":"school","ownership":"Public","level":"Formal","kind_detail":"Secondary","lga":"Ibadan North West","ward":"Inalende"},"geometry":{"type":"Point","coordinates":[3.89048,7.39727]}},{"type":"Feature","properties":{"name":"Kings Gate College","kind":"school","ownership":"Private","level":"Formal","kind_detail":"Secondary","lga":"Ibadan North","ward":"Bashorun"},"geometry":{"type":"Point","coordinates":[3.92976,7.42151]}},{"type":"Feature","properties":{"name":"Muslim Community Model College","kind":"school","ownership":"Private","level":"Integrated","kind_detail":"Secondary","lga":"Ibadan North","ward":"Bashorun"},"geometry":{"type":"Point","coordinates":[3.92198,7.43339]}},{"type":"Feature","properties":{"name":"United Secondary School","kind":"school","ownership":"Public","level":"Formal","kind_detail":"Secondary","lga":"Ibadan North","ward":"Samonda"},"geometry":{"type":"Point","coordinates":[3.88107,7.42822]}},{"type":"Feature","properties":{"name":"Community Grammar School Oriaje","kind":"school","ownership":"Public","level":"Formal","kind_detail":"Secondary","lga":"Ibadan South East","ward":"Molete"},"geometry":{"type":"Point","coordinates":[3.89958,7.35634]}},{"type":"Feature","properties":{"name":"Eyinni High School","kind":"school","ownership":"Public","level":"Formal","kind_detail":"Secondary","lga":"Ibadan South East","ward":"Challenge"},"geometry":{"type":"Point","coordinates":[3.87469,7.33731]}},{"type":"Feature","properties":{"name":"Molete Baptist College","kind":"school","ownership":"Private","level":"Formal","kind_detail":"Secondary","lga":"Ibadan South East","ward":"Challenge"},"geometry":{"type":"Point","coordinates":[3.88142,7.35043]}},{"type":"Feature","properties":{"name":"Command Day Secondary School Mokola","kind":"school","ownership":"Public","level":"Formal","kind_detail":"Secondary","lga":"Ibadan North West","ward":"Afonta"},"geometry":{"type":"Point","coordinates":[3.88698,7.40941]}},{"type":"Feature","properties":{"name":"Royal Gem High School","kind":"school","ownership":"Private","level":"Formal","kind_detail":"Secondary","lga":"Ibadan North","ward":"Bashorun"},"geometry":{"type":"Point","coordinates":[3.93523,7.42198]}},{"type":"Feature","properties":{"name":"New Baptist School Nalender","kind":"school","ownership":"Public","level":"Formal","kind_detail":"Primary","lga":"Ibadan North West","ward":"Inalende"},"geometry":{"type":"Point","coordinates":[3.89004,7.39623]}},{"type":"Feature","properties":{"name":"Saviours Apostolic School","kind":"school","ownership":"Public","level":"Formal","kind_detail":"Primary","lga":"Ibadan North West","ward":"Afonta"},"geometry":{"type":"Point","coordinates":[3.88357,7.39531]}},{"type":"Feature","properties":{"name":"St Johns Catholic School Eleta Ibadan","kind":"school","ownership":"Public","level":"Formal","kind_detail":"Primary","lga":"Ibadan South East","ward":"Owode"},"geometry":{"type":"Point","coordinates":[3.91009,7.35497]}},{"type":"Feature","properties":{"name":"Islamic Mission School Olunloyo","kind":"school","ownership":"Public","level":"Formal","kind_detail":"Primary","lga":"Ibadan South East","ward":"Molete"},"geometry":{"type":"Point","coordinates":[3.89996,7.35815]}},{"type":"Feature","properties":{"name":"St Davids Anglican School","kind":"school","ownership":"Public","level":"Formal","kind_detail":"Primary","lga":"Ibadan South East","ward":"Molete"},"geometry":{"type":"Point","coordinates":[3.89758,7.36209]}},{"type":"Feature","properties":{"name":"St Eunans Catholic School Odo Oba Ibadan","kind":"school","ownership":"Public","level":"Formal","kind_detail":"Primary","lga":"Ibadan South East","ward":"Owode"},"geometry":{"type":"Point","coordinates":[3.90239,7.35678]}},{"type":"Feature","properties":{"name":"Aperin Boys High School","kind":"school","ownership":"Public","level":"Formal","kind_detail":"Primary","lga":"Ibadan South East","ward":"Asanike"},"geometry":{"type":"Point","coordinates":[3.9174,7.36898]}},{"type":"Feature","properties":{"name":"Al Wajud School","kind":"school","ownership":"Private","level":"Religious","kind_detail":"Primary","lga":"Ibadan South East","ward":"Molete"},"geometry":{"type":"Point","coordinates":[3.89824,7.35241]}},{"type":"Feature","properties":{"name":"Kingdom Kiddies College","kind":"school","ownership":"Private","level":"Formal","kind_detail":"Primary","lga":"Ibadan North West","ward":"Abebi"},"geometry":{"type":"Point","coordinates":[3.89164,7.38899]}},{"type":"Feature","properties":{"name":"Brighter Glory Group of School","kind":"school","ownership":"Private","level":"Formal","kind_detail":"Primary","lga":"Ibadan South East","ward":"Owode"},"geometry":{"type":"Point","coordinates":[3.91333,7.34793]}},{"type":"Feature","properties":{"name":"Miracle Universal Children School","kind":"school","ownership":"Private","level":"Formal","kind_detail":"Primary","lga":"Ibadan South East","ward":"Owode"},"geometry":{"type":"Point","coordinates":[3.91133,7.35019]}},{"type":"Feature","properties":{"name":"His Glory Kiddies School","kind":"school","ownership":"Private","level":"Formal","kind_detail":"Primary","lga":"Ibadan South East","ward":"Challenge"},"geometry":{"type":"Point","coordinates":[3.87212,7.338]}},{"type":"Feature","properties":{"name":"Kpatu International School Molete","kind":"school","ownership":"Private","level":"Formal","kind_detail":"Primary","lga":"Ibadan South East","ward":"Molete"},"geometry":{"type":"Point","coordinates":[3.88869,7.35232]}},{"type":"Feature","properties":{"name":"Onireke Secondary School","kind":"school","ownership":"Public","level":"Formal","kind_detail":"Secondary","lga":"Ibadan North West","ward":"Afonta"},"geometry":{"type":"Point","coordinates":[3.87855,7.40427]}},{"type":"Feature","properties":{"name":"Community Grammar School Kudeti","kind":"school","ownership":"Public","level":"Formal","kind_detail":"Secondary","lga":"Ibadan South East","ward":"Molete"},"geometry":{"type":"Point","coordinates":[3.89653,7.35728]}},{"type":"Feature","properties":{"name":"Idikan Baptist Comprehensive College","kind":"school","ownership":"Private","level":"Formal","kind_detail":"Secondary","lga":"Ibadan South East","ward":"Challenge"},"geometry":{"type":"Point","coordinates":[3.88232,7.34385]}},{"type":"Feature","properties":{"name":"St David Cathedral College","kind":"school","ownership":"Private","level":"Formal","kind_detail":"Secondary","lga":"Ibadan South East","ward":"Molete"},"geometry":{"type":"Point","coordinates":[3.89714,7.36049]}},{"type":"Feature","properties":{"name":"Yejide Girls Grammar School","kind":"school","ownership":"Public","level":"Formal","kind_detail":"Secondary","lga":"Ibadan South East","ward":"Molete"},"geometry":{"type":"Point","coordinates":[3.89561,7.35842]}},{"type":"Feature","properties":{"name":"St Leos Catholic School","kind":"school","ownership":"Public","level":"Formal","kind_detail":"Primary","lga":"Ibadan South East","ward":"Challenge"},"geometry":{"type":"Point","coordinates":[3.87412,7.34161]}},{"type":"Feature","properties":{"name":"Islamic Mission School Odooye","kind":"school","ownership":"Public","level":"Formal","kind_detail":"Primary","lga":"Ibadan North","ward":"Oke Are"},"geometry":{"type":"Point","coordinates":[3.90022,7.38453]}},{"type":"Feature","properties":{"name":"St Richards Catholic School","kind":"school","ownership":"Public","level":"Formal","kind_detail":"Primary","lga":"Ibadan North West","ward":"Afonta"},"geometry":{"type":"Point","coordinates":[3.86356,7.40441]}},{"type":"Feature","properties":{"name":"Polytechnic Staff School Ijokodo","kind":"school","ownership":"Public","level":"Formal","kind_detail":"Primary","lga":"Ibadan North","ward":"Samonda"},"geometry":{"type":"Point","coordinates":[3.88092,7.43712]}},{"type":"Feature","properties":{"name":"Command Children School Mokola","kind":"school","ownership":"Public","level":"Formal","kind_detail":"Primary","lga":"Ibadan North West","ward":"Afonta"},"geometry":{"type":"Point","coordinates":[3.88531,7.41092]}},{"type":"Feature","properties":{"name":"Apex Private School","kind":"school","ownership":"Private","level":"Formal","kind_detail":"Primary","lga":"Ibadan North","ward":"Bashorun"},"geometry":{"type":"Point","coordinates":[3.91904,7.41001]}},{"type":"Feature","properties":{"name":"Adelagun Memorial Grammar School","kind":"school","ownership":"Public","level":"Formal","kind_detail":"Secondary","lga":"Ibadan South East","ward":"Odinjo"},"geometry":{"type":"Point","coordinates":[3.91341,7.36099]}},{"type":"Feature","properties":{"name":"Joyful Way International School","kind":"school","ownership":"Private","level":"Formal","kind_detail":"Primary","lga":"Ibadan South East","ward":"Odinjo"},"geometry":{"type":"Point","coordinates":[3.91695,7.36002]}},{"type":"Feature","properties":{"name":"St Annes Comprehensive College","kind":"school","ownership":"Faith Based","level":"Formal","kind_detail":"Secondary","lga":"Ibadan South West","ward":"Agbokojo / Ward 11 SW9"},"geometry":{"type":"Point","coordinates":[3.8657,7.3387]}},{"type":"Feature","properties":{"name":"Tweedy Success Foundation Aare","kind":"school","ownership":"Public","level":"Formal","kind_detail":"Others","lga":"Ibadan South West","ward":"Oritamerin / Ward 12 SW9 2"},"geometry":{"type":"Point","coordinates":[3.84044,7.37061]}},{"type":"Feature","properties":{"name":"Spring Board Private School","kind":"school","ownership":"Private","level":"Formal","kind_detail":"Primary","lga":"Ibadan South West","ward":"Agbokojo / Ward 11 SW9"},"geometry":{"type":"Point","coordinates":[3.86019,7.33748]}},{"type":"Feature","properties":{"name":"Methodist Primary School","kind":"school","ownership":"Public","level":"Formal","kind_detail":"Primary","lga":"Ibadan North East","ward":"Irefin"},"geometry":{"type":"Point","coordinates":[3.91423,7.38927]}},{"type":"Feature","properties":{"name":"Oba Abass Aleshoimloye Junior High School","kind":"school","ownership":"Public","level":"Formal","kind_detail":"Secondary","lga":"Ibadan North West","ward":"Eleyele"},"geometry":{"type":"Point","coordinates":[3.86708,7.41285]}},{"type":"Feature","properties":{"name":"Urban Day Junior High School","kind":"school","ownership":"Public","level":"Formal","kind_detail":"Secondary","lga":"Ibadan North West","ward":"Afonta"},"geometry":{"type":"Point","coordinates":[3.8678,7.39924]}},{"type":"Feature","properties":{"name":"Eleyele High School","kind":"school","ownership":"Public","level":"Formal","kind_detail":"Secondary","lga":"Ibadan North West","ward":"Eleyele"},"geometry":{"type":"Point","coordinates":[3.87807,7.41053]}},{"type":"Feature","properties":{"name":"Eleyele Junior High School","kind":"school","ownership":"Public","level":"Formal","kind_detail":"Secondary","lga":"Ibadan North West","ward":"Eleyele"},"geometry":{"type":"Point","coordinates":[3.87369,7.40343]}},{"type":"Feature","properties":{"name":"Elekuro High School","kind":"school","ownership":"Public","level":"Formal","kind_detail":"Secondary","lga":"Ibadan North East","ward":"Atipe"},"geometry":{"type":"Point","coordinates":[3.93552,7.36104]}},{"type":"Feature","properties":{"name":"Dominion College","kind":"school","ownership":"Private","level":"Formal","kind_detail":"Secondary","lga":"Ibadan South West","ward":"Oke Ado / Liberty"},"geometry":{"type":"Point","coordinates":[3.87788,7.36849]}},{"type":"Feature","properties":{"name":"Oluyole High School Fodacis Ibadan","kind":"school","ownership":"Public","level":"Formal","kind_detail":"Secondary","lga":"Ibadan South West","ward":"Ring Road / Challenge / Oluyole"},"geometry":{"type":"Point","coordinates":[3.86439,7.34983]}},{"type":"Feature","properties":{"name":"Peoples Girls Grammar School Molete Ibadan","kind":"school","ownership":"Public","level":"Formal","kind_detail":"Secondary","lga":"Ibadan South West","ward":"Apata / Odo Ona"},"geometry":{"type":"Point","coordinates":[3.85115,7.37134]}},{"type":"Feature","properties":{"name":"Sacred Heart Secondary School Liberty Road Ibadan","kind":"school","ownership":"Private","level":"Formal","kind_detail":"Secondary","lga":"Ibadan South West","ward":"Oke Ado / Liberty"},"geometry":{"type":"Point","coordinates":[3.87809,7.37004]}},{"type":"Feature","properties":{"name":"St John Basic School Molete Ibadan","kind":"school","ownership":"Public","level":"Formal","kind_detail":"Secondary","lga":"Ibadan South West","ward":"Popoyemoja"},"geometry":{"type":"Point","coordinates":[3.88841,7.36102]}},{"type":"Feature","properties":{"name":"Christ The King Secondary School Agugu","kind":"school","ownership":"Public","level":"Formal","kind_detail":"Secondary","lga":"Ibadan North East","ward":"Agugu"},"geometry":{"type":"Point","coordinates":[3.92021,7.38499]}},{"type":"Feature","properties":{"name":"Community Grammar School","kind":"school","ownership":"Public","level":"Formal","kind_detail":"Secondary","lga":"Ibadan North","ward":"Oke Itunu"},"geometry":{"type":"Point","coordinates":[3.88945,7.40892]}},{"type":"Feature","properties":{"name":"Ratibi College Oluyoro Oke Ofa","kind":"school","ownership":"Public","level":"Formal","kind_detail":"Secondary","lga":"Ibadan North East","ward":"Oke Adu"},"geometry":{"type":"Point","coordinates":[3.92297,7.38877]}},{"type":"Feature","properties":{"name":"Oke Bola Comprehensive High School","kind":"school","ownership":"Public","level":"Formal","kind_detail":"Secondary","lga":"Ibadan South West","ward":"Molete / Oke Ado"},"geometry":{"type":"Point","coordinates":[3.87669,7.37806]}},{"type":"Feature","properties":{"name":"Fazli Omar Ahmadiyya Grammer School Ode Aje","kind":"school","ownership":"Public","level":"Formal","kind_detail":"Secondary","lga":"Ibadan North East","ward":"Agugu"},"geometry":{"type":"Point","coordinates":[3.91745,7.37961]}},{"type":"Feature","properties":{"name":"Methodist Secondary Grammar School Elekuro Ibadan","kind":"school","ownership":"Public","level":"Formal","kind_detail":"Secondary","lga":"Ibadan South East","ward":"Adesola"},"geometry":{"type":"Point","coordinates":[3.91492,7.3654]}},{"type":"Feature","properties":{"name":"Eleyele Akintola Junior Secondary School Eleyele","kind":"school","ownership":"Public","level":"Formal","kind_detail":"Secondary","lga":"Ibadan North West","ward":"Afonta"},"geometry":{"type":"Point","coordinates":[3.883,7.39798]}},{"type":"Feature","properties":{"name":"Seed of Life College","kind":"school","ownership":"Private","level":"Formal","kind_detail":"Secondary","lga":"Ibadan North West","ward":"Afonta"},"geometry":{"type":"Point","coordinates":[3.87958,7.39441]}},{"type":"Feature","properties":{"name":"Bishop Onabanjo School","kind":"school","ownership":"Public","level":"Formal","kind_detail":"Secondary","lga":"Ibadan North","ward":"Bashorun"},"geometry":{"type":"Point","coordinates":[3.91983,7.42936]}},{"type":"Feature","properties":{"name":"Mount Olivet Grammar School","kind":"school","ownership":"Public","level":"Formal","kind_detail":"Secondary","lga":"Ibadan North","ward":"Bashorun"},"geometry":{"type":"Point","coordinates":[3.92081,7.42735]}},{"type":"Feature","properties":{"name":"Cheshire Group of School","kind":"school","ownership":"Public","level":"Formal","kind_detail":"Secondary","lga":"Ibadan North","ward":"Samonda"},"geometry":{"type":"Point","coordinates":[3.88705,7.42831]}},{"type":"Feature","properties":{"name":"Polytechnic High School Ijokodo","kind":"school","ownership":"Public","level":"Formal","kind_detail":"Secondary","lga":"Ibadan North","ward":"Samonda"},"geometry":{"type":"Point","coordinates":[3.88085,7.435]}},{"type":"Feature","properties":{"name":"Ebenezer Baptist High School Oketunu","kind":"school","ownership":"Public","level":"Formal","kind_detail":"Secondary","lga":"Ibadan North","ward":"Sango"},"geometry":{"type":"Point","coordinates":[3.88411,7.42097]}},{"type":"Feature","properties":{"name":"Amazing Grace High School Oke Ado","kind":"school","ownership":"Public","level":"Formal","kind_detail":"Secondary","lga":"Ibadan South West","ward":"Oke Ado / Liberty"},"geometry":{"type":"Point","coordinates":[3.884,7.36402]}},{"type":"Feature","properties":{"name":"Methodist Senior Secondary Grammar School","kind":"school","ownership":"Public","level":"Formal","kind_detail":"Secondary","lga":"Ibadan South East","ward":"Asanike"},"geometry":{"type":"Point","coordinates":[3.91045,7.37043]}},{"type":"Feature","properties":{"name":"Wesley College of Science","kind":"school","ownership":"Public","level":"Formal","kind_detail":"Secondary","lga":"Ibadan South East","ward":"Asanike"},"geometry":{"type":"Point","coordinates":[3.9109,7.3685]}},{"type":"Feature","properties":{"name":"Gods Blessing Secondary School Yemetu","kind":"school","ownership":"Private","level":"Formal","kind_detail":"Secondary","lga":"Ibadan North","ward":"Yemetu"},"geometry":{"type":"Point","coordinates":[3.90478,7.3952]}},{"type":"Feature","properties":{"name":"Ikolaba High School Oluwo Kekere","kind":"school","ownership":"Public","level":"Formal","kind_detail":"Secondary","lga":"Ibadan North","ward":"Bashorun"},"geometry":{"type":"Point","coordinates":[3.91915,7.40844]}},{"type":"Feature","properties":{"name":"Oba Akinibiyi High School Oremeji","kind":"school","ownership":"Public","level":"Formal","kind_detail":"Secondary","lga":"Ibadan North","ward":"Ago Tapa"},"geometry":{"type":"Point","coordinates":[3.89272,7.41129]}},{"type":"Feature","properties":{"name":"St Patrick Grammar School","kind":"school","ownership":"Public","level":"Formal","kind_detail":"Secondary","lga":"Ibadan North","ward":"Bashorun"},"geometry":{"type":"Point","coordinates":[3.92904,7.41113]}},{"type":"Feature","properties":{"name":"Solid Rock International High School Bodija Express","kind":"school","ownership":"Public","level":"Formal","kind_detail":"Secondary","lga":"Ibadan North","ward":"Agbowo"},"geometry":{"type":"Point","coordinates":[3.92429,7.44036]}}]}