{"type":"FeatureCollection","features":[{"type":"Feature","properties":{"name":"Oritamerin (SW)","label":"Oritamerin (SW)","lga":"Ibadan South West","people":4851,"walk":18.02,"walk_clinic":16.91,"walk_school":19.13,"f15":0.0,"f15_health":20.01,"f15_school":0.0,"beyond":4851,"clinics":1,"schools":1,"off_pct":0.0,"hexes":5,"gini":0.08,"share":0.42,"rank":59.0,"of":59,"reading":"Almost nobody here is within a 15-minute walk of clinics and schools. Schools are the weaker of the two services. That is 85 points below the city as a whole."},"geometry":{"type":"Polygon","coordinates":[[[3.8443450922522397,7.3652027161325],[3.844196684329574,7.3644959209500485],[3.8442041945679652,7.364410695797006],[3.843583615591456,7.364513965846868],[3.8431986257160706,7.364586435016007],[3.842907711221926,7.364647679746668],[3.842158748627413,7.364830537099636],[3.841703536988689,7.364941676217428],[3.8410832430972164,7.365090419587262],[3.8403316113148667,7.365345183133742],[3.840307874608755,7.365408479217989],[3.840279393079583,7.3655603873020805],[3.840280974987081,7.365726537949399],[3.8403062927013143,7.365935411789849],[3.8403664240712487,7.366243977277803],[3.8403869951637266,7.366468674689659],[3.8403806648358336,7.366688627278391],[3.840382246743332,7.366987696824822],[3.8403664240712496,7.367395952161532],[3.8403521824073437,7.367872249304925],[3.840317369650961,7.368278920935496],[3.840322117172036,7.368840667163112],[3.840314204936647,7.369343864827558],[3.840318951558402,7.369761614307096],[3.8403205343652194,7.370112902988127],[3.840339522650879,7.370574959366934],[3.8403132678431007,7.370607551697218],[3.840293633844168,7.370631925123293],[3.8401227365750974,7.37063983735868],[3.8398521485578385,7.370646165887876],[3.839667009624862,7.370685726165389],[3.839667009624861,7.3707996576781065],[3.8396670096248617,7.371008532417874],[3.8397002395744266,7.371241142065116],[3.839894710772342,7.371315858640004],[3.8408266503296886,7.371278442346293],[3.8419679520594063,7.371238873075582],[3.842010567333887,7.371890528125448],[3.8432743971957284,7.371876686659791],[3.844314103413183,7.371882865901568],[3.8452181262156264,7.371844349736987],[3.845280481608995,7.370895508321098],[3.8452600912802386,7.37078733786541],[3.8452928760654004,7.370192712423774],[3.8455964790942962,7.370208173568413],[3.8461360894090713,7.370220607595002],[3.8461290908848587,7.369907487040962],[3.84615282669165,7.369517704678401],[3.8461456788800206,7.36857033185538],[3.846210246605665,7.367884828122385],[3.8448361391765506,7.3678760471419205],[3.84483255897544,7.367615316593629],[3.844662695027409,7.3676188410367445],[3.844045833848213,7.367479890384683],[3.8442203311034295,7.366083262132918],[3.8443450922522397,7.3652027161325]]]}},{"type":"Feature","properties":{"name":"Agbokojo","label":"Agbokojo","lga":"Ibadan South West","people":11559,"walk":20.46,"walk_clinic":25.86,"walk_school":15.06,"f15":39.22,"f15_health":16.87,"f15_school":48.65,"beyond":7026,"clinics":0,"schools":6,"off_pct":0.0,"hexes":14,"gini":0.24,"share":1.01,"rank":57.0,"of":59,"reading":"Most people here walk longer than 15 minutes. Clinics are the weaker of the two services. That is 46 points below the city as a whole."},"geometry":{"type":"Polygon","coordinates":[[[3.8680277113098787,7.342981498097685],[3.868281482004818,7.342434641945202],[3.8681832373665657,7.342389103874098],[3.868227564050869,7.3415088546499865],[3.8681267509488184,7.341280485306185],[3.8678876176194885,7.341215474214835],[3.8678471211477468,7.340570624334874],[3.8678001261749264,7.3397955867969245],[3.8679005453739133,7.3394300321702985],[3.867885533890331,7.33886690368473],[3.867921015742353,7.338739664004322],[3.8678271723861717,7.338638160222957],[3.8676777886990417,7.338519420035255],[3.867444152026053,7.338436321778889],[3.8673062472855126,7.338387272754458],[3.8670572753729853,7.338283854316443],[3.8668025576919263,7.33824555129121],[3.8665171983100772,7.338214907791838],[3.8661514017658187,7.338186180747699],[3.865714743140927,7.338186180747699],[3.865429383759078,7.338126811103505],[3.865380933683185,7.338119069739323],[3.865105719553355,7.3380751009851775],[3.8648835609276366,7.338017645997639],[3.8647111959649574,7.33800998467308],[3.8639278927581127,7.337973597203815],[3.8637670193324993,7.337956360797479],[3.8632441777766076,7.337837619710455],[3.86300095163267,7.337778250066208],[3.8625298210944274,7.337732285716472],[3.862119974857024,7.337653764109973],[3.86161820171867,7.337519703071903],[3.8612926228562965,7.337500551109599],[3.860702752130351,7.3374565023157725],[3.859948175967588,7.337377979809956],[3.8591016720046127,7.337232428134085],[3.8586420321041714,7.337159651396861],[3.8579287447158213,7.337178695440513],[3.8578529840280558,7.337180718015757],[3.8574527137717505,7.337144329647117],[3.8571807596843537,7.33706963915256],[3.856788150752607,7.336935577215171],[3.856443420827247,7.336759382039872],[3.8561887040455076,7.33666745423966],[3.8559799498148664,7.336565949558974],[3.855759705845799,7.336391669040325],[3.855653967156911,7.336311802947422],[3.855614280075031,7.336318705244084],[3.855547123201233,7.336330383840164],[3.8554459953364817,7.336485027661922],[3.8550223669886914,7.337132839009372],[3.8545646417448447,7.337877839190979],[3.854346313331746,7.338239804623357],[3.8542505553189126,7.338364290579592],[3.8538330477570075,7.338712851616831],[3.853635785962808,7.338900538329256],[3.8535285373121724,7.338996296342031],[3.853107200437023,7.33951530678604],[3.852505838173953,7.3402603060683305],[3.852025130755237,7.340913378449726],[3.851419938279548,7.341639226669031],[3.850897097623033,7.342292299050426],[3.850318716635512,7.343004741076015],[3.849677135791239,7.343830176621394],[3.848796159914911,7.3449907688090015],[3.848618049183699,7.3452148429906865],[3.848418871833531,7.345391038165931],[3.8479400799707832,7.345758750266156],[3.8471586923198515,7.346319893948022],[3.846690882977897,7.346698264813145],[3.846764606701299,7.3468436204368],[3.8472329088717174,7.346994819855127],[3.8477133509904315,7.347136382138388],[3.847761242587296,7.347424727269411],[3.8481105131896816,7.347550209674467],[3.8486231537356166,7.347504515121331],[3.8490912652497395,7.348663778110902],[3.8501311909017777,7.348439789364818],[3.8505442612087104,7.348263649947513],[3.8510364331849014,7.347902097303972],[3.8516203899690713,7.347581042930811],[3.8520446694259944,7.347199347272122],[3.8520123558855626,7.346876611166692],[3.8524372549753716,7.346507672391225],[3.8526028507409937,7.3462314213430755],[3.852856900225788,7.34629004365064],[3.8531726171226515,7.346481138793592],[3.8538323930505385,7.346542085848624],[3.8535696570141336,7.346043341626965],[3.8538080142285485,7.345674365079959],[3.8544109655936154,7.345279567198302],[3.8552275239311475,7.3447250578151975],[3.8553880960838005,7.343712707175769],[3.8556970617700594,7.343202528074244],[3.8557282709430183,7.342039800896143],[3.857026820931083,7.3416624957276335],[3.8577929623753557,7.341330651288558],[3.8589627699159337,7.341154679145177],[3.859960670248768,7.341748486203699],[3.8607451722519386,7.342052190855952],[3.8616747322031983,7.342099194822025],[3.862109623660273,7.342265058585608],[3.862590831102011,7.342321390319965],[3.863157323052064,7.342286502919819],[3.86358700563585,7.342677012833916],[3.864054996640845,7.342661747741488],[3.8651539133225015,7.342173341226784],[3.8680277113098787,7.342981498097685]]]}},{"type":"Feature","properties":{"name":"Inalende","label":"Inalende","lga":"Ibadan North West","people":4085,"walk":5.74,"walk_clinic":6.22,"walk_school":5.26,"f15":100.0,"f15_health":100.0,"f15_school":100.0,"beyond":0,"clinics":3,"schools":5,"off_pct":0.0,"hexes":2,"gini":0.06,"share":0.36,"rank":1.0,"of":59,"reading":"Most people here already finish inside 15 minutes. Clinics and schools are about even. That is 15 points above the city as a whole."},"geometry":{"type":"Polygon","coordinates":[[[3.8929835761312006,7.390257279749733],[3.8927374631634284,7.3901238050696065],[3.892027711909406,7.389754751180873],[3.89174908215449,7.390029282725264],[3.891361263011902,7.38992489391876],[3.8909214045991694,7.39030276925746],[3.8904974066300615,7.390259855408033],[3.8902240208219605,7.390298589208555],[3.890069100908306,7.390288017677903],[3.889166238231383,7.390277762708651],[3.888669964447331,7.390398276359404],[3.887537442798816,7.390585220231797],[3.887656022007832,7.39103266622459],[3.887779644614966,7.39151051559787],[3.8878485893409906,7.391819573014915],[3.888109062683156,7.39292339819633],[3.8883600211980824,7.394046630747482],[3.8884504875999824,7.395181907019431],[3.886953564255634,7.395196149582659],[3.886781884576351,7.396080284777383],[3.889728746184744,7.400005733777618],[3.8900887034309903,7.399526023707095],[3.8907277355965566,7.398576234405768],[3.8910164944157377,7.398129898176306],[3.8912243070561767,7.397824763601987],[3.891239030756708,7.397624930646088],[3.8912940755611776,7.396877873714971],[3.8912851425952795,7.395993181839911],[3.8912681202276067,7.395476139112588],[3.891267237992678,7.395240600373484],[3.8912565396576033,7.395122919587094],[3.891249408033787,7.3949089582818575],[3.8912066146935445,7.394589201630424],[3.8911364828624637,7.394136313839852],[3.891081804082035,7.393790407601271],[3.8910889357058522,7.393408841444909],[3.8911305401423424,7.393129501225528],[3.891203048881664,7.392864425153161],[3.8913757429962175,7.3925304268377685],[3.8914917132719897,7.392242048431853],[3.891637537442421,7.391984389068342],[3.8919544540348743,7.391646754793952],[3.892365338089916,7.39129439412102],[3.892520184259126,7.391129208446272],[3.8926870336796924,7.390812404269068],[3.8929835761312006,7.390257279749733]]]}},{"type":"Feature","properties":{"name":"Alafara","label":"Alafara","lga":"Ibadan North East","people":3637,"walk":8.32,"walk_clinic":6.53,"walk_school":10.12,"f15":100.0,"f15_health":100.0,"f15_school":100.0,"beyond":0,"clinics":3,"schools":0,"off_pct":0.0,"hexes":2,"gini":0.02,"share":0.32,"rank":1.0,"of":59,"reading":"Most people here already finish inside 15 minutes. Clinics and schools are about even. That is 15 points above the city as a whole."},"geometry":{"type":"Polygon","coordinates":[[[3.9064523950620473,7.3807340312506],[3.906193330957479,7.3807061028044245],[3.905571265401648,7.380626975054896],[3.9053037386766505,7.380647456215171],[3.904946169130426,7.380657132021096],[3.9044548766912612,7.380762511880449],[3.9042305408068496,7.3808391494072785],[3.90409538169655,7.380935293229244],[3.9039657956849965,7.381059305242787],[3.90385293076821,7.381180530257327],[3.903688511315807,7.381335196562134],[3.9035714663501153,7.381427161234569],[3.9034960159284537,7.381479395657607],[3.9034627805829123,7.3815024039128625],[3.903341555568374,7.38153445215329],[3.9031882832127285,7.3815414192011986],[3.9031654818015795,7.38154173216526],[3.9029848466734043,7.381544206200203],[3.902881735803533,7.381548386249051],[3.902892292945012,7.381593253425934],[3.902909603995056,7.381666825163903],[3.902955586331303,7.381868866854744],[3.902986240622567,7.3820430412533815],[3.902995793221351,7.382088413849262],[3.903019681912838,7.382201887607096],[3.903046157054575,7.3822882782814645],[3.9030660977222733,7.3823366474184136],[3.903111645685953,7.382447124635122],[3.9031673820690576,7.382565562650654],[3.9031785291658143,7.382611544986845],[3.903147605077948,7.3826244295738075],[3.9031444997189637,7.382625723698257],[3.9031116456859523,7.382639413178424],[3.903078205295003,7.382650560275181],[3.9030628772500218,7.3826408071275855],[3.9030113218150864,7.382625479082664],[3.9029402591856415,7.382640807127589],[3.9028900968005478,7.382636626179419],[3.9028232142200068,7.382689574664196],[3.902824647739351,7.382728535093861],[3.9028148532229348,7.382735557000388],[3.9027730518349126,7.382752278095209],[3.902718709400972,7.382775966237887],[3.902693628208396,7.382791293383547],[3.9026518259210548,7.382796867381556],[3.902591911287743,7.382812193627897],[3.9025654361460047,7.382799652581921],[3.9025180607599173,7.382803834429468],[3.90244560418131,7.382812193627897],[3.9023090520211667,7.382838667870258],[3.9022324153937116,7.3828247337745],[3.902208354032382,7.382802859564379],[3.902201760203127,7.382796867381556],[3.9021181574270827,7.382798957406006],[3.9020018076373617,7.382794775558467],[3.901897303717646,7.3827836293610325],[3.9018332081361122,7.382778056262337],[3.9017802587520123,7.382807316604443],[3.901747514436295,7.382813586677742],[3.9017043190991103,7.382825430749049],[3.9016402226182554,7.382844241868327],[3.901553135868596,7.382877683158594],[3.901549856041072,7.38288227509696],[3.901525267677015,7.382916698446934],[3.9017412443629955,7.3831187401377765],[3.9020547570214608,7.383377912160937],[3.902232436078122,7.383543789414374],[3.9024323670601575,7.3837304401078],[3.902613507607328,7.383894859560145],[3.9027781770712413,7.384053292225701],[3.9042932199561737,7.385503145953463],[3.9044606611306563,7.3856706159062355],[3.9045961853657323,7.385774187229003],[3.904698654119613,7.3858623333800315],[3.9047105638414896,7.3858513877314085],[3.904780187555672,7.385787409061721],[3.9048473992880877,7.38562544206053],[3.9049024899579763,7.385477797662304],[3.904906896636021,7.385337866749181],[3.904919016799227,7.385225482070383],[3.9049333412007745,7.38503156215694],[3.9049586831966963,7.384880612750122],[3.9050027562722116,7.384698812999884],[3.905087595616067,7.384504893086385],[3.9051636207045703,7.38436165716479],[3.9053344028604324,7.384117053259444],[3.905439060564219,7.384003068686694],[3.9054456858697786,7.383995853425914],[3.905577904196945,7.383871347684587],[3.9056139849974443,7.383849279220894],[3.905691392343954,7.383801934411793],[3.9058004720142208,7.383817358684212],[3.9058332720878757,7.383824514589719],[3.905921670948431,7.383843803248965],[3.905985576772991,7.383836089763804],[3.9060858421879066,7.38381846125304],[3.9061872101716513,7.383794220926576],[3.906226006924726,7.383780163623728],[3.9062632352601554,7.383766674692311],[3.906392147679526,7.383734722679379],[3.9064609997753905,7.383723108834431],[3.906516102136436,7.383760615060395],[3.9065904751703333,7.3838983426344384],[3.906721590928726,7.384188121284809],[3.906762475008236,7.38427654892365],[3.906941404122562,7.384663555079045],[3.9070765092735096,7.3850232928907085],[3.9071243046429918,7.3851505577520715],[3.9071635933252087,7.385230369885734],[3.9072642355560565,7.385434827155621],[3.9072881539252076,7.385483315003056],[3.9073854362889042,7.385680532730476],[3.9074592580383865,7.385888776146145],[3.907534182356699,7.385922932397477],[3.907623429277862,7.38588326689927],[3.907668603123568,7.385821565313051],[3.907743527441881,7.385729013383297],[3.907809635706144,7.385668412567214],[3.907858116359023,7.385636459654961],[3.907902189434538,7.385570351390641],[3.907963890121493,7.385486612816976],[3.9079936396947805,7.3854601691515445],[3.9080674614442614,7.385347783573424],[3.9081589117044477,7.3852210753923355],[3.9082591780186817,7.3851384375888625],[3.9083370431200706,7.385085575439005],[3.9083792761827003,7.38505690415286],[3.9085059852630484,7.384978674826017],[3.9086172682723377,7.384893834582837],[3.908761605863447,7.384804587661616],[3.9089334896888213,7.384720849087954],[3.9090976609283534,7.38464592566896],[3.9092221657703585,7.384610667748175],[3.909335653018047,7.38456549300315],[3.9094392243407587,7.3845269300738305],[3.9095306746010006,7.384481755328806],[3.909667281619818,7.384438388221096],[3.9097780331297827,7.384465227588233],[3.9098579729671314,7.3845023480050145],[3.909718090617445,7.384315862786878],[3.9094604069722436,7.383914019616383],[3.9091128208000896,7.3833176153157165],[3.9088197488324004,7.382880704880675],[3.9088032219911497,7.382856066154603],[3.908647472902601,7.382641436653045],[3.908280893948132,7.382320441635103],[3.9079600769960052,7.382020142715473],[3.9079542008257695,7.382014641562533],[3.9076465022843085,7.381735434442816],[3.907483143132594,7.38159868982774],[3.9072134436455603,7.381385948003127],[3.9070178078256395,7.381218802705634],[3.9068753543141943,7.381082048198038],[3.9065372649828305,7.3807914430706765],[3.9064523950620473,7.3807340312506]]]}},{"type":"Feature","properties":{"name":"Ring Road\u2013Challenge\u2013Oluyole","label":"Oluyole","lga":"Ibadan South West","people":65555,"walk":10.26,"walk_clinic":9.03,"walk_school":11.49,"f15":86.0,"f15_health":89.95,"f15_school":83.09,"beyond":9179,"clinics":39,"schools":23,"off_pct":0.0,"hexes":96,"gini":0.25,"share":5.74,"rank":49.0,"of":59,"reading":"Most people here already finish inside 15 minutes. Clinics and schools are about even."},"geometry":{"type":"Polygon","coordinates":[[[3.877592849330597,7.345962639164497],[3.8774675701722576,7.345438990916763],[3.877088918718697,7.345322091641266],[3.8763496652049403,7.344866282852708],[3.8755338038420177,7.344341526640163],[3.874853919972452,7.343889548064225],[3.874005501352827,7.343357131426502],[3.873327532139968,7.342943454976535],[3.8730134439153394,7.342705974601073],[3.8727031868026525,7.34244742670745],[3.8723010018897517,7.342031835600778],[3.871728366670823,7.341374933906137],[3.871368315895097,7.34091720866229],[3.8711174805873148,7.340273757228147],[3.8710101797760217,7.340181785361154],[3.8704739329257336,7.340011335055125],[3.870460612167563,7.340006442743174],[3.8701349487689076,7.339886849098831],[3.8695450771436413,7.339704908155056],[3.8692712083995957,7.339605319030283],[3.8691467224433613,7.339521051655252],[3.867921015742353,7.338739664004322],[3.867885533890331,7.33886690368473],[3.8679005453739133,7.3394300321702985],[3.8678001261749264,7.3397955867969245],[3.8678471211477468,7.340570624334874],[3.8678876176194885,7.341215474214835],[3.8681267509488184,7.341280485306185],[3.868227564050869,7.3415088546499865],[3.8681832373665657,7.342389103874098],[3.868281482004818,7.342434641945202],[3.8680277113098787,7.342981498097685],[3.8651539133225015,7.342173341226784],[3.864054996640845,7.342661747741488],[3.86358700563585,7.342677012833916],[3.863157323052064,7.342286502919819],[3.862590831102011,7.342321390319965],[3.862109623660273,7.342265058585608],[3.8616747322031983,7.342099194822025],[3.8607451722519386,7.342052190855952],[3.859960670248768,7.341748486203699],[3.8589627699159337,7.341154679145177],[3.8577929623753557,7.341330651288558],[3.857026820931083,7.3416624957276335],[3.8557282709430183,7.342039800896143],[3.8556970617700594,7.343202528074244],[3.8553880960838005,7.343712707175769],[3.8552275239311475,7.3447250578151975],[3.8544109655936154,7.345279567198302],[3.8538080142285485,7.345674365079959],[3.8535696570141336,7.346043341626965],[3.8538323930505385,7.346542085848624],[3.8531726171226515,7.346481138793592],[3.852856900225788,7.34629004365064],[3.8526028507409937,7.3462314213430755],[3.8524372549753716,7.346507672391225],[3.8520123558855626,7.346876611166692],[3.8520446694259944,7.347199347272122],[3.8516203899690713,7.347581042930811],[3.8510364331849014,7.347902097303972],[3.8505442612087104,7.348263649947513],[3.8501311909017777,7.348439789364818],[3.8490912652497395,7.348663778110902],[3.8486231537356166,7.347504515121331],[3.8481105131896816,7.347550209674467],[3.847761242587296,7.347424727269411],[3.8477133509904315,7.347136382138388],[3.8472329088717174,7.346994819855127],[3.846764606701299,7.3468436204368],[3.846690882977897,7.346698264813145],[3.8463268958695953,7.346980311092523],[3.8461225869878612,7.347147245948689],[3.845807356624278,7.347374548696505],[3.845477175930966,7.347612631617724],[3.844734091305327,7.348202503242987],[3.843872265592608,7.348890048437058],[3.8433724071109623,7.3492501001121004],[3.842684861916894,7.349725060862908],[3.842198409628964,7.350075536556801],[3.8424492970974033,7.350395368751323],[3.842546969766886,7.350598377213372],[3.842726996054069,7.350843518014014],[3.843029591842253,7.351262940232573],[3.8432996312729983,7.351578942214474],[3.843491148197984,7.351875793133387],[3.8436018169703066,7.351989670686805],[3.8436232936800825,7.352011769727426],[3.8437611858300893,7.3521860502460745],[3.8440542074357613,7.3524867322769305],[3.8442131653054044,7.352636115064685],[3.844395106249181,7.352911899364699],[3.844441069699655,7.353061282152509],[3.8444870340494504,7.353304508296446],[3.844877728324548,7.353300677184563],[3.845017536030525,7.353306422953098],[3.8451439366434106,7.353900124790983],[3.8452358653429433,7.354422965447553],[3.845245440424776,7.354673852016729],[3.8452723301539895,7.354767966968154],[3.8452837443493877,7.35480791395412],[3.8455288851499745,7.354989854897953],[3.845983076058189,7.355290947918945],[3.8460402351687444,7.3553288390547245],[3.846157059800533,7.35541693664237],[3.846157465394755,7.3554192658864395],[3.846172380650899,7.35550503423002],[3.8460574706757598,7.35566973876746],[3.845936815831409,7.355798054936316],[3.8454905821247394,7.356091075642665],[3.845111379386707,7.356278762355033],[3.844027394148953,7.3565392249053625],[3.843257497135823,7.356728826274376],[3.842642728679039,7.356922257855959],[3.842135208872832,7.357075470856331],[3.8416085389030177,7.357247835819011],[3.8414949752129806,7.357273740790561],[3.8413664899715623,7.357352667991277],[3.8414200949614496,7.357508873935443],[3.8414582675850406,7.357638977956528],[3.841546881383522,7.357857346839124],[3.8417209433669086,7.358427005302075],[3.8418570278795983,7.358971345151532],[3.8419677946780553,7.359474541916599],[3.842078562375775,7.35987646782479],[3.8421798341320823,7.360215097648677],[3.842195189156712,7.360325866245773],[3.842224141031352,7.360534739186904],[3.8422557890734765,7.360699307027458],[3.842334907829808,7.360825897397319],[3.8424286090930764,7.361081859740066],[3.8424646629139274,7.361180350792609],[3.8424704473533207,7.361217364190053],[3.842496310956051,7.361382896103802],[3.842460786835886,7.361482807185833],[3.842445674628209,7.361525310944387],[3.84222730574561,7.361531640372962],[3.841812721879649,7.361604429700719],[3.8415365175962393,7.36166503681204],[3.8416717648401004,7.362521293922613],[3.841752573422582,7.363032896650909],[3.841980801572788,7.363821043606323],[3.8420606577731737,7.364214499699471],[3.842158748627413,7.364830537099636],[3.842907711221926,7.364647679746668],[3.8431986257160706,7.364586435016007],[3.843583615591456,7.364513965846868],[3.8442041945679652,7.364410695797006],[3.8443982826546517,7.364429014987081],[3.844557610145614,7.364382508346123],[3.8448699365983434,7.364378087278966],[3.845569714370868,7.36434864707246],[3.8464483978752924,7.364303353616946],[3.8472636710815773,7.364269384424574],[3.8479770358115952,7.364217296590994],[3.8485522565814,7.364201444241302],[3.8491388007151386,7.3641402993354195],[3.849616641994487,7.364142563828292],[3.8503866226445775,7.364131239565096],[3.8508599349381147,7.364124446086351],[3.8518722334168847,7.3641810629058],[3.851883555881444,7.36435091066602],[3.851883555881443,7.3646090808444455],[3.851919791365333,7.364840076208621],[3.851951496064714,7.365037099682466],[3.852035287698414,7.365249977304642],[3.8520216998416004,7.36542888393592],[3.851903938116323,7.3655036175979385],[3.851593681003634,7.365523999832758],[3.8513196575761985,7.365655349414908],[3.8511226341023534,7.365736876555672],[3.8510026078840833,7.365865961644887],[3.8508440816890475,7.366019957954734],[3.8508327592244873,7.366230570184713],[3.850880316273617,7.366402684236561],[3.8508825807665525,7.3666925591143695],[3.850791994754786,7.3668873189946],[3.8507014087430775,7.367059432147129],[3.8505474133324924,7.367213427557658],[3.8503277422315705,7.36737421824563],[3.850142041222284,7.367503303334841],[3.850008426247939,7.367616536074307],[3.8498159308605855,7.367843000654036],[3.849852166344476,7.368076258712391],[3.8499217387972626,7.368198366861179],[3.8501201616161893,7.368358692599658],[3.8502462150908063,7.368579012111754],[3.850486266627967,7.369007030050454],[3.8505519423183046,7.369104410440229],[3.8507376442269674,7.369369374097403],[3.850993549013139,7.369743040608908],[3.851281159398013,7.370123502397745],[3.851582357639757,7.370517551144136],[3.8519696129073395,7.3702707052289025],[3.852288927991708,7.370073679956419],[3.8524072167197123,7.369991380298016],[3.8527429911961235,7.369757761611482],[3.8531574212780124,7.369440711020046],[3.853608086843793,7.369076101580846],[3.8537258476698075,7.369050059013032],[3.853841344902208,7.36928671471014],[3.8539228729422916,7.369461093254927],[3.8540157234469348,7.369705674677221],[3.854138015057402,7.369968373841401],[3.8542738936253613,7.370228809412083],[3.8542671001466147,7.370283159939902],[3.854131220679335,7.370412245029115],[3.8539862832404306,7.3704937730691995],[3.85399760570499,7.370607004909401],[3.8540587524095713,7.370772324583187],[3.8541719842497173,7.3708900863084645],[3.854274263246679,7.371003890117494],[3.854416565672011,7.37112108077332],[3.854529799310854,7.371236578005719],[3.8546181199303646,7.371376985559493],[3.8546702068646255,7.371564951961032],[3.8547811751112135,7.371854826838843],[3.8549012013294264,7.372081292317828],[3.854987258355323,7.372203583028977],[3.8551774892497974,7.37245722422159],[3.855383571594587,7.372735775735522],[3.8555873903458178,7.3729305347164305],[3.8556983576930857,7.372993945913947],[3.8558795297165602,7.373116236625095],[3.8562056391789388,7.373313260998261],[3.8564502223998716,7.373496698413931],[3.856668760355035,7.373702780758777],[3.856955237594207,7.374002846754024],[3.8571171614278796,7.374154577671674],[3.857311921308167,7.374324427230588],[3.8574625199793777,7.374410484256483],[3.857738807000374,7.3745327749676335],[3.858323086641178,7.37475584280793],[3.8585212432608387,7.374840766688066],[3.8584204661316326,7.375138568190436],[3.8583072342914875,7.375420517343059],[3.858221177265591,7.375676423028551],[3.8582483529791616,7.375887035258529],[3.8582598103420196,7.375931772033709],[3.8582959109276094,7.3760727362678145],[3.858354792239935,7.376201821357031],[3.85841977185504,7.376285646265614],[3.8584680240800817,7.37634789104237],[3.858583521312482,7.376493960727772],[3.8586673129461815,7.376624178063423],[3.8587409143617597,7.3767713808945805],[3.8588088536457112,7.377054462293643],[3.8588202651431516,7.377300755125815],[3.858822442401845,7.377347733910824],[3.858808233113507,7.377436143563216],[3.858769410280104,7.377531403351608],[3.859099066668648,7.377890100647677],[3.859764853665126,7.378506928551985],[3.8602912808179903,7.379018955760274],[3.8604009018801544,7.379110763051304],[3.860781362769728,7.379423284656923],[3.8611572946734323,7.379649750135909],[3.8613747021807963,7.379443666891746],[3.861474346164186,7.379126616300368],[3.8616102247321464,7.378651040413219],[3.8618412191969465,7.378254726274635],[3.86231226609823,7.377681769997763],[3.8621809174154573,7.377631946657061],[3.8614947283990664,7.37736018862188],[3.8609648001854566,7.377185810976472],[3.8608320836337957,7.377118329447396],[3.8610055637558394,7.376769116401648],[3.8613044966052716,7.376055750772309],[3.8614947283990655,7.375593762742029],[3.8616713714366715,7.375288034615155],[3.8619091593802755,7.374934750338524],[3.8620116731002554,7.374713380418199],[3.862065420183057,7.37459731661289],[3.8618208369621243,7.374508995993439],[3.8613679078027303,7.374343677218974],[3.8609059188731285,7.3741874164161905],[3.860445464186853,7.374057252140519],[3.8590061918823153,7.37349331516441],[3.8598717488821417,7.37048538419316],[3.860701058706922,7.367643361951651],[3.860822171306211,7.367249178306965],[3.8610978009228343,7.3667697479255585],[3.8613614749521608,7.366377042766373],[3.8619645576183075,7.365695418708639],[3.862820949627178,7.36477980724237],[3.863019251936976,7.364567792969299],[3.8638495429221393,7.363959100332236],[3.8640375632829778,7.363802042730129],[3.8650248534142975,7.3629773374342475],[3.866547989298341,7.362003988593244],[3.8670453593558705,7.361679618419716],[3.867266670820243,7.361510628612676],[3.867409135123523,7.361420541724669],[3.867800000269824,7.361211395389657],[3.868048684399298,7.3610783272030735],[3.8687246975867997,7.360837093956776],[3.8690052006295437,7.360759823307263],[3.869468032223949,7.360632326420781],[3.8698803731807065,7.36047804862312],[3.8700542849773,7.360382678218059],[3.870110086111651,7.360345838389774],[3.870149799273861,7.360319619554844],[3.87034320387579,7.360191934710088],[3.870609682890574,7.359961922304931],[3.8708621360787556,7.359703859145837],[3.8709186701605627,7.359632846878409],[3.87109214938323,7.359414940247348],[3.8712856969773957,7.3591232163634],[3.871381068281721,7.358957718623855],[3.871456803788533,7.358831491580133],[3.8716307155851264,7.3589324728553684],[3.8718864539966944,7.359108525038436],[3.871930855324762,7.3591358392476405],[3.87219452935409,7.359301336087811],[3.872291302701513,7.35915968117439],[3.872362831179771,7.359050284942724],[3.872441371672039,7.358942290754156],[3.8724778382816685,7.358928265826878],[3.872567598715761,7.358957718623857],[3.872693824860164,7.359046077014912],[3.872745596132405,7.359089361384974],[3.872784989135993,7.3591638891022635],[3.872834076831225,7.359227001724776],[3.872866334613718,7.359288713203625],[3.872921033179182,7.359332190927942],[3.87292944903487,7.359403720305522],[3.8729112161797166,7.359458417971665],[3.8728999962378907,7.359522934435914],[3.872916826150629,7.359588852043941],[3.872914021165173,7.359660381421519],[3.872914021165173,7.359733311942819],[3.8729294490348702,7.3598090483489464],[3.872953290961675,7.3599549102909245],[3.8729560959471314,7.360039060754105],[3.872982743758655,7.360117602145693],[3.8730192103682843,7.360214376392377],[3.873089335904183,7.360309746797441],[3.8732071470922165,7.360371458276234],[3.873266052686233,7.360416338043593],[3.8733165442232007,7.3604892685649475],[3.873337582063811,7.360553785029195],[3.8733684369038888,7.360621105579585],[3.873452588266389,7.3606603762754075],[3.8735619835987336,7.360726294782752],[3.8736826006715437,7.360838495999811],[3.8737457141933755,7.360863741768296],[3.8738205090093056,7.360879768586471],[3.8738438913825353,7.360884778709647],[3.8739420667729982,7.360936673188974],[3.8740093882227593,7.360978747970876],[3.8740276210779143,7.361026433623068],[3.8740739037876892,7.3610558873193686],[3.8741468352083075,7.3610643022757944],[3.874254829396932,7.361088145101859],[3.8743249549327743,7.361120402884353],[3.8743796525989183,7.361162477666255],[3.8744161183092847,7.361196139290428],[3.8744511810771773,7.361234007043834],[3.8744890488305836,7.361250836956632],[3.874550760309375,7.361274679782697],[3.874611067946489,7.361255043985127],[3.8746910122804366,7.361264861883911],[3.874842484193323,7.361302729637316],[3.8748579057677834,7.3612975891125],[3.874880351946729,7.361290106753073],[3.8749196226424942,7.3612718747972385],[3.874986943192937,7.36126345894155],[3.8750248109463428,7.36129291173853],[3.8750678821770634,7.3613409049588645],[3.875073900440214,7.361347611203371],[3.875114573179076,7.361392490970727],[3.875152440932425,7.361405113854972],[3.875256227193177,7.361398100941643],[3.875424529018857,7.361424748753222],[3.8755411980678796,7.361438544353407],[3.87578271999655,7.361467103224299],[3.8758396749610715,7.361473837347771],[3.876069688265545,7.361412125868979],[3.8761157443461802,7.36136653473784],[3.8762085372941897,7.361274679782697],[3.876308115627069,7.361260653956037],[3.876366130892279,7.36129092333749],[3.8764694063380607,7.361344806217857],[3.8766138653376756,7.3611105849855685],[3.876798997975414,7.360817459058525],[3.8769630918732227,7.360566407913437],[3.877051451163596,7.360630924377686],[3.8772826551704607,7.360761811708302],[3.8773908598004136,7.360823069029433],[3.877497451945885,7.360654766304487],[3.877600044806286,7.360504164935318],[3.877716245308534,7.360333589623507],[3.8778557886138283,7.3600531198556505],[3.8778578993226347,7.360048877753574],[3.8779587636860247,7.360119756021955],[3.878013579163394,7.360158274884556],[3.878306705090438,7.360368653290777],[3.8787148381193215,7.360621105579585],[3.8789903634145735,7.360787315582171],[3.8793193237278842,7.360985760884205],[3.879988852803365,7.361433449694006],[3.880090709118974,7.3612802897536085],[3.8802183382057933,7.361089547144955],[3.8802898666840515,7.3610166157242825],[3.8803633601809793,7.36098762338014],[3.8804427406400346,7.360956308087225],[3.8805282949448965,7.3608483138985985],[3.8806264712347343,7.360720684811779],[3.8807358683656608,7.360614092666311],[3.880901365205887,7.360656169246852],[3.8809361473853414,7.360676645011211],[3.881249188799074,7.360860936782839],[3.8813821553622474,7.3609514076813385],[3.8815702152932654,7.361059925275356],[3.8816306749157556,7.361026841915248],[3.8817304789784544,7.360843330755129],[3.8818900906551894,7.36058940267884],[3.881955385932371,7.3604863808418495],[3.882033741164263,7.360477675404468],[3.882110644890418,7.360521206188764],[3.882207863402243,7.36056038335505],[3.882310885239235,7.360447203675563],[3.882364572966707,7.360374652668156],[3.8824095552568,7.360291944717519],[3.8824770268932984,7.360208511014035],[3.8824818940242385,7.3602013766922045],[3.882485733230055,7.36018602076831],[3.8824683205565966,7.360156999645881],[3.882430593996788,7.360129430928568],[3.8822985519366844,7.360053977808887],[3.882294199217995,7.359972721364043],[3.882298551936685,7.359901620963058],[3.8823159637108233,7.359807304563503],[3.8823638481131297,7.359727498725136],[3.8824770268932975,7.3595664373412415],[3.882530713721508,7.359544671049774],[3.8827237001386834,7.359628829606833],[3.8828920181521775,7.359728950230931],[3.88307339522106,7.359817462406],[3.883116925106038,7.359768128296536],[3.883205437281163,7.359776833733918],[3.8833215190729224,7.359837777191728],[3.88350144463601,7.359929190579749],[3.8835452910823838,7.359966168903612],[3.883566739913192,7.359900170356639],[3.883642193032812,7.359791344295163],[3.8837132934337997,7.359742010185699],[3.883782942328992,7.3596694591782335],[3.88375101909429,7.3595214550511505],[3.8837800402167204,7.359414079596149],[3.8838888662781983,7.359297997804389],[3.884210991743941,7.3590963068491515],[3.884559236219843,7.3588873610629],[3.8847681820060407,7.358774181383409],[3.884951009681402,7.358663903816138],[3.8851135243697286,7.358589902202255],[3.8851947808145164,7.358597157033215],[3.8853427849415993,7.358707434600489],[3.885352509310905,7.358708522780151],[3.8855372210659307,7.358729199992638],[3.8858593474309955,7.358527509037341],[3.8863454372921638,7.358232952288971],[3.8867415652710524,7.35803126133368],[3.8873307992770383,7.357737238782591],[3.888033926124819,7.357350734448858],[3.8875734525528283,7.356791998252162],[3.887572984905375,7.3567910962321434],[3.887266833197827,7.356513497100254],[3.8867270547098647,7.355979522836776],[3.88600734975944,7.355259818785669],[3.885455963721824,7.3547287466344065],[3.8848610468998572,7.354183164821221],[3.88461147244152,7.354003239258133],[3.8842437801263827,7.353745375748531],[3.8837112708584987,7.353379113355459],[3.882124385631926,7.352428826729014],[3.8811401828731955,7.351410711435221],[3.880156350635104,7.3493894833380295],[3.87926210885928,7.34826334058073],[3.877592849330597,7.345962639164497]]]}},{"type":"Feature","properties":{"name":"Alesinloye","label":"Alesinloye","lga":"Ibadan South West","people":20379,"walk":12.57,"walk_clinic":12.39,"walk_school":12.74,"f15":66.42,"f15_health":72.8,"f15_school":64.0,"beyond":6843,"clinics":3,"schools":9,"off_pct":0.0,"hexes":31,"gini":0.18,"share":1.78,"rank":54.0,"of":59,"reading":"About half the people here can walk to clinics and schools in 15 minutes. Schools are the weaker of the two services. That is 19 points below the city as a whole."},"geometry":{"type":"Polygon","coordinates":[[[3.8741548427718158,7.386373474756111],[3.874405043158277,7.3867034800815645],[3.875217371084829,7.38737729982256],[3.876376459605979,7.38827567218459],[3.8774639539983013,7.388708042841925],[3.8775896846162814,7.388595030436362],[3.877888468178298,7.3881056121842885],[3.8781821543829555,7.387596556336065],[3.878351839365963,7.38735725573281],[3.878571559929582,7.387196272589959],[3.8791328259192146,7.386854727163949],[3.8794917759247483,7.386624129300174],[3.8800617437545384,7.386219494634023],[3.8805468704417763,7.385899703808319],[3.880753538245244,7.385658227745067],[3.88092430870995,7.385304152065032],[3.8810570270601947,7.384943592273032],[3.881030159814088,7.38493471686377],[3.8810284996655473,7.384933717716931],[3.880999019888918,7.384929213912131],[3.880867104633239,7.384875428158522],[3.8806848003632695,7.384817114318421],[3.880340008384735,7.384805224381639],[3.8798961362977016,7.38480862112101],[3.8798446456139573,7.384808471833537],[3.8798365849904726,7.384808713751168],[3.8795167941647715,7.384819591051326],[3.8795108460487318,7.384819123403873],[3.879406971654475,7.38482334122426],[3.8793412968634016,7.384812017860382],[3.8793084599175254,7.384670478060168],[3.8792971356543267,7.384536863085826],[3.8792961401048274,7.384512692007208],[3.87928619630094,7.3844530282846685],[3.8792840199416214,7.384169131200507],[3.8792655289810236,7.3839211296564695],[3.8792677044410766,7.383629618911814],[3.8792111433796204,7.383339196346867],[3.879167161135626,7.3831574046905075],[3.878756473132796,7.383223896965318],[3.878271347344878,7.383271757085991],[3.8777775197168003,7.3833065644464595],[3.877458816171497,7.383347898187025],[3.8773674468502577,7.383367477327282],[3.877247797447921,7.3833653018672285],[3.877157516306397,7.383289160766194],[3.8770900770454664,7.383172774104308],[3.8769639003637626,7.382905194319336],[3.876778987160606,7.382513612413334],[3.876644108638742,7.382337401050279],[3.8764896518760006,7.382300418229759],[3.876228597571753,7.382385260271574],[3.8759849469477676,7.382472278672766],[3.8756847352623813,7.382589752615046],[3.875386698137674,7.382733332977011],[3.8750408008922936,7.3828595087593945],[3.8748406585696094,7.382409190331943],[3.8744969376836025,7.3816695366198815],[3.8740944793767644,7.380758021565496],[3.8737833885925848,7.3801423690751475],[3.8735962999293743,7.380050999753906],[3.8730611385607303,7.3798312800895465],[3.872752225035186,7.37967464696743],[3.8725819959623773,7.379477754794606],[3.8725716618527604,7.379465803703909],[3.87240632778986,7.379174292959306],[3.8722322918868026,7.378858852154338],[3.872064782363849,7.378734851832006],[3.8718929210215256,7.378639131590717],[3.8718335486793753,7.378555115126515],[3.8718798691606935,7.378460744767606],[3.8719451320622507,7.378332392625849],[3.872049554143644,7.378199689564099],[3.872182256306132,7.378049583721348],[3.872145274384934,7.377858144138089],[3.872016922243233,7.3776188453334735],[3.8717884998394534,7.377410001170685],[3.8715905329767675,7.377242490748417],[3.8716710249978523,7.376987963723594],[3.871827658119969,7.37677041772065],[3.8720908869848936,7.376602909097017],[3.8724911707309957,7.376376661253969],[3.8728218388568507,7.3761917480507595],[3.8729458400785006,7.376028589447911],[3.872993700199174,7.375808867984915],[3.872965419218758,7.375484726239167],[3.8731046477613513,7.37539118235725],[3.8734026848860594,7.375343322236575],[3.873802967732843,7.375254128375389],[3.8739313198745435,7.375149706293938],[3.874027040115834,7.374879950149648],[3.874161917738376,7.374405701661827],[3.874327251801275,7.37395103231432],[3.8743591138820643,7.373835691563955],[3.8743996373334544,7.373689002245724],[3.8745357551210304,7.37327652639061],[3.8742222361673275,7.373149080765528],[3.873691551623836,7.372950615678405],[3.873295241981907,7.372808339333459],[3.8719936648757884,7.372249721847254],[3.8712649253361064,7.371907165583252],[3.871023421393829,7.371809348122951],[3.8707927650741,7.371686999855225],[3.8705970600063897,7.371583192010745],[3.8705609081594052,7.371551316440161],[3.8704897106317167,7.371488540164023],[3.870318837644277,7.3713731031862135],[3.8702604563550267,7.371440135054229],[3.87020154986169,7.371534104315514],[3.8696742027023565,7.3712634182721795],[3.86919033416666,7.371064259807782],[3.8676728091528503,7.370441542243441],[3.8672913239354902,7.370256408706324],[3.8664974977613724,7.36994785490964],[3.8657597730950783,7.369701011692372],[3.864061995165002,7.369035291245723],[3.862343850288483,7.368326606587685],[3.860701058706922,7.367643361951651],[3.8598717488821417,7.37048538419316],[3.8590061918823153,7.37349331516441],[3.860445464186853,7.374057252140519],[3.8609059188731285,7.3741874164161905],[3.8613679078027303,7.374343677218974],[3.8618208369621243,7.374508995993439],[3.862065420183057,7.37459731661289],[3.8620116731002554,7.374713380418199],[3.8619091593802755,7.374934750338524],[3.8616713714366715,7.375288034615155],[3.8614947283990655,7.375593762742029],[3.8613044966052716,7.376055750772309],[3.8610055637558394,7.376769116401648],[3.8608320836337957,7.377118329447396],[3.8609648001854566,7.377185810976472],[3.8614947283990664,7.37736018862188],[3.8621809174154573,7.377631946657061],[3.86231226609823,7.377681769997763],[3.8618412191969465,7.378254726274635],[3.8616102247321464,7.378651040413219],[3.861474346164186,7.379126616300368],[3.8613747021807963,7.379443666891746],[3.8611572946734323,7.379649750135909],[3.860781362769728,7.379423284656923],[3.8604009018801544,7.379110763051304],[3.8602912808179903,7.379018955760274],[3.859764853665126,7.378506928551985],[3.859099066668648,7.377890100647677],[3.858769410280104,7.377531403351608],[3.8586783916944674,7.377545248414547],[3.858539361002783,7.377541360645349],[3.858434053988447,7.377592316232438],[3.858421599277449,7.377652328891938],[3.858399699886263,7.377775382228151],[3.8583978203031966,7.377785943866285],[3.8583661147044954,7.37792182333351],[3.8583491301083095,7.377998820589142],[3.8581069822514564,7.3779685521070615],[3.8580954889157515,7.377967115889761],[3.8576538831202356,7.377935410291],[3.8571126306434285,7.378005614967209],[3.856677819226036,7.378116582314474],[3.8563449153855918,7.378247931896565],[3.855903308690812,7.3784925142181805],[3.8556156983058822,7.378737095640473],[3.8552080608034207,7.379108498558426],[3.8548842167332396,7.379556898731948],[3.8546441642968152,7.380084563351943],[3.8546164678757573,7.38020136729932],[3.8546155011045475,7.380201954556583],[3.854549593389095,7.380468447960538],[3.8544489637487236,7.3809383797025125],[3.8544164019954215,7.381600213279285],[3.8544290608525102,7.381878711733237],[3.8544290608525094,7.3821382228007915],[3.8544417197096545,7.382372416154113],[3.854432225566825,7.382679397935931],[3.8543752598104675,7.382929413961335],[3.854289811625562,7.383220573071015],[3.8542170222978025,7.383413624239439],[3.854137902642151,7.383647815794118],[3.8541885389699364,7.383771242348983],[3.8542834821969905,7.383837702248231],[3.8545904639787523,7.383961127903775],[3.8548531397606203,7.383999105374473],[3.8551601224417595,7.384021259273767],[3.855473433652094,7.384068729987971],[3.8556981319632655,7.384157343786456],[3.8558652646702853,7.384245195859136],[3.85600907256071,7.384428046017545],[3.8564734545863075,7.384486266328167],[3.8566427168879045,7.3845306352806706],[3.856967312791312,7.3845481810537885],[3.8573130526552855,7.384566869865182],[3.8579562127090985,7.38459857456462],[3.8583819670541857,7.384707278318274],[3.8584175046641462,7.384729993394503],[3.858821309256086,7.3849880952244575],[3.8591428897325954,7.385232676646751],[3.8594916459227875,7.385549728137503],[3.8598132263993534,7.385821486172688],[3.86019368728887,7.386079656351114],[3.8604114032636985,7.386276880373771],[3.8608074943704196,7.386478663059905],[3.8613305409717213,7.386582407951834],[3.8617427065607335,7.386713756634605],[3.8619238785841503,7.386740933247495],[3.8624085142415656,7.386718287419059],[3.862684801262617,7.386854165987018],[3.8631332023354608,7.386985514669787],[3.8635408389386043,7.387125924022201],[3.8639892391121293,7.387184805334526],[3.865019655332901,7.387341065238045],[3.8654997602058074,7.3874610923555775],[3.8659300444360265,7.387694351313314],[3.8666184970460336,7.387852875709712],[3.8675470029918406,7.388024988862181],[3.867782527341831,7.387984226191121],[3.8679070834451745,7.387766818683757],[3.867913876923922,7.387508649404708],[3.8678844358180973,7.387393152172306],[3.8678731133535402,7.387300301667665],[3.8682354574004885,7.387182539942331],[3.8688480441019797,7.386987780062044],[3.8696055700410734,7.386739801001056],[3.869690493921212,7.386675257557157],[3.8700652926791577,7.386496350925883],[3.870871508813138,7.3862291227758305],[3.8708579209563254,7.386052479738225],[3.870855655564127,7.385690135691279],[3.870887068883178,7.3854510482273685],[3.8709666238107157,7.385080944829781],[3.8711387369631893,7.384655191384014],[3.8714037006203617,7.3842973772222535],[3.87182945496545,7.383815006057713],[3.8723593831790595,7.383239785287912],[3.8727307860969518,7.38344133864689],[3.8733014769816236,7.383939562161116],[3.873564177045182,7.384428725905022],[3.873777053768038,7.385257587867444],[3.8739627547773807,7.385918865663144],[3.8741548427718158,7.386373474756111]]]}},{"type":"Feature","properties":{"name":"Oke Adu","label":"Oke Adu","lga":"Ibadan North East","people":32951,"walk":6.76,"walk_clinic":5.83,"walk_school":7.68,"f15":100.0,"f15_health":100.0,"f15_school":100.0,"beyond":0,"clinics":18,"schools":11,"off_pct":0.0,"hexes":22,"gini":0.15,"share":2.89,"rank":1.0,"of":59,"reading":"Most people here already finish inside 15 minutes. Clinics and schools are about even. That is 15 points above the city as a whole."},"geometry":{"type":"Polygon","coordinates":[[[3.909943408561503,7.384461043042735],[3.9098579729671314,7.3845023480050145],[3.909871955626272,7.384592130922156],[3.909840286000474,7.384741784405887],[3.9098435910089506,7.385015035315689],[3.9098281658372116,7.385302608828396],[3.9097951112554488,7.385460169151543],[3.909727900422296,7.385683837738953],[3.909625430769041,7.385981328975218],[3.9095427947642065,7.386221525303201],[3.9096199224215407,7.386276615973087],[3.9098050280796315,7.3863405208983846],[3.9099174127584324,7.386416546886153],[3.910052936993508,7.386561987046093],[3.910168626680842,7.386739379219022],[3.910240245990622,7.386853968136168],[3.910309660162738,7.386914568052929],[3.9104044163307776,7.386981778886021],[3.9104573036617016,7.387033565446759],[3.9105090893230563,7.387132728292841],[3.9105785043944934,7.387228586130391],[3.9106776672405767,7.387324443967942],[3.910780135994514,7.387421404374379],[3.9108826047484513,7.387528280705624],[3.9109050860009793,7.387570627082824],[3.9109682561801256,7.387631273764324],[3.911106733788756,7.387690911406481],[3.9111986939645935,7.387760713186424],[3.911314634562757,7.38778044701007],[3.9113772372697326,7.387791103077006],[3.911622257561191,7.387772109395371],[3.9119128635878146,7.3877797068680024],[3.912195873041128,7.387838588180331],[3.9124067056050085,7.387927859383241],[3.9125605562247188,7.3879981360051925],[3.912644129323155,7.388191874255652],[3.912666921741107,7.388286842663719],[3.9127277024215905,7.388406504656529],[3.9128112746206507,7.388518569176655],[3.9128378666742383,7.388619236588566],[3.9128663580959824,7.388727502372376],[3.9129755726646067,7.388926937827988],[3.9131284727009183,7.389180506175478],[3.913250983745968,7.389408433052778],[3.9132861229562645,7.389475860622498],[3.9134297177073445,7.389422109942472],[3.913588126091214,7.389353349577447],[3.9141636400399866,7.38914441818042],[3.9144428507569846,7.3890342530284],[3.91444763874756,7.38904107708407],[3.9145634624338754,7.389206147645667],[3.9146764748394953,7.389351451108608],[3.914714701422383,7.389335400908064],[3.914972779869971,7.389227040695403],[3.915258638375519,7.389167209698996],[3.915301813028293,7.389158104063311],[3.915519804195639,7.389112128022361],[3.9157914174400044,7.389008610658892],[3.916001299420486,7.388905095094115],[3.916156098824956,7.388853811254422],[3.9163839213809415,7.38909277910852],[3.9164666500159333,7.38917955559208],[3.9168094886670124,7.389546138143831],[3.917149480064495,7.389944060270238],[3.9172122230656896,7.390020384832953],[3.9174609800402322,7.390322987815694],[3.9177477873305406,7.390708564049019],[3.9179795129442136,7.390990623818309],[3.918069597134263,7.391136939018566],[3.9181286151435306,7.391232795956797],[3.918231181923545,7.391657309237474],[3.918254924025575,7.392051431728246],[3.9182556210001844,7.392148206874311],[3.918258338751399,7.39216298363482],[3.918260622130049,7.392342038654192],[3.918280566395083,7.392901408872944],[3.9182872141836356,7.393150228800098],[3.918282095242545,7.393217283151156],[3.9182682196026803,7.393399048727192],[3.9182188360305186,7.3936193781318575],[3.9181542566137195,7.393829261011662],[3.9180393439406207,7.393996407208476],[3.917932027840834,7.394136011667629],[3.9178674493233534,7.3942860635510215],[3.9178625426222884,7.394296699832866],[3.917807618326946,7.394438014802574],[3.917765369975882,7.394546705066432],[3.9177421962453995,7.3946063274201475],[3.9178352553927893,7.394669545263355],[3.9178571143144154,7.394666292415537],[3.918047891097331,7.394771356612864],[3.918136634398195,7.394839301292791],[3.9184125742809206,7.39505056822918],[3.918923508812952,7.395360167937442],[3.9200160250196068,7.396376955831897],[3.9211808134438115,7.397740347838806],[3.9231253491556117,7.399876277268449],[3.924202049884741,7.401166048074686],[3.925007096000741,7.402186589739356],[3.925269419248366,7.401947413242567],[3.925564531777752,7.401681231903351],[3.9258411398567428,7.401452350845376],[3.9261373999211178,7.401212522340075],[3.9262280560799923,7.401108364659366],[3.9262327703261235,7.401025852760935],[3.9262630181238483,7.400984377826831],[3.926332212861383,7.400934769424114],[3.926422869020257,7.400836397082116],[3.926517177325933,7.400755562419305],[3.926623469097877,7.400689804890646],[3.926851073118598,7.400539354607589],[3.9267854918570038,7.400398548654151],[3.926633113427499,7.400209521951922],[3.9263739261158426,7.399982947654964],[3.9263800010362497,7.399976353825708],[3.925996186574822,7.399515099642201],[3.9260714868096898,7.3994737659016305],[3.926192371880518,7.399476560994513],[3.926383327628514,7.399426411199956],[3.9265530656714978,7.399372403313805],[3.9267989942782155,7.399329968803044],[3.927192479149653,7.399285605246517],[3.9274364778112276,7.399288498365536],[3.927663116859378,7.39937529733214],[3.9278396061129692,7.3994138728519925],[3.928027668741947,7.399435090557005],[3.9282649170922928,7.399439912721846],[3.9284259757782247,7.399453415143055],[3.9285272403399176,7.399410015659725],[3.928622717764256,7.399313573262815],[3.9288040291826287,7.399144799293083],[3.9289766612439507,7.3989654169204755],[3.929198478127318,7.398755173412553],[3.929362429932268,7.398594113827357],[3.929539884158374,7.398428232976641],[3.9298050996256966,7.398156266298713],[3.9299266178192056,7.398034749004523],[3.9300597075894643,7.397931555397008],[3.930294062820792,7.397827397716297],[3.9305785678466805,7.39771841787075],[3.930807135940597,7.397613296116789],[3.930967799824146,7.39753132381162],[3.9311196278685534,7.397492467703274],[3.931225500556479,7.397340118951377],[3.93121533282141,7.397248602141303],[3.93108743034071,7.397072433945706],[3.9309136741268285,7.396886612427295],[3.930785770746752,7.396746641943994],[3.9306819997744924,7.396597019936565],[3.9305299639867144,7.396514967591713],[3.9303055300762257,7.39639913131492],[3.9300931632689076,7.3962832941387555],[3.9299169941739933,7.3961746974044305],[3.9297311717562033,7.3961022992817185],[3.929557417340959,7.396073340212525],[3.9294850192183057,7.396054033566827],[3.929465712572608,7.395906824440431],[3.92943675260409,7.395692043852762],[3.92941262109565,7.3954555428391],[3.9293571158382865,7.395303507051266],[3.929185773404753,7.3951949103168895],[3.928999951886339,7.395100792667504],[3.9288068899260797,7.395057353614048],[3.9287344918034246,7.394989782152778],[3.9286620936807135,7.3948473987884995],[3.9286331346115166,7.394714668746987],[3.928584868896621,7.394475755751558],[3.9285148845543176,7.393978622215684],[3.9284835117047683,7.393669723978631],[3.928428007346724,7.393336693333766],[3.928403874039589,7.393049513724121],[3.928358022105101,7.392793706964028],[3.9283145830515878,7.392569273053537],[3.92793811335332,7.392627191191991],[3.92794535289579,7.392086618602604],[3.9279871174115892,7.391550711696028],[3.9280390676489105,7.391084746863612],[3.9280644078461937,7.391003773705218],[3.928059331173245,7.390908575070738],[3.9280669754106152,7.390652503909961],[3.9280918182828364,7.390274130346882],[3.9280650643513004,7.390071567049231],[3.928023022844286,7.389754344687331],[3.9279809813372704,7.389421834749897],[3.9279676039218434,7.389196338740077],[3.927961870743786,7.388988043163691],[3.9279484942276772,7.388850452286589],[3.9279045416612925,7.388550428559481],[3.9278510346975395,7.388361241777944],[3.927766951683509,7.388235118156217],[3.927675225331427,7.3881472130235],[3.9276026077741912,7.387963759420016],[3.9275567441484895,7.387766928401049],[3.9274841265911964,7.3877420864282035],[3.927210856795625,7.38780514778938],[3.926876435798931,7.38787394322793],[3.9265057073725416,7.387937004589163],[3.9259801876356164,7.388041154175994],[3.9255683727822084,7.388094661139747],[3.92518139990176,7.3881472130235],[3.924855578222377,7.388188298551199],[3.9246759458382594,7.388193075749883],[3.9243988548233233,7.388202631046625],[3.9239430874035857,7.388173010975719],[3.9235905108934053,7.388148168103497],[3.923347817148113,7.38811663697328],[3.9231490759691496,7.3880449762946805],[3.9230286837268413,7.387973313817437],[3.9228910937490022,7.387852921575132],[3.9227764346847493,7.387732531131462],[3.9226254681908586,7.387535700112494],[3.9224897883730705,7.387373267262548],[3.9223197121850144,7.387235677284707],[3.922153457216325,7.387126751398513],[3.9219508930193565,7.387017824612944],[3.9217120213926937,7.386910810685435],[3.921441617736491,7.386790419342446],[3.920874057391871,7.386556324015204],[3.9206846547730265,7.386503130015512],[3.920649518260688,7.386493261754651],[3.9204049116573856,7.386487528576651],[3.920221458953221,7.386487528576652],[3.9200552039845316,7.38642637827479],[3.9197781120702757,7.386376693429725],[3.9195105745534433,7.38630980815117],[3.9192315733784544,7.386267766644153],[3.9191646880998983,7.386237190593931],[3.9191761535566907,7.386200883164293],[3.919172332337325,7.386076668803297],[3.919145579305108,7.385969653976418],[3.9191742433966397,7.385860728989487],[3.9191990862688613,7.3857212270530095],[3.919160865981212,7.385570259659799],[3.919187619912806,7.385392539234373],[3.9191914420314893,7.385262592594642],[3.919124557652254,7.385010343552553],[3.919145579305109,7.384899506606984],[3.919195264150176,7.384748540113095],[3.919222018081712,7.384576551966347],[3.91923539459782,7.384431317751136],[3.919164688099897,7.38432048080557],[3.919076782967181,7.3842096447593235],[3.919065318409764,7.384052944188057],[3.91904620781628,7.383865669365209],[3.9189984331312084,7.38369559227783],[3.9189640358616202,7.383491117021489],[3.9189946110125216,7.383376458856558],[3.919006077368636,7.383242690098144],[3.9189946110125224,7.383129942992526],[3.919034742359544,7.383040126800438],[3.919015631766058,7.382862406375013],[3.9189984331312067,7.382657931118672],[3.9189817920760683,7.382562619169561],[3.9189563916242487,7.382417148432694],[3.918962124802249,7.382262358920799],[3.9189583026835635,7.38198526700654],[3.9189372819300843,7.381851499147445],[3.9189726351790446,7.381756905756618],[3.919040474638223,7.381723462667706],[3.919093027421355,7.381621225938886],[3.9191398461270537,7.381513256032007],[3.9192029083875473,7.381430128097973],[3.9192277512597684,7.3813603775794245],[3.9192669257280954,7.381287760921451],[3.919366296317549,7.381121505952764],[3.919421715239992,7.381020224303936],[3.9195296851469266,7.380903654180373],[3.9196615419466525,7.38073357709294],[3.9196137681608993,7.3807068240607245],[3.919358652979497,7.380648538998913],[3.919029009181486,7.380610318711262],[3.918725164235014,7.380604586432584],[3.918395520436946,7.380610318711262],[3.918133716098168,7.380632296343435],[3.9178872002341336,7.380641849841537],[3.917767302618983,7.3806552488406965],[3.917705895110998,7.380662110667911],[3.917553735216757,7.3806791141498715],[3.9174444576956375,7.380721051335512],[3.9174403522904995,7.380721976737902],[3.91710610756087,7.380856693381758],[3.916754031073708,7.381001855651161],[3.9161893377677757,7.381228714133895],[3.915955713685264,7.381307538811937],[3.9160104383311127,7.381641966103925],[3.916041186151858,7.381829871351554],[3.9160806457052786,7.382261152929913],[3.9160953190437913,7.3824215299297276],[3.9161057655686595,7.38264945680703],[3.9160111982582184,7.3826196226974625],[3.9158218073305875,7.382582029237312],[3.9157123931125284,7.382557575771557],[3.9156972422339904,7.382559369019704],[3.9155036586669785,7.382522198240905],[3.914709714681634,7.38237309604159],[3.914643423854955,7.382352033019969],[3.914475140015724,7.382319912833737],[3.914414164182405,7.382308066064469],[3.914308944402307,7.382287622675676],[3.914130401097168,7.382270529261575],[3.9137609703925023,7.382287622675676],[3.913456118205318,7.382300919152157],[3.91311286496682,7.382297528708025],[3.91307149165607,7.382297120415841],[3.9127799359453093,7.382260081837329],[3.9127103122311833,7.382254226351508],[3.9126783179500535,7.382251534680619],[3.9125257281798445,7.382444929390033],[3.9123373777678125,7.382683646333249],[3.912203471413136,7.3828460441096695],[3.912038223685102,7.382980900148484],[3.911981107741951,7.383007603717998],[3.9118188448638302,7.383083466928497],[3.91145416168024,7.383258210598],[3.910899539881881,7.383526974790129],[3.9106915572696153,7.383661830828883],[3.9104930705987617,7.3838403741340235],[3.9103021831992355,7.3840094187996765],[3.910089451267198,7.384237345677037],[3.909992581692337,7.384388348143771],[3.9099829661410017,7.384408439897641],[3.909943408561503,7.384461043042735]]]}},{"type":"Feature","properties":{"name":"Challenge","label":"Challenge","lga":"Ibadan South East","people":35189,"walk":9.21,"walk_clinic":9.95,"walk_school":8.47,"f15":92.3,"f15_health":83.12,"f15_school":97.54,"beyond":2708,"clinics":16,"schools":20,"off_pct":0.0,"hexes":40,"gini":0.21,"share":3.08,"rank":46.0,"of":59,"reading":"Most people here already finish inside 15 minutes. Clinics are the weaker of the two services. That is 7 points above the city as a whole."},"geometry":{"type":"Polygon","coordinates":[[[3.877592849330597,7.345962639164497],[3.87926210885928,7.34826334058073],[3.880156350635104,7.3493894833380295],[3.8811401828731955,7.351410711435221],[3.882124385631926,7.352428826729014],[3.8837112708584987,7.353379113355459],[3.8842437801263827,7.353745375748531],[3.88461147244152,7.354003239258133],[3.8848610468998572,7.354183164821221],[3.885455963721824,7.3547287466344065],[3.88600734975944,7.355259818785669],[3.8867270547098647,7.355979522836776],[3.887266833197827,7.356513497100254],[3.887572984905375,7.3567910962321434],[3.8875734525528283,7.356791998252162],[3.888033926124819,7.357350734448858],[3.888249623121681,7.357520723402725],[3.8884911468489918,7.357635763779513],[3.888721476714807,7.357441422983358],[3.8889797584091643,7.357168630727757],[3.889300433268432,7.356769602435236],[3.8895630667821597,7.356502615303494],[3.889770561961939,7.3562762559445245],[3.8900172352072677,7.356009268812726],[3.8902029649948986,7.3558351465748055],[3.889617956903236,7.355231223941872],[3.8890156809289924,7.354617070621375],[3.888673535655187,7.354231986317188],[3.8885811150265113,7.353365290775573],[3.8886342802478566,7.352853661067628],[3.888563587239788,7.352441112367502],[3.8884685891541158,7.352048689595393],[3.888167808197864,7.351372099043204],[3.887639565313747,7.350492678094668],[3.8871439741151335,7.34964254896454],[3.886947705172531,7.348576289364301],[3.88673272673401,7.347992649141474],[3.8868533474040996,7.347764066658386],[3.8875657192825774,7.3479451658367925],[3.8887459877371957,7.3482927007476055],[3.8892420267981707,7.348260963672599],[3.889644030947295,7.348164174137367],[3.8901319320430616,7.348225174252432],[3.8907184429018575,7.348080053351849],[3.891628410223007,7.347929730772477],[3.8917219837825883,7.347565115038095],[3.8917413443875835,7.347110150712923],[3.8917252114493976,7.346742309110312],[3.8917768379307627,7.34621635769878],[3.8918833176610406,7.345464538857412],[3.89192203887103,7.344577199378309],[3.891938171809215,7.344051247966771],[3.89185427765284,7.34369631163554],[3.8917671576282937,7.343205854666507],[3.891615503152991,7.3426702247511475],[3.891590652186892,7.342509189447584],[3.891534835764104,7.342147501006422],[3.8915090216240733,7.341473121887135],[3.8914864351509095,7.340798743667109],[3.891515476058431,7.340230846976056],[3.891570329307285,7.339753296177719],[3.891744571155072,7.339282198914418],[3.891794121101838,7.339077803697707],[3.8918466289188127,7.338861209177535],[3.8919897991898997,7.338556194213027],[3.8919833456549213,7.338152858167916],[3.8918252376446394,7.337843094783067],[3.891544516066631,7.337491386118641],[3.891128272951505,7.337055783297786],[3.890895951087316,7.33665889988839],[3.890895951087316,7.336303963557102],[3.8909378981655323,7.336032922281562],[3.888741883231376,7.334894162035995],[3.886598584756939,7.333966008624429],[3.885228949656323,7.333597093231332],[3.8836205139755866,7.333331117836852],[3.882474622106202,7.333242934813655],[3.8806931056024037,7.333312099873581],[3.879209906811808,7.333453431031047],[3.8776383676166124,7.333017169906495],[3.876669544164202,7.3324995444185115],[3.8756263737581667,7.331423868916489],[3.8752421060384004,7.330070035803544],[3.8745177605862287,7.330232331956609],[3.8741211883422,7.330548253898825],[3.8727939409876626,7.330608269256286],[3.8713925481276314,7.331239078920419],[3.8705073832092003,7.331447012969306],[3.868061967385926,7.331730195092462],[3.868305332924819,7.332276568309053],[3.8689754285732074,7.333104569620215],[3.8698427716266797,7.334229454225976],[3.8700919413900587,7.335663836017259],[3.870314625219805,7.3371445949471195],[3.870466248218804,7.33849678859599],[3.8706200502751362,7.338885203089716],[3.870834543079752,7.339583084192043],[3.8710101797760217,7.340181785361154],[3.8711174805873148,7.340273757228147],[3.871368315895097,7.34091720866229],[3.871728366670823,7.341374933906137],[3.8723010018897517,7.342031835600778],[3.8727031868026525,7.34244742670745],[3.8730134439153394,7.342705974601073],[3.873327532139968,7.342943454976535],[3.874005501352827,7.343357131426502],[3.874853919972452,7.343889548064225],[3.8755338038420177,7.344341526640163],[3.8763496652049403,7.344866282852708],[3.877088918718697,7.345322091641266],[3.8774675701722576,7.345438990916763],[3.877592849330597,7.345962639164497]]]}},{"type":"Feature","properties":{"name":"Oke Itunu","label":"Oke Itunu","lga":"Ibadan North","people":9669,"walk":6.28,"walk_clinic":5.67,"walk_school":6.89,"f15":100.0,"f15_health":100.0,"f15_school":100.0,"beyond":0,"clinics":5,"schools":5,"off_pct":0.0,"hexes":10,"gini":0.11,"share":0.85,"rank":1.0,"of":59,"reading":"Most people here already finish inside 15 minutes. Clinics and schools are about even. That is 15 points above the city as a whole."},"geometry":{"type":"Polygon","coordinates":[[[3.8853509543831137,7.413396354857925],[3.8860279883010658,7.414119604935875],[3.886654778894979,7.415221374267048],[3.8871863672570726,7.416184967262497],[3.8877403397449375,7.417141970925289],[3.888712373777082,7.418872172113085],[3.889125455775229,7.419402262204699],[3.8896254248734867,7.419726734001642],[3.8903254040941984,7.41984440669404],[3.890898782153101,7.419746669273422],[3.8911752832128172,7.419669973290696],[3.891916231948586,7.4193166008804505],[3.892552052635154,7.4191665750774405],[3.893104425229068,7.419320196369996],[3.8946882095932556,7.419826174738205],[3.8961565353958463,7.420246573620544],[3.8969310288439365,7.420666556116712],[3.897240908241372,7.420721598223223],[3.89532052202452,7.416082893310942],[3.8943055165863716,7.412828568783482],[3.8930925496814552,7.411970560692851],[3.8925191761191513,7.411555254671327],[3.891599783902961,7.410869434376935],[3.890785368649915,7.4100152699887785],[3.889931412005126,7.408789271008117],[3.889519475743271,7.407953628157485],[3.8892984268809414,7.407326144186239],[3.8893425170435876,7.407008838187379],[3.8893311855857737,7.406663449958274],[3.8893542855718697,7.40617729534597],[3.889248203341936,7.406150338167608],[3.888814105986228,7.406042272033289],[3.8884404529645735,7.405959849167744],[3.888158382403446,7.4059213842644995],[3.8880374937353963,7.405860939930504],[3.8879019533125647,7.405816981068884],[3.887683989124867,7.405751041877124],[3.8874257290142396,7.40568327166568],[3.887306326026192,7.405966464580728],[3.887255154601746,7.4065512325533955],[3.887267728922608,7.407378094423563],[3.887451148351886,7.408541481704048],[3.8875511277823875,7.409547686376698],[3.8873764488640736,7.409972739250577],[3.887085315834724,7.410325009091933],[3.886575833707809,7.410648166080023],[3.8861362253065863,7.410974235072954],[3.885807245208241,7.411282834735061],[3.885507378862485,7.41173409025612],[3.8850270095888972,7.412255216804852],[3.884680562857739,7.412543437829413],[3.8843806956126627,7.41272976296824],[3.8853509543831137,7.413396354857925]]]}},{"type":"Feature","properties":{"name":"Agodi","label":"Agodi","lga":"Ibadan North","people":21135,"walk":7.83,"walk_clinic":7.44,"walk_school":8.22,"f15":100.0,"f15_health":100.0,"f15_school":100.0,"beyond":0,"clinics":13,"schools":8,"off_pct":0.0,"hexes":25,"gini":0.15,"share":1.85,"rank":1.0,"of":59,"reading":"Most people here already finish inside 15 minutes. Clinics and schools are about even. That is 15 points above the city as a whole."},"geometry":{"type":"Polygon","coordinates":[[[3.9111741586605153,7.408331200424583],[3.9112142162630903,7.408319321279691],[3.91122623210498,7.408313001743693],[3.911264310299714,7.408292975640337],[3.911424696292727,7.408208623729019],[3.9114872702214147,7.4081418778454236],[3.91151824287266,7.408108841250055],[3.911597758230016,7.408057390136492],[3.911628455688742,7.4080405557271],[3.911791088188237,7.407951370859108],[3.911926730234484,7.407998143699444],[3.911982839836241,7.407993412366122],[3.912056137280956,7.407987230426386],[3.9122214029953857,7.407921748090247],[3.9124661831678504,7.407787663669808],[3.912751501180878,7.407634870652829],[3.912960421786067,7.407486755009757],[3.913138161097322,7.407323047820458],[3.9133299316310968,7.407120364013622],[3.9134577792531777,7.40699095696715],[3.9135825080263658,7.406861550819941],[3.91372126892145,7.406844400748525],[3.9139223951024746,7.406966011572253],[3.914262281279321,7.407299661849949],[3.914603726880557,7.407584978963655],[3.9148828080951725,7.407776750396749],[3.9153240370746962,7.408048036287881],[3.915755911306292,7.408306847682923],[3.9160521425923775,7.408461201023668],[3.9162236451051626,7.408487705843016],[3.916339019130476,7.408270989014964],[3.9165557359584673,7.407846910106854],[3.9167677754125516,7.407475840837435],[3.916933041126981,7.407365144186086],[3.916951981748581,7.407368282820075],[3.917140067759988,7.407399452422851],[3.917205886442558,7.407410359400614],[3.917662706069052,7.40767384906894],[3.918022861166151,7.407892124422061],[3.918359010659855,7.408082734830372],[3.9185623608643145,7.4082263592591175],[3.918835067684256,7.408358026301924],[3.919077881938733,7.408400875400105],[3.919373885696303,7.408282474256852],[3.9195982251779937,7.408132914302601],[3.91986307102394,7.408011397008408],[3.920134148272381,7.4079148062234035],[3.920442614834883,7.407871184607531],[3.9207573127998208,7.407914806223403],[3.921047085154896,7.408036322618214],[3.9212418243507727,7.408173419767537],[3.9214334482950344,7.408302726989293],[3.921625071340031,7.408365042812534],[3.921826041938345,7.4083385586776],[3.9221656673117318,7.408156283185972],[3.922581629838419,7.407907017195155],[3.9227981802918634,7.407759014866711],[3.9229492978718667,7.40760945491246],[3.923038098729308,7.407339936189144],[3.923131574262812,7.407095343075697],[3.9231350951085915,7.407076204603184],[3.9231970062368764,7.4069364355680705],[3.9232430488277146,7.40676278817216],[3.9232515330318734,7.406730792092445],[3.923270228138562,7.406557863254819],[3.9231907739351186,7.406093605335682],[3.9231206681843105,7.40575553758805],[3.923070815166056,7.405504713971425],[3.92306614138937,7.405352037866292],[3.9230957416751835,7.404989043609533],[3.9231938900859973,7.404747566646904],[3.923320081156874,7.404390804691956],[3.9234711987368764,7.404027811334459],[3.9236098526126293,7.40400288482533],[3.92386223475438,7.404132192047085],[3.9240819013587043,7.404203856322965],[3.9243077993655215,7.404278634951085],[3.9244121791787734,7.40425215081615],[3.924578875714588,7.404087011906143],[3.9248032151962766,7.403887598933579],[3.9250758500704706,7.403607175031142],[3.925237817970981,7.403459244648444],[3.9253523960962307,7.403337707569221],[3.9254680920788583,7.40323651315458],[3.9256496696965537,7.403045734573027],[3.925325801344684,7.402658267065418],[3.9252385581129934,7.402543426338127],[3.925007096000741,7.402186589739356],[3.924202049884741,7.401166048074686],[3.9231253491556117,7.399876277268449],[3.9211808134438115,7.397740347838806],[3.9200160250196068,7.396376955831897],[3.918923508812952,7.395360167937442],[3.9184125742809206,7.39505056822918],[3.918136634398195,7.394839301292791],[3.918047891097331,7.394771356612864],[3.9178571143144154,7.394666292415537],[3.9178352553927893,7.394669545263355],[3.9177421962453995,7.3946063274201475],[3.9169980576143066,7.394159016325601],[3.9160897216633543,7.393531765278796],[3.915405130742215,7.393127277202156],[3.914019598325865,7.392361706827331],[3.9130793130598813,7.391819387754593],[3.9119254837740973,7.391189439640985],[3.911220022286273,7.390978125939798],[3.910747322431007,7.3908150275914855],[3.9099982690049733,7.390422265774986],[3.9093186927035504,7.390052181263227],[3.909136725679388,7.389945271656981],[3.908078697573898,7.38903674594911],[3.907595331759183,7.389620631686852],[3.907303937027108,7.390501959198105],[3.9070071112892037,7.39121737887899],[3.9069053853752966,7.391568425642391],[3.906901714342667,7.391928420660118],[3.907153443576589,7.3922662959528225],[3.907442307616464,7.392869208647083],[3.907653564660335,7.393839095098202],[3.9077398977781286,7.394209158925605],[3.9081002327395704,7.3949755198044596],[3.9083354090519147,7.395860048002874],[3.9085660392913155,7.39667760099053],[3.9085660392913164,7.396771739324379],[3.9086239709195643,7.397058982785894],[3.9087519030779276,7.397524848692852],[3.9087687986411765,7.3977831276892525],[3.9088001786853406,7.3979907163985095],[3.9089425944252403,7.398299683883353],[3.9089418452899745,7.398357328627866],[3.908941083564229,7.398415986908333],[3.909180744795606,7.398683828396031],[3.9096185437608146,7.400060944956691],[3.9100443619577736,7.402067897215715],[3.9100569146949056,7.4052152231041095],[3.9105017913246347,7.408165199064738],[3.910342671577097,7.408621789364134],[3.9111741586605153,7.408331200424583]]]}},{"type":"Feature","properties":{"name":"Oja Gbo","label":"Oja Gbo","lga":"Ibadan North East","people":32403,"walk":6.06,"walk_clinic":4.8,"walk_school":7.31,"f15":100.0,"f15_health":100.0,"f15_school":100.0,"beyond":0,"clinics":17,"schools":11,"off_pct":0.0,"hexes":17,"gini":0.1,"share":2.84,"rank":1.0,"of":59,"reading":"Most people here already finish inside 15 minutes. Clinics and schools are about even. That is 15 points above the city as a whole."},"geometry":{"type":"Polygon","coordinates":[[[3.909943408561503,7.384461043042735],[3.9099829661410017,7.384408439897641],[3.909992581692337,7.384388348143771],[3.910089451267198,7.384237345677037],[3.9103021831992355,7.3840094187996765],[3.9104930705987617,7.3838403741340235],[3.9106915572696153,7.383661830828883],[3.910899539881881,7.383526974790129],[3.91145416168024,7.383258210598],[3.9118188448638302,7.383083466928497],[3.911981107741951,7.383007603717998],[3.912038223685102,7.382980900148484],[3.912203471413136,7.3828460441096695],[3.9123373777678125,7.382683646333249],[3.9125257281798445,7.382444929390033],[3.9126783179500535,7.382251534680619],[3.9127103122311833,7.382254226351508],[3.9127799359453093,7.382260081837329],[3.91307149165607,7.382297120415841],[3.91311286496682,7.382297528708025],[3.913456118205318,7.382300919152157],[3.9137609703925023,7.382287622675676],[3.914130401097168,7.382270529261575],[3.914308944402307,7.382287622675676],[3.914414164182405,7.382308066064469],[3.914475140015724,7.382319912833737],[3.914643423854955,7.382352033019969],[3.914709714681634,7.38237309604159],[3.9155036586669785,7.382522198240905],[3.9156972422339904,7.382559369019704],[3.9157123931125284,7.382557575771557],[3.9158218073305875,7.382582029237312],[3.9160111982582184,7.3826196226974625],[3.9161057655686595,7.38264945680703],[3.9160953190437913,7.3824215299297276],[3.9160806457052786,7.382261152929913],[3.916041186151858,7.381829871351554],[3.9160104383311127,7.381641966103925],[3.915955713685264,7.381307538811937],[3.9161893377677757,7.381228714133895],[3.916754031073708,7.381001855651161],[3.91710610756087,7.380856693381758],[3.91702934862559,7.380490153098151],[3.916991945821678,7.380041706159885],[3.9170272612990966,7.379631898593288],[3.9169928631301905,7.37917708625355],[3.916961331999914,7.378812090105896],[3.916968976237285,7.378428939344134],[3.916979485714763,7.378212998631057],[3.917035859717203,7.3781575797086125],[3.917139053324718,7.378133692815709],[3.917292543316251,7.378140669756136],[3.9172889766050503,7.378123675267428],[3.9174944941756276,7.378141337053138],[3.9176722146010547,7.378129870697025],[3.917851846985171,7.378030500107567],[3.918054411182197,7.377864245138823],[3.9182588846398394,7.377655948663178],[3.9183563450692995,7.377516446726702],[3.918495846106453,7.377436185831359],[3.9188684873908524,7.377283308278095],[3.9192334844378247,7.377117053309404],[3.9195449727223495,7.377011948642577],[3.919747536019998,7.376929776687917],[3.920002909306845,7.376810860233036],[3.9200713243321843,7.376718057392507],[3.920080312156756,7.376611571366992],[3.9200857791354338,7.376528472211247],[3.920145020176562,7.37643101178179],[3.920271143798288,7.37628768862595],[3.9202641857436333,7.376227744314973],[3.9202463009260664,7.3760736598715635],[3.920148842295304,7.375857719158486],[3.9201386601710624,7.375784648342912],[3.920116355185712,7.375624579810559],[3.9201392869985625,7.375368508649785],[3.9202175945663944,7.375244520917931],[3.9202945000911313,7.375196017782059],[3.920265900750792,7.375131605639127],[3.920224784646166,7.3750390042466725],[3.920229455724837,7.374971751145439],[3.9203121160114165,7.374895866351211],[3.9204015517902353,7.374796945422761],[3.920332441588982,7.374580130568634],[3.920255202415718,7.374265750963673],[3.9201413752243184,7.373959502129365],[3.920061424595133,7.373718295862715],[3.919946243024754,7.373417467242348],[3.9198662923955125,7.373299575115367],[3.9197307843482463,7.373104442016427],[3.919619666814242,7.372874077077029],[3.919478737653663,7.372924216079751],[3.919307996866621,7.373002811430639],[3.9190302043804772,7.373174906596719],[3.9188215211963207,7.373331419209705],[3.9185755728045137,7.3734919967582755],[3.9181672212403105,7.37272531302284],[3.9179384525975824,7.372070220764101],[3.917411699890067,7.371553183432696],[3.9169664077735424,7.371126693442194],[3.9160439911373155,7.370999138099817],[3.9156276428014953,7.370449548907632],[3.9148889279816785,7.370532719109748],[3.914085676013201,7.370411278257961],[3.91312964002094,7.370412555295216],[3.9124930108438316,7.370997405106207],[3.91195355161517,7.371278439648337],[3.911624749582586,7.371736015604711],[3.9114186897207905,7.3721748379984415],[3.91098865460276,7.3724893336158726],[3.9107165080604314,7.372440395208118],[3.910476245182622,7.372593047930879],[3.9103108427712527,7.372873611228215],[3.90990395710196,7.3729376654409275],[3.9096013334348645,7.372736270362625],[3.909116087137761,7.372729805136429],[3.908810794282771,7.372907285442921],[3.9080842805651628,7.372857965722572],[3.907691132939476,7.372555575879175],[3.907724136259901,7.3723410363098205],[3.907179425889865,7.372020331772945],[3.906919952593796,7.3718795842754625],[3.906738036830972,7.371724178727901],[3.9064822588492234,7.3715024679645476],[3.9061695843589064,7.371471463837054],[3.905870531899552,7.371641128135595],[3.905357486658715,7.371550785840154],[3.9050625342086382,7.371348707277095],[3.9045641317293303,7.3716381630708305],[3.9040437857921124,7.371934654260939],[3.9035690031070662,7.3721897325701775],[3.903310033431353,7.3724094621270515],[3.9030256291295014,7.37267525765708],[3.903428352736342,7.373157936389704],[3.903700090087114,7.373702469593354],[3.9042735688701677,7.374491624688801],[3.90476001306422,7.375145560419297],[3.905038140098157,7.375523075129876],[3.9053263638206768,7.375855949292655],[3.9055183915605776,7.3761411090250135],[3.905578981584768,7.3763792189258774],[3.905540486104599,7.3765967082715065],[3.9055112266618157,7.3769155350239535],[3.9054165577280173,7.37758634923068],[3.905289407080545,7.378160340627291],[3.905239253688649,7.378533767019803],[3.9048853893492605,7.3788805114265275],[3.9044671947053193,7.379294989172475],[3.904830194358055,7.379790696383566],[3.905144628821631,7.380262068839444],[3.9053037386766505,7.380647456215171],[3.905571265401648,7.380626975054896],[3.906193330957479,7.3807061028044245],[3.9064523950620473,7.3807340312506],[3.9065372649828305,7.3807914430706765],[3.9068753543141943,7.381082048198038],[3.9070178078256395,7.381218802705634],[3.9072134436455603,7.381385948003127],[3.907483143132594,7.38159868982774],[3.9076465022843085,7.381735434442816],[3.9079542008257695,7.382014641562533],[3.9079600769960052,7.382020142715473],[3.908280893948132,7.382320441635103],[3.908647472902601,7.382641436653045],[3.9088032219911497,7.382856066154603],[3.9088197488324004,7.382880704880675],[3.9091128208000896,7.3833176153157165],[3.9094604069722436,7.383914019616383],[3.909718090617445,7.384315862786878],[3.9098579729671314,7.3845023480050145],[3.909943408561503,7.384461043042735]]]}},{"type":"Feature","properties":{"name":"Olopomewa","label":"Olopomewa","lga":"Ibadan North West","people":77695,"walk":22.32,"walk_clinic":23.77,"walk_school":20.87,"f15":12.43,"f15_health":13.48,"f15_school":16.83,"beyond":68038,"clinics":12,"schools":13,"off_pct":0.0,"hexes":138,"gini":0.18,"share":6.8,"rank":58.0,"of":59,"reading":"Almost nobody here is within a 15-minute walk of clinics and schools. Clinics and schools are about even. That is 73 points below the city as a whole."},"geometry":{"type":"Polygon","coordinates":[[[3.8163821840905707,7.435914831204571],[3.8159828428339893,7.436465275651983],[3.817635841720744,7.436453391111173],[3.824698681798793,7.436935890878717],[3.8288314748926946,7.4396859880179695],[3.8296205481498196,7.439281513431125],[3.8300502541159753,7.439875080370712],[3.8333877974089883,7.440170271141141],[3.834688738694411,7.4394694708394695],[3.836738194711984,7.4370103331604005],[3.839933104629096,7.436668335375429],[3.8410910276288623,7.437779125806058],[3.852458290118023,7.4405440455713014],[3.855333798615959,7.434489196219488],[3.8569038620236706,7.428654571051649],[3.8592178293394004,7.423197456997115],[3.8600363131254194,7.4235027993148055],[3.8608760020259174,7.423782695315197],[3.8615757420268997,7.424011701378959],[3.862177943357438,7.424138925770875],[3.862958259016466,7.424486675619621],[3.863679204132041,7.424741127101356],[3.864196587702395,7.425156729899183],[3.86434765492038,7.425196856749609],[3.865282244779849,7.425445108305155],[3.8703246166877534,7.425449348608597],[3.87224540040495,7.425128451616786],[3.8726705027415855,7.424871542287917],[3.8728853966437673,7.4247374866457685],[3.873349087990049,7.424733358757522],[3.8740331231301757,7.424676662797821],[3.8746172642754,7.424723950050291],[3.8753606267915197,7.4246711526516265],[3.875702980708013,7.424631568991741],[3.876171690271349,7.4244697117079],[3.876160026963702,7.424334004910462],[3.8760805107070273,7.424145286675696],[3.8766180130109547,7.423803154891743],[3.876630414661974,7.423678682425303],[3.876456886875872,7.423283335057932],[3.877359128121328,7.422849708047637],[3.8776930949604203,7.422674771923254],[3.878433122790454,7.422141484741759],[3.8786918145756317,7.421923081684895],[3.8794717561166867,7.421269379778097],[3.879079674187665,7.420932988366758],[3.8789005040550824,7.420824863776488],[3.8782204430190745,7.420466029783483],[3.877575564360881,7.4203252634002315],[3.8768231016048835,7.420149986432763],[3.8761327945928206,7.420051516964007],[3.8755631568142808,7.419934293033236],[3.8745905598065637,7.419773109341577],[3.8728798145518217,7.41947638432771],[3.871815635982841,7.41929871606294],[3.870886997836749,7.419137532371277],[3.8696744572104644,7.418923231122278],[3.8681853390821748,7.418672297788361],[3.8670732248494915,7.418598966169382],[3.8662666930534897,7.41873383569799],[3.8653561753472436,7.41926536560419],[3.863649783710571,7.420931820147415],[3.8630243349051625,7.421383771743707],[3.862342833155253,7.421619939108951],[3.861559645960938,7.421688184162408],[3.860728281185288,7.421473446742198],[3.8599206396258414,7.420903558952148],[3.859538386387443,7.420437484402441],[3.8592180397807856,7.4196302448399925],[3.859574577804551,7.41912190395277],[3.861159137384334,7.417289100011999],[3.8638157059301075,7.4141720246192895],[3.862670323076998,7.413181412392302],[3.862053948431026,7.412507020682483],[3.8608652182552414,7.411010576676799],[3.8603563368754976,7.410566120929788],[3.8590903657278655,7.407893137058694],[3.8591709575736672,7.40775026985909],[3.8568676813983984,7.407153042678829],[3.8544592780732505,7.407451760590335],[3.8491259314166655,7.406717370610239],[3.847771562307799,7.406306294100263],[3.8460995247733085,7.405912254347127],[3.845394654140023,7.406015644906121],[3.844062742901314,7.406501380434406],[3.842466800602437,7.4071440629481895],[3.8419659213902264,7.407336216593192],[3.840719485316015,7.40781416039522],[3.8396254897245967,7.408527569192015],[3.8389016254097332,7.409497911599374],[3.838260391703783,7.410049427139426],[3.837448533223267,7.4105009236787405],[3.8365585065698724,7.410833901263572],[3.8359015518151978,7.411205549696431],[3.8352974133450175,7.410778742245212],[3.834708467122084,7.410080004088967],[3.83423493989062,7.409419801882393],[3.8337857636021795,7.409796422666828],[3.8331409451985228,7.4110044289113235],[3.833122885013153,7.4110109678819045],[3.8312100890743754,7.410543684643356],[3.830027223377727,7.4104804362232235],[3.828956726172009,7.410280901842214],[3.829172823367174,7.408827312330629],[3.828180178672369,7.408976937036074],[3.827861916694132,7.408117796699002],[3.8271345027551438,7.408153415247966],[3.825883943289397,7.408516680200705],[3.8249225806126783,7.409174281567913],[3.8243186013224326,7.409414104677241],[3.8243982227998004,7.410993548913212],[3.8245240496452197,7.412895874944697],[3.824534682329784,7.41378430080488],[3.8246675068000395,7.41529163470125],[3.82464074387525,7.416734319033648],[3.8247978482421563,7.4193334271959674],[3.824920038229209,7.421122521387305],[3.8248034420252575,7.422887650444752],[3.824787253329135,7.425450994367966],[3.823969680556388,7.428359713929692],[3.822930852077207,7.4297088417896475],[3.821336183218307,7.430378010237005],[3.8205698780974444,7.429967875317229],[3.818929338418287,7.431629999624818],[3.8168786638193515,7.43484632239989],[3.8163821840905707,7.435914831204571]]]}},{"type":"Feature","properties":{"name":"Bashorun","label":"Bashorun","lga":"Ibadan North","people":69142,"walk":11.61,"walk_clinic":11.61,"walk_school":11.61,"f15":96.14,"f15_health":79.92,"f15_school":87.21,"beyond":2672,"clinics":20,"schools":22,"off_pct":0.0,"hexes":72,"gini":0.11,"share":6.05,"rank":44.0,"of":59,"reading":"Most people here already finish inside 15 minutes. Clinics and schools are about even. That is 11 points above the city as a whole."},"geometry":{"type":"Polygon","coordinates":[[[3.9231350951085915,7.407076204603184],[3.923131574262812,7.407095343075697],[3.923038098729308,7.407339936189144],[3.9229492978718667,7.40760945491246],[3.9227981802918634,7.407759014866711],[3.922581629838419,7.407907017195155],[3.9221656673117318,7.408156283185972],[3.921826041938345,7.4083385586776],[3.921625071340031,7.408365042812534],[3.9214334482950344,7.408302726989293],[3.9212418243507727,7.408173419767537],[3.921047085154896,7.408036322618214],[3.9207573127998208,7.407914806223403],[3.920442614834883,7.407871184607531],[3.920134148272381,7.4079148062234035],[3.91986307102394,7.408011397008408],[3.9195982251779937,7.408132914302601],[3.919373885696303,7.408282474256852],[3.919077881938733,7.408400875400105],[3.918835067684256,7.408358026301924],[3.9185623608643145,7.4082263592591175],[3.918359010659855,7.408082734830372],[3.918022861166151,7.407892124422061],[3.917662706069052,7.40767384906894],[3.917205886442558,7.407410359400614],[3.917140067759988,7.407399452422851],[3.916951981748581,7.407368282820075],[3.916933041126981,7.407365144186086],[3.9167677754125516,7.407475840837435],[3.9165557359584673,7.407846910106854],[3.916339019130476,7.408270989014964],[3.9162236451051626,7.408487705843016],[3.915412958441322,7.410084527678862],[3.9140940630906025,7.412288945878175],[3.913521362221161,7.413032053886241],[3.912933916966722,7.413179292690246],[3.9115755782503916,7.412949749731239],[3.911156521156556,7.415260188107255],[3.9108967375943853,7.417406637806153],[3.9099952445849353,7.422576332132054],[3.909809852942431,7.423500175093069],[3.909697684100877,7.424138920374901],[3.9095185229614913,7.425243481201733],[3.9094881438628035,7.425642307146801],[3.9095582496135526,7.426229639985932],[3.9095542854020087,7.426392222123412],[3.909553576736243,7.426421263030932],[3.911179234434144,7.428874924738008],[3.911819575113327,7.429551474820756],[3.9123562887118064,7.430034863118464],[3.9127521639812244,7.43075244836683],[3.9129650200197266,7.430910190353076],[3.9133809789490783,7.431155144094649],[3.9142360057870738,7.431594211104025],[3.9154931258071324,7.4322042842003935],[3.916278825707309,7.432647973725068],[3.9179703920200377,7.433433673625189],[3.919079615831663,7.433415187161186],[3.920040943434856,7.4332857774167564],[3.92087286129356,7.433479891583774],[3.9218434321287527,7.434108452043462],[3.9227770282373053,7.434515166841548],[3.9256425227842446,7.434820204289056],[3.9290164121777034,7.4350697787473345],[3.929977738881576,7.434958857265484],[3.9333516282750907,7.434478193014229],[3.934371495448204,7.4298967767149415],[3.9349462413759966,7.426695972641084],[3.935492273749503,7.425019550911597],[3.9361459127037506,7.4237878250481195],[3.936608622889707,7.423113963038984],[3.9371176679460396,7.422399791617124],[3.9379509680627502,7.421578627851431],[3.9388601062090056,7.42070844024238],[3.9401888239551117,7.419529316624735],[3.9399667606575113,7.4194639323146685],[3.93982641965357,7.419452653916894],[3.9393191327718,7.419165255771988],[3.9389372221751273,7.418947296980204],[3.938547595395278,7.418522950973455],[3.9383566387479045,7.418318492804245],[3.938294915577956,7.418181544942398],[3.938208118409989,7.41806002764821],[3.9380866011157987,7.4180638848404765],[3.937980514389267,7.418110178342091],[3.9379303636953864,7.418098604966701],[3.9378779512065316,7.418048308582627],[3.937802881198081,7.417976272886734],[3.937663219182242,7.417829531407792],[3.9373517102133064,7.417526701795906],[3.936938936682623,7.417160220867571],[3.936356426008274,7.4165661359184565],[3.9359552258530353,7.416190010660502],[3.9357816297184636,7.416180367230195],[3.9354710857220985,7.416205442127478],[3.935141253066434,7.4162806668193735],[3.9348133485572134,7.416373252024015],[3.9346281799465714,7.416438833285552],[3.934479658709335,7.416514057977454],[3.934365856699003,7.416525631352842],[3.9341729719051837,7.416537203828966],[3.9339280091703586,7.416474515686388],[3.9337370534223055,7.416361678648627],[3.9337225869278996,7.416226659832546],[3.9336975120306192,7.4159710868962065],[3.933647362236001,7.415636432975078],[3.9336029977801568,7.4154011127711765],[3.9335268090150635,7.415212086968267],[3.9332046907439357,7.414592927121931],[3.9329597280091093,7.414128074750921],[3.9326704008183815,7.4136188597226464],[3.9323849317192985,7.413256236885898],[3.9321104055708243,7.412926094863454],[3.9319374398610316,7.412718088868758],[3.931607607205365,7.412330391134675],[3.931138896742766,7.411744020570152],[3.930710694443064,7.411277240951958],[3.930448371195439,7.411003345228268],[3.930141684391288,7.410681226957082],[3.9298060645982678,7.410332105642227],[3.9296093226121798,7.410089071953168],[3.9294202959099485,7.409755381205913],[3.929204265264673,7.409356110096438],[3.9288358552905143,7.408736951149422],[3.928775553948696,7.408627163712711],[3.9284809477375693,7.408090787359982],[3.928193549592663,7.4075950738536],[3.9279771043599117,7.407104166324245],[3.927819353380528,7.406746381840094],[3.9276457572459553,7.406352896968656],[3.9272985649768666,7.405542782273643],[3.927061316626521,7.405099146708324],[3.9265810336877967,7.404339181807871],[3.9263143343391107,7.403932529962331],[3.9256496696965537,7.403045734573027],[3.9254680920788583,7.40323651315458],[3.9253523960962307,7.403337707569221],[3.925237817970981,7.403459244648444],[3.9250758500704706,7.403607175031142],[3.9248032151962766,7.403887598933579],[3.924578875714588,7.404087011906143],[3.9244121791787734,7.40425215081615],[3.9243077993655215,7.404278634951085],[3.9240819013587043,7.404203856322965],[3.92386223475438,7.404132192047085],[3.9236098526126293,7.40400288482533],[3.9234711987368764,7.404027811334459],[3.923320081156874,7.404390804691956],[3.9231938900859973,7.404747566646904],[3.9230957416751835,7.404989043609533],[3.92306614138937,7.405352037866292],[3.923070815166056,7.405504713971425],[3.9231206681843105,7.40575553758805],[3.9231907739351186,7.406093605335682],[3.923270228138562,7.406557863254819],[3.9232515330318734,7.406730792092445],[3.9232430488277146,7.40676278817216],[3.9231970062368764,7.4069364355680705],[3.9231350951085915,7.407076204603184]]]}},{"type":"Feature","properties":{"name":"Amule\u2013Atere","label":"Amule\u2013Atere","lga":"Ibadan South West","people":1871,"walk":7.29,"walk_clinic":6.96,"walk_school":7.61,"f15":100.0,"f15_health":100.0,"f15_school":100.0,"beyond":0,"clinics":0,"schools":1,"off_pct":0.0,"hexes":1,"gini":0.0,"share":0.16,"rank":1.0,"of":59,"reading":"Most people here already finish inside 15 minutes. Clinics and schools are about even. That is 15 points above the city as a whole."},"geometry":{"type":"Polygon","coordinates":[[[3.8848630649785036,7.384223102214434],[3.884912839755771,7.384277236905006],[3.885074511779351,7.38455293127282],[3.885171515353192,7.384758849941023],[3.8853572226577744,7.384659190669141],[3.885313022777837,7.384486006424082],[3.8854163926524725,7.384263532136344],[3.885633290244187,7.383803813994859],[3.8856199775799496,7.3835418891469],[3.885703420276684,7.383204917672854],[3.8861126738608505,7.382498406676178],[3.886587507807292,7.381876770996258],[3.8869919032537723,7.38145232876201],[3.8872104151286058,7.381289773604239],[3.8873430237615594,7.381076327610458],[3.887469801190434,7.380972017944318],[3.8876270674352895,7.380822774551461],[3.887826057726443,7.380657484555341],[3.888097262678571,7.380419979898191],[3.8883443963768505,7.380204942104457],[3.8885409782835714,7.380012140947601],[3.888622864253818,7.379930633591926],[3.8887383659828747,7.3797684462568345],[3.888687012895389,7.37974276971312],[3.8886372659970903,7.379678578803407],[3.8885859129096043,7.37965611283937],[3.888516907928989,7.379595131610075],[3.8884735803914623,7.379537360061192],[3.888404575410903,7.379518102878196],[3.888321127318193,7.379529337209192],[3.8882200273324656,7.379555012853588],[3.8881189273466816,7.379582293787848],[3.8880451082951595,7.379633645976013],[3.8879600558119596,7.379688207844538],[3.8878958649023048,7.379747583784022],[3.887831674891914,7.379782889368925],[3.887740203047997,7.37978930783032],[3.887680827108511,7.379819799344318],[3.8876230555596294,7.379840660018488],[3.8875733077620116,7.379827822196258],[3.887485045598396,7.379831031876677],[3.8873855509024793,7.3798663365622605],[3.8872844509167526,7.3798679409527494],[3.8872154459361363,7.3798727559229755],[3.8871448356657075,7.379871150633165],[3.8870613893716945,7.379848683769808],[3.887035711928604,7.3798230081253555],[3.886992384391078,7.379805356232227],[3.8869378216232353,7.379810170303188],[3.886819068844999,7.379816588764584],[3.886697107285727,7.379821402835545],[3.8865831685783974,7.379826217805769],[3.8864644166995386,7.379845474988713],[3.886355292962435,7.379867940952751],[3.886265426408329,7.379879175283746],[3.8861883976764497,7.379861521591975],[3.886129020837699,7.379814984374093],[3.88605359829495,7.379802145652546],[3.885970150202297,7.379806959723456],[3.8858995399318705,7.379819799344316],[3.8858449780633455,7.379798936871508],[3.8857839968340504,7.379776470008155],[3.885737458716789,7.379733140671932],[3.885697339960301,7.379689813134405],[3.88563956931074,7.379672160341955],[3.8855497018573146,7.379660926910279],[3.8853619449978396,7.379648089088106],[3.885098763796975,7.379649694377917],[3.884838792276469,7.379683393773633],[3.8845499354312096,7.379739560032705],[3.884293172691798,7.379762026896059],[3.883970615551505,7.37981979934432],[3.883741134645674,7.379858312810939],[3.883574896764117,7.379890948308683],[3.8834221298274656,7.379969092199871],[3.8834286283286015,7.3801289673779715],[3.883465238829728,7.380229386576958],[3.8834776188970177,7.380408199678698],[3.883504397110301,7.380795005285336],[3.883602292811588,7.381528131717972],[3.8836827848327284,7.382119855047335],[3.883758925034386,7.382678947375551],[3.883865522575831,7.383059651082077],[3.884133103260183,7.383468635768963],[3.884284496032705,7.3836430251055845],[3.884520576163709,7.383914964803807],[3.8847978596335793,7.384148827206674],[3.8848630649785036,7.384223102214434]]]}},{"type":"Feature","properties":{"name":"Basorun","label":"Basorun","lga":"Ibadan North East","people":31015,"walk":11.39,"walk_clinic":7.76,"walk_school":15.02,"f15":78.85,"f15_health":100.0,"f15_school":52.38,"beyond":6559,"clinics":25,"schools":4,"off_pct":0.0,"hexes":28,"gini":0.17,"share":2.72,"rank":51.0,"of":59,"reading":"About half the people here can walk to clinics and schools in 15 minutes. Schools are the weaker of the two services. That is 6 points below the city as a whole."},"geometry":{"type":"Polygon","coordinates":[[[3.937802881198081,7.417976272886734],[3.9378779512065316,7.418048308582627],[3.9379303636953864,7.418098604966701],[3.937980514389267,7.418110178342091],[3.9380866011157987,7.4180638848404765],[3.938208118409989,7.41806002764821],[3.938294915577956,7.418181544942398],[3.9383566387479045,7.418318492804245],[3.938547595395278,7.418522950973455],[3.9389372221751273,7.418947296980204],[3.9393191327718,7.419165255771988],[3.93982641965357,7.419452653916894],[3.9399667606575113,7.4194639323146685],[3.9401888239551117,7.419529316624735],[3.941015532041206,7.418678112804685],[3.9411070938173793,7.418434490059724],[3.941238334581499,7.418269307082879],[3.9414890853530564,7.4178642497353735],[3.941766839168337,7.4173666080825456],[3.9420330196082314,7.416760949758098],[3.9422413349697085,7.416178438184433],[3.9424187891958127,7.415665365064569],[3.942603957806454,7.414967123334123],[3.9426733962602616,7.414670080859594],[3.942779072895973,7.414109749265547],[3.943060816103809,7.4123395030656525],[3.9435249885874,7.409359966389389],[3.943861815270622,7.407264984891183],[3.9440776246826768,7.405374776324892],[3.943831985657653,7.403640604630256],[3.943130818432565,7.402255619900984],[3.942536662437078,7.401470000040489],[3.9420259446416708,7.400987166624476],[3.941863280665928,7.40082096741378],[3.941394572001968,7.400331040145428],[3.941186255741172,7.400194092283584],[3.9408853560743755,7.400111151408568],[3.940732976745551,7.400037854863172],[3.9405574515652115,7.399960701125507],[3.9404147183645932,7.399924052852782],[3.9402661971273574,7.399958772079745],[3.9400077310720008,7.400016638057424],[3.939818704369771,7.4000667878520385],[3.9396489663267857,7.400057144421739],[3.939531306224865,7.399997349398176],[3.9393577100902926,7.399951056795885],[3.9392130469445865,7.399922123807017],[3.9390413789565186,7.399972273601579],[3.938881285243156,7.400095720840908],[3.9386999738247828,7.40019602132935],[3.93859388709825,7.400224953418898],[3.9384357224307114,7.400219167180866],[3.9382158327944694,7.40021338004351],[3.938009447378136,7.40021338004351],[3.9378647833331115,7.400340683575733],[3.9377162620958766,7.400489204813028],[3.937499267377348,7.4005605723126004],[3.9373883575866553,7.400574073834493],[3.937211869232442,7.400644477260868],[3.937064312068401,7.400671481203914],[3.9368135621961646,7.400751528060593],[3.9365522039211096,7.400789141305892],[3.9364740852109312,7.400656049736936],[3.936380535933041,7.4004544855860654],[3.936268662968473,7.4002461711239675],[3.9361722205715637,7.400094755868338],[3.93607481410146,7.400151656873505],[3.935885787399229,7.400241348059806],[3.935684223248358,7.400331040145433],[3.935489410308094,7.400399513626722],[3.935269520671909,7.400440984064233],[3.9352000831173646,7.400227845638597],[3.9351451111580213,7.399950092722632],[3.9350814589422503,7.399767817231009],[3.93503902443149,7.3995720393182305],[3.934969585977684,7.399377224579324],[3.934830709070013,7.399091756379503],[3.9346754366221717,7.398849685864377],[3.9345182360278277,7.398908515915309],[3.934300276336728,7.398971203158567],[3.934012878191822,7.399077289885042],[3.933836388938233,7.399146728338907],[3.9336068558717447,7.399232562332941],[3.93341300700473,7.399333825995313],[3.93316129215998,7.39948331220512],[3.9331043911547567,7.39934443529751],[3.9330320595819326,7.399195914060214],[3.932902827003887,7.398990491817813],[3.932782273782949,7.398838113388252],[3.9326260381611746,7.398617259678819],[3.9324775169239388,7.398435949159765],[3.93241386470811,7.398416659601195],[3.9323087429541483,7.398492850164929],[3.9322499129032167,7.398569038930078],[3.932211101760971,7.398595907974821],[3.932129359682279,7.398517925062264],[3.931995304939392,7.39842726890339],[3.931813994420338,7.398318289057837],[3.931510199835885,7.39811672490697],[3.9313115288040876,7.397995206713462],[3.9312478765882592,7.397861151970632],[3.9311595856464123,7.397637343988264],[3.9311196278685534,7.397492467703274],[3.930967799824146,7.39753132381162],[3.930807135940597,7.397613296116789],[3.9305785678466805,7.39771841787075],[3.930294062820792,7.397827397716297],[3.9300597075894643,7.397931555397008],[3.9299266178192056,7.398034749004523],[3.9298050996256966,7.398156266298713],[3.929539884158374,7.398428232976641],[3.929362429932268,7.398594113827357],[3.929198478127318,7.398755173412553],[3.9289766612439507,7.3989654169204755],[3.9288040291826287,7.399144799293083],[3.928622717764256,7.399313573262815],[3.9285272403399176,7.399410015659725],[3.9284259757782247,7.399453415143055],[3.9282649170922928,7.399439912721846],[3.928027668741947,7.399435090557005],[3.9278396061129692,7.3994138728519925],[3.927663116859378,7.39937529733214],[3.9274364778112276,7.399288498365536],[3.927192479149653,7.399285605246517],[3.9267989942782155,7.399329968803044],[3.9265530656714978,7.399372403313805],[3.926383327628514,7.399426411199956],[3.926192371880518,7.399476560994513],[3.9260714868096898,7.3994737659016305],[3.925996186574822,7.399515099642201],[3.9263800010362497,7.399976353825708],[3.9263739261158426,7.399982947654964],[3.926633113427499,7.400209521951922],[3.9267854918570038,7.400398548654151],[3.926851073118598,7.400539354607589],[3.926623469097877,7.400689804890646],[3.926517177325933,7.400755562419305],[3.926422869020257,7.400836397082116],[3.926332212861383,7.400934769424114],[3.9262630181238483,7.400984377826831],[3.9262327703261235,7.401025852760935],[3.9262280560799923,7.401108364659366],[3.9261373999211178,7.401212522340075],[3.9258411398567428,7.401452350845376],[3.925564531777752,7.401681231903351],[3.925269419248366,7.401947413242567],[3.925007096000741,7.402186589739356],[3.9252385581129934,7.402543426338127],[3.925325801344684,7.402658267065418],[3.9256496696965537,7.403045734573027],[3.9263143343391107,7.403932529962331],[3.9265810336877967,7.404339181807871],[3.927061316626521,7.405099146708324],[3.9272985649768666,7.405542782273643],[3.9276457572459553,7.406352896968656],[3.927819353380528,7.406746381840094],[3.9279771043599117,7.407104166324245],[3.928193549592663,7.4075950738536],[3.9284809477375693,7.408090787359982],[3.928775553948696,7.408627163712711],[3.9288358552905143,7.408736951149422],[3.929204265264673,7.409356110096438],[3.9294202959099485,7.409755381205913],[3.9296093226121798,7.410089071953168],[3.9298060645982678,7.410332105642227],[3.930141684391288,7.410681226957082],[3.930448371195439,7.411003345228268],[3.930710694443064,7.411277240951958],[3.931138896742766,7.411744020570152],[3.931607607205365,7.412330391134675],[3.9319374398610316,7.412718088868758],[3.9321104055708243,7.412926094863454],[3.9323849317192985,7.413256236885898],[3.9326704008183815,7.4136188597226464],[3.9329597280091093,7.414128074750921],[3.9332046907439357,7.414592927121931],[3.9335268090150635,7.415212086968267],[3.9336029977801568,7.4154011127711765],[3.933647362236001,7.415636432975078],[3.9336975120306192,7.4159710868962065],[3.9337225869278996,7.416226659832546],[3.9337370534223055,7.416361678648627],[3.9339280091703586,7.416474515686388],[3.9341729719051837,7.416537203828966],[3.934365856699003,7.416525631352842],[3.934479658709335,7.416514057977454],[3.9346281799465714,7.416438833285552],[3.9348133485572134,7.416373252024015],[3.935141253066434,7.4162806668193735],[3.9354710857220985,7.416205442127478],[3.9357816297184636,7.416180367230195],[3.9359552258530353,7.416190010660502],[3.936356426008274,7.4165661359184565],[3.936938936682623,7.417160220867571],[3.9373517102133064,7.417526701795906],[3.937663219182242,7.417829531407792],[3.937802881198081,7.417976272886734]]]}},{"type":"Feature","properties":{"name":"Agugu","label":"Agugu","lga":"Ibadan North East","people":40090,"walk":7.65,"walk_clinic":7.57,"walk_school":7.73,"f15":100.0,"f15_health":100.0,"f15_school":97.77,"beyond":0,"clinics":16,"schools":18,"off_pct":0.0,"hexes":27,"gini":0.15,"share":3.51,"rank":1.0,"of":59,"reading":"Most people here already finish inside 15 minutes. Clinics and schools are about even. That is 15 points above the city as a whole."},"geometry":{"type":"Polygon","coordinates":[[[3.9174444576956375,7.380721051335512],[3.917553735216757,7.3806791141498715],[3.917705895110998,7.380662110667911],[3.917767302618983,7.3806552488406965],[3.9178872002341336,7.380641849841537],[3.918133716098168,7.380632296343435],[3.918395520436946,7.380610318711262],[3.918725164235014,7.380604586432584],[3.919029009181486,7.380610318711262],[3.919358652979497,7.380648538998913],[3.9196137681608993,7.3807068240607245],[3.9196615419466525,7.38073357709294],[3.9195296851469266,7.380903654180373],[3.919421715239992,7.381020224303936],[3.919366296317549,7.381121505952764],[3.9192669257280954,7.381287760921451],[3.9192277512597684,7.3813603775794245],[3.9192029083875473,7.381430128097973],[3.9191398461270537,7.381513256032007],[3.919093027421355,7.381621225938886],[3.919040474638223,7.381723462667706],[3.9189726351790446,7.381756905756618],[3.9189372819300843,7.381851499147445],[3.9189583026835635,7.38198526700654],[3.918962124802249,7.382262358920799],[3.9189563916242487,7.382417148432694],[3.9189817920760683,7.382562619169561],[3.9189984331312067,7.382657931118672],[3.919015631766058,7.382862406375013],[3.919034742359544,7.383040126800438],[3.9189946110125224,7.383129942992526],[3.919006077368636,7.383242690098144],[3.9189946110125216,7.383376458856558],[3.9189640358616202,7.383491117021489],[3.9189984331312084,7.38369559227783],[3.91904620781628,7.383865669365209],[3.919065318409764,7.384052944188057],[3.919076782967181,7.3842096447593235],[3.919164688099897,7.38432048080557],[3.91923539459782,7.384431317751136],[3.919222018081712,7.384576551966347],[3.919195264150176,7.384748540113095],[3.919145579305109,7.384899506606984],[3.919124557652254,7.385010343552553],[3.9191914420314893,7.385262592594642],[3.919187619912806,7.385392539234373],[3.919160865981212,7.385570259659799],[3.9191990862688613,7.3857212270530095],[3.9191742433966397,7.385860728989487],[3.919145579305108,7.385969653976418],[3.919172332337325,7.386076668803297],[3.9191761535566907,7.386200883164293],[3.9191646880998983,7.386237190593931],[3.9192315733784544,7.386267766644153],[3.9195105745534433,7.38630980815117],[3.9197781120702757,7.386376693429725],[3.9200552039845316,7.38642637827479],[3.920221458953221,7.386487528576652],[3.9204049116573856,7.386487528576651],[3.920649518260688,7.386493261754651],[3.9206846547730265,7.386503130015512],[3.920874057391871,7.386556324015204],[3.921441617736491,7.386790419342446],[3.9217120213926937,7.386910810685435],[3.9219508930193565,7.387017824612944],[3.922153457216325,7.387126751398513],[3.9223197121850144,7.387235677284707],[3.9224897883730705,7.387373267262548],[3.9226254681908586,7.387535700112494],[3.9227764346847493,7.387732531131462],[3.9228910937490022,7.387852921575132],[3.9230286837268413,7.387973313817437],[3.9231490759691496,7.3880449762946805],[3.923347817148113,7.38811663697328],[3.9235905108934053,7.388148168103497],[3.9239430874035857,7.388173010975719],[3.9243988548233233,7.388202631046625],[3.9246759458382594,7.388193075749883],[3.924855578222377,7.388188298551199],[3.92518139990176,7.3881472130235],[3.9255683727822084,7.388094661139747],[3.9259801876356164,7.388041154175994],[3.9265057073725416,7.387937004589163],[3.926876435798931,7.38787394322793],[3.927210856795625,7.38780514778938],[3.9274841265911964,7.3877420864282035],[3.9275567441484895,7.387766928401049],[3.9276026077741912,7.387963759420016],[3.927675225331427,7.3881472130235],[3.927766951683509,7.388235118156217],[3.9278510346975395,7.388361241777944],[3.9279045416612925,7.388550428559481],[3.9279484942276772,7.388850452286589],[3.927961870743786,7.388988043163691],[3.9279676039218434,7.389196338740077],[3.9279809813372704,7.389421834749897],[3.928023022844286,7.389754344687331],[3.9280650643513004,7.390071567049231],[3.9280918182828364,7.390274130346882],[3.9280669754106152,7.390652503909961],[3.928059331173245,7.390908575070738],[3.9280644078461937,7.391003773705218],[3.9280390676489105,7.391084746863612],[3.9281678685523502,7.391051397304181],[3.928304450390102,7.391025075047194],[3.9285510840653037,7.390974102372979],[3.928643180938083,7.390934080743306],[3.928749357596813,7.390953499804199],[3.92887688056362,7.390955102396104],[3.9289955434096555,7.390928864675402],[3.9290747628900253,7.390901704250326],[3.9291881871851606,7.390906530012388],[3.929427002154455,7.390806887827637],[3.929596276147265,7.390681550213401],[3.9296780802792455,7.3906338312863245],[3.9297732519340802,7.3905058415713825],[3.9298108220118597,7.390438749448776],[3.9299290720690587,7.3902529270309865],[3.9300062851619937,7.390136697750452],[3.9300859228271183,7.389979835301232],[3.93017762669615,7.389767466695274],[3.9302427852763913,7.389494767969211],[3.930315183399045,7.389333078858554],[3.9304711636133334,7.389254249683916],[3.9305396182088543,7.389219654563476],[3.930643388281794,7.389142430678706],[3.9306008584429155,7.388985843422007],[3.9305902959054606,7.38894695583741],[3.930520310663837,7.388534286628099],[3.930491839027183,7.388321490844192],[3.9304829060612865,7.388298993403849],[3.930456359873176,7.388226595281194],[3.930438260117683,7.388175915785952],[3.930445499660152,7.388149369597783],[3.9304648063057916,7.388124031199139],[3.930492559384163,7.388113170986117],[3.930540824199739,7.388092658349535],[3.9305734030401704,7.388081799035829],[3.9306156361028,7.3880661121613675],[3.930709752852862,7.388027499769349],[3.9307664650004313,7.388009400913178],[3.9308014567218943,7.3880154335654415],[3.930850929326995,7.388009400913176],[3.930896781261481,7.387997333809951],[3.9309643527227527,7.387990094267481],[3.9310343379643764,7.387973202301509],[3.931092256102773,7.387958722317252],[3.93110019801577,7.387952445948659],[3.931120216025193,7.3879110159806505],[3.9313010454069395,7.387703835563626],[3.9313577161856874,7.387600350575781],[3.9314011552391435,7.387368678022142],[3.9314011552391435,7.387209401792518],[3.9313480628628663,7.387021167393016],[3.9313432362014282,7.38685223784057],[3.9314011552391426,7.386692961610946],[3.931570083892325,7.386466114819371],[3.9318017573452835,7.386388890035278],[3.931922421182833,7.386374410950337],[3.932284410896898,7.386350277643259],[3.932550079622502,7.3862727911564425],[3.9326319224253434,7.386248921350671],[3.9327767177713326,7.386137909936619],[3.932969779731593,7.386079991798228],[3.9331387092840377,7.385988287929194],[3.9333221170221577,7.385843490784508],[3.9334112443335134,7.385798927578491],[3.9334958723366644,7.385756613576914],[3.9336841067361656,7.385727653608397],[3.933891648680685,7.385761440238294],[3.9340750573180676,7.385669736369268],[3.934205373579175,7.385563551616655],[3.934326037416725,7.385457367763364],[3.9343936088779974,7.385298092433059],[3.9344273937093135,7.385095378049298],[3.934485312747028,7.384902316089039],[3.934494966069849,7.384728560774533],[3.934451527016392,7.384472754014439],[3.9343646489094786,7.384052846161979],[3.9345287518004857,7.383748773686987],[3.9345856932751526,7.383640229113324],[3.934606498191385,7.3836005699104135],[3.9346663076040613,7.3835557117267845],[3.934745946168504,7.383505033130802],[3.934852130021852,7.383406088819982],[3.9349390081287647,7.383326451154858],[3.9349679671979634,7.383292666323541],[3.9350572581859637,7.383205788216629],[3.935148962054996,7.383123736771095],[3.93521411973586,7.383036858664127],[3.935264799231164,7.382928261929803],[3.9353275440309967,7.382855863807095],[3.9354144221379106,7.382778639023002],[3.935518192210849,7.382725546646728],[3.9355833498917145,7.382689348035057],[3.935679881321504,7.382621776573784],[3.935771585190537,7.382573510858889],[3.935870528602038,7.382508353178025],[3.9359670600318277,7.382421475071056],[3.9360273919506317,7.38235631739019],[3.9361190958196626,7.382271853063629],[3.936184254399848,7.382199454940917],[3.93625182586112,7.3821270568182635],[3.9363459444098785,7.382025698727091],[3.936447300702411,7.381909861550922],[3.9365679636406403,7.381673362335847],[3.9366138155751855,7.38161785707848],[3.936664495070432,7.381572005143994],[3.936744132735612,7.381540632294388],[3.9368261841810868,7.381506845664432],[3.9369106494069683,7.381480300375586],[3.9370120056995583,7.381436862221449],[3.937079577160829,7.381405489371899],[3.93720265387941,7.3813330912491875],[3.937296772428169,7.381270346449356],[3.937352276786214,7.38120518786917],[3.937415021586048,7.381125550204047],[3.937482593047264,7.381045911639547],[3.937567058273146,7.380963861093392],[3.937644282157919,7.380862503002162],[3.9377022011956906,7.3807780386756],[3.9377528797916175,7.380683921925482],[3.937810797930012,7.380597043818566],[3.9378976760369815,7.380539124780855],[3.937977313702106,7.3804570742346405],[3.9379942056681325,7.380452247573201],[3.9380641909097553,7.380452247573201],[3.9381462423552303,7.380445008030732],[3.9382171233216354,7.3804317178495475],[3.9382432648148438,7.380394580345636],[3.9382681130829837,7.380385883002132],[3.9383224105508816,7.380354510152585],[3.938369470274892,7.380306245337009],[3.9384201488708177,7.380255565841767],[3.9385202991725237,7.380139728665599],[3.9385347791567837,7.380125249580658],[3.9385685648874187,7.380079397646114],[3.9386120030415555,7.380034751702455],[3.9386614747473345,7.379984073106527],[3.9386590618662463,7.379860997287265],[3.938649409442746,7.3797089606001105],[3.938686814944617,7.37965466223295],[3.93876645260974,7.379636563376719],[3.938888323337495,7.379655869123097],[3.939005365605169,7.3796546622329515],[3.939054838210267,7.379688447963532],[3.939103103925163,7.37973550678828],[3.9391537816217683,7.37975239965357],[3.939228594424151,7.379793424926677],[3.939268320176893,7.379781507110922],[3.9393009916474866,7.379771706299266],[3.9393492573623803,7.379731887017046],[3.9393782164315785,7.379705340828878],[3.9393951092969255,7.379680000631596],[3.939416828823653,7.379637769367606],[3.939442168121616,7.379588296762507],[3.9394444461043467,7.3795807028871545],[3.939456648105874,7.379540031946987],[3.9394361345700304,7.379478494037301],[3.9394194791257178,7.379452399308833],[3.9393999359583063,7.379421781889791],[3.939373389770197,7.379367482623251],[3.9393444307009418,7.379315598036442],[3.939333571387237,7.3792142408445915],[3.9393606589673027,7.379150131773201],[3.9393456951477788,7.379073235241665],[3.9391968753355973,7.378534165419468],[3.938982825896743,7.378424359996245],[3.9387659957541246,7.378299266098281],[3.9385519463153287,7.378150543412913],[3.9384254620654815,7.378000430375608],[3.9382586702014915,7.377759971445585],[3.93814191481755,7.3776334871957365],[3.9380015324447863,7.377497273180667],[3.9379097962001883,7.377418047405001],[3.9377291053140198,7.3773165822944975],[3.937676287230942,7.377245695032856],[3.9375975201095357,7.37712333057732],[3.937558163078791,7.376967119237238],[3.937602253241437,7.37688829725715],[3.9377284101380505,7.376768253052489],[3.937833350228971,7.376669567746375],[3.937910491376101,7.376553508437724],[3.93797581812953,7.376438837682258],[3.9380710293545467,7.376305405270273],[3.9381502551302106,7.376167800903318],[3.938226701101428,7.376014908061621],[3.93833928632904,7.375749430891572],[3.9384393610877173,7.375549279575635],[3.9385575059242224,7.375294921623379],[3.9387534861845097,7.374998865705152],[3.9388327128594365,7.374854313176059],[3.9389675356233047,7.374577715888902],[3.939045372845726,7.374438722968762],[3.939141278347393,7.374267760948441],[3.939221893575564,7.374117647911192],[3.9392719318541936,7.373959194561223],[3.9393636680988493,7.3737354162565225],[3.9394623534049056,7.373501907287219],[3.939574937733255,7.373290636753553],[3.939687522061546,7.3730946555939445],[3.939755628619423,7.372987630874492],[3.9397973265853916,7.372877827249963],[3.9398501446684695,7.372687405699254],[3.9397514593624123,7.372610958828715],[3.939618026051107,7.3725748213709625],[3.9394929312538243,7.3725345128575555],[3.9393886863388734,7.37253590320944],[3.9393136298202185,7.3725108840700955],[3.9392635924409083,7.372465015947799],[3.9392079945533283,7.372414977669108],[3.9391662965873597,7.372349650915681],[3.9391176486606123,7.372270425140075],[3.939091240068706,7.372242626196282],[3.9390365010337396,7.372175179740793],[3.938903599221761,7.372120312102766],[3.9387493169274985,7.372070274723454],[3.9386357721232343,7.372037521414541],[3.938604762599766,7.372028576757487],[3.938449090852885,7.371981319182565],[3.938379593943182,7.371947959730619],[3.9383448459379338,7.371927110747604],[3.9382906384022927,7.371889582937968],[3.9382294809058753,7.371853444580834],[3.938182223331012,7.371824256184537],[3.938091878337559,7.371770048648899],[3.93804601021526,7.371760318883673],[3.93799875174102,7.371753369822218],[3.9379431547528156,7.371749199665887],[3.9378722683905494,7.371736690096213],[3.9377582928109978,7.371682482560574],[3.937691576605006,7.371681093108012],[3.9376510000936378,7.371539091955584],[3.937794970761331,7.371236258746361],[3.937782807430666,7.37105583226088],[3.9377160408626533,7.371052256556422],[3.937660610248997,7.371048776180146],[3.9375820148981124,7.371069779846492],[3.937481060602522,7.371044711244452],[3.937412920769703,7.371043049297326],[3.9373977231264803,7.3710426778773135],[3.937336743695823,7.371068424568192],[3.9373299250360674,7.371078228077805],[3.9373150628399007,7.3710995923723335],[3.9372886389595587,7.371127370631713],[3.9372500193729247,7.371153795411374],[3.937229014807259,7.371163957750526],[3.937188361853486,7.371180219291716],[3.9371280614109305,7.3711924149980055],[3.9370375806199145,7.371225653041507],[3.937006780638455,7.3712622023887775],[3.9369268309085896,7.371319115984475],[3.9368373951297144,7.371348250421476],[3.9367235679383725,7.371391613032586],[3.936636164627316,7.37141735882409],[3.9365568920869705,7.371426844873042],[3.9364037672201566,7.371480370722565],[3.936192374378607,7.371569129311923],[3.9361000976414284,7.371599512907266],[3.936081256844602,7.371605717330056],[3.935966751564365,7.371607748898555],[3.9358129504074104,7.371631463121558],[3.935663889576915,7.371705315448025],[3.9355026348387696,7.371790008202369],[3.935337992354505,7.371891639687474],[3.935197740383443,7.371982430744652],[3.9351314540534195,7.372032717236152],[3.935040549681673,7.372101678149988],[3.934961955230108,7.372164011959625],[3.9348278015618225,7.372235831818217],[3.934697713728554,7.372289357667798],[3.934484964709383,7.3723422063278],[3.9344066643361657,7.37236287814437],[3.9343155792006432,7.372386924217211],[3.9341814264317345,7.372432997384976],[3.9340255910082655,7.372491943448492],[3.933783707552096,7.372576636202836],[3.933624485281826,7.372606447829358],[3.9334279978039026,7.37262609711672],[3.9332098285707957,7.372651165718763],[3.9330689003095367,7.372680978244604],[3.932900869179832,7.3727250180451716],[3.9327524873374955,7.372775834237414],[3.932640691714596,7.372807678331753],[3.9324753720408134,7.372880852569322],[3.932314117302724,7.372981806864971],[3.932188770695234,7.3730719198333095],[3.932110854332507,7.373134931731783],[3.9320085447585593,7.373214882360967],[3.931802571231742,7.373344292105457],[3.9316887440403434,7.373416790052886],[3.931589823111892,7.3734872537338],[3.9315241006567594,7.373581433436471],[3.9314455062051943,7.3736796762760815],[3.9313438747200853,7.373773855079378],[3.9313150316634173,7.373808895364277],[3.9312334352748617,7.373891747206414],[3.931142644217687,7.373997443627162],[3.9310383030752973,7.374090945240994],[3.9309163451133036,7.374183090677148],[3.9307862572799768,7.374276592290924],[3.93049220325264,7.374516442379959],[3.9302604830348855,7.3747129298578775],[3.9300260531598497,7.374872830216986],[3.929788912728214,7.375023245426462],[3.9296141070054773,7.375053056153661],[3.92929769403338,7.375126231290607],[3.9292669579038484,7.375141905574539],[3.929162185086796,7.37519533969322],[3.929080880078572,7.375248866442063],[3.929036162189163,7.375288841307053],[3.9289670528872307,7.37533762503142],[3.9289101392915313,7.375386407856466],[3.9288369650539616,7.375443320552846],[3.928767177663189,7.375521915903732],[3.9286858726549667,7.375605254279093],[3.9286208282886155,7.375673686391565],[3.9285706901852677,7.375768542384381],[3.928550363708382,7.375855267606539],[3.9285652699712736,7.37595283415601],[3.92855307426504,7.376028718950294],[3.9285164871462266,7.376096472973871],[3.928473123635797,7.376135769750019],[3.928404015233183,7.37620894488697],[3.9283620070010556,7.37626721376097],[3.9283254198822424,7.376356650439105],[3.9283131513309395,7.37638514455881],[3.9282834116501704,7.376454216089254],[3.928238693760761,7.376543650968758],[3.928177715229423,7.376671030044064],[3.9281341367810114,7.37672781413738],[3.9280787943009727,7.376818733797565],[3.927956836338978,7.376950176909189],[3.927810486964461,7.3771005921186665],[3.927688529002467,7.377252361707178],[3.927621662609681,7.3772864630998365],[3.9276104129901905,7.377292200774491],[3.9275530200558824,7.377321471009111],[3.9273673730058936,7.377344508042654],[3.927231864958628,7.377358058127923],[3.927196633118171,7.37727946277704],[3.927193921662195,7.377208999096072],[3.9271776610202664,7.377142600350793],[3.92712887819522,7.377062649721553],[3.9270746751561765,7.376998960633559],[3.9269811744417216,7.376886487821197],[3.9268917377635253,7.376750979773931],[3.926786041342779,7.37663715168327],[3.9266925397289474,7.376559913409323],[3.926578713436925,7.376543650968758],[3.9264554001966303,7.376508419128299],[3.9263266667423404,7.376527390326829],[3.9262405953272723,7.376520980858627],[3.926164056725895,7.376528745605185],[3.9260244828436726,7.376516549898896],[3.925907945095618,7.376498933978668],[3.9257615957210996,7.376485382994075],[3.925651834364714,7.376478606602461],[3.9255461370446483,7.37646370123889],[3.925365911107974,7.376446085318603],[3.925189750106937,7.3764433747620055],[3.925101078751823,7.376421208272177],[3.9250813431295346,7.376420338627781],[3.9246680407974845,7.37637833129503],[3.924486459582511,7.376329547570604],[3.9243265601227217,7.376284829681196],[3.9241639492069567,7.376183199095408],[3.923956621301102,7.376068015726385],[3.9238549889166743,7.375978579947572],[3.9235609357886005,7.375778028433332],[3.9235472076375686,7.375714291681278],[3.92354603042503,7.375715693724317],[3.9233468323904503,7.3755910261050435],[3.923241135070384,7.37552462556107],[3.9231232429433476,7.375459582094097],[3.9230107710303064,7.375349819838391],[3.9228752620837217,7.375272579765807],[3.922748126724741,7.3751970636935775],[3.9226801289848368,7.375176369393956],[3.922563592136101,7.375151977981431],[3.9225026127054434,7.375139782275197],[3.9224375692384683,7.375134362061202],[3.922368459936535,7.375123520733951],[3.922304770848541,7.375086933615133],[3.922270893387065,7.375027310362156],[3.9222424370389035,7.374982591573369],[3.922190942757823,7.3749107717147835],[3.9220973458159283,7.374873825766486],[3.9220601768357137,7.374876895152626],[3.9220052957078906,7.3748640222568715],[3.921975484980692,7.374822014024801],[3.92190705286822,7.374821336835285],[3.9218108415971074,7.374850471272284],[3.9217071767448597,7.374892478605034],[3.9215425342605963,7.374930421002149],[3.921436837839848,7.374952101858069],[3.9213419818470356,7.374929065723846],[3.9212579662821567,7.374957522971329],[3.921146171558632,7.375005627707592],[3.9210811271923376,7.375063896581594],[3.920997571181034,7.37511098058735],[3.9209103873045583,7.375160107852766],[3.920758616816784,7.375229218054017],[3.9206075253171098,7.375341689967057],[3.9204862454438962,7.375374889339696],[3.9203805481238305,7.375305101948924],[3.9202945000911313,7.375196017782059],[3.9202175945663944,7.375244520917931],[3.9201392869985625,7.375368508649785],[3.920116355185712,7.375624579810559],[3.9201386601710624,7.375784648342912],[3.920148842295304,7.375857719158486],[3.9202463009260664,7.3760736598715635],[3.9202641857436333,7.376227744314973],[3.920271143798288,7.37628768862595],[3.920145020176562,7.37643101178179],[3.9200857791354338,7.376528472211247],[3.920080312156756,7.376611571366992],[3.9200713243321843,7.376718057392507],[3.920002909306845,7.376810860233036],[3.919747536019998,7.376929776687917],[3.9195449727223495,7.377011948642577],[3.9192334844378247,7.377117053309404],[3.9188684873908524,7.377283308278095],[3.918495846106453,7.377436185831359],[3.9183563450692995,7.377516446726702],[3.9182588846398394,7.377655948663178],[3.918054411182197,7.377864245138823],[3.917851846985171,7.378030500107567],[3.9176722146010547,7.378129870697025],[3.9174944941756276,7.378141337053138],[3.9172889766050503,7.378123675267428],[3.917292543316251,7.378140669756136],[3.917139053324718,7.378133692815709],[3.917035859717203,7.3781575797086125],[3.916979485714763,7.378212998631057],[3.916968976237285,7.378428939344134],[3.916961331999914,7.378812090105896],[3.9169928631301905,7.37917708625355],[3.9170272612990966,7.379631898593288],[3.916991945821678,7.380041706159885],[3.91702934862559,7.380490153098151],[3.91710610756087,7.380856693381758],[3.9174403522904995,7.380721976737902],[3.9174444576956375,7.380721051335512]]]}},{"type":"Feature","properties":{"name":"Oke Ado\u2013Liberty","label":"Oke Ado\u2013Liberty","lga":"Ibadan South West","people":36773,"walk":6.4,"walk_clinic":6.48,"walk_school":6.31,"f15":100.0,"f15_health":100.0,"f15_school":100.0,"beyond":0,"clinics":23,"schools":22,"off_pct":0.0,"hexes":32,"gini":0.23,"share":3.22,"rank":1.0,"of":59,"reading":"Most people here already finish inside 15 minutes. Clinics and schools are about even. That is 15 points above the city as a whole."},"geometry":{"type":"Polygon","coordinates":[[[3.870318837644277,7.3713731031862135],[3.8704897106317167,7.371488540164023],[3.8705609081594052,7.371551316440161],[3.8705970600063897,7.371583192010745],[3.8707927650741,7.371686999855225],[3.871023421393829,7.371809348122951],[3.8712649253361064,7.371907165583252],[3.8719936648757884,7.372249721847254],[3.873295241981907,7.372808339333459],[3.873691551623836,7.372950615678405],[3.8742222361673275,7.373149080765528],[3.8745357551210304,7.37327652639061],[3.8749022297541273,7.373427312120783],[3.875423680058817,7.373648644269565],[3.8764091598549157,7.373996716974938],[3.8768703555824695,7.374155524657794],[3.877083549766041,7.374185981098208],[3.8772111698596627,7.37417122682069],[3.877628450792428,7.374103765076766],[3.878243552897686,7.373981924026624],[3.8789960039624694,7.373898100017355],[3.878986224734547,7.373850050139765],[3.87898461764604,7.373810765054829],[3.878956352853436,7.373718315647808],[3.8789252417066105,7.373636648212764],[3.8789027748432545,7.373546780759398],[3.878874691713691,7.3734561120099915],[3.8788490151699753,7.373392724194898],[3.878824140821507,7.373322113924475],[3.8788048836385087,7.373244282997288],[3.878787231745378,7.373183301767998],[3.878771184242794,7.373109482716528],[3.8787535323496636,7.3730300473988],[3.878755938935457,7.372945797110902],[3.878765567976643,7.372859943331777],[3.878913206079632,7.372867163988474],[3.879227738569341,7.372944192720354],[3.879344886957029,7.37298029960118],[3.8796345468968525,7.373131949579887],[3.8798584106372123,7.373265144570835],[3.880089496832851,7.373383095153768],[3.88015969521382,7.37343453007952],[3.880263613674856,7.373510673878569],[3.8804305089608415,7.373586098219902],[3.880676839564558,7.373621402905485],[3.880903913884594,7.3736470794491975],[3.881162281014497,7.373675161679444],[3.8813436194125748,7.373669545413236],[3.8814976759770157,7.373639054798614],[3.8815329806625978,7.373188116738219],[3.881570244071554,7.37288768741689],[3.8815843328507076,7.37277408775401],[3.8816003812526683,7.372499673121469],[3.881662966872454,7.371976521299473],[3.881701481238394,7.371511140127041],[3.88177369500005,7.371259192357912],[3.8819052856005114,7.371223084577764],[3.8821339652103575,7.371264807724745],[3.8823987499024497,7.371300113309644],[3.882597741092922,7.371319369593266],[3.8827814860767944,7.371335417995169],[3.882937147931102,7.371388374573882],[3.8830077582015297,7.371509534837231],[3.8830855891287115,7.37162347264518],[3.883268531917281,7.37168686135959],[3.883597508418348,7.371764692286775],[3.883853468063137,7.37180400884796],[3.884092578010098,7.371819254155299],[3.8844057777045005,7.371836924034879],[3.884661465754106,7.371851349160466],[3.8850482138040543,7.371864186982688],[3.8852616472073,7.371875421313688],[3.8854670568592273,7.371872210734012],[3.8856034624299127,7.371889864425723],[3.8858201046141967,7.371904305739177],[3.886121800181001,7.37192035414108],[3.8864026332749404,7.371925168211989],[3.8867508669590047,7.371946029785475],[3.886833240361795,7.3719551111395285],[3.8869225772152167,7.371955658826664],[3.886953504900362,7.371960338898588],[3.8870445387744894,7.371974113814361],[3.8872010028240425,7.37197973008051],[3.887359874358766,7.371984545050733],[3.887542817147335,7.372000591654058],[3.8876952702206045,7.37200861630464],[3.887769890568052,7.372011022890434],[3.88785815273161,7.3720302800734325],[3.8879263564162447,7.372062375977918],[3.8880194317514456,7.372066386954259],[3.8881590461031683,7.37205675881239],[3.8882192638080255,7.372057173399866],[3.8882684720124416,7.372062375977915],[3.8881903389130343,7.3719267726025315],[3.888142196405284,7.371791973221035],[3.888082819566534,7.37161544889392],[3.888034677058728,7.3715127436182675],[3.8879512298653935,7.371451763288291],[3.887887038955739,7.371411643632483],[3.8878180339751225,7.371300916404212],[3.887792358330727,7.37116451083358],[3.8878051961529545,7.371034524623666],[3.887806801442763,7.370918982425166],[3.8877586580356924,7.37080825339825],[3.8876976768063964,7.370702339341562],[3.8876158340036118,7.370618891248854],[3.8875083146570546,7.370482486577543],[3.887487906341846,7.37038884556881],[3.88750302934136,7.370373147003193],[3.8874765047369806,7.370242292048202],[3.887448935120289,7.370133465087407],[3.887440228783589,7.369953538624941],[3.8874663477937466,7.369818595351944],[3.8874765047369797,7.369661884888103],[3.887482308961409,7.369452939101903],[3.887538897901891,7.369299130750333],[3.8876404700317266,7.369187402576642],[3.8876805213390644,7.36915815932167],[3.8877318843190665,7.3691206557936635],[3.8877618308438864,7.369081413876186],[3.887792825978181,7.369061163841708],[3.8878508673237206,7.368974103172376],[3.8878856908719968,7.36881884421433],[3.887894398108017,7.368683900042015],[3.8878508673237206,7.368570721261847],[3.8877870217536956,7.368434324684358],[3.8876760202322203,7.368377009991095],[3.887662214739464,7.368364395200727],[3.8876339400543434,7.36833855767833],[3.887611448909297,7.368305183837206],[3.8875925856293634,7.368271810895409],[3.8875642911591513,7.368221751033048],[3.8875860565512985,7.368184750226076],[3.8876041940783357,7.368155004250071],[3.887612900415093,7.368112199218673],[3.8876593333116034,7.368054883626031],[3.8877667078673426,7.367995391674013],[3.8878542577678554,7.367927232955481],[3.8878803363085135,7.367867868707205],[3.8879147119944264,7.367758877170502],[3.8878735473264214,7.367542376179755],[3.887908877192955,7.3672234792802],[3.8880061262817667,7.3669767790551655],[3.8880830300078633,7.366807010435251],[3.8881265598928967,7.366703987698939],[3.888183149732641,7.366526964248067],[3.888232483842102,7.366403626726025],[3.8882165226744405,7.366204837883003],[3.8881236577806244,7.366142443818774],[3.8879945178327944,7.366100365439534],[3.887882788759726,7.366037971375305],[3.8877971786968715,7.3659726751988615],[3.887772512091829,7.365846437363245],[3.8877260800945805,7.3656592560698755],[3.8876694902548365,7.365424191273462],[3.887636289083502,7.365280321329805],[3.8876163646036166,7.365267291952023],[3.8875079441363605,7.364896021234418],[3.88716598682089,7.364707389334625],[3.887089083094736,7.364659504932263],[3.8869309220244763,7.364555031589475],[3.88667119062302,7.364401224137226],[3.8864840093295925,7.3642619263469],[3.886286671093046,7.364142943342188],[3.885989213131722,7.363948507217856],[3.885852816554292,7.363928193331504],[3.885743991392132,7.363990585597096],[3.8853594709628396,7.36380050309077],[3.8850126779927336,7.3636263808528515],[3.8846716901464333,7.363395669674446],[3.884304582390599,7.3631606048780895],[3.883998418092574,7.362952383945411],[3.8834390505717806,7.362563510797431],[3.8829696467318504,7.362248641061968],[3.882647521266165,7.362000517210161],[3.882376907168578,7.361830022837356],[3.8820685656118594,7.361624704016948],[3.8817519898624946,7.361410550256722],[3.881578569095723,7.361314035914064],[3.881536691265354,7.361193413445337],[3.8815702152932654,7.361059925275356],[3.8813821553622474,7.3609514076813385],[3.881249188799074,7.360860936782839],[3.8809361473853414,7.360676645011211],[3.880901365205887,7.360656169246852],[3.8807358683656608,7.360614092666311],[3.8806264712347343,7.360720684811779],[3.8805282949448965,7.3608483138985985],[3.8804427406400346,7.360956308087225],[3.8803633601809793,7.36098762338014],[3.8802898666840515,7.3610166157242825],[3.8802183382057933,7.361089547144955],[3.880090709118974,7.3612802897536085],[3.879988852803365,7.361433449694006],[3.8793193237278842,7.360985760884205],[3.8789903634145735,7.360787315582171],[3.8787148381193215,7.360621105579585],[3.878306705090438,7.360368653290777],[3.878013579163394,7.360158274884556],[3.8779587636860247,7.360119756021955],[3.8778578993226347,7.360048877753574],[3.8778557886138283,7.3600531198556505],[3.877716245308534,7.360333589623507],[3.877600044806286,7.360504164935318],[3.877497451945885,7.360654766304487],[3.8773908598004136,7.360823069029433],[3.8772826551704607,7.360761811708302],[3.877051451163596,7.360630924377686],[3.8769630918732227,7.360566407913437],[3.876798997975414,7.360817459058525],[3.8766138653376756,7.3611105849855685],[3.8764694063380607,7.361344806217857],[3.876366130892279,7.36129092333749],[3.876308115627069,7.361260653956037],[3.8762085372941897,7.361274679782697],[3.8761157443461802,7.36136653473784],[3.876069688265545,7.361412125868979],[3.8758396749610715,7.361473837347771],[3.87578271999655,7.361467103224299],[3.8755411980678796,7.361438544353407],[3.875424529018857,7.361424748753222],[3.875256227193177,7.361398100941643],[3.875152440932425,7.361405113854972],[3.875114573179076,7.361392490970727],[3.875073900440214,7.361347611203371],[3.8750678821770634,7.3613409049588645],[3.8750248109463428,7.36129291173853],[3.874986943192937,7.36126345894155],[3.8749196226424942,7.3612718747972385],[3.874880351946729,7.361290106753073],[3.8748579057677834,7.3612975891125],[3.874842484193323,7.361302729637316],[3.8746910122804366,7.361264861883911],[3.874611067946489,7.361255043985127],[3.874550760309375,7.361274679782697],[3.8744890488305836,7.361250836956632],[3.8744511810771773,7.361234007043834],[3.8744161183092847,7.361196139290428],[3.8743796525989183,7.361162477666255],[3.8743249549327743,7.361120402884353],[3.874254829396932,7.361088145101859],[3.8741468352083075,7.3610643022757944],[3.8740739037876892,7.3610558873193686],[3.8740276210779143,7.361026433623068],[3.8740093882227593,7.360978747970876],[3.8739420667729982,7.360936673188974],[3.8738438913825353,7.360884778709647],[3.8738205090093056,7.360879768586471],[3.8737457141933755,7.360863741768296],[3.8736826006715437,7.360838495999811],[3.8735619835987336,7.360726294782752],[3.873452588266389,7.3606603762754075],[3.8733684369038888,7.360621105579585],[3.873337582063811,7.360553785029195],[3.8733165442232007,7.3604892685649475],[3.873266052686233,7.360416338043593],[3.8732071470922165,7.360371458276234],[3.873089335904183,7.360309746797441],[3.8730192103682843,7.360214376392377],[3.872982743758655,7.360117602145693],[3.8729560959471314,7.360039060754105],[3.872953290961675,7.3599549102909245],[3.8729294490348702,7.3598090483489464],[3.872914021165173,7.359733311942819],[3.872914021165173,7.359660381421519],[3.872916826150629,7.359588852043941],[3.8728999962378907,7.359522934435914],[3.8729112161797166,7.359458417971665],[3.87292944903487,7.359403720305522],[3.872921033179182,7.359332190927942],[3.872866334613718,7.359288713203625],[3.872834076831225,7.359227001724776],[3.872784989135993,7.3591638891022635],[3.872745596132405,7.359089361384974],[3.872693824860164,7.359046077014912],[3.872567598715761,7.358957718623857],[3.8724778382816685,7.358928265826878],[3.872441371672039,7.358942290754156],[3.872362831179771,7.359050284942724],[3.872291302701513,7.35915968117439],[3.87219452935409,7.359301336087811],[3.871930855324762,7.3591358392476405],[3.8718864539966944,7.359108525038436],[3.8716307155851264,7.3589324728553684],[3.871456803788533,7.358831491580133],[3.871381068281721,7.358957718623855],[3.8712856969773957,7.3591232163634],[3.87109214938323,7.359414940247348],[3.8709186701605627,7.359632846878409],[3.8708621360787556,7.359703859145837],[3.870609682890574,7.359961922304931],[3.87034320387579,7.360191934710088],[3.870149799273861,7.360319619554844],[3.870110086111651,7.360345838389774],[3.8700542849773,7.360382678218059],[3.8698803731807065,7.36047804862312],[3.869468032223949,7.360632326420781],[3.8690052006295437,7.360759823307263],[3.8687246975867997,7.360837093956776],[3.868048684399298,7.3610783272030735],[3.867800000269824,7.361211395389657],[3.867409135123523,7.361420541724669],[3.867266670820243,7.361510628612676],[3.8670453593558705,7.361679618419716],[3.866547989298341,7.362003988593244],[3.8650248534142975,7.3629773374342475],[3.8640375632829778,7.363802042730129],[3.8638495429221393,7.363959100332236],[3.863019251936976,7.364567792969299],[3.862820949627178,7.36477980724237],[3.8619645576183075,7.365695418708639],[3.8613614749521608,7.366377042766373],[3.8610978009228343,7.3667697479255585],[3.860822171306211,7.367249178306965],[3.860701058706922,7.367643361951651],[3.862343850288483,7.368326606587685],[3.864061995165002,7.369035291245723],[3.8657597730950783,7.369701011692372],[3.8664974977613724,7.36994785490964],[3.8672913239354902,7.370256408706324],[3.8676728091528503,7.370441542243441],[3.86919033416666,7.371064259807782],[3.8696742027023565,7.3712634182721795],[3.87020154986169,7.371534104315514],[3.8702604563550267,7.371440135054229],[3.870318837644277,7.3713731031862135]]]}},{"type":"Feature","properties":{"name":"Popoyemoja","label":"Popoyemoja","lga":"Ibadan South West","people":6076,"walk":6.97,"walk_clinic":7.2,"walk_school":6.73,"f15":100.0,"f15_health":100.0,"f15_school":100.0,"beyond":0,"clinics":5,"schools":7,"off_pct":0.0,"hexes":5,"gini":0.2,"share":0.53,"rank":1.0,"of":59,"reading":"Most people here already finish inside 15 minutes. Clinics and schools are about even. That is 15 points above the city as a whole."},"geometry":{"type":"Polygon","coordinates":[[[3.8875600769360403,7.3648281799765964],[3.8875802523268135,7.3647581740505625],[3.887642646391044,7.364707389334622],[3.8877297070603722,7.3645564830952726],[3.887993792079897,7.36421694495607],[3.8883681546666358,7.363725049971151],[3.8885176094001963,7.363707638197013],[3.888604670069526,7.3637250499711495],[3.888684475907893,7.363784541923109],[3.8888092640363543,7.363881760434935],[3.8889050310423845,7.363957212655292],[3.8890051507671606,7.364018156113046],[3.8891241337718157,7.364077647165743],[3.8892939032910476,7.3641661593408125],[3.889460769798745,7.364251769403665],[3.8896203823748015,7.3643199667930626],[3.889795955219199,7.364395419912739],[3.889885918000743,7.364409929574664],[3.8899642732326924,7.364430244360333],[3.8900527854077613,7.364472323638894],[3.8901412966835665,7.364505696580692],[3.8901906307930294,7.36453181559085],[3.890239240948233,7.364578974240318],[3.890208769219385,7.364686348795997],[3.8901188064378394,7.364812586631616],[3.890050608149068,7.364938826265873],[3.890028089125053,7.364991167708299],[3.8899969213209147,7.365063612595691],[3.8899432326940655,7.365172438657171],[3.889924370313508,7.365260950832239],[3.8900121558363603,7.365330599727429],[3.89012751187522,7.365389365926547],[3.890201514388422,7.3654096807122205],[3.890297281394453,7.365443053654077],[3.890372008761233,7.365472799630025],[3.8904685006208424,7.365548252749704],[3.890577326682318,7.365601214724338],[3.8906614861386974,7.365664333642142],[3.8907543510325118,7.365726001953476],[3.890898728193805,7.365851514935514],[3.890995945806309,7.3659189883706535],[3.8910786537568924,7.3660009696690745],[3.891217225794378,7.3661279341569035],[3.891302835857232,7.36620556273658],[3.891372484752424,7.366281015856259],[3.8914544669501647,7.366390567670631],[3.89154878334972,7.366465295037359],[3.891720729228325,7.366428294230446],[3.891832457402018,7.366348488392077],[3.892019637796068,7.366199033658519],[3.8922140739204,7.366009676005775],[3.892425922718189,7.365807985050539],[3.892643574841144,7.365642569149316],[3.8928459924486574,7.365482231719683],[3.8930484091567896,7.365297226785629],[3.8932653364261687,7.365116574570321],[3.8934118881481936,7.364982356150845],[3.893596168228611,7.36478211580203],[3.8937731916794864,7.364614524440811],[3.893892379729607,7.3645100043332805],[3.8940497628863113,7.364483745028847],[3.893630069072458,7.363918245031015],[3.8931687564329986,7.363273783658256],[3.8927818698874153,7.362765069552379],[3.892369337375043,7.362300846706774],[3.890934379118335,7.361019519635189],[3.890314271386558,7.36051524368361],[3.8892610762377435,7.358934845266958],[3.888824863676575,7.358169879236584],[3.8884911468489918,7.357635763779513],[3.888249623121681,7.357520723402725],[3.888033926124819,7.357350734448858],[3.8873307992770383,7.357737238782591],[3.8867415652710524,7.35803126133368],[3.8863454372921638,7.358232952288971],[3.8858593474309955,7.358527509037341],[3.8855372210659307,7.358729199992638],[3.885352509310905,7.358708522780151],[3.8853427849415993,7.358707434600489],[3.8851947808145164,7.358597157033215],[3.8851135243697286,7.358589902202255],[3.884951009681402,7.358663903816138],[3.8847681820060407,7.358774181383409],[3.884559236219843,7.3588873610629],[3.884210991743941,7.3590963068491515],[3.8838888662781983,7.359297997804389],[3.8837800402167204,7.359414079596149],[3.88375101909429,7.3595214550511505],[3.883782942328992,7.3596694591782335],[3.8837132934337997,7.359742010185699],[3.883642193032812,7.359791344295163],[3.883566739913192,7.359900170356639],[3.8835452910823838,7.359966168903612],[3.88350144463601,7.359929190579749],[3.8833215190729224,7.359837777191728],[3.883205437281163,7.359776833733918],[3.883116925106038,7.359768128296536],[3.88307339522106,7.359817462406],[3.8828920181521775,7.359728950230931],[3.8827237001386834,7.359628829606833],[3.882530713721508,7.359544671049774],[3.8824770268932975,7.3595664373412415],[3.8823638481131297,7.359727498725136],[3.8823159637108233,7.359807304563503],[3.882298551936685,7.359901620963058],[3.882294199217995,7.359972721364043],[3.8822985519366844,7.360053977808887],[3.882430593996788,7.360129430928568],[3.8824683205565966,7.360156999645881],[3.882485733230055,7.36018602076831],[3.8824818940242385,7.3602013766922045],[3.8824770268932984,7.360208511014035],[3.8824095552568,7.360291944717519],[3.882364572966707,7.360374652668156],[3.882310885239235,7.360447203675563],[3.882207863402243,7.36056038335505],[3.882110644890418,7.360521206188764],[3.882033741164263,7.360477675404468],[3.881955385932371,7.3604863808418495],[3.8818900906551894,7.36058940267884],[3.8817304789784544,7.360843330755129],[3.8816306749157556,7.361026841915248],[3.8815702152932654,7.361059925275356],[3.881536691265354,7.361193413445337],[3.881578569095723,7.361314035914064],[3.8817519898624946,7.361410550256722],[3.8820685656118594,7.361624704016948],[3.882376907168578,7.361830022837356],[3.882647521266165,7.362000517210161],[3.8829696467318504,7.362248641061968],[3.8834390505717806,7.362563510797431],[3.883998418092574,7.362952383945411],[3.884304582390599,7.3631606048780895],[3.8846716901464333,7.363395669674446],[3.8850126779927336,7.3636263808528515],[3.8853594709628396,7.36380050309077],[3.885743991392132,7.363990585597096],[3.885852816554292,7.363928193331504],[3.885989213131722,7.363948507217856],[3.886286671093046,7.364142943342188],[3.8864840093295925,7.3642619263469],[3.88667119062302,7.364401224137226],[3.8869309220244763,7.364555031589475],[3.887089083094736,7.364659504932263],[3.88716598682089,7.364707389334625],[3.8875079441363605,7.364896021234418],[3.8875600769360403,7.3648281799765964]]]}},{"type":"Feature","properties":{"name":"Oje","label":"Oje","lga":"Ibadan North East","people":9285,"walk":6.12,"walk_clinic":5.2,"walk_school":7.05,"f15":100.0,"f15_health":100.0,"f15_school":100.0,"beyond":0,"clinics":0,"schools":2,"off_pct":0.0,"hexes":4,"gini":0.07,"share":0.81,"rank":1.0,"of":59,"reading":"Most people here already finish inside 15 minutes. Clinics and schools are about even. That is 15 points above the city as a whole."},"geometry":{"type":"Polygon","coordinates":[[[3.905727580163727,7.3868031528432985],[3.9070904811408136,7.388105526748689],[3.908078697573898,7.38903674594911],[3.909136725679388,7.389945271656981],[3.90920398597524,7.389822265085514],[3.9092326329796947,7.389742934089211],[3.9091202483008938,7.389573253602801],[3.908999047568045,7.389355094262212],[3.9088877645587563,7.389132527344315],[3.9088414881442195,7.38896725533459],[3.9088084335623994,7.388807490773104],[3.90880953523191,7.388674170776428],[3.908848099060549,7.3885044911893365],[3.9088943745757656,7.388280821702606],[3.908942855228646,7.388242258773289],[3.9090210836561132,7.38826759986989],[3.9091599128997254,7.3882995527822],[3.909356037051509,7.388310571275894],[3.9095202082910427,7.388309468707066],[3.909770319644564,7.388237851195926],[3.9100534882779243,7.3881386883498426],[3.910262833363107,7.3880296077801955],[3.9104644658624457,7.387931545704307],[3.910638553026843,7.387822466034036],[3.910833573710534,7.3877056728785515],[3.9108929442540443,7.3876775852523915],[3.9109682561801256,7.387631273764324],[3.9109050860009793,7.387570627082824],[3.9108826047484513,7.387528280705624],[3.910780135994514,7.387421404374379],[3.9106776672405767,7.387324443967942],[3.9105785043944934,7.387228586130391],[3.9105090893230563,7.387132728292841],[3.9104573036617016,7.387033565446759],[3.9104044163307776,7.386981778886021],[3.910309660162738,7.386914568052929],[3.910240245990622,7.386853968136168],[3.910168626680842,7.386739379219022],[3.910052936993508,7.386561987046093],[3.9099174127584324,7.386416546886153],[3.9098050280796315,7.3863405208983846],[3.9096199224215407,7.386276615973087],[3.9095427947642065,7.386221525303201],[3.909625430769041,7.385981328975218],[3.909727900422296,7.385683837738953],[3.9097951112554488,7.385460169151543],[3.9098281658372116,7.385302608828396],[3.9098435910089506,7.385015035315689],[3.909840286000474,7.384741784405887],[3.909871955626272,7.384592130922156],[3.9098579729671314,7.3845023480050145],[3.9097780331297827,7.384465227588233],[3.909667281619818,7.384438388221096],[3.9095306746010006,7.384481755328806],[3.9094392243407587,7.3845269300738305],[3.909335653018047,7.38456549300315],[3.9092221657703585,7.384610667748175],[3.9090976609283534,7.38464592566896],[3.9089334896888213,7.384720849087954],[3.908761605863447,7.384804587661616],[3.9086172682723377,7.384893834582837],[3.9085059852630484,7.384978674826017],[3.9083792761827003,7.38505690415286],[3.9083370431200706,7.385085575439005],[3.9082591780186817,7.3851384375888625],[3.9081589117044477,7.3852210753923355],[3.9080674614442614,7.385347783573424],[3.9079936396947805,7.3854601691515445],[3.907963890121493,7.385486612816976],[3.907902189434538,7.385570351390641],[3.907858116359023,7.385636459654961],[3.907809635706144,7.385668412567214],[3.907743527441881,7.385729013383297],[3.907668603123568,7.385821565313051],[3.907623429277862,7.38588326689927],[3.907534182356699,7.385922932397477],[3.9074592580383865,7.385888776146145],[3.9073854362889042,7.385680532730476],[3.9072881539252076,7.385483315003056],[3.9072642355560565,7.385434827155621],[3.9071635933252087,7.385230369885734],[3.9071243046429918,7.3851505577520715],[3.9070765092735096,7.3850232928907085],[3.906941404122562,7.384663555079045],[3.906762475008236,7.38427654892365],[3.906721590928726,7.384188121284809],[3.9065904751703333,7.3838983426344384],[3.906516102136436,7.383760615060395],[3.9064609997753905,7.383723108834431],[3.906392147679526,7.383734722679379],[3.9062632352601554,7.383766674692311],[3.906226006924726,7.383780163623728],[3.9061872101716513,7.383794220926576],[3.9060858421879066,7.38381846125304],[3.905985576772991,7.383836089763804],[3.905921670948431,7.383843803248965],[3.9058332720878757,7.383824514589719],[3.9058004720142208,7.383817358684212],[3.905691392343954,7.383801934411793],[3.9056139849974443,7.383849279220894],[3.905577904196945,7.383871347684587],[3.9054456858697786,7.383995853425914],[3.905439060564219,7.384003068686694],[3.9053344028604324,7.384117053259444],[3.9051636207045703,7.38436165716479],[3.905087595616067,7.384504893086385],[3.9050027562722116,7.384698812999884],[3.9049586831966963,7.384880612750122],[3.9049333412007745,7.38503156215694],[3.904919016799227,7.385225482070383],[3.904906896636021,7.385337866749181],[3.9049024899579763,7.385477797662304],[3.9048473992880877,7.38562544206053],[3.904780187555672,7.385787409061721],[3.9047105638414896,7.3858513877314085],[3.904698654119613,7.3858623333800315],[3.905727580163727,7.3868031528432985]]]}},{"type":"Feature","properties":{"name":"Isale Osi\u2013Oja'ba","label":"Isale Osi\u2013Oja'ba","lga":"Ibadan South West","people":12040,"walk":6.12,"walk_clinic":5.0,"walk_school":7.24,"f15":100.0,"f15_health":100.0,"f15_school":100.0,"beyond":0,"clinics":3,"schools":4,"off_pct":0.0,"hexes":5,"gini":0.11,"share":1.05,"rank":1.0,"of":59,"reading":"Most people here already finish inside 15 minutes. Clinics and schools are about even. That is 15 points above the city as a whole."},"geometry":{"type":"Polygon","coordinates":[[[3.8885079246010723,7.368383965347788],[3.888420390888371,7.368331302847421],[3.888344212915115,7.368267458176717],[3.888246268650448,7.3681724160242075],[3.8881193050619345,7.3680730220523865],[3.8880083017417624,7.367980157158569],[3.887969880905303,7.367955988777909],[3.887935180564171,7.367948271695409],[3.8878803363085135,7.367867868707205],[3.8878542577678554,7.367927232955481],[3.8877667078673426,7.367995391674013],[3.8876593333116034,7.368054883626031],[3.887612900415093,7.368112199218673],[3.8876041940783357,7.368155004250071],[3.8875860565512985,7.368184750226076],[3.8875642911591513,7.368221751033048],[3.8875925856293634,7.368271810895409],[3.887611448909297,7.368305183837206],[3.8876339400543434,7.36833855767833],[3.887662214739464,7.368364395200727],[3.8876760202322203,7.368377009991095],[3.8877870217536956,7.368434324684358],[3.8878508673237206,7.368570721261847],[3.887894398108017,7.368683900042015],[3.8878856908719968,7.36881884421433],[3.8878508673237206,7.368974103172376],[3.887792825978181,7.369061163841708],[3.8877618308438864,7.369081413876186],[3.8877318843190665,7.3691206557936635],[3.8876805213390644,7.36915815932167],[3.8876404700317266,7.369187402576642],[3.887538897901891,7.369299130750333],[3.887482308961409,7.369452939101903],[3.8874765047369797,7.369661884888103],[3.8874663477937466,7.369818595351944],[3.887440228783589,7.369953538624941],[3.887448935120289,7.370133465087407],[3.8874765047369806,7.370242292048202],[3.88750302934136,7.370373147003193],[3.887487906341846,7.37038884556881],[3.8875083146570546,7.370482486577543],[3.8876158340036118,7.370618891248854],[3.8876976768063964,7.370702339341562],[3.8877586580356924,7.37080825339825],[3.887806801442763,7.370918982425166],[3.8878051961529545,7.371034524623666],[3.887792358330727,7.37116451083358],[3.8878180339751225,7.371300916404212],[3.887887038955739,7.371411643632483],[3.8879512298653935,7.371451763288291],[3.888034677058728,7.3715127436182675],[3.888082819566534,7.37161544889392],[3.888142196405284,7.371791973221035],[3.8881903389130343,7.3719267726025315],[3.8882684720124416,7.372062375977915],[3.888281458222764,7.3721297127161165],[3.888312301371684,7.372199582844528],[3.8883492113470766,7.37228303003786],[3.8883692698259997,7.3723841300236455],[3.8883732817016607,7.372461158755527],[3.8883756891867733,7.37250207970726],[3.8884446941673336,7.372527757150297],[3.888512093858083,7.372530965931387],[3.888529745751213,7.37261601931391],[3.8885281422599864,7.372742794944088],[3.8885265369701765,7.372824637746874],[3.8885169079289876,7.372916108691527],[3.8884880226042355,7.37298029960118],[3.888481604142783,7.373089424237607],[3.8885827041285657,7.37319052422339],[3.8887255281606485,7.3732402711216904],[3.8888587231515994,7.3732964382800805],[3.888940565954386,7.373464937956555],[3.889054503762395,7.37365109132486],[3.8891267184233698,7.37379231006713],[3.8891501529572565,7.373844548986769],[3.88920374715525,7.373964019424022],[3.8892855899580354,7.374108447846651],[3.889361014299425,7.374276948422505],[3.889410761197723,7.374442239317942],[3.889434833350946,7.37456259558735],[3.889550376448768,7.374665300863003],[3.889699618942302,7.374642833999644],[3.889972428284978,7.374589877420933],[3.8902372138763894,7.374559385906992],[3.890574214128719,7.374535314653088],[3.891009989619363,7.37448957513385],[3.8912726132405733,7.374453801901497],[3.8912779920856915,7.3744480273546165],[3.8918781213782268,7.37431441687687],[3.892325622229748,7.374321448675972],[3.8931620223095242,7.3743912387647015],[3.8938827983525357,7.3744864769693645],[3.8943625947579785,7.374411322424633],[3.8949771141025726,7.374243747251169],[3.8957452313574095,7.374138224399588],[3.8955180689038125,7.373338895273831],[3.8954844873192656,7.372698941303158],[3.8957242987374348,7.371800198420489],[3.895819262648899,7.371212006728794],[3.8957256333313808,7.369720750012675],[3.89565722370196,7.368706905599256],[3.895614531985132,7.367944767037442],[3.8955671889746672,7.367351159628357],[3.8954200958608,7.366835304905464],[3.8952807980704165,7.366862873622778],[3.89505879232945,7.367013779862076],[3.8948498456439324,7.367148724034453],[3.8945843100179336,7.3673199441601565],[3.8942737921018993,7.36753034235147],[3.894086610808472,7.367658030793507],[3.893925547625998,7.36780603492065],[3.893808016127082,7.367940979092965],[3.893741269344162,7.368065767221424],[3.893678876179252,7.368222476785946],[3.8936179327214404,7.3684415804146415],[3.8934844391556003,7.368670840986568],[3.8933966464381347,7.368857713812473],[3.893350191957836,7.368846384153357],[3.8932161444095645,7.36874820156828],[3.8931278246894294,7.368708581935547],[3.8930825078514886,7.3686882527607045],[3.8929606218353006,7.368630212314487],[3.892682027153854,7.3685213862530095],[3.8925688483736853,7.368547504363903],[3.8924817868050923,7.368608446922339],[3.892342489014708,7.368710018152854],[3.8921799752257016,7.368820294820806],[3.8920406783346944,7.368903002771391],[3.8919862657535877,7.368935464699975],[3.8919129880939627,7.368979181643963],[3.8917990826615774,7.36905245840427],[3.8917149241045195,7.369107596738272],[3.8916140786269007,7.369157656600636],[3.8915313706762618,7.369276639605289],[3.891471153870725,7.369394897756367],[3.8913819159427017,7.369349916365592],[3.8913006585985377,7.369316543423793],[3.8912186773001736,7.369284621088466],[3.8911874798183708,7.3692955028852225],[3.891119282428974,7.369277366257506],[3.891043103556456,7.369264306302738],[3.890935729000716,7.3692476202815],[3.8908856682390365,7.369251247247294],[3.8908472159263288,7.369253423606665],[3.890787724873634,7.369246893629284],[3.8906890557553875,7.369237463338325],[3.8905671697391426,7.36923020760804],[3.8904351276790403,7.369254875112461],[3.8902319852180076,7.369260679336945],[3.890110100101082,7.369257777224677],[3.889953389637242,7.369269384774326],[3.8899308993915156,7.369249070887973],[3.8899134867180574,7.369211344328107],[3.889883740742108,7.369179421992782],[3.8898249754423095,7.369182324104997],[3.889745895356839,7.369162735072221],[3.8896849518990844,7.3691366169613275],[3.8896116760380433,7.369123557905935],[3.889512281166901,7.369116303074976],[3.8894208668795613,7.369058261729436],[3.8893388846818193,7.368981358003337],[3.889236587698405,7.368920416344165],[3.889134290714992,7.368862374998626],[3.8890182098225523,7.368818119360754],[3.8889325997596984,7.368748469566244],[3.8888571466400776,7.368682449435542],[3.888801282553175,7.3686316629209605],[3.8887555763088244,7.368614251146824],[3.8886873780201086,7.368588133035984],[3.888641670876439,7.3685438773980545],[3.888626434562355,7.368509052051138],[3.8885959637327687,7.3684676976262145],[3.8885371984330277,7.368415462303802],[3.8885079246010723,7.368383965347788]]]}},{"type":"Feature","properties":{"name":"Owode","label":"Owode","lga":"Ibadan South East","people":34051,"walk":8.15,"walk_clinic":8.33,"walk_school":7.97,"f15":97.0,"f15_health":97.0,"f15_school":93.18,"beyond":1021,"clinics":11,"schools":13,"off_pct":0.0,"hexes":24,"gini":0.17,"share":2.98,"rank":43.0,"of":59,"reading":"Most people here already finish inside 15 minutes. Clinics and schools are about even. That is 12 points above the city as a whole."},"geometry":{"type":"Polygon","coordinates":[[[3.901791982314194,7.357657321428292],[3.9016666752768856,7.35781954833351],[3.9019046448835293,7.3580913108653485],[3.9021948677989826,7.358409762600503],[3.902606654773365,7.359338606691383],[3.9026906487544584,7.360048337260992],[3.9027797077174,7.36049570591217],[3.9027697288399845,7.360770214973511],[3.9026861170706866,7.360956884552649],[3.901936482682572,7.3608567279557064],[3.901889620809414,7.36127579494206],[3.901796914196268,7.361525001577604],[3.901737827838531,7.36186946260568],[3.901698054421729,7.362122282717222],[3.9017187496206702,7.362423862271501],[3.902421423210171,7.362488021704904],[3.902936609736799,7.362429054956978],[3.903597299375918,7.362272615189113],[3.904163955901878,7.36228824540626],[3.9045656785632445,7.362295505633142],[3.9049270693288354,7.362305991728193],[3.905211770406936,7.362321464563989],[3.9055837003275538,7.362330191585101],[3.905874102208089,7.362347938806354],[3.9061338506966763,7.362367299411406],[3.90633229240143,7.3624173134083435],[3.9063726260958442,7.362406019722073],[3.9065726811843433,7.362109164306561],[3.9067420819815193,7.361846189050426],[3.906882442770552,7.361634841175033],[3.90703893829641,7.361397679159608],[3.907316433106927,7.360992728831434],[3.907974544389788,7.359917798867398],[3.908604979935944,7.358828158692631],[3.908989729692337,7.358166931258894],[3.909696548257159,7.356992279969804],[3.9100890753505837,7.35632566379837],[3.9106021106989033,7.355496577904773],[3.911232388863709,7.354399286298075],[3.9114045469822827,7.354036277652143],[3.911457737384694,7.353582002207702],[3.9116584795552285,7.353118983554281],[3.9122014173615858,7.352315042705127],[3.912766583710891,7.351555865610748],[3.91299491168587,7.351298210743893],[3.9131876301050856,7.3510342714145605],[3.913403390953761,7.350757762260968],[3.913635908870163,7.350303199033474],[3.913973166328616,7.3495951699811695],[3.9143376543593154,7.348849435053411],[3.9145345618206315,7.348413725213277],[3.914792216687488,7.347940308598425],[3.9149786506442865,7.34753811469227],[3.9153347596914614,7.346815423093347],[3.9157830393558006,7.345807843357307],[3.9160700211146486,7.34530509985052],[3.916344434847815,7.344796072780581],[3.916547626771603,7.3443017100559],[3.9155672173532707,7.3439789631586905],[3.91433746640098,7.343776540155263],[3.9129632753349592,7.34349134265142],[3.9119917404265157,7.343253697700051],[3.910741364422506,7.342804642820059],[3.909787461622102,7.342370556256242],[3.9092277721439923,7.342070787936563],[3.908112601115704,7.341425795064423],[3.9071090170675116,7.340811978090359],[3.90698774618761,7.34148788156051],[3.9066413534157505,7.342306108140406],[3.9065185986544297,7.342677035316968],[3.906525506347066,7.343104904867518],[3.906456898866849,7.3435906376978455],[3.9062174363856452,7.3442603223560345],[3.90584221494629,7.345350070449453],[3.905043402930744,7.346442574065577],[3.9044032376193627,7.3474273685782245],[3.9040698913124743,7.348161156911888],[3.9037988221579667,7.348809541127482],[3.9035557102279195,7.349332627298966],[3.903254983230965,7.349829445172814],[3.9031727033575976,7.350248915055432],[3.902724289694277,7.351852749804606],[3.9026612723998255,7.352020368145532],[3.9027967930376235,7.3524349978769115],[3.902882300577744,7.352646345752307],[3.9029484484121895,7.352843174073258],[3.9029323136753646,7.352978694711056],[3.9029528002316165,7.353199750767942],[3.9028949306566005,7.353804123961197],[3.9024368330934185,7.35499854234888],[3.9022432306406354,7.3555775897340245],[3.9021886669734736,7.355989874033526],[3.902096874071503,7.356471024818008],[3.901951494166156,7.3573981970691875],[3.901791982314194,7.357657321428292]]]}},{"type":"Feature","properties":{"name":"Irefin","label":"Irefin","lga":"Ibadan North East","people":6237,"walk":6.18,"walk_clinic":5.38,"walk_school":6.99,"f15":100.0,"f15_health":100.0,"f15_school":100.0,"beyond":0,"clinics":2,"schools":1,"off_pct":0.0,"hexes":3,"gini":0.09,"share":0.55,"rank":1.0,"of":59,"reading":"Most people here already finish inside 15 minutes. Clinics and schools are about even. That is 15 points above the city as a whole."},"geometry":{"type":"Polygon","coordinates":[[[3.9099982690049733,7.390422265774986],[3.910747322431007,7.3908150275914855],[3.911220022286273,7.390978125939798],[3.9119254837740973,7.391189439640985],[3.9130793130598813,7.391819387754593],[3.914019598325865,7.392361706827331],[3.915405130742215,7.393127277202156],[3.9160897216633543,7.393531765278796],[3.9169980576143066,7.394159016325601],[3.9177421962453995,7.3946063274201475],[3.917765369975882,7.394546705066432],[3.917807618326946,7.394438014802574],[3.9178625426222884,7.394296699832866],[3.9178674493233534,7.3942860635510215],[3.917932027840834,7.394136011667629],[3.9180393439406207,7.393996407208476],[3.9181542566137195,7.393829261011662],[3.9182188360305186,7.3936193781318575],[3.9182682196026803,7.393399048727192],[3.918282095242545,7.393217283151156],[3.9182872141836356,7.393150228800098],[3.918280566395083,7.392901408872944],[3.918260622130049,7.392342038654192],[3.918258338751399,7.39216298363482],[3.9182556210001844,7.392148206874311],[3.918254924025575,7.392051431728246],[3.918231181923545,7.391657309237474],[3.9181286151435306,7.391232795956797],[3.918069597134263,7.391136939018566],[3.9179795129442136,7.390990623818309],[3.9177477873305406,7.390708564049019],[3.9174609800402322,7.390322987815694],[3.9172122230656896,7.390020384832953],[3.917149480064495,7.389944060270238],[3.9168094886670124,7.389546138143831],[3.9164666500159333,7.38917955559208],[3.9163839213809415,7.38909277910852],[3.916156098824956,7.388853811254422],[3.916001299420486,7.388905095094115],[3.9157914174400044,7.389008610658892],[3.915519804195639,7.389112128022361],[3.915301813028293,7.389158104063311],[3.915258638375519,7.389167209698996],[3.914972779869971,7.389227040695403],[3.914714701422383,7.389335400908064],[3.9146764748394953,7.389351451108608],[3.9145634624338754,7.389206147645667],[3.91444763874756,7.38904107708407],[3.9144428507569846,7.3890342530284],[3.9141636400399866,7.38914441818042],[3.913588126091214,7.389353349577447],[3.9134297177073445,7.389422109942472],[3.9132861229562645,7.389475860622498],[3.913250983745968,7.389408433052778],[3.9131284727009183,7.389180506175478],[3.9129755726646067,7.388926937827988],[3.9128663580959824,7.388727502372376],[3.9128378666742383,7.388619236588566],[3.9128112746206507,7.388518569176655],[3.9127277024215905,7.388406504656529],[3.912666921741107,7.388286842663719],[3.912644129323155,7.388191874255652],[3.9125605562247188,7.3879981360051925],[3.9124067056050085,7.387927859383241],[3.912195873041128,7.387838588180331],[3.9119128635878146,7.3877797068680024],[3.911622257561191,7.387772109395371],[3.9113772372697326,7.387791103077006],[3.911314634562757,7.38778044701007],[3.9111986939645935,7.387760713186424],[3.911106733788756,7.387690911406481],[3.9109682561801256,7.387631273764324],[3.9108929442540443,7.3876775852523915],[3.910833573710534,7.3877056728785515],[3.910638553026843,7.387822466034036],[3.9104644658624457,7.387931545704307],[3.910262833363107,7.3880296077801955],[3.9100534882779243,7.3881386883498426],[3.909770319644564,7.388237851195926],[3.9095202082910427,7.388309468707066],[3.909356037051509,7.388310571275894],[3.9091599128997254,7.3882995527822],[3.9090210836561132,7.38826759986989],[3.908942855228646,7.388242258773289],[3.9088943745757656,7.388280821702606],[3.908848099060549,7.3885044911893365],[3.90880953523191,7.388674170776428],[3.9088084335623994,7.388807490773104],[3.9088414881442195,7.38896725533459],[3.9088877645587563,7.389132527344315],[3.908999047568045,7.389355094262212],[3.9091202483008938,7.389573253602801],[3.9092326329796947,7.389742934089211],[3.90920398597524,7.389822265085514],[3.909136725679388,7.389945271656981],[3.9093186927035504,7.390052181263227],[3.9099982690049733,7.390422265774986]]]}},{"type":"Feature","properties":{"name":"Molete","label":"Molete","lga":"Ibadan South East","people":41630,"walk":8.22,"walk_clinic":9.41,"walk_school":7.03,"f15":100.0,"f15_health":98.27,"f15_school":100.0,"beyond":0,"clinics":14,"schools":29,"off_pct":0.0,"hexes":40,"gini":0.17,"share":3.65,"rank":1.0,"of":59,"reading":"Most people here already finish inside 15 minutes. Clinics and schools are about even. That is 15 points above the city as a whole."},"geometry":{"type":"Polygon","coordinates":[[[3.8957748891997985,7.36658897070447],[3.8961569158090597,7.36621062142308],[3.896585479636201,7.36563839179837],[3.8968858397097965,7.365162161204809],[3.8971587263941387,7.364436146610895],[3.897226066729672,7.364224251048368],[3.8973632376233813,7.36387478259519],[3.8976437874308667,7.3633059721929035],[3.8980961086485304,7.362803340202049],[3.898174572698395,7.362666028114745],[3.8983184237562787,7.3624796759963225],[3.8984491968730026,7.362316208925959],[3.8985448109942804,7.3621831803095565],[3.898561988944664,7.362159280826176],[3.8986600690070077,7.361968024704652],[3.8987205520119232,7.361820904611081],[3.898759784036826,7.361541377332744],[3.8988284400804787,7.361235694172025],[3.8989020001272365,7.36093981901746],[3.898975560173994,7.36069134982597],[3.8990474852532775,7.360478842724436],[3.8990736402363395,7.360393839703989],[3.8991943940061446,7.360343905746672],[3.899766831374223,7.360827920871883],[3.9002824163005134,7.361333634839411],[3.9006922814236873,7.361788870759824],[3.9012915896352074,7.362172650147727],[3.9017187496206702,7.362423862271501],[3.901698054421729,7.362122282717222],[3.901737827838531,7.36186946260568],[3.901796914196268,7.361525001577604],[3.901889620809414,7.36127579494206],[3.901936482682572,7.3608567279557064],[3.9026861170706866,7.360956884552649],[3.9027697288399845,7.360770214973511],[3.9027797077174,7.36049570591217],[3.9026906487544584,7.360048337260992],[3.902606654773365,7.359338606691383],[3.9021948677989826,7.358409762600503],[3.9019046448835293,7.3580913108653485],[3.9016666752768856,7.35781954833351],[3.901791982314194,7.357657321428292],[3.901951494166156,7.3573981970691875],[3.902096874071503,7.356471024818008],[3.9021886669734736,7.355989874033526],[3.9022432306406354,7.3555775897340245],[3.9024368330934185,7.35499854234888],[3.9028949306566005,7.353804123961197],[3.9029528002316165,7.353199750767942],[3.9029323136753646,7.352978694711056],[3.9029484484121895,7.352843174073258],[3.902882300577744,7.352646345752307],[3.9027967930376235,7.3524349978769115],[3.9026612723998255,7.352020368145532],[3.902724289694277,7.351852749804606],[3.9031727033575976,7.350248915055432],[3.903254983230965,7.349829445172814],[3.9035557102279195,7.349332627298966],[3.9037988221579667,7.348809541127482],[3.9040698913124743,7.348161156911888],[3.9044032376193627,7.3474273685782245],[3.905043402930744,7.346442574065577],[3.90584221494629,7.345350070449453],[3.9062174363856452,7.3442603223560345],[3.906456898866849,7.3435906376978455],[3.906525506347066,7.343104904867518],[3.9065185986544297,7.342677035316968],[3.9066413534157505,7.342306108140406],[3.90698774618761,7.34148788156051],[3.9071090170675116,7.340811978090359],[3.905445234410081,7.339780969216406],[3.9038750756742497,7.33905630270624],[3.902314087325295,7.338495821824777],[3.9005447827155986,7.338173143275982],[3.8978794457798362,7.338009158196142],[3.895791839621723,7.337679930784248],[3.8938830006999865,7.337169064600687],[3.891957532414211,7.3363620435735015],[3.8914670754452336,7.336129722608632],[3.8911153658814897,7.336016788444057],[3.8909378981655323,7.336032922281562],[3.890895951087316,7.336303963557102],[3.890895951087316,7.33665889988839],[3.891128272951505,7.337055783297786],[3.891544516066631,7.337491386118641],[3.8918252376446394,7.337843094783067],[3.8919833456549213,7.338152858167916],[3.8919897991898997,7.338556194213027],[3.8918466289188127,7.338861209177535],[3.891794121101838,7.339077803697707],[3.891744571155072,7.339282198914418],[3.891570329307285,7.339753296177719],[3.891515476058431,7.340230846976056],[3.8914864351509095,7.340798743667109],[3.8915090216240733,7.341473121887135],[3.891534835764104,7.342147501006422],[3.891590652186892,7.342509189447584],[3.891615503152991,7.3426702247511475],[3.8917671576282937,7.343205854666507],[3.89185427765284,7.34369631163554],[3.891938171809215,7.344051247966771],[3.89192203887103,7.344577199378309],[3.8918833176610406,7.345464538857412],[3.8917768379307627,7.34621635769878],[3.8917252114493976,7.346742309110312],[3.8917413443875835,7.347110150712923],[3.8917219837825883,7.347565115038095],[3.891628410223007,7.347929730772477],[3.8907184429018575,7.348080053351849],[3.8901319320430616,7.348225174252432],[3.889644030947295,7.348164174137367],[3.8892420267981707,7.348260963672599],[3.8887459877371957,7.3482927007476055],[3.8875657192825774,7.3479451658367925],[3.8868533474040996,7.347764066658386],[3.88673272673401,7.347992649141474],[3.886947705172531,7.348576289364301],[3.8871439741151335,7.34964254896454],[3.887639565313747,7.350492678094668],[3.888167808197864,7.351372099043204],[3.8884685891541158,7.352048689595393],[3.888563587239788,7.352441112367502],[3.8886342802478566,7.352853661067628],[3.8885811150265113,7.353365290775573],[3.888673535655187,7.354231986317188],[3.8890156809289924,7.354617070621375],[3.889617956903236,7.355231223941872],[3.8902029649948986,7.3558351465748055],[3.8900172352072677,7.356009268812726],[3.889770561961939,7.3562762559445245],[3.8895630667821597,7.356502615303494],[3.889300433268432,7.356769602435236],[3.8889797584091643,7.357168630727757],[3.888721476714807,7.357441422983358],[3.8884911468489918,7.357635763779513],[3.888824863676575,7.358169879236584],[3.8892610762377435,7.358934845266958],[3.890314271386558,7.36051524368361],[3.890934379118335,7.361019519635189],[3.892369337375043,7.362300846706774],[3.8927818698874153,7.362765069552379],[3.8931687564329986,7.363273783658256],[3.893630069072458,7.363918245031015],[3.8940497628863113,7.364483745028847],[3.8942340303762526,7.364762138262109],[3.894495977707266,7.365145229668654],[3.894889046192588,7.365711857416327],[3.8951680896356606,7.366188687857687],[3.8954200958608,7.366835304905464],[3.8957748891997985,7.36658897070447]]]}},{"type":"Feature","properties":{"name":"Molete\u2013Oke Ado","label":"Molete\u2013Oke Ado","lga":"Ibadan South West","people":10259,"walk":6.66,"walk_clinic":7.06,"walk_school":6.26,"f15":100.0,"f15_health":100.0,"f15_school":100.0,"beyond":0,"clinics":9,"schools":12,"off_pct":0.0,"hexes":11,"gini":0.14,"share":0.9,"rank":1.0,"of":59,"reading":"Most people here already finish inside 15 minutes. Clinics and schools are about even. That is 15 points above the city as a whole."},"geometry":{"type":"Polygon","coordinates":[[[3.8792961401048274,7.384512692007208],[3.8792971356543267,7.384536863085826],[3.8793084599175254,7.384670478060168],[3.8793412968634016,7.384812017860382],[3.879406971654475,7.38482334122426],[3.8795108460487318,7.384819123403873],[3.8795167941647715,7.384819591051326],[3.8798365849904726,7.384808713751168],[3.8798446456139573,7.384808471833537],[3.8798961362977016,7.38480862112101],[3.880340008384735,7.384805224381639],[3.8806848003632695,7.384817114318421],[3.880867104633239,7.384875428158522],[3.880999019888918,7.384929213912131],[3.8810284996655473,7.384933717716931],[3.881030159814088,7.38493471686377],[3.8810570270601947,7.384943592273032],[3.881117082887102,7.384942842238444],[3.8812392782701295,7.384917398619112],[3.8813865953151776,7.384862012971554],[3.881535612978211,7.38478587187052],[3.8816409820457243,7.384757361563061],[3.881709648881212,7.384703205288757],[3.8818477910427864,7.384594432287258],[3.881964176805354,7.384536783046145],[3.8821643191280937,7.384494361125915],[3.8822981085709207,7.3844845720054195],[3.8826287775960395,7.384450851925352],[3.882757129737797,7.384461730124768],[3.8828093398792016,7.384517203905886],[3.8828713409396873,7.384605308688095],[3.8829453056813463,7.384710818949201],[3.8830247104220916,7.3848065391904925],[3.88313021978388,7.3847717318300266],[3.883240080065718,7.384655345168083],[3.883417378709112,7.384498712045967],[3.8835348535507133,7.38442909822436],[3.883768715054202,7.38438885176413],[3.8840167156989196,7.384391027224184],[3.884197278881345,7.384412781824495],[3.8842951736833693,7.384479132905712],[3.884372354400682,7.384565433647879],[3.884417935639248,7.384557837074566],[3.8847978596335793,7.384148827206674],[3.884520576163709,7.383914964803807],[3.884284496032705,7.3836430251055845],[3.884133103260183,7.383468635768963],[3.883865522575831,7.383059651082077],[3.883758925034386,7.382678947375551],[3.8836827848327284,7.382119855047335],[3.883602292811588,7.381528131717972],[3.883504397110301,7.380795005285336],[3.8834776188970177,7.380408199678698],[3.883465238829728,7.380229386576958],[3.8834286283286015,7.3801289673779715],[3.8834221298274656,7.379969092199871],[3.883388212795807,7.379392276932093],[3.883307046283221,7.378858546384834],[3.8832841909127174,7.3787480790606415],[3.883258902876094,7.378625854899327],[3.883181875043533,7.378109120639464],[3.883062320070053,7.377579550356016],[3.882949183558025,7.377579550356016],[3.8827871032422654,7.3775859688174705],[3.8826482910857862,7.377585968817469],[3.8824428814338607,7.377573130995244],[3.882205376776766,7.377553873812303],[3.8818780046662478,7.377515359446308],[3.8815522378455394,7.377476845080366],[3.881199190090627,7.377438330714426],[3.8810432233661345,7.377425685347134],[3.8810740188509385,7.377163916081885],[3.881151046683499,7.376526824653295],[3.8812273838367455,7.375987015588352],[3.881240914136925,7.375891339413842],[3.881282638183279,7.375430772312314],[3.8811911672386263,7.375417933590824],[3.8809761276462496,7.375427562631955],[3.8807410313735313,7.375420341975257],[3.8806938709254273,7.375422566898009],[3.880469023326839,7.375433179797482],[3.8803799589679784,7.375433179797482],[3.8802403446162548,7.3754147248097315],[3.8800766590106264,7.375339301367717],[3.8799498833804478,7.375325661350247],[3.8797549040656354,7.375317636699604],[3.8793785872520625,7.3753200441847175],[3.879095345773635,7.375344917633868],[3.8790135029708486,7.375336893882605],[3.878974187308927,7.375239805772482],[3.878994245787851,7.375045628652913],[3.8789790013798324,7.374740725204334],[3.8789966532729645,7.3745184649552575],[3.8789966532729645,7.3742881809548635],[3.878990233912191,7.374085980983295],[3.8789739094184488,7.373969891097659],[3.8789713049818033,7.373951374056732],[3.8789960039624694,7.373898100017355],[3.878243552897686,7.373981924026624],[3.877628450792428,7.374103765076766],[3.8772111698596627,7.37417122682069],[3.877083549766041,7.374185981098208],[3.8768703555824695,7.374155524657794],[3.8764091598549157,7.373996716974938],[3.875423680058817,7.373648644269565],[3.8749022297541273,7.373427312120783],[3.8745357551210304,7.37327652639061],[3.8743996373334544,7.373689002245724],[3.8743591138820643,7.373835691563955],[3.874327251801275,7.37395103231432],[3.874161917738376,7.374405701661827],[3.874027040115834,7.374879950149648],[3.8739313198745435,7.375149706293938],[3.873802967732843,7.375254128375389],[3.8734026848860594,7.375343322236575],[3.8731046477613513,7.37539118235725],[3.872965419218758,7.375484726239167],[3.872993700199174,7.375808867984915],[3.8729458400785006,7.376028589447911],[3.8728218388568507,7.3761917480507595],[3.8724911707309957,7.376376661253969],[3.8720908869848936,7.376602909097017],[3.871827658119969,7.37677041772065],[3.8716710249978523,7.376987963723594],[3.8715905329767675,7.377242490748417],[3.8717884998394534,7.377410001170685],[3.872016922243233,7.3776188453334735],[3.872145274384934,7.377858144138089],[3.872182256306132,7.378049583721348],[3.872049554143644,7.378199689564099],[3.8719451320622507,7.378332392625849],[3.8718798691606935,7.378460744767606],[3.8718335486793753,7.378555115126515],[3.8718929210215256,7.378639131590717],[3.872064782363849,7.378734851832006],[3.8722322918868026,7.378858852154338],[3.87240632778986,7.379174292959306],[3.8725716618527604,7.379465803703909],[3.8725819959623773,7.379477754794606],[3.872752225035186,7.37967464696743],[3.8730611385607303,7.3798312800895465],[3.8735962999293743,7.380050999753906],[3.8737833885925848,7.3801423690751475],[3.8740944793767644,7.380758021565496],[3.8744969376836025,7.3816695366198815],[3.8748406585696094,7.382409190331943],[3.8750408008922936,7.3828595087593945],[3.875386698137674,7.382733332977011],[3.8756847352623813,7.382589752615046],[3.8759849469477676,7.382472278672766],[3.876228597571753,7.382385260271574],[3.8764896518760006,7.382300418229759],[3.876644108638742,7.382337401050279],[3.876778987160606,7.382513612413334],[3.8769639003637626,7.382905194319336],[3.8770900770454664,7.383172774104308],[3.877157516306397,7.383289160766194],[3.877247797447921,7.3833653018672285],[3.8773674468502577,7.383367477327282],[3.877458816171497,7.383347898187025],[3.8777775197168003,7.3833065644464595],[3.878271347344878,7.383271757085991],[3.878756473132796,7.383223896965318],[3.879167161135626,7.3831574046905075],[3.8792111433796204,7.383339196346867],[3.8792677044410766,7.383629618911814],[3.8792655289810236,7.3839211296564695],[3.8792840199416214,7.384169131200507],[3.87928619630094,7.3844530282846685],[3.8792961401048274,7.384512692007208]]]}},{"type":"Feature","properties":{"name":"Oranyan (SE)","label":"Oranyan (SE)","lga":"Ibadan South East","people":1733,"walk":5.78,"walk_clinic":4.97,"walk_school":6.59,"f15":100.0,"f15_health":100.0,"f15_school":100.0,"beyond":0,"clinics":2,"schools":0,"off_pct":0.0,"hexes":1,"gini":0.0,"share":0.15,"rank":1.0,"of":59,"reading":"Most people here already finish inside 15 minutes. Clinics and schools are about even. That is 15 points above the city as a whole."},"geometry":{"type":"Polygon","coordinates":[[[3.901732099157072,7.372083328382926],[3.9012726939797058,7.371776896086942],[3.900532901772067,7.371246605446514],[3.9000282930713293,7.37092396017266],[3.899437142610111,7.37134538608075],[3.8994301629716692,7.371350446565883],[3.89883968430405,7.371801775831329],[3.8985396048189505,7.372000214838065],[3.89810521608291,7.372182924702258],[3.8977978763709307,7.372262785399301],[3.897922323656361,7.37262256368041],[3.8980495561421544,7.372927074125243],[3.898099702339436,7.373099028097726],[3.8981179702681734,7.3733593467565015],[3.8982625147033336,7.37338203305444],[3.8982830848964904,7.373793432420997],[3.8984984653319543,7.373814001714836],[3.8985492851214762,7.373916851781359],[3.898558965423944,7.3740463217803836],[3.898560175012108,7.3741104524355015],[3.898643665372901,7.374111662023606],[3.8987163117084838,7.374099407861423],[3.898846446306494,7.374108744622901],[3.898937542233852,7.3741165948050575],[3.899121613671582,7.374166110577562],[3.899433792635478,7.374259281240882],[3.899668532776615,7.374380281424918],[3.899739064806056,7.374436376637504],[3.8997743398139737,7.374453809995375],[3.9001273390055644,7.374716510958252],[3.90052002527898,7.3750853067415365],[3.900905594317749,7.375561180304259],[3.9012056018570993,7.375183453353713],[3.901464207307356,7.374863818110785],[3.9017078840116715,7.374491428636585],[3.90267160740882,7.37315571506423],[3.902481877436741,7.372959613395494],[3.9023222666593256,7.372739420687761],[3.9020206781118527,7.372350177918404],[3.901732099157072,7.372083328382926]]]}},{"type":"Feature","properties":{"name":"Odo Osun","label":"Odo Osun","lga":"Ibadan North East","people":2186,"walk":6.67,"walk_clinic":6.83,"walk_school":6.5,"f15":100.0,"f15_health":100.0,"f15_school":100.0,"beyond":0,"clinics":1,"schools":0,"off_pct":0.0,"hexes":1,"gini":0.0,"share":0.19,"rank":1.0,"of":59,"reading":"Most people here already finish inside 15 minutes. Clinics and schools are about even. That is 15 points above the city as a whole."},"geometry":{"type":"Polygon","coordinates":[[[3.899130778662539,7.379599147982335],[3.89927651200145,7.379817747990728],[3.899401576221806,7.380066387154102],[3.8996018543421656,7.380487277965529],[3.9000375470951676,7.381460912790941],[3.901549856041072,7.38288227509696],[3.901553135868596,7.382877683158594],[3.9016402226182554,7.382844241868327],[3.9017043190991103,7.382825430749049],[3.901747514436295,7.382813586677742],[3.9017802587520123,7.382807316604443],[3.9018332081361122,7.382778056262337],[3.901897303717646,7.3827836293610325],[3.9020018076373617,7.382794775558467],[3.9021181574270827,7.382798957406006],[3.902201760203127,7.382796867381556],[3.902208354032382,7.382802859564379],[3.9022324153937116,7.3828247337745],[3.9023090520211667,7.382838667870258],[3.90244560418131,7.382812193627897],[3.9025180607599173,7.382803834429468],[3.9025654361460047,7.382799652581921],[3.902591911287743,7.382812193627897],[3.9026518259210548,7.382796867381556],[3.902693628208396,7.382791293383547],[3.902718709400972,7.382775966237887],[3.9027730518349126,7.382752278095209],[3.9028148532229348,7.382735557000388],[3.902824647739351,7.382728535093861],[3.9028232142200068,7.382689574664196],[3.9028900968005478,7.382636626179419],[3.9029402591856415,7.382640807127589],[3.9030113218150864,7.382625479082664],[3.9030628772500218,7.3826408071275855],[3.903078205295003,7.382650560275181],[3.9031116456859523,7.382639413178424],[3.9031444997189637,7.382625723698257],[3.903147605077948,7.3826244295738075],[3.9031785291658143,7.382611544986845],[3.9031673820690576,7.382565562650654],[3.903111645685953,7.382447124635122],[3.9030660977222733,7.3823366474184136],[3.903046157054575,7.3822882782814645],[3.903019681912838,7.382201887607096],[3.902995793221351,7.382088413849262],[3.902986240622567,7.3820430412533815],[3.902955586331303,7.381868866854744],[3.902909603995056,7.381666825163903],[3.902892292945012,7.381593253425934],[3.902881735803533,7.381548386249051],[3.9029848466734043,7.381544206200203],[3.9031654818015795,7.38154173216526],[3.9031882832127285,7.3815414192011986],[3.903341555568374,7.38153445215329],[3.9034627805829123,7.3815024039128625],[3.9034960159284537,7.381479395657607],[3.9035714663501153,7.381427161234569],[3.903688511315807,7.381335196562134],[3.90385293076821,7.381180530257327],[3.9039657956849965,7.381059305242787],[3.90409538169655,7.380935293229244],[3.9042305408068496,7.3808391494072785],[3.9044548766912612,7.380762511880449],[3.904946169130426,7.380657132021096],[3.9053037386766505,7.380647456215171],[3.905144628821631,7.380262068839444],[3.904830194358055,7.379790696383566],[3.9044671947053193,7.379294989172475],[3.9043534862244655,7.379323965328807],[3.9042751300932537,7.3793691193894215],[3.9041692322243193,7.379387232634714],[3.903958828637088,7.379355185293605],[3.9037818681387653,7.379310596906574],[3.9036146607880364,7.379305022908512],[3.9034767146786744,7.379293875811756],[3.903368030710112,7.379310596906578],[3.903269099889087,7.379314776955424],[3.903197151427434,7.379339586552702],[3.9031882832127276,7.379342645147005],[3.903148737324444,7.379343390684994],[3.903097711590193,7.379367726339524],[3.9029862406225675,7.379388626583873],[3.902941652235483,7.379466657160551],[3.902891489850447,7.379540505889678],[3.9027911659795786,7.379572555029426],[3.9027019892054673,7.379540505889679],[3.902656006869279,7.379515424697163],[3.902611417582875,7.379520998695169],[3.9025751901929198,7.379461083162483],[3.9025013396651502,7.37945969011264],[3.902420522988791,7.379502884550505],[3.902364786605687,7.379520998695171],[3.9022602826859725,7.379555833934658],[3.9021265166255152,7.379558620933666],[3.9020025046119704,7.379580915127179],[3.90189242669419,7.379658944804532],[3.901829724162497,7.379703534090879],[3.9017461213864526,7.379775989770165],[3.9016597298127063,7.379858200395687],[3.901587274133419,7.379892337761245],[3.901429415235384,7.37999256630394],[3.9013172149175825,7.379809019170922],[3.9013141689138133,7.379803160987138],[3.9011358153656497,7.379496615376525],[3.9009240187285172,7.379142692581238],[3.9007554183279467,7.378862621213043],[3.9005784569303055,7.378604843139044],[3.9003555140957356,7.3782927226311],[3.9001626787646715,7.378052016387469],[3.899957003812745,7.377795280627766],[3.899868130110179,7.377665455396482],[3.899814877654535,7.377587665838178],[3.8996365232070502,7.377384230198118],[3.8995539456581136,7.377245580818963],[3.8994902169999355,7.37708813381039],[3.899387106130063,7.376952974700089],[3.8993739292634477,7.376919187170817],[3.899355324988277,7.376892468312802],[3.899286909962995,7.376764389564985],[3.899075518920086,7.377029037560081],[3.898968319732205,7.3771348374028785],[3.8988477233438057,7.37734625362674],[3.8988179458915515,7.377757177251967],[3.898858144687665,7.378090680040883],[3.8988821475930995,7.3781888113646215],[3.898959386766308,7.3785045813214065],[3.899004051595739,7.3787978853142135],[3.8989970899438053,7.378889391332395],[3.898995051180691,7.3789161794381934],[3.8989832080087004,7.379071833198566],[3.898947005799698,7.379281904036704],[3.8988790440326966,7.379420504852474],[3.899130778662539,7.379599147982335]]]}},{"type":"Feature","properties":{"name":"Old Bodija","label":"Old Bodija","lga":"Ibadan North","people":27188,"walk":14.31,"walk_clinic":12.02,"walk_school":16.59,"f15":60.21,"f15_health":82.92,"f15_school":22.18,"beyond":10818,"clinics":10,"schools":4,"off_pct":0.0,"hexes":44,"gini":0.09,"share":2.38,"rank":55.0,"of":59,"reading":"About half the people here can walk to clinics and schools in 15 minutes. Schools are the weaker of the two services. That is 25 points below the city as a whole."},"geometry":{"type":"Polygon","coordinates":[[[3.9111741586605153,7.408331200424583],[3.910342671577097,7.408621789364134],[3.9105017913246347,7.408165199064738],[3.9100569146949056,7.4052152231041095],[3.9100443619577736,7.402067897215715],[3.9096185437608146,7.400060944956691],[3.909180744795606,7.398683828396031],[3.908941083564229,7.398415986908333],[3.9050222850504497,7.398976778055896],[3.90188504865614,7.399425573931124],[3.900433898105973,7.399620039733122],[3.8995997688143116,7.399961875640088],[3.899058388633762,7.4005605363397535],[3.8986269271910032,7.401033130074951],[3.8977592118181974,7.401330731927772],[3.8969490323719933,7.4013497013277165],[3.897123465775393,7.40222990198845],[3.8974247521506418,7.4029117167024205],[3.8984859566616024,7.404168978815393],[3.8982572140992042,7.4044568769833194],[3.8970866025646833,7.405099313982191],[3.8967276561564286,7.40549781886932],[3.896545709816678,7.406406811325323],[3.896376952934076,7.4072658293545715],[3.8960977008482582,7.407990196390473],[3.8953784167805456,7.40892070962309],[3.894981959649783,7.409519363128141],[3.8948743072035663,7.409644688151902],[3.8948013056357813,7.4097379676331325],[3.894600579653058,7.409895125959335],[3.894318939867219,7.409974483036023],[3.894115102230216,7.409962034620264],[3.8939454963875733,7.409870230027138],[3.8938979816066417,7.409836829206368],[3.893788338061427,7.409759752810372],[3.8936840850525414,7.40959792700278],[3.893624956426663,7.409387864258577],[3.8935845004244247,7.409296058766129],[3.8934600180654115,7.409260271144659],[3.8933402049865435,7.409310063009057],[3.8932328403233782,7.409431432814416],[3.8931519274195807,7.409566805963381],[3.893092797894383,7.409730187598145],[3.893079674087744,7.40981221206397],[3.8930398925770078,7.409938695414495],[3.8930118849905284,7.410287242961943],[3.8929729848154575,7.4107244843474955],[3.892918523670972,7.411099483654313],[3.8928096031806945,7.411300211435673],[3.892666524640447,7.411410810960206],[3.8925191761191513,7.411555254671327],[3.8930925496814552,7.411970560692851],[3.8943055165863716,7.412828568783482],[3.89532052202452,7.416082893310942],[3.897240908241372,7.420721598223223],[3.8977057129483224,7.421844723755042],[3.898275974856404,7.422713919411878],[3.8985453577820985,7.423373984022192],[3.898657528422235,7.423339709959693],[3.8987572335595364,7.423523543976443],[3.8990657010213567,7.4239348327263865],[3.89949880102887,7.424536187794901],[3.899766762126432,7.424931897589032],[3.9006423096948883,7.426190692146748],[3.901319303143396,7.42720363633879],[3.901339358024983,7.427206365781215],[3.9014461929874646,7.427354454444583],[3.9016845537991576,7.4276691524095195],[3.9020506642068535,7.428205074604535],[3.9021908757084134,7.4281879380229725],[3.902343551813487,7.427982292748651],[3.9024432578501087,7.42775951089277],[3.9025647760436177,7.427637993598581],[3.9029075166686202,7.427225147222829],[3.9034699229985677,7.4266814351001935],[3.90355625521704,7.426589688963017],[3.903917045235518,7.426206271102559],[3.9042301846753276,7.4258759941818075],[3.904371954702014,7.425698390668232],[3.904482566817081,7.425481841114106],[3.904756760216344,7.424961497874903],[3.90564788674061,7.425257501632416],[3.906771586939215,7.425695277215315],[3.9071434835849455,7.42584016159424],[3.9073531353389512,7.425911363618583],[3.907638901214341,7.426008415755803],[3.90772585036774,7.426032401574103],[3.9079083713742757,7.426082752816853],[3.908617270070978,7.426341809726809],[3.9090675066601652,7.426446190439378],[3.909280941862051,7.426547454101751],[3.909403720905062,7.426467648263381],[3.909405575307119,7.426466443171875],[3.9094069863434133,7.426466012396588],[3.909553576736243,7.426421263030932],[3.9095542854020087,7.426392222123412],[3.9095582496135526,7.426229639985932],[3.9094881438628035,7.425642307146801],[3.9095185229614913,7.425243481201733],[3.909697684100877,7.424138920374901],[3.909809852942431,7.423500175093069],[3.9099952445849353,7.422576332132054],[3.9108967375943853,7.417406637806153],[3.911156521156556,7.415260188107255],[3.9115755782503916,7.412949749731239],[3.912933916966722,7.413179292690246],[3.913521362221161,7.413032053886241],[3.9140940630906025,7.412288945878175],[3.915412958441322,7.410084527678862],[3.9162236451051626,7.408487705843016],[3.9160521425923775,7.408461201023668],[3.915755911306292,7.408306847682923],[3.9153240370746962,7.408048036287881],[3.9148828080951725,7.407776750396749],[3.914603726880557,7.407584978963655],[3.914262281279321,7.407299661849949],[3.9139223951024746,7.406966011572253],[3.91372126892145,7.406844400748525],[3.9135825080263658,7.406861550819941],[3.9134577792531777,7.40699095696715],[3.9133299316310968,7.407120364013622],[3.913138161097322,7.407323047820458],[3.912960421786067,7.407486755009757],[3.912751501180878,7.407634870652829],[3.9124661831678504,7.407787663669808],[3.9122214029953857,7.407921748090247],[3.912056137280956,7.407987230426386],[3.911982839836241,7.407993412366122],[3.911926730234484,7.407998143699444],[3.911791088188237,7.407951370859108],[3.911628455688742,7.4080405557271],[3.911597758230016,7.408057390136492],[3.91151824287266,7.408108841250055],[3.9114872702214147,7.4081418778454236],[3.911424696292727,7.408208623729019],[3.911264310299714,7.408292975640337],[3.91122623210498,7.408313001743693],[3.9112142162630903,7.408319321279691],[3.9111741586605153,7.408331200424583]]]}},{"type":"Feature","properties":{"name":"Oritamerin (NW)","label":"Oritamerin (NW)","lga":"Ibadan North West","people":6995,"walk":3.42,"walk_clinic":3.79,"walk_school":3.06,"f15":100.0,"f15_health":100.0,"f15_school":100.0,"beyond":0,"clinics":3,"schools":3,"off_pct":0.0,"hexes":3,"gini":0.14,"share":0.61,"rank":1.0,"of":59,"reading":"Most people here already finish inside 15 minutes. Clinics and schools are about even. That is 15 points above the city as a whole."},"geometry":{"type":"Polygon","coordinates":[[[3.8856054778106004,7.384634099584104],[3.886083947716088,7.3844815547799945],[3.886452965631918,7.3842543689440285],[3.8872870346689865,7.3836781193497805],[3.887851030100991,7.383383584185081],[3.888301067940006,7.383188195678713],[3.888848722690454,7.3829610188359975],[3.8895700428232662,7.382807047707161],[3.889974272794518,7.38283223771765],[3.8903621773726518,7.382925410179608],[3.89134848094767,7.383064282590626],[3.8927443960370742,7.383270725563589],[3.893042585147214,7.383296369731737],[3.8930702707764335,7.383083400378666],[3.8930873084325976,7.382897051857528],[3.893248100019832,7.38237740559282],[3.8933465461062715,7.3820912772906695],[3.89340569811452,7.3818801227694735],[3.893462135069513,7.381709747107207],[3.8935995002167947,7.3812848731984095],[3.8936349658810054,7.3811357539119635],[3.893633061116929,7.381116023685593],[3.8937075843376197,7.38094580810264],[3.892788502387531,7.3807161401377925],[3.8920900502157,7.380484685220095],[3.8914530199409687,7.380266782186311],[3.890334257919733,7.379936086181487],[3.8890916934269626,7.3795105063048805],[3.889011526061153,7.379429039418705],[3.888904529220667,7.379566444136115],[3.8887383659828747,7.3797684462568345],[3.888622864253818,7.379930633591926],[3.8885409782835714,7.380012140947601],[3.8883443963768505,7.380204942104457],[3.888097262678571,7.380419979898191],[3.887826057726443,7.380657484555341],[3.8876270674352895,7.380822774551461],[3.887469801190434,7.380972017944318],[3.8873430237615594,7.381076327610458],[3.8872104151286058,7.381289773604239],[3.8869919032537723,7.38145232876201],[3.886587507807292,7.381876770996258],[3.8861126738608505,7.382498406676178],[3.885703420276684,7.383204917672854],[3.8856199775799496,7.3835418891469],[3.885633290244187,7.383803813994859],[3.8854163926524725,7.384263532136344],[3.885313022777837,7.384486006424082],[3.8853572226577744,7.384659190669141],[3.8856054778106004,7.384634099584104]]]}},{"type":"Feature","properties":{"name":"Abebi","label":"Abebi","lga":"Ibadan North West","people":4526,"walk":4.35,"walk_clinic":6.09,"walk_school":2.61,"f15":100.0,"f15_health":100.0,"f15_school":100.0,"beyond":0,"clinics":3,"schools":4,"off_pct":0.0,"hexes":2,"gini":0.09,"share":0.4,"rank":1.0,"of":59,"reading":"Most people here already finish inside 15 minutes. Clinics and schools are about even. That is 15 points above the city as a whole."},"geometry":{"type":"Polygon","coordinates":[[[3.8930391272539855,7.38516424003768],[3.892719593634411,7.385263526990226],[3.8921636669197146,7.385358926173583],[3.891771013021866,7.385471565360488],[3.8914972288141025,7.385719550716715],[3.891298639620573,7.385848603430359],[3.890811234950604,7.386052967170771],[3.890337545841135,7.386174065380886],[3.890117658902909,7.386250884570698],[3.889896201748343,7.386326308912089],[3.8897517733257136,7.386387290141386],[3.8895608067858802,7.386502833239206],[3.8894051449315157,7.386599119154087],[3.8892591112190753,7.386640843200383],[3.889061725318413,7.386685776027777],[3.888856315666488,7.3867242903937145],[3.888678186948823,7.386753175718526],[3.8885193163134213,7.386810947267462],[3.888328348874268,7.386855880994174],[3.8881871301319966,7.3868959997506645],[3.8879688817585256,7.386920071004509],[3.887895363080588,7.386920715818404],[3.8873986576219863,7.386863957805473],[3.886992411370727,7.386797861232367],[3.8865242539911833,7.38687936319212],[3.8861080783252078,7.3870326850104675],[3.8862754619430575,7.38752048718078],[3.886416665396837,7.388050645620866],[3.8863331210767456,7.388420275975022],[3.8862175168250146,7.388763769332515],[3.886504077701091,7.388972697132317],[3.886759755858123,7.389181888433425],[3.886921417089752,7.389432700358894],[3.887103285188516,7.389761964643016],[3.887537442798816,7.390585220231797],[3.888669964447331,7.390398276359404],[3.889166238231383,7.390277762708651],[3.890069100908306,7.390288017677903],[3.8902240208219605,7.390298589208555],[3.8904974066300615,7.390259855408033],[3.8909214045991694,7.39030276925746],[3.891361263011902,7.38992489391876],[3.89174908215449,7.390029282725264],[3.892027711909406,7.389754751180873],[3.8927374631634284,7.3901238050696065],[3.8929835761312006,7.390257279749733],[3.893386904981753,7.38950888642603],[3.8935067720199754,7.38932432036114],[3.8935857621732453,7.3891777272703525],[3.893672535958842,7.388998236079772],[3.893879367438898,7.388602404877133],[3.894055291918222,7.3882897816481545],[3.894132556272495,7.388097215214371],[3.8941896128603735,7.387879687197879],[3.8942264616819102,7.387548044206939],[3.8942202392726704,7.387077024285304],[3.894217185175023,7.387076306626283],[3.894200904748004,7.386926958012737],[3.894178320073479,7.386737958290212],[3.8941200745818496,7.386579862870405],[3.8940166588417924,7.386430088877543],[3.8937931872058584,7.386244654966901],[3.8935994318683242,7.3860806159277095],[3.8935126580827273,7.385945106981126],[3.8934437151554,7.385740653308575],[3.8933985449069723,7.385486275571224],[3.893362314819001,7.385108646646757],[3.8930391272539855,7.38516424003768]]]}},{"type":"Feature","properties":{"name":"Eleyele","label":"Eleyele","lga":"Ibadan North West","people":20404,"walk":10.44,"walk_clinic":10.74,"walk_school":10.14,"f15":91.76,"f15_health":84.79,"f15_school":94.51,"beyond":1682,"clinics":8,"schools":12,"off_pct":0.0,"hexes":36,"gini":0.15,"share":1.79,"rank":47.0,"of":59,"reading":"Most people here already finish inside 15 minutes. Clinics are the weaker of the two services. That is 7 points above the city as a whole."},"geometry":{"type":"Polygon","coordinates":[[[3.882486540821276,7.412026469745855],[3.881447735724465,7.4113802412052205],[3.880503196665245,7.409805248613394],[3.8797236652150104,7.406976584901542],[3.879200005276062,7.4059265877418765],[3.878385271662977,7.40494106837565],[3.8772003438208458,7.404042129440768],[3.8771621729959516,7.404018318090948],[3.8770953776495958,7.403986190710157],[3.876825152059155,7.4038562179900955],[3.876736465415604,7.4038278182992485],[3.876336106126416,7.403699612747006],[3.875731667282649,7.403569567181817],[3.8752343790633863,7.4034743226819195],[3.8747911239112787,7.4033625927095255],[3.874456851302682,7.403204157346011],[3.874159210778999,7.403016413976389],[3.87386523319401,7.4027297640674306],[3.873638111209914,7.402411059622748],[3.8735089811545995,7.402136314939013],[3.8734467049015397,7.401956814755238],[3.8733880933858695,7.401737018648532],[3.873344133624926,7.401416483184222],[3.8733111635793875,7.401026344690078],[3.8733166593364103,7.400731451595277],[3.873318928325943,7.4005178149452595],[3.8731133478028137,7.400528140961001],[3.873034200268194,7.400527813607763],[3.8726700926507074,7.400526309041991],[3.8722195107218917,7.400570267903617],[3.872157236267469,7.400740610290994],[3.872163342664181,7.400860137385508],[3.8721700570025632,7.400991543624911],[3.872102286791175,7.401334059419355],[3.8720326846607236,7.401535539033943],[3.8717927410422135,7.401517223441146],[3.8714931723720833,7.401545681588007],[3.8714264138979493,7.401552023607052],[3.871085730022457,7.401628951614896],[3.870732225411927,7.401715039217719],[3.8702047145759484,7.401832264047814],[3.8697028470088526,7.4019549828362265],[3.8690892503686314,7.402059386031908],[3.8687229241236882,7.402145472735413],[3.8682943216256835,7.402237054296675],[3.867977449100068,7.402315815122791],[3.867570826932138,7.402453186565367],[3.867274101918326,7.402519125757123],[3.8669883666198643,7.402583233029812],[3.8665103113018517,7.402685805205804],[3.8660615612920424,7.402784712644407],[3.865730035213006,7.402878126124677],[3.8653893522368894,7.40294589633612],[3.864942433246768,7.40304297275503],[3.864609076147986,7.403108911946789],[3.8642956210460957,7.403197311706606],[3.8641665206684475,7.403221945936082],[3.8641859694070035,7.403581473306418],[3.8642042849998006,7.403977105758883],[3.864215274715207,7.404301305061211],[3.86422076957291,7.404552239294447],[3.863902066027549,7.40462916730229],[3.863655965650366,7.404682388281628],[3.8633300864144076,7.404772263828988],[3.8632147249796267,7.404954991679574],[3.8627561058096944,7.406250697112058],[3.8610685288895183,7.407153156892722],[3.8591709575736672,7.40775026985909],[3.8590903657278655,7.407893137058694],[3.8603563368754976,7.410566120929788],[3.8608652182552414,7.411010576676799],[3.862053948431026,7.412507020682483],[3.862670323076998,7.413181412392302],[3.8638157059301075,7.4141720246192895],[3.861159137384334,7.417289100011999],[3.859574577804551,7.41912190395277],[3.8592180397807856,7.4196302448399925],[3.859538386387443,7.420437484402441],[3.8599206396258414,7.420903558952148],[3.860728281185288,7.421473446742198],[3.861559645960938,7.421688184162408],[3.862342833155253,7.421619939108951],[3.8630243349051625,7.421383771743707],[3.863649783710571,7.420931820147415],[3.8653561753472436,7.41926536560419],[3.8662666930534897,7.41873383569799],[3.8670732248494915,7.418598966169382],[3.8681853390821748,7.418672297788361],[3.8696744572104644,7.418923231122278],[3.870886997836749,7.419137532371277],[3.871815635982841,7.41929871606294],[3.8728798145518217,7.41947638432771],[3.8745905598065637,7.419773109341577],[3.8755631568142808,7.419934293033236],[3.8761327945928206,7.420051516964007],[3.8768231016048835,7.420149986432763],[3.877575564360881,7.4203252634002315],[3.877614665084763,7.420043600232021],[3.87771715812039,7.419403119258618],[3.877885667689441,7.418516608954408],[3.87823734128034,7.418425027393139],[3.8787428717861308,7.417943308237114],[3.8790542503534198,7.417571486235149],[3.8795121581596286,7.417128231083042],[3.879776112777449,7.416987366673711],[3.879965896708825,7.4169558337447965],[3.88027431560721,7.416006021960413],[3.880112694845026,7.415469319153831],[3.8800195331749587,7.414881230884134],[3.8806134427562133,7.414677439112551],[3.881108367557146,7.414275675981683],[3.881486840045682,7.413804040923822],[3.8819293613510126,7.413280003269564],[3.882354415124212,7.412820014432159],[3.883006551311326,7.412523059191868],[3.883542235186042,7.4124997676502185],[3.883553186230585,7.4124994456929],[3.882486540821276,7.412026469745855]]]}},{"type":"Feature","properties":{"name":"Asanike","label":"Asanike","lga":"Ibadan South East","people":20058,"walk":7.75,"walk_clinic":7.92,"walk_school":7.57,"f15":100.0,"f15_health":100.0,"f15_school":100.0,"beyond":0,"clinics":4,"schools":7,"off_pct":0.0,"hexes":11,"gini":0.17,"share":1.76,"rank":1.0,"of":59,"reading":"Most people here already finish inside 15 minutes. Clinics and schools are about even. That is 15 points above the city as a whole."},"geometry":{"type":"Polygon","coordinates":[[[3.9051911030869633,7.3654849090013945],[3.9051207068552,7.365713307123484],[3.905045295104345,7.365895551138807],[3.904940557360874,7.3661825328975965],[3.9047897338591615,7.36660358019111],[3.9046493856606617,7.367024626585306],[3.9046179642476764,7.367167071103494],[3.904611679785262,7.367309514722363],[3.904674522611174,7.367544128059136],[3.904756217925183,7.367745224562497],[3.904840008659505,7.36804268072518],[3.9049279893353064,7.368300337390679],[3.9051332748807686,7.368937143734229],[3.9052715285582162,7.369385423398624],[3.905332277762455,7.369624224878122],[3.9054118776560927,7.369846270189271],[3.905464246977488,7.369940534428165],[3.905531279744821,7.370085072568084],[3.9055794591247945,7.370258937599941],[3.905600407033206,7.370372055226202],[3.9056004070332055,7.370518687887168],[3.905573500216917,7.370616225658352],[3.9055716853850413,7.370619375084117],[3.905479120864812,7.370849847042848],[3.9053481004345363,7.371085714933827],[3.9050625342086382,7.371348707277095],[3.905357486658715,7.371550785840154],[3.905870531899552,7.371641128135595],[3.9061695843589064,7.371471463837054],[3.9064822588492234,7.3715024679645476],[3.906738036830972,7.371724178727901],[3.906919952593796,7.3718795842754625],[3.907179425889865,7.372020331772945],[3.907724136259901,7.3723410363098205],[3.907691132939476,7.372555575879175],[3.9080842805651628,7.372857965722572],[3.908810794282771,7.372907285442921],[3.909116087137761,7.372729805136429],[3.9096013334348645,7.372736270362625],[3.90990395710196,7.3729376654409275],[3.9103108427712527,7.372873611228215],[3.910476245182622,7.372593047930879],[3.9107165080604314,7.372440395208118],[3.91098865460276,7.3724893336158726],[3.9114186897207905,7.3721748379984415],[3.911624749582586,7.371736015604711],[3.91195355161517,7.371278439648337],[3.9124930108438316,7.370997405106207],[3.91312964002094,7.370412555295216],[3.914085676013201,7.370411278257961],[3.9148889279816785,7.370532719109748],[3.9156276428014953,7.370449548907632],[3.9160439911373155,7.370999138099817],[3.9169664077735424,7.371126693442194],[3.917261816179916,7.370710682352186],[3.9180554301140664,7.369447469425212],[3.919096321637994,7.367718708951315],[3.9194562249248865,7.367045504346606],[3.917730648950339,7.366788925068876],[3.9161697999963394,7.366554055425354],[3.9150981327726417,7.366419590591703],[3.9140739488536846,7.366397086856122],[3.914006336023647,7.3658223751025975],[3.9139000271645727,7.365574998587361],[3.913989518701384,7.365498031009394],[3.913738703178637,7.364866185326265],[3.9134415033227588,7.364296721116829],[3.913268428794992,7.363832986603086],[3.9129723935611764,7.363508048058007],[3.912806908412165,7.363294381730385],[3.9126712393862135,7.363175672119611],[3.9125387782420944,7.363059769292988],[3.9123397762597283,7.362795829064283],[3.9120850702698253,7.362447497354196],[3.9118509659493843,7.362652407882365],[3.911756645053173,7.362892133864931],[3.9111235583056327,7.363552356755917],[3.910278887160984,7.364091546187977],[3.9096287771463953,7.364803273252505],[3.908624818980286,7.365414580218727],[3.908001681432495,7.365264218069287],[3.907003739730839,7.365487915434982],[3.906807332292601,7.3653175910340565],[3.9063838451384076,7.365349978318875],[3.906008610209255,7.365501181334477],[3.9051911030869633,7.3654849090013945]]]}},{"type":"Feature","properties":{"name":"Sango","label":"Sango","lga":"Ibadan North","people":38330,"walk":11.89,"walk_clinic":11.98,"walk_school":11.79,"f15":89.99,"f15_health":87.76,"f15_school":74.97,"beyond":3839,"clinics":9,"schools":6,"off_pct":0.0,"hexes":38,"gini":0.13,"share":3.36,"rank":48.0,"of":59,"reading":"Most people here already finish inside 15 minutes. Schools are the weaker of the two services."},"geometry":{"type":"Polygon","coordinates":[[[3.879631082708329,7.427092561972189],[3.8831685659765753,7.426861389441628],[3.883844794102003,7.426670540712905],[3.884868599406389,7.4268885786450465],[3.8865576566105915,7.426836766903305],[3.8885755805986264,7.426793263997981],[3.890101371281332,7.427288323697211],[3.891752085890118,7.427949276837695],[3.892572770317145,7.428255470813384],[3.893423505590363,7.428179274853675],[3.894151002266995,7.427647734155642],[3.8948862133281072,7.427044828655993],[3.895142031779415,7.42686598857455],[3.89535159360122,7.426702156379463],[3.895488726723385,7.426556480597127],[3.895663965919311,7.426433960558882],[3.8959062522718,7.426224966209247],[3.8963767415933708,7.425841720119308],[3.89684723181432,7.425417966765792],[3.8971837410368826,7.425037835927411],[3.8978785707395214,7.424193447169899],[3.8985453577820985,7.423373984022192],[3.898275974856404,7.422713919411878],[3.8977057129483224,7.421844723755042],[3.897240908241372,7.420721598223223],[3.8969310288439365,7.420666556116712],[3.8961565353958463,7.420246573620544],[3.8946882095932556,7.419826174738205],[3.893104425229068,7.419320196369996],[3.892552052635154,7.4191665750774405],[3.891916231948586,7.4193166008804505],[3.8911752832128172,7.419669973290696],[3.890898782153101,7.419746669273422],[3.8903254040941984,7.41984440669404],[3.8896254248734867,7.419726734001642],[3.889125455775229,7.419402262204699],[3.888712373777082,7.418872172113085],[3.8877403397449375,7.417141970925289],[3.8871863672570726,7.416184967262497],[3.886654778894979,7.415221374267048],[3.8860279883010658,7.414119604935875],[3.8853509543831137,7.413396354857925],[3.8843806956126627,7.41272976296824],[3.884118677235222,7.4127617869269775],[3.883553186230585,7.4124994456929],[3.883542235186042,7.4124997676502185],[3.883006551311326,7.412523059191868],[3.882354415124212,7.412820014432159],[3.8819293613510126,7.413280003269564],[3.881486840045682,7.413804040923822],[3.881108367557146,7.414275675981683],[3.8806134427562133,7.414677439112551],[3.8800195331749587,7.414881230884134],[3.880112694845026,7.415469319153831],[3.88027431560721,7.416006021960413],[3.879965896708825,7.4169558337447965],[3.879776112777449,7.416987366673711],[3.8795121581596286,7.417128231083042],[3.8790542503534198,7.417571486235149],[3.8787428717861308,7.417943308237114],[3.87823734128034,7.418425027393139],[3.877885667689441,7.418516608954408],[3.87771715812039,7.419403119258618],[3.877614665084763,7.420043600232021],[3.877575564360881,7.4203252634002315],[3.8782204430190745,7.420466029783483],[3.8789005040550824,7.420824863776488],[3.879079674187665,7.420932988366758],[3.8794717561166867,7.421269379778097],[3.8786918145756317,7.421923081684895],[3.878433122790454,7.422141484741759],[3.8776930949604203,7.422674771923254],[3.877359128121328,7.422849708047637],[3.876456886875872,7.423283335057932],[3.876630414661974,7.423678682425303],[3.8766180130109547,7.423803154891743],[3.8760805107070273,7.424145286675696],[3.876160026963702,7.424334004910462],[3.876171690271349,7.4244697117079],[3.875702980708013,7.424631568991741],[3.8753606267915197,7.4246711526516265],[3.8746172642754,7.424723950050291],[3.8740331231301757,7.424676662797821],[3.873349087990049,7.424733358757522],[3.8728853966437673,7.4247374866457685],[3.8726705027415855,7.424871542287917],[3.87224540040495,7.425128451616786],[3.8703246166877534,7.425449348608597],[3.865282244779849,7.425445108305155],[3.8650735588976777,7.428519339995604],[3.8650975815881448,7.430802197963089],[3.8658405502012565,7.432011590062871],[3.869930633591934,7.433390679736132],[3.872834647001411,7.433598502269091],[3.874272955232754,7.434528101790532],[3.8760335193314863,7.43469115877002],[3.877639742680004,7.434733640944843],[3.8791177559796775,7.434653288318653],[3.879979848791038,7.43459900793789],[3.8799461835695865,7.434253000075954],[3.8798732422563944,7.434011729957431],[3.8797946891735933,7.433819088879886],[3.87964880384925,7.433555375280378],[3.879358907387712,7.43312894374583],[3.8789736234340353,7.432616480366333],[3.8783208847011115,7.431628957310578],[3.87826031985793,7.431474436695966],[3.878228991075104,7.431315459041228],[3.878222445809286,7.431015489273478],[3.878825453831666,7.429186868079569],[3.878932270807695,7.428651183305534],[3.878946442324491,7.428136652384636],[3.8790413828535857,7.4273530344150345],[3.879631082708329,7.427092561972189]]]}},{"type":"Feature","properties":{"name":"Beere\u2013Mapo","label":"Beere\u2013Mapo","lga":"Ibadan South East","people":5950,"walk":5.52,"walk_clinic":3.86,"walk_school":7.18,"f15":100.0,"f15_health":100.0,"f15_school":100.0,"beyond":0,"clinics":5,"schools":0,"off_pct":0.0,"hexes":3,"gini":0.14,"share":0.52,"rank":1.0,"of":59,"reading":"Most people here already finish inside 15 minutes. Clinics and schools are about even. That is 15 points above the city as a whole."},"geometry":{"type":"Polygon","coordinates":[[[3.8911792096528752,7.376476274660375],[3.8911880355993844,7.37661428462161],[3.891221735894419,7.376751492387486],[3.8913188240045997,7.376914375797867],[3.8913434240598126,7.37694063690094],[3.8914375767827787,7.377041152327363],[3.8915726990209123,7.377198523792912],[3.8915987496825997,7.377265675270735],[3.8918089419291855,7.377231006405851],[3.8920735728371487,7.377082984292313],[3.892164666066549,7.377181401600468],[3.892289213176696,7.377243584323993],[3.892519970220519,7.377363514314764],[3.8928754011788556,7.37755413461565],[3.893193494983848,7.377716491922628],[3.8935198175855708,7.377845290128107],[3.8939996760442455,7.377976598341376],[3.894527096048705,7.378119056349419],[3.895020895797757,7.378272478891858],[3.895636863950188,7.3785164577683435],[3.896026303671021,7.378681030105497],[3.8964854399511646,7.378852072165445],[3.897198283973694,7.37909827056876],[3.897622535551648,7.379209433068922],[3.898058028655157,7.3793139819547395],[3.8984022387723485,7.379374765333182],[3.898669814960044,7.379458916695683],[3.8988790440326966,7.379420504852474],[3.898947005799698,7.379281904036704],[3.8989832080087004,7.379071833198566],[3.898995051180691,7.3789161794381934],[3.8989970899438053,7.378889391332395],[3.899004051595739,7.3787978853142135],[3.898959386766308,7.3785045813214065],[3.8988821475930995,7.3781888113646215],[3.898858144687665,7.378090680040883],[3.8988179458915515,7.377757177251967],[3.8988477233438057,7.37734625362674],[3.898968319732205,7.3771348374028785],[3.899075518920086,7.377029037560081],[3.899286909962995,7.376764389564985],[3.899467922806422,7.37641094520899],[3.899888813617906,7.375874488816634],[3.9001627426165446,7.375628366855722],[3.9003220728054657,7.375528927018423],[3.900517580022324,7.375503049925838],[3.900905594317749,7.375561180304259],[3.90052002527898,7.3750853067415365],[3.9001273390055644,7.374716510958252],[3.8997743398139737,7.374453809995375],[3.899739064806056,7.374436376637504],[3.899668532776615,7.374380281424918],[3.899433792635478,7.374259281240882],[3.899121613671582,7.374166110577562],[3.898937542233852,7.3741165948050575],[3.898846446306494,7.374108744622901],[3.8987163117084838,7.374099407861423],[3.898643665372901,7.374111662023606],[3.898560175012108,7.3741104524355015],[3.8979181570973087,7.374220941343423],[3.8975711509878583,7.374189761848074],[3.8972335661761686,7.374153442727276],[3.8958260956978275,7.374384661123258],[3.8957452313574095,7.374138224399588],[3.8949771141025726,7.374243747251169],[3.8943625947579785,7.374411322424633],[3.8938827983525357,7.3744864769693645],[3.8931620223095242,7.3743912387647015],[3.892325622229748,7.374321448675972],[3.8918781213782268,7.37431441687687],[3.8912779920856915,7.3744480273546165],[3.8912726132405733,7.374453801901497],[3.8912999769124776,7.374579640438126],[3.891314009933638,7.374755969612353],[3.891309195862731,7.3749798342519775],[3.891299566821601,7.375039210191461],[3.8912971602358084,7.3751427176623565],[3.8912851237095656,7.375275109558686],[3.891269076206924,7.375395467626786],[3.891240190882172,7.3754813232045535],[3.8912105033620605,7.375619332266411],[3.8911559405942167,7.375818322557563],[3.891135079020728,7.375959542199155],[3.8911286596599557,7.3761569280998165],[3.8911398930916343,7.376211489968341],[3.891143447212357,7.376278923833299],[3.8911409012316662,7.3763194697677354],[3.8911716904212317,7.376413905777156],[3.8911792096528752,7.376476274660375]]]}},{"type":"Feature","properties":{"name":"Odeaje","label":"Odeaje","lga":"Ibadan North East","people":33442,"walk":7.08,"walk_clinic":7.54,"walk_school":6.62,"f15":100.0,"f15_health":100.0,"f15_school":100.0,"beyond":0,"clinics":14,"schools":19,"off_pct":0.0,"hexes":28,"gini":0.15,"share":2.93,"rank":1.0,"of":59,"reading":"Most people here already finish inside 15 minutes. Clinics and schools are about even. That is 15 points above the city as a whole."},"geometry":{"type":"Polygon","coordinates":[[[3.9194963760569403,7.338369903248464],[3.9194926789440387,7.3383702512861095],[3.919316374051448,7.338294456424079],[3.9191268113532933,7.3382499912441395],[3.918886931586656,7.338234779211747],[3.918734813061235,7.338262862341254],[3.9185230173234227,7.338286265398892],[3.9181555930062486,7.33824882032684],[3.917809230811428,7.338182122107298],[3.9177682756854324,7.338120104859002],[3.917775296692639,7.337998410398368],[3.91779752973224,7.337840440883667],[3.917798699750221,7.337732788437509],[3.91778582775379,7.337606412106254],[3.9177554036890005,7.3375010996960555],[3.917747212663756,7.337352492123842],[3.917735511584624,7.337214414713514],[3.9177027483831917,7.337073998166545],[3.917653602232007,7.33692070872377],[3.9176032860628425,7.336876244443145],[3.917462868616553,7.336823588238074],[3.917348195163129,7.336813056277548],[3.9172019267275564,7.336777952140835],[3.917040448058287,7.336719444946482],[3.9168941796227164,7.336686680845673],[3.916739721061333,7.3366773198025035],[3.916613345629458,7.33668434080971],[3.916484630161619,7.336693701852882],[3.9163196396397097,7.336705402932069],[3.916092632768824,7.336703062896105],[3.915814138811527,7.33670891388533],[3.9156924443508956,7.336684340809712],[3.9154958606454775,7.33667263883126],[3.9152606618500845,7.336659767734145],[3.915012591957577,7.336649235773676],[3.9147844141694463,7.336673808849241],[3.9146112326223483,7.336701892878125],[3.914470816075323,7.3367615700904585],[3.9143549717046544,7.336816567230868],[3.91428125337717,7.336859862392772],[3.914292955355677,7.336921879641066],[3.914321037585864,7.336969854874949],[3.9144064587910625,7.337023681997381],[3.914445072981778,7.337063467105394],[3.9144743270286413,7.337139526368105],[3.914487198125755,7.33716526856233],[3.914511771201319,7.337249518850283],[3.9145281532516947,7.3373162170698265],[3.9145386852122215,7.337382915289368],[3.9145574072985587,7.337455463598813],[3.914592511435331,7.337590030955198],[3.9146042116151425,7.3377234273942795],[3.9145983624245564,7.3378404408836655],[3.914542195266165,7.337923521153642],[3.9144942191329624,7.337992559409141],[3.9144719860933046,7.338049895686198],[3.914292955355677,7.338116593905738],[3.914103391758147,7.338217227143388],[3.913951273232726,7.338304986585912],[3.913869362980791,7.33838104584862],[3.9138202168296057,7.338465297035896],[3.913757029563327,7.338596351640374],[3.913706714293483,7.3386923039067256],[3.913673950192674,7.338693473924705],[3.9135323627284038,7.3386724118024045],[3.9134001372066223,7.338613904608053],[3.913160257439984,7.338519123259004],[3.9129285686985322,7.338453595057387],[3.9126804988060258,7.338377535794675],[3.912623075294732,7.338365691723369],[3.9124932770431546,7.338338920704701],[3.9124257010852834,7.338329673875421],[3.9123821127443543,7.338323708672246],[3.9123542652371834,7.338330218864544],[3.91229201236655,7.338344771693927],[3.912250851295824,7.338391572413173],[3.9122065920606133,7.338441893978254],[3.912182376915212,7.3385016728140045],[3.9121152982824587,7.338582513772054],[3.9121141687339223,7.338716610783026],[3.912078369421238,7.338816749393516],[3.912052556180583,7.338878056177408],[3.912017061738083,7.338986151090072],[3.9119993163154168,7.339092630820289],[3.9119718887916974,7.339179751744214],[3.9119315550972265,7.339291073424361],[3.911875087565306,7.3394588608377935],[3.9117750613700086,7.339476608059045],[3.911594365987241,7.339441113616543],[3.9113265505798718,7.33945724655473],[3.9109635482292333,7.3394637009890875],[3.9109086940810016,7.339571795002371],[3.9108893343753275,7.339626649150603],[3.910845773913366,7.339684729166947],[3.910800600067661,7.339770235807803],[3.910778012695175,7.33980411686656],[3.9107715600595157,7.33982186318849],[3.9107618797569907,7.339849289812946],[3.9107489726869744,7.339894463658595],[3.910752200353784,7.339954157958062],[3.9107489726869744,7.340009012106294],[3.9107376790007597,7.340055799335744],[3.910682825751849,7.3401396925928],[3.9106311992704823,7.3401929333572316],[3.9106247448361278,7.340294573835536],[3.910674758833125,7.340401053565814],[3.9107054131243895,7.340467202299578],[3.9107473602025493,7.340538189385996],[3.910765105625159,7.34059626940234],[3.9107796260789196,7.340678550174969],[3.9107554262220106,7.340786644188313],[3.910647564233727,7.340939582895488],[3.910602158362963,7.3409705654393065],[3.910468251108966,7.3411028602088795],[3.9103972640225484,7.34122547377666],[3.9103036895636483,7.341338407941237],[3.910229475709797,7.341451342105812],[3.9101407423014507,7.341654623961803],[3.910021353702575,7.3418885592096785],[3.9099358470617176,7.341991813071786],[3.9098487261378527,7.342149921082068],[3.909787461622102,7.342370556256242],[3.910741364422506,7.342804642820059],[3.9119917404265157,7.343253697700051],[3.9129632753349592,7.34349134265142],[3.91433746640098,7.343776540155263],[3.9155672173532707,7.3439789631586905],[3.916547626771603,7.3443017100559],[3.917372963391586,7.344739515316406],[3.918016054197608,7.345244352444977],[3.9184852808710384,7.345778515566113],[3.9188392953972198,7.346354575403381],[3.9191074237686507,7.346901308348777],[3.9192770997584048,7.347559062600678],[3.9193671749551986,7.348426294138223],[3.919379742980822,7.349345894097781],[3.9193713639973,7.350552475816131],[3.919436302243582,7.3513820005788935],[3.9195661769375647,7.352016714200031],[3.9197672743403014,7.352620004609547],[3.919932760388633,7.353085042240933],[3.9202008896593843,7.353604541916126],[3.920420838650841,7.353925041407593],[3.9204813432394294,7.354018052890863],[3.9204992181644234,7.354013906116905],[3.9219619546805125,7.356088437031815],[3.9222298078593667,7.356137817906014],[3.9222492772823894,7.356130613437131],[3.922528861218041,7.356027150932333],[3.9226040220580103,7.355999336700052],[3.923121098959598,7.355840236737606],[3.9235016138084684,7.35571693428915],[3.9239325113763357,7.3555803731357505],[3.9242944651174985,7.355491540802006],[3.9246166427438993,7.355401384666209],[3.924945451071778,7.355290014422677],[3.9251483039511186,7.355235654901604],[3.9253485047297545,7.355166711074901],[3.9256057180294874,7.355103071449662],[3.925976951874872,7.355024846619415],[3.926186433657051,7.354969162396969],[3.9263574667237435,7.3549148019765775],[3.9264927031757684,7.354847184649885],[3.926627937829096,7.3547848697260125],[3.9268268139063593,7.354722555701415],[3.9271078907166275,7.354654938374781],[3.927350519710785,7.3545820168466225],[3.9275865189027854,7.354513073919293],[3.9277509221673763,7.354446782193291],[3.9278861577200237,7.354401702776387],[3.928063819689555,7.354395073873607],[3.9283608082047854,7.354417612682706],[3.928567637886203,7.354426893686254],[3.9287837503698606,7.35440568137716],[3.9289494792351434,7.354403029276454],[3.9290542196765723,7.354323478845514],[3.9291695676214995,7.354253209418116],[3.9292610511566295,7.354234648310406],[3.9293684436987637,7.354177636688635],[3.929466556136731,7.354131231671033],[3.9295580387725413,7.354115321764708],[3.929723767637824,7.354128581368971],[3.92982453217644,7.354194873094966],[3.929919991614384,7.35420282759844],[3.9299876098403956,7.354205478799884],[3.9300565527677236,7.354262490421659],[3.9301042842853353,7.354285030130086],[3.9301493619036014,7.354311545741269],[3.9302156536295456,7.354332759849057],[3.9302527767442834,7.3543579507588674],[3.9302952040604855,7.354458714398221],[3.930344876315019,7.354509660092785],[3.9303469123801746,7.354511748318599],[3.9303827089948973,7.354592624350175],[3.930472866030017,7.35466024077755],[3.9305988205791778,7.354698691291616],[3.93073670823253,7.354685431687357],[3.930834819771179,7.354608534256501],[3.9309727074245293,7.354547544933324],[3.9311636280990014,7.35449848871434],[3.931217986720753,7.354467995401705],[3.9312723462418258,7.3543857928701195],[3.931294885950252,7.3543088954392015],[3.931304166054474,7.35418161439003],[3.931335985867122,7.354045053236689],[3.931434098305033,7.353937659795235],[3.93159054706615,7.3538541316628985],[3.9316952884068996,7.353791817638298],[3.9319140520918836,7.3537215491102765],[3.932018793432633,7.3536433242800285],[3.9320347033389567,7.353611503568059],[3.932057242148062,7.353492178821054],[3.9320479611445207,7.353423234994351],[3.9320307247381834,7.353347663164184],[3.932070499953681,7.3532482251255225],[3.9321116007698147,7.353179281298823],[3.9321487247838713,7.353090449864396],[3.9321659611902082,7.353016202735603],[3.932156680186665,7.352967147415995],[3.932158638010776,7.352916222405781],[3.9321951289021513,7.352770923439439],[3.9321925748275253,7.352694315590213],[3.932189825600005,7.352611822577615],[3.9323369942568993,7.352479239125615],[3.932451015701871,7.3524155986010555],[3.932508521051432,7.352383902894873],[3.93261939666786,7.352322790364554],[3.932684362793168,7.352281688649043],[3.9327387223142414,7.352203464718171],[3.932757638654152,7.352139147004095],[3.9328093703562113,7.352088321818656],[3.932781649653463,7.3520292894202175],[3.9327877740365693,7.351900686367627],[3.9327563121541393,7.351697391921166],[3.932814395767821,7.351532819584009],[3.9328773213313752,7.351385189574901],[3.9329450852475247,7.351264181296984],[3.9329547664493707,7.3511697947502626],[3.9329208835919767,7.35106572700175],[3.9328773213313752,7.350930198270078],[3.9328894208101697,7.3508116091684865],[3.93294750622249,7.3506809196887275],[3.9330322115673644,7.350632516377573],[3.9331072366097137,7.350501826897867],[3.933199203080789,7.350390498922424],[3.933216145408835,7.350274330795795],[3.933165321122715,7.350175104097843],[3.93314111856779,7.350056514996198],[3.9331677411983597,7.3499863301050805],[3.933184681727709,7.349918566188933],[3.933271808946869,7.34982659881854],[3.933371035644825,7.349722531969347],[3.9334145988047453,7.349635405649507],[3.9334605820402535,7.349519236623508],[3.933533187007016,7.349420009925553],[3.9336517761086047,7.349383707891833],[3.933743741680359,7.349354666085048],[3.9338284479245544,7.349291741420755],[3.9339058939419256,7.349207035176563],[3.933973657858075,7.34909086704994],[3.9340535239510364,7.348974698923255],[3.9341406502708196,7.348848849594786],[3.9342156762125455,7.348696379434387],[3.934259239372466,7.348635874845796],[3.9342568192968197,7.3485439083747215],[3.934237456893186,7.348459202130526],[3.9341987338845006,7.348401117617529],[3.934121288766505,7.3482825294152585],[3.9340511038753903,7.3481469997842614],[3.933995440337355,7.348045353010662],[3.9339421959755896,7.347934025035271],[3.933857489731394,7.347798495404275],[3.9338105361273965,7.347733797276987],[3.9337703643109307,7.347679907202007],[3.9336227334024443,7.347517754940498],[3.9335235058051707,7.347404006889463],[3.9333419938379848,7.347312041317707],[3.9331604809714813,7.347234595300393],[3.9329354049450562,7.347103905820631],[3.9326885473386137,7.346997417996477],[3.93245621108531,7.346878829794209],[3.9323134203281143,7.3468062248274455],[3.932211772655251,7.346748141213824],[3.932131908360929,7.346653753767785],[3.9320520422679683,7.346573887674819],[3.9319249833513363,7.346426257665711],[3.9318330159809416,7.346359703337667],[3.9315801077358397,7.346235063597362],[3.931496611979128,7.346239903748598],[3.931376814188696,7.346230224345448],[3.9313138904237803,7.346162458630603],[3.931161419364059,7.345972475049736],[3.930972645371355,7.345725618342669],[3.9308346947653945,7.345587667736709],[3.9306568133612814,7.3454606088200745],[3.9305043423016164,7.345315398886611],[3.9302974172920244,7.345170188053771],[3.930077182316154,7.344964474430981],[3.9298266941466404,7.344730926790872],[3.929726256961259,7.3446692126141215],[3.9295955665821793,7.344828943900668],[3.929496339884224,7.344992305750336],[3.929465042577704,7.344966223612402],[3.92930030656396,7.344828943900667],[3.9292226968699993,7.344767441963937],[3.9291042732436385,7.344711566185877],[3.929024407150735,7.3447986916064005],[3.928832002594902,7.345061281053347],[3.9286855830732743,7.345264574600493],[3.9286299186358633,7.345274255802337],[3.928500439643642,7.345143567221897],[3.928334657718324,7.345008036691581],[3.928226960306005,7.344910019581791],[3.928113212254971,7.344810792883832],[3.9281144218431336,7.344767229723913],[3.9283673300882365,7.344457448352612],[3.928495598593031,7.344258994057384],[3.9286807429219825,7.3440302883671515],[3.9288416837966897,7.34382941309701],[3.9289215498896506,7.343687832827302],[3.9289475043239013,7.343653494013609],[3.9290328778650974,7.343478487742059],[3.9288804068053764,7.343243732312431],[3.928552472618548,7.342730654696025],[3.928269312978443,7.342280502643122],[3.9281120017674884,7.342034856423538],[3.928087800111939,7.341918688296858],[3.9281604059780193,7.341854553145138],[3.92821122936482,7.341790417993422],[3.9282100188773375,7.34170450216112],[3.92819670801174,7.341504838277729],[3.9281458846249384,7.341336636276766],[3.9280756997338235,7.341314854696862],[3.928032135674585,7.341306383982499],[3.927993413565219,7.3412228882257855],[3.9279159684472233,7.341112769838502],[3.927808271034906,7.340996601711821],[3.927729615429485,7.340827190122755],[3.927716303664511,7.340679560113643],[3.927738086143791,7.340443593297264],[3.9277332450932363,7.340329845246231],[3.927659429638993,7.340312903817504],[3.927540842336043,7.340266919682618],[3.927423462822617,7.3402233574220785],[3.927269782174733,7.340165272909074],[3.9272051640871264,7.340153575427222],[3.926989041710953,7.340114448622957],[3.9268758989036314,7.340078146589235],[3.926788772583848,7.340012196605641],[3.9267204034239285,7.339918415302691],[3.926676840264009,7.339840364940928],[3.926595159339172,7.339837944865337],[3.9265455464398547,7.339831894226562],[3.9265394949018178,7.339752634276691],[3.926503798111866,7.339550549418389],[3.926479595556941,7.339369641795599],[3.926430587901336,7.3391403299623335],[3.926397914632105,7.338864431448429],[3.926360403010221,7.338678076631993],[3.926289007631624,7.338385236689365],[3.9261468230175183,7.3379387151995825],[3.9260489030344847,7.337691196591492],[3.925956839436651,7.337504497334748],[3.9258873596140234,7.337524389439066],[3.9258247029477507,7.337535033814789],[3.9254268536664085,7.337627475127932],[3.9249740090433534,7.337763211602976],[3.9245925427117077,7.337889587034852],[3.9245913259289864,7.337890107742339],[3.924398299941629,7.337972667304825],[3.9242087372434744,7.338081489768968],[3.9239091802645016,7.338310837575137],[3.923740679688649,7.338378705812657],[3.9235370749760823,7.338465297035897],[3.9233276201735516,7.338508592197796],[3.92317316071285,7.338531995255438],[3.922984768032677,7.338509762215777],[3.9227753132301473,7.33845944604667],[3.9222943845782074,7.338316688564363],[3.921976106412216,7.338251161262121],[3.9218520710163034,7.338259352287311],[3.921781862742819,7.3383248795895515],[3.9217526086960097,7.338418490920674],[3.921699953390202,7.338562418420905],[3.921632084253362,7.338784745219867],[3.9215981501345705,7.338915800723669],[3.921523260889841,7.338994200921663],[3.921426138605455,7.339023454069206],[3.9213173161412556,7.338981328925229],[3.921111371392726,7.33887133644305],[3.9209943570040195,7.338838572342295],[3.9209194677592896,7.338899418673293],[3.920822346374223,7.339063239177221],[3.920715863046666,7.33925631192932],[3.9206515048630872,7.339326521102124],[3.9205356613916824,7.339300778008521],[3.9203343967150763,7.339177912630587],[3.9201951501860886,7.339028135040451],[3.920061753747007,7.3388865475761795],[3.919971653369146,7.338801127270247],[3.919858149034383,7.338729748978779],[3.9196896493579056,7.338666560813181],[3.9195351898971467,7.33861039365479],[3.919441578566023,7.338524974248229],[3.919468491677606,7.338422000974616],[3.9194963760569403,7.338369903248464]]]}},{"type":"Feature","properties":{"name":"Oranyan (NE)","label":"Oranyan (NE)","lga":"Ibadan North East","people":5710,"walk":5.83,"walk_clinic":4.95,"walk_school":6.7,"f15":100.0,"f15_health":100.0,"f15_school":100.0,"beyond":0,"clinics":1,"schools":2,"off_pct":0.0,"hexes":3,"gini":0.08,"share":0.5,"rank":1.0,"of":59,"reading":"Most people here already finish inside 15 minutes. Clinics and schools are about even. That is 15 points above the city as a whole."},"geometry":{"type":"Polygon","coordinates":[[[3.901429415235384,7.37999256630394],[3.901587274133419,7.379892337761245],[3.9016597298127063,7.379858200395687],[3.9017461213864526,7.379775989770165],[3.901829724162497,7.379703534090879],[3.90189242669419,7.379658944804532],[3.9020025046119704,7.379580915127179],[3.9021265166255152,7.379558620933666],[3.9022602826859725,7.379555833934658],[3.902364786605687,7.379520998695171],[3.902420522988791,7.379502884550505],[3.9025013396651502,7.37945969011264],[3.9025751901929198,7.379461083162483],[3.902611417582875,7.379520998695169],[3.902656006869279,7.379515424697163],[3.9027019892054673,7.379540505889679],[3.9027911659795786,7.379572555029426],[3.902891489850447,7.379540505889678],[3.902941652235483,7.379466657160551],[3.9029862406225675,7.379388626583873],[3.903097711590193,7.379367726339524],[3.903148737324444,7.379343390684994],[3.9031882832127276,7.379342645147005],[3.903197151427434,7.379339586552702],[3.903269099889087,7.379314776955424],[3.903368030710112,7.379310596906578],[3.9034767146786744,7.379293875811756],[3.9036146607880364,7.379305022908512],[3.9037818681387653,7.379310596906574],[3.903958828637088,7.379355185293605],[3.9041692322243193,7.379387232634714],[3.9042751300932537,7.3793691193894215],[3.9043534862244655,7.379323965328807],[3.9044671947053193,7.379294989172475],[3.9048853893492605,7.3788805114265275],[3.905239253688649,7.378533767019803],[3.905289407080545,7.378160340627291],[3.9054165577280173,7.37758634923068],[3.9055112266618157,7.3769155350239535],[3.905540486104599,7.3765967082715065],[3.905578981584768,7.3763792189258774],[3.9055183915605776,7.3761411090250135],[3.9053263638206768,7.375855949292655],[3.905038140098157,7.375523075129876],[3.90476001306422,7.375145560419297],[3.9042735688701677,7.374491624688801],[3.903700090087114,7.373702469593354],[3.903428352736342,7.373157936389704],[3.9030256291295014,7.37267525765708],[3.90267160740882,7.37315571506423],[3.9017078840116715,7.374491428636585],[3.901464207307356,7.374863818110785],[3.9012056018570993,7.375183453353713],[3.900905594317749,7.375561180304259],[3.900517580022324,7.375503049925838],[3.9003220728054657,7.375528927018423],[3.9001627426165446,7.375628366855722],[3.899888813617906,7.375874488816634],[3.899467922806422,7.37641094520899],[3.899286909962995,7.376764389564985],[3.899355324988277,7.376892468312802],[3.8993739292634477,7.376919187170817],[3.899387106130063,7.376952974700089],[3.8994902169999355,7.37708813381039],[3.8995539456581136,7.377245580818963],[3.8996365232070502,7.377384230198118],[3.899814877654535,7.377587665838178],[3.899868130110179,7.377665455396482],[3.899957003812745,7.377795280627766],[3.9001626787646715,7.378052016387469],[3.9003555140957356,7.3782927226311],[3.9005784569303055,7.378604843139044],[3.9007554183279467,7.378862621213043],[3.9009240187285172,7.379142692581238],[3.9011358153656497,7.379496615376525],[3.9013141689138133,7.379803160987138],[3.9013172149175825,7.379809019170922],[3.901429415235384,7.37999256630394]]]}},{"type":"Feature","properties":{"name":"Ita-Ege","label":"Ita\u2011Ege","lga":"Ibadan South East","people":5357,"walk":7.16,"walk_clinic":6.27,"walk_school":8.05,"f15":100.0,"f15_health":100.0,"f15_school":100.0,"beyond":0,"clinics":4,"schools":2,"off_pct":31.43,"hexes":3,"gini":0.15,"share":0.47,"rank":1.0,"of":59,"reading":"Most people here already finish inside 15 minutes. Clinics and schools are about even. That is 15 points above the city as a whole. Some of the long walks sit off the mapped street network."},"geometry":{"type":"Polygon","coordinates":[[[3.9018472618416813,7.370542744751902],[3.902097910090504,7.370955786280548],[3.902344015863662,7.371383618958873],[3.9024428090884267,7.371747203170912],[3.902568824791501,7.372180913818168],[3.902826562396002,7.372349863155708],[3.902986061657487,7.3725678390346125],[3.9030256291295014,7.37267525765708],[3.903310033431353,7.3724094621270515],[3.9035690031070662,7.3721897325701775],[3.9040437857921124,7.371934654260939],[3.9045641317293303,7.3716381630708305],[3.9050625342086382,7.371348707277095],[3.9053481004345363,7.371085714933827],[3.905479120864812,7.370849847042848],[3.9055716853850413,7.370619375084117],[3.905573500216917,7.370616225658352],[3.9056004070332055,7.370518687887168],[3.905600407033206,7.370372055226202],[3.9055794591247945,7.370258937599941],[3.905531279744821,7.370085072568084],[3.905464246977488,7.369940534428165],[3.9054118776560927,7.369846270189271],[3.905332277762455,7.369624224878122],[3.9052715285582162,7.369385423398624],[3.9051332748807686,7.368937143734229],[3.9049279893353064,7.368300337390679],[3.904840008659505,7.36804268072518],[3.904756217925183,7.367745224562497],[3.904674522611174,7.367544128059136],[3.904611679785262,7.367309514722363],[3.9046179642476764,7.367167071103494],[3.9046493856606617,7.367024626585306],[3.9047897338591615,7.36660358019111],[3.904940557360874,7.3661825328975965],[3.905045295104345,7.365895551138807],[3.9051207068552,7.365713307123484],[3.9051911030869633,7.3654849090013945],[3.9050710597816196,7.365427816440612],[3.9049161776395076,7.36534714815241],[3.904886198739121,7.365301067790083],[3.904819076938908,7.365266470871007],[3.904699792661347,7.365191846926222],[3.9045728461599656,7.365155340746411],[3.904445887068106,7.3651465732558],[3.9043358783981144,7.365204058820325],[3.904217599562628,7.365277773550475],[3.9040723590521784,7.3653721807815495],[3.903991732132795,7.365424588773806],[3.9038191036687517,7.3654439493788],[3.90369340092974,7.365423931369378],[3.9035551544468485,7.365372881353438],[3.903355698306882,7.36532547179314],[3.9031661140249976,7.365250585246373],[3.9030408870273736,7.365203084854557],[3.90282748959703,7.365199087368013],[3.9024585256404984,7.365310402752924],[3.90226451039888,7.36568362320071],[3.901865378684306,7.365981484957615],[3.9016093084229055,7.366104699272513],[3.901324777316688,7.366213161108532],[3.90096353583857,7.36633962557329],[3.900658055924566,7.366383734621706],[3.8989417132895032,7.366680045947421],[3.8989341302059874,7.366683101843704],[3.8990113621846376,7.366893345351628],[3.8991898371413067,7.36715597886535],[3.8993494488180436,7.367409906941702],[3.8994920938851014,7.367836968001711],[3.8997381645846767,7.368076479945614],[3.9001016462739813,7.368375079146633],[3.9005194946789743,7.368760697648101],[3.900896670345105,7.369229758846361],[3.9011612661795425,7.3697617761850465],[3.9013086200968132,7.369897616082142],[3.901437805910064,7.370048436885895],[3.9016249917000323,7.370291779042418],[3.9018472618416813,7.370542744751902]]]}},{"type":"Feature","properties":{"name":"Oke Are","label":"Oke Are","lga":"Ibadan North","people":6720,"walk":6.12,"walk_clinic":6.43,"walk_school":5.8,"f15":100.0,"f15_health":100.0,"f15_school":100.0,"beyond":0,"clinics":2,"schools":2,"off_pct":0.0,"hexes":4,"gini":0.06,"share":0.59,"rank":1.0,"of":59,"reading":"Most people here already finish inside 15 minutes. Clinics and schools are about even. That is 15 points above the city as a whole."},"geometry":{"type":"Polygon","coordinates":[[[3.899130778662539,7.379599147982335],[3.8988790440326966,7.379420504852474],[3.8988230243631397,7.379595743149083],[3.8986963737386877,7.379711647774401],[3.8986256069862293,7.379884787053358],[3.898418788995969,7.38013985816798],[3.8980159448800005,7.380597104073161],[3.8976046417408843,7.3808110177143345],[3.8972066881381693,7.381154532655615],[3.8970883544440658,7.381343778792426],[3.8970077616988874,7.381533915258046],[3.897040469142383,7.382123187035516],[3.897188309592878,7.382629082666082],[3.8972871963470648,7.382809844598681],[3.8976472444248316,7.3833281409809475],[3.897808858891778,7.383883456156638],[3.897831835670728,7.384918384276032],[3.8980014720903005,7.384959691036953],[3.898288818973868,7.385062803705464],[3.898493975017004,7.385179468257888],[3.8987171435813366,7.38533031873925],[3.8989007770492776,7.385430282881317],[3.8993199357664707,7.385617183586191],[3.8997961393803844,7.385711332711877],[3.899829124714358,7.385969757398413],[3.900030019769645,7.386053239665328],[3.900296294638337,7.386161911043414],[3.900620956192199,7.386288710055965],[3.9007921196606503,7.386343605572957],[3.9009525829953313,7.386117322656387],[3.9010445467684463,7.3858247102422165],[3.9011323313920343,7.385762006811208],[3.901323237677333,7.3855942796523095],[3.901363634324297,7.385331449187106],[3.901553135868596,7.385105719353533],[3.9017718986542604,7.38483540113293],[3.902280194575382,7.384548515601582],[3.9022979597830836,7.384429518207753],[3.9027781770712413,7.384053292225701],[3.902613507607328,7.383894859560145],[3.9024323670601575,7.3837304401078],[3.902232436078122,7.383543789414374],[3.9020547570214608,7.383377912160937],[3.9017412443629955,7.3831187401377765],[3.901525267677015,7.382916698446934],[3.901549856041072,7.38288227509696],[3.9000375470951676,7.381460912790941],[3.8996018543421656,7.380487277965529],[3.899401576221806,7.380066387154102],[3.89927651200145,7.379817747990728],[3.899130778662539,7.379599147982335]]]}},{"type":"Feature","properties":{"name":"Ekotedo","label":"Ekotedo","lga":"Ibadan North West","people":12379,"walk":5.72,"walk_clinic":4.97,"walk_school":6.47,"f15":100.0,"f15_health":100.0,"f15_school":100.0,"beyond":0,"clinics":9,"schools":5,"off_pct":0.0,"hexes":9,"gini":0.14,"share":1.08,"rank":1.0,"of":59,"reading":"Most people here already finish inside 15 minutes. Clinics and schools are about even. That is 15 points above the city as a whole."},"geometry":{"type":"Polygon","coordinates":[[[3.8848630649785036,7.384223102214434],[3.8847978596335793,7.384148827206674],[3.884417935639248,7.384557837074566],[3.884372354400682,7.384565433647879],[3.8842951736833693,7.384479132905712],[3.884197278881345,7.384412781824495],[3.8840167156989196,7.384391027224184],[3.883768715054202,7.38438885176413],[3.8835348535507133,7.38442909822436],[3.883417378709112,7.384498712045967],[3.883240080065718,7.384655345168083],[3.88313021978388,7.3847717318300266],[3.8830247104220916,7.3848065391904925],[3.8829453056813463,7.384710818949201],[3.8828713409396873,7.384605308688095],[3.8828093398792016,7.384517203905886],[3.882757129737797,7.384461730124768],[3.8826287775960395,7.384450851925352],[3.8822981085709207,7.3844845720054195],[3.8821643191280937,7.384494361125915],[3.881964176805354,7.384536783046145],[3.8818477910427864,7.384594432287258],[3.881709648881212,7.384703205288757],[3.8816409820457243,7.384757361563061],[3.881535612978211,7.38478587187052],[3.8813865953151776,7.384862012971554],[3.8812392782701295,7.384917398619112],[3.881117082887102,7.384942842238444],[3.8810570270601947,7.384943592273032],[3.88092430870995,7.385304152065032],[3.880753538245244,7.385658227745067],[3.8805468704417763,7.385899703808319],[3.8800617437545384,7.386219494634023],[3.8794917759247483,7.386624129300174],[3.8791328259192146,7.386854727163949],[3.878571559929582,7.387196272589959],[3.878351839365963,7.38735725573281],[3.8781821543829555,7.387596556336065],[3.877888468178298,7.3881056121842885],[3.8775896846162814,7.388595030436362],[3.8774639539983013,7.388708042841925],[3.8777385422000057,7.3890248533143685],[3.8782349230033333,7.389503505782214],[3.878581052273774,7.38983521262503],[3.878725045424573,7.389973207297713],[3.878741076739345,7.389999758881803],[3.8788560847405615,7.390065105420318],[3.8791113573033726,7.390211461090129],[3.879295152649206,7.3903169731498215],[3.879593333665469,7.39044706458043],[3.880110917784691,7.390815861263037],[3.8815342397134605,7.391819476787477],[3.8835452775925314,7.393395062032538],[3.884546275190473,7.394134931581902],[3.8861584070848485,7.39527491580475],[3.886781884576351,7.396080284777383],[3.886953564255634,7.395196149582659],[3.8884504875999824,7.395181907019431],[3.8883600211980824,7.394046630747482],[3.888109062683156,7.39292339819633],[3.8878485893409906,7.391819573014915],[3.887779644614966,7.39151051559787],[3.887656022007832,7.39103266622459],[3.887537442798816,7.390585220231797],[3.887103285188516,7.389761964643016],[3.886921417089752,7.389432700358894],[3.886759755858123,7.389181888433425],[3.886504077701091,7.388972697132317],[3.8862175168250146,7.388763769332515],[3.8863331210767456,7.388420275975022],[3.886416665396837,7.388050645620866],[3.8862754619430575,7.38752048718078],[3.8861080783252078,7.3870326850104675],[3.8860492167979714,7.386910539090137],[3.886037737851382,7.386721041143174],[3.88599519272401,7.386394293162142],[3.885974770919005,7.386135616665399],[3.885998596657942,7.385887151970506],[3.8859424366941657,7.385580825794536],[3.8859271203403978,7.385402135899882],[3.885855644022798,7.385184303013203],[3.885758641348275,7.384978384345003],[3.885676954128201,7.384787781131252],[3.8856054778106004,7.384634099584104],[3.8853572226577744,7.384659190669141],[3.885171515353192,7.384758849941023],[3.885074511779351,7.38455293127282],[3.884912839755771,7.384277236905006],[3.8848630649785036,7.384223102214434]]]}},{"type":"Feature","properties":{"name":"Foko\u2013Ologede","label":"Foko\u2013Ologede","lga":"Ibadan South West","people":18568,"walk":5.67,"walk_clinic":4.97,"walk_school":6.36,"f15":100.0,"f15_health":100.0,"f15_school":100.0,"beyond":0,"clinics":8,"schools":3,"off_pct":0.0,"hexes":9,"gini":0.12,"share":1.63,"rank":1.0,"of":59,"reading":"Most people here already finish inside 15 minutes. Clinics and schools are about even. That is 15 points above the city as a whole."},"geometry":{"type":"Polygon","coordinates":[[[3.8810432233661345,7.377425685347134],[3.881199190090627,7.377438330714426],[3.8815522378455394,7.377476845080366],[3.8818780046662478,7.377515359446308],[3.882205376776766,7.377553873812303],[3.8824428814338607,7.377573130995244],[3.8826482910857862,7.377585968817469],[3.8827871032422654,7.3775859688174705],[3.882949183558025,7.377579550356016],[3.883062320070053,7.377579550356016],[3.883181875043533,7.378109120639464],[3.883258902876094,7.378625854899327],[3.8832841909127174,7.3787480790606415],[3.883307046283221,7.378858546384834],[3.883388212795807,7.379392276932093],[3.8834221298274656,7.379969092199871],[3.883574896764117,7.379890948308683],[3.883741134645674,7.379858312810939],[3.883970615551505,7.37981979934432],[3.884293172691798,7.379762026896059],[3.8845499354312096,7.379739560032705],[3.884838792276469,7.379683393773633],[3.885098763796975,7.379649694377917],[3.8853619449978396,7.379648089088106],[3.8855497018573146,7.379660926910279],[3.88563956931074,7.379672160341955],[3.885697339960301,7.379689813134405],[3.885737458716789,7.379733140671932],[3.8857839968340504,7.379776470008155],[3.8858449780633455,7.379798936871508],[3.8858995399318705,7.379819799344316],[3.885970150202297,7.379806959723456],[3.88605359829495,7.379802145652546],[3.886129020837699,7.379814984374093],[3.8861883976764497,7.379861521591975],[3.886265426408329,7.379879175283746],[3.886355292962435,7.379867940952751],[3.8864644166995386,7.379845474988713],[3.8865831685783974,7.379826217805769],[3.886697107285727,7.379821402835545],[3.886819068844999,7.379816588764584],[3.8869378216232353,7.379810170303188],[3.886992384391078,7.379805356232227],[3.887035711928604,7.3798230081253555],[3.8870613893716945,7.379848683769808],[3.8871448356657075,7.379871150633165],[3.8872154459361363,7.3798727559229755],[3.8872844509167526,7.3798679409527494],[3.8873855509024793,7.3798663365622605],[3.887485045598396,7.379831031876677],[3.8875733077620116,7.379827822196258],[3.8876230555596294,7.379840660018488],[3.887680827108511,7.379819799344318],[3.887740203047997,7.37978930783032],[3.887831674891914,7.379782889368925],[3.8878958649023048,7.379747583784022],[3.8879600558119596,7.379688207844538],[3.8880451082951595,7.379633645976013],[3.8881189273466816,7.379582293787848],[3.8882200273324656,7.379555012853588],[3.888321127318193,7.379529337209192],[3.888404575410903,7.379518102878196],[3.8884735803914623,7.379537360061192],[3.888516907928989,7.379595131610075],[3.8885859129096043,7.37965611283937],[3.8886372659970903,7.379678578803407],[3.888687012895389,7.37974276971312],[3.8887383659828747,7.3797684462568345],[3.888904529220667,7.379566444136115],[3.889011526061153,7.379429039418705],[3.889078443715278,7.379333221151286],[3.8893192201059605,7.379097742666715],[3.889841122769666,7.37873811277376],[3.8902476451127654,7.3783779190058],[3.8906294855623282,7.377970372334854],[3.8910796547023656,7.377544975020613],[3.8913558643816946,7.377431923944186],[3.8914132744031353,7.3773616419262575],[3.891482453852233,7.377321255171865],[3.8915455439916964,7.377298982562025],[3.8915987496825997,7.377265675270735],[3.8915726990209123,7.377198523792912],[3.8914375767827787,7.377041152327363],[3.8913434240598126,7.37694063690094],[3.8913188240045997,7.376914375797867],[3.891221735894419,7.376751492387486],[3.8911880355993844,7.37661428462161],[3.8911792096528752,7.376476274660375],[3.8911716904212317,7.376413905777156],[3.8911409012316662,7.3763194697677354],[3.891143447212357,7.376278923833299],[3.8911398930916343,7.376211489968341],[3.8911286596599557,7.3761569280998165],[3.891135079020728,7.375959542199155],[3.8911559405942167,7.375818322557563],[3.8912105033620605,7.375619332266411],[3.891240190882172,7.3754813232045535],[3.891269076206924,7.375395467626786],[3.8912851237095656,7.375275109558686],[3.8912971602358084,7.3751427176623565],[3.891299566821601,7.375039210191461],[3.891309195862731,7.3749798342519775],[3.891314009933638,7.374755969612353],[3.8912999769124776,7.374579640438126],[3.8912726132405733,7.374453801901497],[3.891009989619363,7.37448957513385],[3.890574214128719,7.374535314653088],[3.8902372138763894,7.374559385906992],[3.889972428284978,7.374589877420933],[3.889699618942302,7.374642833999644],[3.889550376448768,7.374665300863003],[3.889434833350946,7.37456259558735],[3.889410761197723,7.374442239317942],[3.889361014299425,7.374276948422505],[3.8892855899580354,7.374108447846651],[3.88920374715525,7.373964019424022],[3.8891501529572565,7.373844548986769],[3.8891267184233698,7.37379231006713],[3.889054503762395,7.37365109132486],[3.888940565954386,7.373464937956555],[3.8888587231515994,7.3732964382800805],[3.8887255281606485,7.3732402711216904],[3.8885827041285657,7.37319052422339],[3.888481604142783,7.373089424237607],[3.8884880226042355,7.37298029960118],[3.8885169079289876,7.372916108691527],[3.8885265369701765,7.372824637746874],[3.8885281422599864,7.372742794944088],[3.888529745751213,7.37261601931391],[3.888512093858083,7.372530965931387],[3.8884446941673336,7.372527757150297],[3.8883756891867733,7.37250207970726],[3.8883732817016607,7.372461158755527],[3.8883692698259997,7.3723841300236455],[3.8883492113470766,7.37228303003786],[3.888312301371684,7.372199582844528],[3.888281458222764,7.3721297127161165],[3.8882684720124416,7.372062375977915],[3.8882192638080255,7.372057173399866],[3.8881590461031683,7.37205675881239],[3.8880194317514456,7.372066386954259],[3.8879263564162447,7.372062375977918],[3.88785815273161,7.3720302800734325],[3.887769890568052,7.372011022890434],[3.8876952702206045,7.37200861630464],[3.887542817147335,7.372000591654058],[3.887359874358766,7.371984545050733],[3.8872010028240425,7.37197973008051],[3.8870445387744894,7.371974113814361],[3.886953504900362,7.371960338898588],[3.8869225772152167,7.371955658826664],[3.886833240361795,7.3719551111395285],[3.8867508669590047,7.371946029785475],[3.8864026332749404,7.371925168211989],[3.886121800181001,7.37192035414108],[3.8858201046141967,7.371904305739177],[3.8856034624299127,7.371889864425723],[3.8854670568592273,7.371872210734012],[3.8852616472073,7.371875421313688],[3.8850482138040543,7.371864186982688],[3.884661465754106,7.371851349160466],[3.8844057777045005,7.371836924034879],[3.884092578010098,7.371819254155299],[3.883853468063137,7.37180400884796],[3.883597508418348,7.371764692286775],[3.883268531917281,7.37168686135959],[3.8830855891287115,7.37162347264518],[3.8830077582015297,7.371509534837231],[3.882937147931102,7.371388374573882],[3.8827814860767944,7.371335417995169],[3.882597741092922,7.371319369593266],[3.8823987499024497,7.371300113309644],[3.8821339652103575,7.371264807724745],[3.8819052856005114,7.371223084577764],[3.88177369500005,7.371259192357912],[3.881701481238394,7.371511140127041],[3.881662966872454,7.371976521299473],[3.8816003812526683,7.372499673121469],[3.8815843328507076,7.37277408775401],[3.881570244071554,7.37288768741689],[3.8815329806625978,7.373188116738219],[3.8814976759770157,7.373639054798614],[3.8813436194125748,7.373669545413236],[3.881162281014497,7.373675161679444],[3.880903913884594,7.3736470794491975],[3.880676839564558,7.373621402905485],[3.8804305089608415,7.373586098219902],[3.880263613674856,7.373510673878569],[3.88015969521382,7.37343453007952],[3.880089496832851,7.373383095153768],[3.8798584106372123,7.373265144570835],[3.8796345468968525,7.373131949579887],[3.879344886957029,7.37298029960118],[3.879227738569341,7.372944192720354],[3.878913206079632,7.372867163988474],[3.878765567976643,7.372859943331777],[3.878755938935457,7.372945797110902],[3.8787535323496636,7.3730300473988],[3.878771184242794,7.373109482716528],[3.878787231745378,7.373183301767998],[3.8788048836385087,7.373244282997288],[3.878824140821507,7.373322113924475],[3.8788490151699753,7.373392724194898],[3.878874691713691,7.3734561120099915],[3.8789027748432545,7.373546780759398],[3.8789252417066105,7.373636648212764],[3.878956352853436,7.373718315647808],[3.87898461764604,7.373810765054829],[3.878986224734547,7.373850050139765],[3.8789960039624694,7.373898100017355],[3.8789713049818033,7.373951374056732],[3.8789739094184488,7.373969891097659],[3.878990233912191,7.374085980983295],[3.8789966532729645,7.3742881809548635],[3.8789966532729645,7.3745184649552575],[3.8789790013798324,7.374740725204334],[3.878994245787851,7.375045628652913],[3.878974187308927,7.375239805772482],[3.8790135029708486,7.375336893882605],[3.879095345773635,7.375344917633868],[3.8793785872520625,7.3753200441847175],[3.8797549040656354,7.375317636699604],[3.8799498833804478,7.375325661350247],[3.8800766590106264,7.375339301367717],[3.8802403446162548,7.3754147248097315],[3.8803799589679784,7.375433179797482],[3.880469023326839,7.375433179797482],[3.8806938709254273,7.375422566898009],[3.8807410313735313,7.375420341975257],[3.8809761276462496,7.375427562631955],[3.8811911672386263,7.375417933590824],[3.881282638183279,7.375430772312314],[3.881240914136925,7.375891339413842],[3.8812273838367455,7.375987015588352],[3.881151046683499,7.376526824653295],[3.8810740188509385,7.377163916081885],[3.8810432233661345,7.377425685347134]]]}},{"type":"Feature","properties":{"name":"Idikan\u2013Olorisaoko","label":"Idikan\u2013Olorisaoko","lga":"Ibadan North West","people":6643,"walk":5.89,"walk_clinic":5.72,"walk_school":6.07,"f15":100.0,"f15_health":100.0,"f15_school":100.0,"beyond":0,"clinics":3,"schools":3,"off_pct":0.0,"hexes":3,"gini":0.1,"share":0.58,"rank":1.0,"of":59,"reading":"Most people here already finish inside 15 minutes. Clinics and schools are about even. That is 15 points above the city as a whole."},"geometry":{"type":"Polygon","coordinates":[[[3.888848722690454,7.3829610188359975],[3.888301067940006,7.383188195678713],[3.887851030100991,7.383383584185081],[3.8872870346689865,7.3836781193497805],[3.886452965631918,7.3842543689440285],[3.886083947716088,7.3844815547799945],[3.8856054778106004,7.384634099584104],[3.885676954128201,7.384787781131252],[3.885758641348275,7.384978384345003],[3.885855644022798,7.385184303013203],[3.8859271203403978,7.385402135899882],[3.8859424366941657,7.385580825794536],[3.885998596657942,7.385887151970506],[3.885974770919005,7.386135616665399],[3.88599519272401,7.386394293162142],[3.886037737851382,7.386721041143174],[3.8860492167979714,7.386910539090137],[3.8861080783252078,7.3870326850104675],[3.8865242539911833,7.38687936319212],[3.886992411370727,7.386797861232367],[3.8873986576219863,7.386863957805473],[3.887895363080588,7.386920715818404],[3.8879688817585256,7.386920071004509],[3.8881871301319966,7.3868959997506645],[3.888328348874268,7.386855880994174],[3.8885193163134213,7.386810947267462],[3.888678186948823,7.386753175718526],[3.888856315666488,7.3867242903937145],[3.889061725318413,7.386685776027777],[3.8892591112190753,7.386640843200383],[3.8894051449315157,7.386599119154087],[3.8895608067858802,7.386502833239206],[3.8897517733257136,7.386387290141386],[3.889896201748343,7.386326308912089],[3.890117658902909,7.386250884570698],[3.890337545841135,7.386174065380886],[3.890811234950604,7.386052967170771],[3.891298639620573,7.385848603430359],[3.8914972288141025,7.385719550716715],[3.891771013021866,7.385471565360488],[3.8921636669197146,7.385358926173583],[3.892719593634411,7.385263526990226],[3.8930391272539855,7.38516424003768],[3.893362314819001,7.385108646646757],[3.893357703994866,7.385018689261133],[3.89334819636224,7.384970310231667],[3.8932342567555915,7.384401682391796],[3.893127771629395,7.383786199873269],[3.893042585147214,7.383296369731737],[3.8927443960370742,7.383270725563589],[3.89134848094767,7.383064282590626],[3.8903621773726518,7.382925410179608],[3.889974272794518,7.38283223771765],[3.8895700428232662,7.382807047707161],[3.888848722690454,7.3829610188359975]]]}},{"type":"Feature","properties":{"name":"Oke-Oluokun","label":"Oke\u2011Oluokun","lga":"Ibadan South East","people":7674,"walk":7.25,"walk_clinic":7.14,"walk_school":7.36,"f15":100.0,"f15_health":100.0,"f15_school":100.0,"beyond":0,"clinics":0,"schools":0,"off_pct":0.0,"hexes":4,"gini":0.06,"share":0.67,"rank":1.0,"of":59,"reading":"Most people here already finish inside 15 minutes. Clinics and schools are about even. That is 15 points above the city as a whole."},"geometry":{"type":"Polygon","coordinates":[[[3.899766831374223,7.360827920871883],[3.8991943940061446,7.360343905746672],[3.8990736402363395,7.360393839703989],[3.8990474852532775,7.360478842724436],[3.898975560173994,7.36069134982597],[3.8989020001272365,7.36093981901746],[3.8988284400804787,7.361235694172025],[3.898759784036826,7.361541377332744],[3.8987205520119232,7.361820904611081],[3.8986600690070077,7.361968024704652],[3.898561988944664,7.362159280826176],[3.8985448109942804,7.3621831803095565],[3.8984491968730026,7.362316208925959],[3.8983184237562787,7.3624796759963225],[3.898174572698395,7.362666028114745],[3.8980961086485304,7.362803340202049],[3.8976437874308667,7.3633059721929035],[3.8973632376233813,7.36387478259519],[3.897226066729672,7.364224251048368],[3.8971587263941387,7.364436146610895],[3.897280299446322,7.3648212929683705],[3.8977867040931633,7.365430720351524],[3.8979405106460945,7.365580175085084],[3.8981465561187183,7.365706413819966],[3.8982800487852955,7.365838455880067],[3.898401934801484,7.365980655782665],[3.8986282932611966,7.36622297630936],[3.898786454331457,7.36650592370944],[3.8989341302059874,7.366683101843704],[3.8989417132895032,7.366680045947421],[3.900658055924566,7.366383734621706],[3.90096353583857,7.36633962557329],[3.901324777316688,7.366213161108532],[3.9016093084229055,7.366104699272513],[3.901865378684306,7.365981484957615],[3.90226451039888,7.36568362320071],[3.9024585256404984,7.365310402752924],[3.90282748959703,7.365199087368013],[3.9030408870273736,7.365203084854557],[3.9031661140249976,7.365250585246373],[3.903355698306882,7.36532547179314],[3.9035551544468485,7.365372881353438],[3.90369340092974,7.365423931369378],[3.9038191036687517,7.3654439493788],[3.903991732132795,7.365424588773806],[3.9040723590521784,7.3653721807815495],[3.904217599562628,7.365277773550475],[3.9043358783981144,7.365204058820325],[3.904445887068106,7.3651465732558],[3.9045728461599656,7.365155340746411],[3.904699792661347,7.365191846926222],[3.904819076938908,7.365266470871007],[3.904886198739121,7.365301067790083],[3.9049161776395076,7.36534714815241],[3.9050710597816196,7.365427816440612],[3.9051911030869633,7.3654849090013945],[3.9055359643133447,7.364551760755203],[3.9057036456068204,7.364095288266979],[3.9061050544048044,7.3630002287775955],[3.9063726260958442,7.362406019722073],[3.90633229240143,7.3624173134083435],[3.9061338506966763,7.362367299411406],[3.905874102208089,7.362347938806354],[3.9055837003275538,7.362330191585101],[3.905211770406936,7.362321464563989],[3.9049270693288354,7.362305991728193],[3.9045656785632445,7.362295505633142],[3.904163955901878,7.36228824540626],[3.903597299375918,7.362272615189113],[3.902936609736799,7.362429054956978],[3.902421423210171,7.362488021704904],[3.9017187496206702,7.362423862271501],[3.9012915896352074,7.362172650147727],[3.9006922814236873,7.361788870759824],[3.9002824163005134,7.361333634839411],[3.899766831374223,7.360827920871883]]]}},{"type":"Feature","properties":{"name":"Oja'ba","label":"Oja'ba","lga":"Ibadan South East","people":8703,"walk":7.53,"walk_clinic":5.3,"walk_school":9.76,"f15":100.0,"f15_health":100.0,"f15_school":100.0,"beyond":0,"clinics":1,"schools":0,"off_pct":0.0,"hexes":4,"gini":0.08,"share":0.76,"rank":1.0,"of":59,"reading":"Most people here already finish inside 15 minutes. Clinics and schools are about even. That is 15 points above the city as a whole."},"geometry":{"type":"Polygon","coordinates":[[[3.898558965423944,7.3740463217803836],[3.8985492851214762,7.373916851781359],[3.8984984653319543,7.373814001714836],[3.8982830848964904,7.373793432420997],[3.8982625147033336,7.37338203305444],[3.8981179702681734,7.3733593467565015],[3.898099702339436,7.373099028097726],[3.8980495561421544,7.372927074125243],[3.897922323656361,7.37262256368041],[3.8977978763709307,7.372262785399301],[3.89810521608291,7.372182924702258],[3.8985396048189505,7.372000214838065],[3.89883968430405,7.371801775831329],[3.8994301629716692,7.371350446565883],[3.899437142610111,7.37134538608075],[3.9000282930713293,7.37092396017266],[3.8993784087865597,7.370459773299956],[3.8987946210749547,7.370062181224741],[3.8983139856019875,7.369733198428434],[3.898126263816096,7.369157975859934],[3.8978759672021965,7.368469818227595],[3.897709260773809,7.367729685176869],[3.898013061653501,7.3677044636900755],[3.898121490214636,7.367692179850282],[3.898230714675776,7.367685600410197],[3.8984280529123785,7.367660932905775],[3.898684883100941,7.367595636729278],[3.8989373596714367,7.367524537227667],[3.8991680717491586,7.3674752031182065],[3.8993494488180436,7.367409906941702],[3.8991898371413067,7.36715597886535],[3.8990113621846376,7.366893345351628],[3.8989341302059874,7.366683101843704],[3.898786454331457,7.36650592370944],[3.8986282932611966,7.36622297630936],[3.898401934801484,7.365980655782665],[3.8982800487852955,7.365838455880067],[3.8981465561187183,7.365706413819966],[3.8979405106460945,7.365580175085084],[3.8977867040931633,7.365430720351524],[3.897280299446322,7.3648212929683705],[3.8971587263941387,7.364436146610895],[3.8968858397097965,7.365162161204809],[3.896585479636201,7.36563839179837],[3.8961569158090597,7.36621062142308],[3.8957748891997985,7.36658897070447],[3.8954200958608,7.366835304905464],[3.8955671889746672,7.367351159628357],[3.895614531985132,7.367944767037442],[3.89565722370196,7.368706905599256],[3.8957256333313808,7.369720750012675],[3.895819262648899,7.371212006728794],[3.8957242987374348,7.371800198420489],[3.8954844873192656,7.372698941303158],[3.8955180689038125,7.373338895273831],[3.8957452313574095,7.374138224399588],[3.8958260956978275,7.374384661123258],[3.8972335661761686,7.374153442727276],[3.8975711509878583,7.374189761848074],[3.8979181570973087,7.374220941343423],[3.898560175012108,7.3741104524355015],[3.898558965423944,7.3740463217803836]]]}},{"type":"Feature","properties":{"name":"Aperin","label":"Aperin","lga":"Ibadan North East","people":41090,"walk":8.89,"walk_clinic":8.76,"walk_school":9.03,"f15":95.64,"f15_health":95.38,"f15_school":90.88,"beyond":1791,"clinics":14,"schools":15,"off_pct":0.0,"hexes":23,"gini":0.21,"share":3.6,"rank":45.0,"of":59,"reading":"Most people here already finish inside 15 minutes. Clinics and schools are about even. That is 10 points above the city as a whole."},"geometry":{"type":"Polygon","coordinates":[[[3.9370375806199145,7.371225653041507],[3.9371280614109305,7.3711924149980055],[3.937188361853486,7.371180219291716],[3.937229014807259,7.371163957750526],[3.9372500193729247,7.371153795411374],[3.9372886389595587,7.371127370631713],[3.9373150628399007,7.3710995923723335],[3.9373299250360674,7.371078228077805],[3.937336743695823,7.371068424568192],[3.9373977231264803,7.3710426778773135],[3.937412920769703,7.371043049297326],[3.937481060602522,7.371044711244452],[3.9375820148981124,7.371069779846492],[3.937660610248997,7.371048776180146],[3.9377160408626533,7.371052256556422],[3.937782807430666,7.37105583226088],[3.937772797076945,7.370964033963048],[3.9377527341014233,7.370836012771804],[3.9376790670353903,7.370667830555987],[3.937644319030141,7.370563585641037],[3.9376387594212474,7.370489918574949],[3.9376318085611515,7.370391234168152],[3.9376526584434823,7.370332857375501],[3.937734664023594,7.370253629801197],[3.9377680225762224,7.370223051952337],[3.9377944320674487,7.370163284807799],[3.9378305704245236,7.37011185707661],[3.9378611491727606,7.370028461144613],[3.9378819981557167,7.369952015173398],[3.9378569790164315,7.369876957755422],[3.9378027705814698,7.369785222410143],[3.937648489186472,7.369551714340218],[3.937592891298948,7.369409939816932],[3.9375734317685,7.369237588344049],[3.9375178347802935,7.369079135893456],[3.937395519787457,7.36892068344281],[3.9372926652243914,7.3688011491537395],[3.9372037096835024,7.368695513886906],[3.9370730561766436,7.368542621045149],[3.937025797702461,7.368434205973868],[3.9370313582106746,7.368311891880354],[3.937036916920249,7.368181238373494],[3.9370341380151217,7.368086723223769],[3.9370146775853527,7.368061704084425],[3.9369479622786794,7.367817074998072],[3.9369118230222857,7.3676002457547725],[3.9368423270118456,7.367308359093555],[3.9368506664251868,7.367049831884287],[3.9369090432178373,7.366782964362358],[3.9369285027482315,7.366630070621284],[3.9369062643127104,7.366404901964701],[3.93680062904582,7.366207531352529],[3.93670055338788,7.366035179879701],[3.936675534248536,7.365887845747522],[3.936653295813017,7.365715495174014],[3.9366607619846263,7.36561096877125],[3.93680479830283,7.365579281158945],[3.93699799875867,7.3655250736233056],[3.937120312852186,7.365447237300201],[3.937277375850272,7.365309633832567],[3.937398299591905,7.365190098644176],[3.9375595327462625,7.365052496075859],[3.9376985256664625,7.364902383038612],[3.9378027705814698,7.36479674777172],[3.937990412327736,7.364627176103341],[3.938236430866653,7.364413125765168],[3.9384727196403446,7.364193515818159],[3.938649241269502,7.364011434580106],[3.938740976614838,7.363923869391102],[3.93882993305499,7.363864102246565],[3.938955026952954,7.363748737214507],[3.939105139990261,7.363638932690662],[3.9392663722453563,7.363465190865895],[3.939424824695948,7.363258091387876],[3.9395582580072523,7.363028750776266],[3.9396333154252265,7.362818870594424],[3.9396725672352204,7.362640645649321],[3.939681662079068,7.36263963840861],[3.9397862082669235,7.362294866215167],[3.940031689011277,7.362368668179558],[3.9402267042989934,7.36198468824284],[3.9398517850319195,7.3618064956733065],[3.939817481291755,7.36177433591689],[3.9397215757901445,7.361729858146476],[3.9395937020877345,7.361667311197491],[3.939507526351292,7.361599203740299],[3.9394435890504265,7.361557505774327],[3.9394157901066933,7.361528317377975],[3.9393615825710517,7.361478279998663],[3.9393129346442493,7.361437972384577],[3.939276797186494,7.3614073927370205],[3.939228149259748,7.361375423636959],[3.9391517032885304,7.361323996805083],[3.939111394775125,7.3612906382524],[3.9390544074349805,7.361236430716758],[3.93883479838729,7.361100216701686],[3.9386402066802475,7.361008482255726],[3.9384984330562824,7.3609834631163835],[3.9383983582976616,7.360950104563702],[3.938298282639664,7.360972342999272],[3.9382426856514603,7.360997362138618],[3.938166173130412,7.361044619713481],[3.93800361707332,7.36104461971348],[3.9379007616109334,7.361047400417247],[3.937784007126254,7.361061299439483],[3.9376533527200768,7.361072418657215],[3.9375755172963522,7.361102997405454],[3.937383706293076,7.360994582334173],[3.9371835558764587,7.360989022725277],[3.936994523778309,7.361000141943066],[3.936858310662558,7.361066859048376],[3.9367610148090084,7.361094657992113],[3.936652600637047,7.361136355958138],[3.9364691290471123,7.361178053924105],[3.936363493780277,7.361244771029421],[3.9362995573787316,7.3613142670398615],[3.9362245008600785,7.361358744810277],[3.9361828028941095,7.361375423636959],[3.936171682777001,7.361383763949618],[3.9361258146546456,7.361410173440788],[3.9360882868450067,7.361458821367535],[3.9360577089961453,7.361504687691251],[3.93601184087379,7.361543606752094],[3.9359909918908325,7.3615394365957645],[3.935975703416034,7.36153943659576],[3.9359367843551354,7.361533876986865],[3.9358631181884207,7.36151858761275],[3.9357922309267788,7.361499128981677],[3.935725513821467,7.361501907886799],[3.9356754773414764,7.361489399216451],[3.93560319972795,7.361483838708237],[3.9355281441086154,7.36149634917723],[3.9354628173551873,7.361496349177227],[3.9354238991936654,7.361486619412006],[3.9353947098979916,7.361479670350547],[3.9353613522446844,7.361471330037886],[3.9353071438096663,7.361444921446037],[3.9352779554133694,7.361433802228248],[3.935198728738385,7.361379593793289],[3.9351417422976165,7.3613337256709315],[3.935095874175319,7.361289248799836],[3.9350708550359745,7.361260060403538],[3.935050006052961,7.3612378210686416],[3.9349957994166407,7.361216972085628],[3.9349666101210237,7.361293418056846],[3.934915183289149,7.3613837639496165],[3.9348651450104626,7.361426852267467],[3.9347942577488197,7.36148522906012],[3.9347706289614153,7.361538047143201],[3.9347122521687656,7.361601984444062],[3.934653875376114,7.361677040063397],[3.934627465884886,7.361707618811636],[3.934594108231579,7.361749316777606],[3.934562139131458,7.361792405095457],[3.9345398997965617,7.361813254078471],[3.9345023719869237,7.361853561692557],[3.9344537240601767,7.361917498993419],[3.9344447299403673,7.361940284216815],[3.9342952716095296,7.362117649410037],[3.9341430739437446,7.362287916254389],[3.9340131147135367,7.362412315875701],[3.933893581323787,7.362504051221038],[3.933833814179251,7.362569377974465],[3.9337170587952537,7.36270559198954],[3.933610034075855,7.36279871678738],[3.9335016190045735,7.362909911663166],[3.9334223932289096,7.362959949941798],[3.9333709645983954,7.363022496890779],[3.9333056387442866,7.36308504383976],[3.9331027076239025,7.363165659967308],[3.9329706637651625,7.363240715586586],[3.932890047637613,7.363307432691899],[3.932828891040515,7.363392218975776],[3.932749665264907,7.363503413851504],[3.9326787780032655,7.363695224854779],[3.9325356149267354,7.3638898156625014],[3.9324577786036343,7.363989891320497],[3.9323952316546524,7.3639954509293375],[3.932275697365583,7.363930124175965],[3.9321797918639723,7.36389259636627],[3.9320936161275313,7.363849508048417],[3.9319893712125804,7.363799469769789],[3.9318545466500723,7.363781400591223],[3.931719722986884,7.363734143016358],[3.9316252078371003,7.363671596067377],[3.9315209629221504,7.363574301113147],[3.931462586129498,7.363522873381952],[3.9313791892981844,7.363482564868548],[3.931279113640244,7.363461715885535],[3.9312249070039234,7.363463106237419],[3.9312025210795127,7.36347518683044],[3.931133170759267,7.363399168936554],[3.931074793966615,7.363329672026792],[3.931012247017634,7.363265734725928],[3.930951090420535,7.363221256955512],[3.9309246809293086,7.3632031877769455],[3.9308718628462316,7.363192068559158],[3.930845455153701,7.363171219576147],[3.930828775427699,7.363150370593187],[3.9308093158972497,7.363125352353164],[3.93071758055197,7.36299191814254],[3.9305910972014426,7.362800107139266],[3.9305132599790227,7.362680572850193],[3.9304423736167,7.36254852899145],[3.9303659267461617,7.36242343509349],[3.9303047701490645,7.362298341195525],[3.930225544373399,7.362189926124247],[3.9301324177769184,7.362085681209294],[3.930049021844922,7.361973095981626],[3.930008714230837,7.361878580831902],[3.9299739662255884,7.361795184899904],[3.9299155894329383,7.3617034486553035],[3.929869721310638,7.361660361236717],[3.9297474072171203,7.361736807207935],[3.9294457907906803,7.361981436294286],[3.929099696593767,7.362271931704358],[3.928820320401542,7.362531850164828],[3.92841723886454,7.362866824244577],[3.92795717088677,7.363207357933277],[3.9274373357644654,7.36349924369517],[3.9267618270966977,7.363841167735756],[3.9260974394453005,7.364146954318526],[3.9254247105819786,7.3644749784375545],[3.925032749162085,7.364719606624588],[3.9246741462948753,7.364992033755413],[3.9244072787729465,7.365245002255111],[3.9241209517205675,7.3654534920850665],[3.9238040468193285,7.365642523283894],[3.9232008157650853,7.36592606963245],[3.9224252323386404,7.366265213868587],[3.9221277860685295,7.366420885615409],[3.9217469438664234,7.366668295405532],[3.9214967560704976,7.36686844492283],[3.921140933007678,7.367093615378107],[3.9208921337649945,7.367195079589295],[3.9202116959131104,7.367154312421634],[3.9194562249248865,7.367045504346606],[3.919096321637994,7.367718708951315],[3.9180554301140664,7.369447469425212],[3.917261816179916,7.370710682352186],[3.9169664077735424,7.371126693442194],[3.917411699890067,7.371553183432696],[3.9179384525975824,7.372070220764101],[3.9181672212403105,7.37272531302284],[3.9185755728045137,7.3734919967582755],[3.9188215211963207,7.373331419209705],[3.9190302043804772,7.373174906596719],[3.919307996866621,7.373002811430639],[3.919478737653663,7.372924216079751],[3.919619666814242,7.372874077077029],[3.9197307843482463,7.373104442016427],[3.9198662923955125,7.373299575115367],[3.919946243024754,7.373417467242348],[3.920061424595133,7.373718295862715],[3.9201413752243184,7.373959502129365],[3.920255202415718,7.374265750963673],[3.920332441588982,7.374580130568634],[3.9204015517902353,7.374796945422761],[3.9203121160114165,7.374895866351211],[3.920229455724837,7.374971751145439],[3.920224784646166,7.3750390042466725],[3.920265900750792,7.375131605639127],[3.9202945000911313,7.375196017782059],[3.9203805481238305,7.375305101948924],[3.9204862454438962,7.375374889339696],[3.9206075253171098,7.375341689967057],[3.920758616816784,7.375229218054017],[3.9209103873045583,7.375160107852766],[3.920997571181034,7.37511098058735],[3.9210811271923376,7.375063896581594],[3.921146171558632,7.375005627707592],[3.9212579662821567,7.374957522971329],[3.9213419818470356,7.374929065723846],[3.921436837839848,7.374952101858069],[3.9215425342605963,7.374930421002149],[3.9217071767448597,7.374892478605034],[3.9218108415971074,7.374850471272284],[3.92190705286822,7.374821336835285],[3.921975484980692,7.374822014024801],[3.9220052957078906,7.3748640222568715],[3.9220601768357137,7.374876895152626],[3.9220973458159283,7.374873825766486],[3.922190942757823,7.3749107717147835],[3.9222424370389035,7.374982591573369],[3.922270893387065,7.375027310362156],[3.922304770848541,7.375086933615133],[3.922368459936535,7.375123520733951],[3.9224375692384683,7.375134362061202],[3.9225026127054434,7.375139782275197],[3.922563592136101,7.375151977981431],[3.9226801289848368,7.375176369393956],[3.922748126724741,7.3751970636935775],[3.9228752620837217,7.375272579765807],[3.9230107710303064,7.375349819838391],[3.9231232429433476,7.375459582094097],[3.923241135070384,7.37552462556107],[3.9233468323904503,7.3755910261050435],[3.92354603042503,7.375715693724317],[3.9235472076375686,7.375714291681278],[3.9235609357886005,7.375778028433332],[3.9238549889166743,7.375978579947572],[3.923956621301102,7.376068015726385],[3.9241639492069567,7.376183199095408],[3.9243265601227217,7.376284829681196],[3.924486459582511,7.376329547570604],[3.9246680407974845,7.37637833129503],[3.9250813431295346,7.376420338627781],[3.925101078751823,7.376421208272177],[3.925189750106937,7.3764433747620055],[3.925365911107974,7.376446085318603],[3.9255461370446483,7.37646370123889],[3.925651834364714,7.376478606602461],[3.9257615957210996,7.376485382994075],[3.925907945095618,7.376498933978668],[3.9260244828436726,7.376516549898896],[3.926164056725895,7.376528745605185],[3.9262405953272723,7.376520980858627],[3.9263266667423404,7.376527390326829],[3.9264554001966303,7.376508419128299],[3.926578713436925,7.376543650968758],[3.9266925397289474,7.376559913409323],[3.926786041342779,7.37663715168327],[3.9268917377635253,7.376750979773931],[3.9269811744417216,7.376886487821197],[3.9270746751561765,7.376998960633559],[3.92712887819522,7.377062649721553],[3.9271776610202664,7.377142600350793],[3.927193921662195,7.377208999096072],[3.927196633118171,7.37727946277704],[3.927231864958628,7.377358058127923],[3.9273673730058936,7.377344508042654],[3.9275530200558824,7.377321471009111],[3.9276104129901905,7.377292200774491],[3.927621662609681,7.3772864630998365],[3.927688529002467,7.377252361707178],[3.927810486964461,7.3771005921186665],[3.927956836338978,7.376950176909189],[3.9280787943009727,7.376818733797565],[3.9281341367810114,7.37672781413738],[3.928177715229423,7.376671030044064],[3.928238693760761,7.376543650968758],[3.9282834116501704,7.376454216089254],[3.9283131513309395,7.37638514455881],[3.9283254198822424,7.376356650439105],[3.9283620070010556,7.37626721376097],[3.928404015233183,7.37620894488697],[3.928473123635797,7.376135769750019],[3.9285164871462266,7.376096472973871],[3.92855307426504,7.376028718950294],[3.9285652699712736,7.37595283415601],[3.928550363708382,7.375855267606539],[3.9285706901852677,7.375768542384381],[3.9286208282886155,7.375673686391565],[3.9286858726549667,7.375605254279093],[3.928767177663189,7.375521915903732],[3.9288369650539616,7.375443320552846],[3.9289101392915313,7.375386407856466],[3.9289670528872307,7.37533762503142],[3.929036162189163,7.375288841307053],[3.929080880078572,7.375248866442063],[3.929162185086796,7.37519533969322],[3.9292669579038484,7.375141905574539],[3.92929769403338,7.375126231290607],[3.9296141070054773,7.375053056153661],[3.929788912728214,7.375023245426462],[3.9300260531598497,7.374872830216986],[3.9302604830348855,7.3747129298578775],[3.93049220325264,7.374516442379959],[3.9307862572799768,7.374276592290924],[3.9309163451133036,7.374183090677148],[3.9310383030752973,7.374090945240994],[3.931142644217687,7.373997443627162],[3.9312334352748617,7.373891747206414],[3.9313150316634173,7.373808895364277],[3.9313438747200853,7.373773855079378],[3.9314455062051943,7.3736796762760815],[3.9315241006567594,7.373581433436471],[3.931589823111892,7.3734872537338],[3.9316887440403434,7.373416790052886],[3.931802571231742,7.373344292105457],[3.9320085447585593,7.373214882360967],[3.932110854332507,7.373134931731783],[3.932188770695234,7.3730719198333095],[3.932314117302724,7.372981806864971],[3.9324753720408134,7.372880852569322],[3.932640691714596,7.372807678331753],[3.9327524873374955,7.372775834237414],[3.932900869179832,7.3727250180451716],[3.9330689003095367,7.372680978244604],[3.9332098285707957,7.372651165718763],[3.9334279978039026,7.37262609711672],[3.933624485281826,7.372606447829358],[3.933783707552096,7.372576636202836],[3.9340255910082655,7.372491943448492],[3.9341814264317345,7.372432997384976],[3.9343155792006432,7.372386924217211],[3.9344066643361657,7.37236287814437],[3.934484964709383,7.3723422063278],[3.934697713728554,7.372289357667798],[3.9348278015618225,7.372235831818217],[3.934961955230108,7.372164011959625],[3.935040549681673,7.372101678149988],[3.9351314540534195,7.372032717236152],[3.935197740383443,7.371982430744652],[3.935337992354505,7.371891639687474],[3.9355026348387696,7.371790008202369],[3.935663889576915,7.371705315448025],[3.9358129504074104,7.371631463121558],[3.935966751564365,7.371607748898555],[3.936081256844602,7.371605717330056],[3.9361000976414284,7.371599512907266],[3.936192374378607,7.371569129311923],[3.9364037672201566,7.371480370722565],[3.9365568920869705,7.371426844873042],[3.936636164627316,7.37141735882409],[3.9367235679383725,7.371391613032586],[3.9368373951297144,7.371348250421476],[3.9369268309085896,7.371319115984475],[3.937006780638455,7.3712622023887775],[3.9370375806199145,7.371225653041507]]]}},{"type":"Feature","properties":{"name":"Ita Aregbeomo","label":"Ita Aregbeomo","lga":"Ibadan South West","people":6982,"walk":7.32,"walk_clinic":8.27,"walk_school":6.37,"f15":100.0,"f15_health":100.0,"f15_school":100.0,"beyond":0,"clinics":1,"schools":1,"off_pct":0.0,"hexes":3,"gini":0.04,"share":0.61,"rank":1.0,"of":59,"reading":"Most people here already finish inside 15 minutes. Clinics and schools are about even. That is 15 points above the city as a whole."},"geometry":{"type":"Polygon","coordinates":[[[3.8940497628863113,7.364483745028847],[3.893892379729607,7.3645100043332805],[3.8937731916794864,7.364614524440811],[3.893596168228611,7.36478211580203],[3.8934118881481936,7.364982356150845],[3.8932653364261687,7.365116574570321],[3.8930484091567896,7.365297226785629],[3.8928459924486574,7.365482231719683],[3.892643574841144,7.365642569149316],[3.892425922718189,7.365807985050539],[3.8922140739204,7.366009676005775],[3.892019637796068,7.366199033658519],[3.891832457402018,7.366348488392077],[3.891720729228325,7.366428294230446],[3.89154878334972,7.366465295037359],[3.8914544669501647,7.366390567670631],[3.891372484752424,7.366281015856259],[3.891302835857232,7.36620556273658],[3.891217225794378,7.3661279341569035],[3.8910786537568924,7.3660009696690745],[3.890995945806309,7.3659189883706535],[3.890898728193805,7.365851514935514],[3.8907543510325118,7.365726001953476],[3.8906614861386974,7.365664333642142],[3.890577326682318,7.365601214724338],[3.8904685006208424,7.365548252749704],[3.890372008761233,7.365472799630025],[3.890297281394453,7.365443053654077],[3.890201514388422,7.3654096807122205],[3.89012751187522,7.365389365926547],[3.8900121558363603,7.365330599727429],[3.889924370313508,7.365260950832239],[3.8899432326940655,7.365172438657171],[3.8899969213209147,7.365063612595691],[3.890028089125053,7.364991167708299],[3.890050608149068,7.364938826265873],[3.8901188064378394,7.364812586631616],[3.890208769219385,7.364686348795997],[3.890239240948233,7.364578974240318],[3.8901906307930294,7.36453181559085],[3.8901412966835665,7.364505696580692],[3.8900527854077613,7.364472323638894],[3.8899642732326924,7.364430244360333],[3.889885918000743,7.364409929574664],[3.889795955219199,7.364395419912739],[3.8896203823748015,7.3643199667930626],[3.889460769798745,7.364251769403665],[3.8892939032910476,7.3641661593408125],[3.8891241337718157,7.364077647165743],[3.8890051507671606,7.364018156113046],[3.8889050310423845,7.363957212655292],[3.8888092640363543,7.363881760434935],[3.888684475907893,7.363784541923109],[3.888604670069526,7.3637250499711495],[3.8885176094001963,7.363707638197013],[3.8883681546666358,7.363725049971151],[3.887993792079897,7.36421694495607],[3.8877297070603722,7.3645564830952726],[3.887642646391044,7.364707389334622],[3.8875802523268135,7.3647581740505625],[3.8875600769360403,7.3648281799765964],[3.8875079441363605,7.364896021234418],[3.8876163646036166,7.365267291952023],[3.887636289083502,7.365280321329805],[3.8876694902548365,7.365424191273462],[3.8877260800945805,7.3656592560698755],[3.887772512091829,7.365846437363245],[3.8877971786968715,7.3659726751988615],[3.887882788759726,7.366037971375305],[3.8879945178327944,7.366100365439534],[3.8881236577806244,7.366142443818774],[3.8882165226744405,7.366204837883003],[3.888232483842102,7.366403626726025],[3.888183149732641,7.366526964248067],[3.8881265598928967,7.366703987698939],[3.8880830300078633,7.366807010435251],[3.8880061262817667,7.3669767790551655],[3.887908877192955,7.3672234792802],[3.8878735473264214,7.367542376179755],[3.8879147119944264,7.367758877170502],[3.8878803363085135,7.367867868707205],[3.887935180564171,7.367948271695409],[3.887969880905303,7.367955988777909],[3.8880083017417624,7.367980157158569],[3.8881193050619345,7.3680730220523865],[3.888246268650448,7.3681724160242075],[3.888344212915115,7.368267458176717],[3.888420390888371,7.368331302847421],[3.8885079246010723,7.368383965347788],[3.8885371984330277,7.368415462303802],[3.8885959637327687,7.3684676976262145],[3.888626434562355,7.368509052051138],[3.888641670876439,7.3685438773980545],[3.8886873780201086,7.368588133035984],[3.8887555763088244,7.368614251146824],[3.888801282553175,7.3686316629209605],[3.8888571466400776,7.368682449435542],[3.8889325997596984,7.368748469566244],[3.8890182098225523,7.368818119360754],[3.889134290714992,7.368862374998626],[3.889236587698405,7.368920416344165],[3.8893388846818193,7.368981358003337],[3.8894208668795613,7.369058261729436],[3.889512281166901,7.369116303074976],[3.8896116760380433,7.369123557905935],[3.8896849518990844,7.3691366169613275],[3.889745895356839,7.369162735072221],[3.8898249754423095,7.369182324104997],[3.889883740742108,7.369179421992782],[3.8899134867180574,7.369211344328107],[3.8899308993915156,7.369249070887973],[3.889953389637242,7.369269384774326],[3.890110100101082,7.369257777224677],[3.8902319852180076,7.369260679336945],[3.8904351276790403,7.369254875112461],[3.8905671697391426,7.36923020760804],[3.8906890557553875,7.369237463338325],[3.890787724873634,7.369246893629284],[3.8908472159263288,7.369253423606665],[3.8908856682390365,7.369251247247294],[3.890935729000716,7.3692476202815],[3.891043103556456,7.369264306302738],[3.891119282428974,7.369277366257506],[3.8911874798183708,7.3692955028852225],[3.8912186773001736,7.369284621088466],[3.8913006585985377,7.369316543423793],[3.8913819159427017,7.369349916365592],[3.891471153870725,7.369394897756367],[3.8915313706762618,7.369276639605289],[3.8916140786269007,7.369157656600636],[3.8917149241045195,7.369107596738272],[3.8917990826615774,7.36905245840427],[3.8919129880939627,7.368979181643963],[3.8919862657535877,7.368935464699975],[3.8920406783346944,7.368903002771391],[3.8921799752257016,7.368820294820806],[3.892342489014708,7.368710018152854],[3.8924817868050923,7.368608446922339],[3.8925688483736853,7.368547504363903],[3.892682027153854,7.3685213862530095],[3.8929606218353006,7.368630212314487],[3.8930825078514886,7.3686882527607045],[3.8931278246894294,7.368708581935547],[3.8932161444095645,7.36874820156828],[3.893350191957836,7.368846384153357],[3.8933966464381347,7.368857713812473],[3.8934844391556003,7.368670840986568],[3.8936179327214404,7.3684415804146415],[3.893678876179252,7.368222476785946],[3.893741269344162,7.368065767221424],[3.893808016127082,7.367940979092965],[3.893925547625998,7.36780603492065],[3.894086610808472,7.367658030793507],[3.8942737921018993,7.36753034235147],[3.8945843100179336,7.3673199441601565],[3.8948498456439324,7.367148724034453],[3.89505879232945,7.367013779862076],[3.8952807980704165,7.366862873622778],[3.8954200958608,7.366835304905464],[3.8951680896356606,7.366188687857687],[3.894889046192588,7.365711857416327],[3.894495977707266,7.365145229668654],[3.8942340303762526,7.364762138262109],[3.8940497628863113,7.364483745028847]]]}},{"type":"Feature","properties":{"name":"Odinjo","label":"Odinjo","lga":"Ibadan South East","people":20262,"walk":7.7,"walk_clinic":8.53,"walk_school":6.88,"f15":100.0,"f15_health":100.0,"f15_school":100.0,"beyond":0,"clinics":5,"schools":13,"off_pct":0.0,"hexes":13,"gini":0.07,"share":1.77,"rank":1.0,"of":59,"reading":"Most people here already finish inside 15 minutes. Clinics and schools are about even. That is 15 points above the city as a whole."},"geometry":{"type":"Polygon","coordinates":[[[3.911232388863709,7.354399286298075],[3.9106021106989033,7.355496577904773],[3.9100890753505837,7.35632566379837],[3.909696548257159,7.356992279969804],[3.908989729692337,7.358166931258894],[3.908604979935944,7.358828158692631],[3.907974544389788,7.359917798867398],[3.907316433106927,7.360992728831434],[3.90703893829641,7.361397679159608],[3.906882442770552,7.361634841175033],[3.9067420819815193,7.361846189050426],[3.9065726811843433,7.362109164306561],[3.9063726260958442,7.362406019722073],[3.9061050544048044,7.3630002287775955],[3.9057036456068204,7.364095288266979],[3.9055359643133447,7.364551760755203],[3.9051911030869633,7.3654849090013945],[3.906008610209255,7.365501181334477],[3.9063838451384076,7.365349978318875],[3.906807332292601,7.3653175910340565],[3.907003739730839,7.365487915434982],[3.908001681432495,7.365264218069287],[3.908624818980286,7.365414580218727],[3.9096287771463953,7.364803273252505],[3.910278887160984,7.364091546187977],[3.9111235583056327,7.363552356755917],[3.911756645053173,7.362892133864931],[3.9118509659493843,7.362652407882365],[3.9120850702698253,7.362447497354196],[3.9123397762597283,7.362795829064283],[3.9125387782420944,7.363059769292988],[3.9126712393862135,7.363175672119611],[3.912806908412165,7.363294381730385],[3.9129723935611764,7.363508048058007],[3.913162523731558,7.363164852376085],[3.9133470691119787,7.362843878042613],[3.913595772127224,7.362512940120156],[3.913935226629463,7.362169439568049],[3.9142250268635626,7.362397728872111],[3.9149481060703115,7.362503194167118],[3.916376242969306,7.362499822608755],[3.9161667144223884,7.361738372927617],[3.9160880300386225,7.3608157197696755],[3.9168659004409965,7.360317366753122],[3.917587062293137,7.359518385665013],[3.9178862946168356,7.359688935795817],[3.9182766147740153,7.359369297854871],[3.91925740370624,7.358778068253287],[3.9197158259246967,7.358337339296838],[3.9201649428578658,7.357929107342502],[3.920435023657491,7.3576496070437525],[3.921991159264621,7.356935333998534],[3.9222896676341175,7.356380911849669],[3.9222298078593667,7.356137817906014],[3.9219619546805125,7.356088437031815],[3.9204992181644234,7.354013906116905],[3.9204813432394294,7.354018052890863],[3.920420838650841,7.353925041407593],[3.9202008896593843,7.353604541916126],[3.919932760388633,7.353085042240933],[3.9197672743403014,7.352620004609547],[3.9195661769375647,7.352016714200031],[3.919436302243582,7.3513820005788935],[3.9193713639973,7.350552475816131],[3.919379742980822,7.349345894097781],[3.9193671749551986,7.348426294138223],[3.9192770997584048,7.347559062600678],[3.9191074237686507,7.346901308348777],[3.9188392953972198,7.346354575403381],[3.9184852808710384,7.345778515566113],[3.918016054197608,7.345244352444977],[3.917372963391586,7.344739515316406],[3.916547626771603,7.3443017100559],[3.916344434847815,7.344796072780581],[3.9160700211146486,7.34530509985052],[3.9157830393558006,7.345807843357307],[3.9153347596914614,7.346815423093347],[3.9149786506442865,7.34753811469227],[3.914792216687488,7.347940308598425],[3.9145345618206315,7.348413725213277],[3.9143376543593154,7.348849435053411],[3.913973166328616,7.3495951699811695],[3.913635908870163,7.350303199033474],[3.913403390953761,7.350757762260968],[3.9131876301050856,7.3510342714145605],[3.91299491168587,7.351298210743893],[3.912766583710891,7.351555865610748],[3.9122014173615858,7.352315042705127],[3.9116584795552285,7.353118983554281],[3.911457737384694,7.353582002207702],[3.9114045469822827,7.354036277652143],[3.911232388863709,7.354399286298075]]]}},{"type":"Feature","properties":{"name":"Atipe","label":"Atipe","lga":"Ibadan North East","people":17455,"walk":8.4,"walk_clinic":9.27,"walk_school":7.53,"f15":100.0,"f15_health":96.66,"f15_school":100.0,"beyond":0,"clinics":5,"schools":9,"off_pct":0.0,"hexes":16,"gini":0.14,"share":1.53,"rank":1.0,"of":59,"reading":"Most people here already finish inside 15 minutes. Clinics and schools are about even. That is 15 points above the city as a whole."},"geometry":{"type":"Polygon","coordinates":[[[3.932158638010776,7.352916222405781],[3.932156680186665,7.352967147415995],[3.9321659611902082,7.353016202735603],[3.9321487247838713,7.353090449864396],[3.9321116007698147,7.353179281298823],[3.932070499953681,7.3532482251255225],[3.9320307247381834,7.353347663164184],[3.9320479611445207,7.353423234994351],[3.932057242148062,7.353492178821054],[3.9320347033389567,7.353611503568059],[3.932018793432633,7.3536433242800285],[3.9319140520918836,7.3537215491102765],[3.9316952884068996,7.353791817638298],[3.93159054706615,7.3538541316628985],[3.931434098305033,7.353937659795235],[3.931335985867122,7.354045053236689],[3.931304166054474,7.35418161439003],[3.931294885950252,7.3543088954392015],[3.9312723462418258,7.3543857928701195],[3.931217986720753,7.354467995401705],[3.9311636280990014,7.35449848871434],[3.9309727074245293,7.354547544933324],[3.930834819771179,7.354608534256501],[3.93073670823253,7.354685431687357],[3.9305988205791778,7.354698691291616],[3.930472866030017,7.35466024077755],[3.9303827089948973,7.354592624350175],[3.9303469123801746,7.354511748318599],[3.930344876315019,7.354509660092785],[3.9302952040604855,7.354458714398221],[3.9302527767442834,7.3543579507588674],[3.9302156536295456,7.354332759849057],[3.9301493619036014,7.354311545741269],[3.9301042842853353,7.354285030130086],[3.9300565527677236,7.354262490421659],[3.9299876098403956,7.354205478799884],[3.929919991614384,7.35420282759844],[3.92982453217644,7.354194873094966],[3.929723767637824,7.354128581368971],[3.9295580387725413,7.354115321764708],[3.929466556136731,7.354131231671033],[3.9293684436987637,7.354177636688635],[3.9292610511566295,7.354234648310406],[3.9291695676214995,7.354253209418116],[3.9290542196765723,7.354323478845514],[3.9289494792351434,7.354403029276454],[3.9287837503698606,7.35440568137716],[3.928567637886203,7.354426893686254],[3.9283608082047854,7.354417612682706],[3.928063819689555,7.354395073873607],[3.9278861577200237,7.354401702776387],[3.9277509221673763,7.354446782193291],[3.9275865189027854,7.354513073919293],[3.927350519710785,7.3545820168466225],[3.9271078907166275,7.354654938374781],[3.9268268139063593,7.354722555701415],[3.926627937829096,7.3547848697260125],[3.9264927031757684,7.354847184649885],[3.9263574667237435,7.3549148019765775],[3.926186433657051,7.354969162396969],[3.925976951874872,7.355024846619415],[3.9256057180294874,7.355103071449662],[3.9253485047297545,7.355166711074901],[3.9251483039511186,7.355235654901604],[3.924945451071778,7.355290014422677],[3.9246166427438993,7.355401384666209],[3.9242944651174985,7.355491540802006],[3.9239325113763357,7.3555803731357505],[3.9235016138084684,7.35571693428915],[3.923121098959598,7.355840236737606],[3.9226040220580103,7.355999336700052],[3.922528861218041,7.356027150932333],[3.9222492772823894,7.356130613437131],[3.9222298078593667,7.356137817906014],[3.9222896676341175,7.356380911849669],[3.9229746731426753,7.357470245355613],[3.923509721196751,7.358216780679927],[3.9242387710025355,7.359488207115134],[3.924768281031391,7.360825563748787],[3.925614996335071,7.363093652150384],[3.9260974394453005,7.364146954318526],[3.9267618270966977,7.363841167735756],[3.9274373357644654,7.36349924369517],[3.92795717088677,7.363207357933277],[3.92841723886454,7.362866824244577],[3.928820320401542,7.362531850164828],[3.929099696593767,7.362271931704358],[3.9294457907906803,7.361981436294286],[3.9297474072171203,7.361736807207935],[3.929869721310638,7.361660361236717],[3.9299155894329383,7.3617034486553035],[3.9299739662255884,7.361795184899904],[3.930008714230837,7.361878580831902],[3.930049021844922,7.361973095981626],[3.9301324177769184,7.362085681209294],[3.930225544373399,7.362189926124247],[3.9303047701490645,7.362298341195525],[3.9303659267461617,7.36242343509349],[3.9304423736167,7.36254852899145],[3.9305132599790227,7.362680572850193],[3.9305910972014426,7.362800107139266],[3.93071758055197,7.36299191814254],[3.9308093158972497,7.363125352353164],[3.930828775427699,7.363150370593187],[3.930845455153701,7.363171219576147],[3.9308718628462316,7.363192068559158],[3.9309246809293086,7.3632031877769455],[3.930951090420535,7.363221256955512],[3.931012247017634,7.363265734725928],[3.931074793966615,7.363329672026792],[3.931133170759267,7.363399168936554],[3.9312025210795127,7.36347518683044],[3.9312249070039234,7.363463106237419],[3.931279113640244,7.363461715885535],[3.9313791892981844,7.363482564868548],[3.931462586129498,7.363522873381952],[3.9315209629221504,7.363574301113147],[3.9316252078371003,7.363671596067377],[3.931719722986884,7.363734143016358],[3.9318545466500723,7.363781400591223],[3.9319893712125804,7.363799469769789],[3.9320936161275313,7.363849508048417],[3.9321797918639723,7.36389259636627],[3.932275697365583,7.363930124175965],[3.9323952316546524,7.3639954509293375],[3.9324577786036343,7.363989891320497],[3.9325356149267354,7.3638898156625014],[3.9326787780032655,7.363695224854779],[3.932749665264907,7.363503413851504],[3.932828891040515,7.363392218975776],[3.932890047637613,7.363307432691899],[3.9329706637651625,7.363240715586586],[3.9331027076239025,7.363165659967308],[3.9333056387442866,7.36308504383976],[3.9333709645983954,7.363022496890779],[3.9334223932289096,7.362959949941798],[3.9335016190045735,7.362909911663166],[3.933610034075855,7.36279871678738],[3.9337170587952537,7.36270559198954],[3.933833814179251,7.362569377974465],[3.933893581323787,7.362504051221038],[3.9340131147135367,7.362412315875701],[3.9341430739437446,7.362287916254389],[3.9342952716095296,7.362117649410037],[3.9344447299403673,7.361940284216815],[3.9344537240601767,7.361917498993419],[3.9345023719869237,7.361853561692557],[3.9345398997965617,7.361813254078471],[3.934562139131458,7.361792405095457],[3.934594108231579,7.361749316777606],[3.934627465884886,7.361707618811636],[3.934653875376114,7.361677040063397],[3.9347122521687656,7.361601984444062],[3.9347706289614153,7.361538047143201],[3.9347942577488197,7.36148522906012],[3.9348651450104626,7.361426852267467],[3.934915183289149,7.3613837639496165],[3.9349666101210237,7.361293418056846],[3.9349957994166407,7.361216972085628],[3.935050006052961,7.3612378210686416],[3.9350708550359745,7.361260060403538],[3.935095874175319,7.361289248799836],[3.9351417422976165,7.3613337256709315],[3.935198728738385,7.361379593793289],[3.9352779554133694,7.361433802228248],[3.9353071438096663,7.361444921446037],[3.9353613522446844,7.361471330037886],[3.9353947098979916,7.361479670350547],[3.9354238991936654,7.361486619412006],[3.9354628173551873,7.361496349177227],[3.9355281441086154,7.36149634917723],[3.93560319972795,7.361483838708237],[3.9356754773414764,7.361489399216451],[3.935725513821467,7.361501907886799],[3.9357922309267788,7.361499128981677],[3.9358631181884207,7.36151858761275],[3.9359367843551354,7.361533876986865],[3.935975703416034,7.36153943659576],[3.9359909918908325,7.3615394365957645],[3.93601184087379,7.361543606752094],[3.9360577089961453,7.361504687691251],[3.9360882868450067,7.361458821367535],[3.9361258146546456,7.361410173440788],[3.936171682777001,7.361383763949618],[3.9361828028941095,7.361375423636959],[3.9362245008600785,7.361358744810277],[3.9362995573787316,7.3613142670398615],[3.936363493780277,7.361244771029421],[3.9364691290471123,7.361178053924105],[3.936652600637047,7.361136355958138],[3.9367610148090084,7.361094657992113],[3.936858310662558,7.361066859048376],[3.936994523778309,7.361000141943066],[3.9371835558764587,7.360989022725277],[3.937383706293076,7.360994582334173],[3.9375755172963522,7.361102997405454],[3.9376533527200768,7.361072418657215],[3.937784007126254,7.361061299439483],[3.9379007616109334,7.361047400417247],[3.93800361707332,7.36104461971348],[3.938166173130412,7.361044619713481],[3.9382426856514603,7.360997362138618],[3.938298282639664,7.360972342999272],[3.9383983582976616,7.360950104563702],[3.9384984330562824,7.3609834631163835],[3.9386402066802475,7.361008482255726],[3.93883479838729,7.361100216701686],[3.9390544074349805,7.361236430716758],[3.939111394775125,7.3612906382524],[3.9391517032885304,7.361323996805083],[3.939228149259748,7.361375423636959],[3.939276797186494,7.3614073927370205],[3.9393129346442493,7.361437972384577],[3.9393615825710517,7.361478279998663],[3.9394157901066933,7.361528317377975],[3.9394435890504265,7.361557505774327],[3.939507526351292,7.361599203740299],[3.9395937020877345,7.361667311197491],[3.9397215757901445,7.361729858146476],[3.939817481291755,7.36177433591689],[3.9398517850319195,7.3618064956733065],[3.9402267042989934,7.36198468824284],[3.940266910289721,7.361888259335727],[3.9403261971962706,7.361774335916892],[3.9404943794121436,7.361443531094152],[3.940654222214618,7.361112727170678],[3.940556926361125,7.361054350378026],[3.9402539213814407,7.360837520235407],[3.9400079019431473,7.360654048645475],[3.939745204577604,7.360420539676228],[3.9395686829483902,7.3602537469129174],[3.939297646169507,7.3599743707206935],[3.9391950883826903,7.3598518713668],[3.9391475331322012,7.359795069287088],[3.938994640290445,7.359558779614019],[3.9388730213728995,7.359379479079734],[3.9389126338110714,7.3593419503707755],[3.9390418978653647,7.3592481303969635],[3.9391850609418393,7.359136934621858],[3.9392646293592293,7.359078642365489],[3.939315020172103,7.359041725195482],[3.939511695608302,7.358910375613389],[3.9397285248516023,7.358725514570894],[3.939807752425906,7.35869632617454],[3.9398779427129402,7.35874844818238],[3.939936321304231,7.358760262576083],[3.9400961632073863,7.358586520751374],[3.9401795591393802,7.35846559700974],[3.9399029618522827,7.358261276436794],[3.939588836755433,7.357977730088238],[3.9393848354418424,7.357742072638588],[3.9393469883728467,7.357698352996634],[3.939205214748939,7.357532950585265],[3.939009233589331,7.357291102202679],[3.9388452224291086,7.357014504915525],[3.9386659209955037,7.356726789309899],[3.938612941034421,7.356607585072027],[3.93859084109448,7.356557858858138],[3.9393595950692766,7.35622845607844],[3.9392986543094834,7.356190903987056],[3.939242372937201,7.356106339835777],[3.9389543722465423,7.355796557565155],[3.9386385402364685,7.355420220966493],[3.9383348077052474,7.3551310106876135],[3.9381157832168574,7.354898674434308],[3.9378882862154683,7.354599782953642],[3.9374502354400533,7.354095176950919],[3.9373788400614553,7.354083075673428],[3.9372965538929066,7.354130270295798],[3.9372106380605487,7.354189564396904],[3.9371162524131478,7.35426822000238],[3.937036386320244,7.354337194406071],[3.9369456294372753,7.354384388129062],[3.9368790751092884,7.354418270087138],[3.9368064701425283,7.354432791440218],[3.9367411254026483,7.354447311893978],[3.936690301116528,7.354481194751373],[3.936644601167472,7.354526894700484],[3.936615276074178,7.354556219793776],[3.936499107947498,7.354669967844813],[3.936448283661435,7.354713531004677],[3.9364071405771033,7.354708690853442],[3.936327276282839,7.354686909273483],[3.9362449901142327,7.354640926037973],[3.936109459583918,7.354553799718133],[3.9360223341634537,7.354510236558211],[3.9358601819019436,7.354466674297612],[3.9356859301615827,7.354454573020179],[3.9354898959419984,7.354396489406498],[3.9353374248822783,7.35419803511127],[3.9352502985624938,7.354052824278483],[3.9351365514107783,7.353880991714447],[3.934998600804818,7.353689799444735],[3.934834029366982,7.353544587712578],[3.934613794391168,7.353554268914424],[3.9344976262644877,7.353488924174542],[3.934359675658527,7.353416319207837],[3.934228987078143,7.353389696577266],[3.9340789360940676,7.353372756047916],[3.9339821285724383,7.353367915896626],[3.9338248182608035,7.353302571156803],[3.933728010739174,7.353200924383202],[3.933636044268098,7.353092015584083],[3.9335973221587324,7.352990368810537],[3.9335900610325325,7.352845158877018],[3.933461791628417,7.352690267741705],[3.9333383632749124,7.352586199993198],[3.9331423290552725,7.3523998469754],[3.932932730361245,7.3521667579895515],[3.9328093703562113,7.352088321818656],[3.932757638654152,7.352139147004095],[3.9327387223142414,7.352203464718171],[3.932684362793168,7.352281688649043],[3.93261939666786,7.352322790364554],[3.932508521051432,7.352383902894873],[3.932451015701871,7.3524155986010555],[3.9323369942568993,7.352479239125615],[3.932189825600005,7.352611822577615],[3.9321925748275253,7.352694315590213],[3.9321951289021513,7.352770923439439],[3.932158638010776,7.352916222405781]]]}},{"type":"Feature","properties":{"name":"Asukuna","label":"Asukuna","lga":"Ibadan North West","people":2509,"walk":2.83,"walk_clinic":2.46,"walk_school":3.21,"f15":100.0,"f15_health":100.0,"f15_school":100.0,"beyond":0,"clinics":2,"schools":1,"off_pct":0.0,"hexes":1,"gini":0.0,"share":0.22,"rank":1.0,"of":59,"reading":"Most people here already finish inside 15 minutes. Clinics and schools are about even. That is 15 points above the city as a whole."},"geometry":{"type":"Polygon","coordinates":[[[3.8937143310515694,7.384887840601438],[3.8946581470559063,7.384793520604547],[3.8961255195771405,7.384877038844308],[3.897027616931041,7.384882087638287],[3.897831835670728,7.384918384276032],[3.897808858891778,7.383883456156638],[3.8976472444248316,7.3833281409809475],[3.8972871963470648,7.382809844598681],[3.897188309592878,7.382629082666082],[3.897040469142383,7.382123187035516],[3.8970077616988874,7.381533915258046],[3.8970883544440658,7.381343778792426],[3.8972066881381693,7.381154532655615],[3.8976046417408843,7.3808110177143345],[3.8980159448800005,7.380597104073161],[3.898418788995969,7.38013985816798],[3.8986256069862293,7.379884787053358],[3.8986963737386877,7.379711647774401],[3.8988230243631397,7.379595743149083],[3.8988790440326966,7.379420504852474],[3.898669814960044,7.379458916695683],[3.8984094162615857,7.379444816225317],[3.8980878321877417,7.379516161241894],[3.8978162962851006,7.379586440561809],[3.8974744801631687,7.379659915173023],[3.8972231763086147,7.379707833749591],[3.8969165002963,7.379772789083003],[3.8966928820709086,7.379810058787258],[3.8965565817209145,7.379826031646075],[3.8964287997493443,7.379881403803778],[3.896260553681657,7.379969785577203],[3.896171107110945,7.380051778566782],[3.896126382926297,7.3801422908341],[3.896024157888632,7.380257295238037],[3.8958878566393196,7.3803914659933945],[3.8958133181301946,7.380481978260717],[3.8957441027082496,7.380596980866015],[3.895717481876318,7.380700271600289],[3.8956780816781693,7.380806755827164],[3.8956163207366776,7.380902592980307],[3.8954853452725042,7.381021855674133],[3.895273439817459,7.381182647261424],[3.8951726006350778,7.3812763674104644],[3.8948357883410267,7.38155534430376],[3.8945408250990563,7.38178535131294],[3.8943651245509154,7.381893966033771],[3.894134052744392,7.3819493381914745],[3.893927473074484,7.3819429494076285],[3.8937464494391643,7.381918457271014],[3.8935451928564366,7.381885446756028],[3.89340569811452,7.3818801227694735],[3.8933465461062715,7.3820912772906695],[3.893248100019832,7.38237740559282],[3.8930873084325976,7.382897051857528],[3.8930702707764335,7.383083400378666],[3.893042585147214,7.383296369731737],[3.893127771629395,7.383786199873269],[3.8932342567555915,7.384401682391796],[3.89334819636224,7.384970310231667],[3.893357703994866,7.385018689261133],[3.893362314819001,7.385108646646757],[3.8934988552879872,7.385037666754953],[3.8937143310515694,7.384887840601438]]]}},{"type":"Feature","properties":{"name":"Nalende","label":"Nalende","lga":"Ibadan North","people":18160,"walk":6.19,"walk_clinic":7.51,"walk_school":4.87,"f15":100.0,"f15_health":97.04,"f15_school":100.0,"beyond":0,"clinics":1,"schools":11,"off_pct":0.0,"hexes":10,"gini":0.13,"share":1.59,"rank":1.0,"of":59,"reading":"Most people here already finish inside 15 minutes. Clinics and schools are about even. That is 15 points above the city as a whole."},"geometry":{"type":"Polygon","coordinates":[[[3.8904573481281663,7.400885234765836],[3.8912537967253797,7.4007763187721585],[3.8921659691841914,7.400694631552028],[3.8929828386870895,7.400578908589806],[3.89371802276861,7.4006401740048755],[3.894167092037719,7.400756063341705],[3.8950359306637092,7.400948649560576],[3.8959437917725945,7.401115650966574],[3.8965114276603,7.4012381970851475],[3.89646563058443,7.400933327810888],[3.8964390349335645,7.4008293607864175],[3.896385930866075,7.4006217729764785],[3.896315931235279,7.400052112714889],[3.896260413387439,7.3993545211942555],[3.8962557261208977,7.3992204808405395],[3.896236274684384,7.39866417011541],[3.8961155838671293,7.397804851712578],[3.8960333219802687,7.397405637260418],[3.8959514450032198,7.397008293398073],[3.8959611001247367,7.396202079062733],[3.896033514435203,7.394802066662124],[3.8960382340773094,7.394792073395537],[3.896039493128171,7.3945854739405386],[3.8960716214082254,7.3942473207573025],[3.8960817909419347,7.393793092077601],[3.8961616138674344,7.393230788270329],[3.8963384187830457,7.392657710584902],[3.8964221816383997,7.3921554733964285],[3.8964536471181646,7.391821461591235],[3.896546887029274,7.391505467703212],[3.896666291815961,7.391256288047316],[3.8968402215990077,7.390970487098344],[3.896910198746696,7.3906998550143586],[3.8968756000289773,7.390324219886906],[3.896887170706407,7.390153470106611],[3.8969062390317504,7.389916903442386],[3.8969652471485006,7.389525468125896],[3.8970473156811067,7.389187534377243],[3.897194558981767,7.38852856334256],[3.897353871184237,7.388118214384123],[3.8975855967979096,7.38755338168329],[3.8976749075710018,7.387239585738317],[3.8977304263181622,7.387058550411837],[3.8977135289562175,7.386730270885322],[3.897718357416294,7.386351301971046],[3.8977714605844658,7.3859312978911476],[3.89783009818052,7.3855173849194085],[3.897831835670728,7.384918384276032],[3.897027616931041,7.384882087638287],[3.8961255195771405,7.384877038844308],[3.8946581470559063,7.384793520604547],[3.8937143310515694,7.384887840601438],[3.8934988552879872,7.385037666754953],[3.893362314819001,7.385108646646757],[3.8933985449069723,7.385486275571224],[3.8934437151554,7.385740653308575],[3.8935126580827273,7.385945106981126],[3.8935994318683242,7.3860806159277095],[3.8937931872058584,7.386244654966901],[3.8940166588417924,7.386430088877543],[3.8941200745818496,7.386579862870405],[3.894178320073479,7.386737958290212],[3.894200904748004,7.386926958012737],[3.894217185175023,7.387076306626283],[3.8942202392726704,7.387077024285304],[3.8942264616819102,7.387548044206939],[3.8941896128603735,7.387879687197879],[3.894132556272495,7.388097215214371],[3.894055291918222,7.3882897816481545],[3.893879367438898,7.388602404877133],[3.893672535958842,7.388998236079772],[3.8935857621732453,7.3891777272703525],[3.8935067720199754,7.38932432036114],[3.893386904981753,7.38950888642603],[3.8929835761312006,7.390257279749733],[3.8926870336796924,7.390812404269068],[3.892520184259126,7.391129208446272],[3.892365338089916,7.39129439412102],[3.8919544540348743,7.391646754793952],[3.891637537442421,7.391984389068342],[3.8914917132719897,7.392242048431853],[3.8913757429962175,7.3925304268377685],[3.891203048881664,7.392864425153161],[3.8911305401423424,7.393129501225528],[3.8910889357058522,7.393408841444909],[3.891081804082035,7.393790407601271],[3.8911364828624637,7.394136313839852],[3.8912066146935445,7.394589201630424],[3.891249408033787,7.3949089582818575],[3.8912565396576033,7.395122919587094],[3.891267237992678,7.395240600373484],[3.8912681202276067,7.395476139112588],[3.8912851425952795,7.395993181839911],[3.8912940755611776,7.396877873714971],[3.891239030756708,7.397624930646088],[3.8912243070561767,7.397824763601987],[3.8910164944157377,7.398129898176306],[3.8907277355965566,7.398576234405768],[3.8900887034309903,7.399526023707095],[3.889728746184744,7.400005733777618],[3.8904573481281663,7.400885234765836]]]}},{"type":"Feature","properties":{"name":"Sabo","label":"Sabo","lga":"Ibadan North","people":5357,"walk":8.11,"walk_clinic":7.06,"walk_school":9.15,"f15":100.0,"f15_health":100.0,"f15_school":100.0,"beyond":0,"clinics":4,"schools":2,"off_pct":0.0,"hexes":4,"gini":0.15,"share":0.47,"rank":1.0,"of":59,"reading":"Most people here already finish inside 15 minutes. Clinics and schools are about even. That is 15 points above the city as a whole."},"geometry":{"type":"Polygon","coordinates":[[[3.887356125984467,7.40554589932384],[3.8874257290142396,7.40568327166568],[3.887683989124867,7.405751041877124],[3.8879019533125647,7.405816981068884],[3.8880374937353963,7.405860939930504],[3.888158382403446,7.4059213842644995],[3.8884404529645735,7.405959849167744],[3.888814105986228,7.406042272033289],[3.889248203341936,7.406150338167608],[3.8893542855718697,7.40617729534597],[3.889456587051882,7.405739382166815],[3.8895887757014975,7.405357959901947],[3.889613248952344,7.405119347280107],[3.889987648411307,7.404152717274143],[3.8901306001471316,7.403669401821505],[3.890219094335805,7.4032269308781915],[3.8902667449144133,7.402001625274862],[3.890307589423742,7.40113710429398],[3.8904573481281663,7.400885234765836],[3.889728746184744,7.400005733777618],[3.886781884576351,7.396080284777383],[3.886159962912019,7.398489288849646],[3.885718079226024,7.399487685608279],[3.8845886422520834,7.399353977104398],[3.882901379195345,7.398810925983466],[3.882605528322529,7.398704324844743],[3.8823584171072985,7.398577576194212],[3.8823277852990836,7.398778390310499],[3.882290344723686,7.398945167785314],[3.882307362594758,7.399190229445592],[3.882419683421688,7.39952378439517],[3.8826409184436557,7.399915201725207],[3.8830085100347556,7.4004631856275855],[3.8832739926007203,7.40077972270609],[3.883600740581756,7.40144002743534],[3.8836197486525066,7.401615851190627],[3.8836673947345166,7.402056572053197],[3.8836727124257777,7.4031263120297135],[3.88390349824789,7.4031043325988986],[3.884352248257699,7.403157450156243],[3.884721959550858,7.403174325035138],[3.8847936723901175,7.403177597668049],[3.885134356265553,7.403217893590976],[3.885635044821527,7.403358151857275],[3.8856966672674393,7.403375414343942],[3.8860465089392733,7.403617189881458],[3.886530060014308,7.404007328375542],[3.8868286160478656,7.404274746282566],[3.8870652222822173,7.404536053296284],[3.8871986061308235,7.404714337596658],[3.8872883557730233,7.405027547183576],[3.887313999041851,7.405316945420733],[3.887356125984467,7.40554589932384]]]}},{"type":"Feature","properties":{"name":"Samonda","label":"Samonda","lga":"Ibadan North","people":30487,"walk":18.31,"walk_clinic":18.93,"walk_school":17.69,"f15":39.93,"f15_health":33.79,"f15_school":37.55,"beyond":18313,"clinics":7,"schools":11,"off_pct":0.05,"hexes":109,"gini":0.22,"share":2.67,"rank":56.0,"of":59,"reading":"Most people here walk longer than 15 minutes. Clinics and schools are about even. That is 45 points below the city as a whole."},"geometry":{"type":"Polygon","coordinates":[[[3.909553576736243,7.426421263030932],[3.9094069863434133,7.426466012396588],[3.909405575307119,7.426466443171875],[3.909403720905062,7.426467648263381],[3.909280941862051,7.426547454101751],[3.9090675066601652,7.426446190439378],[3.908617270070978,7.426341809726809],[3.9079083713742757,7.426082752816853],[3.90772585036774,7.426032401574103],[3.907638901214341,7.426008415755803],[3.9073531353389512,7.425911363618583],[3.9071434835849455,7.42584016159424],[3.906771586939215,7.425695277215315],[3.90564788674061,7.425257501632416],[3.904756760216344,7.424961497874903],[3.904482566817081,7.425481841114106],[3.904371954702014,7.425698390668232],[3.9042301846753276,7.4258759941818075],[3.903917045235518,7.426206271102559],[3.90355625521704,7.426589688963017],[3.9034699229985677,7.4266814351001935],[3.9029075166686202,7.427225147222829],[3.9025647760436177,7.427637993598581],[3.9024432578501087,7.42775951089277],[3.902343551813487,7.427982292748651],[3.9021908757084134,7.4281879380229725],[3.9020506642068535,7.428205074604535],[3.9016845537991576,7.4276691524095195],[3.9014461929874646,7.427354454444583],[3.901339358024983,7.427206365781215],[3.901319303143396,7.42720363633879],[3.9006423096948883,7.426190692146748],[3.899766762126432,7.424931897589032],[3.89949880102887,7.424536187794901],[3.8990657010213567,7.4239348327263865],[3.8987572335595364,7.423523543976443],[3.898657528422235,7.423339709959693],[3.8985453577820985,7.423373984022192],[3.8978785707395214,7.424193447169899],[3.8971837410368826,7.425037835927411],[3.89684723181432,7.425417966765792],[3.8963767415933708,7.425841720119308],[3.8959062522718,7.426224966209247],[3.895663965919311,7.426433960558882],[3.895488726723385,7.426556480597127],[3.89535159360122,7.426702156379463],[3.895142031779415,7.42686598857455],[3.8948862133281072,7.427044828655993],[3.894151002266995,7.427647734155642],[3.893423505590363,7.428179274853675],[3.892572770317145,7.428255470813384],[3.891752085890118,7.427949276837695],[3.890101371281332,7.427288323697211],[3.8885755805986264,7.426793263997981],[3.8865576566105915,7.426836766903305],[3.884868599406389,7.4268885786450465],[3.883844794102003,7.426670540712905],[3.8831685659765753,7.426861389441628],[3.879631082708329,7.427092561972189],[3.8790413828535857,7.4273530344150345],[3.878946442324491,7.428136652384636],[3.878932270807695,7.428651183305534],[3.878825453831666,7.429186868079569],[3.878222445809286,7.431015489273478],[3.878228991075104,7.431315459041228],[3.87826031985793,7.431474436695966],[3.8783208847011115,7.431628957310578],[3.8789736234340353,7.432616480366333],[3.879358907387712,7.43312894374583],[3.87964880384925,7.433555375280378],[3.8797946891735933,7.433819088879886],[3.8798732422563944,7.434011729957431],[3.8799461835695865,7.434253000075954],[3.879979848791038,7.43459900793789],[3.8799910714308217,7.435249875181625],[3.87998545966127,7.43633278393088],[3.879992941121372,7.437621426987332],[3.8799929411213725,7.438592118331655],[3.879968627050573,7.4390840088199734],[3.8786529305883173,7.438976001141612],[3.8774296313724226,7.438968722928281],[3.8771296993761557,7.439102157138905],[3.8770343577494373,7.439319365896042],[3.8769632726369987,7.439628826209403],[3.877010853068441,7.442043194737721],[3.8770547004141354,7.443576744771006],[3.8770092450806715,7.444468991850556],[3.876617968044855,7.4451593753049705],[3.8793371905589424,7.445955179088285],[3.880239126034894,7.448634797258138],[3.880239147618625,7.449478840676021],[3.880321340257694,7.451515441784238],[3.8810425218949254,7.45309257925919],[3.8818126824094175,7.453232942746185],[3.8828322429137088,7.4535894088241985],[3.8842628574449796,7.453649977264659],[3.8846834460842383,7.453898775608082],[3.8858187511344795,7.454220028731412],[3.88777636928404,7.454821227317833],[3.890964189845534,7.455956104290805],[3.8917128223889113,7.456918401363171],[3.892008695744778,7.457035347403404],[3.892772415314766,7.45710818709318],[3.8939434180543344,7.4577253558405205],[3.8955756003337583,7.458437299641729],[3.8972138206613636,7.459373139558806],[3.8987473050441395,7.460417640062074],[3.898843750139008,7.461112140612842],[3.901048174633616,7.462001690625582],[3.9023756809929178,7.462947093933279],[3.903505805048894,7.46415222774317],[3.9045855760635386,7.464566245036222],[3.905867546150375,7.464584429327998],[3.9075538082616963,7.457392734387213],[3.9072577514441496,7.456219935701538],[3.9071323499780424,7.4544174542022],[3.906840557745567,7.450223287774576],[3.9067499276670787,7.4415903941813895],[3.906950418926727,7.439902873918526],[3.9086197342134033,7.438549647847993],[3.9097874409376905,7.436675493978897],[3.9110578367498183,7.43475277132336],[3.912380477776879,7.433019704895513],[3.9126782496015835,7.432477275206112],[3.912773353807268,7.4320189627049995],[3.9128101117972856,7.431322063662379],[3.9127521639812244,7.43075244836683],[3.9123562887118064,7.430034863118464],[3.911819575113327,7.429551474820756],[3.911179234434144,7.428874924738008],[3.909553576736243,7.426421263030932]]]}},{"type":"Feature","properties":{"name":"Agbowo","label":"Agbowo","lga":"Ibadan North","people":47401,"walk":12.23,"walk_clinic":10.9,"walk_school":13.56,"f15":80.04,"f15_health":82.66,"f15_school":73.48,"beyond":9463,"clinics":12,"schools":8,"off_pct":0.0,"hexes":40,"gini":0.21,"share":4.15,"rank":50.0,"of":59,"reading":"About half the people here can walk to clinics and schools in 15 minutes. Schools are the weaker of the two services. That is 5 points below the city as a whole."},"geometry":{"type":"Polygon","coordinates":[[[3.9071323499780424,7.4544174542022],[3.909355421015903,7.45184678799893],[3.910686489589863,7.451532508218747],[3.9118881493186555,7.451107305158074],[3.913274678183882,7.451255202265828],[3.914291466977658,7.451236714902507],[3.9148553221155,7.451218228438563],[3.9151141407050996,7.45154175055137],[3.915983033290388,7.451541750551371],[3.91626958157599,7.451236714902507],[3.9168149511491492,7.4509316783543245],[3.917351075691613,7.450940921586324],[3.9178872002341336,7.451107305158075],[3.918672901033631,7.451144279884657],[3.9193014605939993,7.451199741075242],[3.919708176291351,7.451236714902505],[3.919976238112951,7.451550994682691],[3.920919079252144,7.451486290260161],[3.9207342083171284,7.449175406719687],[3.9206972335904884,7.448195592652554],[3.9207711821443922,7.447188047990095],[3.92113167988316,7.445524213171949],[3.921704779152265,7.443980543067652],[3.922952655041058,7.44199318433806],[3.9250047190925557,7.439950362619186],[3.926418980351684,7.439109202427802],[3.9290071680464385,7.4381663621879275],[3.9314659477952887,7.437297469602583],[3.932353326844635,7.436539500297727],[3.9330558349588496,7.435448763849421],[3.9333516282750907,7.434478193014229],[3.929977738881576,7.434958857265484],[3.9290164121777034,7.4350697787473345],[3.9256425227842446,7.434820204289056],[3.9227770282373053,7.434515166841548],[3.9218434321287527,7.434108452043462],[3.92087286129356,7.433479891583774],[3.920040943434856,7.4332857774167564],[3.919079615831663,7.433415187161186],[3.9179703920200377,7.433433673625189],[3.916278825707309,7.432647973725068],[3.9154931258071324,7.4322042842003935],[3.9142360057870738,7.431594211104025],[3.9133809789490783,7.431155144094649],[3.9129650200197266,7.430910190353076],[3.9127521639812244,7.43075244836683],[3.9128101117972856,7.431322063662379],[3.912773353807268,7.4320189627049995],[3.9126782496015835,7.432477275206112],[3.912380477776879,7.433019704895513],[3.9110578367498183,7.43475277132336],[3.9097874409376905,7.436675493978897],[3.9086197342134033,7.438549647847993],[3.906950418926727,7.439902873918526],[3.9067499276670787,7.4415903941813895],[3.906840557745567,7.450223287774576],[3.9071323499780424,7.4544174542022]]]}},{"type":"Feature","properties":{"name":"Kobomoje","label":"Kobomoje","lga":"Ibadan South East","people":1622,"walk":6.84,"walk_clinic":4.98,"walk_school":8.71,"f15":100.0,"f15_health":100.0,"f15_school":100.0,"beyond":0,"clinics":1,"schools":1,"off_pct":0.0,"hexes":1,"gini":0.0,"share":0.14,"rank":1.0,"of":59,"reading":"Most people here already finish inside 15 minutes. Clinics and schools are about even. That is 15 points above the city as a whole."},"geometry":{"type":"Polygon","coordinates":[[[3.8978759672021965,7.368469818227595],[3.898126263816096,7.369157975859934],[3.8983139856019875,7.369733198428434],[3.8987946210749547,7.370062181224741],[3.8993784087865597,7.370459773299956],[3.9000282930713293,7.37092396017266],[3.900532901772067,7.371246605446514],[3.9012726939797058,7.371776896086942],[3.901732099157072,7.372083328382926],[3.9020206781118527,7.372350177918404],[3.9023222666593256,7.372739420687761],[3.902481877436741,7.372959613395494],[3.90267160740882,7.37315571506423],[3.9030256291295014,7.37267525765708],[3.902986061657487,7.3725678390346125],[3.902826562396002,7.372349863155708],[3.902568824791501,7.372180913818168],[3.9024428090884267,7.371747203170912],[3.902344015863662,7.371383618958873],[3.902097910090504,7.370955786280548],[3.9018472618416813,7.370542744751902],[3.9016249917000323,7.370291779042418],[3.901437805910064,7.370048436885895],[3.9013086200968132,7.369897616082142],[3.9011612661795425,7.3697617761850465],[3.900896670345105,7.369229758846361],[3.9005194946789743,7.368760697648101],[3.9001016462739813,7.368375079146633],[3.8997381645846767,7.368076479945614],[3.8994920938851014,7.367836968001711],[3.8993494488180436,7.367409906941702],[3.8991680717491586,7.3674752031182065],[3.8989373596714367,7.367524537227667],[3.898684883100941,7.367595636729278],[3.8984280529123785,7.367660932905775],[3.898230714675776,7.367685600410197],[3.898121490214636,7.367692179850282],[3.898013061653501,7.3677044636900755],[3.897709260773809,7.367729685176869],[3.8978759672021965,7.368469818227595]]]}},{"type":"Feature","properties":{"name":"Adesola","label":"Adesola","lga":"Ibadan South East","people":14758,"walk":6.9,"walk_clinic":8.21,"walk_school":5.59,"f15":100.0,"f15_health":100.0,"f15_school":100.0,"beyond":0,"clinics":4,"schools":15,"off_pct":0.0,"hexes":11,"gini":0.17,"share":1.29,"rank":1.0,"of":59,"reading":"Most people here already finish inside 15 minutes. Clinics and schools are about even. That is 15 points above the city as a whole."},"geometry":{"type":"Polygon","coordinates":[[[3.914006336023647,7.3658223751025975],[3.9140739488536846,7.366397086856122],[3.9150981327726417,7.366419590591703],[3.9161697999963394,7.366554055425354],[3.917730648950339,7.366788925068876],[3.9194562249248865,7.367045504346606],[3.9202116959131104,7.367154312421634],[3.9208921337649945,7.367195079589295],[3.921140933007678,7.367093615378107],[3.9214967560704976,7.36686844492283],[3.9217469438664234,7.366668295405532],[3.9221277860685295,7.366420885615409],[3.9224252323386404,7.366265213868587],[3.9232008157650853,7.36592606963245],[3.9238040468193285,7.365642523283894],[3.9241209517205675,7.3654534920850665],[3.9244072787729465,7.365245002255111],[3.9246741462948753,7.364992033755413],[3.925032749162085,7.364719606624588],[3.9254247105819786,7.3644749784375545],[3.9260974394453005,7.364146954318526],[3.925614996335071,7.363093652150384],[3.924768281031391,7.360825563748787],[3.9242387710025355,7.359488207115134],[3.923509721196751,7.358216780679927],[3.9229746731426753,7.357470245355613],[3.9222896676341175,7.356380911849669],[3.921991159264621,7.356935333998534],[3.920435023657491,7.3576496070437525],[3.9201649428578658,7.357929107342502],[3.9197158259246967,7.358337339296838],[3.91925740370624,7.358778068253287],[3.9182766147740153,7.359369297854871],[3.9178862946168356,7.359688935795817],[3.917587062293137,7.359518385665013],[3.9168659004409965,7.360317366753122],[3.9160880300386225,7.3608157197696755],[3.9161667144223884,7.361738372927617],[3.916376242969306,7.362499822608755],[3.9149481060703115,7.362503194167118],[3.9142250268635626,7.362397728872111],[3.913935226629463,7.362169439568049],[3.913595772127224,7.362512940120156],[3.9133470691119787,7.362843878042613],[3.913162523731558,7.363164852376085],[3.9129723935611764,7.363508048058007],[3.913268428794992,7.363832986603086],[3.9134415033227588,7.364296721116829],[3.913738703178637,7.364866185326265],[3.913989518701384,7.365498031009394],[3.9139000271645727,7.365574998587361],[3.914006336023647,7.3658223751025975]]]}},{"type":"Feature","properties":{"name":"Bere","label":"Bere","lga":"Ibadan North West","people":2487,"walk":6.14,"walk_clinic":5.9,"walk_school":6.38,"f15":100.0,"f15_health":100.0,"f15_school":100.0,"beyond":0,"clinics":1,"schools":1,"off_pct":0.0,"hexes":1,"gini":0.0,"share":0.22,"rank":1.0,"of":59,"reading":"Most people here already finish inside 15 minutes. Clinics and schools are about even. That is 15 points above the city as a whole."},"geometry":{"type":"Polygon","coordinates":[[[3.89340569811452,7.3818801227694735],[3.8935451928564366,7.381885446756028],[3.8937464494391643,7.381918457271014],[3.893927473074484,7.3819429494076285],[3.894134052744392,7.3819493381914745],[3.8943651245509154,7.381893966033771],[3.8945408250990563,7.38178535131294],[3.8948357883410267,7.38155534430376],[3.8951726006350778,7.3812763674104644],[3.895273439817459,7.381182647261424],[3.8954853452725042,7.381021855674133],[3.8956163207366776,7.380902592980307],[3.8956780816781693,7.380806755827164],[3.895717481876318,7.380700271600289],[3.8957441027082496,7.380596980866015],[3.8958133181301946,7.380481978260717],[3.8958878566393196,7.3803914659933945],[3.896024157888632,7.380257295238037],[3.896126382926297,7.3801422908341],[3.896171107110945,7.380051778566782],[3.896260553681657,7.379969785577203],[3.8964287997493443,7.379881403803778],[3.8965565817209145,7.379826031646075],[3.8966928820709086,7.379810058787258],[3.8969165002963,7.379772789083003],[3.8972231763086147,7.379707833749591],[3.8974744801631687,7.379659915173023],[3.8978162962851006,7.379586440561809],[3.8980878321877417,7.379516161241894],[3.8984094162615857,7.379444816225317],[3.898669814960044,7.379458916695683],[3.8984022387723485,7.379374765333182],[3.898058028655157,7.3793139819547395],[3.897622535551648,7.379209433068922],[3.897198283973694,7.37909827056876],[3.8964854399511646,7.378852072165445],[3.896026303671021,7.378681030105497],[3.895636863950188,7.3785164577683435],[3.895020895797757,7.378272478891858],[3.894527096048705,7.378119056349419],[3.8939996760442455,7.377976598341376],[3.8935198175855708,7.377845290128107],[3.8935144036668703,7.378028126796664],[3.8935264950517303,7.378227487608512],[3.8936236766913908,7.378480206096695],[3.893704258644675,7.378735468766933],[3.893793536142823,7.378990085723897],[3.8939494381161235,7.379389901822549],[3.8939933771926567,7.3796095936078805],[3.894017343225869,7.379861241003536],[3.893983391120627,7.380078935394577],[3.89385956436746,7.380492354638476],[3.8937075843376197,7.38094580810264],[3.893633061116929,7.381116023685593],[3.8936349658810054,7.3811357539119635],[3.8935995002167947,7.3812848731984095],[3.893462135069513,7.381709747107207],[3.89340569811452,7.3818801227694735]]]}},{"type":"Feature","properties":{"name":"Agbaje\u2013Idikan","label":"Agbaje\u2013Idikan","lga":"Ibadan North West","people":2209,"walk":2.55,"walk_clinic":3.19,"walk_school":1.92,"f15":100.0,"f15_health":100.0,"f15_school":100.0,"beyond":0,"clinics":1,"schools":6,"off_pct":0.0,"hexes":1,"gini":0.0,"share":0.19,"rank":1.0,"of":59,"reading":"Most people here already finish inside 15 minutes. Clinics and schools are about even. That is 15 points above the city as a whole."},"geometry":{"type":"Polygon","coordinates":[[[3.8914530199409687,7.380266782186311],[3.8920900502157,7.380484685220095],[3.892788502387531,7.3807161401377925],[3.8937075843376197,7.38094580810264],[3.89385956436746,7.380492354638476],[3.893983391120627,7.380078935394577],[3.894017343225869,7.379861241003536],[3.8939933771926567,7.3796095936078805],[3.8939494381161235,7.379389901822549],[3.893793536142823,7.378990085723897],[3.893704258644675,7.378735468766933],[3.8936236766913908,7.378480206096695],[3.8935264950517303,7.378227487608512],[3.8935144036668703,7.378028126796664],[3.8935198175855708,7.377845290128107],[3.893193494983848,7.377716491922628],[3.8928754011788556,7.37755413461565],[3.892519970220519,7.377363514314764],[3.892289213176696,7.377243584323993],[3.892164666066549,7.377181401600468],[3.8920735728371487,7.377082984292313],[3.8918089419291855,7.377231006405851],[3.8915987496825997,7.377265675270735],[3.8915455439916964,7.377298982562025],[3.891482453852233,7.377321255171865],[3.8914132744031353,7.3773616419262575],[3.8913558643816946,7.377431923944186],[3.8910796547023656,7.377544975020613],[3.8906294855623282,7.377970372334854],[3.8902476451127654,7.3783779190058],[3.889841122769666,7.37873811277376],[3.8893192201059605,7.379097742666715],[3.889078443715278,7.379333221151286],[3.889011526061153,7.379429039418705],[3.8890916934269626,7.3795105063048805],[3.890334257919733,7.379936086181487],[3.8914530199409687,7.380266782186311]]]}},{"type":"Feature","properties":{"name":"Apata\u2013Odo Ona","label":"Apata","lga":"Ibadan South West","people":15355,"walk":12.63,"walk_clinic":11.73,"walk_school":13.53,"f15":68.86,"f15_health":85.25,"f15_school":68.86,"beyond":4781,"clinics":6,"schools":8,"off_pct":0.0,"hexes":21,"gini":0.22,"share":1.34,"rank":53.0,"of":59,"reading":"About half the people here can walk to clinics and schools in 15 minutes. Schools are the weaker of the two services. That is 16 points below the city as a whole."},"geometry":{"type":"Polygon","coordinates":[[[3.844045833848213,7.367479890384683],[3.844662695027409,7.3676188410367445],[3.84483255897544,7.367615316593629],[3.8448361391765506,7.3678760471419205],[3.846210246605665,7.367884828122385],[3.8461456788800206,7.36857033185538],[3.84615282669165,7.369517704678401],[3.8461290908848587,7.369907487040962],[3.8461360894090713,7.370220607595002],[3.8455964790942962,7.370208173568413],[3.8452928760654004,7.370192712423774],[3.8452600912802386,7.37078733786541],[3.845280481608995,7.370895508321098],[3.8452181262156264,7.371844349736987],[3.844314103413183,7.371882865901568],[3.8432743971957284,7.371876686659791],[3.842010567333887,7.371890528125448],[3.8419679520594063,7.371238873075582],[3.8408266503296886,7.371278442346293],[3.839894710772342,7.371315858640004],[3.8397002395744266,7.371241142065116],[3.839657516381351,7.371329755863599],[3.8394059166498096,7.371358239191408],[3.8391733070025675,7.371361403905722],[3.8390433162960567,7.371364708014937],[3.839068869632683,7.371552872267275],[3.839102099582306,7.371945303133259],[3.8391084290108215,7.372049739603825],[3.8389596847417238,7.372223801587214],[3.838554595018593,7.372584586209712],[3.838377368320949,7.373135254588361],[3.838361700332257,7.373213597229778],[3.8383096062034388,7.373474063377386],[3.8383140731360195,7.373483378555134],[3.838371038892376,7.373673265009247],[3.838301414278873,7.373818843664765],[3.8383457202788236,7.3739897418331575],[3.8384406626065584,7.374179628287265],[3.838472310648683,7.374318876614893],[3.838431169363048,7.374613201338208],[3.838502125872481,7.37500477784829],[3.8385166184472155,7.375084750960526],[3.838649538245647,7.375385403313771],[3.8386938451448605,7.375752515566203],[3.8386811862877726,7.3762715377013715],[3.838703339287746,7.376591179239595],[3.8387254922876655,7.376822206979341],[3.838706504002004,7.377015258147709],[3.838763469758362,7.377309581072382],[3.838852082657525,7.377493138097919],[3.8391559006243487,7.377534280282873],[3.839326797893477,7.377543774425703],[3.839576813918882,7.377512126383576],[3.8397255581880354,7.377499466627116],[3.8398141719865184,7.377518455812152],[3.8399629162556166,7.377534280282875],[3.8402667333231184,7.377543774425703],[3.8405357394328803,7.377502632240749],[3.841956717728408,7.377499466627114],[3.8432447780241423,7.37744883119865],[3.844586639361978,7.377420347870781],[3.8452876348165432,7.377418765963341],[3.84566265930431,7.377414018442267],[3.8459659313826933,7.377384669966603],[3.846055090170296,7.377376040971568],[3.8465393004483985,7.377417183156522],[3.8466088863910386,7.377422666323013],[3.8468387890789018,7.377412155946272],[3.8470852222052936,7.377469402291127],[3.84733942457484,7.377474139020363],[3.8474808177855375,7.377558015190287],[3.847433346172011,7.377852339014284],[3.847329066183534,7.3781569528811115],[3.8472371311887055,7.378346041636576],[3.847142187961652,7.378513775090711],[3.847142187961652,7.378637200746256],[3.8471706703901987,7.378808098015384],[3.8472165600962285,7.37898690662047],[3.8473225793736097,7.379134068982125],[3.8474238520291806,7.379257494637725],[3.847539366348712,7.379398326671492],[3.84760424344114,7.379477446327145],[3.8476311439621895,7.379657837739044],[3.8476501331471695,7.379812911436775],[3.8476580435839196,7.379937918999812],[3.8476976038613775,7.3800565980336055],[3.8478162828951663,7.380111980983204],[3.8480030037356983,7.380170530445696],[3.848107441105583,7.380248066395211],[3.8481897245761734,7.380352503765096],[3.848237197089021,7.3803920631432325],[3.8482878334168054,7.380441116664259],[3.848324228080684,7.380472764706382],[3.848374864408526,7.3805075765634465],[3.848422335122734,7.3805170716055954],[3.848487213114424,7.380502829941689],[3.848561585249001,7.3804870063702905],[3.848653362862478,7.380420545571779],[3.848764129660878,7.380406304807196],[3.8488511606526,7.380415798950026],[3.8489745872074645,7.380420545571781],[3.849121748669802,7.380450610807091],[3.8492467571321636,7.380471181899565],[3.849327458695314,7.3804806769417155],[3.8494556318719333,7.380498083319934],[3.84959171638468,7.380479094134955],[3.849757867031997,7.380482258849215],[3.8499050275950144,7.3804996652274335],[3.8499873119649233,7.380543972126644],[3.850030036956696,7.380600937883004],[3.8500363663852677,7.380661068353674],[3.8500268722423816,7.380724364437924],[3.849998388914571,7.380793989051426],[3.849961994250691,7.380839877858136],[3.8499477525867865,7.3808841838580275],[3.849998388914571,7.380922162228046],[3.850105990998714,7.380945897135519],[3.850204098940083,7.3809284907573],[3.850333854024199,7.380901591135568],[3.850412972780532,7.380885766664846],[3.8505047512932715,7.380901591135568],[3.8505933650917545,7.380966468227998],[3.850666155318834,7.3810376756482565],[3.8509683895795788,7.380819306765658],[3.8513054365966473,7.380551884362037],[3.851582354042477,7.380289207680847],[3.8518244587318122,7.380031280319372],[3.852114035034731,7.37971796820972],[3.852492225136132,7.3793128775872665],[3.852825118184684,7.379047895044381],[3.8528878198170555,7.378997983570116],[3.8529242153802556,7.379050202704717],[3.8530302346576373,7.379172045553504],[3.8530693048046483,7.379223857295244],[3.8531031525884596,7.379248247808449],[3.8531520784057425,7.379304966251254],[3.853416336095108,7.379585048411287],[3.8536188814063053,7.379816076151031],[3.853732812919019,7.379992512344642],[3.853817469700515,7.380091410790043],[3.853933775423456,7.380180815092613],[3.8540089389613854,7.38022828670614],[3.8541165410455847,7.380294746605329],[3.8542296811548913,7.380364372118151],[3.8543048437935568,7.380405514303106],[3.854391874785222,7.380397602067716],[3.8544827530766383,7.380399567086385],[3.854549593389095,7.380468447960538],[3.8546155011045475,7.380201954556583],[3.8546164678757573,7.38020136729932],[3.8546441642968152,7.380084563351943],[3.8548842167332396,7.379556898731948],[3.8552080608034207,7.379108498558426],[3.8556156983058822,7.378737095640473],[3.855903308690812,7.3784925142181805],[3.8563449153855918,7.378247931896565],[3.856677819226036,7.378116582314474],[3.8571126306434285,7.378005614967209],[3.8576538831202356,7.377935410291],[3.8580954889157515,7.377967115889761],[3.8581069822514564,7.3779685521070615],[3.8583491301083095,7.377998820589142],[3.8583661147044954,7.37792182333351],[3.8583978203031966,7.377785943866285],[3.858399699886263,7.377775382228151],[3.858421599277449,7.377652328891938],[3.858434053988447,7.377592316232438],[3.858539361002783,7.377541360645349],[3.8586783916944674,7.377545248414547],[3.858769410280104,7.377531403351608],[3.858808233113507,7.377436143563216],[3.858822442401845,7.377347733910824],[3.8588202651431516,7.377300755125815],[3.8588088536457112,7.377054462293643],[3.8587409143617597,7.3767713808945805],[3.8586673129461815,7.376624178063423],[3.858583521312482,7.376493960727772],[3.8584680240800817,7.37634789104237],[3.85841977185504,7.376285646265614],[3.858354792239935,7.376201821357031],[3.8582959109276094,7.3760727362678145],[3.8582598103420196,7.375931772033709],[3.8582483529791616,7.375887035258529],[3.858221177265591,7.375676423028551],[3.8583072342914875,7.375420517343059],[3.8584204661316326,7.375138568190436],[3.8585212432608387,7.374840766688066],[3.858323086641178,7.37475584280793],[3.857738807000374,7.3745327749676335],[3.8574625199793777,7.374410484256483],[3.857311921308167,7.374324427230588],[3.8571171614278796,7.374154577671674],[3.856955237594207,7.374002846754024],[3.856668760355035,7.373702780758777],[3.8564502223998716,7.373496698413931],[3.8562056391789388,7.373313260998261],[3.8558795297165602,7.373116236625095],[3.8556983576930857,7.372993945913947],[3.8555873903458178,7.3729305347164305],[3.855383571594587,7.372735775735522],[3.8551774892497974,7.37245722422159],[3.854987258355323,7.372203583028977],[3.8549012013294264,7.372081292317828],[3.8547811751112135,7.371854826838843],[3.8546702068646255,7.371564951961032],[3.8546181199303646,7.371376985559493],[3.854529799310854,7.371236578005719],[3.854416565672011,7.37112108077332],[3.854274263246679,7.371003890117494],[3.8541719842497173,7.3708900863084645],[3.8540587524095713,7.370772324583187],[3.85399760570499,7.370607004909401],[3.8539862832404306,7.3704937730691995],[3.854131220679335,7.370412245029115],[3.8542671001466147,7.370283159939902],[3.8542738936253613,7.370228809412083],[3.854138015057402,7.369968373841401],[3.8540157234469348,7.369705674677221],[3.8539228729422916,7.369461093254927],[3.853841344902208,7.36928671471014],[3.8537258476698075,7.369050059013032],[3.853608086843793,7.369076101580846],[3.8531574212780124,7.369440711020046],[3.8527429911961235,7.369757761611482],[3.8524072167197123,7.369991380298016],[3.852288927991708,7.370073679956419],[3.8519696129073395,7.3702707052289025],[3.851582357639757,7.370517551144136],[3.851281159398013,7.370123502397745],[3.850993549013139,7.369743040608908],[3.8507376442269674,7.369369374097403],[3.8505519423183046,7.369104410440229],[3.850486266627967,7.369007030050454],[3.8502462150908063,7.368579012111754],[3.8501201616161893,7.368358692599658],[3.8499217387972626,7.368198366861179],[3.849852166344476,7.368076258712391],[3.8498159308605855,7.367843000654036],[3.850008426247939,7.367616536074307],[3.850142041222284,7.367503303334841],[3.8503277422315705,7.36737421824563],[3.8505474133324924,7.367213427557658],[3.8507014087430775,7.367059432147129],[3.850791994754786,7.3668873189946],[3.8508825807665525,7.3666925591143695],[3.850880316273617,7.366402684236561],[3.8508327592244873,7.366230570184713],[3.8508440816890475,7.366019957954734],[3.8510026078840833,7.365865961644887],[3.8511226341023534,7.365736876555672],[3.8513196575761985,7.365655349414908],[3.851593681003634,7.365523999832758],[3.851903938116323,7.3655036175979385],[3.8520216998416004,7.36542888393592],[3.852035287698414,7.365249977304642],[3.851951496064714,7.365037099682466],[3.851919791365333,7.364840076208621],[3.851883555881443,7.3646090808444455],[3.851883555881444,7.36435091066602],[3.8518722334168847,7.3641810629058],[3.8508599349381147,7.364124446086351],[3.8503866226445775,7.364131239565096],[3.849616641994487,7.364142563828292],[3.8491388007151386,7.3641402993354195],[3.8485522565814,7.364201444241302],[3.8479770358115952,7.364217296590994],[3.8472636710815773,7.364269384424574],[3.8464483978752924,7.364303353616946],[3.845569714370868,7.36434864707246],[3.8448699365983434,7.364378087278966],[3.844557610145614,7.364382508346123],[3.8443982826546517,7.364429014987081],[3.8442041945679652,7.364410695797006],[3.844196684329574,7.3644959209500485],[3.8443450922522397,7.3652027161325],[3.8442203311034295,7.366083262132918],[3.844045833848213,7.367479890384683]]]}},{"type":"Feature","properties":{"name":"Yemetu","label":"Yemetu","lga":"Ibadan North","people":19581,"walk":6.72,"walk_clinic":6.03,"walk_school":7.4,"f15":100.0,"f15_health":100.0,"f15_school":100.0,"beyond":0,"clinics":15,"schools":9,"off_pct":0.0,"hexes":17,"gini":0.13,"share":1.71,"rank":1.0,"of":59,"reading":"Most people here already finish inside 15 minutes. Clinics and schools are about even. That is 15 points above the city as a whole."},"geometry":{"type":"Polygon","coordinates":[[[3.899829124714358,7.385969757398413],[3.8997961393803844,7.385711332711877],[3.8993199357664707,7.385617183586191],[3.8989007770492776,7.385430282881317],[3.8987171435813366,7.38533031873925],[3.898493975017004,7.385179468257888],[3.898288818973868,7.385062803705464],[3.8980014720903005,7.384959691036953],[3.897831835670728,7.384918384276032],[3.89783009818052,7.3855173849194085],[3.8977714605844658,7.3859312978911476],[3.897718357416294,7.386351301971046],[3.8977135289562175,7.386730270885322],[3.8977304263181622,7.387058550411837],[3.8976749075710018,7.387239585738317],[3.8975855967979096,7.38755338168329],[3.897353871184237,7.388118214384123],[3.897194558981767,7.38852856334256],[3.8970473156811067,7.389187534377243],[3.8969652471485006,7.389525468125896],[3.8969062390317504,7.389916903442386],[3.896887170706407,7.390153470106611],[3.8968756000289773,7.390324219886906],[3.896910198746696,7.3906998550143586],[3.8968402215990077,7.390970487098344],[3.896666291815961,7.391256288047316],[3.896546887029274,7.391505467703212],[3.8964536471181646,7.391821461591235],[3.8964221816383997,7.3921554733964285],[3.8963384187830457,7.392657710584902],[3.8961616138674344,7.393230788270329],[3.8960817909419347,7.393793092077601],[3.8960716214082254,7.3942473207573025],[3.896039493128171,7.3945854739405386],[3.8960382340773094,7.394792073395537],[3.896033514435203,7.394802066662124],[3.8959611001247367,7.396202079062733],[3.8959514450032198,7.397008293398073],[3.8960333219802687,7.397405637260418],[3.8961155838671293,7.397804851712578],[3.896236274684384,7.39866417011541],[3.8962557261208977,7.3992204808405395],[3.896260413387439,7.3993545211942555],[3.896315931235279,7.400052112714889],[3.896385930866075,7.4006217729764785],[3.8964390349335645,7.4008293607864175],[3.89646563058443,7.400933327810888],[3.8965114276603,7.4012381970851475],[3.8969490323719933,7.4013497013277165],[3.8977592118181974,7.401330731927772],[3.8986269271910032,7.401033130074951],[3.899058388633762,7.4005605363397535],[3.8995997688143116,7.399961875640088],[3.900433898105973,7.399620039733122],[3.90188504865614,7.399425573931124],[3.9050222850504497,7.398976778055896],[3.908941083564229,7.398415986908333],[3.9089418452899745,7.398357328627866],[3.9089425944252403,7.398299683883353],[3.9088001786853406,7.3979907163985095],[3.9087687986411765,7.3977831276892525],[3.9087519030779276,7.397524848692852],[3.9086239709195643,7.397058982785894],[3.9085660392913164,7.396771739324379],[3.9085660392913155,7.39667760099053],[3.9083354090519147,7.395860048002874],[3.9081002327395704,7.3949755198044596],[3.9077398977781286,7.394209158925605],[3.907653564660335,7.393839095098202],[3.907442307616464,7.392869208647083],[3.907153443576589,7.3922662959528225],[3.906901714342667,7.391928420660118],[3.9069053853752966,7.391568425642391],[3.9070071112892037,7.39121737887899],[3.907303937027108,7.390501959198105],[3.907595331759183,7.389620631686852],[3.908078697573898,7.38903674594911],[3.9070904811408136,7.388105526748689],[3.905727580163727,7.3868031528432985],[3.904698654119613,7.3858623333800315],[3.9045961853657323,7.385774187229003],[3.9044606611306563,7.3856706159062355],[3.9042932199561737,7.385503145953463],[3.9027781770712413,7.384053292225701],[3.9022979597830836,7.384429518207753],[3.902280194575382,7.384548515601582],[3.9017718986542604,7.38483540113293],[3.901553135868596,7.385105719353533],[3.901363634324297,7.385331449187106],[3.901323237677333,7.3855942796523095],[3.9011323313920343,7.385762006811208],[3.9010445467684463,7.3858247102422165],[3.9009525829953313,7.386117322656387],[3.9007921196606503,7.386343605572957],[3.900620956192199,7.386288710055965],[3.900296294638337,7.386161911043414],[3.900030019769645,7.386053239665328],[3.899829124714358,7.385969757398413]]]}},{"type":"Feature","properties":{"name":"Ago Tapa","label":"Ago Tapa","lga":"Ibadan North","people":8992,"walk":6.54,"walk_clinic":5.99,"walk_school":7.1,"f15":100.0,"f15_health":100.0,"f15_school":100.0,"beyond":0,"clinics":4,"schools":3,"off_pct":0.0,"hexes":10,"gini":0.08,"share":0.79,"rank":1.0,"of":59,"reading":"Most people here already finish inside 15 minutes. Clinics and schools are about even. That is 15 points above the city as a whole."},"geometry":{"type":"Polygon","coordinates":[[[3.893079674087744,7.40981221206397],[3.893092797894383,7.409730187598145],[3.8931519274195807,7.409566805963381],[3.8932328403233782,7.409431432814416],[3.8933402049865435,7.409310063009057],[3.8934600180654115,7.409260271144659],[3.8935845004244247,7.409296058766129],[3.893624956426663,7.409387864258577],[3.8936840850525414,7.40959792700278],[3.893788338061427,7.409759752810372],[3.8938979816066417,7.409836829206368],[3.8939454963875733,7.409870230027138],[3.894115102230216,7.409962034620264],[3.894318939867219,7.409974483036023],[3.894600579653058,7.409895125959335],[3.8948013056357813,7.4097379676331325],[3.8948743072035663,7.409644688151902],[3.894981959649783,7.409519363128141],[3.8953784167805456,7.40892070962309],[3.8960977008482582,7.407990196390473],[3.896376952934076,7.4072658293545715],[3.896545709816678,7.406406811325323],[3.8967276561564286,7.40549781886932],[3.8970866025646833,7.405099313982191],[3.8982572140992042,7.4044568769833194],[3.8984859566616024,7.404168978815393],[3.8974247521506418,7.4029117167024205],[3.897123465775393,7.40222990198845],[3.8969490323719933,7.4013497013277165],[3.8965114276603,7.4012381970851475],[3.8959437917725945,7.401115650966574],[3.8950359306637092,7.400948649560576],[3.894167092037719,7.400756063341705],[3.89371802276861,7.4006401740048755],[3.8929828386870895,7.400578908589806],[3.8921659691841914,7.400694631552028],[3.8912537967253797,7.4007763187721585],[3.8904573481281663,7.400885234765836],[3.890307589423742,7.40113710429398],[3.8902667449144133,7.402001625274862],[3.890219094335805,7.4032269308781915],[3.8901306001471316,7.403669401821505],[3.889987648411307,7.404152717274143],[3.889613248952344,7.405119347280107],[3.8895887757014975,7.405357959901947],[3.889456587051882,7.405739382166815],[3.8893542855718697,7.40617729534597],[3.8893311855857737,7.406663449958274],[3.8893425170435876,7.407008838187379],[3.8892984268809414,7.407326144186239],[3.889519475743271,7.407953628157485],[3.889931412005126,7.408789271008117],[3.890785368649915,7.4100152699887785],[3.891599783902961,7.410869434376935],[3.8925191761191513,7.411555254671327],[3.892666524640447,7.411410810960206],[3.8928096031806945,7.411300211435673],[3.892918523670972,7.411099483654313],[3.8929729848154575,7.4107244843474955],[3.8930118849905284,7.410287242961943],[3.8930398925770078,7.409938695414495],[3.893079674087744,7.40981221206397]]]}},{"type":"Feature","properties":{"name":"Afonta","label":"Afonta","lga":"Ibadan North West","people":37082,"walk":11.87,"walk_clinic":12.58,"walk_school":11.15,"f15":73.63,"f15_health":67.63,"f15_school":87.73,"beyond":9777,"clinics":17,"schools":20,"off_pct":0.2,"hexes":84,"gini":0.26,"share":3.25,"rank":52.0,"of":59,"reading":"About half the people here can walk to clinics and schools in 15 minutes. Clinics are the weaker of the two services. That is 12 points below the city as a whole."},"geometry":{"type":"Polygon","coordinates":[[[3.8531101142404514,7.385086054777672],[3.8525471674178675,7.385739476095978],[3.851447587935866,7.3870694277119915],[3.850276746174927,7.38811012318371],[3.848038670848041,7.388935761975857],[3.846466510221318,7.389632389423297],[3.845414780068097,7.390294061122065],[3.849562179051361,7.395881425787191],[3.849225760660375,7.400295676104631],[3.8486586373862792,7.4039342971301485],[3.8491259314166655,7.406717370610239],[3.8544592780732505,7.407451760590335],[3.8568676813983984,7.407153042678829],[3.8591709575736672,7.40775026985909],[3.8610685288895183,7.407153156892722],[3.8627561058096944,7.406250697112058],[3.8632147249796267,7.404954991679574],[3.8633300864144076,7.404772263828988],[3.863655965650366,7.404682388281628],[3.863902066027549,7.40462916730229],[3.86422076957291,7.404552239294447],[3.864215274715207,7.404301305061211],[3.8642042849998006,7.403977105758883],[3.8641859694070035,7.403581473306418],[3.8641665206684475,7.403221945936082],[3.8642956210460957,7.403197311706606],[3.864609076147986,7.403108911946789],[3.864942433246768,7.40304297275503],[3.8653893522368894,7.40294589633612],[3.865730035213006,7.402878126124677],[3.8660615612920424,7.402784712644407],[3.8665103113018517,7.402685805205804],[3.8669883666198643,7.402583233029812],[3.867274101918326,7.402519125757123],[3.867570826932138,7.402453186565367],[3.867977449100068,7.402315815122791],[3.8682943216256835,7.402237054296675],[3.8687229241236882,7.402145472735413],[3.8690892503686314,7.402059386031908],[3.8697028470088526,7.4019549828362265],[3.8702047145759484,7.401832264047814],[3.870732225411927,7.401715039217719],[3.871085730022457,7.401628951614896],[3.8714264138979493,7.401552023607052],[3.8714931723720833,7.401545681588007],[3.8717927410422135,7.401517223441146],[3.8720326846607236,7.401535539033943],[3.872102286791175,7.401334059419355],[3.8721700570025632,7.400991543624911],[3.872163342664181,7.400860137385508],[3.872157236267469,7.400740610290994],[3.8722195107218917,7.400570267903617],[3.8726700926507074,7.400526309041991],[3.873034200268194,7.400527813607763],[3.8731133478028137,7.400528140961001],[3.873318928325943,7.4005178149452595],[3.8733166593364103,7.400731451595277],[3.8733111635793875,7.401026344690078],[3.873344133624926,7.401416483184222],[3.8733880933858695,7.401737018648532],[3.8734467049015397,7.401956814755238],[3.8735089811545995,7.402136314939013],[3.873638111209914,7.402411059622748],[3.87386523319401,7.4027297640674306],[3.874159210778999,7.403016413976389],[3.874456851302682,7.403204157346011],[3.8747911239112787,7.4033625927095255],[3.8752343790633863,7.4034743226819195],[3.875731667282649,7.403569567181817],[3.876336106126416,7.403699612747006],[3.876736465415604,7.4038278182992485],[3.876825152059155,7.4038562179900955],[3.8770953776495958,7.403986190710157],[3.8771621729959516,7.404018318090948],[3.8772003438208458,7.404042129440768],[3.878385271662977,7.40494106837565],[3.879200005276062,7.4059265877418765],[3.8797236652150104,7.406976584901542],[3.880503196665245,7.409805248613394],[3.881447735724465,7.4113802412052205],[3.882486540821276,7.412026469745855],[3.883553186230585,7.4124994456929],[3.884118677235222,7.4127617869269775],[3.8843806956126627,7.41272976296824],[3.884680562857739,7.412543437829413],[3.8850270095888972,7.412255216804852],[3.885507378862485,7.41173409025612],[3.885807245208241,7.411282834735061],[3.8861362253065863,7.410974235072954],[3.886575833707809,7.410648166080023],[3.887085315834724,7.410325009091933],[3.8873764488640736,7.409972739250577],[3.8875511277823875,7.409547686376698],[3.887451148351886,7.408541481704048],[3.887267728922608,7.407378094423563],[3.887255154601746,7.4065512325533955],[3.887306326026192,7.405966464580728],[3.8874257290142396,7.40568327166568],[3.887356125984467,7.40554589932384],[3.887313999041851,7.405316945420733],[3.8872883557730233,7.405027547183576],[3.8871986061308235,7.404714337596658],[3.8870652222822173,7.404536053296284],[3.8868286160478656,7.404274746282566],[3.886530060014308,7.404007328375542],[3.8860465089392733,7.403617189881458],[3.8856966672674393,7.403375414343942],[3.885635044821527,7.403358151857275],[3.885134356265553,7.403217893590976],[3.8847936723901175,7.403177597668049],[3.884721959550858,7.403174325035138],[3.884352248257699,7.403157450156243],[3.88390349824789,7.4031043325988986],[3.8836727124257777,7.4031263120297135],[3.8836673947345166,7.402056572053197],[3.8836197486525066,7.401615851190627],[3.883600740581756,7.40144002743534],[3.8832739926007203,7.40077972270609],[3.8830085100347556,7.4004631856275855],[3.8826409184436557,7.399915201725207],[3.882419683421688,7.39952378439517],[3.882307362594758,7.399190229445592],[3.882290344723686,7.398945167785314],[3.8823277852990836,7.398778390310499],[3.8823584171072985,7.398577576194212],[3.882605528322529,7.398704324844743],[3.882901379195345,7.398810925983466],[3.8845886422520834,7.399353977104398],[3.885718079226024,7.399487685608279],[3.886159962912019,7.398489288849646],[3.886781884576351,7.396080284777383],[3.8861584070848485,7.39527491580475],[3.884546275190473,7.394134931581902],[3.8835452775925314,7.393395062032538],[3.8815342397134605,7.391819476787477],[3.880110917784691,7.390815861263037],[3.879593333665469,7.39044706458043],[3.879295152649206,7.3903169731498215],[3.8791113573033726,7.390211461090129],[3.8788560847405615,7.390065105420318],[3.878741076739345,7.389999758881803],[3.878725045424573,7.389973207297713],[3.878581052273774,7.38983521262503],[3.8782349230033333,7.389503505782214],[3.8777385422000057,7.3890248533143685],[3.8774639539983013,7.388708042841925],[3.876376459605979,7.38827567218459],[3.875217371084829,7.38737729982256],[3.874405043158277,7.3867034800815645],[3.8741548427718158,7.386373474756111],[3.8739627547773807,7.385918865663144],[3.873777053768038,7.385257587867444],[3.873564177045182,7.384428725905022],[3.8733014769816236,7.383939562161116],[3.8727307860969518,7.38344133864689],[3.8723593831790595,7.383239785287912],[3.87182945496545,7.383815006057713],[3.8714037006203617,7.3842973772222535],[3.8711387369631893,7.384655191384014],[3.8709666238107157,7.385080944829781],[3.870887068883178,7.3854510482273685],[3.870855655564127,7.385690135691279],[3.8708579209563254,7.386052479738225],[3.870871508813138,7.3862291227758305],[3.8700652926791577,7.386496350925883],[3.869690493921212,7.386675257557157],[3.8696055700410734,7.386739801001056],[3.8688480441019797,7.386987780062044],[3.8682354574004885,7.387182539942331],[3.8678731133535402,7.387300301667665],[3.8678844358180973,7.387393152172306],[3.867913876923922,7.387508649404708],[3.8679070834451745,7.387766818683757],[3.867782527341831,7.387984226191121],[3.8675470029918406,7.388024988862181],[3.8666184970460336,7.387852875709712],[3.8659300444360265,7.387694351313314],[3.8654997602058074,7.3874610923555775],[3.865019655332901,7.387341065238045],[3.8639892391121293,7.387184805334526],[3.8635408389386043,7.387125924022201],[3.8631332023354608,7.386985514669787],[3.862684801262617,7.386854165987018],[3.8624085142415656,7.386718287419059],[3.8619238785841503,7.386740933247495],[3.8617427065607335,7.386713756634605],[3.8613305409717213,7.386582407951834],[3.8608074943704196,7.386478663059905],[3.8604114032636985,7.386276880373771],[3.86019368728887,7.386079656351114],[3.8598132263993534,7.385821486172688],[3.8594916459227875,7.385549728137503],[3.8591428897325954,7.385232676646751],[3.858821309256086,7.3849880952244575],[3.8584175046641462,7.384729993394503],[3.8583819670541857,7.384707278318274],[3.8579562127090985,7.38459857456462],[3.8573130526552855,7.384566869865182],[3.856967312791312,7.3845481810537885],[3.8566427168879045,7.3845306352806706],[3.8564734545863075,7.384486266328167],[3.85600907256071,7.384428046017545],[3.8558652646702853,7.384245195859136],[3.8556981319632655,7.384157343786456],[3.855473433652094,7.384068729987971],[3.8551601224417595,7.384021259273767],[3.8548531397606203,7.383999105374473],[3.8545904639787523,7.383961127903775],[3.8542834821969905,7.383837702248231],[3.8541885389699364,7.383771242348983],[3.854137902642151,7.383647815794118],[3.8538053756176396,7.384237407730212],[3.8531101142404514,7.385086054777672]]]}}]}