{"type":"FeatureCollection","features":[{"type":"Feature","properties":{"name":"Junior Secondary School Wuse2","kind":"school","ownership":"Public","level":"Formal","kind_detail":"Secondary","lga":"Municipal Area Council","ward":"Wuse"},"geometry":{"type":"Point","coordinates":[7.46168,9.05841]}},{"type":"Feature","properties":{"name":"Esty Foundation Nursery and Primary School","kind":"school","ownership":"Private","level":"Formal","kind_detail":"Primary","lga":"Bwari","ward":"Usuma"},"geometry":{"type":"Point","coordinates":[7.34909,9.15212]}},{"type":"Feature","properties":{"name":"Ideal Nursery and Primary and Junior Secondary School","kind":"school","ownership":"Private","level":"Formal","kind_detail":"Mixed","lga":"Bwari","ward":"Usuma"},"geometry":{"type":"Point","coordinates":[7.33818,9.15381]}},{"type":"Feature","properties":{"name":"Methodist Nursery and Primary and Junior Secondary School","kind":"school","ownership":"Private","level":"Integrated","kind_detail":"Mixed","lga":"Bwari","ward":"Usuma"},"geometry":{"type":"Point","coordinates":[7.345,9.1465]}},{"type":"Feature","properties":{"name":"Sam Mary Victory Nursery and Primary School","kind":"school","ownership":"Private","level":"Integrated","kind_detail":"Primary","lga":"Bwari","ward":"Usuma"},"geometry":{"type":"Point","coordinates":[7.35126,9.1445]}},{"type":"Feature","properties":{"name":"Sunset Nursery and Primary","kind":"school","ownership":"Private","level":"Formal","kind_detail":"Mixed","lga":"Bwari","ward":"Dutse"},"geometry":{"type":"Point","coordinates":[7.38557,9.13149]}},{"type":"Feature","properties":{"name":"Top Hills Nursery and Primary School","kind":"school","ownership":"Private","level":"Formal","kind_detail":"Primary","lga":"Municipal Area Council","ward":"Wuse"},"geometry":{"type":"Point","coordinates":[7.46634,9.06452]}},{"type":"Feature","properties":{"name":"FCT Post Primary Literacy Islamiya Centre","kind":"school","ownership":"Public","level":"Integrated","kind_detail":"Mixed","lga":"Bwari","ward":"Dutse"},"geometry":{"type":"Point","coordinates":[7.36863,9.15598]}},{"type":"Feature","properties":{"name":"Almanar Primary School Kado Estate","kind":"school","ownership":"Public","level":"Formal","kind_detail":"Primary","lga":"Municipal Area Council","ward":"Gwarinpa"},"geometry":{"type":"Point","coordinates":[7.41397,9.07994]}},{"type":"Feature","properties":{"name":"L E A Primary School Dnako","kind":"school","ownership":"Public","level":"Formal","kind_detail":"Primary","lga":"Municipal Area Council","ward":"Kabusa"},"geometry":{"type":"Point","coordinates":[7.4459,8.97584]}},{"type":"Feature","properties":{"name":"Maryland Primary School Jikwoyi","kind":"school","ownership":"Public","level":"Formal","kind_detail":"Primary","lga":"Municipal Area Council","ward":"Karu"},"geometry":{"type":"Point","coordinates":[7.55916,8.97826]}},{"type":"Feature","properties":{"name":"L E A Primary School Damangaza","kind":"school","ownership":"Public","level":"Formal","kind_detail":"Primary","lga":"Municipal Area Council","ward":"Garki 1"},"geometry":{"type":"Point","coordinates":[7.47091,8.98041]}},{"type":"Feature","properties":{"name":"L E A Primary School Chika","kind":"school","ownership":"Public","level":"Formal","kind_detail":"Primary","lga":"Municipal Area Council","ward":"Kabusa"},"geometry":{"type":"Point","coordinates":[7.40757,8.99117]}},{"type":"Feature","properties":{"name":"L E A Primary School Gishiri","kind":"school","ownership":"Public","level":"Formal","kind_detail":"Primary","lga":"Municipal Area Council","ward":"Gwarinpa"},"geometry":{"type":"Point","coordinates":[7.46663,9.09897]}},{"type":"Feature","properties":{"name":"L E A Primary School Piwoyi","kind":"school","ownership":"Public","level":"Formal","kind_detail":"Primary","lga":"Municipal Area Council","ward":"Gwarinpa"},"geometry":{"type":"Point","coordinates":[7.39456,9.00206]}},{"type":"Feature","properties":{"name":"L E A Primary School Lungu","kind":"school","ownership":"Public","level":"Formal","kind_detail":"Primary","lga":"Municipal Area Council","ward":"Gwarinpa"},"geometry":{"type":"Point","coordinates":[7.3816,9.10647]}},{"type":"Feature","properties":{"name":"L E A Primary School Dakwa 1","kind":"school","ownership":"Public","level":"Formal","kind_detail":"Primary","lga":"Bwari","ward":"Kubwa"},"geometry":{"type":"Point","coordinates":[7.23906,9.11307]}},{"type":"Feature","properties":{"name":"L E A Primary School Garki Area 10","kind":"school","ownership":"Public","level":"Formal","kind_detail":"Primary","lga":"Municipal Area Council","ward":"City Center 1"},"geometry":{"type":"Point","coordinates":[7.4839,9.0358]}},{"type":"Feature","properties":{"name":"L E A Primary School Sabon Lugbe","kind":"school","ownership":"Public","level":"Formal","kind_detail":"Primary","lga":"Municipal Area Council","ward":"Kabusa"},"geometry":{"type":"Point","coordinates":[7.33652,8.94592]}},{"type":"Feature","properties":{"name":"Model Primary SchoolMaitama","kind":"school","ownership":"Public","level":"Formal","kind_detail":"Primary","lga":"Municipal Area Council","ward":"Wuse"},"geometry":{"type":"Point","coordinates":[7.50154,9.09327]}},{"type":"Feature","properties":{"name":"LEA Primary School Kudu","kind":"school","ownership":"Private","level":"Formal","kind_detail":"Primary","lga":"Municipal Area Council","ward":"City Center 1"},"geometry":{"type":"Point","coordinates":[7.58255,9.07383]}},{"type":"Feature","properties":{"name":"LEA Primary School Dawaki","kind":"school","ownership":"Public","level":"Formal","kind_detail":"Primary","lga":"Bwari","ward":"Dutse"},"geometry":{"type":"Point","coordinates":[7.38719,9.12544]}},{"type":"Feature","properties":{"name":"FCT Basic Literacy Centre LEA Primary School Kubwa 2","kind":"school","ownership":"Public","level":"Formal","kind_detail":"Primary","lga":"Bwari","ward":"Kubwa"},"geometry":{"type":"Point","coordinates":[7.32369,9.15063]}},{"type":"Feature","properties":{"name":"FCT Basic Literacy Primary School Baba Chukuri","kind":"school","ownership":"Private","level":"Integrated","kind_detail":"Primary","lga":"Bwari","ward":"Kubwa"},"geometry":{"type":"Point","coordinates":[7.2338,9.1121]}},{"type":"Feature","properties":{"name":"LEA Primary School Dakwa 1","kind":"school","ownership":"Public","level":"Formal","kind_detail":"Primary","lga":"Bwari","ward":"Kubwa"},"geometry":{"type":"Point","coordinates":[7.24238,9.10816]}},{"type":"Feature","properties":{"name":"LEA Primary School Jibi Dei dei","kind":"school","ownership":"Public","level":"Formal","kind_detail":"Primary","lga":"Bwari","ward":"Kubwa"},"geometry":{"type":"Point","coordinates":[7.25499,9.12651]}},{"type":"Feature","properties":{"name":"LEA Primary School Sagari Quarters","kind":"school","ownership":"Public","level":"Formal","kind_detail":"Primary","lga":"Bwari","ward":"Kubwa"},"geometry":{"type":"Point","coordinates":[7.25134,9.1126]}},{"type":"Feature","properties":{"name":"LEA Primary School","kind":"school","ownership":"Public","level":"Formal","kind_detail":"Primary","lga":"Municipal Area Council","ward":"Kabusa"},"geometry":{"type":"Point","coordinates":[7.45876,8.8836]}},{"type":"Feature","properties":{"name":"LEA Primary School Shereti","kind":"school","ownership":"Public","level":"Formal","kind_detail":"Primary","lga":"Municipal Area Council","ward":"Kabusa"},"geometry":{"type":"Point","coordinates":[7.43859,8.94179]}},{"type":"Feature","properties":{"name":"LEA Primary School Waru","kind":"school","ownership":"Public","level":"Formal","kind_detail":"Primary","lga":"Municipal Area Council","ward":"Kabusa"},"geometry":{"type":"Point","coordinates":[7.48233,8.93057]}},{"type":"Feature","properties":{"name":"Nomadic Primary School Wasa","kind":"school","ownership":"Public","level":"Formal","kind_detail":"Primary","lga":"Municipal Area Council","ward":"Kabusa"},"geometry":{"type":"Point","coordinates":[7.48231,8.87599]}},{"type":"Feature","properties":{"name":"LEA Primary School Kubwa 1","kind":"school","ownership":"Public","level":"Formal","kind_detail":"Primary","lga":"Bwari","ward":"Usuma"},"geometry":{"type":"Point","coordinates":[7.33952,9.14806]}},{"type":"Feature","properties":{"name":"Faith Foundation Anointed Primary School","kind":"school","ownership":"Private","level":"Formal","kind_detail":"Primary","lga":"Bwari","ward":"Usuma"},"geometry":{"type":"Point","coordinates":[7.3588,9.15518]}},{"type":"Feature","properties":{"name":"FCT Basic Literacy Centre LEA Primary School Kubwa 1","kind":"school","ownership":"Public","level":"Formal","kind_detail":"Primary","lga":"Bwari","ward":"Usuma"},"geometry":{"type":"Point","coordinates":[7.3393,9.1477]}},{"type":"Feature","properties":{"name":"Madarasatun Azeem Primary School","kind":"school","ownership":"Private","level":"Integrated","kind_detail":"Primary","lga":"Bwari","ward":"Usuma"},"geometry":{"type":"Point","coordinates":[7.32599,9.14823]}},{"type":"Feature","properties":{"name":"LEA Primary School","kind":"school","ownership":"Public","level":"Formal","kind_detail":"Primary","lga":"Municipal Area Council","ward":"Gwarinpa"},"geometry":{"type":"Point","coordinates":[7.45536,9.08071]}},{"type":"Feature","properties":{"name":"LEA Primary School Galadima","kind":"school","ownership":"Public","level":"Formal","kind_detail":"Primary","lga":"Municipal Area Council","ward":"Gwarinpa"},"geometry":{"type":"Point","coordinates":[7.38551,9.11701]}},{"type":"Feature","properties":{"name":"LEA Primary School Gwarimpa Estate","kind":"school","ownership":"Public","level":"Formal","kind_detail":"Primary","lga":"Municipal Area Council","ward":"Gwarinpa"},"geometry":{"type":"Point","coordinates":[7.40669,9.10147]}},{"type":"Feature","properties":{"name":"LEA Primary School Karonmajigi Airport Road","kind":"school","ownership":"Public","level":"Formal","kind_detail":"Primary","lga":"Municipal Area Council","ward":"Gwarinpa"},"geometry":{"type":"Point","coordinates":[7.42268,9.02561]}},{"type":"Feature","properties":{"name":"LEA Primary School Kuchingoro","kind":"school","ownership":"Public","level":"Formal","kind_detail":"Primary","lga":"Municipal Area Council","ward":"Gwarinpa"},"geometry":{"type":"Point","coordinates":[7.41973,9.01412]}},{"type":"Feature","properties":{"name":"LEA Primary School Wuye","kind":"school","ownership":"Public","level":"Formal","kind_detail":"Primary","lga":"Municipal Area Council","ward":"Gwarinpa"},"geometry":{"type":"Point","coordinates":[7.4441,9.04779]}},{"type":"Feature","properties":{"name":"Ambassadors Nursery and Primary School","kind":"school","ownership":"Private","level":"Formal","kind_detail":"Primary","lga":"Bwari","ward":"Dutse"},"geometry":{"type":"Point","coordinates":[7.37323,9.13818]}},{"type":"Feature","properties":{"name":"Dorcas International Nursery and Primary School","kind":"school","ownership":"Private","level":"Formal","kind_detail":"Primary","lga":"Bwari","ward":"Dutse"},"geometry":{"type":"Point","coordinates":[7.37543,9.14]}},{"type":"Feature","properties":{"name":"LEA Primary School Bmuko","kind":"school","ownership":"Public","level":"Formal","kind_detail":"Primary","lga":"Bwari","ward":"Dutse"},"geometry":{"type":"Point","coordinates":[7.37619,9.18606]}},{"type":"Feature","properties":{"name":"LEA Primary School Dutse Sagwari","kind":"school","ownership":"Public","level":"Formal","kind_detail":"Primary","lga":"Bwari","ward":"Dutse"},"geometry":{"type":"Point","coordinates":[7.3776,9.16414]}},{"type":"Feature","properties":{"name":"LEA Primary School Jikoko","kind":"school","ownership":"Public","level":"Formal","kind_detail":"Primary","lga":"Bwari","ward":"Dutse"},"geometry":{"type":"Point","coordinates":[7.4687,9.14117]}},{"type":"Feature","properties":{"name":"LEA Primary School Katampe","kind":"school","ownership":"Public","level":"Formal","kind_detail":"Primary","lga":"Bwari","ward":"Dutse"},"geometry":{"type":"Point","coordinates":[7.51065,9.12649]}},{"type":"Feature","properties":{"name":"LEA Primary School Zhigakuchi","kind":"school","ownership":"Public","level":"Formal","kind_detail":"Primary","lga":"Bwari","ward":"Dutse"},"geometry":{"type":"Point","coordinates":[7.55488,9.10933]}},{"type":"Feature","properties":{"name":"Loving Hands Daycare Nursery and Primary School","kind":"school","ownership":"Private","level":"Formal","kind_detail":"Primary","lga":"Bwari","ward":"Dutse"},"geometry":{"type":"Point","coordinates":[7.38379,9.1358]}},{"type":"Feature","properties":{"name":"Nomadic Primary School Dutse Alhaji","kind":"school","ownership":"Public","level":"Formal","kind_detail":"Primary","lga":"Bwari","ward":"Dutse"},"geometry":{"type":"Point","coordinates":[7.36886,9.15573]}},{"type":"Feature","properties":{"name":"Nomadic Primary School Mpape","kind":"school","ownership":"Public","level":"Formal","kind_detail":"Primary","lga":"Bwari","ward":"Dutse"},"geometry":{"type":"Point","coordinates":[7.48483,9.15406]}},{"type":"Feature","properties":{"name":"St Aloysious Primary School","kind":"school","ownership":"Private","level":"Formal","kind_detail":"Primary","lga":"Municipal Area Council","ward":"City Center 1"},"geometry":{"type":"Point","coordinates":[7.4813,9.0286]}},{"type":"Feature","properties":{"name":"LEA Model Primary School Asokoro","kind":"school","ownership":"Public","level":"Formal","kind_detail":"Primary","lga":"Municipal Area Council","ward":"City Center 1"},"geometry":{"type":"Point","coordinates":[7.5295,9.04367]}},{"type":"Feature","properties":{"name":"LEA Primary School Area 1","kind":"school","ownership":"Public","level":"Formal","kind_detail":"Primary","lga":"Municipal Area Council","ward":"City Center 1"},"geometry":{"type":"Point","coordinates":[7.47034,9.03323]}},{"type":"Feature","properties":{"name":"LEA Primary School Citygate","kind":"school","ownership":"Public","level":"Formal","kind_detail":"Primary","lga":"Municipal Area Council","ward":"City Center 1"},"geometry":{"type":"Point","coordinates":[7.45433,9.01932]}},{"type":"Feature","properties":{"name":"Nomadic Primary School Kugbo","kind":"school","ownership":"Public","level":"Formal","kind_detail":"Primary","lga":"Municipal Area Council","ward":"City Center 1"},"geometry":{"type":"Point","coordinates":[7.54736,9.03741]}},{"type":"Feature","properties":{"name":"LEA Nomadic Primary School Kurunfuma","kind":"school","ownership":"Public","level":"Formal","kind_detail":"Primary","lga":"Municipal Area Council","ward":"Garki 1"},"geometry":{"type":"Point","coordinates":[7.52881,9.0152]}},{"type":"Feature","properties":{"name":"LEA Primary School Durumi 1","kind":"school","ownership":"Public","level":"Formal","kind_detail":"Primary","lga":"Municipal Area Council","ward":"Garki 1"},"geometry":{"type":"Point","coordinates":[7.4673,9.0096]}},{"type":"Feature","properties":{"name":"LEA Primary School Durumi 2","kind":"school","ownership":"Public","level":"Formal","kind_detail":"Primary","lga":"Municipal Area Council","ward":"Garki 1"},"geometry":{"type":"Point","coordinates":[7.46246,8.99002]}},{"type":"Feature","properties":{"name":"LEA Primary School Dutsengarki","kind":"school","ownership":"Public","level":"Formal","kind_detail":"Primary","lga":"Municipal Area Council","ward":"Garki 1"},"geometry":{"type":"Point","coordinates":[7.4864,8.98031]}},{"type":"Feature","properties":{"name":"LEA Primary School Garki 2","kind":"school","ownership":"Public","level":"Formal","kind_detail":"Primary","lga":"Municipal Area Council","ward":"Garki 1"},"geometry":{"type":"Point","coordinates":[7.48611,9.0223]}},{"type":"Feature","properties":{"name":"LEA Primary School Kobin Madaki","kind":"school","ownership":"Public","level":"Formal","kind_detail":"Primary","lga":"Municipal Area Council","ward":"Garki 1"},"geometry":{"type":"Point","coordinates":[7.52378,8.99713]}},{"type":"Feature","properties":{"name":"LEA Primary School Wuse 3","kind":"school","ownership":"Public","level":"Formal","kind_detail":"Primary","lga":"Municipal Area Council","ward":"Wuse"},"geometry":{"type":"Point","coordinates":[7.47317,9.06214]}},{"type":"Feature","properties":{"name":"LEA Primary School Wuse Zone 6","kind":"school","ownership":"Public","level":"Formal","kind_detail":"Primary","lga":"Municipal Area Council","ward":"Wuse"},"geometry":{"type":"Point","coordinates":[7.45544,9.07081]}},{"type":"Feature","properties":{"name":"China Assisted Model Primary School","kind":"school","ownership":"Public","level":"Formal","kind_detail":"Primary","lga":"Municipal Area Council","ward":"Nyanya 1"},"geometry":{"type":"Point","coordinates":[7.5727,9.01732]}},{"type":"Feature","properties":{"name":"LEA Nursery and Primary School Gbagalape","kind":"school","ownership":"Public","level":"Formal","kind_detail":"Primary","lga":"Municipal Area Council","ward":"Nyanya 1"},"geometry":{"type":"Point","coordinates":[7.57888,9.05276]}},{"type":"Feature","properties":{"name":"LEA Phase 1 Primary School Nyanya","kind":"school","ownership":"Public","level":"Formal","kind_detail":"Primary","lga":"Municipal Area Council","ward":"Nyanya 1"},"geometry":{"type":"Point","coordinates":[7.57187,9.02969]}},{"type":"Feature","properties":{"name":"LEA Primary School","kind":"school","ownership":"Public","level":"Integrated","kind_detail":"Primary","lga":"Municipal Area Council","ward":"Nyanya 1"},"geometry":{"type":"Point","coordinates":[7.57457,9.01462]}},{"type":"Feature","properties":{"name":"LEA Primary School Jikwoyi 2","kind":"school","ownership":"Public","level":"Formal","kind_detail":"Primary","lga":"Municipal Area Council","ward":"Karu"},"geometry":{"type":"Point","coordinates":[7.57755,8.96659]}},{"type":"Feature","properties":{"name":"Local Education Authority Primary School Jibi Dei Dei","kind":"school","ownership":"Public","level":"Formal","kind_detail":"Primary","lga":"Bwari","ward":"Kubwa"},"geometry":{"type":"Point","coordinates":[7.25612,9.14235]}},{"type":"Feature","properties":{"name":"Daupe Primary School","kind":"school","ownership":"Public","level":"Formal","kind_detail":"Primary","lga":"Bwari","ward":"Kubwa"},"geometry":{"type":"Point","coordinates":[7.24323,9.14372]}},{"type":"Feature","properties":{"name":"Old Dakwa Primary School","kind":"school","ownership":"Public","level":"Formal","kind_detail":"Primary","lga":"Bwari","ward":"Kubwa"},"geometry":{"type":"Point","coordinates":[7.23162,9.11177]}},{"type":"Feature","properties":{"name":"Redeemed Christian Nursery and Primary School","kind":"school","ownership":"Faith Based","level":"Formal","kind_detail":"Primary","lga":"Bwari","ward":"Kubwa"},"geometry":{"type":"Point","coordinates":[7.27248,9.13947]}},{"type":"Feature","properties":{"name":"St Luke Catholic Nursery and Primary School","kind":"school","ownership":"Faith Based","level":"Formal","kind_detail":"Primary","lga":"Bwari","ward":"Kubwa"},"geometry":{"type":"Point","coordinates":[7.3215,9.14854]}},{"type":"Feature","properties":{"name":"Al Ilmu International Nursery and Primary School","kind":"school","ownership":"Faith Based","level":"Formal","kind_detail":"Primary","lga":"Bwari","ward":"Usuma"},"geometry":{"type":"Point","coordinates":[7.35038,9.16097]}},{"type":"Feature","properties":{"name":"St Bartholomew Nursery and Primary School","kind":"school","ownership":"Faith Based","level":"Formal","kind_detail":"Primary","lga":"Bwari","ward":"Usuma"},"geometry":{"type":"Point","coordinates":[7.33162,9.14672]}},{"type":"Feature","properties":{"name":"Brilliant Precious Kiddies Nursery and Primary School","kind":"school","ownership":"Faith Based","level":"Formal","kind_detail":"Primary","lga":"Bwari","ward":"Dutse"},"geometry":{"type":"Point","coordinates":[7.50353,9.14444]}},{"type":"Feature","properties":{"name":"Victory Land Baptist Nursery and Primary School","kind":"school","ownership":"Faith Based","level":"Formal","kind_detail":"Primary","lga":"Bwari","ward":"Dutse"},"geometry":{"type":"Point","coordinates":[7.49728,9.14068]}},{"type":"Feature","properties":{"name":"Holy Rosary Nursery and Primary School","kind":"school","ownership":"Faith Based","level":"Formal","kind_detail":"Primary","lga":"Municipal Area Council","ward":"Wuse"},"geometry":{"type":"Point","coordinates":[7.46324,9.06079]}},{"type":"Feature","properties":{"name":"LEA Primary School Dutse Alhaji","kind":"school","ownership":"Public","level":"Integrated","kind_detail":"Primary","lga":"Bwari","ward":"Dutse"},"geometry":{"type":"Point","coordinates":[7.37777,9.14869]}},{"type":"Feature","properties":{"name":"LEA Primary School Kugbo","kind":"school","ownership":"Public","level":"Formal","kind_detail":"Primary","lga":"Municipal Area Council","ward":"Nyanya 1"},"geometry":{"type":"Point","coordinates":[7.54765,9.02523]}},{"type":"Feature","properties":{"name":"LEA Primary School Phase 2 Nyanya","kind":"school","ownership":"Public","level":"Formal","kind_detail":"Primary","lga":"Municipal Area Council","ward":"Nyanya 1"},"geometry":{"type":"Point","coordinates":[7.57487,9.02702]}},{"type":"Feature","properties":{"name":"LEA Primary School Gbanzango","kind":"school","ownership":"Public","level":"Formal","kind_detail":"Primary","lga":"Bwari","ward":"Kubwa"},"geometry":{"type":"Point","coordinates":[7.31056,9.14563]}},{"type":"Feature","properties":{"name":"LEA Primary School Jibi Mopol Baracks","kind":"school","ownership":"Public","level":"Formal","kind_detail":"Primary","lga":"Bwari","ward":"Kubwa"},"geometry":{"type":"Point","coordinates":[7.28011,9.13925]}},{"type":"Feature","properties":{"name":"LEA Primary School Rafin Dei Dei","kind":"school","ownership":"Public","level":"Formal","kind_detail":"Primary","lga":"Bwari","ward":"Kubwa"},"geometry":{"type":"Point","coordinates":[7.26005,9.1152]}},{"type":"Feature","properties":{"name":"LEA Primary School Runji Dakwa","kind":"school","ownership":"Public","level":"Formal","kind_detail":"Primary","lga":"Bwari","ward":"Kubwa"},"geometry":{"type":"Point","coordinates":[7.22251,9.09733]}},{"type":"Feature","properties":{"name":"Nomadic Primary School Dakwa","kind":"school","ownership":"Public","level":"Formal","kind_detail":"Primary","lga":"Bwari","ward":"Kubwa"},"geometry":{"type":"Point","coordinates":[7.23152,9.10648]}},{"type":"Feature","properties":{"name":"LEA Primary School FHA Lugbe","kind":"school","ownership":"Public","level":"Formal","kind_detail":"Primary","lga":"Municipal Area Council","ward":"Kabusa"},"geometry":{"type":"Point","coordinates":[7.36115,8.99195]}},{"type":"Feature","properties":{"name":"LEA Primary School Kabusa","kind":"school","ownership":"Public","level":"Formal","kind_detail":"Primary","lga":"Municipal Area Council","ward":"Kabusa"},"geometry":{"type":"Point","coordinates":[7.444,8.95015]}},{"type":"Feature","properties":{"name":"LEA Primary School Ketti","kind":"school","ownership":"Public","level":"Formal","kind_detail":"Primary","lga":"Municipal Area Council","ward":"Kabusa"},"geometry":{"type":"Point","coordinates":[7.39458,8.92772]}},{"type":"Feature","properties":{"name":"LEA Primary School Lugbe","kind":"school","ownership":"Public","level":"Formal","kind_detail":"Primary","lga":"Municipal Area Council","ward":"Kabusa"},"geometry":{"type":"Point","coordinates":[7.36646,8.97562]}},{"type":"Feature","properties":{"name":"LEA Primary School Pyakasa","kind":"school","ownership":"Public","level":"Formal","kind_detail":"Primary","lga":"Municipal Area Council","ward":"Kabusa"},"geometry":{"type":"Point","coordinates":[7.40581,8.96658]}},{"type":"Feature","properties":{"name":"LEA Primary School Kubwa 4","kind":"school","ownership":"Public","level":"Formal","kind_detail":"Primary","lga":"Bwari","ward":"Usuma"},"geometry":{"type":"Point","coordinates":[7.35744,9.13958]}},{"type":"Feature","properties":{"name":"Model Primary School Kubwa 3","kind":"school","ownership":"Public","level":"Formal","kind_detail":"Primary","lga":"Bwari","ward":"Usuma"},"geometry":{"type":"Point","coordinates":[7.34881,9.14767]}},{"type":"Feature","properties":{"name":"LEA Nursery and Primary School Lifecamp","kind":"school","ownership":"Public","level":"Formal","kind_detail":"Primary","lga":"Municipal Area Council","ward":"Gwarinpa"},"geometry":{"type":"Point","coordinates":[7.40027,9.07134]}},{"type":"Feature","properties":{"name":"LEA Primary School Gwarinpa 1","kind":"school","ownership":"Public","level":"Formal","kind_detail":"Primary","lga":"Municipal Area Council","ward":"Gwarinpa"},"geometry":{"type":"Point","coordinates":[7.4062,9.09787]}},{"type":"Feature","properties":{"name":"LEA Primary School Jabi","kind":"school","ownership":"Public","level":"Formal","kind_detail":"Primary","lga":"Municipal Area Council","ward":"Gwarinpa"},"geometry":{"type":"Point","coordinates":[7.41336,9.0646]}},{"type":"Feature","properties":{"name":"LEA Primary School Jahi 1","kind":"school","ownership":"Public","level":"Formal","kind_detail":"Primary","lga":"Municipal Area Council","ward":"Gwarinpa"},"geometry":{"type":"Point","coordinates":[7.43773,9.09423]}},{"type":"Feature","properties":{"name":"LEA Primary School Jahi 2","kind":"school","ownership":"Public","level":"Formal","kind_detail":"Primary","lga":"Municipal Area Council","ward":"Gwarinpa"},"geometry":{"type":"Point","coordinates":[7.44384,9.10775]}},{"type":"Feature","properties":{"name":"LEA Primary School Kado Bmiko","kind":"school","ownership":"Public","level":"Formal","kind_detail":"Primary","lga":"Municipal Area Council","ward":"Gwarinpa"},"geometry":{"type":"Point","coordinates":[7.41934,9.09899]}},{"type":"Feature","properties":{"name":"LEA Primary School Kpadna","kind":"school","ownership":"Public","level":"Formal","kind_detail":"Primary","lga":"Municipal Area Council","ward":"Gwarinpa"},"geometry":{"type":"Point","coordinates":[7.42787,9.06861]}},{"type":"Feature","properties":{"name":"LEA Primary School Piwoyi","kind":"school","ownership":"Public","level":"Formal","kind_detail":"Primary","lga":"Municipal Area Council","ward":"Gwarinpa"},"geometry":{"type":"Point","coordinates":[7.39428,8.99885]}},{"type":"Feature","properties":{"name":"LEA Primary School Utako","kind":"school","ownership":"Public","level":"Formal","kind_detail":"Primary","lga":"Municipal Area Council","ward":"Gwarinpa"},"geometry":{"type":"Point","coordinates":[7.44667,9.07177]}},{"type":"Feature","properties":{"name":"LEA Primary School Baupma","kind":"school","ownership":"Public","level":"Formal","kind_detail":"Primary","lga":"Bwari","ward":"Dutse"},"geometry":{"type":"Point","coordinates":[7.38148,9.17629]}},{"type":"Feature","properties":{"name":"LEA Primary School Mpape","kind":"school","ownership":"Public","level":"Formal","kind_detail":"Primary","lga":"Bwari","ward":"Dutse"},"geometry":{"type":"Point","coordinates":[7.49374,9.13897]}},{"type":"Feature","properties":{"name":"Festival Road Primary School Garki","kind":"school","ownership":"Public","level":"Formal","kind_detail":"Primary","lga":"Municipal Area Council","ward":"City Center 1"},"geometry":{"type":"Point","coordinates":[7.48394,9.03477]}},{"type":"Feature","properties":{"name":"LEA Primary School Apo Settlement","kind":"school","ownership":"Public","level":"Formal","kind_detail":"Primary","lga":"Municipal Area Council","ward":"Garki 1"},"geometry":{"type":"Point","coordinates":[7.50215,8.98549]}},{"type":"Feature","properties":{"name":"LEA Primary School Pigba","kind":"school","ownership":"Public","level":"Formal","kind_detail":"Primary","lga":"Municipal Area Council","ward":"Garki 1"},"geometry":{"type":"Point","coordinates":[7.49416,8.94969]}},{"type":"Feature","properties":{"name":"Modern Primary School Apo Legislative Quarters","kind":"school","ownership":"Public","level":"Formal","kind_detail":"Primary","lga":"Municipal Area Council","ward":"Garki 1"},"geometry":{"type":"Point","coordinates":[7.47898,9.01448]}},{"type":"Feature","properties":{"name":"Nomadic Primary School Dutsen Garki","kind":"school","ownership":"Public","level":"Formal","kind_detail":"Primary","lga":"Municipal Area Council","ward":"Garki 1"},"geometry":{"type":"Point","coordinates":[7.48608,8.97703]}},{"type":"Feature","properties":{"name":"LEA Primary School Wuse 2","kind":"school","ownership":"Public","level":"Formal","kind_detail":"Primary","lga":"Municipal Area Council","ward":"Wuse"},"geometry":{"type":"Point","coordinates":[7.46219,9.05889]}},{"type":"Feature","properties":{"name":"LEA Primary School Anguwan Hausawa Nyanya","kind":"school","ownership":"Public","level":"Formal","kind_detail":"Primary","lga":"Municipal Area Council","ward":"Nyanya 1"},"geometry":{"type":"Point","coordinates":[7.569,9.02029]}},{"type":"Feature","properties":{"name":"LEA Primary School Guduwa","kind":"school","ownership":"Public","level":"Formal","kind_detail":"Primary","lga":"Municipal Area Council","ward":"Nyanya 1"},"geometry":{"type":"Point","coordinates":[7.5759,9.04194]}},{"type":"Feature","properties":{"name":"LEA Primary School Ayenajeyi Karu","kind":"school","ownership":"Public","level":"Formal","kind_detail":"Primary","lga":"Municipal Area Council","ward":"Karu"},"geometry":{"type":"Point","coordinates":[7.57214,9.00677]}},{"type":"Feature","properties":{"name":"LEA Primary School Jikwoyi 1","kind":"school","ownership":"Public","level":"Formal","kind_detail":"Primary","lga":"Municipal Area Council","ward":"Karu"},"geometry":{"type":"Point","coordinates":[7.56538,8.98576]}},{"type":"Feature","properties":{"name":"LEA Primary School Karu Central Abuja","kind":"school","ownership":"Public","level":"Formal","kind_detail":"Primary","lga":"Municipal Area Council","ward":"Karu"},"geometry":{"type":"Point","coordinates":[7.57218,9.00852]}},{"type":"Feature","properties":{"name":"LEA Primary School Karu Site","kind":"school","ownership":"Public","level":"Formal","kind_detail":"Primary","lga":"Municipal Area Council","ward":"Karu"},"geometry":{"type":"Point","coordinates":[7.5608,9.01362]}},{"type":"Feature","properties":{"name":"Nomadic Primary School","kind":"school","ownership":"Public","level":"Formal","kind_detail":"Primary","lga":"Bwari","ward":"Kubwa"},"geometry":{"type":"Point","coordinates":[7.2315,9.10704]}},{"type":"Feature","properties":{"name":"Tale Nursery and Primary School","kind":"school","ownership":"Public","level":"Integrated","kind_detail":"Primary","lga":"Municipal Area Council","ward":"City Center 1"},"geometry":{"type":"Point","coordinates":[7.51826,9.05576]}},{"type":"Feature","properties":{"name":"Alwajud Nursery and Primary School","kind":"school","ownership":"Private","level":"Formal","kind_detail":"Primary","lga":"Bwari","ward":"Usuma"},"geometry":{"type":"Point","coordinates":[7.35396,9.15434]}},{"type":"Feature","properties":{"name":"Baptist Nursery and Primary School","kind":"school","ownership":"Private","level":"Formal","kind_detail":"Primary","lga":"Bwari","ward":"Usuma"},"geometry":{"type":"Point","coordinates":[7.33446,9.14937]}},{"type":"Feature","properties":{"name":"Beida Primary School","kind":"school","ownership":"Private","level":"Formal","kind_detail":"Primary","lga":"Bwari","ward":"Usuma"},"geometry":{"type":"Point","coordinates":[7.33922,9.15044]}},{"type":"Feature","properties":{"name":"Marther Misericordiae Nursery and Primary School Nyanya","kind":"school","ownership":"Private","level":"Formal","kind_detail":"Primary","lga":"Municipal Area Council","ward":"Nyanya 1"},"geometry":{"type":"Point","coordinates":[7.57766,9.02837]}},{"type":"Feature","properties":{"name":"Seed Clev Academy Nursery and Primary School","kind":"school","ownership":"Private","level":"Formal","kind_detail":"Primary","lga":"Municipal Area Council","ward":"Nyanya 1"},"geometry":{"type":"Point","coordinates":[7.58097,9.0524]}},{"type":"Feature","properties":{"name":"Brighter Hope International Nursery and Primary School","kind":"school","ownership":"Private","level":"Formal","kind_detail":"Primary","lga":"Bwari","ward":"Kubwa"},"geometry":{"type":"Point","coordinates":[7.32004,9.15672]}},{"type":"Feature","properties":{"name":"Clemart Play Pen Nursery and Primary School","kind":"school","ownership":"Private","level":"Formal","kind_detail":"Primary","lga":"Bwari","ward":"Kubwa"},"geometry":{"type":"Point","coordinates":[7.32375,9.15245]}},{"type":"Feature","properties":{"name":"Fatridav Primary School","kind":"school","ownership":"Private","level":"Formal","kind_detail":"Primary","lga":"Bwari","ward":"Kubwa"},"geometry":{"type":"Point","coordinates":[7.31846,9.15762]}},{"type":"Feature","properties":{"name":"Living Seed Nursery and Primary School","kind":"school","ownership":"Private","level":"Formal","kind_detail":"Primary","lga":"Bwari","ward":"Kubwa"},"geometry":{"type":"Point","coordinates":[7.32293,9.14354]}},{"type":"Feature","properties":{"name":"Shining Star Nursery and Primary School","kind":"school","ownership":"Private","level":"Formal","kind_detail":"Primary","lga":"Bwari","ward":"Kubwa"},"geometry":{"type":"Point","coordinates":[7.32928,9.15102]}},{"type":"Feature","properties":{"name":"City of Hope Deogratia Nursery and Primary School","kind":"school","ownership":"Private","level":"Formal","kind_detail":"Primary","lga":"Municipal Area Council","ward":"Kabusa"},"geometry":{"type":"Point","coordinates":[7.37213,8.99561]}},{"type":"Feature","properties":{"name":"Delphia Kiddies Land Nursery and Primary School","kind":"school","ownership":"Private","level":"Formal","kind_detail":"Primary","lga":"Municipal Area Council","ward":"Kabusa"},"geometry":{"type":"Point","coordinates":[7.37475,8.98491]}},{"type":"Feature","properties":{"name":"Iqraa Nursery and Primary School Fha Lugbe Abuja","kind":"school","ownership":"Private","level":"Integrated","kind_detail":"Primary","lga":"Municipal Area Council","ward":"Kabusa"},"geometry":{"type":"Point","coordinates":[7.36119,8.98879]}},{"type":"Feature","properties":{"name":"New Foundation Nursery and Primary School","kind":"school","ownership":"Private","level":"Formal","kind_detail":"Primary","lga":"Municipal Area Council","ward":"Kabusa"},"geometry":{"type":"Point","coordinates":[7.36394,8.97592]}},{"type":"Feature","properties":{"name":"Premiere Academy Primary School","kind":"school","ownership":"Private","level":"Formal","kind_detail":"Primary","lga":"Municipal Area Council","ward":"Kabusa"},"geometry":{"type":"Point","coordinates":[7.35469,8.98761]}},{"type":"Feature","properties":{"name":"Winners Nursery and Primary School Chika","kind":"school","ownership":"Private","level":"Formal","kind_detail":"Primary","lga":"Municipal Area Council","ward":"Kabusa"},"geometry":{"type":"Point","coordinates":[7.41016,8.99098]}},{"type":"Feature","properties":{"name":"Day By Day Nursery and Primary School","kind":"school","ownership":"Private","level":"Formal","kind_detail":"Primary","lga":"Bwari","ward":"Usuma"},"geometry":{"type":"Point","coordinates":[7.33708,9.14642]}},{"type":"Feature","properties":{"name":"Day Spring Crech Nursery and Primary School","kind":"school","ownership":"Private","level":"Formal","kind_detail":"Primary","lga":"Bwari","ward":"Usuma"},"geometry":{"type":"Point","coordinates":[7.34399,9.14491]}},{"type":"Feature","properties":{"name":"Delight Nursery and Primary School","kind":"school","ownership":"Private","level":"Formal","kind_detail":"Primary","lga":"Bwari","ward":"Usuma"},"geometry":{"type":"Point","coordinates":[7.3542,9.15864]}},{"type":"Feature","properties":{"name":"Grace of God Nursery and Primary School Kubwa","kind":"school","ownership":"Private","level":"Formal","kind_detail":"Primary","lga":"Bwari","ward":"Usuma"},"geometry":{"type":"Point","coordinates":[7.33382,9.14866]}},{"type":"Feature","properties":{"name":"Holl Montessori Primary School","kind":"school","ownership":"Private","level":"Formal","kind_detail":"Primary","lga":"Bwari","ward":"Usuma"},"geometry":{"type":"Point","coordinates":[7.34578,9.14479]}},{"type":"Feature","properties":{"name":"Kubwa Primary School","kind":"school","ownership":"Private","level":"Integrated","kind_detail":"Primary","lga":"Bwari","ward":"Usuma"},"geometry":{"type":"Point","coordinates":[7.34952,9.14456]}},{"type":"Feature","properties":{"name":"Lakembof Basic Education Primary School","kind":"school","ownership":"Private","level":"Formal","kind_detail":"Primary","lga":"Bwari","ward":"Usuma"},"geometry":{"type":"Point","coordinates":[7.36681,9.13892]}},{"type":"Feature","properties":{"name":"Unity High Primary School","kind":"school","ownership":"Private","level":"Formal","kind_detail":"Primary","lga":"Bwari","ward":"Usuma"},"geometry":{"type":"Point","coordinates":[7.34149,9.15468]}},{"type":"Feature","properties":{"name":"Wisdom Academy Nursery and Primary School","kind":"school","ownership":"Private","level":"Formal","kind_detail":"Primary","lga":"Bwari","ward":"Usuma"},"geometry":{"type":"Point","coordinates":[7.3262,9.1433]}},{"type":"Feature","properties":{"name":"Christabel Nursery and Primary School Wuye","kind":"school","ownership":"Private","level":"Formal","kind_detail":"Primary","lga":"Municipal Area Council","ward":"Gwarinpa"},"geometry":{"type":"Point","coordinates":[7.44704,9.05137]}},{"type":"Feature","properties":{"name":"Anointed Nursery and Primary School","kind":"school","ownership":"Private","level":"Formal","kind_detail":"Primary","lga":"Bwari","ward":"Dutse"},"geometry":{"type":"Point","coordinates":[7.49183,9.13807]}},{"type":"Feature","properties":{"name":"El Shaddai Nursery and Primary School","kind":"school","ownership":"Private","level":"Formal","kind_detail":"Primary","lga":"Bwari","ward":"Dutse"},"geometry":{"type":"Point","coordinates":[7.38331,9.17329]}},{"type":"Feature","properties":{"name":"Godfirst Nursery and Primary School Mpape","kind":"school","ownership":"Private","level":"Formal","kind_detail":"Primary","lga":"Bwari","ward":"Dutse"},"geometry":{"type":"Point","coordinates":[7.49768,9.14197]}},{"type":"Feature","properties":{"name":"Gods Army Nursery and Primary School","kind":"school","ownership":"Private","level":"Formal","kind_detail":"Primary","lga":"Bwari","ward":"Dutse"},"geometry":{"type":"Point","coordinates":[7.48935,9.14768]}},{"type":"Feature","properties":{"name":"Greater Heights Nursery and Primary School","kind":"school","ownership":"Private","level":"Formal","kind_detail":"Primary","lga":"Bwari","ward":"Dutse"},"geometry":{"type":"Point","coordinates":[7.49614,9.14051]}},{"type":"Feature","properties":{"name":"Holiness International Nursery and Primary School","kind":"school","ownership":"Private","level":"Formal","kind_detail":"Primary","lga":"Bwari","ward":"Dutse"},"geometry":{"type":"Point","coordinates":[7.50461,9.14061]}},{"type":"Feature","properties":{"name":"Impact Nursery and Primary School","kind":"school","ownership":"Private","level":"Formal","kind_detail":"Primary","lga":"Bwari","ward":"Dutse"},"geometry":{"type":"Point","coordinates":[7.48937,9.14791]}},{"type":"Feature","properties":{"name":"Jumol Nursery and Primary School","kind":"school","ownership":"Private","level":"Formal","kind_detail":"Primary","lga":"Bwari","ward":"Dutse"},"geometry":{"type":"Point","coordinates":[7.38055,9.14317]}},{"type":"Feature","properties":{"name":"Lizmike Nursery and Primary School Mpape","kind":"school","ownership":"Private","level":"Formal","kind_detail":"Primary","lga":"Bwari","ward":"Dutse"},"geometry":{"type":"Point","coordinates":[7.50437,9.1422]}},{"type":"Feature","properties":{"name":"Oviajul Gods Wisdom Nursery and Primary School","kind":"school","ownership":"Private","level":"Formal","kind_detail":"Primary","lga":"Bwari","ward":"Dutse"},"geometry":{"type":"Point","coordinates":[7.38131,9.17033]}},{"type":"Feature","properties":{"name":"Pinky and The Brain Nursery and Primary School","kind":"school","ownership":"Private","level":"Formal","kind_detail":"Primary","lga":"Bwari","ward":"Dutse"},"geometry":{"type":"Point","coordinates":[7.37443,9.14642]}},{"type":"Feature","properties":{"name":"Praise Garden Nursery and Primary School","kind":"school","ownership":"Private","level":"Formal","kind_detail":"Primary","lga":"Bwari","ward":"Dutse"},"geometry":{"type":"Point","coordinates":[7.50498,9.14099]}},{"type":"Feature","properties":{"name":"St Theresa Nursery and Primary School","kind":"school","ownership":"Private","level":"Formal","kind_detail":"Primary","lga":"Bwari","ward":"Dutse"},"geometry":{"type":"Point","coordinates":[7.49797,9.14519]}},{"type":"Feature","properties":{"name":"Steady Flow International Nursery and Primary School","kind":"school","ownership":"Private","level":"Formal","kind_detail":"Primary","lga":"Bwari","ward":"Dutse"},"geometry":{"type":"Point","coordinates":[7.37899,9.14148]}},{"type":"Feature","properties":{"name":"Sure Start Nursery Primary School","kind":"school","ownership":"Private","level":"Formal","kind_detail":"Primary","lga":"Bwari","ward":"Dutse"},"geometry":{"type":"Point","coordinates":[7.36221,9.15579]}},{"type":"Feature","properties":{"name":"Wymet Nursery and Primary School","kind":"school","ownership":"Private","level":"Formal","kind_detail":"Primary","lga":"Bwari","ward":"Dutse"},"geometry":{"type":"Point","coordinates":[7.49961,9.14253]}},{"type":"Feature","properties":{"name":"Aces Nursery and Primary School","kind":"school","ownership":"Private","level":"Formal","kind_detail":"Primary","lga":"Municipal Area Council","ward":"City Center 1"},"geometry":{"type":"Point","coordinates":[7.47954,9.03674]}},{"type":"Feature","properties":{"name":"Baptist Nursery and Primary School","kind":"school","ownership":"Private","level":"Formal","kind_detail":"Primary","lga":"Municipal Area Council","ward":"City Center 1"},"geometry":{"type":"Point","coordinates":[7.50148,9.03845]}},{"type":"Feature","properties":{"name":"Geo Gracias Primary School","kind":"school","ownership":"Private","level":"Formal","kind_detail":"Primary","lga":"Municipal Area Council","ward":"City Center 1"},"geometry":{"type":"Point","coordinates":[7.448,9.01961]}},{"type":"Feature","properties":{"name":"Handmaids International Nursery and Primary School","kind":"school","ownership":"Private","level":"Formal","kind_detail":"Primary","lga":"Municipal Area Council","ward":"City Center 1"},"geometry":{"type":"Point","coordinates":[7.48218,9.0286]}},{"type":"Feature","properties":{"name":"Islamic Youth League Nursery and Primary School","kind":"school","ownership":"Private","level":"Integrated","kind_detail":"Primary","lga":"Municipal Area Council","ward":"City Center 1"},"geometry":{"type":"Point","coordinates":[7.46934,9.03389]}},{"type":"Feature","properties":{"name":"Kings Nursery and Primary School","kind":"school","ownership":"Private","level":"Formal","kind_detail":"Primary","lga":"Municipal Area Council","ward":"City Center 1"},"geometry":{"type":"Point","coordinates":[7.46205,9.02542]}},{"type":"Feature","properties":{"name":"Mandona Nursery and Primary School","kind":"school","ownership":"Private","level":"Formal","kind_detail":"Primary","lga":"Municipal Area Council","ward":"City Center 1"},"geometry":{"type":"Point","coordinates":[7.48493,9.03111]}},{"type":"Feature","properties":{"name":"Start Rite Primary School","kind":"school","ownership":"Private","level":"Formal","kind_detail":"Primary","lga":"Municipal Area Council","ward":"Garki 1"},"geometry":{"type":"Point","coordinates":[7.48317,9.00118]}},{"type":"Feature","properties":{"name":"Sunlight Nursery and Primary School Durumi 2","kind":"school","ownership":"Private","level":"Formal","kind_detail":"Primary","lga":"Municipal Area Council","ward":"Garki 1"},"geometry":{"type":"Point","coordinates":[7.46794,9.013]}},{"type":"Feature","properties":{"name":"Ladela Nursery and Primary School","kind":"school","ownership":"Private","level":"Formal","kind_detail":"Primary","lga":"Municipal Area Council","ward":"Wuse"},"geometry":{"type":"Point","coordinates":[7.47145,9.08342]}},{"type":"Feature","properties":{"name":"Stepping Rock Academy Nursery and Primary School","kind":"school","ownership":"Private","level":"Formal","kind_detail":"Primary","lga":"Municipal Area Council","ward":"Nyanya 1"},"geometry":{"type":"Point","coordinates":[7.56594,9.02334]}},{"type":"Feature","properties":{"name":"The Leaders International Nursery and Primary School","kind":"school","ownership":"Private","level":"Formal","kind_detail":"Primary","lga":"Municipal Area Council","ward":"Nyanya 1"},"geometry":{"type":"Point","coordinates":[7.57909,9.02409]}},{"type":"Feature","properties":{"name":"Wisdom Covenant Innovative Primary School","kind":"school","ownership":"Private","level":"Formal","kind_detail":"Primary","lga":"Municipal Area Council","ward":"Nyanya 1"},"geometry":{"type":"Point","coordinates":[7.54768,9.02425]}},{"type":"Feature","properties":{"name":"Redemer Nursery and Primary School Karu","kind":"school","ownership":"Private","level":"Formal","kind_detail":"Primary","lga":"Municipal Area Council","ward":"Karu"},"geometry":{"type":"Point","coordinates":[7.56948,9.00921]}},{"type":"Feature","properties":{"name":"Mercy International Nursery Primary School","kind":"school","ownership":"Private","level":"Formal","kind_detail":"Primary","lga":"Bwari","ward":"Kubwa"},"geometry":{"type":"Point","coordinates":[7.23021,9.11044]}},{"type":"Feature","properties":{"name":"Praiseco International Nursery and Primary School","kind":"school","ownership":"Private","level":"Formal","kind_detail":"Primary","lga":"Bwari","ward":"Kubwa"},"geometry":{"type":"Point","coordinates":[7.22698,9.1104]}},{"type":"Feature","properties":{"name":"Kuchibeona Primary School","kind":"school","ownership":"Public","level":"Formal","kind_detail":"Primary","lga":"Municipal Area Council","ward":"Gwarinpa"},"geometry":{"type":"Point","coordinates":[7.3664,9.09731]}},{"type":"Feature","properties":{"name":"Zhidu Primary School","kind":"school","ownership":"Public","level":"Integrated","kind_detail":"Primary","lga":"Municipal Area Council","ward":"Kabusa"},"geometry":{"type":"Point","coordinates":[7.37738,9.01793]}},{"type":"Feature","properties":{"name":"New Capital Nursery and Primary School","kind":"school","ownership":"Private","level":"Formal","kind_detail":"Primary","lga":"Municipal Area Council","ward":"City Center 1"},"geometry":{"type":"Point","coordinates":[7.52235,9.04003]}},{"type":"Feature","properties":{"name":"All Saints Nursery and Primary School","kind":"school","ownership":"Faith Based","level":"Formal","kind_detail":"Primary","lga":"Bwari","ward":"Dutse"},"geometry":{"type":"Point","coordinates":[7.37716,9.14196]}},{"type":"Feature","properties":{"name":"L E A Primary School Karsana 1","kind":"school","ownership":"Public","level":"Formal","kind_detail":"Primary","lga":"Municipal Area Council","ward":"Gwarinpa"},"geometry":{"type":"Point","coordinates":[7.3327,9.09984]}},{"type":"Feature","properties":{"name":"LEA Primary School Tasha","kind":"school","ownership":"Public","level":"Formal","kind_detail":"Primary","lga":"Municipal Area Council","ward":"Gwarinpa"},"geometry":{"type":"Point","coordinates":[7.32555,9.0861]}},{"type":"Feature","properties":{"name":"United Evangelical Church Nursery and Primary School","kind":"school","ownership":"Faith Based","level":"Formal","kind_detail":"Primary","lga":"Municipal Area Council","ward":"Gwarinpa"},"geometry":{"type":"Point","coordinates":[7.36101,9.07314]}},{"type":"Feature","properties":{"name":"LEA Primary School Karmo Sabo","kind":"school","ownership":"Public","level":"Formal","kind_detail":"Primary","lga":"Municipal Area Council","ward":"Gwarinpa"},"geometry":{"type":"Point","coordinates":[7.36258,9.0712]}},{"type":"Feature","properties":{"name":"Nomadic Primary School Karsana 2","kind":"school","ownership":"Public","level":"Formal","kind_detail":"Primary","lga":"Municipal Area Council","ward":"Gwarinpa"},"geometry":{"type":"Point","coordinates":[7.34188,9.10598]}},{"type":"Feature","properties":{"name":"Jet Age Nursery and Primary School","kind":"school","ownership":"Private","level":"Formal","kind_detail":"Primary","lga":"Municipal Area Council","ward":"Gwarinpa"},"geometry":{"type":"Point","coordinates":[7.32552,9.08504]}},{"type":"Feature","properties":{"name":"Government Secondary School Pyakasa","kind":"school","ownership":"Public","level":"Formal","kind_detail":"Secondary","lga":"Municipal Area Council","ward":"Kabusa"},"geometry":{"type":"Point","coordinates":[7.397,8.97029]}},{"type":"Feature","properties":{"name":"Model Secondary School Maitama","kind":"school","ownership":"Public","level":"Formal","kind_detail":"Secondary","lga":"Municipal Area Council","ward":"Wuse"},"geometry":{"type":"Point","coordinates":[7.49993,9.09051]}},{"type":"Feature","properties":{"name":"Community Secondary School Asokoro","kind":"school","ownership":"Public","level":"Formal","kind_detail":"Secondary","lga":"Municipal Area Council","ward":"City Center 1"},"geometry":{"type":"Point","coordinates":[7.51907,9.04773]}},{"type":"Feature","properties":{"name":"Samking Science College Jikwoyi","kind":"school","ownership":"Public","level":"Formal","kind_detail":"Secondary","lga":"Municipal Area Council","ward":"Karu"},"geometry":{"type":"Point","coordinates":[7.56961,8.99375]}},{"type":"Feature","properties":{"name":"Pace Setter College Wuye","kind":"school","ownership":"Public","level":"Formal","kind_detail":"Secondary","lga":"Municipal Area Council","ward":"Gwarinpa"},"geometry":{"type":"Point","coordinates":[7.44402,9.0556]}},{"type":"Feature","properties":{"name":"Yoshua College Angwan Pasali","kind":"school","ownership":"Public","level":"Formal","kind_detail":"Secondary","lga":"Municipal Area Council","ward":"Kabusa"},"geometry":{"type":"Point","coordinates":[7.44079,8.95737]}},{"type":"Feature","properties":{"name":"Favour Field Academy Phase 1","kind":"school","ownership":"Public","level":"Formal","kind_detail":"Secondary","lga":"Municipal Area Council","ward":"Karu"},"geometry":{"type":"Point","coordinates":[7.56197,8.9871]}},{"type":"Feature","properties":{"name":"Pace Setter Academy Wuse Zone 7","kind":"school","ownership":"Public","level":"Formal","kind_detail":"Secondary","lga":"Municipal Area Council","ward":"Wuse"},"geometry":{"type":"Point","coordinates":[7.45747,9.04893]}},{"type":"Feature","properties":{"name":"Turkish International School Wuse 2","kind":"school","ownership":"Public","level":"Formal","kind_detail":"Secondary","lga":"Municipal Area Council","ward":"Wuse"},"geometry":{"type":"Point","coordinates":[7.46808,9.08015]}},{"type":"Feature","properties":{"name":"Rahinna International School Jikwoyi","kind":"school","ownership":"Public","level":"Formal","kind_detail":"Secondary","lga":"Municipal Area Council","ward":"Karu"},"geometry":{"type":"Point","coordinates":[7.55808,8.97724]}},{"type":"Feature","properties":{"name":"His Majesty International School Jikwoyi","kind":"school","ownership":"Public","level":"Formal","kind_detail":"Secondary","lga":"Municipal Area Council","ward":"Karu"},"geometry":{"type":"Point","coordinates":[7.56656,8.97911]}},{"type":"Feature","properties":{"name":"Annivina International School Jikwoyi","kind":"school","ownership":"Public","level":"Formal","kind_detail":"Secondary","lga":"Municipal Area Council","ward":"Karu"},"geometry":{"type":"Point","coordinates":[7.56563,8.97933]}},{"type":"Feature","properties":{"name":"Shekiwah International School Tudun Wada","kind":"school","ownership":"Public","level":"Formal","kind_detail":"Secondary","lga":"Municipal Area Council","ward":"Kabusa"},"geometry":{"type":"Point","coordinates":[7.36803,8.99689]}},{"type":"Feature","properties":{"name":"Perfect Step School Karu","kind":"school","ownership":"Public","level":"Formal","kind_detail":"Secondary","lga":"Municipal Area Council","ward":"Karu"},"geometry":{"type":"Point","coordinates":[7.56416,9.00068]}},{"type":"Feature","properties":{"name":"Efcc Training School Karu","kind":"school","ownership":"Public","level":"Formal","kind_detail":"Secondary","lga":"Municipal Area Council","ward":"Karu"},"geometry":{"type":"Point","coordinates":[7.56161,9.0036]}},{"type":"Feature","properties":{"name":"Model Learning Centre Jikwoyi","kind":"school","ownership":"Public","level":"Formal","kind_detail":"Others","lga":"Municipal Area Council","ward":"Karu"},"geometry":{"type":"Point","coordinates":[7.56401,8.98103]}},{"type":"Feature","properties":{"name":"Women Education Centre Kuchogoro","kind":"school","ownership":"Public","level":"Formal","kind_detail":"Others","lga":"Municipal Area Council","ward":"Gwarinpa"},"geometry":{"type":"Point","coordinates":[7.42017,9.0181]}},{"type":"Feature","properties":{"name":"Al Salafi Islamic Centre Pyape Village","kind":"school","ownership":"Public","level":"Formal","kind_detail":"Others","lga":"Municipal Area Council","ward":"Nyanya 1"},"geometry":{"type":"Point","coordinates":[7.56924,9.02163]}},{"type":"Feature","properties":{"name":"Olive Brook Junior International School","kind":"school","ownership":"Private","level":"Formal","kind_detail":"Primary","lga":"Municipal Area Council","ward":"Wuse"},"geometry":{"type":"Point","coordinates":[7.50393,9.09139]}},{"type":"Feature","properties":{"name":"Noble Hall Academy Mississippi Maitama","kind":"school","ownership":"Private","level":"Formal","kind_detail":"Mixed","lga":"Municipal Area Council","ward":"Wuse"},"geometry":{"type":"Point","coordinates":[7.47864,9.10021]}},{"type":"Feature","properties":{"name":"Oakland International School Maitama","kind":"school","ownership":"Private","level":"Formal","kind_detail":"Primary","lga":"Municipal Area Council","ward":"Wuse"},"geometry":{"type":"Point","coordinates":[7.48187,9.10746]}},{"type":"Feature","properties":{"name":"The Centagon International School","kind":"school","ownership":"Private","level":"Formal","kind_detail":"Mixed","lga":"Municipal Area Council","ward":"Wuse"},"geometry":{"type":"Point","coordinates":[7.48553,9.09115]}},{"type":"Feature","properties":{"name":"Royal Kiddies Academy","kind":"school","ownership":"Private","level":"Formal","kind_detail":"Mixed","lga":"Municipal Area Council","ward":"Karu"},"geometry":{"type":"Point","coordinates":[7.58123,8.96856]}},{"type":"Feature","properties":{"name":"Redemtion High School","kind":"school","ownership":"Private","level":"Formal","kind_detail":"Secondary","lga":"Municipal Area Council","ward":"Nyanya 1"},"geometry":{"type":"Point","coordinates":[7.5895,9.03206]}},{"type":"Feature","properties":{"name":"Grek Duch International School","kind":"school","ownership":"Private","level":"Formal","kind_detail":"Secondary","lga":"Bwari","ward":"Kubwa"},"geometry":{"type":"Point","coordinates":[7.31532,9.14405]}},{"type":"Feature","properties":{"name":"Bezaleel International School Mpape","kind":"school","ownership":"Private","level":"Formal","kind_detail":"Secondary","lga":"Bwari","ward":"Dutse"},"geometry":{"type":"Point","coordinates":[7.49346,9.12994]}},{"type":"Feature","properties":{"name":"Bicados International School","kind":"school","ownership":"Private","level":"Formal","kind_detail":"Secondary","lga":"Bwari","ward":"Dutse"},"geometry":{"type":"Point","coordinates":[7.36633,9.1539]}},{"type":"Feature","properties":{"name":"Jennif Angel International School","kind":"school","ownership":"Private","level":"Formal","kind_detail":"Secondary","lga":"Municipal Area Council","ward":"Wuse"},"geometry":{"type":"Point","coordinates":[7.45794,9.07299]}},{"type":"Feature","properties":{"name":"Light of Glory Schools","kind":"school","ownership":"Public","level":"Formal","kind_detail":"Secondary","lga":"Municipal Area Council","ward":"Nyanya 1"},"geometry":{"type":"Point","coordinates":[7.58133,9.02579]}},{"type":"Feature","properties":{"name":"Evangel Academy","kind":"school","ownership":"Private","level":"Formal","kind_detail":"Secondary","lga":"Bwari","ward":"Kubwa"},"geometry":{"type":"Point","coordinates":[7.31117,9.15089]}},{"type":"Feature","properties":{"name":"First Class Academy","kind":"school","ownership":"Private","level":"Formal","kind_detail":"Secondary","lga":"Bwari","ward":"Kubwa"},"geometry":{"type":"Point","coordinates":[7.31398,9.1633]}},{"type":"Feature","properties":{"name":"Foma Academy","kind":"school","ownership":"Private","level":"Formal","kind_detail":"Secondary","lga":"Bwari","ward":"Kubwa"},"geometry":{"type":"Point","coordinates":[7.32067,9.14819]}},{"type":"Feature","properties":{"name":"Golden Gate Pentagon School","kind":"school","ownership":"Private","level":"Formal","kind_detail":"Secondary","lga":"Bwari","ward":"Kubwa"},"geometry":{"type":"Point","coordinates":[7.31481,9.15173]}},{"type":"Feature","properties":{"name":"Government Secondary Deidei","kind":"school","ownership":"Public","level":"Formal","kind_detail":"Secondary","lga":"Bwari","ward":"Kubwa"},"geometry":{"type":"Point","coordinates":[7.27531,9.13309]}},{"type":"Feature","properties":{"name":"Jethrone Eagles Academy","kind":"school","ownership":"Private","level":"Formal","kind_detail":"Secondary","lga":"Bwari","ward":"Kubwa"},"geometry":{"type":"Point","coordinates":[7.31027,9.14433]}},{"type":"Feature","properties":{"name":"Jewel Model School","kind":"school","ownership":"Private","level":"Formal","kind_detail":"Secondary","lga":"Bwari","ward":"Kubwa"},"geometry":{"type":"Point","coordinates":[7.32154,9.14374]}},{"type":"Feature","properties":{"name":"Light of Day College","kind":"school","ownership":"Private","level":"Formal","kind_detail":"Secondary","lga":"Bwari","ward":"Kubwa"},"geometry":{"type":"Point","coordinates":[7.31916,9.15648]}},{"type":"Feature","properties":{"name":"New Sky Academy","kind":"school","ownership":"Private","level":"Formal","kind_detail":"Secondary","lga":"Bwari","ward":"Kubwa"},"geometry":{"type":"Point","coordinates":[7.32624,9.15016]}},{"type":"Feature","properties":{"name":"Pakit Foundation School","kind":"school","ownership":"Private","level":"Formal","kind_detail":"Secondary","lga":"Bwari","ward":"Kubwa"},"geometry":{"type":"Point","coordinates":[7.24052,9.11263]}},{"type":"Feature","properties":{"name":"Universal Setting Standard School","kind":"school","ownership":"Private","level":"Formal","kind_detail":"Secondary","lga":"Bwari","ward":"Kubwa"},"geometry":{"type":"Point","coordinates":[7.32154,9.15817]}},{"type":"Feature","properties":{"name":"Whole Person Academy","kind":"school","ownership":"Private","level":"Formal","kind_detail":"Secondary","lga":"Bwari","ward":"Kubwa"},"geometry":{"type":"Point","coordinates":[7.31754,9.16088]}},{"type":"Feature","properties":{"name":"Achievers Noble Star Academy","kind":"school","ownership":"Private","level":"Formal","kind_detail":"Secondary","lga":"Municipal Area Council","ward":"Kabusa"},"geometry":{"type":"Point","coordinates":[7.36788,8.98813]}},{"type":"Feature","properties":{"name":"Diamond Standard Basic School","kind":"school","ownership":"Private","level":"Formal","kind_detail":"Secondary","lga":"Municipal Area Council","ward":"Kabusa"},"geometry":{"type":"Point","coordinates":[7.35944,8.98746]}},{"type":"Feature","properties":{"name":"Government Secondary School Lugbe","kind":"school","ownership":"Public","level":"Formal","kind_detail":"Secondary","lga":"Municipal Area Council","ward":"Kabusa"},"geometry":{"type":"Point","coordinates":[7.37178,8.97856]}},{"type":"Feature","properties":{"name":"Kings of Kings Academy Lugbe","kind":"school","ownership":"Private","level":"Formal","kind_detail":"Secondary","lga":"Municipal Area Council","ward":"Kabusa"},"geometry":{"type":"Point","coordinates":[7.36082,8.98862]}},{"type":"Feature","properties":{"name":"Knaps Academy Lugbe","kind":"school","ownership":"Private","level":"Formal","kind_detail":"Secondary","lga":"Municipal Area Council","ward":"Kabusa"},"geometry":{"type":"Point","coordinates":[7.36199,8.98377]}},{"type":"Feature","properties":{"name":"Lubge International Academy","kind":"school","ownership":"Private","level":"Formal","kind_detail":"Secondary","lga":"Municipal Area Council","ward":"Kabusa"},"geometry":{"type":"Point","coordinates":[7.36339,8.98834]}},{"type":"Feature","properties":{"name":"Over Comers Academy","kind":"school","ownership":"Private","level":"Formal","kind_detail":"Secondary","lga":"Municipal Area Council","ward":"Kabusa"},"geometry":{"type":"Point","coordinates":[7.35505,9.00041]}},{"type":"Feature","properties":{"name":"Peach Potters International School","kind":"school","ownership":"Private","level":"Formal","kind_detail":"Secondary","lga":"Municipal Area Council","ward":"Kabusa"},"geometry":{"type":"Point","coordinates":[7.36265,8.99013]}},{"type":"Feature","properties":{"name":"Royal Rainbow International School","kind":"school","ownership":"Private","level":"Formal","kind_detail":"Secondary","lga":"Municipal Area Council","ward":"Kabusa"},"geometry":{"type":"Point","coordinates":[7.37209,8.99349]}},{"type":"Feature","properties":{"name":"Solid Rock School","kind":"school","ownership":"Private","level":"Formal","kind_detail":"Secondary","lga":"Municipal Area Council","ward":"Kabusa"},"geometry":{"type":"Point","coordinates":[7.3631,8.97381]}},{"type":"Feature","properties":{"name":"Super Star International Academy Lugbe","kind":"school","ownership":"Private","level":"Formal","kind_detail":"Secondary","lga":"Municipal Area Council","ward":"Kabusa"},"geometry":{"type":"Point","coordinates":[7.36533,8.99626]}},{"type":"Feature","properties":{"name":"Adeola International School","kind":"school","ownership":"Private","level":"Formal","kind_detail":"Secondary","lga":"Bwari","ward":"Usuma"},"geometry":{"type":"Point","coordinates":[7.35344,9.15181]}},{"type":"Feature","properties":{"name":"Anglican Comprehensive Secondary School","kind":"school","ownership":"Faith Based","level":"Integrated","kind_detail":"Secondary","lga":"Bwari","ward":"Usuma"},"geometry":{"type":"Point","coordinates":[7.35405,9.14766]}},{"type":"Feature","properties":{"name":"Eucharistic Heart of Jesus Model School","kind":"school","ownership":"Faith Based","level":"Formal","kind_detail":"Secondary","lga":"Bwari","ward":"Usuma"},"geometry":{"type":"Point","coordinates":[7.35425,9.14664]}},{"type":"Feature","properties":{"name":"Government Secondary School Kubwa","kind":"school","ownership":"Public","level":"Formal","kind_detail":"Secondary","lga":"Bwari","ward":"Usuma"},"geometry":{"type":"Point","coordinates":[7.3427,9.15876]}},{"type":"Feature","properties":{"name":"Kings Kid International School","kind":"school","ownership":"Private","level":"Formal","kind_detail":"Secondary","lga":"Bwari","ward":"Usuma"},"geometry":{"type":"Point","coordinates":[7.35157,9.15935]}},{"type":"Feature","properties":{"name":"Life Solution Academy","kind":"school","ownership":"Private","level":"Formal","kind_detail":"Secondary","lga":"Bwari","ward":"Usuma"},"geometry":{"type":"Point","coordinates":[7.34308,9.14525]}},{"type":"Feature","properties":{"name":"Madrasatum Nuril Azeem","kind":"school","ownership":"Private","level":"Integrated","kind_detail":"Secondary","lga":"Bwari","ward":"Usuma"},"geometry":{"type":"Point","coordinates":[7.35359,9.15032]}},{"type":"Feature","properties":{"name":"Model Islamic Schools","kind":"school","ownership":"Private","level":"Integrated","kind_detail":"Secondary","lga":"Bwari","ward":"Usuma"},"geometry":{"type":"Point","coordinates":[7.331,9.14848]}},{"type":"Feature","properties":{"name":"Royal Destiny International School","kind":"school","ownership":"Private","level":"Formal","kind_detail":"Secondary","lga":"Bwari","ward":"Usuma"},"geometry":{"type":"Point","coordinates":[7.33821,9.14485]}},{"type":"Feature","properties":{"name":"System Education School","kind":"school","ownership":"Private","level":"Formal","kind_detail":"Secondary","lga":"Bwari","ward":"Usuma"},"geometry":{"type":"Point","coordinates":[7.34428,9.15352]}},{"type":"Feature","properties":{"name":"Unity High Secondary School Kubwa","kind":"school","ownership":"Private","level":"Formal","kind_detail":"Secondary","lga":"Bwari","ward":"Usuma"},"geometry":{"type":"Point","coordinates":[7.3435,9.1563]}},{"type":"Feature","properties":{"name":"Almanar Basic School","kind":"school","ownership":"Private","level":"Integrated","kind_detail":"Secondary","lga":"Municipal Area Council","ward":"Gwarinpa"},"geometry":{"type":"Point","coordinates":[7.39886,9.07863]}},{"type":"Feature","properties":{"name":"Dominion International School Jabi","kind":"school","ownership":"Private","level":"Formal","kind_detail":"Secondary","lga":"Municipal Area Council","ward":"Gwarinpa"},"geometry":{"type":"Point","coordinates":[7.42675,9.07066]}},{"type":"Feature","properties":{"name":"Future Hope Academy","kind":"school","ownership":"Private","level":"Formal","kind_detail":"Secondary","lga":"Municipal Area Council","ward":"Gwarinpa"},"geometry":{"type":"Point","coordinates":[7.4094,9.09186]}},{"type":"Feature","properties":{"name":"Government Secondary School","kind":"school","ownership":"Public","level":"Formal","kind_detail":"Secondary","lga":"Municipal Area Council","ward":"Gwarinpa"},"geometry":{"type":"Point","coordinates":[7.44175,9.08354]}},{"type":"Feature","properties":{"name":"Government Secondary School Jabi","kind":"school","ownership":"Public","level":"Formal","kind_detail":"Secondary","lga":"Municipal Area Council","ward":"Gwarinpa"},"geometry":{"type":"Point","coordinates":[7.41302,9.06519]}},{"type":"Feature","properties":{"name":"Grande Ville Academy","kind":"school","ownership":"Private","level":"Formal","kind_detail":"Secondary","lga":"Municipal Area Council","ward":"Gwarinpa"},"geometry":{"type":"Point","coordinates":[7.40103,9.06994]}},{"type":"Feature","properties":{"name":"Great Height Academy","kind":"school","ownership":"Private","level":"Integrated","kind_detail":"Secondary","lga":"Municipal Area Council","ward":"Gwarinpa"},"geometry":{"type":"Point","coordinates":[7.42461,9.09084]}},{"type":"Feature","properties":{"name":"King Ville College Jahi","kind":"school","ownership":"Private","level":"Formal","kind_detail":"Secondary","lga":"Municipal Area Council","ward":"Gwarinpa"},"geometry":{"type":"Point","coordinates":[7.43758,9.09956]}},{"type":"Feature","properties":{"name":"Lead British International School Gwarinpa","kind":"school","ownership":"Private","level":"Formal","kind_detail":"Secondary","lga":"Municipal Area Council","ward":"Gwarinpa"},"geometry":{"type":"Point","coordinates":[7.42037,9.11396]}},{"type":"Feature","properties":{"name":"Royal Family Academy","kind":"school","ownership":"Private","level":"Formal","kind_detail":"Secondary","lga":"Municipal Area Council","ward":"Gwarinpa"},"geometry":{"type":"Point","coordinates":[7.44415,9.05145]}},{"type":"Feature","properties":{"name":"The Sloan School","kind":"school","ownership":"Private","level":"Formal","kind_detail":"Secondary","lga":"Municipal Area Council","ward":"Gwarinpa"},"geometry":{"type":"Point","coordinates":[7.4076,9.11766]}},{"type":"Feature","properties":{"name":"Trail Blazers Academy","kind":"school","ownership":"Private","level":"Formal","kind_detail":"Secondary","lga":"Municipal Area Council","ward":"Gwarinpa"},"geometry":{"type":"Point","coordinates":[7.41067,9.09213]}},{"type":"Feature","properties":{"name":"White Plains British School","kind":"school","ownership":"Private","level":"Formal","kind_detail":"Secondary","lga":"Municipal Area Council","ward":"Gwarinpa"},"geometry":{"type":"Point","coordinates":[7.42034,9.06136]}},{"type":"Feature","properties":{"name":"Abro Hallmark International School","kind":"school","ownership":"Private","level":"Formal","kind_detail":"Secondary","lga":"Bwari","ward":"Dutse"},"geometry":{"type":"Point","coordinates":[7.4999,9.14367]}},{"type":"Feature","properties":{"name":"St Vic International Academy","kind":"school","ownership":"Private","level":"Formal","kind_detail":"Secondary","lga":"Bwari","ward":"Dutse"},"geometry":{"type":"Point","coordinates":[7.38134,9.16741]}},{"type":"Feature","properties":{"name":"Catherina International Academy","kind":"school","ownership":"Private","level":"Formal","kind_detail":"Secondary","lga":"Bwari","ward":"Dutse"},"geometry":{"type":"Point","coordinates":[7.38318,9.1363]}},{"type":"Feature","properties":{"name":"Dabmak Great Foundation International School","kind":"school","ownership":"Private","level":"Integrated","kind_detail":"Secondary","lga":"Bwari","ward":"Dutse"},"geometry":{"type":"Point","coordinates":[7.50524,9.14457]}},{"type":"Feature","properties":{"name":"Degracia Model Schools","kind":"school","ownership":"Private","level":"Formal","kind_detail":"Secondary","lga":"Bwari","ward":"Dutse"},"geometry":{"type":"Point","coordinates":[7.37044,9.13785]}},{"type":"Feature","properties":{"name":"Divine Wisdom Academy","kind":"school","ownership":"Private","level":"Formal","kind_detail":"Secondary","lga":"Bwari","ward":"Dutse"},"geometry":{"type":"Point","coordinates":[7.36898,9.14028]}},{"type":"Feature","properties":{"name":"Government Day Secondary School Dutse Alhaji","kind":"school","ownership":"Public","level":"Integrated","kind_detail":"Secondary","lga":"Bwari","ward":"Dutse"},"geometry":{"type":"Point","coordinates":[7.37408,9.15514]}},{"type":"Feature","properties":{"name":"Government Girls Secondary School Dutse","kind":"school","ownership":"Public","level":"Formal","kind_detail":"Secondary","lga":"Bwari","ward":"Dutse"},"geometry":{"type":"Point","coordinates":[7.3761,9.16258]}},{"type":"Feature","properties":{"name":"Government Secondary School Mpape","kind":"school","ownership":"Public","level":"Formal","kind_detail":"Secondary","lga":"Bwari","ward":"Dutse"},"geometry":{"type":"Point","coordinates":[7.50014,9.13008]}},{"type":"Feature","properties":{"name":"Holy Child Private School","kind":"school","ownership":"Private","level":"Formal","kind_detail":"Secondary","lga":"Bwari","ward":"Dutse"},"geometry":{"type":"Point","coordinates":[7.38409,9.1713]}},{"type":"Feature","properties":{"name":"Juliest Ultimate Heights Academy","kind":"school","ownership":"Private","level":"Formal","kind_detail":"Secondary","lga":"Bwari","ward":"Dutse"},"geometry":{"type":"Point","coordinates":[7.37612,9.12792]}},{"type":"Feature","properties":{"name":"Ki queens International School","kind":"school","ownership":"Private","level":"Formal","kind_detail":"Secondary","lga":"Bwari","ward":"Dutse"},"geometry":{"type":"Point","coordinates":[7.36862,9.1376]}},{"type":"Feature","properties":{"name":"Light of God Academy","kind":"school","ownership":"Private","level":"Formal","kind_detail":"Secondary","lga":"Bwari","ward":"Dutse"},"geometry":{"type":"Point","coordinates":[7.48585,9.15211]}},{"type":"Feature","properties":{"name":"Mission and Cosmopolitan School","kind":"school","ownership":"Private","level":"Formal","kind_detail":"Secondary","lga":"Bwari","ward":"Dutse"},"geometry":{"type":"Point","coordinates":[7.37303,9.13828]}},{"type":"Feature","properties":{"name":"Nana Basic Academy","kind":"school","ownership":"Private","level":"Formal","kind_detail":"Secondary","lga":"Bwari","ward":"Dutse"},"geometry":{"type":"Point","coordinates":[7.49676,9.14092]}},{"type":"Feature","properties":{"name":"Newton National College","kind":"school","ownership":"Private","level":"Formal","kind_detail":"Secondary","lga":"Bwari","ward":"Dutse"},"geometry":{"type":"Point","coordinates":[7.4938,9.1322]}},{"type":"Feature","properties":{"name":"Omil International School","kind":"school","ownership":"Private","level":"Formal","kind_detail":"Secondary","lga":"Bwari","ward":"Dutse"},"geometry":{"type":"Point","coordinates":[7.37775,9.13997]}},{"type":"Feature","properties":{"name":"Qalbun Saleem Basic Education School","kind":"school","ownership":"Private","level":"Integrated","kind_detail":"Secondary","lga":"Bwari","ward":"Dutse"},"geometry":{"type":"Point","coordinates":[7.3718,9.14477]}},{"type":"Feature","properties":{"name":"Royal Rank College","kind":"school","ownership":"Private","level":"Integrated","kind_detail":"Secondary","lga":"Bwari","ward":"Dutse"},"geometry":{"type":"Point","coordinates":[7.49327,9.13501]}},{"type":"Feature","properties":{"name":"Standard Academy School Mpape","kind":"school","ownership":"Private","level":"Formal","kind_detail":"Secondary","lga":"Bwari","ward":"Dutse"},"geometry":{"type":"Point","coordinates":[7.50353,9.1412]}},{"type":"Feature","properties":{"name":"The Day Spring College","kind":"school","ownership":"Private","level":"Formal","kind_detail":"Secondary","lga":"Bwari","ward":"Dutse"},"geometry":{"type":"Point","coordinates":[7.36559,9.14974]}},{"type":"Feature","properties":{"name":"Total Child Model Schools","kind":"school","ownership":"Private","level":"Formal","kind_detail":"Secondary","lga":"Bwari","ward":"Dutse"},"geometry":{"type":"Point","coordinates":[7.37842,9.16399]}},{"type":"Feature","properties":{"name":"Visionary Golden Academy","kind":"school","ownership":"Private","level":"Formal","kind_detail":"Secondary","lga":"Bwari","ward":"Dutse"},"geometry":{"type":"Point","coordinates":[7.38246,9.17568]}},{"type":"Feature","properties":{"name":"Arrahman International School","kind":"school","ownership":"Private","level":"Integrated","kind_detail":"Secondary","lga":"Municipal Area Council","ward":"City Center 1"},"geometry":{"type":"Point","coordinates":[7.50509,9.04867]}},{"type":"Feature","properties":{"name":"Army Day Secondary School Maitama","kind":"school","ownership":"Public","level":"Formal","kind_detail":"Secondary","lga":"Municipal Area Council","ward":"City Center 1"},"geometry":{"type":"Point","coordinates":[7.52345,9.092]}},{"type":"Feature","properties":{"name":"Divine Mercy School","kind":"school","ownership":"Private","level":"Formal","kind_detail":"Secondary","lga":"Municipal Area Council","ward":"City Center 1"},"geometry":{"type":"Point","coordinates":[7.51023,9.0492]}},{"type":"Feature","properties":{"name":"Government Science Technical College Garki","kind":"school","ownership":"Public","level":"Formal","kind_detail":"Secondary","lga":"Municipal Area Council","ward":"City Center 1"},"geometry":{"type":"Point","coordinates":[7.47861,9.02695]}},{"type":"Feature","properties":{"name":"Government Secondary School Garki","kind":"school","ownership":"Public","level":"Formal","kind_detail":"Secondary","lga":"Municipal Area Council","ward":"City Center 1"},"geometry":{"type":"Point","coordinates":[7.48241,9.03564]}},{"type":"Feature","properties":{"name":"Powa International School","kind":"school","ownership":"Private","level":"Formal","kind_detail":"Secondary","lga":"Municipal Area Council","ward":"City Center 1"},"geometry":{"type":"Point","coordinates":[7.50594,9.0509]}},{"type":"Feature","properties":{"name":"Word of Faith Group Senior Secondary School","kind":"school","ownership":"Faith Based","level":"Formal","kind_detail":"Secondary","lga":"Municipal Area Council","ward":"City Center 1"},"geometry":{"type":"Point","coordinates":[7.46715,9.02482]}},{"type":"Feature","properties":{"name":"Anglican Girls Grammar School","kind":"school","ownership":"Faith Based","level":"Formal","kind_detail":"Secondary","lga":"Municipal Area Council","ward":"Garki 1"},"geometry":{"type":"Point","coordinates":[7.47419,9.00999]}},{"type":"Feature","properties":{"name":"Government Secondary School Apo Garki Area1","kind":"school","ownership":"Public","level":"Formal","kind_detail":"Secondary","lga":"Municipal Area Council","ward":"Garki 1"},"geometry":{"type":"Point","coordinates":[7.50469,8.97376]}},{"type":"Feature","properties":{"name":"Hamstead Academy","kind":"school","ownership":"Private","level":"Formal","kind_detail":"Secondary","lga":"Municipal Area Council","ward":"Garki 1"},"geometry":{"type":"Point","coordinates":[7.47268,9.01095]}},{"type":"Feature","properties":{"name":"Parliament International School","kind":"school","ownership":"Private","level":"Formal","kind_detail":"Secondary","lga":"Municipal Area Council","ward":"Garki 1"},"geometry":{"type":"Point","coordinates":[7.48539,8.99892]}},{"type":"Feature","properties":{"name":"Regina Pacis College","kind":"school","ownership":"Private","level":"Formal","kind_detail":"Secondary","lga":"Municipal Area Council","ward":"Garki 1"},"geometry":{"type":"Point","coordinates":[7.48893,9.02469]}},{"type":"Feature","properties":{"name":"All Saints School","kind":"school","ownership":"Faith Based","level":"Formal","kind_detail":"Secondary","lga":"Municipal Area Council","ward":"Wuse"},"geometry":{"type":"Point","coordinates":[7.46969,9.05939]}},{"type":"Feature","properties":{"name":"Government Secondary School Tudan Wada","kind":"school","ownership":"Public","level":"Formal","kind_detail":"Secondary","lga":"Municipal Area Council","ward":"Wuse"},"geometry":{"type":"Point","coordinates":[7.47641,9.0665]}},{"type":"Feature","properties":{"name":"Government Secondary School Wuse","kind":"school","ownership":"Public","level":"Formal","kind_detail":"Secondary","lga":"Municipal Area Council","ward":"Wuse"},"geometry":{"type":"Point","coordinates":[7.46758,9.05651]}},{"type":"Feature","properties":{"name":"Ladela Secondary School","kind":"school","ownership":"Private","level":"Formal","kind_detail":"Secondary","lga":"Municipal Area Council","ward":"Wuse"},"geometry":{"type":"Point","coordinates":[7.47105,9.08365]}},{"type":"Feature","properties":{"name":"Raberto School","kind":"school","ownership":"Private","level":"Formal","kind_detail":"Secondary","lga":"Municipal Area Council","ward":"Wuse"},"geometry":{"type":"Point","coordinates":[7.4757,9.08]}},{"type":"Feature","properties":{"name":"Titsall Global High School Wuse","kind":"school","ownership":"Private","level":"Formal","kind_detail":"Secondary","lga":"Municipal Area Council","ward":"Wuse"},"geometry":{"type":"Point","coordinates":[7.48867,9.07708]}},{"type":"Feature","properties":{"name":"Darlinton Crest College","kind":"school","ownership":"Private","level":"Formal","kind_detail":"Secondary","lga":"Municipal Area Council","ward":"Nyanya 1"},"geometry":{"type":"Point","coordinates":[7.57597,9.05741]}},{"type":"Feature","properties":{"name":"Al Vasma Basic Science Group of School Dakwa","kind":"school","ownership":"Private","level":"Formal","kind_detail":"Secondary","lga":"Bwari","ward":"Kubwa"},"geometry":{"type":"Point","coordinates":[7.23238,9.10994]}},{"type":"Feature","properties":{"name":"De Grace International Academy","kind":"school","ownership":"Private","level":"Formal","kind_detail":"Secondary","lga":"Bwari","ward":"Kubwa"},"geometry":{"type":"Point","coordinates":[7.23222,9.10951]}},{"type":"Feature","properties":{"name":"Star Divine Heritage International School","kind":"school","ownership":"Private","level":"Formal","kind_detail":"Primary","lga":"Bwari","ward":"Usuma"},"geometry":{"type":"Point","coordinates":[7.34371,9.15078]}},{"type":"Feature","properties":{"name":"Glory Land Model School","kind":"school","ownership":"Private","level":"Formal","kind_detail":"Primary","lga":"Municipal Area Council","ward":"Gwarinpa"},"geometry":{"type":"Point","coordinates":[7.3961,9.07117]}},{"type":"Feature","properties":{"name":"FCT Basic Literacy Centre Dakwa 1","kind":"school","ownership":"Public","level":"Formal","kind_detail":"Primary","lga":"Bwari","ward":"Kubwa"},"geometry":{"type":"Point","coordinates":[7.2316,9.114]}},{"type":"Feature","properties":{"name":"Mount Faith Community School Shereti","kind":"school","ownership":"Private","level":"Formal","kind_detail":"Primary","lga":"Municipal Area Council","ward":"Kabusa"},"geometry":{"type":"Point","coordinates":[7.43893,8.94107]}},{"type":"Feature","properties":{"name":"Great Start Academy","kind":"school","ownership":"Private","level":"Formal","kind_detail":"Primary","lga":"Municipal Area Council","ward":"Gwarinpa"},"geometry":{"type":"Point","coordinates":[7.41506,9.09318]}},{"type":"Feature","properties":{"name":"Pace Seaters Academy","kind":"school","ownership":"Private","level":"Formal","kind_detail":"Primary","lga":"Municipal Area Council","ward":"Gwarinpa"},"geometry":{"type":"Point","coordinates":[7.42041,9.11251]}},{"type":"Feature","properties":{"name":"Fame and Fortune Academy","kind":"school","ownership":"Private","level":"Formal","kind_detail":"Primary","lga":"Bwari","ward":"Dutse"},"geometry":{"type":"Point","coordinates":[7.50661,9.146]}},{"type":"Feature","properties":{"name":"FCT Basic Literacy Centre","kind":"school","ownership":"Public","level":"Formal","kind_detail":"Primary","lga":"Bwari","ward":"Dutse"},"geometry":{"type":"Point","coordinates":[7.37088,9.13917]}},{"type":"Feature","properties":{"name":"FCT Ruga Fulani Literacy Centre Baupma","kind":"school","ownership":"Public","level":"Formal","kind_detail":"Primary","lga":"Bwari","ward":"Dutse"},"geometry":{"type":"Point","coordinates":[7.38164,9.17652]}},{"type":"Feature","properties":{"name":"Golden Hope Academy","kind":"school","ownership":"Private","level":"Formal","kind_detail":"Primary","lga":"Bwari","ward":"Dutse"},"geometry":{"type":"Point","coordinates":[7.39096,9.13]}},{"type":"Feature","properties":{"name":"Kel Rose Academy","kind":"school","ownership":"Private","level":"Formal","kind_detail":"Primary","lga":"Bwari","ward":"Dutse"},"geometry":{"type":"Point","coordinates":[7.39818,9.12478]}},{"type":"Feature","properties":{"name":"Success International School","kind":"school","ownership":"Private","level":"Formal","kind_detail":"Primary","lga":"Bwari","ward":"Dutse"},"geometry":{"type":"Point","coordinates":[7.49208,9.13984]}},{"type":"Feature","properties":{"name":"Syflora Academy","kind":"school","ownership":"Private","level":"Formal","kind_detail":"Primary","lga":"Bwari","ward":"Dutse"},"geometry":{"type":"Point","coordinates":[7.49967,9.14116]}},{"type":"Feature","properties":{"name":"Word of Faith Group of School Primary","kind":"school","ownership":"Faith Based","level":"Integrated","kind_detail":"Primary","lga":"Municipal Area Council","ward":"City Center 1"},"geometry":{"type":"Point","coordinates":[7.46628,9.02597]}},{"type":"Feature","properties":{"name":"Fouad Labidi International School","kind":"school","ownership":"Private","level":"Integrated","kind_detail":"Primary","lga":"Municipal Area Council","ward":"Wuse"},"geometry":{"type":"Point","coordinates":[7.46715,9.05926]}},{"type":"Feature","properties":{"name":"Evergreen Excellent Academy","kind":"school","ownership":"Faith Based","level":"Formal","kind_detail":"Primary","lga":"Bwari","ward":"Usuma"},"geometry":{"type":"Point","coordinates":[7.32457,9.14348]}},{"type":"Feature","properties":{"name":"The Apostolic International Academy","kind":"school","ownership":"Faith Based","level":"Formal","kind_detail":"Primary","lga":"Bwari","ward":"Usuma"},"geometry":{"type":"Point","coordinates":[7.33912,9.14516]}},{"type":"Feature","properties":{"name":"Holy Family Nursery and Primary Lifecamp","kind":"school","ownership":"Faith Based","level":"Formal","kind_detail":"Primary","lga":"Municipal Area Council","ward":"Gwarinpa"},"geometry":{"type":"Point","coordinates":[7.40145,9.07893]}},{"type":"Feature","properties":{"name":"Faith Academy","kind":"school","ownership":"Faith Based","level":"Formal","kind_detail":"Primary","lga":"Bwari","ward":"Dutse"},"geometry":{"type":"Point","coordinates":[7.37061,9.15209]}},{"type":"Feature","properties":{"name":"Kingdom Heritage Model School","kind":"school","ownership":"Faith Based","level":"Formal","kind_detail":"Primary","lga":"Bwari","ward":"Dutse"},"geometry":{"type":"Point","coordinates":[7.36976,9.15454]}},{"type":"Feature","properties":{"name":"Mercy Academy","kind":"school","ownership":"Faith Based","level":"Formal","kind_detail":"Primary","lga":"Bwari","ward":"Dutse"},"geometry":{"type":"Point","coordinates":[7.48969,9.14701]}},{"type":"Feature","properties":{"name":"Dunamis International School","kind":"school","ownership":"Faith Based","level":"Integrated","kind_detail":"Primary","lga":"Municipal Area Council","ward":"City Center 1"},"geometry":{"type":"Point","coordinates":[7.46944,9.02376]}},{"type":"Feature","properties":{"name":"Islamic Trust Fund Basic School","kind":"school","ownership":"Faith Based","level":"Integrated","kind_detail":"Primary","lga":"Municipal Area Council","ward":"City Center 1"},"geometry":{"type":"Point","coordinates":[7.49014,9.03665]}},{"type":"Feature","properties":{"name":"ECWA Acadamy","kind":"school","ownership":"Faith Based","level":"Integrated","kind_detail":"Primary","lga":"Municipal Area Council","ward":"Wuse"},"geometry":{"type":"Point","coordinates":[7.48371,9.10807]}},{"type":"Feature","properties":{"name":"Esteen International School","kind":"school","ownership":"Faith Based","level":"Integrated","kind_detail":"Primary","lga":"Municipal Area Council","ward":"Wuse"},"geometry":{"type":"Point","coordinates":[7.47179,9.06705]}},{"type":"Feature","properties":{"name":"Gracefield Montessori Academy","kind":"school","ownership":"Public","level":"Formal","kind_detail":"Primary","lga":"Municipal Area Council","ward":"Karu"},"geometry":{"type":"Point","coordinates":[7.58138,9.00703]}},{"type":"Feature","properties":{"name":"Kings and Queens International School Mararaba","kind":"school","ownership":"Public","level":"Formal","kind_detail":"Primary","lga":"Municipal Area Council","ward":"Nyanya 1"},"geometry":{"type":"Point","coordinates":[7.587,9.01493]}},{"type":"Feature","properties":{"name":"Brainy Kids International School","kind":"school","ownership":"Public","level":"Formal","kind_detail":"Primary","lga":"Municipal Area Council","ward":"Nyanya 1"},"geometry":{"type":"Point","coordinates":[7.58117,9.0238]}},{"type":"Feature","properties":{"name":"FCT School For The Blind Children","kind":"school","ownership":"Public","level":"Formal","kind_detail":"Primary","lga":"Municipal Area Council","ward":"Gwarinpa"},"geometry":{"type":"Point","coordinates":[7.42655,9.06648]}},{"type":"Feature","properties":{"name":"Living Winners Model School","kind":"school","ownership":"Public","level":"Formal","kind_detail":"Primary","lga":"Bwari","ward":"Dutse"},"geometry":{"type":"Point","coordinates":[7.37624,9.15089]}},{"type":"Feature","properties":{"name":"Abuja Children Home Karu","kind":"school","ownership":"Public","level":"Formal","kind_detail":"Primary","lga":"Municipal Area Council","ward":"Karu"},"geometry":{"type":"Point","coordinates":[7.56527,9.01098]}},{"type":"Feature","properties":{"name":"Women Training Centre Karu","kind":"school","ownership":"Public","level":"Formal","kind_detail":"Primary","lga":"Municipal Area Council","ward":"Karu"},"geometry":{"type":"Point","coordinates":[7.56135,9.01405]}},{"type":"Feature","properties":{"name":"Bright Begining","kind":"school","ownership":"Public","level":"Formal","kind_detail":"Primary","lga":"Municipal Area Council","ward":"Nyanya 1"},"geometry":{"type":"Point","coordinates":[7.58657,9.0184]}},{"type":"Feature","properties":{"name":"Infant Jesus International School","kind":"school","ownership":"Private","level":"Formal","kind_detail":"Primary","lga":"Bwari","ward":"Kubwa"},"geometry":{"type":"Point","coordinates":[7.3129,9.1424]}},{"type":"Feature","properties":{"name":"Amber Kids Montessori School","kind":"school","ownership":"Private","level":"Formal","kind_detail":"Primary","lga":"Bwari","ward":"Usuma"},"geometry":{"type":"Point","coordinates":[7.32723,9.14267]}},{"type":"Feature","properties":{"name":"Angelwings Comprehensive College","kind":"school","ownership":"Private","level":"Formal","kind_detail":"Primary","lga":"Bwari","ward":"Usuma"},"geometry":{"type":"Point","coordinates":[7.33631,9.15262]}},{"type":"Feature","properties":{"name":"Stage One International School","kind":"school","ownership":"Private","level":"Formal","kind_detail":"Primary","lga":"Bwari","ward":"Usuma"},"geometry":{"type":"Point","coordinates":[7.33938,9.14654]}},{"type":"Feature","properties":{"name":"Glisten International Academy","kind":"school","ownership":"Private","level":"Formal","kind_detail":"Primary","lga":"Municipal Area Council","ward":"Gwarinpa"},"geometry":{"type":"Point","coordinates":[7.43706,9.10028]}},{"type":"Feature","properties":{"name":"Blessed Foundation International Basic School","kind":"school","ownership":"Private","level":"Formal","kind_detail":"Primary","lga":"Bwari","ward":"Dutse"},"geometry":{"type":"Point","coordinates":[7.50056,9.14435]}},{"type":"Feature","properties":{"name":"The Grace and Gold Nursery School","kind":"school","ownership":"Private","level":"Formal","kind_detail":"Primary","lga":"Municipal Area Council","ward":"City Center 1"},"geometry":{"type":"Point","coordinates":[7.47162,9.02096]}},{"type":"Feature","properties":{"name":"Convenant Foundation Schools","kind":"school","ownership":"Private","level":"Formal","kind_detail":"Primary","lga":"Municipal Area Council","ward":"Garki 1"},"geometry":{"type":"Point","coordinates":[7.46673,9.00552]}},{"type":"Feature","properties":{"name":"Banner of Love Academy","kind":"school","ownership":"Private","level":"Integrated","kind_detail":"Primary","lga":"Bwari","ward":"Kubwa"},"geometry":{"type":"Point","coordinates":[7.31988,9.14672]}},{"type":"Feature","properties":{"name":"Brighter Kiddies Academy","kind":"school","ownership":"Private","level":"Formal","kind_detail":"Primary","lga":"Bwari","ward":"Kubwa"},"geometry":{"type":"Point","coordinates":[7.32065,9.15522]}},{"type":"Feature","properties":{"name":"Eco International School","kind":"school","ownership":"Private","level":"Formal","kind_detail":"Primary","lga":"Bwari","ward":"Kubwa"},"geometry":{"type":"Point","coordinates":[7.31307,9.14617]}},{"type":"Feature","properties":{"name":"Excel Preparatory School","kind":"school","ownership":"Private","level":"Formal","kind_detail":"Primary","lga":"Bwari","ward":"Kubwa"},"geometry":{"type":"Point","coordinates":[7.31311,9.14592]}},{"type":"Feature","properties":{"name":"Freedom International School","kind":"school","ownership":"Private","level":"Formal","kind_detail":"Primary","lga":"Bwari","ward":"Kubwa"},"geometry":{"type":"Point","coordinates":[7.32208,9.15804]}},{"type":"Feature","properties":{"name":"King David Stars School","kind":"school","ownership":"Private","level":"Formal","kind_detail":"Primary","lga":"Bwari","ward":"Kubwa"},"geometry":{"type":"Point","coordinates":[7.31028,9.1434]}},{"type":"Feature","properties":{"name":"Maryann International Academy","kind":"school","ownership":"Private","level":"Formal","kind_detail":"Primary","lga":"Bwari","ward":"Kubwa"},"geometry":{"type":"Point","coordinates":[7.30912,9.14301]}},{"type":"Feature","properties":{"name":"New Sky International School","kind":"school","ownership":"Private","level":"Formal","kind_detail":"Primary","lga":"Bwari","ward":"Kubwa"},"geometry":{"type":"Point","coordinates":[7.32652,9.15039]}},{"type":"Feature","properties":{"name":"Sarah Macdonald Academy","kind":"school","ownership":"Private","level":"Formal","kind_detail":"Primary","lga":"Bwari","ward":"Kubwa"},"geometry":{"type":"Point","coordinates":[7.32303,9.14934]}},{"type":"Feature","properties":{"name":"Spring of Knowledge School","kind":"school","ownership":"Private","level":"Formal","kind_detail":"Primary","lga":"Bwari","ward":"Kubwa"},"geometry":{"type":"Point","coordinates":[7.31399,9.14292]}},{"type":"Feature","properties":{"name":"The Breakthrough Academy","kind":"school","ownership":"Private","level":"Formal","kind_detail":"Primary","lga":"Bwari","ward":"Kubwa"},"geometry":{"type":"Point","coordinates":[7.31562,9.15269]}},{"type":"Feature","properties":{"name":"Baby Love School","kind":"school","ownership":"Private","level":"Formal","kind_detail":"Primary","lga":"Municipal Area Council","ward":"Kabusa"},"geometry":{"type":"Point","coordinates":[7.3581,8.98966]}},{"type":"Feature","properties":{"name":"Blessed and Precious Children Academy","kind":"school","ownership":"Private","level":"Formal","kind_detail":"Primary","lga":"Municipal Area Council","ward":"Kabusa"},"geometry":{"type":"Point","coordinates":[7.36247,8.99732]}},{"type":"Feature","properties":{"name":"Crayola International School","kind":"school","ownership":"Private","level":"Formal","kind_detail":"Primary","lga":"Municipal Area Council","ward":"Kabusa"},"geometry":{"type":"Point","coordinates":[7.37001,8.9941]}},{"type":"Feature","properties":{"name":"Emmanuel Children Academy","kind":"school","ownership":"Private","level":"Formal","kind_detail":"Primary","lga":"Municipal Area Council","ward":"Kabusa"},"geometry":{"type":"Point","coordinates":[7.37325,8.99401]}},{"type":"Feature","properties":{"name":"First Choice International School","kind":"school","ownership":"Private","level":"Formal","kind_detail":"Primary","lga":"Municipal Area Council","ward":"Kabusa"},"geometry":{"type":"Point","coordinates":[7.36273,8.98099]}},{"type":"Feature","properties":{"name":"Fountain of Peace Basic School Lugbe","kind":"school","ownership":"Private","level":"Formal","kind_detail":"Primary","lga":"Municipal Area Council","ward":"Kabusa"},"geometry":{"type":"Point","coordinates":[7.35812,8.98782]}},{"type":"Feature","properties":{"name":"Havics Liberty Academy Lugbe","kind":"school","ownership":"Private","level":"Formal","kind_detail":"Primary","lga":"Municipal Area Council","ward":"Kabusa"},"geometry":{"type":"Point","coordinates":[7.37077,8.98637]}},{"type":"Feature","properties":{"name":"Joyful Family Academy","kind":"school","ownership":"Private","level":"Formal","kind_detail":"Primary","lga":"Municipal Area Council","ward":"Kabusa"},"geometry":{"type":"Point","coordinates":[7.40657,8.99057]}},{"type":"Feature","properties":{"name":"Ma Yashau Islamic Academy","kind":"school","ownership":"Private","level":"Formal","kind_detail":"Primary","lga":"Municipal Area Council","ward":"Kabusa"},"geometry":{"type":"Point","coordinates":[7.36964,8.99338]}},{"type":"Feature","properties":{"name":"Pentalink Academy","kind":"school","ownership":"Private","level":"Integrated","kind_detail":"Primary","lga":"Municipal Area Council","ward":"Kabusa"},"geometry":{"type":"Point","coordinates":[7.36617,8.99405]}},{"type":"Feature","properties":{"name":"Phanez International Academy","kind":"school","ownership":"Private","level":"Formal","kind_detail":"Primary","lga":"Municipal Area Council","ward":"Kabusa"},"geometry":{"type":"Point","coordinates":[7.36831,8.99022]}},{"type":"Feature","properties":{"name":"Shalon Academy","kind":"school","ownership":"Private","level":"Formal","kind_detail":"Primary","lga":"Municipal Area Council","ward":"Kabusa"},"geometry":{"type":"Point","coordinates":[7.37027,8.98721]}},{"type":"Feature","properties":{"name":"Simbed Learners School","kind":"school","ownership":"Private","level":"Formal","kind_detail":"Primary","lga":"Municipal Area Council","ward":"Kabusa"},"geometry":{"type":"Point","coordinates":[7.35535,9.00165]}},{"type":"Feature","properties":{"name":"Sunshine Academy","kind":"school","ownership":"Private","level":"Formal","kind_detail":"Primary","lga":"Municipal Area Council","ward":"Kabusa"},"geometry":{"type":"Point","coordinates":[7.36831,8.98913]}},{"type":"Feature","properties":{"name":"Things To Come International Academy Heritage Centre","kind":"school","ownership":"Private","level":"Formal","kind_detail":"Primary","lga":"Municipal Area Council","ward":"Kabusa"},"geometry":{"type":"Point","coordinates":[7.36489,8.99467]}},{"type":"Feature","properties":{"name":"Victory Stone International School Lugbe","kind":"school","ownership":"Private","level":"Formal","kind_detail":"Primary","lga":"Municipal Area Council","ward":"Kabusa"},"geometry":{"type":"Point","coordinates":[7.33283,8.94573]}},{"type":"Feature","properties":{"name":"Ade Akodu Memorial School","kind":"school","ownership":"Private","level":"Formal","kind_detail":"Primary","lga":"Bwari","ward":"Usuma"},"geometry":{"type":"Point","coordinates":[7.34282,9.14671]}},{"type":"Feature","properties":{"name":"Biuler Academy","kind":"school","ownership":"Private","level":"Formal","kind_detail":"Primary","lga":"Bwari","ward":"Usuma"},"geometry":{"type":"Point","coordinates":[7.32398,9.14645]}},{"type":"Feature","properties":{"name":"Dynamic Academy","kind":"school","ownership":"Private","level":"Formal","kind_detail":"Primary","lga":"Bwari","ward":"Usuma"},"geometry":{"type":"Point","coordinates":[7.34263,9.14817]}},{"type":"Feature","properties":{"name":"First Age Private School","kind":"school","ownership":"Private","level":"Formal","kind_detail":"Primary","lga":"Bwari","ward":"Usuma"},"geometry":{"type":"Point","coordinates":[7.36644,9.14165]}},{"type":"Feature","properties":{"name":"Glory Field International Academy","kind":"school","ownership":"Private","level":"Formal","kind_detail":"Primary","lga":"Bwari","ward":"Usuma"},"geometry":{"type":"Point","coordinates":[7.34472,9.15495]}},{"type":"Feature","properties":{"name":"Hephzibah Early Child Development Centre","kind":"school","ownership":"Private","level":"Formal","kind_detail":"Primary","lga":"Bwari","ward":"Usuma"},"geometry":{"type":"Point","coordinates":[7.3511,9.15265]}},{"type":"Feature","properties":{"name":"Holy Land Academy","kind":"school","ownership":"Private","level":"Formal","kind_detail":"Primary","lga":"Bwari","ward":"Usuma"},"geometry":{"type":"Point","coordinates":[7.35358,9.1564]}},{"type":"Feature","properties":{"name":"Iq Brains","kind":"school","ownership":"Private","level":"Formal","kind_detail":"Primary","lga":"Bwari","ward":"Usuma"},"geometry":{"type":"Point","coordinates":[7.3575,9.15658]}},{"type":"Feature","properties":{"name":"Morgan Foundation Academy","kind":"school","ownership":"Private","level":"Formal","kind_detail":"Primary","lga":"Bwari","ward":"Usuma"},"geometry":{"type":"Point","coordinates":[7.34405,9.14937]}},{"type":"Feature","properties":{"name":"Solid Foundation International Academy","kind":"school","ownership":"Private","level":"Formal","kind_detail":"Primary","lga":"Bwari","ward":"Usuma"},"geometry":{"type":"Point","coordinates":[7.35431,9.1436]}},{"type":"Feature","properties":{"name":"Solid Foundation Kiddies School","kind":"school","ownership":"Private","level":"Formal","kind_detail":"Primary","lga":"Bwari","ward":"Usuma"},"geometry":{"type":"Point","coordinates":[7.34289,9.15077]}},{"type":"Feature","properties":{"name":"Total Liberation International School","kind":"school","ownership":"Private","level":"Integrated","kind_detail":"Primary","lga":"Bwari","ward":"Usuma"},"geometry":{"type":"Point","coordinates":[7.33085,9.14369]}},{"type":"Feature","properties":{"name":"ABC Academy","kind":"school","ownership":"Private","level":"Formal","kind_detail":"Primary","lga":"Municipal Area Council","ward":"Gwarinpa"},"geometry":{"type":"Point","coordinates":[7.44932,9.07772]}},{"type":"Feature","properties":{"name":"Bama Home School Piwoyi","kind":"school","ownership":"Private","level":"Formal","kind_detail":"Primary","lga":"Municipal Area Council","ward":"Gwarinpa"},"geometry":{"type":"Point","coordinates":[7.39577,9.00227]}},{"type":"Feature","properties":{"name":"Best Schools International","kind":"school","ownership":"Private","level":"Formal","kind_detail":"Primary","lga":"Municipal Area Council","ward":"Gwarinpa"},"geometry":{"type":"Point","coordinates":[7.37938,9.09538]}},{"type":"Feature","properties":{"name":"Cape Vile Schools","kind":"school","ownership":"Private","level":"Formal","kind_detail":"Primary","lga":"Municipal Area Council","ward":"Gwarinpa"},"geometry":{"type":"Point","coordinates":[7.41119,9.1174]}},{"type":"Feature","properties":{"name":"Delight International School","kind":"school","ownership":"Private","level":"Formal","kind_detail":"Primary","lga":"Municipal Area Council","ward":"Gwarinpa"},"geometry":{"type":"Point","coordinates":[7.42066,9.10542]}},{"type":"Feature","properties":{"name":"Execellent Gate International Academy","kind":"school","ownership":"Private","level":"Formal","kind_detail":"Primary","lga":"Municipal Area Council","ward":"Gwarinpa"},"geometry":{"type":"Point","coordinates":[7.42484,9.02188]}},{"type":"Feature","properties":{"name":"Horizon International School Gwarimpa","kind":"school","ownership":"Private","level":"Formal","kind_detail":"Primary","lga":"Municipal Area Council","ward":"Gwarinpa"},"geometry":{"type":"Point","coordinates":[7.40842,9.09363]}},{"type":"Feature","properties":{"name":"Lakeside Academy Jabi","kind":"school","ownership":"Private","level":"Formal","kind_detail":"Primary","lga":"Municipal Area Council","ward":"Gwarinpa"},"geometry":{"type":"Point","coordinates":[7.42535,9.06578]}},{"type":"Feature","properties":{"name":"Oasis International School","kind":"school","ownership":"Private","level":"Formal","kind_detail":"Primary","lga":"Municipal Area Council","ward":"Gwarinpa"},"geometry":{"type":"Point","coordinates":[7.41519,9.07832]}},{"type":"Feature","properties":{"name":"Starville Children School Gwarinpa","kind":"school","ownership":"Private","level":"Formal","kind_detail":"Primary","lga":"Municipal Area Council","ward":"Gwarinpa"},"geometry":{"type":"Point","coordinates":[7.40961,9.08951]}},{"type":"Feature","properties":{"name":"Sure Start Academy","kind":"school","ownership":"Private","level":"Formal","kind_detail":"Primary","lga":"Municipal Area Council","ward":"Gwarinpa"},"geometry":{"type":"Point","coordinates":[7.41072,9.11656]}},{"type":"Feature","properties":{"name":"Canaan Land Model School","kind":"school","ownership":"Private","level":"Formal","kind_detail":"Primary","lga":"Bwari","ward":"Dutse"},"geometry":{"type":"Point","coordinates":[7.38052,9.14943]}},{"type":"Feature","properties":{"name":"Chris Wills Excellent Academy","kind":"school","ownership":"Private","level":"Formal","kind_detail":"Primary","lga":"Bwari","ward":"Dutse"},"geometry":{"type":"Point","coordinates":[7.38204,9.168]}},{"type":"Feature","properties":{"name":"Convenant Kiddies International School","kind":"school","ownership":"Private","level":"Formal","kind_detail":"Primary","lga":"Bwari","ward":"Dutse"},"geometry":{"type":"Point","coordinates":[7.37544,9.14312]}},{"type":"Feature","properties":{"name":"Denalice International School","kind":"school","ownership":"Private","level":"Formal","kind_detail":"Primary","lga":"Bwari","ward":"Dutse"},"geometry":{"type":"Point","coordinates":[7.37625,9.14175]}},{"type":"Feature","properties":{"name":"Divine Canopy School","kind":"school","ownership":"Private","level":"Formal","kind_detail":"Primary","lga":"Bwari","ward":"Dutse"},"geometry":{"type":"Point","coordinates":[7.49838,9.14522]}},{"type":"Feature","properties":{"name":"Emmanuel Private School","kind":"school","ownership":"Private","level":"Formal","kind_detail":"Primary","lga":"Bwari","ward":"Dutse"},"geometry":{"type":"Point","coordinates":[7.48569,9.13482]}},{"type":"Feature","properties":{"name":"Ephraim International School","kind":"school","ownership":"Private","level":"Formal","kind_detail":"Primary","lga":"Bwari","ward":"Dutse"},"geometry":{"type":"Point","coordinates":[7.5058,9.1437]}},{"type":"Feature","properties":{"name":"Favour Best International Academy","kind":"school","ownership":"Private","level":"Formal","kind_detail":"Primary","lga":"Bwari","ward":"Dutse"},"geometry":{"type":"Point","coordinates":[7.50836,9.14699]}},{"type":"Feature","properties":{"name":"Gloriousfed Kiddies International School","kind":"school","ownership":"Private","level":"Formal","kind_detail":"Primary","lga":"Bwari","ward":"Dutse"},"geometry":{"type":"Point","coordinates":[7.48519,9.14563]}},{"type":"Feature","properties":{"name":"Grand Star Academy","kind":"school","ownership":"Private","level":"Formal","kind_detail":"Primary","lga":"Bwari","ward":"Dutse"},"geometry":{"type":"Point","coordinates":[7.38518,9.1362]}},{"type":"Feature","properties":{"name":"Kemla Model School","kind":"school","ownership":"Private","level":"Formal","kind_detail":"Primary","lga":"Bwari","ward":"Dutse"},"geometry":{"type":"Point","coordinates":[7.38329,9.16856]}},{"type":"Feature","properties":{"name":"Merit International Academy","kind":"school","ownership":"Private","level":"Formal","kind_detail":"Primary","lga":"Bwari","ward":"Dutse"},"geometry":{"type":"Point","coordinates":[7.37588,9.14498]}},{"type":"Feature","properties":{"name":"Mimi International Academy","kind":"school","ownership":"Private","level":"Formal","kind_detail":"Primary","lga":"Bwari","ward":"Dutse"},"geometry":{"type":"Point","coordinates":[7.50655,9.14667]}},{"type":"Feature","properties":{"name":"Noble Kids Academy","kind":"school","ownership":"Private","level":"Formal","kind_detail":"Primary","lga":"Bwari","ward":"Dutse"},"geometry":{"type":"Point","coordinates":[7.50606,9.14384]}},{"type":"Feature","properties":{"name":"Rock of Ages Nursery School","kind":"school","ownership":"Private","level":"Formal","kind_detail":"Primary","lga":"Bwari","ward":"Dutse"},"geometry":{"type":"Point","coordinates":[7.50478,9.14023]}},{"type":"Feature","properties":{"name":"Sabmart Royal School","kind":"school","ownership":"Private","level":"Integrated","kind_detail":"Primary","lga":"Bwari","ward":"Dutse"},"geometry":{"type":"Point","coordinates":[7.49964,9.14291]}},{"type":"Feature","properties":{"name":"Silver Rose Montessori School","kind":"school","ownership":"Private","level":"Formal","kind_detail":"Primary","lga":"Bwari","ward":"Dutse"},"geometry":{"type":"Point","coordinates":[7.37637,9.14043]}},{"type":"Feature","properties":{"name":"St Marys International School","kind":"school","ownership":"Private","level":"Formal","kind_detail":"Primary","lga":"Bwari","ward":"Dutse"},"geometry":{"type":"Point","coordinates":[7.48591,9.1463]}},{"type":"Feature","properties":{"name":"Uncle Pee Academy","kind":"school","ownership":"Private","level":"Formal","kind_detail":"Primary","lga":"Bwari","ward":"Dutse"},"geometry":{"type":"Point","coordinates":[7.51358,9.11989]}},{"type":"Feature","properties":{"name":"Aunty Maryam Kiddies Academy","kind":"school","ownership":"Private","level":"Formal","kind_detail":"Primary","lga":"Municipal Area Council","ward":"City Center 1"},"geometry":{"type":"Point","coordinates":[7.48957,9.03649]}},{"type":"Feature","properties":{"name":"British Nigeria Academy","kind":"school","ownership":"Private","level":"Formal","kind_detail":"Primary","lga":"Municipal Area Council","ward":"City Center 1"},"geometry":{"type":"Point","coordinates":[7.44707,9.00062]}},{"type":"Feature","properties":{"name":"Redemer Teap International School","kind":"school","ownership":"Private","level":"Integrated","kind_detail":"Primary","lga":"Municipal Area Council","ward":"City Center 1"},"geometry":{"type":"Point","coordinates":[7.49268,9.02822]}},{"type":"Feature","properties":{"name":"Shehu Shagari Model Islamic Centre Primary","kind":"school","ownership":"Private","level":"Integrated","kind_detail":"Primary","lga":"Municipal Area Council","ward":"City Center 1"},"geometry":{"type":"Point","coordinates":[7.47127,9.03012]}},{"type":"Feature","properties":{"name":"Deo gratias International School Garki 2","kind":"school","ownership":"Private","level":"Formal","kind_detail":"Primary","lga":"Municipal Area Council","ward":"Garki 1"},"geometry":{"type":"Point","coordinates":[7.49483,9.02229]}},{"type":"Feature","properties":{"name":"Queen Easter International School","kind":"school","ownership":"Private","level":"Formal","kind_detail":"Primary","lga":"Municipal Area Council","ward":"Garki 1"},"geometry":{"type":"Point","coordinates":[7.46449,8.99727]}},{"type":"Feature","properties":{"name":"Arwa Basic School","kind":"school","ownership":"Private","level":"Formal","kind_detail":"Primary","lga":"Municipal Area Council","ward":"Wuse"},"geometry":{"type":"Point","coordinates":[7.47829,9.06532]}},{"type":"Feature","properties":{"name":"Baybos Home School","kind":"school","ownership":"Private","level":"Formal","kind_detail":"Primary","lga":"Municipal Area Council","ward":"Wuse"},"geometry":{"type":"Point","coordinates":[7.4744,9.06052]}},{"type":"Feature","properties":{"name":"Lightway Academy","kind":"school","ownership":"Private","level":"Formal","kind_detail":"Primary","lga":"Municipal Area Council","ward":"Wuse"},"geometry":{"type":"Point","coordinates":[7.46476,9.07628]}},{"type":"Feature","properties":{"name":"Olumawu Basic School","kind":"school","ownership":"Private","level":"Formal","kind_detail":"Primary","lga":"Municipal Area Council","ward":"Wuse"},"geometry":{"type":"Point","coordinates":[7.4778,9.07179]}},{"type":"Feature","properties":{"name":"Wesley Basic School","kind":"school","ownership":"Private","level":"Formal","kind_detail":"Primary","lga":"Municipal Area Council","ward":"Wuse"},"geometry":{"type":"Point","coordinates":[7.47073,9.0635]}},{"type":"Feature","properties":{"name":"Darlinton Pampers Special Academy","kind":"school","ownership":"Private","level":"Formal","kind_detail":"Primary","lga":"Municipal Area Council","ward":"Nyanya 1"},"geometry":{"type":"Point","coordinates":[7.57598,9.0572]}},{"type":"Feature","properties":{"name":"Great Abundant Life Academy","kind":"school","ownership":"Private","level":"Formal","kind_detail":"Primary","lga":"Municipal Area Council","ward":"Nyanya 1"},"geometry":{"type":"Point","coordinates":[7.56696,9.03051]}},{"type":"Feature","properties":{"name":"Starlight Private School","kind":"school","ownership":"Private","level":"Formal","kind_detail":"Primary","lga":"Municipal Area Council","ward":"Nyanya 1"},"geometry":{"type":"Point","coordinates":[7.56364,9.02663]}},{"type":"Feature","properties":{"name":"ECWA Evangel Academy","kind":"school","ownership":"Private","level":"Formal","kind_detail":"Primary","lga":"Municipal Area Council","ward":"Karu"},"geometry":{"type":"Point","coordinates":[7.56878,9.00881]}},{"type":"Feature","properties":{"name":"Mamie Grace Educational Fundation","kind":"school","ownership":"Private","level":"Formal","kind_detail":"Primary","lga":"Bwari","ward":"Kubwa"},"geometry":{"type":"Point","coordinates":[7.23066,9.11144]}},{"type":"Feature","properties":{"name":"Prosperity International Academy","kind":"school","ownership":"Private","level":"Formal","kind_detail":"Primary","lga":"Bwari","ward":"Kubwa"},"geometry":{"type":"Point","coordinates":[7.22966,9.10958]}},{"type":"Feature","properties":{"name":"Deborah Hands International School Karu Site Abuja","kind":"school","ownership":"Private","level":"Formal","kind_detail":"Primary","lga":"Municipal Area Council","ward":"Karu"},"geometry":{"type":"Point","coordinates":[7.56061,9.00861]}},{"type":"Feature","properties":{"name":"Abuja International Academy","kind":"school","ownership":"Public","level":"Formal","kind_detail":"Secondary","lga":"Municipal Area Council","ward":"Karu"},"geometry":{"type":"Point","coordinates":[7.58397,9.01257]}},{"type":"Feature","properties":{"name":"Flora Home","kind":"school","ownership":"Private","level":"Formal","kind_detail":"Secondary","lga":"Municipal Area Council","ward":"Karu"},"geometry":{"type":"Point","coordinates":[7.56413,8.97592]}},{"type":"Feature","properties":{"name":"Tutelage Academy","kind":"school","ownership":"Private","level":"Formal","kind_detail":"Primary","lga":"Bwari","ward":"Usuma"},"geometry":{"type":"Point","coordinates":[7.34786,9.15501]}},{"type":"Feature","properties":{"name":"Rightsteps Montessori Academy","kind":"school","ownership":"Private","level":"Formal","kind_detail":"Primary","lga":"Municipal Area Council","ward":"City Center 1"},"geometry":{"type":"Point","coordinates":[7.43743,8.99634]}},{"type":"Feature","properties":{"name":"Deep Knowledge International Academy Katampe","kind":"school","ownership":"Private","level":"Formal","kind_detail":"Primary","lga":"Municipal Area Council","ward":"Gwarinpa"},"geometry":{"type":"Point","coordinates":[7.47952,9.10879]}},{"type":"Feature","properties":{"name":"Treasure House Montessori","kind":"school","ownership":"Private","level":"Formal","kind_detail":"Primary","lga":"Municipal Area Council","ward":"City Center 1"},"geometry":{"type":"Point","coordinates":[7.5272,9.04074]}},{"type":"Feature","properties":{"name":"Sanctus Lumen Christi Schools","kind":"school","ownership":"Private","level":"Formal","kind_detail":"Primary","lga":"Municipal Area Council","ward":"Garki 1"},"geometry":{"type":"Point","coordinates":[7.47456,9.02193]}},{"type":"Feature","properties":{"name":"Light of Day School","kind":"school","ownership":"Private","level":"Formal","kind_detail":"Primary","lga":"Bwari","ward":"Kubwa"},"geometry":{"type":"Point","coordinates":[7.31892,9.15644]}},{"type":"Feature","properties":{"name":"Steady Flow International High School","kind":"school","ownership":"Private","level":"Formal","kind_detail":"Secondary","lga":"Bwari","ward":"Dutse"},"geometry":{"type":"Point","coordinates":[7.37887,9.14172]}},{"type":"Feature","properties":{"name":"Fyne International School","kind":"school","ownership":"Private","level":"Formal","kind_detail":"Primary","lga":"Municipal Area Council","ward":"Nyanya 1"},"geometry":{"type":"Point","coordinates":[7.57875,9.02843]}},{"type":"Feature","properties":{"name":"Government Secondary School Gwagwa","kind":"school","ownership":"Public","level":"Formal","kind_detail":"Secondary","lga":"Municipal Area Council","ward":"Gwarinpa"},"geometry":{"type":"Point","coordinates":[7.32735,9.08208]}},{"type":"Feature","properties":{"name":"Government Junior Secondary School Jabi","kind":"school","ownership":"Public","level":"Formal","kind_detail":"Secondary","lga":"Municipal Area Council","ward":"Gwarinpa"},"geometry":{"type":"Point","coordinates":[7.42814,9.06735]}},{"type":"Feature","properties":{"name":"Junior Secondary School Tudun Wada","kind":"school","ownership":"Public","level":"Formal","kind_detail":"Secondary","lga":"Municipal Area Council","ward":"Wuse"},"geometry":{"type":"Point","coordinates":[7.47773,9.06707]}},{"type":"Feature","properties":{"name":"Divine Hope International School","kind":"school","ownership":"Private","level":"Formal","kind_detail":"Secondary","lga":"Bwari","ward":"Kubwa"},"geometry":{"type":"Point","coordinates":[7.32252,9.14609]}},{"type":"Feature","properties":{"name":"Junior Secondary School Dei dei","kind":"school","ownership":"Public","level":"Formal","kind_detail":"Secondary","lga":"Bwari","ward":"Kubwa"},"geometry":{"type":"Point","coordinates":[7.26025,9.11609]}},{"type":"Feature","properties":{"name":"Junior Secondary School Jibi","kind":"school","ownership":"Public","level":"Formal","kind_detail":"Secondary","lga":"Bwari","ward":"Kubwa"},"geometry":{"type":"Point","coordinates":[7.27978,9.13963]}},{"type":"Feature","properties":{"name":"Junior Secondary School Kubwa 2","kind":"school","ownership":"Public","level":"Formal","kind_detail":"Secondary","lga":"Bwari","ward":"Kubwa"},"geometry":{"type":"Point","coordinates":[7.32484,9.15112]}},{"type":"Feature","properties":{"name":"Junior Secondary School Galadimawa","kind":"school","ownership":"Public","level":"Formal","kind_detail":"Secondary","lga":"Municipal Area Council","ward":"Kabusa"},"geometry":{"type":"Point","coordinates":[7.42551,8.99449]}},{"type":"Feature","properties":{"name":"Junior Secondary School Alaita","kind":"school","ownership":"Public","level":"Formal","kind_detail":"Secondary","lga":"Municipal Area Council","ward":"Kabusa"},"geometry":{"type":"Point","coordinates":[7.4028,8.99137]}},{"type":"Feature","properties":{"name":"Junior Secondary School FHA Lugbe","kind":"school","ownership":"Public","level":"Formal","kind_detail":"Secondary","lga":"Municipal Area Council","ward":"Kabusa"},"geometry":{"type":"Point","coordinates":[7.35706,8.99585]}},{"type":"Feature","properties":{"name":"Junior Secondary School Kabusa","kind":"school","ownership":"Public","level":"Formal","kind_detail":"Secondary","lga":"Municipal Area Council","ward":"Kabusa"},"geometry":{"type":"Point","coordinates":[7.44448,8.95028]}},{"type":"Feature","properties":{"name":"Junior Secondary School Ketti","kind":"school","ownership":"Public","level":"Formal","kind_detail":"Secondary","lga":"Municipal Area Council","ward":"Kabusa"},"geometry":{"type":"Point","coordinates":[7.3938,8.92744]}},{"type":"Feature","properties":{"name":"Junior Secondary School Kubwa","kind":"school","ownership":"Public","level":"Formal","kind_detail":"Secondary","lga":"Bwari","ward":"Usuma"},"geometry":{"type":"Point","coordinates":[7.34801,9.14861]}},{"type":"Feature","properties":{"name":"Kubwa School of Islamic Studies","kind":"school","ownership":"Private","level":"Formal","kind_detail":"Secondary","lga":"Bwari","ward":"Usuma"},"geometry":{"type":"Point","coordinates":[7.35334,9.1515]}},{"type":"Feature","properties":{"name":"Junior Secondary School Galadima","kind":"school","ownership":"Public","level":"Formal","kind_detail":"Secondary","lga":"Municipal Area Council","ward":"Gwarinpa"},"geometry":{"type":"Point","coordinates":[7.38563,9.11717]}},{"type":"Feature","properties":{"name":"Junior Secondary School Gwarimpa Estate","kind":"school","ownership":"Public","level":"Formal","kind_detail":"Secondary","lga":"Municipal Area Council","ward":"Gwarinpa"},"geometry":{"type":"Point","coordinates":[7.40759,9.10233]}},{"type":"Feature","properties":{"name":"Junior Secondary School Gwarinpa 1","kind":"school","ownership":"Public","level":"Formal","kind_detail":"Secondary","lga":"Municipal Area Council","ward":"Gwarinpa"},"geometry":{"type":"Point","coordinates":[7.406,9.0976]}},{"type":"Feature","properties":{"name":"Junior Secondary School Kuchigoro","kind":"school","ownership":"Public","level":"Formal","kind_detail":"Secondary","lga":"Municipal Area Council","ward":"Gwarinpa"},"geometry":{"type":"Point","coordinates":[7.41955,9.01425]}},{"type":"Feature","properties":{"name":"All Saints College","kind":"school","ownership":"Private","level":"Formal","kind_detail":"Secondary","lga":"Bwari","ward":"Dutse"},"geometry":{"type":"Point","coordinates":[7.3771,9.14234]}},{"type":"Feature","properties":{"name":"Junior Secondary School Dutse Alhaji","kind":"school","ownership":"Public","level":"Formal","kind_detail":"Secondary","lga":"Bwari","ward":"Dutse"},"geometry":{"type":"Point","coordinates":[7.37434,9.15716]}},{"type":"Feature","properties":{"name":"Sunset Junior Secondary School","kind":"school","ownership":"Private","level":"Formal","kind_detail":"Secondary","lga":"Bwari","ward":"Dutse"},"geometry":{"type":"Point","coordinates":[7.38514,9.13495]}},{"type":"Feature","properties":{"name":"Junior Secondary School Area 1","kind":"school","ownership":"Public","level":"Formal","kind_detail":"Secondary","lga":"Municipal Area Council","ward":"City Center 1"},"geometry":{"type":"Point","coordinates":[7.47055,9.03345]}},{"type":"Feature","properties":{"name":"Junior Secondary School Area 11","kind":"school","ownership":"Public","level":"Formal","kind_detail":"Secondary","lga":"Municipal Area Council","ward":"City Center 1"},"geometry":{"type":"Point","coordinates":[7.50101,9.04237]}},{"type":"Feature","properties":{"name":"Junior Secondary School Asokoro","kind":"school","ownership":"Public","level":"Formal","kind_detail":"Secondary","lga":"Municipal Area Council","ward":"City Center 1"},"geometry":{"type":"Point","coordinates":[7.5297,9.04329]}},{"type":"Feature","properties":{"name":"Junior Secondary School Citygate","kind":"school","ownership":"Public","level":"Formal","kind_detail":"Secondary","lga":"Municipal Area Council","ward":"City Center 1"},"geometry":{"type":"Point","coordinates":[7.45528,9.01988]}},{"type":"Feature","properties":{"name":"Shehu Shagari Model Centre","kind":"school","ownership":"Private","level":"Integrated","kind_detail":"Secondary","lga":"Municipal Area Council","ward":"City Center 1"},"geometry":{"type":"Point","coordinates":[7.47169,9.02908]}},{"type":"Feature","properties":{"name":"Word of Faith Group Junior Secondary School","kind":"school","ownership":"Faith Based","level":"Integrated","kind_detail":"Secondary","lga":"Municipal Area Council","ward":"City Center 1"},"geometry":{"type":"Point","coordinates":[7.46746,9.02478]}},{"type":"Feature","properties":{"name":"Junior Secondary School Apo Garki Area1","kind":"school","ownership":"Public","level":"Formal","kind_detail":"Secondary","lga":"Municipal Area Council","ward":"Garki 1"},"geometry":{"type":"Point","coordinates":[7.50627,8.98107]}},{"type":"Feature","properties":{"name":"Government Secondary School Apo","kind":"school","ownership":"Public","level":"Formal","kind_detail":"Secondary","lga":"Municipal Area Council","ward":"Garki 1"},"geometry":{"type":"Point","coordinates":[7.47823,9.01448]}},{"type":"Feature","properties":{"name":"Junior Secondary School Durumi","kind":"school","ownership":"Public","level":"Formal","kind_detail":"Secondary","lga":"Municipal Area Council","ward":"Garki 1"},"geometry":{"type":"Point","coordinates":[7.46719,9.01041]}},{"type":"Feature","properties":{"name":"Junior Secondary School Wuse Zone 1","kind":"school","ownership":"Public","level":"Formal","kind_detail":"Secondary","lga":"Municipal Area Council","ward":"Wuse"},"geometry":{"type":"Point","coordinates":[7.46366,9.05258]}},{"type":"Feature","properties":{"name":"Junior Secondary School Zone 3","kind":"school","ownership":"Public","level":"Formal","kind_detail":"Secondary","lga":"Municipal Area Council","ward":"Wuse"},"geometry":{"type":"Point","coordinates":[7.47015,9.05592]}},{"type":"Feature","properties":{"name":"Junior Secondary School Zone 6 Wuse","kind":"school","ownership":"Public","level":"Formal","kind_detail":"Secondary","lga":"Municipal Area Council","ward":"Wuse"},"geometry":{"type":"Point","coordinates":[7.456,9.07127]}},{"type":"Feature","properties":{"name":"Unique Blossom School","kind":"school","ownership":"Private","level":"Formal","kind_detail":"Secondary","lga":"Municipal Area Council","ward":"Wuse"},"geometry":{"type":"Point","coordinates":[7.49895,9.09539]}},{"type":"Feature","properties":{"name":"Fyne International Junior Secondary School","kind":"school","ownership":"Private","level":"Formal","kind_detail":"Secondary","lga":"Municipal Area Council","ward":"Nyanya 1"},"geometry":{"type":"Point","coordinates":[7.57874,9.02817]}},{"type":"Feature","properties":{"name":"Junior Secondary School Gbagalape","kind":"school","ownership":"Public","level":"Formal","kind_detail":"Secondary","lga":"Municipal Area Council","ward":"Nyanya 1"},"geometry":{"type":"Point","coordinates":[7.57837,9.05319]}},{"type":"Feature","properties":{"name":"Junior Secondary School Guduwa Nyanya Phase 4","kind":"school","ownership":"Public","level":"Formal","kind_detail":"Secondary","lga":"Municipal Area Council","ward":"Nyanya 1"},"geometry":{"type":"Point","coordinates":[7.57585,9.04142]}},{"type":"Feature","properties":{"name":"Junior Secondary School Nyanya","kind":"school","ownership":"Public","level":"Formal","kind_detail":"Secondary","lga":"Municipal Area Council","ward":"Nyanya 1"},"geometry":{"type":"Point","coordinates":[7.56907,9.02]}},{"type":"Feature","properties":{"name":"Junior Secondary School Nyanya 1","kind":"school","ownership":"Public","level":"Formal","kind_detail":"Secondary","lga":"Municipal Area Council","ward":"Nyanya 1"},"geometry":{"type":"Point","coordinates":[7.57153,9.02946]}},{"type":"Feature","properties":{"name":"Junior Secondary School Karu","kind":"school","ownership":"Public","level":"Formal","kind_detail":"Secondary","lga":"Municipal Area Council","ward":"Karu"},"geometry":{"type":"Point","coordinates":[7.56612,8.98949]}},{"type":"Feature","properties":{"name":"New Capital Secondary School Asokoro","kind":"school","ownership":"Private","level":"Formal","kind_detail":"Secondary","lga":"Municipal Area Council","ward":"City Center 1"},"geometry":{"type":"Point","coordinates":[7.52139,9.04013]}},{"type":"Feature","properties":{"name":"Seed Clev Academy Secondary School","kind":"school","ownership":"Private","level":"Formal","kind_detail":"Secondary","lga":"Municipal Area Council","ward":"Nyanya 1"},"geometry":{"type":"Point","coordinates":[7.58124,9.05217]}},{"type":"Feature","properties":{"name":"Wisdom Convenant Inventory","kind":"school","ownership":"Private","level":"Formal","kind_detail":"Secondary","lga":"Municipal Area Council","ward":"Nyanya 1"},"geometry":{"type":"Point","coordinates":[7.54791,9.02404]}},{"type":"Feature","properties":{"name":"Junior Secondary School Karmo","kind":"school","ownership":"Public","level":"Formal","kind_detail":"Secondary","lga":"Municipal Area Council","ward":"Gwarinpa"},"geometry":{"type":"Point","coordinates":[7.36178,9.07156]}},{"type":"Feature","properties":{"name":"Government Secondary School Gwarinpa","kind":"school","ownership":"Public","level":"Formal","kind_detail":"Secondary","lga":"Municipal Area Council","ward":"Gwarinpa"},"geometry":{"type":"Point","coordinates":[7.4007,9.07171]}},{"type":"Feature","properties":{"name":"City Royal Secondary School","kind":"school","ownership":"Private","level":"Formal","kind_detail":"Secondary","lga":"Municipal Area Council","ward":"Nyanya 1"},"geometry":{"type":"Point","coordinates":[7.57278,9.02374]}},{"type":"Feature","properties":{"name":"Government Senior Secondary School Nyanya","kind":"school","ownership":"Public","level":"Formal","kind_detail":"Secondary","lga":"Municipal Area Council","ward":"Nyanya 1"},"geometry":{"type":"Point","coordinates":[7.57327,9.02946]}},{"type":"Feature","properties":{"name":"Government Day Secondary School Karu","kind":"school","ownership":"Public","level":"Formal","kind_detail":"Secondary","lga":"Municipal Area Council","ward":"Karu"},"geometry":{"type":"Point","coordinates":[7.57142,9.00828]}},{"type":"Feature","properties":{"name":"Government Secondary School Jikwoyi","kind":"school","ownership":"Public","level":"Formal","kind_detail":"Secondary","lga":"Municipal Area Council","ward":"Karu"},"geometry":{"type":"Point","coordinates":[7.57269,8.99295]}},{"type":"Feature","properties":{"name":"Government Secondary School Karu","kind":"school","ownership":"Public","level":"Formal","kind_detail":"Secondary","lga":"Municipal Area Council","ward":"Karu"},"geometry":{"type":"Point","coordinates":[7.57143,8.99395]}},{"type":"Feature","properties":{"name":"Government Science Secondary School Pyakasa","kind":"school","ownership":"Public","level":"Formal","kind_detail":"Secondary","lga":"Municipal Area Council","ward":"Wuse"},"geometry":{"type":"Point","coordinates":[7.47974,9.08758]}},{"type":"Feature","properties":{"name":"Government Model Secondary School Jikwoyi","kind":"school","ownership":"Public","level":"Formal","kind_detail":"Secondary","lga":"Municipal Area Council","ward":"Karu"},"geometry":{"type":"Point","coordinates":[7.58004,8.96385]}},{"type":"Feature","properties":{"name":"Sascon International School Maitama","kind":"school","ownership":"Private","level":"Formal","kind_detail":"Secondary","lga":"Municipal Area Council","ward":"Wuse"},"geometry":{"type":"Point","coordinates":[7.49581,9.09323]}},{"type":"Feature","properties":{"name":"Model Secondary School","kind":"school","ownership":"Public","level":"Formal","kind_detail":"Secondary","lga":"Municipal Area Council","ward":"Wuse"},"geometry":{"type":"Point","coordinates":[7.49898,9.0881]}}]}